setting	method	focus_layer	component	layer	alpha	alpha_std	para_abs	para_abs_std	perp_abs	perp_abs_std	x_norm	x_norm_std	delta_norm	delta_norm_std	delta_over_x	delta_over_x_std	para_over_x	para_over_x_std	perp_over_x	perp_over_x_std	perp_ratio	perp_ratio_std	count	run_dir	base_update_norm	base_update_norm_std	error_norm	error_norm_std	error_over_base_update	error_over_base_update_std	para_over_base_update	para_over_base_update_std	perp_over_base_update	perp_over_base_update_std	perp_ratio_to_base_update	perp_ratio_to_base_update_std
awq_native	awq_native_l0	0.0	attn_out	0	-0.0120541369542479	0.004226004704833	0.0451952554285526	0.0141648659482598	0.1979135870933532	0.0285214483737945	3.8522732257843018	0.5188212990760803	0.2036958187818527	0.0271022897213697	0.0547451712191104	0.0154143227264285	0.0120541378855705	0.0042260009795427	0.0532238632440567	0.0154497334733605	0.9420607686042786	0.0407926775515079	12.0	/mnt/bn/seed-aws-va/shwai.he/demystifying-transformers-main/focused-compression-analysis/outputs/layerwise_para_perp/Qwen3-4B__awq_native_l0	3.8522732257843018	0.5188212990760803	0.2036958187818527	0.0271022897213697	0.0547451712191104	0.0154143227264285	0.0120541378855705	0.0042260009795427	0.0532238632440567	0.0154497334733605	0.9420607686042786	0.0407926775515079
awq_native	awq_native_l0	0.0	block_out	0	-0.0291952956467866	0.0066645285114645	0.224218800663948	0.0520146302878856	0.4502042233943939	0.2367095351219177	7.808135509490967	1.257848858833313	0.5135319828987122	0.2190427929162979	0.0636278167366981	0.0159758143126964	0.0291952956467866	0.0066645285114645	0.0551766566932201	0.0190389398485422	0.7316308617591858	0.1577768176794052	12.0	/mnt/bn/seed-aws-va/shwai.he/demystifying-transformers-main/focused-compression-analysis/outputs/layerwise_para_perp/Qwen3-4B__awq_native_l0	7.808135509490967	1.257848858833313	0.5135319828987122	0.2190427929162979	0.0636278167366981	0.0159758143126964	0.0291952956467866	0.0066645285114645	0.0551766566932201	0.0190389398485422	0.7316308617591858	0.1577768176794052
awq_native	awq_native_l0	0.0	mlp_out	0	-0.0434461943805217	0.0104995993897318	0.1981908828020095	0.0463741496205329	0.4035489559173584	0.23660309612751	4.924187183380127	1.8690681457519531	0.4586765766143799	0.2233355343341827	0.0902015939354896	0.010693178512156	0.0434461943805217	0.0104995993897318	0.077299878001213	0.0166610050946474	0.7265346050262451	0.1516359001398086	12.0	/mnt/bn/seed-aws-va/shwai.he/demystifying-transformers-main/focused-compression-analysis/outputs/layerwise_para_perp/Qwen3-4B__awq_native_l0	4.924187183380127	1.8690681457519531	0.4586765766143799	0.2233355343341827	0.0902015939354896	0.010693178512156	0.0434461943805217	0.0104995993897318	0.077299878001213	0.0166610050946474	0.7265346050262451	0.1516359001398086
awq_native	awq_native_l1	1.0	attn_out	1	-0.0117572620511055	0.0076558315195143	0.0321021042764186	0.0240073949098587	0.2249182909727096	0.034520223736763	2.587146520614624	0.3294939696788788	0.2280189245939254	0.0373383536934852	0.0879904851317405	0.0067406552843749	0.0117572620511055	0.0076558315195143	0.0868909284472465	0.0063939969986677	0.9759231209754944	0.0247787702828645	12.0	/mnt/bn/seed-aws-va/shwai.he/demystifying-transformers-main/focused-compression-analysis/outputs/layerwise_para_perp/Qwen3-4B__awq_native_l1	2.587146520614624	0.3294939696788788	0.2280189245939254	0.0373383536934852	0.0879904851317405	0.0067406552843749	0.0117572620511055	0.0076558315195143	0.0868909284472465	0.0063939969986677	0.9759231209754944	0.0247787702828645
awq_native	awq_native_l1	1.0	block_out	1	-0.0163598526269197	0.0116368187591433	0.0625338777899742	0.0451910272240638	0.333385705947876	0.1212540119886398	3.4068033695220947	0.914424479007721	0.3405640125274658	0.125767320394516	0.0981513038277626	0.0108074462041258	0.0172431860119104	0.0102826496586203	0.0961652770638465	0.009982886724174	0.961636245250702	0.0306938271969556	12.0	/mnt/bn/seed-aws-va/shwai.he/demystifying-transformers-main/focused-compression-analysis/outputs/layerwise_para_perp/Qwen3-4B__awq_native_l1	3.4068033695220947	0.914424479007721	0.3405640125274658	0.125767320394516	0.0981513038277626	0.0108074462041258	0.0172431860119104	0.0102826496586203	0.0961652770638465	0.009982886724174	0.961636245250702	0.0306938271969556
awq_native	awq_native_l1	1.0	mlp_out	1	-0.0282112788408994	0.0236609112471342	0.06278907507658	0.0425820276141166	0.2455454468727111	0.1311171352863311	2.155550956726074	0.9247154593467712	0.2561551630496979	0.1327572911977768	0.1158738806843757	0.0201883185654878	0.0300393719226121	0.0212920438498258	0.1104057133197784	0.0170055218040943	0.918161392211914	0.0861294046044349	12.0	/mnt/bn/seed-aws-va/shwai.he/demystifying-transformers-main/focused-compression-analysis/outputs/layerwise_para_perp/Qwen3-4B__awq_native_l1	2.155550956726074	0.9247154593467712	0.2561551630496979	0.1327572911977768	0.1158738806843757	0.0201883185654878	0.0300393719226121	0.0212920438498258	0.1104057133197784	0.0170055218040943	0.918161392211914	0.0861294046044349
awq_native	awq_native_l10	10.0	attn_out	10	-0.015597584657371	0.0221028998494148	0.2154441326856613	0.1599591225385666	1.5597352981567385	0.1821419894695282	9.636845588684082	1.359122395515442	1.5819010734558103	0.1885265260934829	0.1647451967000961	0.0079590640962123	0.0219598859548568	0.0157983005046844	0.1624970734119415	0.0081975916400551	0.973171055316925	0.0306248124688863	12.0	/mnt/bn/seed-aws-va/shwai.he/demystifying-transformers-main/focused-compression-analysis/outputs/layerwise_para_perp/Qwen3-4B__awq_native_l10	9.636845588684082	1.359122395515442	1.5819010734558103	0.1885265260934829	0.1647451967000961	0.0079590640962123	0.0219598859548568	0.0157983005046844	0.1624970734119415	0.0081975916400551	0.973171055316925	0.0306248124688863
awq_native	awq_native_l10	10.0	block_out	10	-0.0246980357915163	0.0069669028744101	0.4090079069137573	0.1455513834953308	2.431581735610962	0.4649032354354858	16.548221588134766	3.941051959991455	2.468583822250366	0.4725371897220611	0.1507075875997543	0.0082045188173651	0.0246980357915163	0.0069669070653617	0.1484845280647277	0.0085965367034077	0.9704985618591307	0.0160037856549024	12.0	/mnt/bn/seed-aws-va/shwai.he/demystifying-transformers-main/focused-compression-analysis/outputs/layerwise_para_perp/Qwen3-4B__awq_native_l10	16.548221588134766	3.941051959991455	2.468583822250366	0.4725371897220611	0.1507075875997543	0.0082045188173651	0.0246980357915163	0.0069669070653617	0.1484845280647277	0.0085965367034077	0.9704985618591307	0.0160037856549024
awq_native	awq_native_l10	10.0	mlp_out	10	-0.0286379028111696	0.0075907837599515	0.4301870763301849	0.1400688588619232	2.376770257949829	0.4347008764743805	15.17504596710205	3.5631487369537354	2.418473482131958	0.4400782287120819	0.1612692326307296	0.0101859243586659	0.0286379065364599	0.0075907683931291	0.1585027873516082	0.0105182537809014	0.9657846093177797	0.0194609332829713	12.0	/mnt/bn/seed-aws-va/shwai.he/demystifying-transformers-main/focused-compression-analysis/outputs/layerwise_para_perp/Qwen3-4B__awq_native_l10	15.17504596710205	3.5631487369537354	2.418473482131958	0.4400782287120819	0.1612692326307296	0.0101859243586659	0.0286379065364599	0.0075907683931291	0.1585027873516082	0.0105182537809014	0.9657846093177797	0.0194609332829713
awq_native	awq_native_l11	11.0	attn_out	11	-0.0278783719986677	0.0154004367068409	0.2319256216287613	0.110063686966896	1.407530665397644	0.153067409992218	8.743943214416504	1.401208996772766	1.4317668676376345	0.1432462781667709	0.1661523431539535	0.0203963387757539	0.0278783719986677	0.0154004367068409	0.1631424278020858	0.0198188107460737	0.9649866223335266	0.0291305910795927	12.0	/mnt/bn/seed-aws-va/shwai.he/demystifying-transformers-main/focused-compression-analysis/outputs/layerwise_para_perp/Qwen3-4B__awq_native_l11	8.743943214416504	1.401208996772766	1.4317668676376345	0.1432462781667709	0.1661523431539535	0.0203963387757539	0.0278783719986677	0.0154004367068409	0.1631424278020858	0.0198188107460737	0.9649866223335266	0.0291305910795927
awq_native	awq_native_l11	11.0	block_out	11	-0.0281603913754224	0.0052460893057286	0.4372197091579437	0.1183866187930107	2.301520824432373	0.4733105301856994	15.577537536621094	3.3646488189697266	2.344046115875244	0.4812962412834167	0.1509459614753723	0.0079407887533307	0.0281603932380676	0.0052460893057286	0.148205280303955	0.0078996326774358	0.9640283584594728	0.0120645985007286	12.0	/mnt/bn/seed-aws-va/shwai.he/demystifying-transformers-main/focused-compression-analysis/outputs/layerwise_para_perp/Qwen3-4B__awq_native_l11	15.577537536621094	3.3646488189697266	2.344046115875244	0.4812962412834167	0.1509459614753723	0.0079407887533307	0.0281603932380676	0.0052460893057286	0.148205280303955	0.0078996326774358	0.9640283584594728	0.0120645985007286
awq_native	awq_native_l11	11.0	mlp_out	11	-0.0323109328746795	0.0061465464532375	0.4648503065109253	0.1310212016105651	2.1825754642486572	0.4696194529533386	14.45043659210205	3.51187515258789	2.233224630355835	0.4797273278236389	0.155360996723175	0.0065707117319107	0.0323109328746795	0.0061465557664632	0.1518343538045883	0.0066905221901834	0.9550855755805968	0.0147295929491519	12.0	/mnt/bn/seed-aws-va/shwai.he/demystifying-transformers-main/focused-compression-analysis/outputs/layerwise_para_perp/Qwen3-4B__awq_native_l11	14.45043659210205	3.51187515258789	2.233224630355835	0.4797273278236389	0.155360996723175	0.0065707117319107	0.0323109328746795	0.0061465557664632	0.1518343538045883	0.0066905221901834	0.9550855755805968	0.0147295929491519
awq_native	awq_native_l12	12.0	attn_out	12	-0.0168105531483888	0.0191188417375087	0.2435754686594009	0.1343637108802795	1.555497169494629	0.1077421084046363	10.3915376663208	0.7736988663673401	1.5787678956985474	0.1267059296369552	0.1520363390445709	0.007080998737365	0.022855207324028	0.0112144704908132	0.1499014198780059	0.0068285767920315	0.9724754691123962	0.0222355686128139	12.0	/mnt/bn/seed-aws-va/shwai.he/demystifying-transformers-main/focused-compression-analysis/outputs/layerwise_para_perp/Qwen3-4B__awq_native_l12	10.3915376663208	0.7736988663673401	1.5787678956985474	0.1267059296369552	0.1520363390445709	0.007080998737365	0.022855207324028	0.0112144704908132	0.1499014198780059	0.0068285767920315	0.9724754691123962	0.0222355686128139
awq_native	awq_native_l12	12.0	block_out	12	-0.0281419213861227	0.0107070878148078	0.4553358256816864	0.1294444501399994	2.4336585998535156	0.4369596242904663	16.199983596801758	2.913947343826294	2.48010778427124	0.4321788251399994	0.1532671302556991	0.0048932917416095	0.0288023147732019	0.0087770204991102	0.1502772569656372	0.0049894140101969	0.9614200592041016	0.0157181825488805	12.0	/mnt/bn/seed-aws-va/shwai.he/demystifying-transformers-main/focused-compression-analysis/outputs/layerwise_para_perp/Qwen3-4B__awq_native_l12	16.199983596801758	2.913947343826294	2.48010778427124	0.4321788251399994	0.1532671302556991	0.0048932917416095	0.0288023147732019	0.0087770204991102	0.1502772569656372	0.0049894140101969	0.9614200592041016	0.0157181825488805
awq_native	awq_native_l12	12.0	mlp_out	12	-0.0365437306463718	0.012586586177349	0.5017443895339966	0.1589773595333099	2.24564266204834	0.4313533008098602	14.206377983093262	2.9714574813842773	2.307790517807007	0.4243818521499634	0.1632803231477737	0.006905878894031	0.0365437306463718	0.012586586177349	0.1586575359106063	0.0064866906031966	0.944650948047638	0.0266012474894523	12.0	/mnt/bn/seed-aws-va/shwai.he/demystifying-transformers-main/focused-compression-analysis/outputs/layerwise_para_perp/Qwen3-4B__awq_native_l12	14.206377983093262	2.9714574813842773	2.307790517807007	0.4243818521499634	0.1632803231477737	0.006905878894031	0.0365437306463718	0.012586586177349	0.1586575359106063	0.0064866906031966	0.944650948047638	0.0266012474894523
awq_native	awq_native_l13	13.0	attn_out	13	-0.0287271123379468	0.0163652226328849	0.277712732553482	0.1881491988897323	1.4560555219650269	0.1607609987258911	9.11807632446289	1.8696048259735107	1.491401195526123	0.1849019974470138	0.1664846986532211	0.0167611800134181	0.0288737788796424	0.0161050409078598	0.1629983335733413	0.0183457601815462	0.9568610787391664	0.0411425866186618	12.0	/mnt/bn/seed-aws-va/shwai.he/demystifying-transformers-main/focused-compression-analysis/outputs/layerwise_para_perp/Qwen3-4B__awq_native_l13	9.11807632446289	1.8696048259735107	1.491401195526123	0.1849019974470138	0.1664846986532211	0.0167611800134181	0.0288737788796424	0.0161050409078598	0.1629983335733413	0.0183457601815462	0.9568610787391664	0.0411425866186618
awq_native	awq_native_l13	13.0	block_out	13	-0.0247614737600088	0.0095164729282259	0.408951848745346	0.2224913239479065	2.5601348876953125	0.4681326150894165	16.054533004760742	3.3017218112945557	2.597417116165161	0.4935656487941742	0.1623351573944091	0.0055397599935531	0.0247614700347185	0.0095164822414517	0.1601630747318267	0.0052435202524065	0.9736998677253724	0.0188257601112127	12.0	/mnt/bn/seed-aws-va/shwai.he/demystifying-transformers-main/focused-compression-analysis/outputs/layerwise_para_perp/Qwen3-4B__awq_native_l13	16.054533004760742	3.3017218112945557	2.597417116165161	0.4935656487941742	0.1623351573944091	0.0055397599935531	0.0247614700347185	0.0095164822414517	0.1601630747318267	0.0052435202524065	0.9736998677253724	0.0188257601112127
awq_native	awq_native_l13	13.0	mlp_out	13	-0.0272836815565824	0.0083148814737796	0.4061132371425628	0.1774951517581939	2.3918545246124268	0.4437141418457031	14.665913581848145	3.003563404083252	2.429529905319214	0.4600728750228882	0.1661631315946579	0.0050007873214781	0.0272836815565824	0.0083148851990699	0.1636877208948135	0.0052902027964591	0.9704635143280028	0.0177921410650014	12.0	/mnt/bn/seed-aws-va/shwai.he/demystifying-transformers-main/focused-compression-analysis/outputs/layerwise_para_perp/Qwen3-4B__awq_native_l13	14.665913581848145	3.003563404083252	2.429529905319214	0.4600728750228882	0.1661631315946579	0.0050007873214781	0.0272836815565824	0.0083148851990699	0.1636877208948135	0.0052902027964591	0.9704635143280028	0.0177921410650014
awq_native	awq_native_l14	14.0	attn_out	14	-0.0284549072384834	0.0081736808642745	0.2915354669094085	0.0956982597708702	1.740362286567688	0.1359922438859939	10.176310539245604	1.068668246269226	1.766596794128418	0.1436709016561508	0.1741748005151748	0.0084921158850193	0.0284549072384834	0.0081736808642745	0.1716376990079879	0.0085431775078177	0.9710670113563538	0.0122508974745869	12.0	/mnt/bn/seed-aws-va/shwai.he/demystifying-transformers-main/focused-compression-analysis/outputs/layerwise_para_perp/Qwen3-4B__awq_native_l14	10.176310539245604	1.068668246269226	1.766596794128418	0.1436709016561508	0.1741748005151748	0.0084921158850193	0.0284549072384834	0.0081736808642745	0.1716376990079879	0.0085431775078177	0.9710670113563538	0.0122508974745869
awq_native	awq_native_l14	14.0	block_out	14	-0.0253607332706451	0.0063222046010196	0.405072420835495	0.1047114953398704	2.5175158977508545	0.3445799052715301	16.032020568847656	1.8471813201904297	2.551762342453003	0.3466686904430389	0.1589385122060775	0.0075764767825603	0.0253607332706451	0.0063222046010196	0.1567837744951248	0.007386514917016	0.97320955991745	0.0125465476885437	12.0	/mnt/bn/seed-aws-va/shwai.he/demystifying-transformers-main/focused-compression-analysis/outputs/layerwise_para_perp/Qwen3-4B__awq_native_l14	16.032020568847656	1.8471813201904297	2.551762342453003	0.3466686904430389	0.1589385122060775	0.0075764767825603	0.0253607332706451	0.0063222046010196	0.1567837744951248	0.007386514917016	0.97320955991745	0.0125465476885437
awq_native	awq_native_l14	14.0	mlp_out	14	-0.0300392750650644	0.009384412318468	0.423951655626297	0.1297230720520019	2.3123276233673096	0.3409783840179443	14.308375358581545	1.7635021209716797	2.3556160926818848	0.3328079879283905	0.1644803136587143	0.0087649757042527	0.0300392750650644	0.009384412318468	0.161388024687767	0.0096994061022996	0.9623677730560304	0.0251488536596298	12.0	/mnt/bn/seed-aws-va/shwai.he/demystifying-transformers-main/focused-compression-analysis/outputs/layerwise_para_perp/Qwen3-4B__awq_native_l14	14.308375358581545	1.7635021209716797	2.3556160926818848	0.3328079879283905	0.1644803136587143	0.0087649757042527	0.0300392750650644	0.009384412318468	0.161388024687767	0.0096994061022996	0.9623677730560304	0.0251488536596298
awq_native	awq_native_l15	15.0	attn_out	15	-0.0232599582523107	0.0103977899998426	0.226439356803894	0.0985309705138206	1.681085228919983	0.3972440361976623	10.134062767028809	2.2064037322998047	1.6995153427124023	0.3955768346786499	0.1673293858766555	0.0125772412866353	0.0232599582523107	0.0103977899998426	0.1653979867696762	0.0123157240450382	0.9773045182228088	0.0169761143624782	12.0	/mnt/bn/seed-aws-va/shwai.he/demystifying-transformers-main/focused-compression-analysis/outputs/layerwise_para_perp/Qwen3-4B__awq_native_l15	10.134062767028809	2.2064037322998047	1.6995153427124023	0.3955768346786499	0.1673293858766555	0.0125772412866353	0.0232599582523107	0.0103977899998426	0.1653979867696762	0.0123157240450382	0.9773045182228088	0.0169761143624782
awq_native	awq_native_l15	15.0	block_out	15	-0.0300623998045921	0.0117114065214991	0.4648845493793487	0.2254151254892349	2.5750458240509033	0.5622240304946899	15.10930633544922	3.770745515823364	2.622517347335815	0.5799038410186768	0.1746532320976257	0.0063256099820137	0.0300624016672372	0.0117114018648862	0.1716368198394775	0.0066078836098313	0.9658426642417908	0.0222623590379953	12.0	/mnt/bn/seed-aws-va/shwai.he/demystifying-transformers-main/focused-compression-analysis/outputs/layerwise_para_perp/Qwen3-4B__awq_native_l15	15.10930633544922	3.770745515823364	2.622517347335815	0.5799038410186768	0.1746532320976257	0.0063256099820137	0.0300624016672372	0.0117114018648862	0.1716368198394775	0.0066078836098313	0.9658426642417908	0.0222623590379953
awq_native	awq_native_l15	15.0	mlp_out	15	-0.0427467934787273	0.0119608612731099	0.6042910218238831	0.1889060139656067	2.35588002204895	0.5018443465232849	14.209195137023926	2.527757167816162	2.438922643661499	0.5045077204704285	0.1709996312856674	0.0075951381586492	0.0427467934787273	0.0119608612731099	0.1650855392217636	0.0086588216945528	0.9320455193519592	0.0369862988591194	12.0	/mnt/bn/seed-aws-va/shwai.he/demystifying-transformers-main/focused-compression-analysis/outputs/layerwise_para_perp/Qwen3-4B__awq_native_l15	14.209195137023926	2.527757167816162	2.438922643661499	0.5045077204704285	0.1709996312856674	0.0075951381586492	0.0427467934787273	0.0119608612731099	0.1650855392217636	0.0086588216945528	0.9320455193519592	0.0369862988591194
awq_native	awq_native_l16	16.0	attn_out	16	-0.0271580386906862	0.0146872028708457	0.2555242776870727	0.1377521157264709	1.5843548774719238	0.2229863405227661	9.016239166259766	1.063526272773743	1.609943985939026	0.2285865545272827	0.1792202442884445	0.0226564612239599	0.0278824102133512	0.0132606253027915	0.1764753013849258	0.0231604091823101	0.9690294861793518	0.0219604466110467	12.0	/mnt/bn/seed-aws-va/shwai.he/demystifying-transformers-main/focused-compression-analysis/outputs/layerwise_para_perp/Qwen3-4B__awq_native_l16	9.016239166259766	1.063526272773743	1.609943985939026	0.2285865545272827	0.1792202442884445	0.0226564612239599	0.0278824102133512	0.0132606253027915	0.1764753013849258	0.0231604091823101	0.9690294861793518	0.0219604466110467
awq_native	awq_native_l16	16.0	block_out	16	-0.0335677303373813	0.008987964130938	0.5147747993469238	0.2279137372970581	2.4921929836273193	0.427262544631958	14.72869110107422	2.667677164077759	2.5485081672668457	0.464351624250412	0.1730296015739441	0.0062883985228836	0.0335677303373813	0.00898795761168	0.1695048809051513	0.0062692645005881	0.959855318069458	0.0208693835884332	12.0	/mnt/bn/seed-aws-va/shwai.he/demystifying-transformers-main/focused-compression-analysis/outputs/layerwise_para_perp/Qwen3-4B__awq_native_l16	14.72869110107422	2.667677164077759	2.5485081672668457	0.464351624250412	0.1730296015739441	0.0062883985228836	0.0335677303373813	0.00898795761168	0.1695048809051513	0.0062692645005881	0.959855318069458	0.0208693835884332
awq_native	awq_native_l16	16.0	mlp_out	16	-0.0417671613395214	0.0126020507887005	0.6149364113807678	0.2777415812015533	2.325050592422486	0.4422415792942047	14.21353244781494	2.2408463954925537	2.4102296829223633	0.4975113868713379	0.1685580760240554	0.0118672968819737	0.0417671613395214	0.0126020554453134	0.1629563421010971	0.0097252009436488	0.9365137219429016	0.0322903096675872	12.0	/mnt/bn/seed-aws-va/shwai.he/demystifying-transformers-main/focused-compression-analysis/outputs/layerwise_para_perp/Qwen3-4B__awq_native_l16	14.21353244781494	2.2408463954925537	2.4102296829223633	0.4975113868713379	0.1685580760240554	0.0118672968819737	0.0417671613395214	0.0126020554453134	0.1629563421010971	0.0097252009436488	0.9365137219429016	0.0322903096675872
awq_native	awq_native_l17	17.0	attn_out	17	-0.0182246323674917	0.0137302866205573	0.192317709326744	0.1025006175041198	1.8096266984939575	0.3546854853630066	10.008103370666504	1.3305584192276	1.8241780996322632	0.3470116853713989	0.1814924329519271	0.0169776510447263	0.0198510941118001	0.0112513126805424	0.179961621761322	0.0179138965904712	0.9822824001312256	0.0201870501041412	12.0	/mnt/bn/seed-aws-va/shwai.he/demystifying-transformers-main/focused-compression-analysis/outputs/layerwise_para_perp/Qwen3-4B__awq_native_l17	10.008103370666504	1.3305584192276	1.8241780996322632	0.3470116853713989	0.1814924329519271	0.0169776510447263	0.0198510941118001	0.0112513126805424	0.179961621761322	0.0179138965904712	0.9822824001312256	0.0201870501041412
awq_native	awq_native_l17	17.0	block_out	17	-0.0335317887365818	0.008086884394288	0.5087196230888367	0.1173300817608833	2.6874959468841553	0.5107725262641907	15.45033359527588	2.47759747505188	2.7384722232818604	0.5068076848983765	0.1767107099294662	0.0068065831437706	0.0335317887365818	0.008086884394288	0.1732919365167617	0.0072889113798737	0.9615836143493652	0.0189566984772682	12.0	/mnt/bn/seed-aws-va/shwai.he/demystifying-transformers-main/focused-compression-analysis/outputs/layerwise_para_perp/Qwen3-4B__awq_native_l17	15.45033359527588	2.47759747505188	2.7384722232818604	0.5068076848983765	0.1767107099294662	0.0068065831437706	0.0335317887365818	0.008086884394288	0.1732919365167617	0.0072889113798737	0.9615836143493652	0.0189566984772682
awq_native	awq_native_l17	17.0	mlp_out	17	-0.0338940024375915	0.0105621740221977	0.5152289271354675	0.185254231095314	2.376396417617798	0.4272419214248657	15.110057830810549	1.7454731464385986	2.4360146522521973	0.4420485496520996	0.1601438969373703	0.0114460038021206	0.0338940024375915	0.0105621740221977	0.1562258750200271	0.0104969823732972	0.9525331854820251	0.0255893841385841	12.0	/mnt/bn/seed-aws-va/shwai.he/demystifying-transformers-main/focused-compression-analysis/outputs/layerwise_para_perp/Qwen3-4B__awq_native_l17	15.110057830810549	1.7454731464385986	2.4360146522521973	0.4420485496520996	0.1601438969373703	0.0114460038021206	0.0338940024375915	0.0105621740221977	0.1562258750200271	0.0104969823732972	0.9525331854820251	0.0255893841385841
awq_native	awq_native_l18	18.0	attn_out	18	-0.0197328310459852	0.0169872473925352	0.2510664761066437	0.1788671612739563	1.892419457435608	0.2660335302352905	10.499770164489746	1.513670563697815	1.9142355918884275	0.2876722514629364	0.1826381236314773	0.0127319395542144	0.0226511061191558	0.012840511277318	0.1807740777730941	0.0127110015600919	0.9799060821533204	0.0218843165785074	12.0	/mnt/bn/seed-aws-va/shwai.he/demystifying-transformers-main/focused-compression-analysis/outputs/layerwise_para_perp/Qwen3-4B__awq_native_l18	10.499770164489746	1.513670563697815	1.9142355918884275	0.2876722514629364	0.1826381236314773	0.0127319395542144	0.0226511061191558	0.012840511277318	0.1807740777730941	0.0127110015600919	0.9799060821533204	0.0218843165785074
awq_native	awq_native_l18	18.0	block_out	18	-0.0235421638935804	0.0115105286240577	0.4145574569702148	0.2578274309635162	2.937462568283081	0.4943075478076935	16.776098251342773	3.1985342502593994	2.9737844467163086	0.5176517963409424	0.1778491735458374	0.0078905494883656	0.0235421638935804	0.0115105314180254	0.1758739799261093	0.008614501915872	0.9776584506034852	0.0175798200070858	12.0	/mnt/bn/seed-aws-va/shwai.he/demystifying-transformers-main/focused-compression-analysis/outputs/layerwise_para_perp/Qwen3-4B__awq_native_l18	16.776098251342773	3.1985342502593994	2.9737844467163086	0.5176517963409424	0.1778491735458374	0.0078905494883656	0.0235421638935804	0.0115105314180254	0.1758739799261093	0.008614501915872	0.9776584506034852	0.0175798200070858
awq_native	awq_native_l18	18.0	mlp_out	18	-0.0285708960145711	0.0111016817390918	0.4514274597167969	0.2328646928071975	2.596935272216797	0.4570745527744293	15.306750297546388	2.743739604949951	2.642437696456909	0.4780435562133789	0.1727000027894973	0.0099763078615069	0.0285708960145711	0.0111016817390918	0.1699131727218628	0.0107139740139245	0.9676823019981384	0.0218174867331981	12.0	/mnt/bn/seed-aws-va/shwai.he/demystifying-transformers-main/focused-compression-analysis/outputs/layerwise_para_perp/Qwen3-4B__awq_native_l18	15.306750297546388	2.743739604949951	2.642437696456909	0.4780435562133789	0.1727000027894973	0.0099763078615069	0.0285708960145711	0.0111016817390918	0.1699131727218628	0.0107139740139245	0.9676823019981384	0.0218174867331981
awq_native	awq_native_l19	19.0	attn_out	19	-0.0192220211029052	0.0205202307552099	0.3169216215610504	0.2509419620037079	2.467790365219116	0.2807273268699646	14.262450218200684	1.136812686920166	2.501530885696411	0.2730413675308227	0.175450786948204	0.0138837872073054	0.0221174377948045	0.0173604413866996	0.1730991750955581	0.0148945795372128	0.9727916121482848	0.031013548374176	12.0	/mnt/bn/seed-aws-va/shwai.he/demystifying-transformers-main/focused-compression-analysis/outputs/layerwise_para_perp/Qwen3-4B__awq_native_l19	14.262450218200684	1.136812686920166	2.501530885696411	0.2730413675308227	0.175450786948204	0.0138837872073054	0.0221174377948045	0.0173604413866996	0.1730991750955581	0.0148945795372128	0.9727916121482848	0.031013548374176
awq_native	awq_native_l19	19.0	block_out	19	-0.0349765755236148	0.0104404743760824	0.7864149212837219	0.2667962312698364	3.651643753051758	0.3076171875	22.308961868286133	2.6669933795928955	3.7455813884735103	0.298963725566864	0.1688457131385803	0.0117363799363374	0.0349765755236148	0.0104404743760824	0.1647116094827652	0.0135770644992589	0.950274646282196	0.0311669204384088	12.0	/mnt/bn/seed-aws-va/shwai.he/demystifying-transformers-main/focused-compression-analysis/outputs/layerwise_para_perp/Qwen3-4B__awq_native_l19	22.308961868286133	2.6669933795928955	3.7455813884735103	0.298963725566864	0.1688457131385803	0.0117363799363374	0.0349765755236148	0.0104404743760824	0.1647116094827652	0.0135770644992589	0.950274646282196	0.0311669204384088
awq_native	awq_native_l19	19.0	mlp_out	19	-0.0478934235870838	0.0086382133886218	0.9284204840660096	0.1639620214700698	3.0524556636810303	0.3064710795879364	19.548030853271484	2.715644598007202	3.1954567432403564	0.2988536655902862	0.1646963506937027	0.0134205194190144	0.0478934235870838	0.0086382133886218	0.1573051959276199	0.0138447592034935	0.9117963910102844	0.0309086274355649	12.0	/mnt/bn/seed-aws-va/shwai.he/demystifying-transformers-main/focused-compression-analysis/outputs/layerwise_para_perp/Qwen3-4B__awq_native_l19	19.548030853271484	2.715644598007202	3.1954567432403564	0.2988536655902862	0.1646963506937027	0.0134205194190144	0.0478934235870838	0.0086382133886218	0.1573051959276199	0.0138447592034935	0.9117963910102844	0.0309086274355649
awq_native	awq_native_l2	2.0	attn_out	2	-0.0120290843769907	0.0090509345754981	0.0319519378244876	0.0207419283688068	0.2852353453636169	0.0358878411352634	2.72405743598938	0.3695814907550812	0.2878943979740143	0.0348585024476051	0.1062850952148437	0.0091307759284973	0.0124992383643984	0.0083897160366177	0.1052339747548103	0.0088929813355207	0.9807996153831482	0.0191054660826921	12.0	/mnt/bn/seed-aws-va/shwai.he/demystifying-transformers-main/focused-compression-analysis/outputs/layerwise_para_perp/Qwen3-4B__awq_native_l2	2.72405743598938	0.3695814907550812	0.2878943979740143	0.0348585024476051	0.1062850952148437	0.0091307759284973	0.0124992383643984	0.0083897160366177	0.1052339747548103	0.0088929813355207	0.9807996153831482	0.0191054660826921
awq_native	awq_native_l2	2.0	block_out	2	-0.0166606679558753	0.0088433157652616	0.0735301226377487	0.0397376008331775	0.4908321797847748	0.1017184928059578	4.415557384490967	0.9577285647392272	0.4980137646198272	0.1011478304862976	0.1132461056113243	0.0060722311027348	0.0166606679558753	0.0088433204218745	0.1116067245602607	0.0070504853501915	0.9704834818840028	0.0233763847500085	12.0	/mnt/bn/seed-aws-va/shwai.he/demystifying-transformers-main/focused-compression-analysis/outputs/layerwise_para_perp/Qwen3-4B__awq_native_l2	4.415557384490967	0.9577285647392272	0.4980137646198272	0.1011478304862976	0.1132461056113243	0.0060722311027348	0.0166606679558753	0.0088433204218745	0.1116067245602607	0.0070504853501915	0.9704834818840028	0.0233763847500085
awq_native	awq_native_l2	2.0	mlp_out	2	-0.0202914718538522	0.0094644967466592	0.0736031606793403	0.038180336356163	0.4120720326900482	0.1024344488978385	3.589118003845215	0.8690676689147949	0.4202718734741211	0.1026785522699356	0.1173619925975799	0.0070625613443553	0.0202914718538522	0.0094644967466592	0.1151157841086387	0.0084115657955408	0.9609766006469728	0.0351867526769638	12.0	/mnt/bn/seed-aws-va/shwai.he/demystifying-transformers-main/focused-compression-analysis/outputs/layerwise_para_perp/Qwen3-4B__awq_native_l2	3.589118003845215	0.8690676689147949	0.4202718734741211	0.1026785522699356	0.1173619925975799	0.0070625613443553	0.0202914718538522	0.0094644967466592	0.1151157841086387	0.0084115657955408	0.9609766006469728	0.0351867526769638
awq_native	awq_native_l20	20.0	attn_out	20	-0.0359007082879543	0.012743167579174	0.3747736513614654	0.1402848660945892	2.024007558822632	0.3537596762180328	10.422728538513184	1.281166672706604	2.062941312789917	0.3551923036575317	0.1973911970853805	0.0162761434912681	0.0359007082879543	0.012743167579174	0.193635419011116	0.0168008618056774	0.962007224559784	0.0254199523478746	12.0	/mnt/bn/seed-aws-va/shwai.he/demystifying-transformers-main/focused-compression-analysis/outputs/layerwise_para_perp/Qwen3-4B__awq_native_l20	10.422728538513184	1.281166672706604	2.062941312789917	0.3551923036575317	0.1973911970853805	0.0162761434912681	0.0359007082879543	0.012743167579174	0.193635419011116	0.0168008618056774	0.962007224559784	0.0254199523478746
awq_native	awq_native_l20	20.0	block_out	20	-0.0287500470876693	0.0087077664211392	0.5533731579780579	0.2149121910333633	3.3112363815307617	0.4992555677890777	19.29698944091797	3.5536956787109375	3.361646890640259	0.5150559544563293	0.1752250641584396	0.0087441252544522	0.0287500470876693	0.0087077729403972	0.1726444810628891	0.0084720226004719	0.9710174202919006	0.0167107079178094	12.0	/mnt/bn/seed-aws-va/shwai.he/demystifying-transformers-main/focused-compression-analysis/outputs/layerwise_para_perp/Qwen3-4B__awq_native_l20	19.29698944091797	3.5536956787109375	3.361646890640259	0.5150559544563293	0.1752250641584396	0.0087441252544522	0.0287500470876693	0.0087077729403972	0.1726444810628891	0.0084720226004719	0.9710174202919006	0.0167107079178094
awq_native	awq_native_l20	20.0	mlp_out	20	-0.0338751934468746	0.0081764189526438	0.6263120770454407	0.1457937657833099	2.9238529205322266	0.4555420577526092	18.867536544799805	3.018406629562378	2.9939193725585938	0.4543167650699615	0.1589682102203369	0.0064726048149168	0.0338751934468746	0.0081764189526438	0.155129998922348	0.0057520573027431	0.9527897834777832	0.0192855633795261	12.0	/mnt/bn/seed-aws-va/shwai.he/demystifying-transformers-main/focused-compression-analysis/outputs/layerwise_para_perp/Qwen3-4B__awq_native_l20	18.867536544799805	3.018406629562378	2.9939193725585938	0.4543167650699615	0.1589682102203369	0.0064726048149168	0.0338751934468746	0.0081764189526438	0.155129998922348	0.0057520573027431	0.9527897834777832	0.0192855633795261
awq_native	awq_native_l21	21.0	attn_out	21	-0.0399219430983066	0.0110053429380059	0.4465196430683136	0.153423398733139	2.306607484817505	0.2384182959794998	11.00924301147461	1.2629848718643188	2.352041482925415	0.2609615325927734	0.2144788950681686	0.0173115115612745	0.0399219430983066	0.0110053429380059	0.2104848027229309	0.0167973134666681	0.9633162021636964	0.0174180269241333	12.0	/mnt/bn/seed-aws-va/shwai.he/demystifying-transformers-main/focused-compression-analysis/outputs/layerwise_para_perp/Qwen3-4B__awq_native_l21	11.00924301147461	1.2629848718643188	2.352041482925415	0.2609615325927734	0.2144788950681686	0.0173115115612745	0.0399219430983066	0.0110053429380059	0.2104848027229309	0.0167973134666681	0.9633162021636964	0.0174180269241333
awq_native	awq_native_l21	21.0	block_out	21	-0.033484861254692	0.0044382754713296	0.7110169529914856	0.0988670065999031	3.712610244750977	0.3126525580883026	21.281774520874023	1.4427553415298462	3.781144380569458	0.315425157546997	0.177592471241951	0.0066374153830111	0.033484861254692	0.0044382885098457	0.174358069896698	0.0064400043338537	0.9639803767204284	0.00815225020051	12.0	/mnt/bn/seed-aws-va/shwai.he/demystifying-transformers-main/focused-compression-analysis/outputs/layerwise_para_perp/Qwen3-4B__awq_native_l21	21.281774520874023	1.4427553415298462	3.781144380569458	0.315425157546997	0.177592471241951	0.0066374153830111	0.033484861254692	0.0044382885098457	0.174358069896698	0.0064400043338537	0.9639803767204284	0.00815225020051
awq_native	awq_native_l21	21.0	mlp_out	21	-0.030609592795372	0.006457136478275	0.6229047179222107	0.1387653350830078	3.3408937454223633	0.2848768532276153	20.359437942504883	1.1511050462722778	3.4008827209472656	0.2898055016994476	0.1669978499412536	0.0097082359716296	0.030609592795372	0.006457136478275	0.1640499234199524	0.0095661776140332	0.965066134929657	0.0125821279361844	12.0	/mnt/bn/seed-aws-va/shwai.he/demystifying-transformers-main/focused-compression-analysis/outputs/layerwise_para_perp/Qwen3-4B__awq_native_l21	20.359437942504883	1.1511050462722778	3.4008827209472656	0.2898055016994476	0.1669978499412536	0.0097082359716296	0.030609592795372	0.006457136478275	0.1640499234199524	0.0095661776140332	0.965066134929657	0.0125821279361844
awq_native	awq_native_l22	22.0	attn_out	22	-0.0184421744197607	0.0167565308511257	0.3765085637569427	0.212496817111969	3.421994209289551	0.3432280421257019	17.58876609802246	3.5424110889434814	3.4488236904144287	0.3469560444355011	0.1997776180505752	0.0199735164642334	0.0214565712958574	0.0126692811027169	0.1982345432043075	0.0198041927069425	0.9846819043159484	0.0131110558286309	12.0	/mnt/bn/seed-aws-va/shwai.he/demystifying-transformers-main/focused-compression-analysis/outputs/layerwise_para_perp/Qwen3-4B__awq_native_l22	17.58876609802246	3.5424110889434814	3.4488236904144287	0.3469560444355011	0.1997776180505752	0.0199735164642334	0.0214565712958574	0.0126692811027169	0.1982345432043075	0.0198041927069425	0.9846819043159484	0.0131110558286309
awq_native	awq_native_l22	22.0	block_out	22	-0.0302070770412683	0.0105365393683314	0.8996801376342773	0.3235626816749573	5.056013584136963	0.3852857649326324	29.8717098236084	2.557027816772461	5.147027969360352	0.3659699857234955	0.1726568937301635	0.0071034538559615	0.0302070770412683	0.0105365393683314	0.1696106791496276	0.008342302404344	0.9646275043487548	0.0243590697646141	12.0	/mnt/bn/seed-aws-va/shwai.he/demystifying-transformers-main/focused-compression-analysis/outputs/layerwise_para_perp/Qwen3-4B__awq_native_l22	29.8717098236084	2.557027816772461	5.147027969360352	0.3659699857234955	0.1726568937301635	0.0071034538559615	0.0302070770412683	0.0105365393683314	0.1696106791496276	0.008342302404344	0.9646275043487548	0.0243590697646141
awq_native	awq_native_l22	22.0	mlp_out	22	-0.043086502701044	0.0107618393376469	1.1025471687316897	0.3222014307975769	4.25984525680542	0.3420228064060211	25.439254760742188	2.180009603500366	4.412468433380127	0.3358722031116485	0.1737664937973022	0.0073192580603063	0.043086502701044	0.0107618393376469	0.1678628772497177	0.0099073611199855	0.93228942155838	0.0357347168028354	12.0	/mnt/bn/seed-aws-va/shwai.he/demystifying-transformers-main/focused-compression-analysis/outputs/layerwise_para_perp/Qwen3-4B__awq_native_l22	25.439254760742188	2.180009603500366	4.412468433380127	0.3358722031116485	0.1737664937973022	0.0073192580603063	0.043086502701044	0.0107618393376469	0.1678628772497177	0.0099073611199855	0.93228942155838	0.0357347168028354
awq_native	awq_native_l23	23.0	attn_out	23	-0.03345887362957	0.0163485258817672	0.5446991324424744	0.2426269650459289	3.4471731185913086	0.6697859168052673	17.396305084228516	5.1606221199035645	3.4976871013641357	0.673323392868042	0.207544520497322	0.0281170085072517	0.0334588773548603	0.0163485202938318	0.2043398171663284	0.0269027985632419	0.970639705657959	0.0219645164906978	12.0	/mnt/bn/seed-aws-va/shwai.he/demystifying-transformers-main/focused-compression-analysis/outputs/layerwise_para_perp/Qwen3-4B__awq_native_l23	17.396305084228516	5.1606221199035645	3.4976871013641357	0.673323392868042	0.207544520497322	0.0281170085072517	0.0334588773548603	0.0163485202938318	0.2043398171663284	0.0269027985632419	0.970639705657959	0.0219645164906978
awq_native	awq_native_l23	23.0	block_out	23	-0.0318785980343818	0.0078547718003392	1.0901857614517212	0.2488908022642135	5.478291034698486	0.510922372341156	34.502689361572266	2.367973804473877	5.593814849853516	0.4820777773857116	0.1621845215559005	0.0087043065577745	0.0318786017596721	0.007854756899178	0.1587906926870346	0.0093357851728796	0.9582427144050598	0.0194041896611452	12.0	/mnt/bn/seed-aws-va/shwai.he/demystifying-transformers-main/focused-compression-analysis/outputs/layerwise_para_perp/Qwen3-4B__awq_native_l23	34.502689361572266	2.367973804473877	5.593814849853516	0.4820777773857116	0.1621845215559005	0.0087043065577745	0.0318786017596721	0.007854756899178	0.1587906926870346	0.0093357851728796	0.9582427144050598	0.0194041896611452
awq_native	awq_native_l23	23.0	mlp_out	23	-0.0352925695478916	0.0105321574956178	1.0609947443008425	0.369617611169815	4.687488555908203	0.3884337842464447	29.80021095275879	2.622103691101074	4.82053279876709	0.3849960565567016	0.1622377783060073	0.0106016853824257	0.0352925732731819	0.0105321463197469	0.1578756719827652	0.0123398983851075	0.9456320405006408	0.0261879935860633	12.0	/mnt/bn/seed-aws-va/shwai.he/demystifying-transformers-main/focused-compression-analysis/outputs/layerwise_para_perp/Qwen3-4B__awq_native_l23	29.80021095275879	2.622103691101074	4.82053279876709	0.3849960565567016	0.1622377783060073	0.0106016853824257	0.0352925732731819	0.0105321463197469	0.1578756719827652	0.0123398983851075	0.9456320405006408	0.0261879935860633
awq_native	awq_native_l24	24.0	attn_out	24	-0.0222049709409475	0.0273839011788368	0.3992170393466949	0.4713540375232696	3.44317626953125	0.6394963264465332	15.16714572906494	3.3803374767303467	3.4913341999053955	0.6756860017776489	0.2323646396398544	0.0196916665881872	0.0248090624809265	0.0250489376485347	0.2295961230993271	0.0205857753753662	0.97655588388443	0.0429999493062496	12.0	/mnt/bn/seed-aws-va/shwai.he/demystifying-transformers-main/focused-compression-analysis/outputs/layerwise_para_perp/Qwen3-4B__awq_native_l24	15.16714572906494	3.3803374767303467	3.4913341999053955	0.6756860017776489	0.2323646396398544	0.0196916665881872	0.0248090624809265	0.0250489376485347	0.2295961230993271	0.0205857753753662	0.97655588388443	0.0429999493062496
awq_native	awq_native_l24	24.0	block_out	24	-0.0334029607474803	0.011245422065258	1.201926350593567	0.3671105504035949	5.844284534454346	0.4475725591182709	36.29523849487305	3.210167646408081	5.977990627288818	0.4461084604263305	0.1654263734817505	0.0134033672511577	0.0334029607474803	0.011245422065258	0.1616828888654709	0.0127265248447656	0.95601886510849	0.0283139981329441	12.0	/mnt/bn/seed-aws-va/shwai.he/demystifying-transformers-main/focused-compression-analysis/outputs/layerwise_para_perp/Qwen3-4B__awq_native_l24	36.29523849487305	3.210167646408081	5.977990627288818	0.4461084604263305	0.1654263734817505	0.0134033672511577	0.0334029607474803	0.011245422065258	0.1616828888654709	0.0127265248447656	0.95601886510849	0.0283139981329441
awq_native	awq_native_l24	24.0	mlp_out	24	-0.0280245039612054	0.0092194695025682	0.8925380706787109	0.2818567156791687	4.892524242401123	0.4470416903495788	32.281436920166016	3.753595352172851	4.981444835662842	0.4448711276054382	0.1551800221204757	0.0115954745560884	0.0280245039612054	0.0092194722965359	0.1523756831884384	0.0112504363059997	0.9644230008125304	0.0194609332829713	12.0	/mnt/bn/seed-aws-va/shwai.he/demystifying-transformers-main/focused-compression-analysis/outputs/layerwise_para_perp/Qwen3-4B__awq_native_l24	32.281436920166016	3.753595352172851	4.981444835662842	0.4448711276054382	0.1551800221204757	0.0115954745560884	0.0280245039612054	0.0092194722965359	0.1523756831884384	0.0112504363059997	0.9644230008125304	0.0194609332829713
awq_native	awq_native_l25	25.0	attn_out	25	-0.0618554688990116	0.022062225267291	0.8327475190162659	0.4111576676368713	2.7582385540008545	0.8262373805046082	13.57285213470459	4.791080474853516	2.8993637561798096	0.8641512989997864	0.2184265106916427	0.0240530408918857	0.0618554688990116	0.022062225267291	0.2080902457237243	0.0259671416133642	0.9066154956817628	0.0584353543817997	12.0	/mnt/bn/seed-aws-va/shwai.he/demystifying-transformers-main/focused-compression-analysis/outputs/layerwise_para_perp/Qwen3-4B__awq_native_l25	13.57285213470459	4.791080474853516	2.8993637561798096	0.8641512989997864	0.2184265106916427	0.0240530408918857	0.0618554688990116	0.022062225267291	0.2080902457237243	0.0259671416133642	0.9066154956817628	0.0584353543817997
awq_native	awq_native_l25	25.0	block_out	25	-0.0386791341006755	0.0102968625724315	1.496419072151184	0.3634223341941833	5.98419713973999	0.6411904692649841	39.40072250366211	5.512149333953857	6.178767681121826	0.6449128985404968	0.1580147743225097	0.0125069953501224	0.0386791341006755	0.0102968625724315	0.1529456973075866	0.011428415775299	0.9379050731658936	0.0272859241813421	12.0	/mnt/bn/seed-aws-va/shwai.he/demystifying-transformers-main/focused-compression-analysis/outputs/layerwise_para_perp/Qwen3-4B__awq_native_l25	39.40072250366211	5.512149333953857	6.178767681121826	0.6449128985404968	0.1580147743225097	0.0125069953501224	0.0386791341006755	0.0102968625724315	0.1529456973075866	0.011428415775299	0.9379050731658936	0.0272859241813421
awq_native	awq_native_l25	25.0	mlp_out	25	-0.0366778559982776	0.0096313608810305	1.3024336099624634	0.284850925207138	5.293866157531738	0.7290469408035278	36.58282852172851	6.259709358215332	5.462088108062744	0.706819474697113	0.150492325425148	0.0091988099738955	0.0366778559982776	0.0096313608810305	0.1456765234470367	0.0085369618609547	0.9377281665802002	0.0278116781264543	12.0	/mnt/bn/seed-aws-va/shwai.he/demystifying-transformers-main/focused-compression-analysis/outputs/layerwise_para_perp/Qwen3-4B__awq_native_l25	36.58282852172851	6.259709358215332	5.462088108062744	0.706819474697113	0.150492325425148	0.0091988099738955	0.0366778559982776	0.0096313608810305	0.1456765234470367	0.0085369618609547	0.9377281665802002	0.0278116781264543
awq_native	awq_native_l26	26.0	attn_out	26	0.0340451225638389	0.0379435680806636	0.6807239651679993	0.4086197912693023	3.3873965740203857	0.6224166750907898	13.742465019226074	4.162558078765869	3.4690678119659424	0.6765957474708557	0.2611968219280243	0.0375514551997184	0.047674860805273	0.0180524829775095	0.2558968067169189	0.0393944010138511	0.9577353596687316	0.0356344953179359	12.0	/mnt/bn/seed-aws-va/shwai.he/demystifying-transformers-main/focused-compression-analysis/outputs/layerwise_para_perp/Qwen3-4B__awq_native_l26	13.742465019226074	4.162558078765869	3.4690678119659424	0.6765957474708557	0.2611968219280243	0.0375514551997184	0.047674860805273	0.0180524829775095	0.2558968067169189	0.0393944010138511	0.9577353596687316	0.0356344953179359
awq_native	awq_native_l26	26.0	block_out	26	-0.0186196342110633	0.009811358526349	0.747054398059845	0.3933672904968261	6.489792346954346	0.7763887047767639	40.0987434387207	4.964190483093262	6.544466495513916	0.7765139937400818	0.1635426580905914	0.0091087687760591	0.0186196342110633	0.0098113557323813	0.1621708422899246	0.0093188108876347	0.9832000732421876	0.0147477909922599	12.0	/mnt/bn/seed-aws-va/shwai.he/demystifying-transformers-main/focused-compression-analysis/outputs/layerwise_para_perp/Qwen3-4B__awq_native_l26	40.0987434387207	4.964190483093262	6.544466495513916	0.7765139937400818	0.1635426580905914	0.0091087687760591	0.0186196342110633	0.0098113557323813	0.1621708422899246	0.0093188108876347	0.9832000732421876	0.0147477909922599
awq_native	awq_native_l26	26.0	mlp_out	26	-0.029363639652729	0.0061390795744955	1.0773236751556396	0.2163212746381759	5.5351786613464355	0.9517862796783448	37.251007080078125	5.993751049041748	5.642293930053711	0.9570980072021484	0.1514437943696975	0.0090966960415244	0.029363639652729	0.0061390749178826	0.1484827846288681	0.0084216352552175	0.961720049381256	0.012143388390541	12.0	/mnt/bn/seed-aws-va/shwai.he/demystifying-transformers-main/focused-compression-analysis/outputs/layerwise_para_perp/Qwen3-4B__awq_native_l26	37.251007080078125	5.993751049041748	5.642293930053711	0.9570980072021484	0.1514437943696975	0.0090966960415244	0.029363639652729	0.0061390749178826	0.1484827846288681	0.0084216352552175	0.961720049381256	0.012143388390541
awq_native	awq_native_l27	27.0	attn_out	27	-0.0286306291818618	0.0199585203081369	0.4792174100875854	0.3464202582836151	3.363370180130005	0.5867588520050049	15.214396476745604	4.473259925842285	3.411378860473633	0.6072020530700684	0.2316062897443771	0.0316001810133457	0.0300835520029068	0.017692806199193	0.2287677377462387	0.0329743511974811	0.9735088348388672	0.0275370720773935	12.0	/mnt/bn/seed-aws-va/shwai.he/demystifying-transformers-main/focused-compression-analysis/outputs/layerwise_para_perp/Qwen3-4B__awq_native_l27	15.214396476745604	4.473259925842285	3.411378860473633	0.6072020530700684	0.2316062897443771	0.0316001810133457	0.0300835520029068	0.017692806199193	0.2287677377462387	0.0329743511974811	0.9735088348388672	0.0275370720773935
awq_native	awq_native_l27	27.0	block_out	27	-0.0318852625787258	0.0097173154354095	1.3835586309432983	0.3814934492111206	7.265695571899414	0.7622268795967102	43.71475601196289	4.607255935668945	7.405374050140381	0.7691072821617126	0.1701554507017135	0.0164005793631076	0.0318852663040161	0.009717303328216	0.1669105291366577	0.0158631540834903	0.962630808353424	0.0195632670074701	12.0	/mnt/bn/seed-aws-va/shwai.he/demystifying-transformers-main/focused-compression-analysis/outputs/layerwise_para_perp/Qwen3-4B__awq_native_l27	43.71475601196289	4.607255935668945	7.405374050140381	0.7691072821617126	0.1701554507017135	0.0164005793631076	0.0318852663040161	0.009717303328216	0.1669105291366577	0.0158631540834903	0.962630808353424	0.0195632670074701
awq_native	awq_native_l27	27.0	mlp_out	27	-0.033212449401617	0.010199224576354	1.3187651634216309	0.3003239333629608	6.428426265716553	0.9297818541526794	40.744171142578125	6.577503204345703	6.569572925567627	0.9269384145736694	0.1624769419431686	0.0150568922981619	0.033212449401617	0.010199224576354	0.1588252633810043	0.0138891525566577	0.956650733947754	0.0217942520976066	12.0	/mnt/bn/seed-aws-va/shwai.he/demystifying-transformers-main/focused-compression-analysis/outputs/layerwise_para_perp/Qwen3-4B__awq_native_l27	40.744171142578125	6.577503204345703	6.569572925567627	0.9269384145736694	0.1624769419431686	0.0150568922981619	0.033212449401617	0.010199224576354	0.1588252633810043	0.0138891525566577	0.956650733947754	0.0217942520976066
awq_native	awq_native_l28	28.0	attn_out	28	-0.0166202615946531	0.0354448445141315	0.4800619184970855	0.3590595126152038	4.106210708618164	0.5103340148925781	17.34990119934082	2.729655504226685	4.1523661613464355	0.4885136187076568	0.2413718700408935	0.0185506716370582	0.0298804137855768	0.0252929050475358	0.2383579760789871	0.0160437729209661	0.9768410325050354	0.02942780777812	12.0	/mnt/bn/seed-aws-va/shwai.he/demystifying-transformers-main/focused-compression-analysis/outputs/layerwise_para_perp/Qwen3-4B__awq_native_l28	17.34990119934082	2.729655504226685	4.1523661613464355	0.4885136187076568	0.2413718700408935	0.0185506716370582	0.0298804137855768	0.0252929050475358	0.2383579760789871	0.0160437729209661	0.9768410325050354	0.02942780777812
awq_native	awq_native_l28	28.0	block_out	28	-0.0193299409002065	0.0083977924659848	0.9637098908424376	0.3765760660171509	8.097905158996582	1.2377420663833618	51.33621597290039	8.466876029968262	8.167217254638672	1.2145674228668213	0.159925028681755	0.0108048608526587	0.0193299409002065	0.0083977887406945	0.1585029512643814	0.0111984955146908	0.981959342956543	0.0129555659368634	12.0	/mnt/bn/seed-aws-va/shwai.he/demystifying-transformers-main/focused-compression-analysis/outputs/layerwise_para_perp/Qwen3-4B__awq_native_l28	51.33621597290039	8.466876029968262	8.167217254638672	1.2145674228668213	0.159925028681755	0.0108048608526587	0.0193299409002065	0.0083977887406945	0.1585029512643814	0.0111984955146908	0.981959342956543	0.0129555659368634
awq_native	awq_native_l28	28.0	mlp_out	28	-0.0199028085917234	0.0069948253221809	0.9318482875823976	0.3068811595439911	7.064546585083008	1.2718863487243652	48.13186264038086	8.781499862670898	7.135311603546143	1.255136251449585	0.1488854140043258	0.0102569935843348	0.0199028085917234	0.0069948253221809	0.1473471820354461	0.0107624558731913	0.9789509773254396	0.0133230118080973	12.0	/mnt/bn/seed-aws-va/shwai.he/demystifying-transformers-main/focused-compression-analysis/outputs/layerwise_para_perp/Qwen3-4B__awq_native_l28	48.13186264038086	8.781499862670898	7.135311603546143	1.255136251449585	0.1488854140043258	0.0102569935843348	0.0199028085917234	0.0069948253221809	0.1473471820354461	0.0107624558731913	0.9789509773254396	0.0133230118080973
awq_native	awq_native_l29	29.0	attn_out	29	-0.0533721260726451	0.0437146984040737	0.7974027991294861	0.4865826070308685	4.138709545135498	1.341472029685974	15.996867179870604	6.065427780151367	4.255748271942139	1.299878478050232	0.2738022804260254	0.0437047518789768	0.0578051321208477	0.0376579947769641	0.265173077583313	0.0424437969923019	0.9399482607841492	0.0611400455236434	12.0	/mnt/bn/seed-aws-va/shwai.he/demystifying-transformers-main/focused-compression-analysis/outputs/layerwise_para_perp/Qwen3-4B__awq_native_l29	15.996867179870604	6.065427780151367	4.255748271942139	1.299878478050232	0.2738022804260254	0.0437047518789768	0.0578051321208477	0.0376579947769641	0.265173077583313	0.0424437969923019	0.9399482607841492	0.0611400455236434
awq_native	awq_native_l29	29.0	block_out	29	-0.0275410637259483	0.0072289588861167	1.430822730064392	0.4364603459835052	8.207474708557129	1.196849703788757	51.79378890991211	6.724797248840332	8.339792251586914	1.2168422937393188	0.161172941327095	0.0141305942088365	0.0275410637259483	0.0072289588861167	0.1586339324712753	0.0141739612445235	0.9685871601104736	0.0127725452184677	12.0	/mnt/bn/seed-aws-va/shwai.he/demystifying-transformers-main/focused-compression-analysis/outputs/layerwise_para_perp/Qwen3-4B__awq_native_l29	51.79378890991211	6.724797248840332	8.339792251586914	1.2168422937393188	0.161172941327095	0.0141305942088365	0.0275410637259483	0.0072289588861167	0.1586339324712753	0.0141739612445235	0.9685871601104736	0.0127725452184677
awq_native	awq_native_l29	29.0	mlp_out	29	-0.02937070466578	0.0078653544187545	1.429360032081604	0.416536808013916	6.959537029266357	1.417565107345581	48.9538459777832	7.520463466644287	7.113775730133057	1.4336721897125244	0.1444767564535141	0.0107781933620572	0.02937070466578	0.0078653544187545	0.1412584781646728	0.0105472560971975	0.956162452697754	0.0215453244745731	12.0	/mnt/bn/seed-aws-va/shwai.he/demystifying-transformers-main/focused-compression-analysis/outputs/layerwise_para_perp/Qwen3-4B__awq_native_l29	48.9538459777832	7.520463466644287	7.113775730133057	1.4336721897125244	0.1444767564535141	0.0107781933620572	0.02937070466578	0.0078653544187545	0.1412584781646728	0.0105472560971975	0.956162452697754	0.0215453244745731
awq_native	awq_native_l3	3.0	attn_out	3	-0.0257201585918664	0.0060154474340379	0.0901985689997673	0.026046086102724	0.3844958543777466	0.0574741214513778	3.509312868118286	0.6009883284568787	0.3954986035823822	0.0594590194523334	0.1132919788360595	0.0069771218113601	0.0257201585918664	0.0060154474340379	0.1101629361510276	0.0070830374024808	0.9455417990684508	0.0242019593715667	12.0	/mnt/bn/seed-aws-va/shwai.he/demystifying-transformers-main/focused-compression-analysis/outputs/layerwise_para_perp/Qwen3-4B__awq_native_l3	3.509312868118286	0.6009883284568787	0.3954986035823822	0.0594590194523334	0.1132919788360595	0.0069771218113601	0.0257201585918664	0.0060154474340379	0.1101629361510276	0.0070830374024808	0.9455417990684508	0.0242019593715667
awq_native	awq_native_l3	3.0	block_out	3	-0.0255729313939809	0.0120133366435766	0.1727732867002487	0.1100461259484291	0.8720504641532898	0.574516236782074	7.176808834075928	4.843797206878662	0.8923822045326233	0.5797893404960632	0.1254983097314834	0.0056436895392835	0.0255729313939809	0.0120133366435766	0.12225853651762	0.0060192393139004	0.9495285153388976	0.0398473106324672	12.0	/mnt/bn/seed-aws-va/shwai.he/demystifying-transformers-main/focused-compression-analysis/outputs/layerwise_para_perp/Qwen3-4B__awq_native_l3	7.176808834075928	4.843797206878662	0.8923822045326233	0.5797893404960632	0.1254983097314834	0.0056436895392835	0.0255729313939809	0.0120133366435766	0.12225853651762	0.0060192393139004	0.9495285153388976	0.0398473106324672
awq_native	awq_native_l3	3.0	mlp_out	3	-0.030809311196208	0.0172906257212162	0.1730657666921615	0.102218359708786	0.7692465782165527	0.5998625159263611	6.195565700531006	5.021823406219482	0.7929285168647766	0.6026938557624817	0.1309261471033096	0.0070426212623715	0.0320568457245826	0.0148505214601755	0.1260347515344619	0.0076362271793186	0.9280723929405212	0.0605601631104946	12.0	/mnt/bn/seed-aws-va/shwai.he/demystifying-transformers-main/focused-compression-analysis/outputs/layerwise_para_perp/Qwen3-4B__awq_native_l3	6.195565700531006	5.021823406219482	0.7929285168647766	0.6026938557624817	0.1309261471033096	0.0070426212623715	0.0320568457245826	0.0148505214601755	0.1260347515344619	0.0076362271793186	0.9280723929405212	0.0605601631104946
awq_native	awq_native_l30	30.0	attn_out	30	0.0061409026384353	0.0327805578708648	0.6033796668052673	0.4184637367725372	5.786879062652588	1.121430516242981	27.031532287597656	7.105592250823975	5.840513229370117	1.0831235647201538	0.2212934494018554	0.0278864540159702	0.025430254638195	0.0215772520750761	0.2188424319028854	0.0272793006151914	0.9790694713592528	0.0320680364966392	12.0	/mnt/bn/seed-aws-va/shwai.he/demystifying-transformers-main/focused-compression-analysis/outputs/layerwise_para_perp/Qwen3-4B__awq_native_l30	27.031532287597656	7.105592250823975	5.840513229370117	1.0831235647201538	0.2212934494018554	0.0278864540159702	0.025430254638195	0.0215772520750761	0.2188424319028854	0.0272793006151914	0.9790694713592528	0.0320680364966392
awq_native	awq_native_l30	30.0	block_out	30	-0.0149857439100742	0.007148852571845	1.0321770906448364	0.5181922316551208	9.896300315856934	1.305240035057068	67.50605773925781	7.348269939422607	9.963029861450195	1.3085733652114868	0.1476304531097412	0.0110798561945557	0.0149857439100742	0.007148852571845	0.146666944026947	0.0114298816770315	0.9865742325782776	0.0106166088953614	12.0	/mnt/bn/seed-aws-va/shwai.he/demystifying-transformers-main/focused-compression-analysis/outputs/layerwise_para_perp/Qwen3-4B__awq_native_l30	67.50605773925781	7.348269939422607	9.963029861450195	1.3085733652114868	0.1476304531097412	0.0110798561945557	0.0149857439100742	0.007148852571845	0.146666944026947	0.0114298816770315	0.9865742325782776	0.0106166088953614
awq_native	awq_native_l30	30.0	mlp_out	30	-0.0286092534661293	0.0106399618089199	1.7331066131591797	0.6036313772201538	8.01866626739502	1.24681293964386	59.12934494018555	6.684651851654053	8.225508689880371	1.250033617019653	0.1387942731380462	0.0102071147412061	0.0289065446704626	0.009803557768464	0.1353329122066497	0.0110154505819082	0.9499051570892334	0.0269075762480497	12.0	/mnt/bn/seed-aws-va/shwai.he/demystifying-transformers-main/focused-compression-analysis/outputs/layerwise_para_perp/Qwen3-4B__awq_native_l30	59.12934494018555	6.684651851654053	8.225508689880371	1.250033617019653	0.1387942731380462	0.0102071147412061	0.0289065446704626	0.009803557768464	0.1353329122066497	0.0110154505819082	0.9499051570892334	0.0269075762480497
awq_native	awq_native_l31	31.0	attn_out	31	-0.0153723582625389	0.0236238781362772	0.7011857032775879	0.6872900724411011	7.495728969573975	1.1939985752105713	33.54866409301758	5.896807670593262	7.551018238067627	1.248092770576477	0.2272821813821792	0.0249718837440013	0.0211832448840141	0.0185921266674995	0.2256455421447754	0.0238846410065889	0.9867153167724608	0.0174539200961589	12.0	/mnt/bn/seed-aws-va/shwai.he/demystifying-transformers-main/focused-compression-analysis/outputs/layerwise_para_perp/Qwen3-4B__awq_native_l31	33.54866409301758	5.896807670593262	7.551018238067627	1.248092770576477	0.2272821813821792	0.0249718837440013	0.0211832448840141	0.0185921266674995	0.2256455421447754	0.0238846410065889	0.9867153167724608	0.0174539200961589
awq_native	awq_native_l31	31.0	block_out	31	-0.0273961946368217	0.0077986782416701	2.0331385135650635	0.5911107659339905	12.109173774719238	1.9091534614562988	74.56813049316406	7.059042453765869	12.290507316589355	1.9244338274002075	0.164203479886055	0.0138841904699802	0.0273961946368217	0.0077986782416701	0.1617408692836761	0.0135673889890313	0.970474898815155	0.0157030057162046	12.0	/mnt/bn/seed-aws-va/shwai.he/demystifying-transformers-main/focused-compression-analysis/outputs/layerwise_para_perp/Qwen3-4B__awq_native_l31	74.56813049316406	7.059042453765869	12.290507316589355	1.9244338274002075	0.164203479886055	0.0138841904699802	0.0273961946368217	0.0077986782416701	0.1617408692836761	0.0135673889890313	0.970474898815155	0.0157030057162046
awq_native	awq_native_l31	31.0	mlp_out	31	-0.0309323668479919	0.0059639667160809	1.9811220169067385	0.4004057943820953	9.431157112121582	1.931406617164612	64.48601531982422	7.852211475372315	9.647915840148926	1.918314814567566	0.1484723389148712	0.0144923478364944	0.0309323668479919	0.0059639667160809	0.1450504213571548	0.0149014554917812	0.953626811504364	0.0182420592755079	12.0	/mnt/bn/seed-aws-va/shwai.he/demystifying-transformers-main/focused-compression-analysis/outputs/layerwise_para_perp/Qwen3-4B__awq_native_l31	64.48601531982422	7.852211475372315	9.647915840148926	1.918314814567566	0.1484723389148712	0.0144923478364944	0.0309323668479919	0.0059639667160809	0.1450504213571548	0.0149014554917812	0.953626811504364	0.0182420592755079
awq_native	awq_native_l32	32.0	attn_out	32	-0.0428398102521896	0.0373703017830848	2.283155918121338	1.6160372495651243	9.994542121887209	1.995694279670715	50.74318313598633	11.684596061706545	10.368022918701172	2.0499160289764404	0.2074323147535324	0.0219043940305709	0.04730986058712	0.0315208733081817	0.1997382193803787	0.0195147451013326	0.9303495287895204	0.0645981505513191	12.0	/mnt/bn/seed-aws-va/shwai.he/demystifying-transformers-main/focused-compression-analysis/outputs/layerwise_para_perp/Qwen3-4B__awq_native_l32	50.74318313598633	11.684596061706545	10.368022918701172	2.0499160289764404	0.2074323147535324	0.0219043940305709	0.04730986058712	0.0315208733081817	0.1997382193803787	0.0195147451013326	0.9303495287895204	0.0645981505513191
awq_native	awq_native_l32	32.0	block_out	32	-0.0345897711813449	0.0130223371088504	3.1539955139160156	1.1042680740356443	15.075093269348145	2.5961697101593018	93.04443359375	10.82694149017334	15.45137882232666	2.5338799953460693	0.1654470115900039	0.0114099020138382	0.0345897711813449	0.0130223371088504	0.161223366856575	0.0119955437257885	0.9494451880455016	0.0318161211907863	12.0	/mnt/bn/seed-aws-va/shwai.he/demystifying-transformers-main/focused-compression-analysis/outputs/layerwise_para_perp/Qwen3-4B__awq_native_l32	93.04443359375	10.82694149017334	15.45137882232666	2.5338799953460693	0.1654470115900039	0.0114099020138382	0.0345897711813449	0.0130223371088504	0.161223366856575	0.0119955437257885	0.9494451880455016	0.0318161211907863
awq_native	awq_native_l32	32.0	mlp_out	32	-0.0331232622265815	0.0121409585699439	2.426065444946289	0.7574698328971863	11.180342674255373	2.26462459564209	75.88117218017578	10.376106262207031	11.488696098327637	2.1442928314208984	0.1504977494478225	0.0087400767952203	0.0331232622265815	0.012140953913331	0.1461680382490158	0.0107848448678851	0.9421754479408264	0.0388889275491237	12.0	/mnt/bn/seed-aws-va/shwai.he/demystifying-transformers-main/focused-compression-analysis/outputs/layerwise_para_perp/Qwen3-4B__awq_native_l32	75.88117218017578	10.376106262207031	11.488696098327637	2.1442928314208984	0.1504977494478225	0.0087400767952203	0.0331232622265815	0.012140953913331	0.1461680382490158	0.0107848448678851	0.9421754479408264	0.0388889275491237
awq_native	awq_native_l33	33.0	attn_out	33	-0.0639667361974716	0.0232110414654016	3.348013162612915	1.1698839664459229	12.290135383605955	3.266101598739624	53.45046615600586	14.546245574951172	12.790705680847168	3.2696340084075928	0.2419667989015579	0.0298136584460735	0.063966728746891	0.0232110507786273	0.2321542352437973	0.0301778577268123	0.921236217021942	0.0531206466257572	12.0	/mnt/bn/seed-aws-va/shwai.he/demystifying-transformers-main/focused-compression-analysis/outputs/layerwise_para_perp/Qwen3-4B__awq_native_l33	53.45046615600586	14.546245574951172	12.790705680847168	3.2696340084075928	0.2419667989015579	0.0298136584460735	0.063966728746891	0.0232110507786273	0.2321542352437973	0.0301778577268123	0.921236217021942	0.0531206466257572
awq_native	awq_native_l33	33.0	block_out	33	-0.042019996792078	0.0038971647154539	5.229337215423584	0.9007538557052612	19.424013137817383	2.433546781539917	124.4160385131836	18.083032608032227	20.124616622924805	2.524193286895752	0.1629027873277664	0.0151082659140229	0.042019996792078	0.0038971647154539	0.1573198288679123	0.0153356827795505	0.9318581223487854	0.0147720212116837	12.0	/mnt/bn/seed-aws-va/shwai.he/demystifying-transformers-main/focused-compression-analysis/outputs/layerwise_para_perp/Qwen3-4B__awq_native_l33	124.4160385131836	18.083032608032227	20.124616622924805	2.524193286895752	0.1629027873277664	0.0151082659140229	0.042019996792078	0.0038971647154539	0.1573198288679123	0.0153356827795505	0.9318581223487854	0.0147720212116837
awq_native	awq_native_l33	33.0	mlp_out	33	-0.0343456380069255	0.007418408524245	3.601233720779419	1.0071773529052734	14.768402099609377	2.179130792617798	104.89154815673828	19.515968322753903	15.216586112976074	2.3006751537323	0.1463038176298141	0.0107190143316984	0.0343456380069255	0.007418408524245	0.1420553475618362	0.0102628031745553	0.9430685639381408	0.0208436623215675	12.0	/mnt/bn/seed-aws-va/shwai.he/demystifying-transformers-main/focused-compression-analysis/outputs/layerwise_para_perp/Qwen3-4B__awq_native_l33	104.89154815673828	19.515968322753903	15.216586112976074	2.3006751537323	0.1463038176298141	0.0107190143316984	0.0343456380069255	0.007418408524245	0.1420553475618362	0.0102628031745553	0.9430685639381408	0.0208436623215675
awq_native	awq_native_l34	34.0	attn_out	34	-0.0267706289887428	0.0352288298308849	3.4612605571746826	4.263678550720215	17.997316360473633	3.958421230316162	106.57508087158205	16.721145629882812	18.571325302124023	4.983738422393799	0.1727461814880371	0.025768332183361	0.0301339831203222	0.0323987677693367	0.1680306196212768	0.0176980905234813	0.957198679447174	0.0692981034517288	12.0	/mnt/bn/seed-aws-va/shwai.he/demystifying-transformers-main/focused-compression-analysis/outputs/layerwise_para_perp/Qwen3-4B__awq_native_l34	106.57508087158205	16.721145629882812	18.571325302124023	4.983738422393799	0.1727461814880371	0.025768332183361	0.0301339831203222	0.0323987677693367	0.1680306196212768	0.0176980905234813	0.957198679447174	0.0692981034517288
awq_native	awq_native_l34	34.0	block_out	34	-0.0125080486759543	0.0191563423722982	3.4505398273468018	3.4947290420532227	24.59703254699707	4.178606986999512	201.9527587890625	20.833885192871097	24.98713493347168	4.715638160705566	0.123558722436428	0.0175024904310703	0.0163540244102478	0.0159988328814506	0.121729701757431	0.0152169838547706	0.9747378826141356	0.0364751331508159	12.0	/mnt/bn/seed-aws-va/shwai.he/demystifying-transformers-main/focused-compression-analysis/outputs/layerwise_para_perp/Qwen3-4B__awq_native_l34	201.9527587890625	20.833885192871097	24.98713493347168	4.715638160705566	0.123558722436428	0.0175024904310703	0.0163540244102478	0.0159988328814506	0.121729701757431	0.0152169838547706	0.9747378826141356	0.0364751331508159
awq_native	awq_native_l34	34.0	mlp_out	34	-0.0039926911704242	0.0133639611303806	1.487329125404358	1.4775315523147583	17.09211540222168	2.3024685382843018	146.5600128173828	13.341517448425291	17.209392547607422	2.3819799423217773	0.1174468472599983	0.0121880955994129	0.010019352659583	0.0097030736505985	0.116662859916687	0.0117281638085842	0.9874600768089294	0.0181716736406087	12.0	/mnt/bn/seed-aws-va/shwai.he/demystifying-transformers-main/focused-compression-analysis/outputs/layerwise_para_perp/Qwen3-4B__awq_native_l34	146.5600128173828	13.341517448425291	17.209392547607422	2.3819799423217773	0.1174468472599983	0.0121880955994129	0.010019352659583	0.0097030736505985	0.116662859916687	0.0117281638085842	0.9874600768089294	0.0181716736406087
awq_native	awq_native_l35	35.0	attn_out	35	-0.0104890018701553	0.0097105214372277	1.2298399209976196	0.9627059102058412	15.430357933044434	1.78956139087677	108.55734252929688	18.180034637451172	15.510371208190918	1.7793772220611572	0.1450824439525604	0.0196674838662147	0.0110015152022242	0.0091257896274328	0.144347682595253	0.0198786351829767	0.9894248843193054	0.0117238350212574	12.0	/mnt/bn/seed-aws-va/shwai.he/demystifying-transformers-main/focused-compression-analysis/outputs/layerwise_para_perp/Qwen3-4B__awq_native_l35	108.55734252929688	18.180034637451172	15.510371208190918	1.7793772220611572	0.1450824439525604	0.0196674838662147	0.0110015152022242	0.0091257896274328	0.144347682595253	0.0198786351829767	0.9894248843193054	0.0117238350212574
awq_native	awq_native_l35	35.0	block_out	35	-0.7188089489936829	0.047236006706953	362.6461486816406	41.177398681640625	237.5860595703125	22.57971954345703	503.9115905761719	39.6121826171875	433.8250732421875	44.278770446777344	0.8601905703544617	0.0448886901140213	0.7188089489936829	0.0472353734076023	0.4715021848678589	0.0266644712537527	0.3020589053630829	0.0318894535303115	12.0	/mnt/bn/seed-aws-va/shwai.he/demystifying-transformers-main/focused-compression-analysis/outputs/layerwise_para_perp/Qwen3-4B__awq_native_l35	503.9115905761719	39.6121826171875	433.8250732421875	44.278770446777344	0.8601905703544617	0.0448886901140213	0.7188089489936829	0.0472353734076023	0.4715021848678589	0.0266644712537527	0.3020589053630829	0.0318894535303115
awq_native	awq_native_l35	35.0	mlp_out	35	-0.0229462329298257	0.0111851477995514	6.8052215576171875	2.746399402618408	20.483890533447266	4.316061496734619	306.6493225097656	29.164939880371097	21.690271377563477	4.648017406463623	0.0722798332571983	0.0216049142181873	0.0229462329298257	0.0111851533874869	0.0681765004992485	0.01978568919003	0.8958468437194824	0.0596602968871593	12.0	/mnt/bn/seed-aws-va/shwai.he/demystifying-transformers-main/focused-compression-analysis/outputs/layerwise_para_perp/Qwen3-4B__awq_native_l35	306.6493225097656	29.164939880371097	21.690271377563477	4.648017406463623	0.0722798332571983	0.0216049142181873	0.0229462329298257	0.0111851533874869	0.0681765004992485	0.01978568919003	0.8958468437194824	0.0596602968871593
awq_native	awq_native_l4	4.0	attn_out	4	-0.0221084896475076	0.0072386511601507	0.0728324875235557	0.0376682057976722	0.4365580081939697	0.099745936691761	3.258254289627075	0.958751618862152	0.4435983598232269	0.1023531034588813	0.1390383392572403	0.015859043225646	0.0221084896475076	0.0072386511601507	0.1369894444942474	0.0166095830500125	0.9693184494972228	0.0229362286627292	12.0	/mnt/bn/seed-aws-va/shwai.he/demystifying-transformers-main/focused-compression-analysis/outputs/layerwise_para_perp/Qwen3-4B__awq_native_l4	3.258254289627075	0.958751618862152	0.4435983598232269	0.1023531034588813	0.1390383392572403	0.015859043225646	0.0221084896475076	0.0072386511601507	0.1369894444942474	0.0166095830500125	0.9693184494972228	0.0229362286627292
awq_native	awq_native_l4	4.0	block_out	4	-0.0318480096757411	0.0116090252995491	0.2947642505168915	0.1175903677940368	0.9756986498832704	0.3395366668701172	9.3059663772583	1.5761706829071045	1.0295788049697876	0.3285635709762573	0.108733482658863	0.0163100119680166	0.0318480096757411	0.0116090159863233	0.1028718426823616	0.0189025551080703	0.8903756737709045	0.0898178741335868	12.0	/mnt/bn/seed-aws-va/shwai.he/demystifying-transformers-main/focused-compression-analysis/outputs/layerwise_para_perp/Qwen3-4B__awq_native_l4	9.3059663772583	1.5761706829071045	1.0295788049697876	0.3285635709762573	0.108733482658863	0.0163100119680166	0.0318480096757411	0.0116090159863233	0.1028718426823616	0.0189025551080703	0.8903756737709045	0.0898178741335868
awq_native	awq_native_l4	4.0	mlp_out	4	-0.0311572272330522	0.0129499211907386	0.2695010304450989	0.1189867779612541	0.8916018605232239	0.334922045469284	8.74682903289795	1.7499237060546875	0.9436634182929992	0.3215813934803009	0.1058429554104805	0.014849679544568	0.0311572272330522	0.0129499211907386	0.0997700318694114	0.0181854292750358	0.8838062286376953	0.1069497540593147	12.0	/mnt/bn/seed-aws-va/shwai.he/demystifying-transformers-main/focused-compression-analysis/outputs/layerwise_para_perp/Qwen3-4B__awq_native_l4	8.74682903289795	1.7499237060546875	0.9436634182929992	0.3215813934803009	0.1058429554104805	0.014849679544568	0.0311572272330522	0.0129499211907386	0.0997700318694114	0.0181854292750358	0.8838062286376953	0.1069497540593147
awq_native	awq_native_l5	5.0	attn_out	5	-0.0207362342625856	0.008416892029345	0.1055830493569374	0.0457450039684772	0.5960803627967834	0.0915904864668846	5.110348224639893	0.6731980443000793	0.6068353056907654	0.0932303965091705	0.1185342296957969	0.0058268597349524	0.0207362305372953	0.0084168976172804	0.1164211854338646	0.0054396674968302	0.9651746153831482	0.0229349303990602	12.0	/mnt/bn/seed-aws-va/shwai.he/demystifying-transformers-main/focused-compression-analysis/outputs/layerwise_para_perp/Qwen3-4B__awq_native_l5	5.110348224639893	0.6731980443000793	0.6068353056907654	0.0932303965091705	0.1185342296957969	0.0058268597349524	0.0207362305372953	0.0084168976172804	0.1164211854338646	0.0054396674968302	0.9651746153831482	0.0229349303990602
awq_native	awq_native_l5	5.0	block_out	5	-0.0292326416820287	0.0071835359558463	0.3422434031963348	0.1475713402032852	1.256545901298523	0.5389075875282288	11.57024097442627	3.96524977684021	1.304804444313049	0.5529215335845947	0.1104233637452125	0.0120057482272386	0.0292326416820287	0.0071835396811366	0.1062390878796577	0.0120233837515115	0.925365686416626	0.0356896519660949	12.0	/mnt/bn/seed-aws-va/shwai.he/demystifying-transformers-main/focused-compression-analysis/outputs/layerwise_para_perp/Qwen3-4B__awq_native_l5	11.57024097442627	3.96524977684021	1.304804444313049	0.5529215335845947	0.1104233637452125	0.0120057482272386	0.0292326416820287	0.0071835396811366	0.1062390878796577	0.0120233837515115	0.925365686416626	0.0356896519660949
awq_native	awq_native_l5	5.0	mlp_out	5	-0.0331903584301471	0.0096231251955032	0.3375463187694549	0.1515943557024002	1.159862399101257	0.5488349795341492	10.169266700744627	4.168041229248047	1.2127273082733154	0.5592062473297119	0.1173831596970558	0.0128639824688434	0.0331903584301471	0.0096231251955032	0.1120284795761108	0.0141316158697009	0.9089534282684326	0.0597970113158226	12.0	/mnt/bn/seed-aws-va/shwai.he/demystifying-transformers-main/focused-compression-analysis/outputs/layerwise_para_perp/Qwen3-4B__awq_native_l5	10.169266700744627	4.168041229248047	1.2127273082733154	0.5592062473297119	0.1173831596970558	0.0128639824688434	0.0331903584301471	0.0096231251955032	0.1120284795761108	0.0141316158697009	0.9089534282684326	0.0597970113158226
awq_native	awq_native_l6	6.0	attn_out	6	-0.0650108456611633	0.0280742403119802	0.4771517515182495	0.2857409119606018	1.133208394050598	0.1024791747331619	7.0615553855896	0.9513904452323914	1.247585654258728	0.2179794311523437	0.1765764951705932	0.0179720818996429	0.0650108456611633	0.0280742403119802	0.1619043201208114	0.0165733769536018	0.8509912490844727	0.1178367435932159	12.0	/mnt/bn/seed-aws-va/shwai.he/demystifying-transformers-main/focused-compression-analysis/outputs/layerwise_para_perp/Qwen3-4B__awq_native_l6	7.0615553855896	0.9513904452323914	1.247585654258728	0.2179794311523437	0.1765764951705932	0.0179720818996429	0.0650108456611633	0.0280742403119802	0.1619043201208114	0.0165733769536018	0.8509912490844727	0.1178367435932159
awq_native	awq_native_l6	6.0	block_out	6	-0.0482617728412151	0.0142947984859347	0.572629988193512	0.1515195071697235	1.5614012479782104	0.4636718332767486	12.216097831726074	2.1704835891723633	1.6787551641464231	0.4308245778083801	0.1358305811882019	0.0096650663763284	0.0482617728412151	0.0142947901040315	0.1257241517305374	0.0142569029703736	0.8547613620758057	0.0849514678120613	12.0	/mnt/bn/seed-aws-va/shwai.he/demystifying-transformers-main/focused-compression-analysis/outputs/layerwise_para_perp/Qwen3-4B__awq_native_l6	12.216097831726074	2.1704835891723633	1.6787551641464231	0.4308245778083801	0.1358305811882019	0.0096650663763284	0.0482617728412151	0.0142947901040315	0.1257241517305374	0.0142569029703736	0.8547613620758057	0.0849514678120613
awq_native	awq_native_l6	6.0	mlp_out	6	-0.0635010972619056	0.0266887787729501	0.6235717535018921	0.2160747945308685	1.5925403833389282	0.4116654098033905	10.402653694152832	2.5103909969329834	1.7256940603256226	0.4039343297481537	0.167043849825859	0.0210234876722097	0.0635010972619056	0.0266887787729501	0.1530254781246185	0.0135706150904297	0.8504063487052917	0.0895713344216346	12.0	/mnt/bn/seed-aws-va/shwai.he/demystifying-transformers-main/focused-compression-analysis/outputs/layerwise_para_perp/Qwen3-4B__awq_native_l6	10.402653694152832	2.5103909969329834	1.7256940603256226	0.4039343297481537	0.167043849825859	0.0210234876722097	0.0635010972619056	0.0266887787729501	0.1530254781246185	0.0135706150904297	0.8504063487052917	0.0895713344216346
awq_native	awq_native_l7	7.0	attn_out	7	-0.0307026207447052	0.0185727421194314	0.1954123973846435	0.1474712789058685	1.0866496562957764	0.1548071056604385	6.1397786140441895	1.432727336883545	1.1110419034957886	0.1740470975637436	0.184977576136589	0.0243504270911216	0.0307026207447052	0.0185727383941411	0.1813564896583557	0.0251370761543512	0.9602975845336914	0.0384046472609043	12.0	/mnt/bn/seed-aws-va/shwai.he/demystifying-transformers-main/focused-compression-analysis/outputs/layerwise_para_perp/Qwen3-4B__awq_native_l7	6.1397786140441895	1.432727336883545	1.1110419034957886	0.1740470975637436	0.184977576136589	0.0243504270911216	0.0307026207447052	0.0185727383941411	0.1813564896583557	0.0251370761543512	0.9602975845336914	0.0384046472609043
awq_native	awq_native_l7	7.0	block_out	7	-0.0392019115388393	0.0162681061774492	0.4636559784412384	0.1855767518281936	1.8364782333374023	0.4832324385643005	12.126053810119627	3.690196990966797	1.9010988473892212	0.4913293421268463	0.1586422324180603	0.0118378307670354	0.0392019115388393	0.0162681136280298	0.1530393213033676	0.0092201475054025	0.9332759976387024	0.0411758907139301	12.0	/mnt/bn/seed-aws-va/shwai.he/demystifying-transformers-main/focused-compression-analysis/outputs/layerwise_para_perp/Qwen3-4B__awq_native_l7	12.126053810119627	3.690196990966797	1.9010988473892212	0.4913293421268463	0.1586422324180603	0.0118378307670354	0.0392019115388393	0.0162681136280298	0.1530393213033676	0.0092201475054025	0.9332759976387024	0.0411758907139301
awq_native	awq_native_l7	7.0	mlp_out	7	-0.0416276045143604	0.0178980529308319	0.4361389875411987	0.1764834076166153	1.6680021286010742	0.471930593252182	10.795517921447754	3.672422409057617	1.731019377708435	0.4794631004333496	0.1631201952695846	0.0130695067346096	0.0416276045143604	0.0178980529308319	0.1569333523511886	0.0098862824961543	0.929025173187256	0.047295905649662	12.0	/mnt/bn/seed-aws-va/shwai.he/demystifying-transformers-main/focused-compression-analysis/outputs/layerwise_para_perp/Qwen3-4B__awq_native_l7	10.795517921447754	3.672422409057617	1.731019377708435	0.4794631004333496	0.1631201952695846	0.0130695067346096	0.0416276045143604	0.0178980529308319	0.1569333523511886	0.0098862824961543	0.929025173187256	0.047295905649662
awq_native	awq_native_l8	8.0	attn_out	8	-0.0355331860482692	0.0185941625386476	0.2932762205600738	0.1322074681520462	1.2718744277954102	0.1908527016639709	8.661674499511719	1.2960864305496216	1.314264178276062	0.1740371584892273	0.1524429768323898	0.0114316744729876	0.0355331860482692	0.0185941625386476	0.1471278220415115	0.0107049299404025	0.93351012468338	0.0541755706071853	12.0	/mnt/bn/seed-aws-va/shwai.he/demystifying-transformers-main/focused-compression-analysis/outputs/layerwise_para_perp/Qwen3-4B__awq_native_l8	8.661674499511719	1.2960864305496216	1.314264178276062	0.1740371584892273	0.1524429768323898	0.0114316744729876	0.0355331860482692	0.0185941625386476	0.1471278220415115	0.0107049299404025	0.93351012468338	0.0541755706071853
awq_native	awq_native_l8	8.0	block_out	8	-0.0352702289819717	0.0109387263655662	0.5626320242881775	0.1572963893413543	2.347837448120117	0.452494740486145	16.51900291442871	3.35119366645813	2.4212613105773926	0.4425870180130005	0.1473082900047302	0.0076298830099403	0.0352702289819717	0.0109387263655662	0.142614334821701	0.0074467891827225	0.9379369616508484	0.0344947464764118	12.0	/mnt/bn/seed-aws-va/shwai.he/demystifying-transformers-main/focused-compression-analysis/outputs/layerwise_para_perp/Qwen3-4B__awq_native_l8	16.51900291442871	3.35119366645813	2.4212613105773926	0.4425870180130005	0.1473082900047302	0.0076298830099403	0.0352702289819717	0.0109387263655662	0.142614334821701	0.0074467891827225	0.9379369616508484	0.0344947464764118
awq_native	awq_native_l8	8.0	mlp_out	8	-0.0353190377354621	0.0095429485663771	0.5071120858192444	0.1341225653886795	2.1946537494659424	0.4567953944206238	14.937820434570312	3.609757661819458	2.257398843765259	0.4521821737289428	0.1526485979557037	0.0090509187430143	0.0353190340101718	0.0095429606735706	0.148210123181343	0.0088751073926687	0.9429502487182616	0.0245273243635892	12.0	/mnt/bn/seed-aws-va/shwai.he/demystifying-transformers-main/focused-compression-analysis/outputs/layerwise_para_perp/Qwen3-4B__awq_native_l8	14.937820434570312	3.609757661819458	2.257398843765259	0.4521821737289428	0.1526485979557037	0.0090509187430143	0.0353190340101718	0.0095429606735706	0.148210123181343	0.0088751073926687	0.9429502487182616	0.0245273243635892
awq_native	awq_native_l9	9.0	attn_out	9	-0.0294612403959035	0.0161903761327266	0.2261640876531601	0.1130124554038047	1.2938224077224731	0.1284578740596771	7.911172389984131	1.3670480251312256	1.3189142942428589	0.1219212934374809	0.1691275388002395	0.0151839591562747	0.0294612403959035	0.0161903761327266	0.1657922863960266	0.0147479176521301	0.9614370465278624	0.0278662759810686	12.0	/mnt/bn/seed-aws-va/shwai.he/demystifying-transformers-main/focused-compression-analysis/outputs/layerwise_para_perp/Qwen3-4B__awq_native_l9	7.911172389984131	1.3670480251312256	1.3189142942428589	0.1219212934374809	0.1691275388002395	0.0151839591562747	0.0294612403959035	0.0161903761327266	0.1657922863960266	0.0147479176521301	0.9614370465278624	0.0278662759810686
awq_native	awq_native_l9	9.0	block_out	9	-0.0277028772979974	0.0071462630294263	0.4722743332386017	0.2592378854751587	2.3658528327941895	0.5751467943191528	16.35334014892578	5.08793830871582	2.416701555252075	0.6146993637084961	0.1495176404714584	0.0080594141036272	0.0277028754353523	0.0071462667547166	0.1467162519693374	0.008735173381865	0.9624102711677552	0.0213521886616945	12.0	/mnt/bn/seed-aws-va/shwai.he/demystifying-transformers-main/focused-compression-analysis/outputs/layerwise_para_perp/Qwen3-4B__awq_native_l9	16.35334014892578	5.08793830871582	2.416701555252075	0.6146993637084961	0.1495176404714584	0.0080594141036272	0.0277028754353523	0.0071462667547166	0.1467162519693374	0.008735173381865	0.9624102711677552	0.0213521886616945
awq_native	awq_native_l9	9.0	mlp_out	9	-0.0318056158721447	0.0070035350508987	0.5133633017539978	0.2683435976505279	2.2936205863952637	0.5474005341529846	15.593493461608888	5.000027656555176	2.354402780532837	0.5938692688941956	0.1532732546329498	0.0088926153257489	0.031805619597435	0.0070035182870924	0.1497312188148498	0.0095752272754907	0.9538279175758362	0.0242155008018016	12.0	/mnt/bn/seed-aws-va/shwai.he/demystifying-transformers-main/focused-compression-analysis/outputs/layerwise_para_perp/Qwen3-4B__awq_native_l9	15.593493461608888	5.000027656555176	2.354402780532837	0.5938692688941956	0.1532732546329498	0.0088926153257489	0.031805619597435	0.0070035182870924	0.1497312188148498	0.0095752272754907	0.9538279175758362	0.0242155008018016
dense_baseline_track	dense_baseline_track		attn_out	0	-1.0	0.0	3.8522732257843018	0.5188212990760803	0.0	0.0	3.8522732257843018	0.5188212990760803	3.8522732257843018	0.5188212990760803	1.0	0.0	1.0	0.0	0.0	0.0	0.0	0.0	12.0	/mnt/bn/seed-aws-va/shwai.he/demystifying-transformers-main/focused-compression-analysis/outputs/layerwise_para_perp/dense_baseline_track	3.8522732257843018	0.5188212990760803	3.8522732257843018	0.5188212990760803	1.0	0.0	1.0	0.0	0.0	0.0	0.0	0.0
dense_baseline_track	dense_baseline_track		attn_out	1	-1.0	0.0	2.587146520614624	0.3294939696788788	0.0	0.0	2.587146520614624	0.3294939696788788	2.587146520614624	0.3294939696788788	1.0	0.0	1.0	0.0	0.0	0.0	0.0	0.0	12.0	/mnt/bn/seed-aws-va/shwai.he/demystifying-transformers-main/focused-compression-analysis/outputs/layerwise_para_perp/dense_baseline_track	2.587146520614624	0.3294939696788788	2.587146520614624	0.3294939696788788	1.0	0.0	1.0	0.0	0.0	0.0	0.0	0.0
dense_baseline_track	dense_baseline_track		attn_out	2	-1.0	0.0	2.72405743598938	0.3695814907550812	0.0	0.0	2.72405743598938	0.3695814907550812	2.72405743598938	0.3695814907550812	1.0	0.0	1.0	0.0	0.0	0.0	0.0	0.0	12.0	/mnt/bn/seed-aws-va/shwai.he/demystifying-transformers-main/focused-compression-analysis/outputs/layerwise_para_perp/dense_baseline_track	2.72405743598938	0.3695814907550812	2.72405743598938	0.3695814907550812	1.0	0.0	1.0	0.0	0.0	0.0	0.0	0.0
dense_baseline_track	dense_baseline_track		attn_out	3	-1.0	0.0	3.509312868118286	0.6009883284568787	0.0	0.0	3.509312868118286	0.6009883284568787	3.509312868118286	0.6009883284568787	1.0	0.0	1.0	0.0	0.0	0.0	0.0	0.0	12.0	/mnt/bn/seed-aws-va/shwai.he/demystifying-transformers-main/focused-compression-analysis/outputs/layerwise_para_perp/dense_baseline_track	3.509312868118286	0.6009883284568787	3.509312868118286	0.6009883284568787	1.0	0.0	1.0	0.0	0.0	0.0	0.0	0.0
dense_baseline_track	dense_baseline_track		attn_out	4	-1.0	0.0	3.258254289627075	0.958751618862152	0.0	0.0	3.258254289627075	0.958751618862152	3.258254289627075	0.958751618862152	1.0	0.0	1.0	0.0	0.0	0.0	0.0	0.0	12.0	/mnt/bn/seed-aws-va/shwai.he/demystifying-transformers-main/focused-compression-analysis/outputs/layerwise_para_perp/dense_baseline_track	3.258254289627075	0.958751618862152	3.258254289627075	0.958751618862152	1.0	0.0	1.0	0.0	0.0	0.0	0.0	0.0
dense_baseline_track	dense_baseline_track		attn_out	5	-1.0	0.0	5.110348224639893	0.6731980443000793	0.0	0.0	5.110348224639893	0.6731980443000793	5.110348224639893	0.6731980443000793	1.0	0.0	1.0	0.0	0.0	0.0	0.0	0.0	12.0	/mnt/bn/seed-aws-va/shwai.he/demystifying-transformers-main/focused-compression-analysis/outputs/layerwise_para_perp/dense_baseline_track	5.110348224639893	0.6731980443000793	5.110348224639893	0.6731980443000793	1.0	0.0	1.0	0.0	0.0	0.0	0.0	0.0
dense_baseline_track	dense_baseline_track		attn_out	6	-1.0	0.0	7.0615553855896	0.9513904452323914	0.0	0.0	7.0615553855896	0.9513904452323914	7.0615553855896	0.9513904452323914	1.0	0.0	1.0	0.0	0.0	0.0	0.0	0.0	12.0	/mnt/bn/seed-aws-va/shwai.he/demystifying-transformers-main/focused-compression-analysis/outputs/layerwise_para_perp/dense_baseline_track	7.0615553855896	0.9513904452323914	7.0615553855896	0.9513904452323914	1.0	0.0	1.0	0.0	0.0	0.0	0.0	0.0
dense_baseline_track	dense_baseline_track		attn_out	7	-1.0	0.0	6.1397786140441895	1.432727336883545	0.0	0.0	6.1397786140441895	1.432727336883545	6.1397786140441895	1.432727336883545	1.0	0.0	1.0	0.0	0.0	0.0	0.0	0.0	12.0	/mnt/bn/seed-aws-va/shwai.he/demystifying-transformers-main/focused-compression-analysis/outputs/layerwise_para_perp/dense_baseline_track	6.1397786140441895	1.432727336883545	6.1397786140441895	1.432727336883545	1.0	0.0	1.0	0.0	0.0	0.0	0.0	0.0
dense_baseline_track	dense_baseline_track		attn_out	8	-1.0	0.0	8.661674499511719	1.2960864305496216	0.0	0.0	8.661674499511719	1.2960864305496216	8.661674499511719	1.2960864305496216	1.0	0.0	1.0	0.0	0.0	0.0	0.0	0.0	12.0	/mnt/bn/seed-aws-va/shwai.he/demystifying-transformers-main/focused-compression-analysis/outputs/layerwise_para_perp/dense_baseline_track	8.661674499511719	1.2960864305496216	8.661674499511719	1.2960864305496216	1.0	0.0	1.0	0.0	0.0	0.0	0.0	0.0
dense_baseline_track	dense_baseline_track		attn_out	9	-1.0	0.0	7.911172389984131	1.3670480251312256	0.0	0.0	7.911172389984131	1.3670480251312256	7.911172389984131	1.3670480251312256	1.0	0.0	1.0	0.0	0.0	0.0	0.0	0.0	12.0	/mnt/bn/seed-aws-va/shwai.he/demystifying-transformers-main/focused-compression-analysis/outputs/layerwise_para_perp/dense_baseline_track	7.911172389984131	1.3670480251312256	7.911172389984131	1.3670480251312256	1.0	0.0	1.0	0.0	0.0	0.0	0.0	0.0
dense_baseline_track	dense_baseline_track		attn_out	10	-1.0	0.0	9.636845588684082	1.359122395515442	0.0	0.0	9.636845588684082	1.359122395515442	9.636845588684082	1.359122395515442	1.0	0.0	1.0	0.0	0.0	0.0	0.0	0.0	12.0	/mnt/bn/seed-aws-va/shwai.he/demystifying-transformers-main/focused-compression-analysis/outputs/layerwise_para_perp/dense_baseline_track	9.636845588684082	1.359122395515442	9.636845588684082	1.359122395515442	1.0	0.0	1.0	0.0	0.0	0.0	0.0	0.0
dense_baseline_track	dense_baseline_track		attn_out	11	-1.0	0.0	8.743943214416504	1.401208996772766	0.0	0.0	8.743943214416504	1.401208996772766	8.743943214416504	1.401208996772766	1.0	0.0	1.0	0.0	0.0	0.0	0.0	0.0	12.0	/mnt/bn/seed-aws-va/shwai.he/demystifying-transformers-main/focused-compression-analysis/outputs/layerwise_para_perp/dense_baseline_track	8.743943214416504	1.401208996772766	8.743943214416504	1.401208996772766	1.0	0.0	1.0	0.0	0.0	0.0	0.0	0.0
dense_baseline_track	dense_baseline_track		attn_out	12	-1.0	0.0	10.3915376663208	0.7736988663673401	0.0	0.0	10.3915376663208	0.7736988663673401	10.3915376663208	0.7736988663673401	1.0	0.0	1.0	0.0	0.0	0.0	0.0	0.0	12.0	/mnt/bn/seed-aws-va/shwai.he/demystifying-transformers-main/focused-compression-analysis/outputs/layerwise_para_perp/dense_baseline_track	10.3915376663208	0.7736988663673401	10.3915376663208	0.7736988663673401	1.0	0.0	1.0	0.0	0.0	0.0	0.0	0.0
dense_baseline_track	dense_baseline_track		attn_out	13	-1.0	0.0	9.11807632446289	1.8696048259735107	0.0	0.0	9.11807632446289	1.8696048259735107	9.11807632446289	1.8696048259735107	1.0	0.0	1.0	0.0	0.0	0.0	0.0	0.0	12.0	/mnt/bn/seed-aws-va/shwai.he/demystifying-transformers-main/focused-compression-analysis/outputs/layerwise_para_perp/dense_baseline_track	9.11807632446289	1.8696048259735107	9.11807632446289	1.8696048259735107	1.0	0.0	1.0	0.0	0.0	0.0	0.0	0.0
dense_baseline_track	dense_baseline_track		attn_out	14	-1.0	0.0	10.176310539245604	1.068668246269226	0.0	0.0	10.176310539245604	1.068668246269226	10.176310539245604	1.068668246269226	1.0	0.0	1.0	0.0	0.0	0.0	0.0	0.0	12.0	/mnt/bn/seed-aws-va/shwai.he/demystifying-transformers-main/focused-compression-analysis/outputs/layerwise_para_perp/dense_baseline_track	10.176310539245604	1.068668246269226	10.176310539245604	1.068668246269226	1.0	0.0	1.0	0.0	0.0	0.0	0.0	0.0
dense_baseline_track	dense_baseline_track		attn_out	15	-1.0	0.0	10.134062767028809	2.2064037322998047	0.0	0.0	10.134062767028809	2.2064037322998047	10.134062767028809	2.2064037322998047	1.0	0.0	1.0	0.0	0.0	0.0	0.0	0.0	12.0	/mnt/bn/seed-aws-va/shwai.he/demystifying-transformers-main/focused-compression-analysis/outputs/layerwise_para_perp/dense_baseline_track	10.134062767028809	2.2064037322998047	10.134062767028809	2.2064037322998047	1.0	0.0	1.0	0.0	0.0	0.0	0.0	0.0
dense_baseline_track	dense_baseline_track		attn_out	16	-1.0	0.0	9.016239166259766	1.063526272773743	0.0	0.0	9.016239166259766	1.063526272773743	9.016239166259766	1.063526272773743	1.0	0.0	1.0	0.0	0.0	0.0	0.0	0.0	12.0	/mnt/bn/seed-aws-va/shwai.he/demystifying-transformers-main/focused-compression-analysis/outputs/layerwise_para_perp/dense_baseline_track	9.016239166259766	1.063526272773743	9.016239166259766	1.063526272773743	1.0	0.0	1.0	0.0	0.0	0.0	0.0	0.0
dense_baseline_track	dense_baseline_track		attn_out	17	-1.0	0.0	10.008103370666504	1.3305584192276	0.0	0.0	10.008103370666504	1.3305584192276	10.008103370666504	1.3305584192276	1.0	0.0	1.0	0.0	0.0	0.0	0.0	0.0	12.0	/mnt/bn/seed-aws-va/shwai.he/demystifying-transformers-main/focused-compression-analysis/outputs/layerwise_para_perp/dense_baseline_track	10.008103370666504	1.3305584192276	10.008103370666504	1.3305584192276	1.0	0.0	1.0	0.0	0.0	0.0	0.0	0.0
dense_baseline_track	dense_baseline_track		attn_out	18	-1.0	0.0	10.499770164489746	1.513670563697815	0.0	0.0	10.499770164489746	1.513670563697815	10.499770164489746	1.513670563697815	1.0	0.0	1.0	0.0	0.0	0.0	0.0	0.0	12.0	/mnt/bn/seed-aws-va/shwai.he/demystifying-transformers-main/focused-compression-analysis/outputs/layerwise_para_perp/dense_baseline_track	10.499770164489746	1.513670563697815	10.499770164489746	1.513670563697815	1.0	0.0	1.0	0.0	0.0	0.0	0.0	0.0
dense_baseline_track	dense_baseline_track		attn_out	19	-1.0	0.0	14.262450218200684	1.136812686920166	0.0	0.0	14.262450218200684	1.136812686920166	14.262450218200684	1.136812686920166	1.0	0.0	1.0	0.0	0.0	0.0	0.0	0.0	12.0	/mnt/bn/seed-aws-va/shwai.he/demystifying-transformers-main/focused-compression-analysis/outputs/layerwise_para_perp/dense_baseline_track	14.262450218200684	1.136812686920166	14.262450218200684	1.136812686920166	1.0	0.0	1.0	0.0	0.0	0.0	0.0	0.0
dense_baseline_track	dense_baseline_track		attn_out	20	-1.0	0.0	10.422728538513184	1.281166672706604	0.0	0.0	10.422728538513184	1.281166672706604	10.422728538513184	1.281166672706604	1.0	0.0	1.0	0.0	0.0	0.0	0.0	0.0	12.0	/mnt/bn/seed-aws-va/shwai.he/demystifying-transformers-main/focused-compression-analysis/outputs/layerwise_para_perp/dense_baseline_track	10.422728538513184	1.281166672706604	10.422728538513184	1.281166672706604	1.0	0.0	1.0	0.0	0.0	0.0	0.0	0.0
dense_baseline_track	dense_baseline_track		attn_out	21	-1.0	0.0	11.00924301147461	1.2629848718643188	0.0	0.0	11.00924301147461	1.2629848718643188	11.00924301147461	1.2629848718643188	1.0	0.0	1.0	0.0	0.0	0.0	0.0	0.0	12.0	/mnt/bn/seed-aws-va/shwai.he/demystifying-transformers-main/focused-compression-analysis/outputs/layerwise_para_perp/dense_baseline_track	11.00924301147461	1.2629848718643188	11.00924301147461	1.2629848718643188	1.0	0.0	1.0	0.0	0.0	0.0	0.0	0.0
dense_baseline_track	dense_baseline_track		attn_out	22	-1.0	0.0	17.58876609802246	3.5424110889434814	0.0	0.0	17.58876609802246	3.5424110889434814	17.58876609802246	3.5424110889434814	1.0	0.0	1.0	0.0	0.0	0.0	0.0	0.0	12.0	/mnt/bn/seed-aws-va/shwai.he/demystifying-transformers-main/focused-compression-analysis/outputs/layerwise_para_perp/dense_baseline_track	17.58876609802246	3.5424110889434814	17.58876609802246	3.5424110889434814	1.0	0.0	1.0	0.0	0.0	0.0	0.0	0.0
dense_baseline_track	dense_baseline_track		attn_out	23	-1.0	0.0	17.396305084228516	5.1606221199035645	0.0	0.0	17.396305084228516	5.1606221199035645	17.396305084228516	5.1606221199035645	1.0	0.0	1.0	0.0	0.0	0.0	0.0	0.0	12.0	/mnt/bn/seed-aws-va/shwai.he/demystifying-transformers-main/focused-compression-analysis/outputs/layerwise_para_perp/dense_baseline_track	17.396305084228516	5.1606221199035645	17.396305084228516	5.1606221199035645	1.0	0.0	1.0	0.0	0.0	0.0	0.0	0.0
dense_baseline_track	dense_baseline_track		attn_out	24	-1.0	0.0	15.16714572906494	3.3803374767303467	0.0	0.0	15.16714572906494	3.3803374767303467	15.16714572906494	3.3803374767303467	1.0	0.0	1.0	0.0	0.0	0.0	0.0	0.0	12.0	/mnt/bn/seed-aws-va/shwai.he/demystifying-transformers-main/focused-compression-analysis/outputs/layerwise_para_perp/dense_baseline_track	15.16714572906494	3.3803374767303467	15.16714572906494	3.3803374767303467	1.0	0.0	1.0	0.0	0.0	0.0	0.0	0.0
dense_baseline_track	dense_baseline_track		attn_out	25	-1.0	0.0	13.57285213470459	4.791080474853516	0.0	0.0	13.57285213470459	4.791080474853516	13.57285213470459	4.791080474853516	1.0	0.0	1.0	0.0	0.0	0.0	0.0	0.0	12.0	/mnt/bn/seed-aws-va/shwai.he/demystifying-transformers-main/focused-compression-analysis/outputs/layerwise_para_perp/dense_baseline_track	13.57285213470459	4.791080474853516	13.57285213470459	4.791080474853516	1.0	0.0	1.0	0.0	0.0	0.0	0.0	0.0
dense_baseline_track	dense_baseline_track		attn_out	26	-1.0	0.0	13.742465019226074	4.162558078765869	0.0	0.0	13.742465019226074	4.162558078765869	13.742465019226074	4.162558078765869	1.0	0.0	1.0	0.0	0.0	0.0	0.0	0.0	12.0	/mnt/bn/seed-aws-va/shwai.he/demystifying-transformers-main/focused-compression-analysis/outputs/layerwise_para_perp/dense_baseline_track	13.742465019226074	4.162558078765869	13.742465019226074	4.162558078765869	1.0	0.0	1.0	0.0	0.0	0.0	0.0	0.0
dense_baseline_track	dense_baseline_track		attn_out	27	-1.0	0.0	15.214396476745604	4.473259925842285	0.0	0.0	15.214396476745604	4.473259925842285	15.214396476745604	4.473259925842285	1.0	0.0	1.0	0.0	0.0	0.0	0.0	0.0	12.0	/mnt/bn/seed-aws-va/shwai.he/demystifying-transformers-main/focused-compression-analysis/outputs/layerwise_para_perp/dense_baseline_track	15.214396476745604	4.473259925842285	15.214396476745604	4.473259925842285	1.0	0.0	1.0	0.0	0.0	0.0	0.0	0.0
dense_baseline_track	dense_baseline_track		attn_out	28	-1.0	0.0	17.34990119934082	2.729655504226685	0.0	0.0	17.34990119934082	2.729655504226685	17.34990119934082	2.729655504226685	1.0	0.0	1.0	0.0	0.0	0.0	0.0	0.0	12.0	/mnt/bn/seed-aws-va/shwai.he/demystifying-transformers-main/focused-compression-analysis/outputs/layerwise_para_perp/dense_baseline_track	17.34990119934082	2.729655504226685	17.34990119934082	2.729655504226685	1.0	0.0	1.0	0.0	0.0	0.0	0.0	0.0
dense_baseline_track	dense_baseline_track		attn_out	29	-1.0	0.0	15.996867179870604	6.065427780151367	0.0	0.0	15.996867179870604	6.065427780151367	15.996867179870604	6.065427780151367	1.0	0.0	1.0	0.0	0.0	0.0	0.0	0.0	12.0	/mnt/bn/seed-aws-va/shwai.he/demystifying-transformers-main/focused-compression-analysis/outputs/layerwise_para_perp/dense_baseline_track	15.996867179870604	6.065427780151367	15.996867179870604	6.065427780151367	1.0	0.0	1.0	0.0	0.0	0.0	0.0	0.0
dense_baseline_track	dense_baseline_track		attn_out	30	-1.0	0.0	27.031532287597656	7.105592250823975	0.0	0.0	27.031532287597656	7.105592250823975	27.031532287597656	7.105592250823975	1.0	0.0	1.0	0.0	0.0	0.0	0.0	0.0	12.0	/mnt/bn/seed-aws-va/shwai.he/demystifying-transformers-main/focused-compression-analysis/outputs/layerwise_para_perp/dense_baseline_track	27.031532287597656	7.105592250823975	27.031532287597656	7.105592250823975	1.0	0.0	1.0	0.0	0.0	0.0	0.0	0.0
dense_baseline_track	dense_baseline_track		attn_out	31	-1.0	0.0	33.54866409301758	5.896807670593262	0.0	0.0	33.54866409301758	5.896807670593262	33.54866409301758	5.896807670593262	1.0	0.0	1.0	0.0	0.0	0.0	0.0	0.0	12.0	/mnt/bn/seed-aws-va/shwai.he/demystifying-transformers-main/focused-compression-analysis/outputs/layerwise_para_perp/dense_baseline_track	33.54866409301758	5.896807670593262	33.54866409301758	5.896807670593262	1.0	0.0	1.0	0.0	0.0	0.0	0.0	0.0
dense_baseline_track	dense_baseline_track		attn_out	32	-1.0	0.0	50.74318313598633	11.684596061706545	0.0	0.0	50.74318313598633	11.684596061706545	50.74318313598633	11.684596061706545	1.0	0.0	1.0	0.0	0.0	0.0	0.0	0.0	12.0	/mnt/bn/seed-aws-va/shwai.he/demystifying-transformers-main/focused-compression-analysis/outputs/layerwise_para_perp/dense_baseline_track	50.74318313598633	11.684596061706545	50.74318313598633	11.684596061706545	1.0	0.0	1.0	0.0	0.0	0.0	0.0	0.0
dense_baseline_track	dense_baseline_track		attn_out	33	-1.0	0.0	53.45046615600586	14.546245574951172	0.0	0.0	53.45046615600586	14.546245574951172	53.45046615600586	14.546245574951172	1.0	0.0	1.0	0.0	0.0	0.0	0.0	0.0	12.0	/mnt/bn/seed-aws-va/shwai.he/demystifying-transformers-main/focused-compression-analysis/outputs/layerwise_para_perp/dense_baseline_track	53.45046615600586	14.546245574951172	53.45046615600586	14.546245574951172	1.0	0.0	1.0	0.0	0.0	0.0	0.0	0.0
dense_baseline_track	dense_baseline_track		attn_out	34	-1.0	0.0	106.57508087158205	16.721145629882812	0.0	0.0	106.57508087158205	16.721145629882812	106.57508087158205	16.721145629882812	1.0	0.0	1.0	0.0	0.0	0.0	0.0	0.0	12.0	/mnt/bn/seed-aws-va/shwai.he/demystifying-transformers-main/focused-compression-analysis/outputs/layerwise_para_perp/dense_baseline_track	106.57508087158205	16.721145629882812	106.57508087158205	16.721145629882812	1.0	0.0	1.0	0.0	0.0	0.0	0.0	0.0
dense_baseline_track	dense_baseline_track		attn_out	35	-1.0	0.0	108.55734252929688	18.180034637451172	0.0	0.0	108.55734252929688	18.180034637451172	108.55734252929688	18.180034637451172	1.0	0.0	1.0	0.0	0.0	0.0	0.0	0.0	12.0	/mnt/bn/seed-aws-va/shwai.he/demystifying-transformers-main/focused-compression-analysis/outputs/layerwise_para_perp/dense_baseline_track	108.55734252929688	18.180034637451172	108.55734252929688	18.180034637451172	1.0	0.0	1.0	0.0	0.0	0.0	0.0	0.0
dense_baseline_track	dense_baseline_track		block_out	0	-1.0	0.0	7.808135509490967	1.257848858833313	0.0	0.0	7.808135509490967	1.257848858833313	7.808135509490967	1.257848858833313	1.0	0.0	1.0	0.0	0.0	0.0	0.0	0.0	12.0	/mnt/bn/seed-aws-va/shwai.he/demystifying-transformers-main/focused-compression-analysis/outputs/layerwise_para_perp/dense_baseline_track	7.808135509490967	1.257848858833313	7.808135509490967	1.257848858833313	1.0	0.0	1.0	0.0	0.0	0.0	0.0	0.0
dense_baseline_track	dense_baseline_track		block_out	1	-1.0	0.0	3.4068033695220947	0.914424479007721	0.0	0.0	3.4068033695220947	0.914424479007721	3.4068033695220947	0.914424479007721	1.0	0.0	1.0	0.0	0.0	0.0	0.0	0.0	12.0	/mnt/bn/seed-aws-va/shwai.he/demystifying-transformers-main/focused-compression-analysis/outputs/layerwise_para_perp/dense_baseline_track	3.4068033695220947	0.914424479007721	3.4068033695220947	0.914424479007721	1.0	0.0	1.0	0.0	0.0	0.0	0.0	0.0
dense_baseline_track	dense_baseline_track		block_out	2	-1.0	0.0	4.415557384490967	0.9577285647392272	0.0	0.0	4.415557384490967	0.9577285647392272	4.415557384490967	0.9577285647392272	1.0	0.0	1.0	0.0	0.0	0.0	0.0	0.0	12.0	/mnt/bn/seed-aws-va/shwai.he/demystifying-transformers-main/focused-compression-analysis/outputs/layerwise_para_perp/dense_baseline_track	4.415557384490967	0.9577285647392272	4.415557384490967	0.9577285647392272	1.0	0.0	1.0	0.0	0.0	0.0	0.0	0.0
dense_baseline_track	dense_baseline_track		block_out	3	-1.0	0.0	7.176808834075928	4.843797206878662	0.0	0.0	7.176808834075928	4.843797206878662	7.176808834075928	4.843797206878662	1.0	0.0	1.0	0.0	0.0	0.0	0.0	0.0	12.0	/mnt/bn/seed-aws-va/shwai.he/demystifying-transformers-main/focused-compression-analysis/outputs/layerwise_para_perp/dense_baseline_track	7.176808834075928	4.843797206878662	7.176808834075928	4.843797206878662	1.0	0.0	1.0	0.0	0.0	0.0	0.0	0.0
dense_baseline_track	dense_baseline_track		block_out	4	-1.0	0.0	9.3059663772583	1.5761706829071045	0.0	0.0	9.3059663772583	1.5761706829071045	9.3059663772583	1.5761706829071045	1.0	0.0	1.0	0.0	0.0	0.0	0.0	0.0	12.0	/mnt/bn/seed-aws-va/shwai.he/demystifying-transformers-main/focused-compression-analysis/outputs/layerwise_para_perp/dense_baseline_track	9.3059663772583	1.5761706829071045	9.3059663772583	1.5761706829071045	1.0	0.0	1.0	0.0	0.0	0.0	0.0	0.0
dense_baseline_track	dense_baseline_track		block_out	5	-1.0	0.0	11.57024097442627	3.96524977684021	0.0	0.0	11.57024097442627	3.96524977684021	11.57024097442627	3.96524977684021	1.0	0.0	1.0	0.0	0.0	0.0	0.0	0.0	12.0	/mnt/bn/seed-aws-va/shwai.he/demystifying-transformers-main/focused-compression-analysis/outputs/layerwise_para_perp/dense_baseline_track	11.57024097442627	3.96524977684021	11.57024097442627	3.96524977684021	1.0	0.0	1.0	0.0	0.0	0.0	0.0	0.0
dense_baseline_track	dense_baseline_track		block_out	6	-1.0	0.0	12.216097831726074	2.1704835891723633	0.0	0.0	12.216097831726074	2.1704835891723633	12.216097831726074	2.1704835891723633	1.0	0.0	1.0	0.0	0.0	0.0	0.0	0.0	12.0	/mnt/bn/seed-aws-va/shwai.he/demystifying-transformers-main/focused-compression-analysis/outputs/layerwise_para_perp/dense_baseline_track	12.216097831726074	2.1704835891723633	12.216097831726074	2.1704835891723633	1.0	0.0	1.0	0.0	0.0	0.0	0.0	0.0
dense_baseline_track	dense_baseline_track		block_out	7	-1.0	0.0	12.126053810119627	3.690196990966797	0.0	0.0	12.126053810119627	3.690196990966797	12.126053810119627	3.690196990966797	1.0	0.0	1.0	0.0	0.0	0.0	0.0	0.0	12.0	/mnt/bn/seed-aws-va/shwai.he/demystifying-transformers-main/focused-compression-analysis/outputs/layerwise_para_perp/dense_baseline_track	12.126053810119627	3.690196990966797	12.126053810119627	3.690196990966797	1.0	0.0	1.0	0.0	0.0	0.0	0.0	0.0
dense_baseline_track	dense_baseline_track		block_out	8	-1.0	0.0	16.51900291442871	3.35119366645813	0.0	0.0	16.51900291442871	3.35119366645813	16.51900291442871	3.35119366645813	1.0	0.0	1.0	0.0	0.0	0.0	0.0	0.0	12.0	/mnt/bn/seed-aws-va/shwai.he/demystifying-transformers-main/focused-compression-analysis/outputs/layerwise_para_perp/dense_baseline_track	16.51900291442871	3.35119366645813	16.51900291442871	3.35119366645813	1.0	0.0	1.0	0.0	0.0	0.0	0.0	0.0
dense_baseline_track	dense_baseline_track		block_out	9	-1.0	0.0	16.35334014892578	5.08793830871582	0.0	0.0	16.35334014892578	5.08793830871582	16.35334014892578	5.08793830871582	1.0	0.0	1.0	0.0	0.0	0.0	0.0	0.0	12.0	/mnt/bn/seed-aws-va/shwai.he/demystifying-transformers-main/focused-compression-analysis/outputs/layerwise_para_perp/dense_baseline_track	16.35334014892578	5.08793830871582	16.35334014892578	5.08793830871582	1.0	0.0	1.0	0.0	0.0	0.0	0.0	0.0
dense_baseline_track	dense_baseline_track		block_out	10	-1.0	0.0	16.548221588134766	3.941051959991455	0.0	0.0	16.548221588134766	3.941051959991455	16.548221588134766	3.941051959991455	1.0	0.0	1.0	0.0	0.0	0.0	0.0	0.0	12.0	/mnt/bn/seed-aws-va/shwai.he/demystifying-transformers-main/focused-compression-analysis/outputs/layerwise_para_perp/dense_baseline_track	16.548221588134766	3.941051959991455	16.548221588134766	3.941051959991455	1.0	0.0	1.0	0.0	0.0	0.0	0.0	0.0
dense_baseline_track	dense_baseline_track		block_out	11	-1.0	0.0	15.577537536621094	3.3646488189697266	0.0	0.0	15.577537536621094	3.3646488189697266	15.577537536621094	3.3646488189697266	1.0	0.0	1.0	0.0	0.0	0.0	0.0	0.0	12.0	/mnt/bn/seed-aws-va/shwai.he/demystifying-transformers-main/focused-compression-analysis/outputs/layerwise_para_perp/dense_baseline_track	15.577537536621094	3.3646488189697266	15.577537536621094	3.3646488189697266	1.0	0.0	1.0	0.0	0.0	0.0	0.0	0.0
dense_baseline_track	dense_baseline_track		block_out	12	-1.0	0.0	16.199983596801758	2.913947343826294	0.0	0.0	16.199983596801758	2.913947343826294	16.199983596801758	2.913947343826294	1.0	0.0	1.0	0.0	0.0	0.0	0.0	0.0	12.0	/mnt/bn/seed-aws-va/shwai.he/demystifying-transformers-main/focused-compression-analysis/outputs/layerwise_para_perp/dense_baseline_track	16.199983596801758	2.913947343826294	16.199983596801758	2.913947343826294	1.0	0.0	1.0	0.0	0.0	0.0	0.0	0.0
dense_baseline_track	dense_baseline_track		block_out	13	-1.0	0.0	16.054533004760742	3.3017218112945557	0.0	0.0	16.054533004760742	3.3017218112945557	16.054533004760742	3.3017218112945557	1.0	0.0	1.0	0.0	0.0	0.0	0.0	0.0	12.0	/mnt/bn/seed-aws-va/shwai.he/demystifying-transformers-main/focused-compression-analysis/outputs/layerwise_para_perp/dense_baseline_track	16.054533004760742	3.3017218112945557	16.054533004760742	3.3017218112945557	1.0	0.0	1.0	0.0	0.0	0.0	0.0	0.0
dense_baseline_track	dense_baseline_track		block_out	14	-1.0	0.0	16.032020568847656	1.8471813201904297	0.0	0.0	16.032020568847656	1.8471813201904297	16.032020568847656	1.8471813201904297	1.0	0.0	1.0	0.0	0.0	0.0	0.0	0.0	12.0	/mnt/bn/seed-aws-va/shwai.he/demystifying-transformers-main/focused-compression-analysis/outputs/layerwise_para_perp/dense_baseline_track	16.032020568847656	1.8471813201904297	16.032020568847656	1.8471813201904297	1.0	0.0	1.0	0.0	0.0	0.0	0.0	0.0
dense_baseline_track	dense_baseline_track		block_out	15	-1.0	0.0	15.10930633544922	3.770745515823364	0.0	0.0	15.10930633544922	3.770745515823364	15.10930633544922	3.770745515823364	1.0	0.0	1.0	0.0	0.0	0.0	0.0	0.0	12.0	/mnt/bn/seed-aws-va/shwai.he/demystifying-transformers-main/focused-compression-analysis/outputs/layerwise_para_perp/dense_baseline_track	15.10930633544922	3.770745515823364	15.10930633544922	3.770745515823364	1.0	0.0	1.0	0.0	0.0	0.0	0.0	0.0
dense_baseline_track	dense_baseline_track		block_out	16	-1.0	0.0	14.72869110107422	2.667677164077759	0.0	0.0	14.72869110107422	2.667677164077759	14.72869110107422	2.667677164077759	1.0	0.0	1.0	0.0	0.0	0.0	0.0	0.0	12.0	/mnt/bn/seed-aws-va/shwai.he/demystifying-transformers-main/focused-compression-analysis/outputs/layerwise_para_perp/dense_baseline_track	14.72869110107422	2.667677164077759	14.72869110107422	2.667677164077759	1.0	0.0	1.0	0.0	0.0	0.0	0.0	0.0
dense_baseline_track	dense_baseline_track		block_out	17	-1.0	0.0	15.45033359527588	2.47759747505188	0.0	0.0	15.45033359527588	2.47759747505188	15.45033359527588	2.47759747505188	1.0	0.0	1.0	0.0	0.0	0.0	0.0	0.0	12.0	/mnt/bn/seed-aws-va/shwai.he/demystifying-transformers-main/focused-compression-analysis/outputs/layerwise_para_perp/dense_baseline_track	15.45033359527588	2.47759747505188	15.45033359527588	2.47759747505188	1.0	0.0	1.0	0.0	0.0	0.0	0.0	0.0
dense_baseline_track	dense_baseline_track		block_out	18	-1.0	0.0	16.776098251342773	3.1985342502593994	0.0	0.0	16.776098251342773	3.1985342502593994	16.776098251342773	3.1985342502593994	1.0	0.0	1.0	0.0	0.0	0.0	0.0	0.0	12.0	/mnt/bn/seed-aws-va/shwai.he/demystifying-transformers-main/focused-compression-analysis/outputs/layerwise_para_perp/dense_baseline_track	16.776098251342773	3.1985342502593994	16.776098251342773	3.1985342502593994	1.0	0.0	1.0	0.0	0.0	0.0	0.0	0.0
dense_baseline_track	dense_baseline_track		block_out	19	-1.0	0.0	22.308961868286133	2.6669933795928955	0.0	0.0	22.308961868286133	2.6669933795928955	22.308961868286133	2.6669933795928955	1.0	0.0	1.0	0.0	0.0	0.0	0.0	0.0	12.0	/mnt/bn/seed-aws-va/shwai.he/demystifying-transformers-main/focused-compression-analysis/outputs/layerwise_para_perp/dense_baseline_track	22.308961868286133	2.6669933795928955	22.308961868286133	2.6669933795928955	1.0	0.0	1.0	0.0	0.0	0.0	0.0	0.0
dense_baseline_track	dense_baseline_track		block_out	20	-1.0	0.0	19.29698944091797	3.5536956787109375	0.0	0.0	19.29698944091797	3.5536956787109375	19.29698944091797	3.5536956787109375	1.0	0.0	1.0	0.0	0.0	0.0	0.0	0.0	12.0	/mnt/bn/seed-aws-va/shwai.he/demystifying-transformers-main/focused-compression-analysis/outputs/layerwise_para_perp/dense_baseline_track	19.29698944091797	3.5536956787109375	19.29698944091797	3.5536956787109375	1.0	0.0	1.0	0.0	0.0	0.0	0.0	0.0
dense_baseline_track	dense_baseline_track		block_out	21	-1.0	0.0	21.281774520874023	1.4427553415298462	0.0	0.0	21.281774520874023	1.4427553415298462	21.281774520874023	1.4427553415298462	1.0	0.0	1.0	0.0	0.0	0.0	0.0	0.0	12.0	/mnt/bn/seed-aws-va/shwai.he/demystifying-transformers-main/focused-compression-analysis/outputs/layerwise_para_perp/dense_baseline_track	21.281774520874023	1.4427553415298462	21.281774520874023	1.4427553415298462	1.0	0.0	1.0	0.0	0.0	0.0	0.0	0.0
dense_baseline_track	dense_baseline_track		block_out	22	-1.0	0.0	29.8717098236084	2.557027816772461	0.0	0.0	29.8717098236084	2.557027816772461	29.8717098236084	2.557027816772461	1.0	0.0	1.0	0.0	0.0	0.0	0.0	0.0	12.0	/mnt/bn/seed-aws-va/shwai.he/demystifying-transformers-main/focused-compression-analysis/outputs/layerwise_para_perp/dense_baseline_track	29.8717098236084	2.557027816772461	29.8717098236084	2.557027816772461	1.0	0.0	1.0	0.0	0.0	0.0	0.0	0.0
dense_baseline_track	dense_baseline_track		block_out	23	-1.0	0.0	34.502689361572266	2.367973804473877	0.0	0.0	34.502689361572266	2.367973804473877	34.502689361572266	2.367973804473877	1.0	0.0	1.0	0.0	0.0	0.0	0.0	0.0	12.0	/mnt/bn/seed-aws-va/shwai.he/demystifying-transformers-main/focused-compression-analysis/outputs/layerwise_para_perp/dense_baseline_track	34.502689361572266	2.367973804473877	34.502689361572266	2.367973804473877	1.0	0.0	1.0	0.0	0.0	0.0	0.0	0.0
dense_baseline_track	dense_baseline_track		block_out	24	-1.0	0.0	36.29523849487305	3.210167646408081	0.0	0.0	36.29523849487305	3.210167646408081	36.29523849487305	3.210167646408081	1.0	0.0	1.0	0.0	0.0	0.0	0.0	0.0	12.0	/mnt/bn/seed-aws-va/shwai.he/demystifying-transformers-main/focused-compression-analysis/outputs/layerwise_para_perp/dense_baseline_track	36.29523849487305	3.210167646408081	36.29523849487305	3.210167646408081	1.0	0.0	1.0	0.0	0.0	0.0	0.0	0.0
dense_baseline_track	dense_baseline_track		block_out	25	-1.0	0.0	39.40072250366211	5.512149333953857	0.0	0.0	39.40072250366211	5.512149333953857	39.40072250366211	5.512149333953857	1.0	0.0	1.0	0.0	0.0	0.0	0.0	0.0	12.0	/mnt/bn/seed-aws-va/shwai.he/demystifying-transformers-main/focused-compression-analysis/outputs/layerwise_para_perp/dense_baseline_track	39.40072250366211	5.512149333953857	39.40072250366211	5.512149333953857	1.0	0.0	1.0	0.0	0.0	0.0	0.0	0.0
dense_baseline_track	dense_baseline_track		block_out	26	-1.0	0.0	40.0987434387207	4.964190483093262	0.0	0.0	40.0987434387207	4.964190483093262	40.0987434387207	4.964190483093262	1.0	0.0	1.0	0.0	0.0	0.0	0.0	0.0	12.0	/mnt/bn/seed-aws-va/shwai.he/demystifying-transformers-main/focused-compression-analysis/outputs/layerwise_para_perp/dense_baseline_track	40.0987434387207	4.964190483093262	40.0987434387207	4.964190483093262	1.0	0.0	1.0	0.0	0.0	0.0	0.0	0.0
dense_baseline_track	dense_baseline_track		block_out	27	-1.0	0.0	43.71475601196289	4.607255935668945	0.0	0.0	43.71475601196289	4.607255935668945	43.71475601196289	4.607255935668945	1.0	0.0	1.0	0.0	0.0	0.0	0.0	0.0	12.0	/mnt/bn/seed-aws-va/shwai.he/demystifying-transformers-main/focused-compression-analysis/outputs/layerwise_para_perp/dense_baseline_track	43.71475601196289	4.607255935668945	43.71475601196289	4.607255935668945	1.0	0.0	1.0	0.0	0.0	0.0	0.0	0.0
dense_baseline_track	dense_baseline_track		block_out	28	-1.0	0.0	51.33621597290039	8.466876029968262	0.0	0.0	51.33621597290039	8.466876029968262	51.33621597290039	8.466876029968262	1.0	0.0	1.0	0.0	0.0	0.0	0.0	0.0	12.0	/mnt/bn/seed-aws-va/shwai.he/demystifying-transformers-main/focused-compression-analysis/outputs/layerwise_para_perp/dense_baseline_track	51.33621597290039	8.466876029968262	51.33621597290039	8.466876029968262	1.0	0.0	1.0	0.0	0.0	0.0	0.0	0.0
dense_baseline_track	dense_baseline_track		block_out	29	-1.0	0.0	51.79378890991211	6.724797248840332	0.0	0.0	51.79378890991211	6.724797248840332	51.79378890991211	6.724797248840332	1.0	0.0	1.0	0.0	0.0	0.0	0.0	0.0	12.0	/mnt/bn/seed-aws-va/shwai.he/demystifying-transformers-main/focused-compression-analysis/outputs/layerwise_para_perp/dense_baseline_track	51.79378890991211	6.724797248840332	51.79378890991211	6.724797248840332	1.0	0.0	1.0	0.0	0.0	0.0	0.0	0.0
dense_baseline_track	dense_baseline_track		block_out	30	-1.0	0.0	67.50605773925781	7.348269939422607	0.0	0.0	67.50605773925781	7.348269939422607	67.50605773925781	7.348269939422607	1.0	0.0	1.0	0.0	0.0	0.0	0.0	0.0	12.0	/mnt/bn/seed-aws-va/shwai.he/demystifying-transformers-main/focused-compression-analysis/outputs/layerwise_para_perp/dense_baseline_track	67.50605773925781	7.348269939422607	67.50605773925781	7.348269939422607	1.0	0.0	1.0	0.0	0.0	0.0	0.0	0.0
dense_baseline_track	dense_baseline_track		block_out	31	-1.0	0.0	74.56813049316406	7.059042453765869	0.0	0.0	74.56813049316406	7.059042453765869	74.56813049316406	7.059042453765869	1.0	0.0	1.0	0.0	0.0	0.0	0.0	0.0	12.0	/mnt/bn/seed-aws-va/shwai.he/demystifying-transformers-main/focused-compression-analysis/outputs/layerwise_para_perp/dense_baseline_track	74.56813049316406	7.059042453765869	74.56813049316406	7.059042453765869	1.0	0.0	1.0	0.0	0.0	0.0	0.0	0.0
dense_baseline_track	dense_baseline_track		block_out	32	-1.0	0.0	93.04443359375	10.82694149017334	0.0	0.0	93.04443359375	10.82694149017334	93.04443359375	10.82694149017334	1.0	0.0	1.0	0.0	0.0	0.0	0.0	0.0	12.0	/mnt/bn/seed-aws-va/shwai.he/demystifying-transformers-main/focused-compression-analysis/outputs/layerwise_para_perp/dense_baseline_track	93.04443359375	10.82694149017334	93.04443359375	10.82694149017334	1.0	0.0	1.0	0.0	0.0	0.0	0.0	0.0
dense_baseline_track	dense_baseline_track		block_out	33	-1.0	0.0	124.4160385131836	18.083032608032227	0.0	0.0	124.4160385131836	18.083032608032227	124.4160385131836	18.083032608032227	1.0	0.0	1.0	0.0	0.0	0.0	0.0	0.0	12.0	/mnt/bn/seed-aws-va/shwai.he/demystifying-transformers-main/focused-compression-analysis/outputs/layerwise_para_perp/dense_baseline_track	124.4160385131836	18.083032608032227	124.4160385131836	18.083032608032227	1.0	0.0	1.0	0.0	0.0	0.0	0.0	0.0
dense_baseline_track	dense_baseline_track		block_out	34	-1.0	0.0	201.9527587890625	20.833885192871097	0.0	0.0	201.9527587890625	20.833885192871097	201.9527587890625	20.833885192871097	1.0	0.0	1.0	0.0	0.0	0.0	0.0	0.0	12.0	/mnt/bn/seed-aws-va/shwai.he/demystifying-transformers-main/focused-compression-analysis/outputs/layerwise_para_perp/dense_baseline_track	201.9527587890625	20.833885192871097	201.9527587890625	20.833885192871097	1.0	0.0	1.0	0.0	0.0	0.0	0.0	0.0
dense_baseline_track	dense_baseline_track		block_out	35	-1.0	0.0	282.43145751953125	22.07303237915039	0.0	0.0	282.43145751953125	22.07303237915039	282.43145751953125	22.07303237915039	1.0	0.0	1.0	0.0	0.0	0.0	0.0	0.0	12.0	/mnt/bn/seed-aws-va/shwai.he/demystifying-transformers-main/focused-compression-analysis/outputs/layerwise_para_perp/dense_baseline_track	282.43145751953125	22.07303237915039	282.43145751953125	22.07303237915039	1.0	0.0	1.0	0.0	0.0	0.0	0.0	0.0
dense_baseline_track	dense_baseline_track		mlp_out	0	-1.0	0.0	4.924187183380127	1.8690681457519531	0.0	0.0	4.924187183380127	1.8690681457519531	4.924187183380127	1.8690681457519531	1.0	0.0	1.0	0.0	0.0	0.0	0.0	0.0	12.0	/mnt/bn/seed-aws-va/shwai.he/demystifying-transformers-main/focused-compression-analysis/outputs/layerwise_para_perp/dense_baseline_track	4.924187183380127	1.8690681457519531	4.924187183380127	1.8690681457519531	1.0	0.0	1.0	0.0	0.0	0.0	0.0	0.0
dense_baseline_track	dense_baseline_track		mlp_out	1	-1.0	0.0	2.155550956726074	0.9247154593467712	0.0	0.0	2.155550956726074	0.9247154593467712	2.155550956726074	0.9247154593467712	1.0	0.0	1.0	0.0	0.0	0.0	0.0	0.0	12.0	/mnt/bn/seed-aws-va/shwai.he/demystifying-transformers-main/focused-compression-analysis/outputs/layerwise_para_perp/dense_baseline_track	2.155550956726074	0.9247154593467712	2.155550956726074	0.9247154593467712	1.0	0.0	1.0	0.0	0.0	0.0	0.0	0.0
dense_baseline_track	dense_baseline_track		mlp_out	2	-1.0	0.0	3.589118003845215	0.8690676689147949	0.0	0.0	3.589118003845215	0.8690676689147949	3.589118003845215	0.8690676689147949	1.0	0.0	1.0	0.0	0.0	0.0	0.0	0.0	12.0	/mnt/bn/seed-aws-va/shwai.he/demystifying-transformers-main/focused-compression-analysis/outputs/layerwise_para_perp/dense_baseline_track	3.589118003845215	0.8690676689147949	3.589118003845215	0.8690676689147949	1.0	0.0	1.0	0.0	0.0	0.0	0.0	0.0
dense_baseline_track	dense_baseline_track		mlp_out	3	-1.0	0.0	6.195565700531006	5.021823406219482	0.0	0.0	6.195565700531006	5.021823406219482	6.195565700531006	5.021823406219482	1.0	0.0	1.0	0.0	0.0	0.0	0.0	0.0	12.0	/mnt/bn/seed-aws-va/shwai.he/demystifying-transformers-main/focused-compression-analysis/outputs/layerwise_para_perp/dense_baseline_track	6.195565700531006	5.021823406219482	6.195565700531006	5.021823406219482	1.0	0.0	1.0	0.0	0.0	0.0	0.0	0.0
dense_baseline_track	dense_baseline_track		mlp_out	4	-1.0	0.0	8.74682903289795	1.7499237060546875	0.0	0.0	8.74682903289795	1.7499237060546875	8.74682903289795	1.7499237060546875	1.0	0.0	1.0	0.0	0.0	0.0	0.0	0.0	12.0	/mnt/bn/seed-aws-va/shwai.he/demystifying-transformers-main/focused-compression-analysis/outputs/layerwise_para_perp/dense_baseline_track	8.74682903289795	1.7499237060546875	8.74682903289795	1.7499237060546875	1.0	0.0	1.0	0.0	0.0	0.0	0.0	0.0
dense_baseline_track	dense_baseline_track		mlp_out	5	-1.0	0.0	10.169266700744627	4.168041229248047	0.0	0.0	10.169266700744627	4.168041229248047	10.169266700744627	4.168041229248047	1.0	0.0	1.0	0.0	0.0	0.0	0.0	0.0	12.0	/mnt/bn/seed-aws-va/shwai.he/demystifying-transformers-main/focused-compression-analysis/outputs/layerwise_para_perp/dense_baseline_track	10.169266700744627	4.168041229248047	10.169266700744627	4.168041229248047	1.0	0.0	1.0	0.0	0.0	0.0	0.0	0.0
dense_baseline_track	dense_baseline_track		mlp_out	6	-1.0	0.0	10.402653694152832	2.5103909969329834	0.0	0.0	10.402653694152832	2.5103909969329834	10.402653694152832	2.5103909969329834	1.0	0.0	1.0	0.0	0.0	0.0	0.0	0.0	12.0	/mnt/bn/seed-aws-va/shwai.he/demystifying-transformers-main/focused-compression-analysis/outputs/layerwise_para_perp/dense_baseline_track	10.402653694152832	2.5103909969329834	10.402653694152832	2.5103909969329834	1.0	0.0	1.0	0.0	0.0	0.0	0.0	0.0
dense_baseline_track	dense_baseline_track		mlp_out	7	-1.0	0.0	10.795517921447754	3.672422409057617	0.0	0.0	10.795517921447754	3.672422409057617	10.795517921447754	3.672422409057617	1.0	0.0	1.0	0.0	0.0	0.0	0.0	0.0	12.0	/mnt/bn/seed-aws-va/shwai.he/demystifying-transformers-main/focused-compression-analysis/outputs/layerwise_para_perp/dense_baseline_track	10.795517921447754	3.672422409057617	10.795517921447754	3.672422409057617	1.0	0.0	1.0	0.0	0.0	0.0	0.0	0.0
dense_baseline_track	dense_baseline_track		mlp_out	8	-1.0	0.0	14.937820434570312	3.609757661819458	0.0	0.0	14.937820434570312	3.609757661819458	14.937820434570312	3.609757661819458	1.0	0.0	1.0	0.0	0.0	0.0	0.0	0.0	12.0	/mnt/bn/seed-aws-va/shwai.he/demystifying-transformers-main/focused-compression-analysis/outputs/layerwise_para_perp/dense_baseline_track	14.937820434570312	3.609757661819458	14.937820434570312	3.609757661819458	1.0	0.0	1.0	0.0	0.0	0.0	0.0	0.0
dense_baseline_track	dense_baseline_track		mlp_out	9	-1.0	0.0	15.593493461608888	5.000027656555176	0.0	0.0	15.593493461608888	5.000027656555176	15.593493461608888	5.000027656555176	1.0	0.0	1.0	0.0	0.0	0.0	0.0	0.0	12.0	/mnt/bn/seed-aws-va/shwai.he/demystifying-transformers-main/focused-compression-analysis/outputs/layerwise_para_perp/dense_baseline_track	15.593493461608888	5.000027656555176	15.593493461608888	5.000027656555176	1.0	0.0	1.0	0.0	0.0	0.0	0.0	0.0
dense_baseline_track	dense_baseline_track		mlp_out	10	-1.0	0.0	15.17504596710205	3.5631487369537354	0.0	0.0	15.17504596710205	3.5631487369537354	15.17504596710205	3.5631487369537354	1.0	0.0	1.0	0.0	0.0	0.0	0.0	0.0	12.0	/mnt/bn/seed-aws-va/shwai.he/demystifying-transformers-main/focused-compression-analysis/outputs/layerwise_para_perp/dense_baseline_track	15.17504596710205	3.5631487369537354	15.17504596710205	3.5631487369537354	1.0	0.0	1.0	0.0	0.0	0.0	0.0	0.0
dense_baseline_track	dense_baseline_track		mlp_out	11	-1.0	0.0	14.45043659210205	3.51187515258789	0.0	0.0	14.45043659210205	3.51187515258789	14.45043659210205	3.51187515258789	1.0	0.0	1.0	0.0	0.0	0.0	0.0	0.0	12.0	/mnt/bn/seed-aws-va/shwai.he/demystifying-transformers-main/focused-compression-analysis/outputs/layerwise_para_perp/dense_baseline_track	14.45043659210205	3.51187515258789	14.45043659210205	3.51187515258789	1.0	0.0	1.0	0.0	0.0	0.0	0.0	0.0
dense_baseline_track	dense_baseline_track		mlp_out	12	-1.0	0.0	14.206377983093262	2.9714574813842773	0.0	0.0	14.206377983093262	2.9714574813842773	14.206377983093262	2.9714574813842773	1.0	0.0	1.0	0.0	0.0	0.0	0.0	0.0	12.0	/mnt/bn/seed-aws-va/shwai.he/demystifying-transformers-main/focused-compression-analysis/outputs/layerwise_para_perp/dense_baseline_track	14.206377983093262	2.9714574813842773	14.206377983093262	2.9714574813842773	1.0	0.0	1.0	0.0	0.0	0.0	0.0	0.0
dense_baseline_track	dense_baseline_track		mlp_out	13	-1.0	0.0	14.665913581848145	3.003563404083252	0.0	0.0	14.665913581848145	3.003563404083252	14.665913581848145	3.003563404083252	1.0	0.0	1.0	0.0	0.0	0.0	0.0	0.0	12.0	/mnt/bn/seed-aws-va/shwai.he/demystifying-transformers-main/focused-compression-analysis/outputs/layerwise_para_perp/dense_baseline_track	14.665913581848145	3.003563404083252	14.665913581848145	3.003563404083252	1.0	0.0	1.0	0.0	0.0	0.0	0.0	0.0
dense_baseline_track	dense_baseline_track		mlp_out	14	-1.0	0.0	14.308375358581545	1.7635021209716797	0.0	0.0	14.308375358581545	1.7635021209716797	14.308375358581545	1.7635021209716797	1.0	0.0	1.0	0.0	0.0	0.0	0.0	0.0	12.0	/mnt/bn/seed-aws-va/shwai.he/demystifying-transformers-main/focused-compression-analysis/outputs/layerwise_para_perp/dense_baseline_track	14.308375358581545	1.7635021209716797	14.308375358581545	1.7635021209716797	1.0	0.0	1.0	0.0	0.0	0.0	0.0	0.0
dense_baseline_track	dense_baseline_track		mlp_out	15	-1.0	0.0	14.209195137023926	2.527757167816162	0.0	0.0	14.209195137023926	2.527757167816162	14.209195137023926	2.527757167816162	1.0	0.0	1.0	0.0	0.0	0.0	0.0	0.0	12.0	/mnt/bn/seed-aws-va/shwai.he/demystifying-transformers-main/focused-compression-analysis/outputs/layerwise_para_perp/dense_baseline_track	14.209195137023926	2.527757167816162	14.209195137023926	2.527757167816162	1.0	0.0	1.0	0.0	0.0	0.0	0.0	0.0
dense_baseline_track	dense_baseline_track		mlp_out	16	-1.0	0.0	14.21353244781494	2.2408463954925537	0.0	0.0	14.21353244781494	2.2408463954925537	14.21353244781494	2.2408463954925537	1.0	0.0	1.0	0.0	0.0	0.0	0.0	0.0	12.0	/mnt/bn/seed-aws-va/shwai.he/demystifying-transformers-main/focused-compression-analysis/outputs/layerwise_para_perp/dense_baseline_track	14.21353244781494	2.2408463954925537	14.21353244781494	2.2408463954925537	1.0	0.0	1.0	0.0	0.0	0.0	0.0	0.0
dense_baseline_track	dense_baseline_track		mlp_out	17	-1.0	0.0	15.110057830810549	1.7454731464385986	0.0	0.0	15.110057830810549	1.7454731464385986	15.110057830810549	1.7454731464385986	1.0	0.0	1.0	0.0	0.0	0.0	0.0	0.0	12.0	/mnt/bn/seed-aws-va/shwai.he/demystifying-transformers-main/focused-compression-analysis/outputs/layerwise_para_perp/dense_baseline_track	15.110057830810549	1.7454731464385986	15.110057830810549	1.7454731464385986	1.0	0.0	1.0	0.0	0.0	0.0	0.0	0.0
dense_baseline_track	dense_baseline_track		mlp_out	18	-1.0	0.0	15.306750297546388	2.743739604949951	0.0	0.0	15.306750297546388	2.743739604949951	15.306750297546388	2.743739604949951	1.0	0.0	1.0	0.0	0.0	0.0	0.0	0.0	12.0	/mnt/bn/seed-aws-va/shwai.he/demystifying-transformers-main/focused-compression-analysis/outputs/layerwise_para_perp/dense_baseline_track	15.306750297546388	2.743739604949951	15.306750297546388	2.743739604949951	1.0	0.0	1.0	0.0	0.0	0.0	0.0	0.0
dense_baseline_track	dense_baseline_track		mlp_out	19	-1.0	0.0	19.548030853271484	2.715644598007202	0.0	0.0	19.548030853271484	2.715644598007202	19.548030853271484	2.715644598007202	1.0	0.0	1.0	0.0	0.0	0.0	0.0	0.0	12.0	/mnt/bn/seed-aws-va/shwai.he/demystifying-transformers-main/focused-compression-analysis/outputs/layerwise_para_perp/dense_baseline_track	19.548030853271484	2.715644598007202	19.548030853271484	2.715644598007202	1.0	0.0	1.0	0.0	0.0	0.0	0.0	0.0
dense_baseline_track	dense_baseline_track		mlp_out	20	-1.0	0.0	18.867536544799805	3.018406629562378	0.0	0.0	18.867536544799805	3.018406629562378	18.867536544799805	3.018406629562378	1.0	0.0	1.0	0.0	0.0	0.0	0.0	0.0	12.0	/mnt/bn/seed-aws-va/shwai.he/demystifying-transformers-main/focused-compression-analysis/outputs/layerwise_para_perp/dense_baseline_track	18.867536544799805	3.018406629562378	18.867536544799805	3.018406629562378	1.0	0.0	1.0	0.0	0.0	0.0	0.0	0.0
dense_baseline_track	dense_baseline_track		mlp_out	21	-1.0	0.0	20.359437942504883	1.1511050462722778	0.0	0.0	20.359437942504883	1.1511050462722778	20.359437942504883	1.1511050462722778	1.0	0.0	1.0	0.0	0.0	0.0	0.0	0.0	12.0	/mnt/bn/seed-aws-va/shwai.he/demystifying-transformers-main/focused-compression-analysis/outputs/layerwise_para_perp/dense_baseline_track	20.359437942504883	1.1511050462722778	20.359437942504883	1.1511050462722778	1.0	0.0	1.0	0.0	0.0	0.0	0.0	0.0
dense_baseline_track	dense_baseline_track		mlp_out	22	-1.0	0.0	25.439254760742188	2.180009603500366	0.0	0.0	25.439254760742188	2.180009603500366	25.439254760742188	2.180009603500366	1.0	0.0	1.0	0.0	0.0	0.0	0.0	0.0	12.0	/mnt/bn/seed-aws-va/shwai.he/demystifying-transformers-main/focused-compression-analysis/outputs/layerwise_para_perp/dense_baseline_track	25.439254760742188	2.180009603500366	25.439254760742188	2.180009603500366	1.0	0.0	1.0	0.0	0.0	0.0	0.0	0.0
dense_baseline_track	dense_baseline_track		mlp_out	23	-1.0	0.0	29.80021095275879	2.622103691101074	0.0	0.0	29.80021095275879	2.622103691101074	29.80021095275879	2.622103691101074	1.0	0.0	1.0	0.0	0.0	0.0	0.0	0.0	12.0	/mnt/bn/seed-aws-va/shwai.he/demystifying-transformers-main/focused-compression-analysis/outputs/layerwise_para_perp/dense_baseline_track	29.80021095275879	2.622103691101074	29.80021095275879	2.622103691101074	1.0	0.0	1.0	0.0	0.0	0.0	0.0	0.0
dense_baseline_track	dense_baseline_track		mlp_out	24	-1.0	0.0	32.281436920166016	3.753595352172851	0.0	0.0	32.281436920166016	3.753595352172851	32.281436920166016	3.753595352172851	1.0	0.0	1.0	0.0	0.0	0.0	0.0	0.0	12.0	/mnt/bn/seed-aws-va/shwai.he/demystifying-transformers-main/focused-compression-analysis/outputs/layerwise_para_perp/dense_baseline_track	32.281436920166016	3.753595352172851	32.281436920166016	3.753595352172851	1.0	0.0	1.0	0.0	0.0	0.0	0.0	0.0
dense_baseline_track	dense_baseline_track		mlp_out	25	-1.0	0.0	36.58282852172851	6.259709358215332	0.0	0.0	36.58282852172851	6.259709358215332	36.58282852172851	6.259709358215332	1.0	0.0	1.0	0.0	0.0	0.0	0.0	0.0	12.0	/mnt/bn/seed-aws-va/shwai.he/demystifying-transformers-main/focused-compression-analysis/outputs/layerwise_para_perp/dense_baseline_track	36.58282852172851	6.259709358215332	36.58282852172851	6.259709358215332	1.0	0.0	1.0	0.0	0.0	0.0	0.0	0.0
dense_baseline_track	dense_baseline_track		mlp_out	26	-1.0	0.0	37.251007080078125	5.993751049041748	0.0	0.0	37.251007080078125	5.993751049041748	37.251007080078125	5.993751049041748	1.0	0.0	1.0	0.0	0.0	0.0	0.0	0.0	12.0	/mnt/bn/seed-aws-va/shwai.he/demystifying-transformers-main/focused-compression-analysis/outputs/layerwise_para_perp/dense_baseline_track	37.251007080078125	5.993751049041748	37.251007080078125	5.993751049041748	1.0	0.0	1.0	0.0	0.0	0.0	0.0	0.0
dense_baseline_track	dense_baseline_track		mlp_out	27	-1.0	0.0	40.744171142578125	6.577503204345703	0.0	0.0	40.744171142578125	6.577503204345703	40.744171142578125	6.577503204345703	1.0	0.0	1.0	0.0	0.0	0.0	0.0	0.0	12.0	/mnt/bn/seed-aws-va/shwai.he/demystifying-transformers-main/focused-compression-analysis/outputs/layerwise_para_perp/dense_baseline_track	40.744171142578125	6.577503204345703	40.744171142578125	6.577503204345703	1.0	0.0	1.0	0.0	0.0	0.0	0.0	0.0
dense_baseline_track	dense_baseline_track		mlp_out	28	-1.0	0.0	48.13186264038086	8.781499862670898	0.0	0.0	48.13186264038086	8.781499862670898	48.13186264038086	8.781499862670898	1.0	0.0	1.0	0.0	0.0	0.0	0.0	0.0	12.0	/mnt/bn/seed-aws-va/shwai.he/demystifying-transformers-main/focused-compression-analysis/outputs/layerwise_para_perp/dense_baseline_track	48.13186264038086	8.781499862670898	48.13186264038086	8.781499862670898	1.0	0.0	1.0	0.0	0.0	0.0	0.0	0.0
dense_baseline_track	dense_baseline_track		mlp_out	29	-1.0	0.0	48.9538459777832	7.520463466644287	0.0	0.0	48.9538459777832	7.520463466644287	48.9538459777832	7.520463466644287	1.0	0.0	1.0	0.0	0.0	0.0	0.0	0.0	12.0	/mnt/bn/seed-aws-va/shwai.he/demystifying-transformers-main/focused-compression-analysis/outputs/layerwise_para_perp/dense_baseline_track	48.9538459777832	7.520463466644287	48.9538459777832	7.520463466644287	1.0	0.0	1.0	0.0	0.0	0.0	0.0	0.0
dense_baseline_track	dense_baseline_track		mlp_out	30	-1.0	0.0	59.12934494018555	6.684651851654053	0.0	0.0	59.12934494018555	6.684651851654053	59.12934494018555	6.684651851654053	1.0	0.0	1.0	0.0	0.0	0.0	0.0	0.0	12.0	/mnt/bn/seed-aws-va/shwai.he/demystifying-transformers-main/focused-compression-analysis/outputs/layerwise_para_perp/dense_baseline_track	59.12934494018555	6.684651851654053	59.12934494018555	6.684651851654053	1.0	0.0	1.0	0.0	0.0	0.0	0.0	0.0
dense_baseline_track	dense_baseline_track		mlp_out	31	-1.0	0.0	64.48601531982422	7.852211475372315	0.0	0.0	64.48601531982422	7.852211475372315	64.48601531982422	7.852211475372315	1.0	0.0	1.0	0.0	0.0	0.0	0.0	0.0	12.0	/mnt/bn/seed-aws-va/shwai.he/demystifying-transformers-main/focused-compression-analysis/outputs/layerwise_para_perp/dense_baseline_track	64.48601531982422	7.852211475372315	64.48601531982422	7.852211475372315	1.0	0.0	1.0	0.0	0.0	0.0	0.0	0.0
dense_baseline_track	dense_baseline_track		mlp_out	32	-1.0	0.0	75.88117218017578	10.376106262207031	0.0	0.0	75.88117218017578	10.376106262207031	75.88117218017578	10.376106262207031	1.0	0.0	1.0	0.0	0.0	0.0	0.0	0.0	12.0	/mnt/bn/seed-aws-va/shwai.he/demystifying-transformers-main/focused-compression-analysis/outputs/layerwise_para_perp/dense_baseline_track	75.88117218017578	10.376106262207031	75.88117218017578	10.376106262207031	1.0	0.0	1.0	0.0	0.0	0.0	0.0	0.0
dense_baseline_track	dense_baseline_track		mlp_out	33	-1.0	0.0	104.89154815673828	19.515968322753903	0.0	0.0	104.89154815673828	19.515968322753903	104.89154815673828	19.515968322753903	1.0	0.0	1.0	0.0	0.0	0.0	0.0	0.0	12.0	/mnt/bn/seed-aws-va/shwai.he/demystifying-transformers-main/focused-compression-analysis/outputs/layerwise_para_perp/dense_baseline_track	104.89154815673828	19.515968322753903	104.89154815673828	19.515968322753903	1.0	0.0	1.0	0.0	0.0	0.0	0.0	0.0
dense_baseline_track	dense_baseline_track		mlp_out	34	-1.0	0.0	146.5600128173828	13.341517448425291	0.0	0.0	146.5600128173828	13.341517448425291	146.5600128173828	13.341517448425291	1.0	0.0	1.0	0.0	0.0	0.0	0.0	0.0	12.0	/mnt/bn/seed-aws-va/shwai.he/demystifying-transformers-main/focused-compression-analysis/outputs/layerwise_para_perp/dense_baseline_track	146.5600128173828	13.341517448425291	146.5600128173828	13.341517448425291	1.0	0.0	1.0	0.0	0.0	0.0	0.0	0.0
dense_baseline_track	dense_baseline_track		mlp_out	35	-1.0	0.0	306.6493225097656	29.164939880371097	0.0	0.0	306.6493225097656	29.164939880371097	306.6493225097656	29.164939880371097	1.0	0.0	1.0	0.0	0.0	0.0	0.0	0.0	12.0	/mnt/bn/seed-aws-va/shwai.he/demystifying-transformers-main/focused-compression-analysis/outputs/layerwise_para_perp/dense_baseline_track	306.6493225097656	29.164939880371097	306.6493225097656	29.164939880371097	1.0	0.0	1.0	0.0	0.0	0.0	0.0	0.0
drop_attn8_baseline	drop_attn8_baseline		attn_out	0	0.0	0.0	0.0	0.0	0.0	0.0	3.8522732257843018	0.5188212990760803	0.0	0.0	0.0	0.0	0.0	0.0	0.0	0.0	0.0	0.0	12.0	/mnt/bn/seed-aws-va/shwai.he/demystifying-transformers-main/focused-compression-analysis/outputs/layerwise_para_perp/Qwen3-4B__drop_attn8_baseline	3.8522732257843018	0.5188212990760803	0.0	0.0	0.0	0.0	0.0	0.0	0.0	0.0	0.0	0.0
drop_attn8_baseline	drop_attn8_baseline		attn_out	1	0.0	0.0	0.0	0.0	0.0	0.0	2.587146520614624	0.3294939696788788	0.0	0.0	0.0	0.0	0.0	0.0	0.0	0.0	0.0	0.0	12.0	/mnt/bn/seed-aws-va/shwai.he/demystifying-transformers-main/focused-compression-analysis/outputs/layerwise_para_perp/Qwen3-4B__drop_attn8_baseline	2.587146520614624	0.3294939696788788	0.0	0.0	0.0	0.0	0.0	0.0	0.0	0.0	0.0	0.0
drop_attn8_baseline	drop_attn8_baseline		attn_out	2	0.0	0.0	0.0	0.0	0.0	0.0	2.72405743598938	0.3695814907550812	0.0	0.0	0.0	0.0	0.0	0.0	0.0	0.0	0.0	0.0	12.0	/mnt/bn/seed-aws-va/shwai.he/demystifying-transformers-main/focused-compression-analysis/outputs/layerwise_para_perp/Qwen3-4B__drop_attn8_baseline	2.72405743598938	0.3695814907550812	0.0	0.0	0.0	0.0	0.0	0.0	0.0	0.0	0.0	0.0
drop_attn8_baseline	drop_attn8_baseline		attn_out	3	0.0	0.0	0.0	0.0	0.0	0.0	3.509312868118286	0.6009883284568787	0.0	0.0	0.0	0.0	0.0	0.0	0.0	0.0	0.0	0.0	12.0	/mnt/bn/seed-aws-va/shwai.he/demystifying-transformers-main/focused-compression-analysis/outputs/layerwise_para_perp/Qwen3-4B__drop_attn8_baseline	3.509312868118286	0.6009883284568787	0.0	0.0	0.0	0.0	0.0	0.0	0.0	0.0	0.0	0.0
drop_attn8_baseline	drop_attn8_baseline		attn_out	4	0.0	0.0	0.0	0.0	0.0	0.0	3.258254289627075	0.958751618862152	0.0	0.0	0.0	0.0	0.0	0.0	0.0	0.0	0.0	0.0	12.0	/mnt/bn/seed-aws-va/shwai.he/demystifying-transformers-main/focused-compression-analysis/outputs/layerwise_para_perp/Qwen3-4B__drop_attn8_baseline	3.258254289627075	0.958751618862152	0.0	0.0	0.0	0.0	0.0	0.0	0.0	0.0	0.0	0.0
drop_attn8_baseline	drop_attn8_baseline		attn_out	5	0.0	0.0	0.0	0.0	0.0	0.0	5.110348224639893	0.6731980443000793	0.0	0.0	0.0	0.0	0.0	0.0	0.0	0.0	0.0	0.0	12.0	/mnt/bn/seed-aws-va/shwai.he/demystifying-transformers-main/focused-compression-analysis/outputs/layerwise_para_perp/Qwen3-4B__drop_attn8_baseline	5.110348224639893	0.6731980443000793	0.0	0.0	0.0	0.0	0.0	0.0	0.0	0.0	0.0	0.0
drop_attn8_baseline	drop_attn8_baseline		attn_out	6	0.0	0.0	0.0	0.0	0.0	0.0	7.0615553855896	0.9513904452323914	0.0	0.0	0.0	0.0	0.0	0.0	0.0	0.0	0.0	0.0	12.0	/mnt/bn/seed-aws-va/shwai.he/demystifying-transformers-main/focused-compression-analysis/outputs/layerwise_para_perp/Qwen3-4B__drop_attn8_baseline	7.0615553855896	0.9513904452323914	0.0	0.0	0.0	0.0	0.0	0.0	0.0	0.0	0.0	0.0
drop_attn8_baseline	drop_attn8_baseline		attn_out	7	0.0	0.0	0.0	0.0	0.0	0.0	6.1397786140441895	1.432727336883545	0.0	0.0	0.0	0.0	0.0	0.0	0.0	0.0	0.0	0.0	12.0	/mnt/bn/seed-aws-va/shwai.he/demystifying-transformers-main/focused-compression-analysis/outputs/layerwise_para_perp/Qwen3-4B__drop_attn8_baseline	6.1397786140441895	1.432727336883545	0.0	0.0	0.0	0.0	0.0	0.0	0.0	0.0	0.0	0.0
drop_attn8_baseline	drop_attn8_baseline		attn_out	8	0.0	0.0	0.0	0.0	0.0	0.0	8.661674499511719	1.2960864305496216	0.0	0.0	0.0	0.0	0.0	0.0	0.0	0.0	0.0	0.0	12.0	/mnt/bn/seed-aws-va/shwai.he/demystifying-transformers-main/focused-compression-analysis/outputs/layerwise_para_perp/Qwen3-4B__drop_attn8_baseline	8.661674499511719	1.2960864305496216	0.0	0.0	0.0	0.0	0.0	0.0	0.0	0.0	0.0	0.0
drop_attn8_baseline	drop_attn8_baseline		attn_out	9	0.0	0.0	0.0	0.0	0.0	0.0	7.911172389984131	1.3670480251312256	0.0	0.0	0.0	0.0	0.0	0.0	0.0	0.0	0.0	0.0	12.0	/mnt/bn/seed-aws-va/shwai.he/demystifying-transformers-main/focused-compression-analysis/outputs/layerwise_para_perp/Qwen3-4B__drop_attn8_baseline	7.911172389984131	1.3670480251312256	0.0	0.0	0.0	0.0	0.0	0.0	0.0	0.0	0.0	0.0
drop_attn8_baseline	drop_attn8_baseline		attn_out	10	0.0	0.0	0.0	0.0	0.0	0.0	9.636845588684082	1.359122395515442	0.0	0.0	0.0	0.0	0.0	0.0	0.0	0.0	0.0	0.0	12.0	/mnt/bn/seed-aws-va/shwai.he/demystifying-transformers-main/focused-compression-analysis/outputs/layerwise_para_perp/Qwen3-4B__drop_attn8_baseline	9.636845588684082	1.359122395515442	0.0	0.0	0.0	0.0	0.0	0.0	0.0	0.0	0.0	0.0
drop_attn8_baseline	drop_attn8_baseline		attn_out	11	0.0	0.0	0.0	0.0	0.0	0.0	8.743943214416504	1.401208996772766	0.0	0.0	0.0	0.0	0.0	0.0	0.0	0.0	0.0	0.0	12.0	/mnt/bn/seed-aws-va/shwai.he/demystifying-transformers-main/focused-compression-analysis/outputs/layerwise_para_perp/Qwen3-4B__drop_attn8_baseline	8.743943214416504	1.401208996772766	0.0	0.0	0.0	0.0	0.0	0.0	0.0	0.0	0.0	0.0
drop_attn8_baseline	drop_attn8_baseline		attn_out	12	0.0	0.0	0.0	0.0	0.0	0.0	10.3915376663208	0.7736988663673401	0.0	0.0	0.0	0.0	0.0	0.0	0.0	0.0	0.0	0.0	12.0	/mnt/bn/seed-aws-va/shwai.he/demystifying-transformers-main/focused-compression-analysis/outputs/layerwise_para_perp/Qwen3-4B__drop_attn8_baseline	10.3915376663208	0.7736988663673401	0.0	0.0	0.0	0.0	0.0	0.0	0.0	0.0	0.0	0.0
drop_attn8_baseline	drop_attn8_baseline		attn_out	13	0.0	0.0	0.0	0.0	0.0	0.0	9.11807632446289	1.8696048259735107	0.0	0.0	0.0	0.0	0.0	0.0	0.0	0.0	0.0	0.0	12.0	/mnt/bn/seed-aws-va/shwai.he/demystifying-transformers-main/focused-compression-analysis/outputs/layerwise_para_perp/Qwen3-4B__drop_attn8_baseline	9.11807632446289	1.8696048259735107	0.0	0.0	0.0	0.0	0.0	0.0	0.0	0.0	0.0	0.0
drop_attn8_baseline	drop_attn8_baseline		attn_out	14	0.0	0.0	0.0	0.0	0.0	0.0	10.176310539245604	1.068668246269226	0.0	0.0	0.0	0.0	0.0	0.0	0.0	0.0	0.0	0.0	12.0	/mnt/bn/seed-aws-va/shwai.he/demystifying-transformers-main/focused-compression-analysis/outputs/layerwise_para_perp/Qwen3-4B__drop_attn8_baseline	10.176310539245604	1.068668246269226	0.0	0.0	0.0	0.0	0.0	0.0	0.0	0.0	0.0	0.0
drop_attn8_baseline	drop_attn8_baseline		attn_out	15	0.0	0.0	0.0	0.0	0.0	0.0	10.134062767028809	2.2064037322998047	0.0	0.0	0.0	0.0	0.0	0.0	0.0	0.0	0.0	0.0	12.0	/mnt/bn/seed-aws-va/shwai.he/demystifying-transformers-main/focused-compression-analysis/outputs/layerwise_para_perp/Qwen3-4B__drop_attn8_baseline	10.134062767028809	2.2064037322998047	0.0	0.0	0.0	0.0	0.0	0.0	0.0	0.0	0.0	0.0
drop_attn8_baseline	drop_attn8_baseline		attn_out	16	0.0	0.0	0.0	0.0	0.0	0.0	9.016239166259766	1.063526272773743	0.0	0.0	0.0	0.0	0.0	0.0	0.0	0.0	0.0	0.0	12.0	/mnt/bn/seed-aws-va/shwai.he/demystifying-transformers-main/focused-compression-analysis/outputs/layerwise_para_perp/Qwen3-4B__drop_attn8_baseline	9.016239166259766	1.063526272773743	0.0	0.0	0.0	0.0	0.0	0.0	0.0	0.0	0.0	0.0
drop_attn8_baseline	drop_attn8_baseline		attn_out	17	0.0	0.0	0.0	0.0	0.0	0.0	10.008103370666504	1.3305584192276	0.0	0.0	0.0	0.0	0.0	0.0	0.0	0.0	0.0	0.0	12.0	/mnt/bn/seed-aws-va/shwai.he/demystifying-transformers-main/focused-compression-analysis/outputs/layerwise_para_perp/Qwen3-4B__drop_attn8_baseline	10.008103370666504	1.3305584192276	0.0	0.0	0.0	0.0	0.0	0.0	0.0	0.0	0.0	0.0
drop_attn8_baseline	drop_attn8_baseline		attn_out	18	0.0	0.0	0.0	0.0	0.0	0.0	10.499770164489746	1.513670563697815	0.0	0.0	0.0	0.0	0.0	0.0	0.0	0.0	0.0	0.0	12.0	/mnt/bn/seed-aws-va/shwai.he/demystifying-transformers-main/focused-compression-analysis/outputs/layerwise_para_perp/Qwen3-4B__drop_attn8_baseline	10.499770164489746	1.513670563697815	0.0	0.0	0.0	0.0	0.0	0.0	0.0	0.0	0.0	0.0
drop_attn8_baseline	drop_attn8_baseline		attn_out	19	0.0	0.0	0.0	0.0	0.0	0.0	14.262450218200684	1.136812686920166	0.0	0.0	0.0	0.0	0.0	0.0	0.0	0.0	0.0	0.0	12.0	/mnt/bn/seed-aws-va/shwai.he/demystifying-transformers-main/focused-compression-analysis/outputs/layerwise_para_perp/Qwen3-4B__drop_attn8_baseline	14.262450218200684	1.136812686920166	0.0	0.0	0.0	0.0	0.0	0.0	0.0	0.0	0.0	0.0
drop_attn8_baseline	drop_attn8_baseline		attn_out	20	0.0	0.0	0.0	0.0	0.0	0.0	10.422728538513184	1.281166672706604	0.0	0.0	0.0	0.0	0.0	0.0	0.0	0.0	0.0	0.0	12.0	/mnt/bn/seed-aws-va/shwai.he/demystifying-transformers-main/focused-compression-analysis/outputs/layerwise_para_perp/Qwen3-4B__drop_attn8_baseline	10.422728538513184	1.281166672706604	0.0	0.0	0.0	0.0	0.0	0.0	0.0	0.0	0.0	0.0
drop_attn8_baseline	drop_attn8_baseline		attn_out	21	0.0	0.0	0.0	0.0	0.0	0.0	11.00924301147461	1.2629848718643188	0.0	0.0	0.0	0.0	0.0	0.0	0.0	0.0	0.0	0.0	12.0	/mnt/bn/seed-aws-va/shwai.he/demystifying-transformers-main/focused-compression-analysis/outputs/layerwise_para_perp/Qwen3-4B__drop_attn8_baseline	11.00924301147461	1.2629848718643188	0.0	0.0	0.0	0.0	0.0	0.0	0.0	0.0	0.0	0.0
drop_attn8_baseline	drop_attn8_baseline		attn_out	22	0.0	0.0	0.0	0.0	0.0	0.0	17.58876609802246	3.5424110889434814	0.0	0.0	0.0	0.0	0.0	0.0	0.0	0.0	0.0	0.0	12.0	/mnt/bn/seed-aws-va/shwai.he/demystifying-transformers-main/focused-compression-analysis/outputs/layerwise_para_perp/Qwen3-4B__drop_attn8_baseline	17.58876609802246	3.5424110889434814	0.0	0.0	0.0	0.0	0.0	0.0	0.0	0.0	0.0	0.0
drop_attn8_baseline	drop_attn8_baseline		attn_out	23	0.0	0.0	0.0	0.0	0.0	0.0	17.396305084228516	5.1606221199035645	0.0	0.0	0.0	0.0	0.0	0.0	0.0	0.0	0.0	0.0	12.0	/mnt/bn/seed-aws-va/shwai.he/demystifying-transformers-main/focused-compression-analysis/outputs/layerwise_para_perp/Qwen3-4B__drop_attn8_baseline	17.396305084228516	5.1606221199035645	0.0	0.0	0.0	0.0	0.0	0.0	0.0	0.0	0.0	0.0
drop_attn8_baseline	drop_attn8_baseline		attn_out	24	0.0	0.0	0.0	0.0	0.0	0.0	15.16714572906494	3.3803374767303467	0.0	0.0	0.0	0.0	0.0	0.0	0.0	0.0	0.0	0.0	12.0	/mnt/bn/seed-aws-va/shwai.he/demystifying-transformers-main/focused-compression-analysis/outputs/layerwise_para_perp/Qwen3-4B__drop_attn8_baseline	15.16714572906494	3.3803374767303467	0.0	0.0	0.0	0.0	0.0	0.0	0.0	0.0	0.0	0.0
drop_attn8_baseline	drop_attn8_baseline		attn_out	25	0.0	0.0	0.0	0.0	0.0	0.0	13.57285213470459	4.791080474853516	0.0	0.0	0.0	0.0	0.0	0.0	0.0	0.0	0.0	0.0	12.0	/mnt/bn/seed-aws-va/shwai.he/demystifying-transformers-main/focused-compression-analysis/outputs/layerwise_para_perp/Qwen3-4B__drop_attn8_baseline	13.57285213470459	4.791080474853516	0.0	0.0	0.0	0.0	0.0	0.0	0.0	0.0	0.0	0.0
drop_attn8_baseline	drop_attn8_baseline		attn_out	26	0.0	0.0	0.0	0.0	0.0	0.0	13.742465019226074	4.162558078765869	0.0	0.0	0.0	0.0	0.0	0.0	0.0	0.0	0.0	0.0	12.0	/mnt/bn/seed-aws-va/shwai.he/demystifying-transformers-main/focused-compression-analysis/outputs/layerwise_para_perp/Qwen3-4B__drop_attn8_baseline	13.742465019226074	4.162558078765869	0.0	0.0	0.0	0.0	0.0	0.0	0.0	0.0	0.0	0.0
drop_attn8_baseline	drop_attn8_baseline		attn_out	27	0.0	0.0	0.0	0.0	0.0	0.0	15.214396476745604	4.473259925842285	0.0	0.0	0.0	0.0	0.0	0.0	0.0	0.0	0.0	0.0	12.0	/mnt/bn/seed-aws-va/shwai.he/demystifying-transformers-main/focused-compression-analysis/outputs/layerwise_para_perp/Qwen3-4B__drop_attn8_baseline	15.214396476745604	4.473259925842285	0.0	0.0	0.0	0.0	0.0	0.0	0.0	0.0	0.0	0.0
drop_attn8_baseline	drop_attn8_baseline		attn_out	28	0.0	0.0	0.0	0.0	0.0	0.0	17.34990119934082	2.729655504226685	0.0	0.0	0.0	0.0	0.0	0.0	0.0	0.0	0.0	0.0	12.0	/mnt/bn/seed-aws-va/shwai.he/demystifying-transformers-main/focused-compression-analysis/outputs/layerwise_para_perp/Qwen3-4B__drop_attn8_baseline	17.34990119934082	2.729655504226685	0.0	0.0	0.0	0.0	0.0	0.0	0.0	0.0	0.0	0.0
drop_attn8_baseline	drop_attn8_baseline		attn_out	29	0.0	0.0	0.0	0.0	0.0	0.0	15.996867179870604	6.065427780151367	0.0	0.0	0.0	0.0	0.0	0.0	0.0	0.0	0.0	0.0	12.0	/mnt/bn/seed-aws-va/shwai.he/demystifying-transformers-main/focused-compression-analysis/outputs/layerwise_para_perp/Qwen3-4B__drop_attn8_baseline	15.996867179870604	6.065427780151367	0.0	0.0	0.0	0.0	0.0	0.0	0.0	0.0	0.0	0.0
drop_attn8_baseline	drop_attn8_baseline		attn_out	30	0.0	0.0	0.0	0.0	0.0	0.0	27.031532287597656	7.105592250823975	0.0	0.0	0.0	0.0	0.0	0.0	0.0	0.0	0.0	0.0	12.0	/mnt/bn/seed-aws-va/shwai.he/demystifying-transformers-main/focused-compression-analysis/outputs/layerwise_para_perp/Qwen3-4B__drop_attn8_baseline	27.031532287597656	7.105592250823975	0.0	0.0	0.0	0.0	0.0	0.0	0.0	0.0	0.0	0.0
drop_attn8_baseline	drop_attn8_baseline		attn_out	31	0.0	0.0	0.0	0.0	0.0	0.0	33.54866409301758	5.896807670593262	0.0	0.0	0.0	0.0	0.0	0.0	0.0	0.0	0.0	0.0	12.0	/mnt/bn/seed-aws-va/shwai.he/demystifying-transformers-main/focused-compression-analysis/outputs/layerwise_para_perp/Qwen3-4B__drop_attn8_baseline	33.54866409301758	5.896807670593262	0.0	0.0	0.0	0.0	0.0	0.0	0.0	0.0	0.0	0.0
drop_attn8_baseline	drop_attn8_baseline		attn_out	32	0.0	0.0	0.0	0.0	0.0	0.0	50.74318313598633	11.684596061706545	0.0	0.0	0.0	0.0	0.0	0.0	0.0	0.0	0.0	0.0	12.0	/mnt/bn/seed-aws-va/shwai.he/demystifying-transformers-main/focused-compression-analysis/outputs/layerwise_para_perp/Qwen3-4B__drop_attn8_baseline	50.74318313598633	11.684596061706545	0.0	0.0	0.0	0.0	0.0	0.0	0.0	0.0	0.0	0.0
drop_attn8_baseline	drop_attn8_baseline		attn_out	33	0.0	0.0	0.0	0.0	0.0	0.0	53.45046615600586	14.546245574951172	0.0	0.0	0.0	0.0	0.0	0.0	0.0	0.0	0.0	0.0	12.0	/mnt/bn/seed-aws-va/shwai.he/demystifying-transformers-main/focused-compression-analysis/outputs/layerwise_para_perp/Qwen3-4B__drop_attn8_baseline	53.45046615600586	14.546245574951172	0.0	0.0	0.0	0.0	0.0	0.0	0.0	0.0	0.0	0.0
drop_attn8_baseline	drop_attn8_baseline		attn_out	34	0.0	0.0	0.0	0.0	0.0	0.0	106.57508087158205	16.721145629882812	0.0	0.0	0.0	0.0	0.0	0.0	0.0	0.0	0.0	0.0	12.0	/mnt/bn/seed-aws-va/shwai.he/demystifying-transformers-main/focused-compression-analysis/outputs/layerwise_para_perp/Qwen3-4B__drop_attn8_baseline	106.57508087158205	16.721145629882812	0.0	0.0	0.0	0.0	0.0	0.0	0.0	0.0	0.0	0.0
drop_attn8_baseline	drop_attn8_baseline		attn_out	35	0.0	0.0	0.0	0.0	0.0	0.0	108.55734252929688	18.180034637451172	0.0	0.0	0.0	0.0	0.0	0.0	0.0	0.0	0.0	0.0	12.0	/mnt/bn/seed-aws-va/shwai.he/demystifying-transformers-main/focused-compression-analysis/outputs/layerwise_para_perp/Qwen3-4B__drop_attn8_baseline	108.55734252929688	18.180034637451172	0.0	0.0	0.0	0.0	0.0	0.0	0.0	0.0	0.0	0.0
drop_attn8_baseline	drop_attn8_baseline		block_out	0	0.0	0.0	0.0	0.0	0.0	0.0	7.808135509490967	1.257848858833313	0.0	0.0	0.0	0.0	0.0	0.0	0.0	0.0	0.0	0.0	12.0	/mnt/bn/seed-aws-va/shwai.he/demystifying-transformers-main/focused-compression-analysis/outputs/layerwise_para_perp/Qwen3-4B__drop_attn8_baseline	7.808135509490967	1.257848858833313	0.0	0.0	0.0	0.0	0.0	0.0	0.0	0.0	0.0	0.0
drop_attn8_baseline	drop_attn8_baseline		block_out	1	0.0	0.0	0.0	0.0	0.0	0.0	3.4068033695220947	0.914424479007721	0.0	0.0	0.0	0.0	0.0	0.0	0.0	0.0	0.0	0.0	12.0	/mnt/bn/seed-aws-va/shwai.he/demystifying-transformers-main/focused-compression-analysis/outputs/layerwise_para_perp/Qwen3-4B__drop_attn8_baseline	3.4068033695220947	0.914424479007721	0.0	0.0	0.0	0.0	0.0	0.0	0.0	0.0	0.0	0.0
drop_attn8_baseline	drop_attn8_baseline		block_out	2	0.0	0.0	0.0	0.0	0.0	0.0	4.415557384490967	0.9577285647392272	0.0	0.0	0.0	0.0	0.0	0.0	0.0	0.0	0.0	0.0	12.0	/mnt/bn/seed-aws-va/shwai.he/demystifying-transformers-main/focused-compression-analysis/outputs/layerwise_para_perp/Qwen3-4B__drop_attn8_baseline	4.415557384490967	0.9577285647392272	0.0	0.0	0.0	0.0	0.0	0.0	0.0	0.0	0.0	0.0
drop_attn8_baseline	drop_attn8_baseline		block_out	3	0.0	0.0	0.0	0.0	0.0	0.0	7.176808834075928	4.843797206878662	0.0	0.0	0.0	0.0	0.0	0.0	0.0	0.0	0.0	0.0	12.0	/mnt/bn/seed-aws-va/shwai.he/demystifying-transformers-main/focused-compression-analysis/outputs/layerwise_para_perp/Qwen3-4B__drop_attn8_baseline	7.176808834075928	4.843797206878662	0.0	0.0	0.0	0.0	0.0	0.0	0.0	0.0	0.0	0.0
drop_attn8_baseline	drop_attn8_baseline		block_out	4	0.0	0.0	0.0	0.0	0.0	0.0	9.3059663772583	1.5761706829071045	0.0	0.0	0.0	0.0	0.0	0.0	0.0	0.0	0.0	0.0	12.0	/mnt/bn/seed-aws-va/shwai.he/demystifying-transformers-main/focused-compression-analysis/outputs/layerwise_para_perp/Qwen3-4B__drop_attn8_baseline	9.3059663772583	1.5761706829071045	0.0	0.0	0.0	0.0	0.0	0.0	0.0	0.0	0.0	0.0
drop_attn8_baseline	drop_attn8_baseline		block_out	5	0.0	0.0	0.0	0.0	0.0	0.0	11.57024097442627	3.96524977684021	0.0	0.0	0.0	0.0	0.0	0.0	0.0	0.0	0.0	0.0	12.0	/mnt/bn/seed-aws-va/shwai.he/demystifying-transformers-main/focused-compression-analysis/outputs/layerwise_para_perp/Qwen3-4B__drop_attn8_baseline	11.57024097442627	3.96524977684021	0.0	0.0	0.0	0.0	0.0	0.0	0.0	0.0	0.0	0.0
drop_attn8_baseline	drop_attn8_baseline		block_out	6	0.0	0.0	0.0	0.0	0.0	0.0	12.216097831726074	2.1704835891723633	0.0	0.0	0.0	0.0	0.0	0.0	0.0	0.0	0.0	0.0	12.0	/mnt/bn/seed-aws-va/shwai.he/demystifying-transformers-main/focused-compression-analysis/outputs/layerwise_para_perp/Qwen3-4B__drop_attn8_baseline	12.216097831726074	2.1704835891723633	0.0	0.0	0.0	0.0	0.0	0.0	0.0	0.0	0.0	0.0
drop_attn8_baseline	drop_attn8_baseline		block_out	7	0.0	0.0	0.0	0.0	0.0	0.0	12.126053810119627	3.690196990966797	0.0	0.0	0.0	0.0	0.0	0.0	0.0	0.0	0.0	0.0	12.0	/mnt/bn/seed-aws-va/shwai.he/demystifying-transformers-main/focused-compression-analysis/outputs/layerwise_para_perp/Qwen3-4B__drop_attn8_baseline	12.126053810119627	3.690196990966797	0.0	0.0	0.0	0.0	0.0	0.0	0.0	0.0	0.0	0.0
drop_attn8_baseline	drop_attn8_baseline		block_out	8	0.0	0.0	0.0	0.0	0.0	0.0	16.51900291442871	3.35119366645813	0.0	0.0	0.0	0.0	0.0	0.0	0.0	0.0	0.0	0.0	12.0	/mnt/bn/seed-aws-va/shwai.he/demystifying-transformers-main/focused-compression-analysis/outputs/layerwise_para_perp/Qwen3-4B__drop_attn8_baseline	16.51900291442871	3.35119366645813	0.0	0.0	0.0	0.0	0.0	0.0	0.0	0.0	0.0	0.0
drop_attn8_baseline	drop_attn8_baseline		block_out	9	0.0	0.0	0.0	0.0	0.0	0.0	16.35334014892578	5.08793830871582	0.0	0.0	0.0	0.0	0.0	0.0	0.0	0.0	0.0	0.0	12.0	/mnt/bn/seed-aws-va/shwai.he/demystifying-transformers-main/focused-compression-analysis/outputs/layerwise_para_perp/Qwen3-4B__drop_attn8_baseline	16.35334014892578	5.08793830871582	0.0	0.0	0.0	0.0	0.0	0.0	0.0	0.0	0.0	0.0
drop_attn8_baseline	drop_attn8_baseline		block_out	10	0.0	0.0	0.0	0.0	0.0	0.0	16.548221588134766	3.941051959991455	0.0	0.0	0.0	0.0	0.0	0.0	0.0	0.0	0.0	0.0	12.0	/mnt/bn/seed-aws-va/shwai.he/demystifying-transformers-main/focused-compression-analysis/outputs/layerwise_para_perp/Qwen3-4B__drop_attn8_baseline	16.548221588134766	3.941051959991455	0.0	0.0	0.0	0.0	0.0	0.0	0.0	0.0	0.0	0.0
drop_attn8_baseline	drop_attn8_baseline		block_out	11	0.0	0.0	0.0	0.0	0.0	0.0	15.577537536621094	3.3646488189697266	0.0	0.0	0.0	0.0	0.0	0.0	0.0	0.0	0.0	0.0	12.0	/mnt/bn/seed-aws-va/shwai.he/demystifying-transformers-main/focused-compression-analysis/outputs/layerwise_para_perp/Qwen3-4B__drop_attn8_baseline	15.577537536621094	3.3646488189697266	0.0	0.0	0.0	0.0	0.0	0.0	0.0	0.0	0.0	0.0
drop_attn8_baseline	drop_attn8_baseline		block_out	12	0.0	0.0	0.0	0.0	0.0	0.0	16.199983596801758	2.913947343826294	0.0	0.0	0.0	0.0	0.0	0.0	0.0	0.0	0.0	0.0	12.0	/mnt/bn/seed-aws-va/shwai.he/demystifying-transformers-main/focused-compression-analysis/outputs/layerwise_para_perp/Qwen3-4B__drop_attn8_baseline	16.199983596801758	2.913947343826294	0.0	0.0	0.0	0.0	0.0	0.0	0.0	0.0	0.0	0.0
drop_attn8_baseline	drop_attn8_baseline		block_out	13	0.0	0.0	0.0	0.0	0.0	0.0	16.054533004760742	3.3017218112945557	0.0	0.0	0.0	0.0	0.0	0.0	0.0	0.0	0.0	0.0	12.0	/mnt/bn/seed-aws-va/shwai.he/demystifying-transformers-main/focused-compression-analysis/outputs/layerwise_para_perp/Qwen3-4B__drop_attn8_baseline	16.054533004760742	3.3017218112945557	0.0	0.0	0.0	0.0	0.0	0.0	0.0	0.0	0.0	0.0
drop_attn8_baseline	drop_attn8_baseline		block_out	14	0.0	0.0	0.0	0.0	0.0	0.0	16.032020568847656	1.8471813201904297	0.0	0.0	0.0	0.0	0.0	0.0	0.0	0.0	0.0	0.0	12.0	/mnt/bn/seed-aws-va/shwai.he/demystifying-transformers-main/focused-compression-analysis/outputs/layerwise_para_perp/Qwen3-4B__drop_attn8_baseline	16.032020568847656	1.8471813201904297	0.0	0.0	0.0	0.0	0.0	0.0	0.0	0.0	0.0	0.0
drop_attn8_baseline	drop_attn8_baseline		block_out	15	0.0	0.0	0.0	0.0	0.0	0.0	15.10930633544922	3.770745515823364	0.0	0.0	0.0	0.0	0.0	0.0	0.0	0.0	0.0	0.0	12.0	/mnt/bn/seed-aws-va/shwai.he/demystifying-transformers-main/focused-compression-analysis/outputs/layerwise_para_perp/Qwen3-4B__drop_attn8_baseline	15.10930633544922	3.770745515823364	0.0	0.0	0.0	0.0	0.0	0.0	0.0	0.0	0.0	0.0
drop_attn8_baseline	drop_attn8_baseline		block_out	16	0.0	0.0	0.0	0.0	0.0	0.0	14.72869110107422	2.667677164077759	0.0	0.0	0.0	0.0	0.0	0.0	0.0	0.0	0.0	0.0	12.0	/mnt/bn/seed-aws-va/shwai.he/demystifying-transformers-main/focused-compression-analysis/outputs/layerwise_para_perp/Qwen3-4B__drop_attn8_baseline	14.72869110107422	2.667677164077759	0.0	0.0	0.0	0.0	0.0	0.0	0.0	0.0	0.0	0.0
drop_attn8_baseline	drop_attn8_baseline		block_out	17	0.0	0.0	0.0	0.0	0.0	0.0	15.45033359527588	2.47759747505188	0.0	0.0	0.0	0.0	0.0	0.0	0.0	0.0	0.0	0.0	12.0	/mnt/bn/seed-aws-va/shwai.he/demystifying-transformers-main/focused-compression-analysis/outputs/layerwise_para_perp/Qwen3-4B__drop_attn8_baseline	15.45033359527588	2.47759747505188	0.0	0.0	0.0	0.0	0.0	0.0	0.0	0.0	0.0	0.0
drop_attn8_baseline	drop_attn8_baseline		block_out	18	0.0	0.0	0.0	0.0	0.0	0.0	16.776098251342773	3.1985342502593994	0.0	0.0	0.0	0.0	0.0	0.0	0.0	0.0	0.0	0.0	12.0	/mnt/bn/seed-aws-va/shwai.he/demystifying-transformers-main/focused-compression-analysis/outputs/layerwise_para_perp/Qwen3-4B__drop_attn8_baseline	16.776098251342773	3.1985342502593994	0.0	0.0	0.0	0.0	0.0	0.0	0.0	0.0	0.0	0.0
drop_attn8_baseline	drop_attn8_baseline		block_out	19	0.0	0.0	0.0	0.0	0.0	0.0	22.308961868286133	2.6669933795928955	0.0	0.0	0.0	0.0	0.0	0.0	0.0	0.0	0.0	0.0	12.0	/mnt/bn/seed-aws-va/shwai.he/demystifying-transformers-main/focused-compression-analysis/outputs/layerwise_para_perp/Qwen3-4B__drop_attn8_baseline	22.308961868286133	2.6669933795928955	0.0	0.0	0.0	0.0	0.0	0.0	0.0	0.0	0.0	0.0
drop_attn8_baseline	drop_attn8_baseline		block_out	20	0.0	0.0	0.0	0.0	0.0	0.0	19.29698944091797	3.5536956787109375	0.0	0.0	0.0	0.0	0.0	0.0	0.0	0.0	0.0	0.0	12.0	/mnt/bn/seed-aws-va/shwai.he/demystifying-transformers-main/focused-compression-analysis/outputs/layerwise_para_perp/Qwen3-4B__drop_attn8_baseline	19.29698944091797	3.5536956787109375	0.0	0.0	0.0	0.0	0.0	0.0	0.0	0.0	0.0	0.0
drop_attn8_baseline	drop_attn8_baseline		block_out	21	0.0	0.0	0.0	0.0	0.0	0.0	21.281774520874023	1.4427553415298462	0.0	0.0	0.0	0.0	0.0	0.0	0.0	0.0	0.0	0.0	12.0	/mnt/bn/seed-aws-va/shwai.he/demystifying-transformers-main/focused-compression-analysis/outputs/layerwise_para_perp/Qwen3-4B__drop_attn8_baseline	21.281774520874023	1.4427553415298462	0.0	0.0	0.0	0.0	0.0	0.0	0.0	0.0	0.0	0.0
drop_attn8_baseline	drop_attn8_baseline		block_out	22	0.0	0.0	0.0	0.0	0.0	0.0	29.8717098236084	2.557027816772461	0.0	0.0	0.0	0.0	0.0	0.0	0.0	0.0	0.0	0.0	12.0	/mnt/bn/seed-aws-va/shwai.he/demystifying-transformers-main/focused-compression-analysis/outputs/layerwise_para_perp/Qwen3-4B__drop_attn8_baseline	29.8717098236084	2.557027816772461	0.0	0.0	0.0	0.0	0.0	0.0	0.0	0.0	0.0	0.0
drop_attn8_baseline	drop_attn8_baseline		block_out	23	0.0	0.0	0.0	0.0	0.0	0.0	34.502689361572266	2.367973804473877	0.0	0.0	0.0	0.0	0.0	0.0	0.0	0.0	0.0	0.0	12.0	/mnt/bn/seed-aws-va/shwai.he/demystifying-transformers-main/focused-compression-analysis/outputs/layerwise_para_perp/Qwen3-4B__drop_attn8_baseline	34.502689361572266	2.367973804473877	0.0	0.0	0.0	0.0	0.0	0.0	0.0	0.0	0.0	0.0
drop_attn8_baseline	drop_attn8_baseline		block_out	24	0.0	0.0	0.0	0.0	0.0	0.0	36.29523849487305	3.210167646408081	0.0	0.0	0.0	0.0	0.0	0.0	0.0	0.0	0.0	0.0	12.0	/mnt/bn/seed-aws-va/shwai.he/demystifying-transformers-main/focused-compression-analysis/outputs/layerwise_para_perp/Qwen3-4B__drop_attn8_baseline	36.29523849487305	3.210167646408081	0.0	0.0	0.0	0.0	0.0	0.0	0.0	0.0	0.0	0.0
drop_attn8_baseline	drop_attn8_baseline		block_out	25	0.0	0.0	0.0	0.0	0.0	0.0	39.40072250366211	5.512149333953857	0.0	0.0	0.0	0.0	0.0	0.0	0.0	0.0	0.0	0.0	12.0	/mnt/bn/seed-aws-va/shwai.he/demystifying-transformers-main/focused-compression-analysis/outputs/layerwise_para_perp/Qwen3-4B__drop_attn8_baseline	39.40072250366211	5.512149333953857	0.0	0.0	0.0	0.0	0.0	0.0	0.0	0.0	0.0	0.0
drop_attn8_baseline	drop_attn8_baseline		block_out	26	0.0	0.0	0.0	0.0	0.0	0.0	40.0987434387207	4.964190483093262	0.0	0.0	0.0	0.0	0.0	0.0	0.0	0.0	0.0	0.0	12.0	/mnt/bn/seed-aws-va/shwai.he/demystifying-transformers-main/focused-compression-analysis/outputs/layerwise_para_perp/Qwen3-4B__drop_attn8_baseline	40.0987434387207	4.964190483093262	0.0	0.0	0.0	0.0	0.0	0.0	0.0	0.0	0.0	0.0
drop_attn8_baseline	drop_attn8_baseline		block_out	27	0.0	0.0	0.0	0.0	0.0	0.0	43.71475601196289	4.607255935668945	0.0	0.0	0.0	0.0	0.0	0.0	0.0	0.0	0.0	0.0	12.0	/mnt/bn/seed-aws-va/shwai.he/demystifying-transformers-main/focused-compression-analysis/outputs/layerwise_para_perp/Qwen3-4B__drop_attn8_baseline	43.71475601196289	4.607255935668945	0.0	0.0	0.0	0.0	0.0	0.0	0.0	0.0	0.0	0.0
drop_attn8_baseline	drop_attn8_baseline		block_out	28	0.0	0.0	0.0	0.0	0.0	0.0	51.33621597290039	8.466876029968262	0.0	0.0	0.0	0.0	0.0	0.0	0.0	0.0	0.0	0.0	12.0	/mnt/bn/seed-aws-va/shwai.he/demystifying-transformers-main/focused-compression-analysis/outputs/layerwise_para_perp/Qwen3-4B__drop_attn8_baseline	51.33621597290039	8.466876029968262	0.0	0.0	0.0	0.0	0.0	0.0	0.0	0.0	0.0	0.0
drop_attn8_baseline	drop_attn8_baseline		block_out	29	0.0	0.0	0.0	0.0	0.0	0.0	51.79378890991211	6.724797248840332	0.0	0.0	0.0	0.0	0.0	0.0	0.0	0.0	0.0	0.0	12.0	/mnt/bn/seed-aws-va/shwai.he/demystifying-transformers-main/focused-compression-analysis/outputs/layerwise_para_perp/Qwen3-4B__drop_attn8_baseline	51.79378890991211	6.724797248840332	0.0	0.0	0.0	0.0	0.0	0.0	0.0	0.0	0.0	0.0
drop_attn8_baseline	drop_attn8_baseline		block_out	30	0.0	0.0	0.0	0.0	0.0	0.0	67.50605773925781	7.348269939422607	0.0	0.0	0.0	0.0	0.0	0.0	0.0	0.0	0.0	0.0	12.0	/mnt/bn/seed-aws-va/shwai.he/demystifying-transformers-main/focused-compression-analysis/outputs/layerwise_para_perp/Qwen3-4B__drop_attn8_baseline	67.50605773925781	7.348269939422607	0.0	0.0	0.0	0.0	0.0	0.0	0.0	0.0	0.0	0.0
drop_attn8_baseline	drop_attn8_baseline		block_out	31	0.0	0.0	0.0	0.0	0.0	0.0	74.56813049316406	7.059042453765869	0.0	0.0	0.0	0.0	0.0	0.0	0.0	0.0	0.0	0.0	12.0	/mnt/bn/seed-aws-va/shwai.he/demystifying-transformers-main/focused-compression-analysis/outputs/layerwise_para_perp/Qwen3-4B__drop_attn8_baseline	74.56813049316406	7.059042453765869	0.0	0.0	0.0	0.0	0.0	0.0	0.0	0.0	0.0	0.0
drop_attn8_baseline	drop_attn8_baseline		block_out	32	0.0	0.0	0.0	0.0	0.0	0.0	93.04443359375	10.82694149017334	0.0	0.0	0.0	0.0	0.0	0.0	0.0	0.0	0.0	0.0	12.0	/mnt/bn/seed-aws-va/shwai.he/demystifying-transformers-main/focused-compression-analysis/outputs/layerwise_para_perp/Qwen3-4B__drop_attn8_baseline	93.04443359375	10.82694149017334	0.0	0.0	0.0	0.0	0.0	0.0	0.0	0.0	0.0	0.0
drop_attn8_baseline	drop_attn8_baseline		block_out	33	0.0	0.0	0.0	0.0	0.0	0.0	124.4160385131836	18.083032608032227	0.0	0.0	0.0	0.0	0.0	0.0	0.0	0.0	0.0	0.0	12.0	/mnt/bn/seed-aws-va/shwai.he/demystifying-transformers-main/focused-compression-analysis/outputs/layerwise_para_perp/Qwen3-4B__drop_attn8_baseline	124.4160385131836	18.083032608032227	0.0	0.0	0.0	0.0	0.0	0.0	0.0	0.0	0.0	0.0
drop_attn8_baseline	drop_attn8_baseline		block_out	34	0.0	0.0	0.0	0.0	0.0	0.0	201.9527587890625	20.833885192871097	0.0	0.0	0.0	0.0	0.0	0.0	0.0	0.0	0.0	0.0	12.0	/mnt/bn/seed-aws-va/shwai.he/demystifying-transformers-main/focused-compression-analysis/outputs/layerwise_para_perp/Qwen3-4B__drop_attn8_baseline	201.9527587890625	20.833885192871097	0.0	0.0	0.0	0.0	0.0	0.0	0.0	0.0	0.0	0.0
drop_attn8_baseline	drop_attn8_baseline		block_out	35	0.0	0.0	0.0	0.0	0.0	0.0	503.9115905761719	39.6121826171875	0.0	0.0	0.0	0.0	0.0	0.0	0.0	0.0	0.0	0.0	12.0	/mnt/bn/seed-aws-va/shwai.he/demystifying-transformers-main/focused-compression-analysis/outputs/layerwise_para_perp/Qwen3-4B__drop_attn8_baseline	503.9115905761719	39.6121826171875	0.0	0.0	0.0	0.0	0.0	0.0	0.0	0.0	0.0	0.0
drop_attn8_baseline	drop_attn8_baseline		mlp_out	0	0.0	0.0	0.0	0.0	0.0	0.0	4.924187183380127	1.8690681457519531	0.0	0.0	0.0	0.0	0.0	0.0	0.0	0.0	0.0	0.0	12.0	/mnt/bn/seed-aws-va/shwai.he/demystifying-transformers-main/focused-compression-analysis/outputs/layerwise_para_perp/Qwen3-4B__drop_attn8_baseline	4.924187183380127	1.8690681457519531	0.0	0.0	0.0	0.0	0.0	0.0	0.0	0.0	0.0	0.0
drop_attn8_baseline	drop_attn8_baseline		mlp_out	1	0.0	0.0	0.0	0.0	0.0	0.0	2.155550956726074	0.9247154593467712	0.0	0.0	0.0	0.0	0.0	0.0	0.0	0.0	0.0	0.0	12.0	/mnt/bn/seed-aws-va/shwai.he/demystifying-transformers-main/focused-compression-analysis/outputs/layerwise_para_perp/Qwen3-4B__drop_attn8_baseline	2.155550956726074	0.9247154593467712	0.0	0.0	0.0	0.0	0.0	0.0	0.0	0.0	0.0	0.0
drop_attn8_baseline	drop_attn8_baseline		mlp_out	2	0.0	0.0	0.0	0.0	0.0	0.0	3.589118003845215	0.8690676689147949	0.0	0.0	0.0	0.0	0.0	0.0	0.0	0.0	0.0	0.0	12.0	/mnt/bn/seed-aws-va/shwai.he/demystifying-transformers-main/focused-compression-analysis/outputs/layerwise_para_perp/Qwen3-4B__drop_attn8_baseline	3.589118003845215	0.8690676689147949	0.0	0.0	0.0	0.0	0.0	0.0	0.0	0.0	0.0	0.0
drop_attn8_baseline	drop_attn8_baseline		mlp_out	3	0.0	0.0	0.0	0.0	0.0	0.0	6.195565700531006	5.021823406219482	0.0	0.0	0.0	0.0	0.0	0.0	0.0	0.0	0.0	0.0	12.0	/mnt/bn/seed-aws-va/shwai.he/demystifying-transformers-main/focused-compression-analysis/outputs/layerwise_para_perp/Qwen3-4B__drop_attn8_baseline	6.195565700531006	5.021823406219482	0.0	0.0	0.0	0.0	0.0	0.0	0.0	0.0	0.0	0.0
drop_attn8_baseline	drop_attn8_baseline		mlp_out	4	0.0	0.0	0.0	0.0	0.0	0.0	8.74682903289795	1.7499237060546875	0.0	0.0	0.0	0.0	0.0	0.0	0.0	0.0	0.0	0.0	12.0	/mnt/bn/seed-aws-va/shwai.he/demystifying-transformers-main/focused-compression-analysis/outputs/layerwise_para_perp/Qwen3-4B__drop_attn8_baseline	8.74682903289795	1.7499237060546875	0.0	0.0	0.0	0.0	0.0	0.0	0.0	0.0	0.0	0.0
drop_attn8_baseline	drop_attn8_baseline		mlp_out	5	0.0	0.0	0.0	0.0	0.0	0.0	10.169266700744627	4.168041229248047	0.0	0.0	0.0	0.0	0.0	0.0	0.0	0.0	0.0	0.0	12.0	/mnt/bn/seed-aws-va/shwai.he/demystifying-transformers-main/focused-compression-analysis/outputs/layerwise_para_perp/Qwen3-4B__drop_attn8_baseline	10.169266700744627	4.168041229248047	0.0	0.0	0.0	0.0	0.0	0.0	0.0	0.0	0.0	0.0
drop_attn8_baseline	drop_attn8_baseline		mlp_out	6	0.0	0.0	0.0	0.0	0.0	0.0	10.402653694152832	2.5103909969329834	0.0	0.0	0.0	0.0	0.0	0.0	0.0	0.0	0.0	0.0	12.0	/mnt/bn/seed-aws-va/shwai.he/demystifying-transformers-main/focused-compression-analysis/outputs/layerwise_para_perp/Qwen3-4B__drop_attn8_baseline	10.402653694152832	2.5103909969329834	0.0	0.0	0.0	0.0	0.0	0.0	0.0	0.0	0.0	0.0
drop_attn8_baseline	drop_attn8_baseline		mlp_out	7	0.0	0.0	0.0	0.0	0.0	0.0	10.795517921447754	3.672422409057617	0.0	0.0	0.0	0.0	0.0	0.0	0.0	0.0	0.0	0.0	12.0	/mnt/bn/seed-aws-va/shwai.he/demystifying-transformers-main/focused-compression-analysis/outputs/layerwise_para_perp/Qwen3-4B__drop_attn8_baseline	10.795517921447754	3.672422409057617	0.0	0.0	0.0	0.0	0.0	0.0	0.0	0.0	0.0	0.0
drop_attn8_baseline	drop_attn8_baseline		mlp_out	8	0.0	0.0	0.0	0.0	0.0	0.0	14.937820434570312	3.609757661819458	0.0	0.0	0.0	0.0	0.0	0.0	0.0	0.0	0.0	0.0	12.0	/mnt/bn/seed-aws-va/shwai.he/demystifying-transformers-main/focused-compression-analysis/outputs/layerwise_para_perp/Qwen3-4B__drop_attn8_baseline	14.937820434570312	3.609757661819458	0.0	0.0	0.0	0.0	0.0	0.0	0.0	0.0	0.0	0.0
drop_attn8_baseline	drop_attn8_baseline		mlp_out	9	0.0	0.0	0.0	0.0	0.0	0.0	15.593493461608888	5.000027656555176	0.0	0.0	0.0	0.0	0.0	0.0	0.0	0.0	0.0	0.0	12.0	/mnt/bn/seed-aws-va/shwai.he/demystifying-transformers-main/focused-compression-analysis/outputs/layerwise_para_perp/Qwen3-4B__drop_attn8_baseline	15.593493461608888	5.000027656555176	0.0	0.0	0.0	0.0	0.0	0.0	0.0	0.0	0.0	0.0
drop_attn8_baseline	drop_attn8_baseline		mlp_out	10	0.0	0.0	0.0	0.0	0.0	0.0	15.17504596710205	3.5631487369537354	0.0	0.0	0.0	0.0	0.0	0.0	0.0	0.0	0.0	0.0	12.0	/mnt/bn/seed-aws-va/shwai.he/demystifying-transformers-main/focused-compression-analysis/outputs/layerwise_para_perp/Qwen3-4B__drop_attn8_baseline	15.17504596710205	3.5631487369537354	0.0	0.0	0.0	0.0	0.0	0.0	0.0	0.0	0.0	0.0
drop_attn8_baseline	drop_attn8_baseline		mlp_out	11	0.0	0.0	0.0	0.0	0.0	0.0	14.45043659210205	3.51187515258789	0.0	0.0	0.0	0.0	0.0	0.0	0.0	0.0	0.0	0.0	12.0	/mnt/bn/seed-aws-va/shwai.he/demystifying-transformers-main/focused-compression-analysis/outputs/layerwise_para_perp/Qwen3-4B__drop_attn8_baseline	14.45043659210205	3.51187515258789	0.0	0.0	0.0	0.0	0.0	0.0	0.0	0.0	0.0	0.0
drop_attn8_baseline	drop_attn8_baseline		mlp_out	12	0.0	0.0	0.0	0.0	0.0	0.0	14.206377983093262	2.9714574813842773	0.0	0.0	0.0	0.0	0.0	0.0	0.0	0.0	0.0	0.0	12.0	/mnt/bn/seed-aws-va/shwai.he/demystifying-transformers-main/focused-compression-analysis/outputs/layerwise_para_perp/Qwen3-4B__drop_attn8_baseline	14.206377983093262	2.9714574813842773	0.0	0.0	0.0	0.0	0.0	0.0	0.0	0.0	0.0	0.0
drop_attn8_baseline	drop_attn8_baseline		mlp_out	13	0.0	0.0	0.0	0.0	0.0	0.0	14.665913581848145	3.003563404083252	0.0	0.0	0.0	0.0	0.0	0.0	0.0	0.0	0.0	0.0	12.0	/mnt/bn/seed-aws-va/shwai.he/demystifying-transformers-main/focused-compression-analysis/outputs/layerwise_para_perp/Qwen3-4B__drop_attn8_baseline	14.665913581848145	3.003563404083252	0.0	0.0	0.0	0.0	0.0	0.0	0.0	0.0	0.0	0.0
drop_attn8_baseline	drop_attn8_baseline		mlp_out	14	0.0	0.0	0.0	0.0	0.0	0.0	14.308375358581545	1.7635021209716797	0.0	0.0	0.0	0.0	0.0	0.0	0.0	0.0	0.0	0.0	12.0	/mnt/bn/seed-aws-va/shwai.he/demystifying-transformers-main/focused-compression-analysis/outputs/layerwise_para_perp/Qwen3-4B__drop_attn8_baseline	14.308375358581545	1.7635021209716797	0.0	0.0	0.0	0.0	0.0	0.0	0.0	0.0	0.0	0.0
drop_attn8_baseline	drop_attn8_baseline		mlp_out	15	0.0	0.0	0.0	0.0	0.0	0.0	14.209195137023926	2.527757167816162	0.0	0.0	0.0	0.0	0.0	0.0	0.0	0.0	0.0	0.0	12.0	/mnt/bn/seed-aws-va/shwai.he/demystifying-transformers-main/focused-compression-analysis/outputs/layerwise_para_perp/Qwen3-4B__drop_attn8_baseline	14.209195137023926	2.527757167816162	0.0	0.0	0.0	0.0	0.0	0.0	0.0	0.0	0.0	0.0
drop_attn8_baseline	drop_attn8_baseline		mlp_out	16	0.0	0.0	0.0	0.0	0.0	0.0	14.21353244781494	2.2408463954925537	0.0	0.0	0.0	0.0	0.0	0.0	0.0	0.0	0.0	0.0	12.0	/mnt/bn/seed-aws-va/shwai.he/demystifying-transformers-main/focused-compression-analysis/outputs/layerwise_para_perp/Qwen3-4B__drop_attn8_baseline	14.21353244781494	2.2408463954925537	0.0	0.0	0.0	0.0	0.0	0.0	0.0	0.0	0.0	0.0
drop_attn8_baseline	drop_attn8_baseline		mlp_out	17	0.0	0.0	0.0	0.0	0.0	0.0	15.110057830810549	1.7454731464385986	0.0	0.0	0.0	0.0	0.0	0.0	0.0	0.0	0.0	0.0	12.0	/mnt/bn/seed-aws-va/shwai.he/demystifying-transformers-main/focused-compression-analysis/outputs/layerwise_para_perp/Qwen3-4B__drop_attn8_baseline	15.110057830810549	1.7454731464385986	0.0	0.0	0.0	0.0	0.0	0.0	0.0	0.0	0.0	0.0
drop_attn8_baseline	drop_attn8_baseline		mlp_out	18	0.0	0.0	0.0	0.0	0.0	0.0	15.306750297546388	2.743739604949951	0.0	0.0	0.0	0.0	0.0	0.0	0.0	0.0	0.0	0.0	12.0	/mnt/bn/seed-aws-va/shwai.he/demystifying-transformers-main/focused-compression-analysis/outputs/layerwise_para_perp/Qwen3-4B__drop_attn8_baseline	15.306750297546388	2.743739604949951	0.0	0.0	0.0	0.0	0.0	0.0	0.0	0.0	0.0	0.0
drop_attn8_baseline	drop_attn8_baseline		mlp_out	19	0.0	0.0	0.0	0.0	0.0	0.0	19.548030853271484	2.715644598007202	0.0	0.0	0.0	0.0	0.0	0.0	0.0	0.0	0.0	0.0	12.0	/mnt/bn/seed-aws-va/shwai.he/demystifying-transformers-main/focused-compression-analysis/outputs/layerwise_para_perp/Qwen3-4B__drop_attn8_baseline	19.548030853271484	2.715644598007202	0.0	0.0	0.0	0.0	0.0	0.0	0.0	0.0	0.0	0.0
drop_attn8_baseline	drop_attn8_baseline		mlp_out	20	0.0	0.0	0.0	0.0	0.0	0.0	18.867536544799805	3.018406629562378	0.0	0.0	0.0	0.0	0.0	0.0	0.0	0.0	0.0	0.0	12.0	/mnt/bn/seed-aws-va/shwai.he/demystifying-transformers-main/focused-compression-analysis/outputs/layerwise_para_perp/Qwen3-4B__drop_attn8_baseline	18.867536544799805	3.018406629562378	0.0	0.0	0.0	0.0	0.0	0.0	0.0	0.0	0.0	0.0
drop_attn8_baseline	drop_attn8_baseline		mlp_out	21	0.0	0.0	0.0	0.0	0.0	0.0	20.359437942504883	1.1511050462722778	0.0	0.0	0.0	0.0	0.0	0.0	0.0	0.0	0.0	0.0	12.0	/mnt/bn/seed-aws-va/shwai.he/demystifying-transformers-main/focused-compression-analysis/outputs/layerwise_para_perp/Qwen3-4B__drop_attn8_baseline	20.359437942504883	1.1511050462722778	0.0	0.0	0.0	0.0	0.0	0.0	0.0	0.0	0.0	0.0
drop_attn8_baseline	drop_attn8_baseline		mlp_out	22	0.0	0.0	0.0	0.0	0.0	0.0	25.439254760742188	2.180009603500366	0.0	0.0	0.0	0.0	0.0	0.0	0.0	0.0	0.0	0.0	12.0	/mnt/bn/seed-aws-va/shwai.he/demystifying-transformers-main/focused-compression-analysis/outputs/layerwise_para_perp/Qwen3-4B__drop_attn8_baseline	25.439254760742188	2.180009603500366	0.0	0.0	0.0	0.0	0.0	0.0	0.0	0.0	0.0	0.0
drop_attn8_baseline	drop_attn8_baseline		mlp_out	23	0.0	0.0	0.0	0.0	0.0	0.0	29.80021095275879	2.622103691101074	0.0	0.0	0.0	0.0	0.0	0.0	0.0	0.0	0.0	0.0	12.0	/mnt/bn/seed-aws-va/shwai.he/demystifying-transformers-main/focused-compression-analysis/outputs/layerwise_para_perp/Qwen3-4B__drop_attn8_baseline	29.80021095275879	2.622103691101074	0.0	0.0	0.0	0.0	0.0	0.0	0.0	0.0	0.0	0.0
drop_attn8_baseline	drop_attn8_baseline		mlp_out	24	0.0	0.0	0.0	0.0	0.0	0.0	32.281436920166016	3.753595352172851	0.0	0.0	0.0	0.0	0.0	0.0	0.0	0.0	0.0	0.0	12.0	/mnt/bn/seed-aws-va/shwai.he/demystifying-transformers-main/focused-compression-analysis/outputs/layerwise_para_perp/Qwen3-4B__drop_attn8_baseline	32.281436920166016	3.753595352172851	0.0	0.0	0.0	0.0	0.0	0.0	0.0	0.0	0.0	0.0
drop_attn8_baseline	drop_attn8_baseline		mlp_out	25	0.0	0.0	0.0	0.0	0.0	0.0	36.58282852172851	6.259709358215332	0.0	0.0	0.0	0.0	0.0	0.0	0.0	0.0	0.0	0.0	12.0	/mnt/bn/seed-aws-va/shwai.he/demystifying-transformers-main/focused-compression-analysis/outputs/layerwise_para_perp/Qwen3-4B__drop_attn8_baseline	36.58282852172851	6.259709358215332	0.0	0.0	0.0	0.0	0.0	0.0	0.0	0.0	0.0	0.0
drop_attn8_baseline	drop_attn8_baseline		mlp_out	26	0.0	0.0	0.0	0.0	0.0	0.0	37.251007080078125	5.993751049041748	0.0	0.0	0.0	0.0	0.0	0.0	0.0	0.0	0.0	0.0	12.0	/mnt/bn/seed-aws-va/shwai.he/demystifying-transformers-main/focused-compression-analysis/outputs/layerwise_para_perp/Qwen3-4B__drop_attn8_baseline	37.251007080078125	5.993751049041748	0.0	0.0	0.0	0.0	0.0	0.0	0.0	0.0	0.0	0.0
drop_attn8_baseline	drop_attn8_baseline		mlp_out	27	0.0	0.0	0.0	0.0	0.0	0.0	40.744171142578125	6.577503204345703	0.0	0.0	0.0	0.0	0.0	0.0	0.0	0.0	0.0	0.0	12.0	/mnt/bn/seed-aws-va/shwai.he/demystifying-transformers-main/focused-compression-analysis/outputs/layerwise_para_perp/Qwen3-4B__drop_attn8_baseline	40.744171142578125	6.577503204345703	0.0	0.0	0.0	0.0	0.0	0.0	0.0	0.0	0.0	0.0
drop_attn8_baseline	drop_attn8_baseline		mlp_out	28	0.0	0.0	0.0	0.0	0.0	0.0	48.13186264038086	8.781499862670898	0.0	0.0	0.0	0.0	0.0	0.0	0.0	0.0	0.0	0.0	12.0	/mnt/bn/seed-aws-va/shwai.he/demystifying-transformers-main/focused-compression-analysis/outputs/layerwise_para_perp/Qwen3-4B__drop_attn8_baseline	48.13186264038086	8.781499862670898	0.0	0.0	0.0	0.0	0.0	0.0	0.0	0.0	0.0	0.0
drop_attn8_baseline	drop_attn8_baseline		mlp_out	29	0.0	0.0	0.0	0.0	0.0	0.0	48.9538459777832	7.520463466644287	0.0	0.0	0.0	0.0	0.0	0.0	0.0	0.0	0.0	0.0	12.0	/mnt/bn/seed-aws-va/shwai.he/demystifying-transformers-main/focused-compression-analysis/outputs/layerwise_para_perp/Qwen3-4B__drop_attn8_baseline	48.9538459777832	7.520463466644287	0.0	0.0	0.0	0.0	0.0	0.0	0.0	0.0	0.0	0.0
drop_attn8_baseline	drop_attn8_baseline		mlp_out	30	0.0	0.0	0.0	0.0	0.0	0.0	59.12934494018555	6.684651851654053	0.0	0.0	0.0	0.0	0.0	0.0	0.0	0.0	0.0	0.0	12.0	/mnt/bn/seed-aws-va/shwai.he/demystifying-transformers-main/focused-compression-analysis/outputs/layerwise_para_perp/Qwen3-4B__drop_attn8_baseline	59.12934494018555	6.684651851654053	0.0	0.0	0.0	0.0	0.0	0.0	0.0	0.0	0.0	0.0
drop_attn8_baseline	drop_attn8_baseline		mlp_out	31	0.0	0.0	0.0	0.0	0.0	0.0	64.48601531982422	7.852211475372315	0.0	0.0	0.0	0.0	0.0	0.0	0.0	0.0	0.0	0.0	12.0	/mnt/bn/seed-aws-va/shwai.he/demystifying-transformers-main/focused-compression-analysis/outputs/layerwise_para_perp/Qwen3-4B__drop_attn8_baseline	64.48601531982422	7.852211475372315	0.0	0.0	0.0	0.0	0.0	0.0	0.0	0.0	0.0	0.0
drop_attn8_baseline	drop_attn8_baseline		mlp_out	32	0.0	0.0	0.0	0.0	0.0	0.0	75.88117218017578	10.376106262207031	0.0	0.0	0.0	0.0	0.0	0.0	0.0	0.0	0.0	0.0	12.0	/mnt/bn/seed-aws-va/shwai.he/demystifying-transformers-main/focused-compression-analysis/outputs/layerwise_para_perp/Qwen3-4B__drop_attn8_baseline	75.88117218017578	10.376106262207031	0.0	0.0	0.0	0.0	0.0	0.0	0.0	0.0	0.0	0.0
drop_attn8_baseline	drop_attn8_baseline		mlp_out	33	0.0	0.0	0.0	0.0	0.0	0.0	104.89154815673828	19.515968322753903	0.0	0.0	0.0	0.0	0.0	0.0	0.0	0.0	0.0	0.0	12.0	/mnt/bn/seed-aws-va/shwai.he/demystifying-transformers-main/focused-compression-analysis/outputs/layerwise_para_perp/Qwen3-4B__drop_attn8_baseline	104.89154815673828	19.515968322753903	0.0	0.0	0.0	0.0	0.0	0.0	0.0	0.0	0.0	0.0
drop_attn8_baseline	drop_attn8_baseline		mlp_out	34	0.0	0.0	0.0	0.0	0.0	0.0	146.5600128173828	13.341517448425291	0.0	0.0	0.0	0.0	0.0	0.0	0.0	0.0	0.0	0.0	12.0	/mnt/bn/seed-aws-va/shwai.he/demystifying-transformers-main/focused-compression-analysis/outputs/layerwise_para_perp/Qwen3-4B__drop_attn8_baseline	146.5600128173828	13.341517448425291	0.0	0.0	0.0	0.0	0.0	0.0	0.0	0.0	0.0	0.0
drop_attn8_baseline	drop_attn8_baseline		mlp_out	35	0.0	0.0	0.0	0.0	0.0	0.0	306.6493225097656	29.164939880371097	0.0	0.0	0.0	0.0	0.0	0.0	0.0	0.0	0.0	0.0	12.0	/mnt/bn/seed-aws-va/shwai.he/demystifying-transformers-main/focused-compression-analysis/outputs/layerwise_para_perp/Qwen3-4B__drop_attn8_baseline	306.6493225097656	29.164939880371097	0.0	0.0	0.0	0.0	0.0	0.0	0.0	0.0	0.0	0.0
wanda_2_4	wanda_2_4_l0	0.0	attn_out	0	-0.1495378762483596	0.0133204944431781	0.5736265778541565	0.0768992602825164	0.5909339189529419	0.0990495085716247	3.8522732257843018	0.5188212990760803	0.8296089768409729	0.0756544470787048	0.2203742116689682	0.0436322838068008	0.1495378762483596	0.0133204944431781	0.1594733148813247	0.0499782152473926	0.5097793340682983	0.1152136847376823	12.0	/mnt/bn/seed-aws-va/shwai.he/demystifying-transformers-main/focused-compression-analysis/outputs/layerwise_para_perp/Qwen3-4B__wanda_2_4_l0	3.8522732257843018	0.5188212990760803	0.8296089768409729	0.0756544470787048	0.2203742116689682	0.0436322838068008	0.1495378762483596	0.0133204944431781	0.1594733148813247	0.0499782152473926	0.5097793340682983	0.1152136847376823
wanda_2_4	wanda_2_4_l0	0.0	block_out	0	-0.2595259249210357	0.0579386018216609	2.085585117340088	0.8461143374443054	1.2107843160629272	0.5671066641807556	7.808135509490967	1.257848858833313	2.4151084423065186	1.0101655721664429	0.299996018409729	0.0710292980074882	0.2595258951187134	0.057938665151596	0.1496282666921615	0.0440859980881214	0.2448807805776596	0.0467420108616352	12.0	/mnt/bn/seed-aws-va/shwai.he/demystifying-transformers-main/focused-compression-analysis/outputs/layerwise_para_perp/Qwen3-4B__wanda_2_4_l0	7.808135509490967	1.257848858833313	2.4151084423065186	1.0101655721664429	0.299996018409729	0.0710292980074882	0.2595258951187134	0.057938665151596	0.1496282666921615	0.0440859980881214	0.2448807805776596	0.0467420108616352
wanda_2_4	wanda_2_4_l0	0.0	mlp_out	0	-0.3478045463562011	0.0480530075728893	1.7716785669326782	0.914688527584076	0.9041820168495178	0.5552154779434204	4.924187183380127	1.8690681457519531	1.994482159614563	1.0598821640014648	0.3894296884536743	0.0564875677227973	0.3478045463562011	0.0480530075728893	0.1733175665140152	0.0391186773777008	0.1985091120004654	0.0539176762104034	12.0	/mnt/bn/seed-aws-va/shwai.he/demystifying-transformers-main/focused-compression-analysis/outputs/layerwise_para_perp/Qwen3-4B__wanda_2_4_l0	4.924187183380127	1.8690681457519531	1.994482159614563	1.0598821640014648	0.3894296884536743	0.0564875677227973	0.3478045463562011	0.0480530075728893	0.1733175665140152	0.0391186773777008	0.1985091120004654	0.0539176762104034
wanda_2_4	wanda_2_4_l1	1.0	attn_out	1	-0.1880233287811279	0.0128157837316393	0.4846258163452148	0.0534694455564022	0.6419825553894043	0.0865710079669952	2.587146520614624	0.3294939696788788	0.805722177028656	0.090383157134056	0.3123969733715057	0.0160790290683507	0.1880233287811279	0.0128157837316393	0.2488109618425369	0.0206513609737157	0.6341650485992432	0.0557031333446502	12.0	/mnt/bn/seed-aws-va/shwai.he/demystifying-transformers-main/focused-compression-analysis/outputs/layerwise_para_perp/Qwen3-4B__wanda_2_4_l1	2.587146520614624	0.3294939696788788	0.805722177028656	0.090383157134056	0.3123969733715057	0.0160790290683507	0.1880233287811279	0.0128157837316393	0.2488109618425369	0.0206513609737157	0.6341650485992432	0.0557031333446502
wanda_2_4	wanda_2_4_l1	1.0	block_out	1	-0.1967469453811645	0.0422237999737262	0.7006192803382874	0.377781867980957	0.9902170300483704	0.3551891148090362	3.4068033695220947	0.914424479007721	1.216159105300903	0.5111090540885925	0.3480823338031769	0.0447621196508407	0.1967469304800033	0.0422238893806934	0.2862910330295563	0.0266496576368808	0.6837074160575867	0.0566829666495323	12.0	/mnt/bn/seed-aws-va/shwai.he/demystifying-transformers-main/focused-compression-analysis/outputs/layerwise_para_perp/Qwen3-4B__wanda_2_4_l1	3.4068033695220947	0.914424479007721	1.216159105300903	0.5111090540885925	0.3480823338031769	0.0447621196508407	0.1967469304800033	0.0422238893806934	0.2862910330295563	0.0266496576368808	0.6837074160575867	0.0566829666495323
wanda_2_4	wanda_2_4_l1	1.0	mlp_out	1	-0.2318269461393356	0.0788121968507766	0.5481385588645935	0.4395158588886261	0.7126345634460449	0.363042950630188	2.155550956726074	0.9247154593467712	0.9072948098182678	0.556861162185669	0.40254807472229	0.0696275010704994	0.2318269461393356	0.0788121968507766	0.3245986402034759	0.0396683439612388	0.6701590418815613	0.1191015988588333	12.0	/mnt/bn/seed-aws-va/shwai.he/demystifying-transformers-main/focused-compression-analysis/outputs/layerwise_para_perp/Qwen3-4B__wanda_2_4_l1	2.155550956726074	0.9247154593467712	0.9072948098182678	0.556861162185669	0.40254807472229	0.0696275010704994	0.2318269461393356	0.0788121968507766	0.3245986402034759	0.0396683439612388	0.6701590418815613	0.1191015988588333
wanda_2_4	wanda_2_4_l10	10.0	attn_out	10	-0.3069552481174469	0.0274553745985031	2.9426982402801514	0.387777715921402	3.9567110538482666	0.5659868717193604	9.636845588684082	1.359122395515442	4.940928936004639	0.6107131838798523	0.5142928957939148	0.0222877785563468	0.3069552481174469	0.0274553745985031	0.4114041030406952	0.0276636760681867	0.6410667300224304	0.0598687380552291	12.0	/mnt/bn/seed-aws-va/shwai.he/demystifying-transformers-main/focused-compression-analysis/outputs/layerwise_para_perp/Qwen3-4B__wanda_2_4_l10	9.636845588684082	1.359122395515442	4.940928936004639	0.6107131838798523	0.5142928957939148	0.0222877785563468	0.3069552481174469	0.0274553745985031	0.4114041030406952	0.0276636760681867	0.6410667300224304	0.0598687380552291
wanda_2_4	wanda_2_4_l10	10.0	block_out	10	-0.3243404030799866	0.0249228291213512	5.306845188140869	0.9824170470237732	6.7879319190979	1.2429074048995972	16.548221588134766	3.941051959991455	8.622047424316406	1.5520548820495603	0.5270029306411743	0.0300268158316612	0.3243404030799866	0.0249228291213512	0.4149725139141083	0.0247712526470422	0.6207556128501892	0.0339710973203182	12.0	/mnt/bn/seed-aws-va/shwai.he/demystifying-transformers-main/focused-compression-analysis/outputs/layerwise_para_perp/Qwen3-4B__wanda_2_4_l10	16.548221588134766	3.941051959991455	8.622047424316406	1.5520548820495603	0.5270029306411743	0.0300268158316612	0.3243404030799866	0.0249228291213512	0.4149725139141083	0.0247712526470422	0.6207556128501892	0.0339710973203182
wanda_2_4	wanda_2_4_l10	10.0	mlp_out	10	-0.3522390127182007	0.0393679141998291	5.259584426879883	0.89100182056427	6.346189498901367	1.2932032346725464	15.17504596710205	3.5631487369537354	8.257563591003418	1.4887092113494873	0.5502334237098694	0.0339394994080066	0.3522390127182007	0.0393677242100238	0.4215637743473053	0.0238868240267038	0.5899169445037842	0.0558487363159656	12.0	/mnt/bn/seed-aws-va/shwai.he/demystifying-transformers-main/focused-compression-analysis/outputs/layerwise_para_perp/Qwen3-4B__wanda_2_4_l10	15.17504596710205	3.5631487369537354	8.257563591003418	1.4887092113494873	0.5502334237098694	0.0339394994080066	0.3522390127182007	0.0393677242100238	0.4215637743473053	0.0238868240267038	0.5899169445037842	0.0558487363159656
wanda_2_4	wanda_2_4_l11	11.0	attn_out	11	-0.33974090218544	0.0328910984098911	2.9597272872924805	0.5065498352050781	3.62248420715332	0.4301954507827759	8.743943214416504	1.401208996772766	4.689367771148682	0.5778131484985352	0.5405365824699402	0.0389425344765186	0.33974090218544	0.0328910984098911	0.4186798632144928	0.0435631982982158	0.6008138060569763	0.0667274817824363	12.0	/mnt/bn/seed-aws-va/shwai.he/demystifying-transformers-main/focused-compression-analysis/outputs/layerwise_para_perp/Qwen3-4B__wanda_2_4_l11	8.743943214416504	1.401208996772766	4.689367771148682	0.5778131484985352	0.5405365824699402	0.0389425344765186	0.33974090218544	0.0328910984098911	0.4186798632144928	0.0435631982982158	0.6008138060569763	0.0667274817824363
wanda_2_4	wanda_2_4_l11	11.0	block_out	11	-0.3030735552310943	0.018659196794033	4.684274196624756	0.8257920145988464	6.649659633636475	1.5243499279022217	15.577537536621094	3.3646488189697266	8.143528938293457	1.6878730058670044	0.5240306258201599	0.0187281481921672	0.3030735552310943	0.018659196794033	0.4267469346523285	0.0253800582140684	0.6633057594299316	0.0461826063692569	12.0	/mnt/bn/seed-aws-va/shwai.he/demystifying-transformers-main/focused-compression-analysis/outputs/layerwise_para_perp/Qwen3-4B__wanda_2_4_l11	15.577537536621094	3.3646488189697266	8.143528938293457	1.6878730058670044	0.5240306258201599	0.0187281481921672	0.3030735552310943	0.018659196794033	0.4267469346523285	0.0253800582140684	0.6633057594299316	0.0461826063692569
wanda_2_4	wanda_2_4_l11	11.0	mlp_out	11	-0.3176594376564026	0.0222839340567588	4.52559232711792	0.7597907185554504	6.187873840332031	1.496863603591919	14.45043659210205	3.51187515258789	7.674030303955078	1.6425293684005735	0.5340001583099365	0.0172201357781887	0.3176594376564026	0.0222839340567588	0.4286394119262695	0.0178000945597887	0.6451531648635864	0.0406191609799861	12.0	/mnt/bn/seed-aws-va/shwai.he/demystifying-transformers-main/focused-compression-analysis/outputs/layerwise_para_perp/Qwen3-4B__wanda_2_4_l11	14.45043659210205	3.51187515258789	7.674030303955078	1.6425293684005735	0.5340001583099365	0.0172201357781887	0.3176594376564026	0.0222839340567588	0.4286394119262695	0.0178000945597887	0.6451531648635864	0.0406191609799861
wanda_2_4	wanda_2_4_l12	12.0	attn_out	12	-0.2844098210334778	0.0452777184545993	2.9548075199127197	0.5178654789924622	3.9985854625701904	0.2293695658445358	10.3915376663208	0.7736988663673401	4.990015506744385	0.3743152618408203	0.4812240600585937	0.0310505218803882	0.2844098210334778	0.0452778860926628	0.3860336244106293	0.0240781959146261	0.6482199430465698	0.079174056649208	12.0	/mnt/bn/seed-aws-va/shwai.he/demystifying-transformers-main/focused-compression-analysis/outputs/layerwise_para_perp/Qwen3-4B__wanda_2_4_l12	10.3915376663208	0.7736988663673401	4.990015506744385	0.3743152618408203	0.4812240600585937	0.0310505218803882	0.2844098210334778	0.0452778860926628	0.3860336244106293	0.0240781959146261	0.6482199430465698	0.079174056649208
wanda_2_4	wanda_2_4_l12	12.0	block_out	12	-0.3026984930038452	0.017458189278841	4.879421710968018	0.7578829526901245	6.656202793121338	1.13739812374115	16.199983596801758	2.913947343826294	8.257704734802246	1.3387186527252195	0.511172354221344	0.0139865092933177	0.3026984930038452	0.017458189278841	0.4115528762340545	0.0136325815692543	0.6487696170806885	0.0320359580218791	12.0	/mnt/bn/seed-aws-va/shwai.he/demystifying-transformers-main/focused-compression-analysis/outputs/layerwise_para_perp/Qwen3-4B__wanda_2_4_l12	16.199983596801758	2.913947343826294	8.257704734802246	1.3387186527252195	0.511172354221344	0.0139865092933177	0.3026984930038452	0.017458189278841	0.4115528762340545	0.0136325815692543	0.6487696170806885	0.0320359580218791
wanda_2_4	wanda_2_4_l12	12.0	mlp_out	12	-0.3428058922290802	0.0197925250977277	4.833379745483398	0.8223549127578735	5.939401626586914	1.171949863433838	14.206377983093262	2.9714574813842773	7.660669326782227	1.4148958921432495	0.5415555834770203	0.0153420576825737	0.3428058922290802	0.0197925250977277	0.4189811944961548	0.0080584902316331	0.5994119048118591	0.0269153267145156	12.0	/mnt/bn/seed-aws-va/shwai.he/demystifying-transformers-main/focused-compression-analysis/outputs/layerwise_para_perp/Qwen3-4B__wanda_2_4_l12	14.206377983093262	2.9714574813842773	7.660669326782227	1.4148958921432495	0.5415555834770203	0.0153420576825737	0.3428058922290802	0.0197925250977277	0.4189811944961548	0.0080584902316331	0.5994119048118591	0.0269153267145156
wanda_2_4	wanda_2_4_l13	13.0	attn_out	13	-0.267174631357193	0.0376229137182235	2.3838424682617188	0.3304159939289093	3.6023738384246826	0.729641854763031	9.11807632446289	1.8696048259735107	4.333494186401367	0.7226219177246094	0.4789703786373138	0.023910516873002	0.267174631357193	0.0376229137182235	0.3958493173122406	0.0221338085830211	0.6860083937644958	0.0693428143858909	12.0	/mnt/bn/seed-aws-va/shwai.he/demystifying-transformers-main/focused-compression-analysis/outputs/layerwise_para_perp/Qwen3-4B__wanda_2_4_l13	9.11807632446289	1.8696048259735107	4.333494186401367	0.7226219177246094	0.4789703786373138	0.023910516873002	0.267174631357193	0.0376229137182235	0.3958493173122406	0.0221338085830211	0.6860083937644958	0.0693428143858909
wanda_2_4	wanda_2_4_l13	13.0	block_out	13	-0.3008858859539032	0.0203908588737249	4.859652996063232	1.2105562686920166	6.781587600708008	1.3129024505615234	16.054533004760742	3.3017218112945557	8.34837818145752	1.7606531381607056	0.5196947455406189	0.0147002255544066	0.3008858859539032	0.0203908588737249	0.4233392477035522	0.0115973223000764	0.6644173264503479	0.0330619066953659	12.0	/mnt/bn/seed-aws-va/shwai.he/demystifying-transformers-main/focused-compression-analysis/outputs/layerwise_para_perp/Qwen3-4B__wanda_2_4_l13	16.054533004760742	3.3017218112945557	8.34837818145752	1.7606531381607056	0.5196947455406189	0.0147002255544066	0.3008858859539032	0.0203908588737249	0.4233392477035522	0.0115973223000764	0.6644173264503479	0.0330619066953659
wanda_2_4	wanda_2_4_l13	13.0	mlp_out	13	-0.3386535942554474	0.0173554625362157	4.9729084968566895	1.0818496942520142	6.1096510887146	1.2037954330444336	14.665913581848145	3.003563404083252	7.881355285644531	1.600440263748169	0.5377501845359802	0.0130060743540525	0.3386535942554474	0.0173550322651863	0.4174032211303711	0.0114687643945217	0.6031268835067749	0.0294328704476356	12.0	/mnt/bn/seed-aws-va/shwai.he/demystifying-transformers-main/focused-compression-analysis/outputs/layerwise_para_perp/Qwen3-4B__wanda_2_4_l13	14.665913581848145	3.003563404083252	7.881355285644531	1.600440263748169	0.5377501845359802	0.0130060743540525	0.3386535942554474	0.0173550322651863	0.4174032211303711	0.0114687643945217	0.6031268835067749	0.0294328704476356
wanda_2_4	wanda_2_4_l14	14.0	attn_out	14	-0.2547988891601562	0.0573806427419185	2.5549654960632324	0.5163019299507141	4.659139156341553	0.5989218950271606	10.176310539245604	1.068668246269226	5.352287769317627	0.4622907042503357	0.5270877480506897	0.0168271176517009	0.2547988593578338	0.057380773127079	0.4574412107467651	0.0252422988414764	0.7569444179534912	0.0905281230807304	12.0	/mnt/bn/seed-aws-va/shwai.he/demystifying-transformers-main/focused-compression-analysis/outputs/layerwise_para_perp/Qwen3-4B__wanda_2_4_l14	10.176310539245604	1.068668246269226	5.352287769317627	0.4622907042503357	0.5270877480506897	0.0168271176517009	0.2547988593578338	0.057380773127079	0.4574412107467651	0.0252422988414764	0.7569444179534912	0.0905281230807304
wanda_2_4	wanda_2_4_l14	14.0	block_out	14	-0.3001213371753692	0.023535206913948	4.795172214508057	0.524987518787384	7.08993673324585	0.9562995433807372	16.032020568847656	1.8471813201904297	8.570813179016113	0.9960707426071168	0.5347490310668945	0.0149225648492574	0.3001213371753692	0.023535206913948	0.4417258203029632	0.0207562614232301	0.682981550693512	0.0468626022338867	12.0	/mnt/bn/seed-aws-va/shwai.he/demystifying-transformers-main/focused-compression-analysis/outputs/layerwise_para_perp/Qwen3-4B__wanda_2_4_l14	16.032020568847656	1.8471813201904297	8.570813179016113	0.9960707426071168	0.5347490310668945	0.0149225648492574	0.3001213371753692	0.023535206913948	0.4417258203029632	0.0207562614232301	0.682981550693512	0.0468626022338867
wanda_2_4	wanda_2_4_l14	14.0	mlp_out	14	-0.3345862329006195	0.0199344977736473	4.783937454223633	0.6269485354423523	6.166769504547119	0.8900229930877686	14.308375358581545	1.7635021209716797	7.812578201293945	1.0314700603485107	0.5457693934440613	0.0183560624718666	0.3345862329006195	0.0199346840381622	0.4305169284343719	0.0226064193993806	0.6228138208389282	0.0426464118063449	12.0	/mnt/bn/seed-aws-va/shwai.he/demystifying-transformers-main/focused-compression-analysis/outputs/layerwise_para_perp/Qwen3-4B__wanda_2_4_l14	14.308375358581545	1.7635021209716797	7.812578201293945	1.0314700603485107	0.5457693934440613	0.0183560624718666	0.3345862329006195	0.0199346840381622	0.4305169284343719	0.0226064193993806	0.6228138208389282	0.0426464118063449
wanda_2_4	wanda_2_4_l15	15.0	attn_out	15	-0.2587341070175171	0.0513773933053016	2.5936360359191895	0.6381300091743469	4.506435394287109	1.1138148307800293	10.134062767028809	2.2064037322998047	5.219773769378662	1.198608636856079	0.5148221254348755	0.0491387210786342	0.2587341070175171	0.0513773933053016	0.4429142773151397	0.0412359237670898	0.74373459815979	0.0692916512489318	12.0	/mnt/bn/seed-aws-va/shwai.he/demystifying-transformers-main/focused-compression-analysis/outputs/layerwise_para_perp/Qwen3-4B__wanda_2_4_l15	10.134062767028809	2.2064037322998047	5.219773769378662	1.198608636856079	0.5148221254348755	0.0491387210786342	0.2587341070175171	0.0513773933053016	0.4429142773151397	0.0412359237670898	0.74373459815979	0.0692916512489318
wanda_2_4	wanda_2_4_l15	15.0	block_out	15	-0.3299557566642761	0.0186162237077951	4.981804370880127	1.234928846359253	6.827810764312744	1.3849955797195437	15.10930633544922	3.770745515823364	8.456557273864746	1.8350147008895872	0.5636090636253357	0.026133881881833	0.3299557566642761	0.0186162237077951	0.456564337015152	0.0258806329220533	0.6562575697898865	0.0305278301239013	12.0	/mnt/bn/seed-aws-va/shwai.he/demystifying-transformers-main/focused-compression-analysis/outputs/layerwise_para_perp/Qwen3-4B__wanda_2_4_l15	15.10930633544922	3.770745515823364	8.456557273864746	1.8350147008895872	0.5636090636253357	0.026133881881833	0.3299557566642761	0.0186162237077951	0.456564337015152	0.0258806329220533	0.6562575697898865	0.0305278301239013
wanda_2_4	wanda_2_4_l15	15.0	mlp_out	15	-0.3595102727413177	0.0231962502002716	5.142529010772705	1.1553555727005005	5.853140354156494	1.08430814743042	14.209195137023926	2.527757167816162	7.796231746673584	1.560193657875061	0.547113835811615	0.0277821943163871	0.359510213136673	0.0231972131878137	0.4119682013988495	0.0245327930897474	0.5675316452980042	0.033962320536375	12.0	/mnt/bn/seed-aws-va/shwai.he/demystifying-transformers-main/focused-compression-analysis/outputs/layerwise_para_perp/Qwen3-4B__wanda_2_4_l15	14.209195137023926	2.527757167816162	7.796231746673584	1.560193657875061	0.547113835811615	0.0277821943163871	0.359510213136673	0.0231972131878137	0.4119682013988495	0.0245327930897474	0.5675316452980042	0.033962320536375
wanda_2_4	wanda_2_4_l16	16.0	attn_out	16	-0.1965384930372238	0.0479669943451881	1.7760189771652222	0.520846426486969	4.467528343200684	0.654172956943512	9.016239166259766	1.063526272773743	4.8265204429626465	0.7190086841583252	0.5359362959861755	0.0569941587746143	0.1965384930372238	0.0479669943451881	0.4964770376682281	0.0553027018904686	0.8595095276832581	0.0584863312542438	12.0	/mnt/bn/seed-aws-va/shwai.he/demystifying-transformers-main/focused-compression-analysis/outputs/layerwise_para_perp/Qwen3-4B__wanda_2_4_l16	9.016239166259766	1.063526272773743	4.8265204429626465	0.7190086841583252	0.5359362959861755	0.0569941587746143	0.1965384930372238	0.0479669943451881	0.4964770376682281	0.0553027018904686	0.8595095276832581	0.0584863312542438
wanda_2_4	wanda_2_4_l16	16.0	block_out	16	-0.324735552072525	0.0234638694673776	4.806796550750732	1.0822418928146362	6.94148588180542	1.0487117767333984	14.72869110107422	2.667677164077759	8.45280933380127	1.452783703804016	0.5750048756599426	0.0203444007784128	0.324735552072525	0.0234638694673776	0.4738438427448272	0.0226442888379097	0.6797341704368591	0.0416078940033912	12.0	/mnt/bn/seed-aws-va/shwai.he/demystifying-transformers-main/focused-compression-analysis/outputs/layerwise_para_perp/Qwen3-4B__wanda_2_4_l16	14.72869110107422	2.667677164077759	8.45280933380127	1.452783703804016	0.5750048756599426	0.0203444007784128	0.324735552072525	0.0234638694673776	0.4738438427448272	0.0226442888379097	0.6797341704368591	0.0416078940033912
wanda_2_4	wanda_2_4_l16	16.0	mlp_out	16	-0.3646648824214935	0.0180015433579683	5.1982011795043945	0.9649494886398317	5.958825588226318	1.0238325595855713	14.21353244781494	2.2408463954925537	7.913982391357422	1.3700861930847168	0.5558213591575623	0.0185040235519409	0.3646648824214935	0.0180015433579683	0.4188634157180786	0.022993329912424	0.5681819319725037	0.0399839431047439	12.0	/mnt/bn/seed-aws-va/shwai.he/demystifying-transformers-main/focused-compression-analysis/outputs/layerwise_para_perp/Qwen3-4B__wanda_2_4_l16	14.21353244781494	2.2408463954925537	7.913982391357422	1.3700861930847168	0.5558213591575623	0.0185040235519409	0.3646648824214935	0.0180015433579683	0.4188634157180786	0.022993329912424	0.5681819319725037	0.0399839431047439
wanda_2_4	wanda_2_4_l17	17.0	attn_out	17	-0.2255430072546005	0.0216520875692367	2.2452304363250732	0.2913767099380493	5.049252033233643	0.7867034077644348	10.008103370666504	1.3305584192276	5.5328145027160645	0.7923214435577393	0.5535584092140198	0.0413614846765995	0.2255429625511169	0.0216525178402662	0.5047769546508789	0.0447154082357883	0.8304799199104309	0.0369209721684455	12.0	/mnt/bn/seed-aws-va/shwai.he/demystifying-transformers-main/focused-compression-analysis/outputs/layerwise_para_perp/Qwen3-4B__wanda_2_4_l17	10.008103370666504	1.3305584192276	5.5328145027160645	0.7923214435577393	0.5535584092140198	0.0413614846765995	0.2255429625511169	0.0216525178402662	0.5047769546508789	0.0447154082357883	0.8304799199104309	0.0369209721684455
wanda_2_4	wanda_2_4_l17	17.0	block_out	17	-0.335443377494812	0.0213806070387363	5.159506320953369	0.737164318561554	7.311307430267334	1.1206581592559814	15.45033359527588	2.47759747505188	8.95502758026123	1.2971073389053345	0.5813181400299072	0.0184362549334764	0.335443377494812	0.0213804338127374	0.4742355346679687	0.019797982648015	0.6660271286964417	0.0360498242080211	12.0	/mnt/bn/seed-aws-va/shwai.he/demystifying-transformers-main/focused-compression-analysis/outputs/layerwise_para_perp/Qwen3-4B__wanda_2_4_l17	15.45033359527588	2.47759747505188	8.95502758026123	1.2971073389053345	0.5813181400299072	0.0184362549334764	0.335443377494812	0.0213804338127374	0.4742355346679687	0.019797982648015	0.6660271286964417	0.0360498242080211
wanda_2_4	wanda_2_4_l17	17.0	mlp_out	17	-0.3646793365478515	0.0262924823909997	5.491556167602539	0.6153180599212646	6.110837936401367	0.9241439700126648	15.110057830810549	1.7454731464385986	8.2267427444458	1.0261027812957764	0.5443874001502991	0.0209513343870639	0.3646793365478515	0.0262924823909997	0.4032467305660248	0.0225017014890909	0.5500495433807373	0.0505152866244316	12.0	/mnt/bn/seed-aws-va/shwai.he/demystifying-transformers-main/focused-compression-analysis/outputs/layerwise_para_perp/Qwen3-4B__wanda_2_4_l17	15.110057830810549	1.7454731464385986	8.2267427444458	1.0261027812957764	0.5443874001502991	0.0209513343870639	0.3646793365478515	0.0262924823909997	0.4032467305660248	0.0225017014890909	0.5500495433807373	0.0505152866244316
wanda_2_4	wanda_2_4_l18	18.0	attn_out	18	-0.1903993338346481	0.0195054840296506	2.006181001663208	0.3739922046661377	4.924351692199707	0.8386744856834412	10.499770164489746	1.513670563697815	5.324334621429443	0.8767595291137695	0.5069651007652283	0.0381434075534343	0.1903993338346481	0.019505389034748	0.4691008329391479	0.042197149246931	0.8549087047576904	0.0393452905118465	12.0	/mnt/bn/seed-aws-va/shwai.he/demystifying-transformers-main/focused-compression-analysis/outputs/layerwise_para_perp/Qwen3-4B__wanda_2_4_l18	10.499770164489746	1.513670563697815	5.324334621429443	0.8767595291137695	0.5069651007652283	0.0381434075534343	0.1903993338346481	0.019505389034748	0.4691008329391479	0.042197149246931	0.8549087047576904	0.0393452905118465
wanda_2_4	wanda_2_4_l18	18.0	block_out	18	-0.3044372797012329	0.0295936800539493	5.121089458465576	1.188102960586548	7.899485111236572	1.2133371829986572	16.776098251342773	3.1985342502593994	9.427281379699709	1.6240583658218384	0.5644548535346985	0.0271852537989616	0.3044372797012329	0.0295936800539493	0.4744206666946411	0.0267495587468147	0.7073490023612976	0.0470799095928669	12.0	/mnt/bn/seed-aws-va/shwai.he/demystifying-transformers-main/focused-compression-analysis/outputs/layerwise_para_perp/Qwen3-4B__wanda_2_4_l18	16.776098251342773	3.1985342502593994	9.427281379699709	1.6240583658218384	0.5644548535346985	0.0271852537989616	0.3044372797012329	0.0295936800539493	0.4744206666946411	0.0267495587468147	0.7073490023612976	0.0470799095928669
wanda_2_4	wanda_2_4_l18	18.0	mlp_out	18	-0.3675585687160492	0.0351528599858284	5.600061893463135	0.996222972869873	6.456642150878906	1.1382681131362915	15.306750297546388	2.743739604949951	8.570378303527832	1.373189926147461	0.5617758631706238	0.0148514974862337	0.3675585687160492	0.0351530723273754	0.4227184951305389	0.0280482936650514	0.568878710269928	0.0738756358623504	12.0	/mnt/bn/seed-aws-va/shwai.he/demystifying-transformers-main/focused-compression-analysis/outputs/layerwise_para_perp/Qwen3-4B__wanda_2_4_l18	15.306750297546388	2.743739604949951	8.570378303527832	1.373189926147461	0.5617758631706238	0.0148514974862337	0.3675585687160492	0.0351530723273754	0.4227184951305389	0.0280482936650514	0.568878710269928	0.0738756358623504
wanda_2_4	wanda_2_4_l19	19.0	attn_out	19	-0.2284546047449112	0.0643700137734413	3.201582193374634	0.7635332345962524	6.301225662231445	1.3403021097183228	14.262450218200684	1.136812686920166	7.170046329498291	0.9619750380516052	0.5014833807945251	0.0396711602807045	0.2284546047449112	0.0643700137734413	0.4385484158992767	0.0663299113512039	0.7635273337364197	0.1286549270153045	12.0	/mnt/bn/seed-aws-va/shwai.he/demystifying-transformers-main/focused-compression-analysis/outputs/layerwise_para_perp/Qwen3-4B__wanda_2_4_l19	14.262450218200684	1.136812686920166	7.170046329498291	0.9619750380516052	0.5014833807945251	0.0396711602807045	0.2284546047449112	0.0643700137734413	0.4385484158992767	0.0663299113512039	0.7635273337364197	0.1286549270153045
wanda_2_4	wanda_2_4_l19	19.0	block_out	19	-0.3457465469837188	0.0399236194789409	7.680906295776367	1.0545445680618286	9.37979507446289	1.486935019493103	22.308961868286133	2.6669933795928955	12.187183380126951	1.3313437700271606	0.5473901033401489	0.0275500547140836	0.3457465469837188	0.0399236194789409	0.4206651747226715	0.0479702167212963	0.5923015475273132	0.0966758355498313	12.0	/mnt/bn/seed-aws-va/shwai.he/demystifying-transformers-main/focused-compression-analysis/outputs/layerwise_para_perp/Qwen3-4B__wanda_2_4_l19	22.308961868286133	2.6669933795928955	12.187183380126951	1.3313437700271606	0.5473901033401489	0.0275500547140836	0.3457465469837188	0.0399236194789409	0.4206651747226715	0.0479702167212963	0.5923015475273132	0.0966758355498313
wanda_2_4	wanda_2_4_l19	19.0	mlp_out	19	-0.3948011398315429	0.0225437134504318	7.727244853973389	1.2190003395080566	7.389142513275147	0.921587347984314	19.548030853271484	2.715644598007202	10.719033241271973	1.3218746185302734	0.549500584602356	0.0214829873293638	0.3948011398315429	0.0225437134504318	0.3802055418491363	0.0384707450866699	0.4797188937664032	0.0700749531388282	12.0	/mnt/bn/seed-aws-va/shwai.he/demystifying-transformers-main/focused-compression-analysis/outputs/layerwise_para_perp/Qwen3-4B__wanda_2_4_l19	19.548030853271484	2.715644598007202	10.719033241271973	1.3218746185302734	0.549500584602356	0.0214829873293638	0.3948011398315429	0.0225437134504318	0.3802055418491363	0.0384707450866699	0.4797188937664032	0.0700749531388282
wanda_2_4	wanda_2_4_l2	2.0	attn_out	2	-0.2484513074159622	0.0158392991870641	0.6766729354858398	0.1010031327605247	0.7699645161628723	0.1063584834337234	2.72405743598938	0.3695814907550812	1.0281480550765991	0.1231137067079544	0.3788248002529144	0.0230754874646663	0.2484513074159622	0.0158392991870641	0.2846575677394867	0.0321222394704818	0.5640527606010437	0.0720512717962265	12.0	/mnt/bn/seed-aws-va/shwai.he/demystifying-transformers-main/focused-compression-analysis/outputs/layerwise_para_perp/Qwen3-4B__wanda_2_4_l2	2.72405743598938	0.3695814907550812	1.0281480550765991	0.1231137067079544	0.3788248002529144	0.0230754874646663	0.2484513074159622	0.0158392991870641	0.2846575677394867	0.0321222394704818	0.5640527606010437	0.0720512717962265
wanda_2_4	wanda_2_4_l2	2.0	block_out	2	-0.2819498479366302	0.0301749557256698	1.2563968896865845	0.3649759590625763	1.3186010122299194	0.2502864003181457	4.415557384490967	0.9577285647392272	1.8303619623184204	0.4035691022872925	0.4148136377334595	0.0176875628530979	0.2819498777389526	0.0301747098565101	0.301609992980957	0.0317547097802162	0.5326406359672546	0.0968062952160835	12.0	/mnt/bn/seed-aws-va/shwai.he/demystifying-transformers-main/focused-compression-analysis/outputs/layerwise_para_perp/Qwen3-4B__wanda_2_4_l2	4.415557384490967	0.9577285647392272	1.8303619623184204	0.4035691022872925	0.4148136377334595	0.0176875628530979	0.2819498777389526	0.0301747098565101	0.301609992980957	0.0317547097802162	0.5326406359672546	0.0968062952160835
wanda_2_4	wanda_2_4_l2	2.0	mlp_out	2	-0.2972601652145386	0.0509316362440586	1.0763529539108276	0.3653053641319275	1.065761923789978	0.2745732367038727	3.589118003845215	0.8690676689147949	1.5297884941101074	0.4036952257156372	0.4257827997207641	0.0292031373828649	0.2972601652145386	0.0509316362440586	0.2990401685237884	0.0419662743806839	0.5052995085716248	0.1393304169178009	12.0	/mnt/bn/seed-aws-va/shwai.he/demystifying-transformers-main/focused-compression-analysis/outputs/layerwise_para_perp/Qwen3-4B__wanda_2_4_l2	3.589118003845215	0.8690676689147949	1.5297884941101074	0.4036952257156372	0.4257827997207641	0.0292031373828649	0.2972601652145386	0.0509316362440586	0.2990401685237884	0.0419662743806839	0.5052995085716248	0.1393304169178009
wanda_2_4	wanda_2_4_l20	20.0	attn_out	20	-0.1717387586832046	0.0460988581180572	1.772299885749817	0.4214432835578918	5.50552225112915	1.679029941558838	10.422728538513184	1.281166672706604	5.813943862915039	1.6268476247787476	0.5515905022621155	0.1041083037853241	0.1717387437820434	0.0460989214479923	0.5211266279220581	0.1090797781944274	0.8876829743385315	0.0632130950689315	12.0	/mnt/bn/seed-aws-va/shwai.he/demystifying-transformers-main/focused-compression-analysis/outputs/layerwise_para_perp/Qwen3-4B__wanda_2_4_l20	10.422728538513184	1.281166672706604	5.813943862915039	1.6268476247787476	0.5515905022621155	0.1041083037853241	0.1717387437820434	0.0460989214479923	0.5211266279220581	0.1090797781944274	0.8876829743385315	0.0632130950689315
wanda_2_4	wanda_2_4_l20	20.0	block_out	20	-0.3010955154895782	0.0197921488434076	5.814917087554932	1.141831636428833	9.162436485290527	1.626232028007507	19.29698944091797	3.5536956787109375	10.855196952819824	1.968904972076416	0.5634280443191528	0.0314723700284957	0.3010955154895782	0.0197919607162475	0.4760243892669678	0.028146406635642	0.7138633131980896	0.0224993824958801	12.0	/mnt/bn/seed-aws-va/shwai.he/demystifying-transformers-main/focused-compression-analysis/outputs/layerwise_para_perp/Qwen3-4B__wanda_2_4_l20	19.29698944091797	3.5536956787109375	10.855196952819824	1.968904972076416	0.5634280443191528	0.0314723700284957	0.3010955154895782	0.0197919607162475	0.4760243892669678	0.028146406635642	0.7138633131980896	0.0224993824958801
wanda_2_4	wanda_2_4_l20	20.0	mlp_out	20	-0.3586779832839966	0.0254764575511217	6.769901275634766	1.198919653892517	7.652151107788086	1.2291799783706665	18.867536544799805	3.018406629562378	10.221503257751465	1.6900118589401243	0.5420108437538147	0.03065593726933	0.3586779832839966	0.0254764575511217	0.4060663878917694	0.02294921875	0.5619798302650452	0.0279031489044427	12.0	/mnt/bn/seed-aws-va/shwai.he/demystifying-transformers-main/focused-compression-analysis/outputs/layerwise_para_perp/Qwen3-4B__wanda_2_4_l20	18.867536544799805	3.018406629562378	10.221503257751465	1.6900118589401243	0.5420108437538147	0.03065593726933	0.3586779832839966	0.0254764575511217	0.4060663878917694	0.02294921875	0.5619798302650452	0.0279031489044427
wanda_2_4	wanda_2_4_l21	21.0	attn_out	21	-0.1775895357131958	0.0650806799530983	1.9228286743164065	0.7535378932952881	6.073476314544678	1.7093738317489624	11.00924301147461	1.2629848718643188	6.438292026519775	1.6194316148757937	0.5778118968009949	0.0822672396898269	0.177589550614357	0.0650806799530983	0.5439600348472595	0.0947020202875137	0.8805562853813171	0.0662953034043312	12.0	/mnt/bn/seed-aws-va/shwai.he/demystifying-transformers-main/focused-compression-analysis/outputs/layerwise_para_perp/Qwen3-4B__wanda_2_4_l21	11.00924301147461	1.2629848718643188	6.438292026519775	1.6194316148757937	0.5778118968009949	0.0822672396898269	0.177589550614357	0.0650806799530983	0.5439600348472595	0.0947020202875137	0.8805562853813171	0.0662953034043312
wanda_2_4	wanda_2_4_l21	21.0	block_out	21	-0.3217447698116302	0.0209543574601411	6.837965488433838	0.5622795224189758	9.841290473937988	1.6918392181396484	21.281774520874023	1.4427553415298462	12.011300086975098	1.58616840839386	0.5622792840003967	0.0370712094008922	0.3217447698116302	0.0209543574601411	0.4596041738986969	0.0483472421765327	0.666435956954956	0.0592321567237377	12.0	/mnt/bn/seed-aws-va/shwai.he/demystifying-transformers-main/focused-compression-analysis/outputs/layerwise_para_perp/Qwen3-4B__wanda_2_4_l21	21.281774520874023	1.4427553415298462	12.011300086975098	1.58616840839386	0.5622792840003967	0.0370712094008922	0.3217447698116302	0.0209543574601411	0.4596041738986969	0.0483472421765327	0.666435956954956	0.0592321567237377
wanda_2_4	wanda_2_4_l21	21.0	mlp_out	21	-0.3523555994033813	0.014717954210937	7.175745010375977	0.5446487665176392	8.370378494262695	1.0688716173171997	20.359437942504883	1.1511050462722778	11.034104347229004	1.1145483255386353	0.540855348110199	0.0264839138835668	0.3523555994033813	0.014717954210937	0.409755676984787	0.0309038050472736	0.5734512209892273	0.0390533432364463	12.0	/mnt/bn/seed-aws-va/shwai.he/demystifying-transformers-main/focused-compression-analysis/outputs/layerwise_para_perp/Qwen3-4B__wanda_2_4_l21	20.359437942504883	1.1511050462722778	11.034104347229004	1.1145483255386353	0.540855348110199	0.0264839138835668	0.3523555994033813	0.014717954210937	0.409755676984787	0.0309038050472736	0.5734512209892273	0.0390533432364463
wanda_2_4	wanda_2_4_l22	22.0	attn_out	22	-0.2221434116363525	0.043855108320713	3.816392183303833	0.6364476084709167	9.444554328918455	1.8448255062103271	17.58876609802246	3.5424110889434814	10.213871002197266	1.802705764770508	0.5843053460121155	0.0371426902711391	0.2221434116363525	0.043855108320713	0.5388393998146057	0.0342558957636356	0.8517048954963684	0.0470095910131931	12.0	/mnt/bn/seed-aws-va/shwai.he/demystifying-transformers-main/focused-compression-analysis/outputs/layerwise_para_perp/Qwen3-4B__wanda_2_4_l22	17.58876609802246	3.5424110889434814	10.213871002197266	1.802705764770508	0.5843053460121155	0.0371426902711391	0.2221434116363525	0.043855108320713	0.5388393998146057	0.0342558957636356	0.8517048954963684	0.0470095910131931
wanda_2_4	wanda_2_4_l22	22.0	block_out	22	-0.3163895308971405	0.0291744209825992	9.453118324279783	1.174635410308838	13.335518836975098	1.6289905309677124	29.8717098236084	2.557027816772461	16.383852005004883	1.673398494720459	0.5479023456573486	0.0163929108530282	0.3163895308971405	0.0291744209825992	0.4458343088626861	0.0272758193314075	0.6632763743400574	0.0621571689844131	12.0	/mnt/bn/seed-aws-va/shwai.he/demystifying-transformers-main/focused-compression-analysis/outputs/layerwise_para_perp/Qwen3-4B__wanda_2_4_l22	29.8717098236084	2.557027816772461	16.383852005004883	1.673398494720459	0.5479023456573486	0.0163929108530282	0.3163895308971405	0.0291744209825992	0.4458343088626861	0.0272758193314075	0.6632763743400574	0.0621571689844131
wanda_2_4	wanda_2_4_l22	22.0	mlp_out	22	-0.3569225370883941	0.0349673405289649	9.134444236755373	1.5146934986114502	10.63534450531006	0.9768319725990297	25.439254760742188	2.180009603500366	14.052632331848145	1.523367404937744	0.5515969395637512	0.0224576201289892	0.3569225370883941	0.0349673405289649	0.4188250303268432	0.0270682480186224	0.5791540741920471	0.0679788067936897	12.0	/mnt/bn/seed-aws-va/shwai.he/demystifying-transformers-main/focused-compression-analysis/outputs/layerwise_para_perp/Qwen3-4B__wanda_2_4_l22	25.439254760742188	2.180009603500366	14.052632331848145	1.523367404937744	0.5515969395637512	0.0224576201289892	0.3569225370883941	0.0349673405289649	0.4188250303268432	0.0270682480186224	0.5791540741920471	0.0679788067936897
wanda_2_4	wanda_2_4_l23	23.0	attn_out	23	-0.1376919448375702	0.0583655834197998	2.6437015533447266	1.7919408082962036	11.545619010925291	1.356127142906189	17.396305084228516	5.1606221199035645	11.932415962219238	1.7198948860168457	0.7171048521995544	0.1180338487029075	0.1376919448375702	0.0583656169474124	0.6990881562232971	0.1306960880756378	0.9439325928688048	0.0545953251421451	12.0	/mnt/bn/seed-aws-va/shwai.he/demystifying-transformers-main/focused-compression-analysis/outputs/layerwise_para_perp/Qwen3-4B__wanda_2_4_l23	17.396305084228516	5.1606221199035645	11.932415962219238	1.7198948860168457	0.7171048521995544	0.1180338487029075	0.1376919448375702	0.0583656169474124	0.6990881562232971	0.1306960880756378	0.9439325928688048	0.0545953251421451
wanda_2_4	wanda_2_4_l23	23.0	block_out	23	-0.300449013710022	0.0342723131179809	10.359350204467772	1.3367083072662354	15.758742332458496	1.1290278434753418	34.502689361572266	2.367973804473877	18.892200469970703	1.3417726755142212	0.5479502081871033	0.0219672303646802	0.300449013710022	0.0342723131179809	0.457084983587265	0.0190022345632314	0.697673499584198	0.0530412010848522	12.0	/mnt/bn/seed-aws-va/shwai.he/demystifying-transformers-main/focused-compression-analysis/outputs/layerwise_para_perp/Qwen3-4B__wanda_2_4_l23	34.502689361572266	2.367973804473877	18.892200469970703	1.3417726755142212	0.5479502081871033	0.0219672303646802	0.300449013710022	0.0342723131179809	0.457084983587265	0.0190022345632314	0.697673499584198	0.0530412010848522
wanda_2_4	wanda_2_4_l23	23.0	mlp_out	23	-0.3526153266429901	0.0301521085202693	10.540431022644045	1.4997227191925049	12.026951789855955	0.7634495496749878	29.80021095275879	2.622103691101074	16.024505615234375	1.3399633169174194	0.5387343764305115	0.0298950169235467	0.3526152670383453	0.0301528498530387	0.4058434069156647	0.0342467613518238	0.568719208240509	0.0636589378118515	12.0	/mnt/bn/seed-aws-va/shwai.he/demystifying-transformers-main/focused-compression-analysis/outputs/layerwise_para_perp/Qwen3-4B__wanda_2_4_l23	29.80021095275879	2.622103691101074	16.024505615234375	1.3399633169174194	0.5387343764305115	0.0298950169235467	0.3526152670383453	0.0301528498530387	0.4058434069156647	0.0342467613518238	0.568719208240509	0.0636589378118515
wanda_2_4	wanda_2_4_l24	24.0	attn_out	24	-0.0937582626938819	0.0857855156064033	1.7766876220703125	1.19896137714386	11.730757713317873	1.7242454290390017	15.16714572906494	3.3803374767303467	11.920692443847656	1.7535408735275269	0.808136522769928	0.1380962133407592	0.1131636723875999	0.0578251667320728	0.7969769835472107	0.1443372964859008	0.9692705273628236	0.0371414832770824	12.0	/mnt/bn/seed-aws-va/shwai.he/demystifying-transformers-main/focused-compression-analysis/outputs/layerwise_para_perp/Qwen3-4B__wanda_2_4_l24	15.16714572906494	3.3803374767303467	11.920692443847656	1.7535408735275269	0.808136522769928	0.1380962133407592	0.1131636723875999	0.0578251667320728	0.7969769835472107	0.1443372964859008	0.9692705273628236	0.0371414832770824
wanda_2_4	wanda_2_4_l24	24.0	block_out	24	-0.3004803657531738	0.0518108308315277	10.91490650177002	2.091817855834961	16.872098922729492	1.462576389312744	36.29523849487305	3.210167646408081	20.180767059326172	1.747652888298035	0.5578835010528564	0.0474478378891944	0.3004803657531738	0.0518108308315277	0.4672241508960724	0.0470536313951015	0.7040109038352966	0.0823490694165229	12.0	/mnt/bn/seed-aws-va/shwai.he/demystifying-transformers-main/focused-compression-analysis/outputs/layerwise_para_perp/Qwen3-4B__wanda_2_4_l24	36.29523849487305	3.210167646408081	20.180767059326172	1.747652888298035	0.5578835010528564	0.0474478378891944	0.3004803657531738	0.0518108308315277	0.4672241508960724	0.0470536313951015	0.7040109038352966	0.0823490694165229
wanda_2_4	wanda_2_4_l24	24.0	mlp_out	24	-0.3509817123413086	0.0527924820780754	11.469852447509766	2.741029739379883	12.762889862060549	0.7045016884803772	32.281436920166016	3.753595352172851	17.254114151000977	2.1803524494171143	0.5346079468727112	0.0297350846230983	0.350981742143631	0.0527924112975597	0.3991838693618774	0.0369705818593502	0.5641180276870728	0.1044195741415023	12.0	/mnt/bn/seed-aws-va/shwai.he/demystifying-transformers-main/focused-compression-analysis/outputs/layerwise_para_perp/Qwen3-4B__wanda_2_4_l24	32.281436920166016	3.753595352172851	17.254114151000977	2.1803524494171143	0.5346079468727112	0.0297350846230983	0.350981742143631	0.0527924112975597	0.3991838693618774	0.0369705818593502	0.5641180276870728	0.1044195741415023
wanda_2_4	wanda_2_4_l25	25.0	attn_out	25	-0.047995138913393	0.1208107843995094	1.6028776168823242	1.3073934316635132	9.10910415649414	2.134357213973999	13.57285213470459	4.791080474853516	9.323878288269045	2.2079522609710693	0.7291216254234314	0.1542507112026214	0.1112551093101501	0.0672390088438987	0.7156360745429993	0.1624129861593246	0.95760577917099	0.0517347753047943	12.0	/mnt/bn/seed-aws-va/shwai.he/demystifying-transformers-main/focused-compression-analysis/outputs/layerwise_para_perp/Qwen3-4B__wanda_2_4_l25	13.57285213470459	4.791080474853516	9.323878288269045	2.2079522609710693	0.7291216254234314	0.1542507112026214	0.1112551093101501	0.0672390088438987	0.7156360745429993	0.1624129861593246	0.95760577917099	0.0517347753047943
wanda_2_4	wanda_2_4_l25	25.0	block_out	25	-0.2813059091567993	0.0274793803691864	11.159510612487791	2.3172872066497803	16.7554931640625	2.220303773880005	39.40072250366211	5.512149333953857	20.183086395263672	2.867724895477295	0.5127262473106384	0.02768225222826	0.2813059091567993	0.0274793803691864	0.4271694123744964	0.035953801125288	0.6943970322608948	0.0638538599014282	12.0	/mnt/bn/seed-aws-va/shwai.he/demystifying-transformers-main/focused-compression-analysis/outputs/layerwise_para_perp/Qwen3-4B__wanda_2_4_l25	39.40072250366211	5.512149333953857	20.183086395263672	2.867724895477295	0.5127262473106384	0.02768225222826	0.2813059091567993	0.0274793803691864	0.4271694123744964	0.035953801125288	0.6943970322608948	0.0638538599014282
wanda_2_4	wanda_2_4_l25	25.0	mlp_out	25	-0.3142863810062408	0.02511134929955	11.582621574401855	2.574838161468506	14.11430835723877	1.9422156810760496	36.58282852172851	6.259709358215332	18.29161071777344	3.031466484069824	0.5008313059806824	0.0232760906219482	0.3142863810062408	0.0251114983111619	0.3887567222118377	0.02890464104712	0.6033226251602173	0.0586654208600521	12.0	/mnt/bn/seed-aws-va/shwai.he/demystifying-transformers-main/focused-compression-analysis/outputs/layerwise_para_perp/Qwen3-4B__wanda_2_4_l25	36.58282852172851	6.259709358215332	18.29161071777344	3.031466484069824	0.5008313059806824	0.0232760906219482	0.3142863810062408	0.0251114983111619	0.3887567222118377	0.02890464104712	0.6033226251602173	0.0586654208600521
wanda_2_4	wanda_2_4_l26	26.0	attn_out	26	-0.0790220722556114	0.0738928616046905	1.1796931028366089	1.2243632078170776	10.96078395843506	1.9737311601638792	13.742465019226074	4.162558078765869	11.076737403869627	2.0569512844085693	0.8363101482391357	0.1139281615614891	0.081345684826374	0.0713268667459487	0.8288235664367676	0.1172225922346115	0.981111228466034	0.0277580488473176	12.0	/mnt/bn/seed-aws-va/shwai.he/demystifying-transformers-main/focused-compression-analysis/outputs/layerwise_para_perp/Qwen3-4B__wanda_2_4_l26	13.742465019226074	4.162558078765869	11.076737403869627	2.0569512844085693	0.8363101482391357	0.1139281615614891	0.081345684826374	0.0713268667459487	0.8288235664367676	0.1172225922346115	0.981111228466034	0.0277580488473176
wanda_2_4	wanda_2_4_l26	26.0	block_out	26	-0.3076234757900238	0.0507073961198329	12.5015230178833	3.256589889526367	18.52677345275879	2.023331880569458	40.0987434387207	4.964190483093262	22.462623596191406	3.107912302017212	0.5594565868377686	0.020106429234147	0.3076234757900238	0.050707321614027	0.4638646841049194	0.0319700725376606	0.6909820437431335	0.0904119983315467	12.0	/mnt/bn/seed-aws-va/shwai.he/demystifying-transformers-main/focused-compression-analysis/outputs/layerwise_para_perp/Qwen3-4B__wanda_2_4_l26	40.0987434387207	4.964190483093262	22.462623596191406	3.107912302017212	0.5594565868377686	0.020106429234147	0.3076234757900238	0.050707321614027	0.4638646841049194	0.0319700725376606	0.6909820437431335	0.0904119983315467
wanda_2_4	wanda_2_4_l26	26.0	mlp_out	26	-0.3485249578952789	0.0318054668605327	13.141392707824709	3.1474924087524414	14.781204223632812	2.3909378051757812	37.251007080078125	5.993751049041748	19.80099296569824	3.8372061252593994	0.5289462208747864	0.0258224159479141	0.3485249578952789	0.0318054668605327	0.3970526456832886	0.0178573466837406	0.5657443404197693	0.0481415353715419	12.0	/mnt/bn/seed-aws-va/shwai.he/demystifying-transformers-main/focused-compression-analysis/outputs/layerwise_para_perp/Qwen3-4B__wanda_2_4_l26	37.251007080078125	5.993751049041748	19.80099296569824	3.8372061252593994	0.5289462208747864	0.0258224159479141	0.3485249578952789	0.0318054668605327	0.3970526456832886	0.0178573466837406	0.5657443404197693	0.0481415353715419
wanda_2_4	wanda_2_4_l27	27.0	attn_out	27	0.0730053558945655	0.2219490110874176	3.1084506511688232	1.5483896732330322	13.73496913909912	2.352240562438965	15.214396476745604	4.473259925842285	14.184508323669434	2.2454652786254883	0.99950510263443	0.2928226292133331	0.20986008644104	0.1027126088738441	0.970797836780548	0.2961687445640564	0.9346266388893129	0.0646585598587989	12.0	/mnt/bn/seed-aws-va/shwai.he/demystifying-transformers-main/focused-compression-analysis/outputs/layerwise_para_perp/Qwen3-4B__wanda_2_4_l27	15.214396476745604	4.473259925842285	14.184508323669434	2.2454652786254883	0.99950510263443	0.2928226292133331	0.20986008644104	0.1027126088738441	0.970797836780548	0.2961687445640564	0.9346266388893129	0.0646585598587989
wanda_2_4	wanda_2_4_l27	27.0	block_out	27	-0.2953642904758453	0.0374310240149498	12.976252555847168	2.5550339221954346	22.682775497436523	3.874102115631103	43.71475601196289	4.607255935668945	26.18934631347656	4.306558609008789	0.5962805151939392	0.0510353185236454	0.2953643202781677	0.0374307259917259	0.5164496302604675	0.0528554581105709	0.7496581077575684	0.056886862963438	12.0	/mnt/bn/seed-aws-va/shwai.he/demystifying-transformers-main/focused-compression-analysis/outputs/layerwise_para_perp/Qwen3-4B__wanda_2_4_l27	43.71475601196289	4.607255935668945	26.18934631347656	4.306558609008789	0.5962805151939392	0.0510353185236454	0.2953643202781677	0.0374307259917259	0.5164496302604675	0.0528554581105709	0.7496581077575684	0.056886862963438
wanda_2_4	wanda_2_4_l27	27.0	mlp_out	27	-0.3300847709178924	0.0290437564253807	13.559224128723145	3.0421438217163086	17.271154403686523	3.302696943283081	40.744171142578125	6.577503204345703	21.971952438354492	4.420539379119873	0.5366867184638977	0.0361488908529281	0.3300847709178924	0.0290437564253807	0.4227539598941803	0.028617613017559	0.6213786005973816	0.0340451449155807	12.0	/mnt/bn/seed-aws-va/shwai.he/demystifying-transformers-main/focused-compression-analysis/outputs/layerwise_para_perp/Qwen3-4B__wanda_2_4_l27	40.744171142578125	6.577503204345703	21.971952438354492	4.420539379119873	0.5366867184638977	0.0361488908529281	0.3300847709178924	0.0290437564253807	0.4227539598941803	0.028617613017559	0.6213786005973816	0.0340451449155807
wanda_2_4	wanda_2_4_l28	28.0	attn_out	28	-0.2073835730552673	0.0630735978484153	3.678622245788574	1.6303333044052124	12.774203300476074	2.344557046890259	17.34990119934082	2.729655504226685	13.34852123260498	2.585433006286621	0.7669901847839355	0.0726789012551307	0.2073835730552673	0.0630736574530601	0.735476016998291	0.0751330628991127	0.9196774959564208	0.0494799017906188	12.0	/mnt/bn/seed-aws-va/shwai.he/demystifying-transformers-main/focused-compression-analysis/outputs/layerwise_para_perp/Qwen3-4B__wanda_2_4_l28	17.34990119934082	2.729655504226685	13.34852123260498	2.585433006286621	0.7669901847839355	0.0726789012551307	0.2073835730552673	0.0630736574530601	0.735476016998291	0.0751330628991127	0.9196774959564208	0.0494799017906188
wanda_2_4	wanda_2_4_l28	28.0	block_out	28	-0.3206773400306701	0.0387838929891586	16.709226608276367	4.294399261474609	23.28687858581543	3.8498189449310303	51.33621597290039	8.466876029968262	28.712560653686523	5.5071587562561035	0.5577862858772278	0.0394647866487503	0.3206773400306701	0.0387838929891586	0.4550207853317261	0.0360686257481575	0.6673110127449036	0.0589241869747638	12.0	/mnt/bn/seed-aws-va/shwai.he/demystifying-transformers-main/focused-compression-analysis/outputs/layerwise_para_perp/Qwen3-4B__wanda_2_4_l28	51.33621597290039	8.466876029968262	28.712560653686523	5.5071587562561035	0.5577862858772278	0.0394647866487503	0.3206773400306701	0.0387838929891586	0.4550207853317261	0.0360686257481575	0.6673110127449036	0.0589241869747638
wanda_2_4	wanda_2_4_l28	28.0	mlp_out	28	-0.3301305472850799	0.0437644645571708	16.155282974243164	4.502251148223877	19.326744079589844	3.636624336242676	48.13186264038086	8.781499862670898	25.241310119628903	5.557675361633301	0.5216842293739319	0.0370744243264198	0.3301305472850799	0.0437644645571708	0.402319461107254	0.0276857521384954	0.5986015796661377	0.0683196932077407	12.0	/mnt/bn/seed-aws-va/shwai.he/demystifying-transformers-main/focused-compression-analysis/outputs/layerwise_para_perp/Qwen3-4B__wanda_2_4_l28	48.13186264038086	8.781499862670898	25.241310119628903	5.557675361633301	0.5216842293739319	0.0370744243264198	0.3301305472850799	0.0437644645571708	0.402319461107254	0.0276857521384954	0.5986015796661377	0.0683196932077407
wanda_2_4	wanda_2_4_l29	29.0	attn_out	29	0.2015565782785415	0.2492590099573135	3.5749292373657227	2.4839165210723877	17.84116554260254	4.966240406036377	15.996867179870604	6.065427780151367	18.28901481628418	5.237615585327148	1.2355709075927734	0.4519394338130951	0.2539575397968292	0.1956033706665039	1.2032227516174316	0.4247171282768249	0.957273006439209	0.0365371741354465	12.0	/mnt/bn/seed-aws-va/shwai.he/demystifying-transformers-main/focused-compression-analysis/outputs/layerwise_para_perp/Qwen3-4B__wanda_2_4_l29	15.996867179870604	6.065427780151367	18.28901481628418	5.237615585327148	1.2355709075927734	0.4519394338130951	0.2539575397968292	0.1956033706665039	1.2032227516174316	0.4247171282768249	0.957273006439209	0.0365371741354465
wanda_2_4	wanda_2_4_l29	29.0	block_out	29	-0.2734968364238739	0.043433278799057	14.231820106506348	3.166133165359497	27.396825790405273	5.7890729904174805	51.79378890991211	6.724797248840332	30.986879348754883	6.040017604827881	0.5966381430625916	0.0793639197945594	0.2734968662261963	0.0434331931173801	0.5277308821678162	0.0841956064105033	0.7792973518371582	0.0743531435728073	12.0	/mnt/bn/seed-aws-va/shwai.he/demystifying-transformers-main/focused-compression-analysis/outputs/layerwise_para_perp/Qwen3-4B__wanda_2_4_l29	51.79378890991211	6.724797248840332	30.986879348754883	6.040017604827881	0.5966381430625916	0.0793639197945594	0.2734968662261963	0.0434331931173801	0.5277308821678162	0.0841956064105033	0.7792973518371582	0.0743531435728073
wanda_2_4	wanda_2_4_l29	29.0	mlp_out	29	-0.3129293620586395	0.0350388586521148	15.4132661819458	3.3204526901245117	19.573076248168945	3.8343539237976074	48.9538459777832	7.520463466644287	24.93276023864746	4.975863456726074	0.5072293281555176	0.0467406585812568	0.3129293620586395	0.0350387506186962	0.3986540138721466	0.0372658483684062	0.6188452839851379	0.0403164811432361	12.0	/mnt/bn/seed-aws-va/shwai.he/demystifying-transformers-main/focused-compression-analysis/outputs/layerwise_para_perp/Qwen3-4B__wanda_2_4_l29	48.9538459777832	7.520463466644287	24.93276023864746	4.975863456726074	0.5072293281555176	0.0467406585812568	0.3129293620586395	0.0350387506186962	0.3986540138721466	0.0372658483684062	0.6188452839851379	0.0403164811432361
wanda_2_4	wanda_2_4_l3	3.0	attn_out	3	-0.2328540682792663	0.0165103208273649	0.817714512348175	0.1519092321395874	1.0221326351165771	0.1496424674987793	3.509312868118286	0.6009883284568787	1.310226321220398	0.2053975909948349	0.3747248649597168	0.0207232106477022	0.2328540682792663	0.0165102072060108	0.2931153476238251	0.0209276732057333	0.6121204495429993	0.0440861470997333	12.0	/mnt/bn/seed-aws-va/shwai.he/demystifying-transformers-main/focused-compression-analysis/outputs/layerwise_para_perp/Qwen3-4B__wanda_2_4_l3	3.509312868118286	0.6009883284568787	1.310226321220398	0.2053975909948349	0.3747248649597168	0.0207232106477022	0.2328540682792663	0.0165102072060108	0.2931153476238251	0.0209276732057333	0.6121204495429993	0.0440861470997333
wanda_2_4	wanda_2_4_l3	3.0	block_out	3	-0.3425879180431366	0.0696429088711738	2.5019114017486572	1.8067008256912231	1.8870782852172852	0.4207902252674103	7.176808834075928	4.843797206878662	3.2030551433563232	1.7327131032943726	0.4692944586277008	0.071724072098732	0.3425879180431366	0.069642849266529	0.311274379491806	0.0792038813233375	0.4551810324192047	0.1623341888189315	12.0	/mnt/bn/seed-aws-va/shwai.he/demystifying-transformers-main/focused-compression-analysis/outputs/layerwise_para_perp/Qwen3-4B__wanda_2_4_l3	7.176808834075928	4.843797206878662	3.2030551433563232	1.7327131032943726	0.4692944586277008	0.071724072098732	0.3425879180431366	0.069642849266529	0.311274379491806	0.0792038813233375	0.4551810324192047	0.1623341888189315
wanda_2_4	wanda_2_4_l3	3.0	mlp_out	3	-0.3975676298141479	0.0885857939720153	2.4255313873291016	1.845104694366455	1.510891079902649	0.4094135761260986	6.195565700531006	5.021823406219482	2.916649103164673	1.7975497245788574	0.5090826153755188	0.0875316485762596	0.3975676596164703	0.0885856300592422	0.3062365055084228	0.0844906046986579	0.3815929591655731	0.1632751524448394	12.0	/mnt/bn/seed-aws-va/shwai.he/demystifying-transformers-main/focused-compression-analysis/outputs/layerwise_para_perp/Qwen3-4B__wanda_2_4_l3	6.195565700531006	5.021823406219482	2.916649103164673	1.7975497245788574	0.5090826153755188	0.0875316485762596	0.3975676596164703	0.0885856300592422	0.3062365055084228	0.0844906046986579	0.3815929591655731	0.1632751524448394
wanda_2_4	wanda_2_4_l30	30.0	attn_out	30	-0.0956705510616302	0.1309551149606704	4.03217077255249	3.3014824390411377	17.595882415771484	3.269127607345581	27.031532287597656	7.105592250823975	18.2646541595459	3.723297595977783	0.6876627802848816	0.0757276862859726	0.1349425166845321	0.0899589583277702	0.6669838428497314	0.086286187171936	0.9382906556129456	0.0741729587316513	12.0	/mnt/bn/seed-aws-va/shwai.he/demystifying-transformers-main/focused-compression-analysis/outputs/layerwise_para_perp/Qwen3-4B__wanda_2_4_l30	27.031532287597656	7.105592250823975	18.2646541595459	3.723297595977783	0.6876627802848816	0.0757276862859726	0.1349425166845321	0.0899589583277702	0.6669838428497314	0.086286187171936	0.9382906556129456	0.0741729587316513
wanda_2_4	wanda_2_4_l30	30.0	block_out	30	-0.2966292798519134	0.0372139327228069	20.131032943725582	3.945621967315674	28.85370445251465	5.036445617675781	67.50605773925781	7.348269939422607	35.210445404052734	6.241234302520752	0.5195955634117126	0.0552316568791866	0.2966292798519134	0.0372139327228069	0.4260962009429931	0.0458072796463966	0.6734190583229065	0.0386564135551452	12.0	/mnt/bn/seed-aws-va/shwai.he/demystifying-transformers-main/focused-compression-analysis/outputs/layerwise_para_perp/Qwen3-4B__wanda_2_4_l30	67.50605773925781	7.348269939422607	35.210445404052734	6.241234302520752	0.5195955634117126	0.0552316568791866	0.2966292798519134	0.0372139327228069	0.4260962009429931	0.0458072796463966	0.6734190583229065	0.0386564135551452
wanda_2_4	wanda_2_4_l30	30.0	mlp_out	30	-0.3409359753131866	0.0460527949035167	20.352630615234375	4.552066802978516	21.92841529846191	4.1900715827941895	59.12934494018555	6.684651851654053	29.96246337890625	5.967711925506592	0.5031920671463013	0.0560538060963153	0.3409359753131866	0.0460527949035167	0.3690767288208008	0.0420530028641223	0.54044109582901	0.0556838698685169	12.0	/mnt/bn/seed-aws-va/shwai.he/demystifying-transformers-main/focused-compression-analysis/outputs/layerwise_para_perp/Qwen3-4B__wanda_2_4_l30	59.12934494018555	6.684651851654053	29.96246337890625	5.967711925506592	0.5031920671463013	0.0560538060963153	0.3409359753131866	0.0460527949035167	0.3690767288208008	0.0420530028641223	0.54044109582901	0.0556838698685169
wanda_2_4	wanda_2_4_l31	31.0	attn_out	31	-0.0526663847267627	0.123930349946022	3.657761812210083	2.826594591140747	25.503976821899418	4.903201103210449	33.54866409301758	5.896807670593262	25.995101928710938	4.485286712646484	0.7911502718925476	0.1585706025362014	0.1097819283604621	0.0779769718647003	0.7769147753715515	0.1712726056575775	0.9568089842796326	0.052299115806818	12.0	/mnt/bn/seed-aws-va/shwai.he/demystifying-transformers-main/focused-compression-analysis/outputs/layerwise_para_perp/Qwen3-4B__wanda_2_4_l31	33.54866409301758	5.896807670593262	25.995101928710938	4.485286712646484	0.7911502718925476	0.1585706025362014	0.1097819283604621	0.0779769718647003	0.7769147753715515	0.1712726056575775	0.9568089842796326	0.052299115806818
wanda_2_4	wanda_2_4_l31	31.0	block_out	31	-0.2782039940357208	0.0297750234603881	20.755197525024418	3.0252537727355957	35.49106979370117	7.051568031311035	74.56813049316406	7.059042453765869	41.29656219482422	6.623064994812012	0.551506757736206	0.0493031106889247	0.2782039940357208	0.0297750234603881	0.4733534753322601	0.0651378706097602	0.7333043217658997	0.0856192484498024	12.0	/mnt/bn/seed-aws-va/shwai.he/demystifying-transformers-main/focused-compression-analysis/outputs/layerwise_para_perp/Qwen3-4B__wanda_2_4_l31	74.56813049316406	7.059042453765869	41.29656219482422	6.623064994812012	0.551506757736206	0.0493031106889247	0.2782039940357208	0.0297750234603881	0.4733534753322601	0.0651378706097602	0.7333043217658997	0.0856192484498024
wanda_2_4	wanda_2_4_l31	31.0	mlp_out	31	-0.331940621137619	0.025043461471796	21.53546714782715	3.930040836334229	23.724512100219727	4.556750774383545	64.48601531982422	7.852211475372315	32.08157730102539	5.797432899475098	0.4947994947433471	0.0397739484906196	0.331940621137619	0.025043461471796	0.3660782873630523	0.0397928617894649	0.5467881560325623	0.0515506863594055	12.0	/mnt/bn/seed-aws-va/shwai.he/demystifying-transformers-main/focused-compression-analysis/outputs/layerwise_para_perp/Qwen3-4B__wanda_2_4_l31	64.48601531982422	7.852211475372315	32.08157730102539	5.797432899475098	0.4947994947433471	0.0397739484906196	0.331940621137619	0.025043461471796	0.3660782873630523	0.0397928617894649	0.5467881560325623	0.0515506863594055
wanda_2_4	wanda_2_4_l32	32.0	attn_out	32	-0.2827556431293487	0.1163328140974044	14.58493423461914	6.977833271026611	25.65960693359375	6.033258438110352	50.74318313598633	11.684596061706545	30.3847713470459	5.743845462799072	0.6073032021522522	0.0471419058740139	0.2827556431293487	0.1163328140974044	0.5173729658126831	0.099401518702507	0.7383618950843811	0.206540510058403	12.0	/mnt/bn/seed-aws-va/shwai.he/demystifying-transformers-main/focused-compression-analysis/outputs/layerwise_para_perp/Qwen3-4B__wanda_2_4_l32	50.74318313598633	11.684596061706545	30.3847713470459	5.743845462799072	0.6073032021522522	0.0471419058740139	0.2827556431293487	0.1163328140974044	0.5173729658126831	0.099401518702507	0.7383618950843811	0.206540510058403
wanda_2_4	wanda_2_4_l32	32.0	block_out	32	-0.296066552400589	0.0405187010765075	27.66120147705078	5.237329959869385	38.91749954223633	8.282156944274902	93.04443359375	10.82694149017334	48.008453369140625	8.421773910522461	0.5128396153450012	0.0371065624058246	0.296066552400589	0.0405187010765075	0.4152291119098663	0.0516624301671981	0.6573335528373718	0.1018100082874298	12.0	/mnt/bn/seed-aws-va/shwai.he/demystifying-transformers-main/focused-compression-analysis/outputs/layerwise_para_perp/Qwen3-4B__wanda_2_4_l32	93.04443359375	10.82694149017334	48.008453369140625	8.421773910522461	0.5128396153450012	0.0371065624058246	0.296066552400589	0.0405187010765075	0.4152291119098663	0.0516624301671981	0.6573335528373718	0.1018100082874298
wanda_2_4	wanda_2_4_l32	32.0	mlp_out	32	-0.3097919523715973	0.0352001972496509	23.7447452545166	5.470423698425293	28.4991397857666	5.960701942443848	75.88117218017578	10.376106262207031	37.12527084350586	7.948802947998047	0.4846838414669037	0.0423466116189956	0.3097919523715973	0.0351998805999755	0.3722756206989288	0.0302064213901758	0.5917611718177795	0.0376067720353603	12.0	/mnt/bn/seed-aws-va/shwai.he/demystifying-transformers-main/focused-compression-analysis/outputs/layerwise_para_perp/Qwen3-4B__wanda_2_4_l32	75.88117218017578	10.376106262207031	37.12527084350586	7.948802947998047	0.4846838414669037	0.0423466116189956	0.3097919523715973	0.0351998805999755	0.3722756206989288	0.0302064213901758	0.5917611718177795	0.0376067720353603
wanda_2_4	wanda_2_4_l33	33.0	attn_out	33	-0.0767023339867591	0.2291848957538604	12.211742401123049	11.209796905517578	43.97211837768555	15.250468254089355	53.45046615600586	14.546245574951172	47.00240707397461	15.221163749694824	0.9131272435188292	0.3230172395706177	0.1964076906442642	0.1408296078443527	0.8696139454841614	0.3514317572116852	0.8853283524513245	0.1503854691982269	12.0	/mnt/bn/seed-aws-va/shwai.he/demystifying-transformers-main/focused-compression-analysis/outputs/layerwise_para_perp/Qwen3-4B__wanda_2_4_l33	53.45046615600586	14.546245574951172	47.00240707397461	15.221163749694824	0.9131272435188292	0.3230172395706177	0.1964076906442642	0.1408296078443527	0.8696139454841614	0.3514317572116852	0.8853283524513245	0.1503854691982269
wanda_2_4	wanda_2_4_l33	33.0	block_out	33	-0.2620125114917755	0.0444770865142345	32.975791931152344	8.547667503356934	59.60862350463867	16.08837127685547	124.4160385131836	18.083032608032227	68.69878387451172	15.904930114746094	0.5494746565818787	0.0804910957813263	0.2620125114917755	0.0444770865142345	0.4779185354709625	0.0967798233032226	0.7511585354804993	0.1046304255723953	12.0	/mnt/bn/seed-aws-va/shwai.he/demystifying-transformers-main/focused-compression-analysis/outputs/layerwise_para_perp/Qwen3-4B__wanda_2_4_l33	124.4160385131836	18.083032608032227	68.69878387451172	15.904930114746094	0.5494746565818787	0.0804910957813263	0.2620125114917755	0.0444770865142345	0.4779185354709625	0.0967798233032226	0.7511585354804993	0.1046304255723953
wanda_2_4	wanda_2_4_l33	33.0	mlp_out	33	-0.2818900048732757	0.0317780449986457	30.011564254760746	8.431707382202148	37.01150894165039	6.767203330993652	104.89154815673828	19.515968322753903	47.74147033691406	10.401263236999512	0.4529151022434234	0.0264377351850271	0.2818900048732757	0.0317780449986457	0.3534471094608307	0.0208413396030664	0.6118254661560059	0.058436881750822	12.0	/mnt/bn/seed-aws-va/shwai.he/demystifying-transformers-main/focused-compression-analysis/outputs/layerwise_para_perp/Qwen3-4B__wanda_2_4_l33	104.89154815673828	19.515968322753903	47.74147033691406	10.401263236999512	0.4529151022434234	0.0264377351850271	0.2818900048732757	0.0317780449986457	0.3534471094608307	0.0208413396030664	0.6118254661560059	0.058436881750822
wanda_2_4	wanda_2_4_l34	34.0	attn_out	34	-0.2561461627483368	0.0589525662362575	27.21673583984375	7.511205673217773	42.13438415527344	10.038402557373049	106.57508087158205	16.721145629882812	50.91294479370117	9.006481170654297	0.4779207706451416	0.0386564135551452	0.2561461925506592	0.0589524433016777	0.3953784704208374	0.067023828625679	0.6856107115745544	0.1439373046159744	12.0	/mnt/bn/seed-aws-va/shwai.he/demystifying-transformers-main/focused-compression-analysis/outputs/layerwise_para_perp/Qwen3-4B__wanda_2_4_l34	106.57508087158205	16.721145629882812	50.91294479370117	9.006481170654297	0.4779207706451416	0.0386564135551452	0.2561461925506592	0.0589524433016777	0.3953784704208374	0.067023828625679	0.6856107115745544	0.1439373046159744
wanda_2_4	wanda_2_4_l34	34.0	block_out	34	-0.3066730201244354	0.0202844347804784	61.694091796875	5.672628402709961	59.03565979003906	10.773174285888672	201.9527587890625	20.833885192871097	85.76815795898438	9.134172439575195	0.4253871738910675	0.0242649875581264	0.3066730201244354	0.0202842522412538	0.2921497821807861	0.0416138917207717	0.4724000990390777	0.090351328253746	12.0	/mnt/bn/seed-aws-va/shwai.he/demystifying-transformers-main/focused-compression-analysis/outputs/layerwise_para_perp/Qwen3-4B__wanda_2_4_l34	201.9527587890625	20.833885192871097	85.76815795898438	9.134172439575195	0.4253871738910675	0.0242649875581264	0.3066730201244354	0.0202842522412538	0.2921497821807861	0.0416138917207717	0.4724000990390777	0.090351328253746
wanda_2_4	wanda_2_4_l34	34.0	mlp_out	34	-0.3314198553562164	0.0195750705897808	48.66377258300781	5.952284336090088	41.47582244873047	5.139009952545166	146.5600128173828	13.341517448425291	64.02872467041016	7.111143112182617	0.4365386664867401	0.0221674442291259	0.3314198553562164	0.0195750705897808	0.2831805050373077	0.0253750681877136	0.4217828512191772	0.0528049692511558	12.0	/mnt/bn/seed-aws-va/shwai.he/demystifying-transformers-main/focused-compression-analysis/outputs/layerwise_para_perp/Qwen3-4B__wanda_2_4_l34	146.5600128173828	13.341517448425291	64.02872467041016	7.111143112182617	0.4365386664867401	0.0221674442291259	0.3314198553562164	0.0195750705897808	0.2831805050373077	0.0253750681877136	0.4217828512191772	0.0528049692511558
wanda_2_4	wanda_2_4_l35	35.0	attn_out	35	-0.3652677237987518	0.03979979082942	40.11677551269531	10.147430419921877	33.67523956298828	5.194519519805908	108.55734252929688	18.180034637451172	52.69510269165039	9.826335906982422	0.4847904145717621	0.0389775298535823	0.3652677237987518	0.03979979082942	0.3142152726650238	0.0529643110930919	0.4244552552700043	0.1050774380564689	12.0	/mnt/bn/seed-aws-va/shwai.he/demystifying-transformers-main/focused-compression-analysis/outputs/layerwise_para_perp/Qwen3-4B__wanda_2_4_l35	108.55734252929688	18.180034637451172	52.69510269165039	9.826335906982422	0.4847904145717621	0.0389775298535823	0.3652677237987518	0.03979979082942	0.3142152726650238	0.0529643110930919	0.4244552552700043	0.1050774380564689
wanda_2_4	wanda_2_4_l35	35.0	block_out	35	-0.743686854839325	0.0412395372986793	375.16748046875	40.14777374267578	207.07354736328125	20.73954963684082	503.9115905761719	39.6121826171875	428.7506408691406	42.952735900878906	0.8501953482627869	0.0427267029881477	0.7436869144439697	0.0412373691797256	0.4111226499080658	0.0294118523597717	0.2347869724035263	0.026537662371993	12.0	/mnt/bn/seed-aws-va/shwai.he/demystifying-transformers-main/focused-compression-analysis/outputs/layerwise_para_perp/Qwen3-4B__wanda_2_4_l35	503.9115905761719	39.6121826171875	428.7506408691406	42.952735900878906	0.8501953482627869	0.0427267029881477	0.7436869144439697	0.0412373691797256	0.4111226499080658	0.0294118523597717	0.2347869724035263	0.026537662371993
wanda_2_4	wanda_2_4_l35	35.0	mlp_out	35	-0.1797439903020858	0.0193733517080545	55.25087356567383	8.791475296020508	46.201873779296875	9.209409713745115	306.6493225097656	29.164939880371097	72.61196899414062	8.767950057983398	0.2378851026296615	0.0283574480563402	0.1797439903020858	0.0193732548505067	0.1526767164468765	0.0374175384640693	0.4134637117385864	0.1244987919926643	12.0	/mnt/bn/seed-aws-va/shwai.he/demystifying-transformers-main/focused-compression-analysis/outputs/layerwise_para_perp/Qwen3-4B__wanda_2_4_l35	306.6493225097656	29.164939880371097	72.61196899414062	8.767950057983398	0.2378851026296615	0.0283574480563402	0.1797439903020858	0.0193732548505067	0.1526767164468765	0.0374175384640693	0.4134637117385864	0.1244987919926643
wanda_2_4	wanda_2_4_l4	4.0	attn_out	4	-0.2771411836147308	0.0314335189759731	0.8990535140037537	0.2678377330303192	1.17367684841156	0.2709037065505981	3.258254289627075	0.958751618862152	1.484015941619873	0.3586601018905639	0.4618182182312011	0.0306211616843938	0.2771411538124084	0.0314338766038417	0.3674478828907013	0.0374228656291961	0.634650707244873	0.0808335915207862	12.0	/mnt/bn/seed-aws-va/shwai.he/demystifying-transformers-main/focused-compression-analysis/outputs/layerwise_para_perp/Qwen3-4B__wanda_2_4_l4	3.258254289627075	0.958751618862152	1.484015941619873	0.3586601018905639	0.4618182182312011	0.0306211616843938	0.2771411538124084	0.0314338766038417	0.3674478828907013	0.0374228656291961	0.634650707244873	0.0808335915207862
wanda_2_4	wanda_2_4_l4	4.0	block_out	4	-0.2694591581821441	0.0260402038693428	2.522181272506714	0.5788083672523499	2.7514655590057373	0.7770753502845764	9.3059663772583	1.5761706829071045	3.7393505573272705	0.9423817992210388	0.3989472389221191	0.0466896221041679	0.2694591581821441	0.0260402038693428	0.2932671010494232	0.0452429056167602	0.5381831526756287	0.0587489306926727	12.0	/mnt/bn/seed-aws-va/shwai.he/demystifying-transformers-main/focused-compression-analysis/outputs/layerwise_para_perp/Qwen3-4B__wanda_2_4_l4	9.3059663772583	1.5761706829071045	3.7393505573272705	0.9423817992210388	0.3989472389221191	0.0466896221041679	0.2694591581821441	0.0260402038693428	0.2932671010494232	0.0452429056167602	0.5381831526756287	0.0587489306926727
wanda_2_4	wanda_2_4_l4	4.0	mlp_out	4	-0.2638329267501831	0.0277546923607587	2.327954053878784	0.6405364274978638	2.561542272567749	0.7600178718566895	8.74682903289795	1.7499237060546875	3.4669744968414307	0.9741004109382628	0.3935005366802215	0.0494452565908432	0.2638329565525055	0.0277544241398572	0.2910962998867035	0.0466079264879226	0.5445002317428589	0.0582432746887207	12.0	/mnt/bn/seed-aws-va/shwai.he/demystifying-transformers-main/focused-compression-analysis/outputs/layerwise_para_perp/Qwen3-4B__wanda_2_4_l4	8.74682903289795	1.7499237060546875	3.4669744968414307	0.9741004109382628	0.3935005366802215	0.0494452565908432	0.2638329565525055	0.0277544241398572	0.2910962998867035	0.0466079264879226	0.5445002317428589	0.0582432746887207
wanda_2_4	wanda_2_4_l5	5.0	attn_out	5	-0.2256119102239608	0.0314041748642921	1.1695908308029177	0.3177911937236786	1.6663923263549805	0.2210997641086578	5.110348224639893	0.6731980443000793	2.043119430541992	0.3469079434871673	0.3984062969684601	0.0216319486498832	0.2256119102239608	0.0314041748642921	0.3267610371112823	0.0231467336416244	0.6757683753967285	0.0758466348052024	12.0	/mnt/bn/seed-aws-va/shwai.he/demystifying-transformers-main/focused-compression-analysis/outputs/layerwise_para_perp/Qwen3-4B__wanda_2_4_l5	5.110348224639893	0.6731980443000793	2.043119430541992	0.3469079434871673	0.3984062969684601	0.0216319486498832	0.2256119102239608	0.0314041748642921	0.3267610371112823	0.0231467336416244	0.6757683753967285	0.0758466348052024
wanda_2_4	wanda_2_4_l5	5.0	block_out	5	-0.269596129655838	0.0394232310354709	3.2528696060180664	1.6796891689300537	3.439069986343384	1.289142370223999	11.57024097442627	3.96524977684021	4.745822906494141	2.090162754058838	0.4002015292644501	0.042346965521574	0.269596129655838	0.0394234210252761	0.2947454154491424	0.0290408078581094	0.5465626120567322	0.0588606782257556	12.0	/mnt/bn/seed-aws-va/shwai.he/demystifying-transformers-main/focused-compression-analysis/outputs/layerwise_para_perp/Qwen3-4B__wanda_2_4_l5	11.57024097442627	3.96524977684021	4.745822906494141	2.090162754058838	0.4002015292644501	0.042346965521574	0.269596129655838	0.0394234210252761	0.2947454154491424	0.0290408078581094	0.5465626120567322	0.0588606782257556
wanda_2_4	wanda_2_4_l5	5.0	mlp_out	5	-0.2981134355068207	0.0382460132241249	3.1359336376190186	1.689449429512024	3.060946464538574	1.314954400062561	10.169266700744627	4.168041229248047	4.393215656280518	2.11812973022461	0.4232090413570404	0.0473140180110931	0.2981134355068207	0.0382460132241249	0.2992832958698272	0.0379427634179592	0.501932680606842	0.0600074604153633	12.0	/mnt/bn/seed-aws-va/shwai.he/demystifying-transformers-main/focused-compression-analysis/outputs/layerwise_para_perp/Qwen3-4B__wanda_2_4_l5	10.169266700744627	4.168041229248047	4.393215656280518	2.11812973022461	0.4232090413570404	0.0473140180110931	0.2981134355068207	0.0382460132241249	0.2992832958698272	0.0379427634179592	0.501932680606842	0.0600074604153633
wanda_2_4	wanda_2_4_l6	6.0	attn_out	6	-0.2468384504318237	0.0341763086616992	1.752437710762024	0.391206830739975	2.390934944152832	0.241081416606903	7.0615553855896	0.9513904452323914	2.9831018447875977	0.3160307705402374	0.4247894585132599	0.0346531383693218	0.2468384504318237	0.0341763086616992	0.3426972925662994	0.0459153987467289	0.6503716111183167	0.0969036892056465	12.0	/mnt/bn/seed-aws-va/shwai.he/demystifying-transformers-main/focused-compression-analysis/outputs/layerwise_para_perp/Qwen3-4B__wanda_2_4_l6	7.0615553855896	0.9513904452323914	2.9831018447875977	0.3160307705402374	0.4247894585132599	0.0346531383693218	0.2468384504318237	0.0341763086616992	0.3426972925662994	0.0459153987467289	0.6503716111183167	0.0969036892056465
wanda_2_4	wanda_2_4_l6	6.0	block_out	6	-0.2916446924209595	0.0374015532433986	3.6041104793548584	1.009491205215454	4.181500434875488	1.1162011623382568	12.216097831726074	2.1704835891723633	5.528356075286865	1.4754033088684082	0.4472661316394806	0.0426025390625	0.2916446626186371	0.0374017544090747	0.3382517397403717	0.0314993448555469	0.5750024318695068	0.0523415505886077	12.0	/mnt/bn/seed-aws-va/shwai.he/demystifying-transformers-main/focused-compression-analysis/outputs/layerwise_para_perp/Qwen3-4B__wanda_2_4_l6	12.216097831726074	2.1704835891723633	5.528356075286865	1.4754033088684082	0.4472661316394806	0.0426025390625	0.2916446626186371	0.0374017544090747	0.3382517397403717	0.0314993448555469	0.5750024318695068	0.0523415505886077
wanda_2_4	wanda_2_4_l6	6.0	mlp_out	6	-0.3351810872554779	0.034337468445301	3.5250089168548584	1.082092523574829	3.6488497257232666	1.1507914066314695	10.402653694152832	2.5103909969329834	5.079715251922607	1.5593370199203491	0.4824333488941192	0.0356213226914405	0.3351810872554779	0.034337468445301	0.3460888862609863	0.0266058687120676	0.517216145992279	0.0501998476684093	12.0	/mnt/bn/seed-aws-va/shwai.he/demystifying-transformers-main/focused-compression-analysis/outputs/layerwise_para_perp/Qwen3-4B__wanda_2_4_l6	10.402653694152832	2.5103909969329834	5.079715251922607	1.5593370199203491	0.4824333488941192	0.0356213226914405	0.3351810872554779	0.034337468445301	0.3460888862609863	0.0266058687120676	0.517216145992279	0.0501998476684093
wanda_2_4	wanda_2_4_l7	7.0	attn_out	7	-0.187658429145813	0.0377316251397132	1.1626595258712769	0.4120813012123108	3.6124727725982666	0.3826854228973388	6.1397786140441895	1.432727336883545	3.808025360107422	0.465766042470932	0.6363688707351685	0.0845921710133552	0.1876583844423294	0.0377318710088729	0.6061037182807922	0.0901117026805877	0.904251754283905	0.0486281290650367	12.0	/mnt/bn/seed-aws-va/shwai.he/demystifying-transformers-main/focused-compression-analysis/outputs/layerwise_para_perp/Qwen3-4B__wanda_2_4_l7	6.1397786140441895	1.432727336883545	3.808025360107422	0.465766042470932	0.6363688707351685	0.0845921710133552	0.1876583844423294	0.0377318710088729	0.6061037182807922	0.0901117026805877	0.904251754283905	0.0486281290650367
wanda_2_4	wanda_2_4_l7	7.0	block_out	7	-0.3462363183498382	0.0531659312546253	4.232384204864502	1.5855098962783811	5.413364410400391	1.2011504173278809	12.126053810119627	3.690196990966797	6.902743816375732	1.877853274345398	0.5749794840812683	0.0373467318713665	0.3462363183498382	0.0531659312546253	0.4559648931026459	0.0372282415628433	0.633513867855072	0.0871540978550911	12.0	/mnt/bn/seed-aws-va/shwai.he/demystifying-transformers-main/focused-compression-analysis/outputs/layerwise_para_perp/Qwen3-4B__wanda_2_4_l7	12.126053810119627	3.690196990966797	6.902743816375732	1.877853274345398	0.5749794840812683	0.0373467318713665	0.3462363183498382	0.0531659312546253	0.4559648931026459	0.0372282415628433	0.633513867855072	0.0871540978550911
wanda_2_4	wanda_2_4_l7	7.0	mlp_out	7	-0.3942411839962005	0.0560522116720676	4.258442401885986	1.6299890279769895	4.463973522186279	1.223861575126648	10.795517921447754	3.672422409057617	6.196784496307373	1.953447222709656	0.5796796679496765	0.0381309054791927	0.3942411839962005	0.0560522116720676	0.4218469858169555	0.0309784542769193	0.5365431904792786	0.0869928896427154	12.0	/mnt/bn/seed-aws-va/shwai.he/demystifying-transformers-main/focused-compression-analysis/outputs/layerwise_para_perp/Qwen3-4B__wanda_2_4_l7	10.795517921447754	3.672422409057617	6.196784496307373	1.953447222709656	0.5796796679496765	0.0381309054791927	0.3942411839962005	0.0560522116720676	0.4218469858169555	0.0309784542769193	0.5365431904792786	0.0869928896427154
wanda_2_4	wanda_2_4_l8	8.0	attn_out	8	-0.2795475423336029	0.0484775155782699	2.3979995250701904	0.4125008583068847	3.246577024459839	0.4634208381175995	8.661674499511719	1.2960864305496216	4.048369884490967	0.5350528955459595	0.4697454273700714	0.0391765832901001	0.2795475423336029	0.0484775155782699	0.375735878944397	0.0228297598659992	0.6461941599845886	0.0717956125736236	12.0	/mnt/bn/seed-aws-va/shwai.he/demystifying-transformers-main/focused-compression-analysis/outputs/layerwise_para_perp/Qwen3-4B__wanda_2_4_l8	8.661674499511719	1.2960864305496216	4.048369884490967	0.5350528955459595	0.4697454273700714	0.0391765832901001	0.2795475423336029	0.0484775155782699	0.375735878944397	0.0228297598659992	0.6461941599845886	0.0717956125736236
wanda_2_4	wanda_2_4_l8	8.0	block_out	8	-0.3515803515911102	0.0264533720910549	5.784934997558594	1.0869276523590088	6.389206409454346	1.3958258628845217	16.51900291442871	3.35119366645813	8.635224342346191	1.6882141828536987	0.5235627889633179	0.0191638730466365	0.3515803515911102	0.0264533720910549	0.3866367042064667	0.0262439809739589	0.5469241738319397	0.0604705326259136	12.0	/mnt/bn/seed-aws-va/shwai.he/demystifying-transformers-main/focused-compression-analysis/outputs/layerwise_para_perp/Qwen3-4B__wanda_2_4_l8	16.51900291442871	3.35119366645813	8.635224342346191	1.6882141828536987	0.5235627889633179	0.0191638730466365	0.3515803515911102	0.0264533720910549	0.3866367042064667	0.0262439809739589	0.5469241738319397	0.0604705326259136
wanda_2_4	wanda_2_4_l8	8.0	mlp_out	8	-0.3853458166122436	0.0330875851213932	5.685730457305908	1.07277250289917	5.800655364990234	1.492521047592163	14.937820434570312	3.609757661819458	8.143394470214844	1.743190050125122	0.5481324791908264	0.0195121672004461	0.385345846414566	0.033087134361267	0.3880167007446289	0.02620704844594	0.5040883421897888	0.068382479250431	12.0	/mnt/bn/seed-aws-va/shwai.he/demystifying-transformers-main/focused-compression-analysis/outputs/layerwise_para_perp/Qwen3-4B__wanda_2_4_l8	14.937820434570312	3.609757661819458	8.143394470214844	1.743190050125122	0.5481324791908264	0.0195121672004461	0.385345846414566	0.033087134361267	0.3880167007446289	0.02620704844594	0.5040883421897888	0.068382479250431
wanda_2_4	wanda_2_4_l9	9.0	attn_out	9	-0.2931026220321655	0.0354290008544921	2.3098812103271484	0.4389053583145141	3.4071476459503174	0.4385080933570862	7.911172389984131	1.3670480251312256	4.123972415924072	0.5674374103546143	0.5249772667884827	0.0297806542366743	0.2931026220321655	0.0354287922382354	0.4342341125011444	0.0276475101709365	0.6860639452934265	0.0584682375192642	12.0	/mnt/bn/seed-aws-va/shwai.he/demystifying-transformers-main/focused-compression-analysis/outputs/layerwise_para_perp/Qwen3-4B__wanda_2_4_l9	7.911172389984131	1.3670480251312256	4.123972415924072	0.5674374103546143	0.5249772667884827	0.0297806542366743	0.2931026220321655	0.0354287922382354	0.4342341125011444	0.0276475101709365	0.6860639452934265	0.0584682375192642
wanda_2_4	wanda_2_4_l9	9.0	block_out	9	-0.3140940368175506	0.0308706387877464	5.200212001800537	1.980083465576172	6.526306629180908	1.4843236207962036	16.35334014892578	5.08793830871582	8.365325927734375	2.4041945934295654	0.5146747827529907	0.0257108006626367	0.3140940368175506	0.0308706387877464	0.406416654586792	0.0277242083102464	0.6252689957618713	0.0619268380105495	12.0	/mnt/bn/seed-aws-va/shwai.he/demystifying-transformers-main/focused-compression-analysis/outputs/layerwise_para_perp/Qwen3-4B__wanda_2_4_l9	16.35334014892578	5.08793830871582	8.365325927734375	2.4041945934295654	0.5146747827529907	0.0257108006626367	0.3140940368175506	0.0308706387877464	0.406416654586792	0.0277242083102464	0.6252689957618713	0.0619268380105495
wanda_2_4	wanda_2_4_l9	9.0	mlp_out	9	-0.3297036588191986	0.0246770810335874	5.191606521606445	1.9486579895019531	6.19788122177124	1.468833088874817	15.593493461608888	5.000027656555176	8.101279258728027	2.3854830265045166	0.5231034159660339	0.0257999002933502	0.3297036588191986	0.0246770810335874	0.4050849378108978	0.0299259051680564	0.6004112362861633	0.054856177419424	12.0	/mnt/bn/seed-aws-va/shwai.he/demystifying-transformers-main/focused-compression-analysis/outputs/layerwise_para_perp/Qwen3-4B__wanda_2_4_l9	15.593493461608888	5.000027656555176	8.101279258728027	2.3854830265045166	0.5231034159660339	0.0257999002933502	0.3297036588191986	0.0246770810335874	0.4050849378108978	0.0299259051680564	0.6004112362861633	0.054856177419424
wanda_4_8	wanda_4_8_l0	0.0	attn_out	0	-0.1263526231050491	0.0205192081630229	0.4802688062191009	0.0619083046913147	0.5240032076835632	0.0877508074045181	3.8522732257843018	0.5188212990760803	0.7137098908424377	0.0859569162130355	0.1904890984296798	0.045516513288021	0.1263526380062103	0.0205191634595394	0.1414398103952407	0.0443463996052742	0.5387950539588928	0.0846495777368545	12.0	/mnt/bn/seed-aws-va/shwai.he/demystifying-transformers-main/focused-compression-analysis/outputs/layerwise_para_perp/Qwen3-4B__wanda_4_8_l0	3.8522732257843018	0.5188212990760803	0.7137098908424377	0.0859569162130355	0.1904890984296798	0.045516513288021	0.1263526380062103	0.0205191634595394	0.1414398103952407	0.0443463996052742	0.5387950539588928	0.0846495777368545
wanda_4_8	wanda_4_8_l0	0.0	block_out	0	-0.1972296983003616	0.0488230884075164	1.5879560708999634	0.6957531571388245	1.109723448753357	0.554667592048645	7.808135509490967	1.257848858833313	1.9428139925003052	0.877663791179657	0.240499198436737	0.0627314895391464	0.1972296983003616	0.0488230884075164	0.1365194320678711	0.0430616326630115	0.3177032470703125	0.067656971514225	12.0	/mnt/bn/seed-aws-va/shwai.he/demystifying-transformers-main/focused-compression-analysis/outputs/layerwise_para_perp/Qwen3-4B__wanda_4_8_l0	7.808135509490967	1.257848858833313	1.9428139925003052	0.877663791179657	0.240499198436737	0.0627314895391464	0.1972296983003616	0.0488230884075164	0.1365194320678711	0.0430616326630115	0.3177032470703125	0.067656971514225
wanda_4_8	wanda_4_8_l0	0.0	mlp_out	0	-0.2597009837627411	0.0449964478611946	1.3263232707977295	0.7404531240463257	0.8817088007926941	0.5494564771652222	4.924187183380127	1.8690681457519531	1.6014147996902466	0.906745672225952	0.310822457075119	0.0517903342843055	0.2597009837627411	0.0449962839484214	0.1683771461248397	0.0383756570518016	0.2963124811649322	0.0873126611113548	12.0	/mnt/bn/seed-aws-va/shwai.he/demystifying-transformers-main/focused-compression-analysis/outputs/layerwise_para_perp/Qwen3-4B__wanda_4_8_l0	4.924187183380127	1.8690681457519531	1.6014147996902466	0.906745672225952	0.310822457075119	0.0517903342843055	0.2597009837627411	0.0449962839484214	0.1683771461248397	0.0383756570518016	0.2963124811649322	0.0873126611113548
wanda_4_8	wanda_4_8_l1	1.0	attn_out	1	-0.1493531316518783	0.0114278448745608	0.3845053613185882	0.0425157062709331	0.5820649862289429	0.0816227868199348	2.587146520614624	0.3294939696788788	0.6979945302009583	0.0889804661273956	0.2704102396965027	0.0175312273204326	0.1493531167507171	0.0114280898123979	0.2252338081598281	0.0161806493997573	0.6939006447792053	0.0318081602454185	12.0	/mnt/bn/seed-aws-va/shwai.he/demystifying-transformers-main/focused-compression-analysis/outputs/layerwise_para_perp/Qwen3-4B__wanda_4_8_l1	2.587146520614624	0.3294939696788788	0.6979945302009583	0.0889804661273956	0.2704102396965027	0.0175312273204326	0.1493531167507171	0.0114280898123979	0.2252338081598281	0.0161806493997573	0.6939006447792053	0.0318081602454185
wanda_4_8	wanda_4_8_l1	1.0	block_out	1	-0.1843198984861374	0.0309265796095132	0.6460434794425964	0.2931669354438782	0.8517910838127136	0.3055051863193512	3.4068033695220947	0.914424479007721	1.0703774690628052	0.4201103448867798	0.3080553114414215	0.0362596102058887	0.1843198984861374	0.0309265796095132	0.2464122921228408	0.0237390659749507	0.6440245509147644	0.0444366112351417	12.0	/mnt/bn/seed-aws-va/shwai.he/demystifying-transformers-main/focused-compression-analysis/outputs/layerwise_para_perp/Qwen3-4B__wanda_4_8_l1	3.4068033695220947	0.914424479007721	1.0703774690628052	0.4201103448867798	0.3080553114414215	0.0362596102058887	0.1843198984861374	0.0309265796095132	0.2464122921228408	0.0237390659749507	0.6440245509147644	0.0444366112351417
wanda_4_8	wanda_4_8_l1	1.0	mlp_out	1	-0.2559738457202911	0.0453860312700271	0.5705716609954834	0.3356637060642242	0.5645790100097656	0.3189255595207214	2.155550956726074	0.9247154593467712	0.8052618503570557	0.4585178792476654	0.3616557121276855	0.0522438138723373	0.2559738457202911	0.0453860312700271	0.2536531388759613	0.0400232411921024	0.4965424537658691	0.0877548828721046	12.0	/mnt/bn/seed-aws-va/shwai.he/demystifying-transformers-main/focused-compression-analysis/outputs/layerwise_para_perp/Qwen3-4B__wanda_4_8_l1	2.155550956726074	0.9247154593467712	0.8052618503570557	0.4585178792476654	0.3616557121276855	0.0522438138723373	0.2559738457202911	0.0453860312700271	0.2536531388759613	0.0400232411921024	0.4965424537658691	0.0877548828721046
wanda_4_8	wanda_4_8_l10	10.0	attn_out	10	-0.2255980968475341	0.0376485027372837	2.154704332351685	0.3664888143539428	3.835014581680298	0.584757924079895	9.636845588684082	1.359122395515442	4.416283130645752	0.5681412220001221	0.4593745172023773	0.0208925753831863	0.2255980968475341	0.0376484505832195	0.3980840146541595	0.0260505024343729	0.7531576752662659	0.0758833661675453	12.0	/mnt/bn/seed-aws-va/shwai.he/demystifying-transformers-main/focused-compression-analysis/outputs/layerwise_para_perp/Qwen3-4B__wanda_4_8_l10	9.636845588684082	1.359122395515442	4.416283130645752	0.5681412220001221	0.4593745172023773	0.0208925753831863	0.2255980968475341	0.0376484505832195	0.3980840146541595	0.0260505024343729	0.7531576752662659	0.0758833661675453
wanda_4_8	wanda_4_8_l10	10.0	block_out	10	-0.245262861251831	0.0254858862608671	4.01952600479126	0.8350391983985901	6.324281215667725	1.2324713468551636	16.548221588134766	3.941051959991455	7.501283168792725	1.449188470840454	0.4576738774776459	0.0258526932448148	0.2452628761529922	0.0254857409745454	0.3858536779880523	0.0211491882801055	0.7120415568351746	0.040230643004179	12.0	/mnt/bn/seed-aws-va/shwai.he/demystifying-transformers-main/focused-compression-analysis/outputs/layerwise_para_perp/Qwen3-4B__wanda_4_8_l10	16.548221588134766	3.941051959991455	7.501283168792725	1.449188470840454	0.4576738774776459	0.0258526932448148	0.2452628761529922	0.0254857409745454	0.3858536779880523	0.0211491882801055	0.7120415568351746	0.040230643004179
wanda_4_8	wanda_4_8_l10	10.0	mlp_out	10	-0.2714720666408539	0.032436266541481	4.053432941436768	0.7076999545097351	5.976949214935303	1.1877119541168213	15.17504596710205	3.5631487369537354	7.230459213256836	1.3364899158477783	0.4818930625915527	0.0332170352339744	0.2714720666408539	0.0324360355734825	0.3974921703338623	0.0239811465144157	0.6825129985809326	0.0434048809111118	12.0	/mnt/bn/seed-aws-va/shwai.he/demystifying-transformers-main/focused-compression-analysis/outputs/layerwise_para_perp/Qwen3-4B__wanda_4_8_l10	15.17504596710205	3.5631487369537354	7.230459213256836	1.3364899158477783	0.4818930625915527	0.0332170352339744	0.2714720666408539	0.0324360355734825	0.3974921703338623	0.0239811465144157	0.6825129985809326	0.0434048809111118
wanda_4_8	wanda_4_8_l11	11.0	attn_out	11	-0.2378032952547073	0.0276591628789901	2.085785150527954	0.4573243260383606	3.3676204681396484	0.3648621141910553	8.743943214416504	1.401208996772766	3.9742374420166016	0.4889526665210724	0.4577377736568451	0.0274150464683771	0.2378032952547073	0.0276590287685394	0.3894031047821045	0.0364037752151489	0.7237265110015869	0.0706263035535812	12.0	/mnt/bn/seed-aws-va/shwai.he/demystifying-transformers-main/focused-compression-analysis/outputs/layerwise_para_perp/Qwen3-4B__wanda_4_8_l11	8.743943214416504	1.401208996772766	3.9742374420166016	0.4889526665210724	0.4577377736568451	0.0274150464683771	0.2378032952547073	0.0276590287685394	0.3894031047821045	0.0364037752151489	0.7237265110015869	0.0706263035535812
wanda_4_8	wanda_4_8_l11	11.0	block_out	11	-0.2384245991706848	0.0126286735758185	3.699401617050171	0.7200438380241394	6.07680082321167	1.3068084716796875	15.577537536621094	3.3646488189697266	7.120500564575195	1.4621094465255735	0.4583575427532196	0.0171967577189207	0.238424614071846	0.0126283792778849	0.3909999430179596	0.0223751924932003	0.7273053526878357	0.0376681387424469	12.0	/mnt/bn/seed-aws-va/shwai.he/demystifying-transformers-main/focused-compression-analysis/outputs/layerwise_para_perp/Qwen3-4B__wanda_4_8_l11	15.577537536621094	3.3646488189697266	7.120500564575195	1.4621094465255735	0.4583575427532196	0.0171967577189207	0.238424614071846	0.0126283792778849	0.3909999430179596	0.0223751924932003	0.7273053526878357	0.0376681387424469
wanda_4_8	wanda_4_8_l11	11.0	mlp_out	11	-0.2536324560642242	0.0156602468341588	3.634789228439331	0.7218263745307922	5.648506164550781	1.3003860712051392	14.45043659210205	3.51187515258789	6.7205352783203125	1.4709728956222534	0.4672954976558685	0.0165079515427351	0.2536324858665466	0.0156597699970006	0.3921815454959869	0.0160182118415832	0.7046665549278259	0.0294065326452255	12.0	/mnt/bn/seed-aws-va/shwai.he/demystifying-transformers-main/focused-compression-analysis/outputs/layerwise_para_perp/Qwen3-4B__wanda_4_8_l11	14.45043659210205	3.51187515258789	6.7205352783203125	1.4709728956222534	0.4672954976558685	0.0165079515427351	0.2536324858665466	0.0156597699970006	0.3921815454959869	0.0160182118415832	0.7046665549278259	0.0294065326452255
wanda_4_8	wanda_4_8_l12	12.0	attn_out	12	-0.1818749904632568	0.0277533512562513	1.9001272916793823	0.3787334859371185	3.8551900386810303	0.2205864191055297	10.3915376663208	0.7736988663673401	4.311927318572998	0.2689858078956604	0.4158892631530761	0.0224755275994539	0.1818749904632568	0.0277533512562513	0.372565895318985	0.0285467114299535	0.8025656342506409	0.0637716650962829	12.0	/mnt/bn/seed-aws-va/shwai.he/demystifying-transformers-main/focused-compression-analysis/outputs/layerwise_para_perp/Qwen3-4B__wanda_4_8_l12	10.3915376663208	0.7736988663673401	4.311927318572998	0.2689858078956604	0.4158892631530761	0.0224755275994539	0.1818749904632568	0.0277533512562513	0.372565895318985	0.0285467114299535	0.8025656342506409	0.0637716650962829
wanda_4_8	wanda_4_8_l12	12.0	block_out	12	-0.2270975112915039	0.0188399031758308	3.6846635341644287	0.7535456418991089	6.2569580078125	1.0549858808517456	16.199983596801758	2.913947343826294	7.266820430755615	1.2650748491287231	0.4491537809371948	0.0181273389607667	0.2270975261926651	0.018839705735445	0.3871128261089325	0.0168262310326099	0.7434147000312805	0.0339925810694694	12.0	/mnt/bn/seed-aws-va/shwai.he/demystifying-transformers-main/focused-compression-analysis/outputs/layerwise_para_perp/Qwen3-4B__wanda_4_8_l12	16.199983596801758	2.913947343826294	7.266820430755615	1.2650748491287231	0.4491537809371948	0.0181273389607667	0.2270975261926651	0.018839705735445	0.3871128261089325	0.0168262310326099	0.7434147000312805	0.0339925810694694
wanda_4_8	wanda_4_8_l12	12.0	mlp_out	12	-0.2746349275112152	0.0205969922244548	3.8749401569366455	0.7054154872894287	5.607253551483154	1.0507540702819824	14.206377983093262	2.9714574813842773	6.821628093719482	1.2343132495880127	0.4824721813201904	0.0158911924809217	0.2746349275112152	0.0205969922244548	0.3962279856204986	0.0136653343215584	0.675377368927002	0.0365065746009349	12.0	/mnt/bn/seed-aws-va/shwai.he/demystifying-transformers-main/focused-compression-analysis/outputs/layerwise_para_perp/Qwen3-4B__wanda_4_8_l12	14.206377983093262	2.9714574813842773	6.821628093719482	1.2343132495880127	0.4824721813201904	0.0158911924809217	0.2746349275112152	0.0205969922244548	0.3962279856204986	0.0136653343215584	0.675377368927002	0.0365065746009349
wanda_4_8	wanda_4_8_l13	13.0	attn_out	13	-0.1665962785482406	0.0321458019316196	1.5569171905517578	0.5754433274269104	3.3088464736938477	0.5485821962356567	9.11807632446289	1.8696048259735107	3.675205945968628	0.705260694026947	0.4044311344623565	0.0179663281887769	0.1665962785482406	0.0321458019316196	0.366448163986206	0.0285558439791202	0.8210609555244446	0.0747600719332695	12.0	/mnt/bn/seed-aws-va/shwai.he/demystifying-transformers-main/focused-compression-analysis/outputs/layerwise_para_perp/Qwen3-4B__wanda_4_8_l13	9.11807632446289	1.8696048259735107	3.675205945968628	0.705260694026947	0.4044311344623565	0.0179663281887769	0.1665962785482406	0.0321458019316196	0.366448163986206	0.0285558439791202	0.8210609555244446	0.0747600719332695
wanda_4_8	wanda_4_8_l13	13.0	block_out	13	-0.2372591942548751	0.0286250319331884	3.857023954391479	1.1189203262329102	6.242210388183594	1.129568338394165	16.054533004760742	3.3017218112945557	7.349920749664307	1.5324478149414062	0.4576940238475799	0.0165871959179639	0.2372591942548751	0.0286250319331884	0.3905167877674103	0.0120113715529441	0.7300083041191101	0.0507160648703575	12.0	/mnt/bn/seed-aws-va/shwai.he/demystifying-transformers-main/focused-compression-analysis/outputs/layerwise_para_perp/Qwen3-4B__wanda_4_8_l13	16.054533004760742	3.3017218112945557	7.349920749664307	1.5324478149414062	0.4576940238475799	0.0165871959179639	0.2372591942548751	0.0286250319331884	0.3905167877674103	0.0120113715529441	0.7300083041191101	0.0507160648703575
wanda_4_8	wanda_4_8_l13	13.0	mlp_out	13	-0.2693651020526886	0.0271410923451185	3.9660778045654297	0.9613676071166992	5.742713928222656	1.0175237655639648	14.665913581848145	3.003563404083252	6.98757791519165	1.3571534156799316	0.4775004386901855	0.0185863822698593	0.269365131855011	0.0271410923451185	0.3935538232326507	0.0131637994199991	0.6811079978942871	0.0460523888468742	12.0	/mnt/bn/seed-aws-va/shwai.he/demystifying-transformers-main/focused-compression-analysis/outputs/layerwise_para_perp/Qwen3-4B__wanda_4_8_l13	14.665913581848145	3.003563404083252	6.98757791519165	1.3571534156799316	0.4775004386901855	0.0185863822698593	0.269365131855011	0.0271410923451185	0.3935538232326507	0.0131637994199991	0.6811079978942871	0.0460523888468742
wanda_4_8	wanda_4_8_l14	14.0	attn_out	14	-0.1717454046010971	0.0346905551850795	1.7728595733642578	0.5130088925361633	4.806059837341309	0.2891086935997009	10.176310539245604	1.068668246269226	5.140679359436035	0.4017744660377502	0.5069820284843445	0.0258944481611251	0.1717454046010971	0.0346906073391437	0.4752224683761596	0.0341323539614677	0.8781498074531555	0.0566595643758773	12.0	/mnt/bn/seed-aws-va/shwai.he/demystifying-transformers-main/focused-compression-analysis/outputs/layerwise_para_perp/Qwen3-4B__wanda_4_8_l14	10.176310539245604	1.068668246269226	5.140679359436035	0.4017744660377502	0.5069820284843445	0.0258944481611251	0.1717454046010971	0.0346906073391437	0.4752224683761596	0.0341323539614677	0.8781498074531555	0.0566595643758773
wanda_4_8	wanda_4_8_l14	14.0	block_out	14	-0.2365767359733581	0.01440882217139	3.7920925617218018	0.478955864906311	6.791416645050049	0.7246435880661011	16.032020568847656	1.8471813201904297	7.781775951385498	0.837717592716217	0.4860012829303741	0.0145176453515887	0.2365767359733581	0.01440882217139	0.4242755472660064	0.0149035807698965	0.7622869610786438	0.0257588606327772	12.0	/mnt/bn/seed-aws-va/shwai.he/demystifying-transformers-main/focused-compression-analysis/outputs/layerwise_para_perp/Qwen3-4B__wanda_4_8_l14	16.032020568847656	1.8471813201904297	7.781775951385498	0.837717592716217	0.4860012829303741	0.0145176453515887	0.2365767359733581	0.01440882217139	0.4242755472660064	0.0149035807698965	0.7622869610786438	0.0257588606327772
wanda_4_8	wanda_4_8_l14	14.0	mlp_out	14	-0.2785695791244507	0.0253417212516069	3.963192224502563	0.4375849962234497	5.905246257781982	0.7497380375862122	14.308375358581545	1.7635021209716797	7.120625019073486	0.793158769607544	0.4986123740673065	0.0166472755372524	0.2785695791244507	0.0253417212516069	0.4128539264202118	0.0141375130042433	0.6870072484016418	0.0442241728305816	12.0	/mnt/bn/seed-aws-va/shwai.he/demystifying-transformers-main/focused-compression-analysis/outputs/layerwise_para_perp/Qwen3-4B__wanda_4_8_l14	14.308375358581545	1.7635021209716797	7.120625019073486	0.793158769607544	0.4986123740673065	0.0166472755372524	0.2785695791244507	0.0253417212516069	0.4128539264202118	0.0141375130042433	0.6870072484016418	0.0442241728305816
wanda_4_8	wanda_4_8_l15	15.0	attn_out	15	-0.1624985933303833	0.0214272085577249	1.6667556762695312	0.5242085456848145	4.295085430145264	0.7644706964492798	10.134062767028809	2.2064037322998047	4.618567943572998	0.8682602047920227	0.4585258960723877	0.0297438539564609	0.1624985933303833	0.0214272961020469	0.427645206451416	0.037220437079668	0.8680163025856018	0.0433031432330608	12.0	/mnt/bn/seed-aws-va/shwai.he/demystifying-transformers-main/focused-compression-analysis/outputs/layerwise_para_perp/Qwen3-4B__wanda_4_8_l15	10.134062767028809	2.2064037322998047	4.618567943572998	0.8682602047920227	0.4585258960723877	0.0297438539564609	0.1624985933303833	0.0214272961020469	0.427645206451416	0.037220437079668	0.8680163025856018	0.0433031432330608
wanda_4_8	wanda_4_8_l15	15.0	block_out	15	-0.2518934309482574	0.0150429066270589	3.81700587272644	1.0283995866775513	6.403561115264893	1.1711227893829346	15.10930633544922	3.770745515823364	7.462604522705078	1.521115779876709	0.4991143941879272	0.0278927329927682	0.2518934309482574	0.0150429066270589	0.4303447306156158	0.0319374278187751	0.7425656318664551	0.0382483527064323	12.0	/mnt/bn/seed-aws-va/shwai.he/demystifying-transformers-main/focused-compression-analysis/outputs/layerwise_para_perp/Qwen3-4B__wanda_4_8_l15	15.10930633544922	3.770745515823364	7.462604522705078	1.521115779876709	0.4991143941879272	0.0278927329927682	0.2518934309482574	0.0150429066270589	0.4303447306156158	0.0319374278187751	0.7425656318664551	0.0382483527064323
wanda_4_8	wanda_4_8_l15	15.0	mlp_out	15	-0.2920258045196533	0.0118483686819672	4.151561260223389	0.7739921808242798	5.5909423828125	0.923037052154541	14.209195137023926	2.527757167816162	6.966609954833984	1.1880685091018677	0.4912150800228119	0.0192089192569255	0.2920258045196533	0.0118483686819672	0.3947228193283081	0.0208729524165391	0.6455127596855164	0.0271463077515363	12.0	/mnt/bn/seed-aws-va/shwai.he/demystifying-transformers-main/focused-compression-analysis/outputs/layerwise_para_perp/Qwen3-4B__wanda_4_8_l15	14.209195137023926	2.527757167816162	6.966609954833984	1.1880685091018677	0.4912150800228119	0.0192089192569255	0.2920258045196533	0.0118483686819672	0.3947228193283081	0.0208729524165391	0.6455127596855164	0.0271463077515363
wanda_4_8	wanda_4_8_l16	16.0	attn_out	16	-0.1859217435121536	0.0278332363814115	1.678538799285889	0.3225832283496856	4.04112434387207	0.4973129630088806	9.016239166259766	1.063526272773743	4.382840633392334	0.5387651920318604	0.4866580069065094	0.0296530369669199	0.1859217435121536	0.0278333034366369	0.4488754570484161	0.0297416001558303	0.8509678840637207	0.0383642725646495	12.0	/mnt/bn/seed-aws-va/shwai.he/demystifying-transformers-main/focused-compression-analysis/outputs/layerwise_para_perp/Qwen3-4B__wanda_4_8_l16	9.016239166259766	1.063526272773743	4.382840633392334	0.5387651920318604	0.4866580069065094	0.0296530369669199	0.1859217435121536	0.0278333034366369	0.4488754570484161	0.0297416001558303	0.8509678840637207	0.0383642725646495
wanda_4_8	wanda_4_8_l16	16.0	block_out	16	-0.2714632451534271	0.0154820093885064	4.008078098297119	0.8130245208740234	6.348860263824463	0.9912354946136476	14.72869110107422	2.667677164077759	7.511749267578125	1.2609127759933472	0.5111737847328186	0.0159552954137325	0.2714632451534271	0.0154820093885064	0.4328719675540924	0.0155911082401871	0.7173895239830017	0.0270963106304407	12.0	/mnt/bn/seed-aws-va/shwai.he/demystifying-transformers-main/focused-compression-analysis/outputs/layerwise_para_perp/Qwen3-4B__wanda_4_8_l16	14.72869110107422	2.667677164077759	7.511749267578125	1.2609127759933472	0.5111737847328186	0.0159552954137325	0.2714632451534271	0.0154820093885064	0.4328719675540924	0.0155911082401871	0.7173895239830017	0.0270963106304407
wanda_4_8	wanda_4_8_l16	16.0	mlp_out	16	-0.3200738131999969	0.0224443450570106	4.538393497467041	0.7076649069786072	5.701624393463135	0.9077935218811036	14.21353244781494	2.2408463954925537	7.298458099365234	1.07839035987854	0.5142075419425964	0.0111037027090787	0.3200738131999969	0.0224443450570106	0.4014551937580108	0.0203817207366228	0.6106191873550415	0.0530150681734085	12.0	/mnt/bn/seed-aws-va/shwai.he/demystifying-transformers-main/focused-compression-analysis/outputs/layerwise_para_perp/Qwen3-4B__wanda_4_8_l16	14.21353244781494	2.2408463954925537	7.298458099365234	1.07839035987854	0.5142075419425964	0.0111037027090787	0.3200738131999969	0.0224443450570106	0.4014551937580108	0.0203817207366228	0.6106191873550415	0.0530150681734085
wanda_4_8	wanda_4_8_l17	17.0	attn_out	17	-0.1860849410295486	0.0390771366655826	1.832592487335205	0.3185109794139862	4.826548099517822	0.7733647227287292	10.008103370666504	1.3305584192276	5.180436611175537	0.7187380790710449	0.5192139148712158	0.0441563948988914	0.1860849410295486	0.0390771366655826	0.4828776121139526	0.046983752399683	0.8645074963569641	0.0549256727099418	12.0	/mnt/bn/seed-aws-va/shwai.he/demystifying-transformers-main/focused-compression-analysis/outputs/layerwise_para_perp/Qwen3-4B__wanda_4_8_l17	10.008103370666504	1.3305584192276	5.180436611175537	0.7187380790710449	0.5192139148712158	0.0441563948988914	0.1860849410295486	0.0390771366655826	0.4828776121139526	0.046983752399683	0.8645074963569641	0.0549256727099418
wanda_4_8	wanda_4_8_l17	17.0	block_out	17	-0.2662509977817535	0.0169345885515213	4.089845657348633	0.5426085591316223	6.852885723114014	1.1332417726516724	15.45033359527588	2.47759747505188	7.9858856201171875	1.2219572067260742	0.5176495909690857	0.0117669701576232	0.2662509977817535	0.0169345885515213	0.443552702665329	0.0135717811062932	0.7345500588417053	0.0312089659273624	12.0	/mnt/bn/seed-aws-va/shwai.he/demystifying-transformers-main/focused-compression-analysis/outputs/layerwise_para_perp/Qwen3-4B__wanda_4_8_l17	15.45033359527588	2.47759747505188	7.9858856201171875	1.2219572067260742	0.5176495909690857	0.0117669701576232	0.2662509977817535	0.0169345885515213	0.443552702665329	0.0135717811062932	0.7345500588417053	0.0312089659273624
wanda_4_8	wanda_4_8_l17	17.0	mlp_out	17	-0.3082163333892822	0.032053280621767	4.616862773895264	0.3943765163421631	5.863154888153076	0.9227249622344972	15.110057830810549	1.7454731464385986	7.481142520904541	0.855259120464325	0.495632141828537	0.0204681735485792	0.3082163035869598	0.032053742557764	0.3866468667984009	0.0234438572078943	0.6108075976371765	0.0664100646972656	12.0	/mnt/bn/seed-aws-va/shwai.he/demystifying-transformers-main/focused-compression-analysis/outputs/layerwise_para_perp/Qwen3-4B__wanda_4_8_l17	15.110057830810549	1.7454731464385986	7.481142520904541	0.855259120464325	0.495632141828537	0.0204681735485792	0.3082163035869598	0.032053742557764	0.3866468667984009	0.0234438572078943	0.6108075976371765	0.0664100646972656
wanda_4_8	wanda_4_8_l18	18.0	attn_out	18	-0.1635143011808395	0.0292178988456726	1.7509621381759644	0.5268670320510864	4.670318603515625	0.5233500599861145	10.499770164489746	1.513670563697815	5.002159595489502	0.6384598016738892	0.4778878688812256	0.0242695920169353	0.1635143011808395	0.0292178988456726	0.4475716352462768	0.0324791930615901	0.8761510252952576	0.0477699041366577	12.0	/mnt/bn/seed-aws-va/shwai.he/demystifying-transformers-main/focused-compression-analysis/outputs/layerwise_para_perp/Qwen3-4B__wanda_4_8_l18	10.499770164489746	1.513670563697815	5.002159595489502	0.6384598016738892	0.4778878688812256	0.0242695920169353	0.1635143011808395	0.0292178988456726	0.4475716352462768	0.0324791930615901	0.8761510252952576	0.0477699041366577
wanda_4_8	wanda_4_8_l18	18.0	block_out	18	-0.248364508152008	0.030268145725131	4.170027256011963	0.962709367275238	7.235278606414795	1.0388898849487305	16.776098251342773	3.1985342502593994	8.368877410888672	1.3062829971313477	0.5021376609802246	0.0237067956477403	0.248364508152008	0.0302680227905511	0.4351516962051391	0.0273164883255958	0.7515544891357422	0.0545882284641265	12.0	/mnt/bn/seed-aws-va/shwai.he/demystifying-transformers-main/focused-compression-analysis/outputs/layerwise_para_perp/Qwen3-4B__wanda_4_8_l18	16.776098251342773	3.1985342502593994	8.368877410888672	1.3062829971313477	0.5021376609802246	0.0237067956477403	0.248364508152008	0.0302680227905511	0.4351516962051391	0.0273164883255958	0.7515544891357422	0.0545882284641265
wanda_4_8	wanda_4_8_l18	18.0	mlp_out	18	-0.3036093711853027	0.0387680381536483	4.600546360015869	0.7267121076583862	6.220840930938721	0.9348371028900146	15.306750297546388	2.743739604949951	7.7602858543396	1.021702766418457	0.5110326409339905	0.026462523266673	0.3036093711853027	0.0387680381536483	0.4090343415737152	0.0293923411518335	0.6431996822357178	0.0738885477185249	12.0	/mnt/bn/seed-aws-va/shwai.he/demystifying-transformers-main/focused-compression-analysis/outputs/layerwise_para_perp/Qwen3-4B__wanda_4_8_l18	15.306750297546388	2.743739604949951	7.7602858543396	1.021702766418457	0.5110326409339905	0.026462523266673	0.3036093711853027	0.0387680381536483	0.4090343415737152	0.0293923411518335	0.6431996822357178	0.0738885477185249
wanda_4_8	wanda_4_8_l19	19.0	attn_out	19	-0.230786919593811	0.0429753810167312	3.3150007724761963	0.8035145401954651	6.452484607696533	0.6995514631271362	14.262450218200684	1.136812686920166	7.269327163696289	0.9569136500358582	0.5093187689781189	0.0461919605731964	0.230786919593811	0.0429753810167312	0.452872484922409	0.0365553200244903	0.7932000160217285	0.0497424155473709	12.0	/mnt/bn/seed-aws-va/shwai.he/demystifying-transformers-main/focused-compression-analysis/outputs/layerwise_para_perp/Qwen3-4B__wanda_4_8_l19	14.262450218200684	1.136812686920166	7.269327163696289	0.9569136500358582	0.5093187689781189	0.0461919605731964	0.230786919593811	0.0429753810167312	0.452872484922409	0.0365553200244903	0.7932000160217285	0.0497424155473709
wanda_4_8	wanda_4_8_l19	19.0	block_out	19	-0.301379531621933	0.0256029199808836	6.729681491851807	1.075874090194702	9.225605964660645	0.8471340537071228	22.308961868286133	2.6669933795928955	11.43554401397705	1.2263448238372805	0.5143207907676697	0.0350480005145072	0.301379531621933	0.0256026294082403	0.4159651100635528	0.0352436676621437	0.6542972922325134	0.0482833981513977	12.0	/mnt/bn/seed-aws-va/shwai.he/demystifying-transformers-main/focused-compression-analysis/outputs/layerwise_para_perp/Qwen3-4B__wanda_4_8_l19	22.308961868286133	2.6669933795928955	11.43554401397705	1.2263448238372805	0.5143207907676697	0.0350480005145072	0.301379531621933	0.0256026294082403	0.4159651100635528	0.0352436676621437	0.6542972922325134	0.0482833981513977
wanda_4_8	wanda_4_8_l19	19.0	mlp_out	19	-0.3420223295688629	0.0279715545475482	6.690427303314209	1.1140468120574951	7.449920654296875	0.7558013200759888	19.548030853271484	2.715644598007202	10.041977882385254	1.1109247207641602	0.5160845518112183	0.0317570567131042	0.3420223295688629	0.0279714204370975	0.384583830833435	0.0410532094538211	0.5557045340538025	0.0720942765474319	12.0	/mnt/bn/seed-aws-va/shwai.he/demystifying-transformers-main/focused-compression-analysis/outputs/layerwise_para_perp/Qwen3-4B__wanda_4_8_l19	19.548030853271484	2.715644598007202	10.041977882385254	1.1109247207641602	0.5160845518112183	0.0317570567131042	0.3420223295688629	0.0279714204370975	0.384583830833435	0.0410532094538211	0.5557045340538025	0.0720942765474319
wanda_4_8	wanda_4_8_l2	2.0	attn_out	2	-0.1874655932188034	0.0117289181798696	0.5120503902435303	0.0869767889380455	0.7111847400665283	0.0872788205742836	2.72405743598938	0.3695814907550812	0.8781699538230896	0.109450452029705	0.3237340748310089	0.0247340779751539	0.1874656081199646	0.0117287589237093	0.2632156908512115	0.0291910171508789	0.6594219207763672	0.0591057352721691	12.0	/mnt/bn/seed-aws-va/shwai.he/demystifying-transformers-main/focused-compression-analysis/outputs/layerwise_para_perp/Qwen3-4B__wanda_4_8_l2	2.72405743598938	0.3695814907550812	0.8781699538230896	0.109450452029705	0.3237340748310089	0.0247340779751539	0.1874656081199646	0.0117287589237093	0.2632156908512115	0.0291910171508789	0.6594219207763672	0.0591057352721691
wanda_4_8	wanda_4_8_l2	2.0	block_out	2	-0.2540731132030487	0.0306087508797645	1.1352983713150024	0.3477213978767395	1.0973578691482544	0.2044000923633575	4.415557384490967	0.9577285647392272	1.5875306129455566	0.3681478798389435	0.3588334321975708	0.0162463616579771	0.2540731132030487	0.0306087508797645	0.2508840262889862	0.0243422407656908	0.4958678185939789	0.097004510462284	12.0	/mnt/bn/seed-aws-va/shwai.he/demystifying-transformers-main/focused-compression-analysis/outputs/layerwise_para_perp/Qwen3-4B__wanda_4_8_l2	4.415557384490967	0.9577285647392272	1.5875306129455566	0.3681478798389435	0.3588334321975708	0.0162463616579771	0.2540731132030487	0.0306087508797645	0.2508840262889862	0.0243422407656908	0.4958678185939789	0.097004510462284
wanda_4_8	wanda_4_8_l2	2.0	mlp_out	2	-0.2851823270320892	0.0407846383750438	1.032913088798523	0.3375747203826904	0.8244969248771667	0.2335314452648162	3.589118003845215	0.8690676689147949	1.3339022397994995	0.3686499297618866	0.3697576820850372	0.0251301825046539	0.2851823270320892	0.0407847315073013	0.2303215265274047	0.0362205989658832	0.4020969867706299	0.1247436180710792	12.0	/mnt/bn/seed-aws-va/shwai.he/demystifying-transformers-main/focused-compression-analysis/outputs/layerwise_para_perp/Qwen3-4B__wanda_4_8_l2	3.589118003845215	0.8690676689147949	1.3339022397994995	0.3686499297618866	0.3697576820850372	0.0251301825046539	0.2851823270320892	0.0407847315073013	0.2303215265274047	0.0362205989658832	0.4020969867706299	0.1247436180710792
wanda_4_8	wanda_4_8_l20	20.0	attn_out	20	-0.1778128892183303	0.0292935688048601	1.8272465467453003	0.2023965567350387	5.393331527709961	0.7642373442649841	10.422728538513184	1.281166672706604	5.699992656707764	0.7496387958526611	0.5494046807289124	0.0575631111860275	0.1778129190206527	0.0292933788150548	0.5192772150039673	0.0550876706838607	0.8934091925621033	0.0256487131118774	12.0	/mnt/bn/seed-aws-va/shwai.he/demystifying-transformers-main/focused-compression-analysis/outputs/layerwise_para_perp/Qwen3-4B__wanda_4_8_l20	10.422728538513184	1.281166672706604	5.699992656707764	0.7496387958526611	0.5494046807289124	0.0575631111860275	0.1778129190206527	0.0292933788150548	0.5192772150039673	0.0550876706838607	0.8934091925621033	0.0256487131118774
wanda_4_8	wanda_4_8_l20	20.0	block_out	20	-0.2578342258930206	0.0268314592540264	4.999365329742432	1.2358559370040894	8.579652786254883	1.0855334997177124	19.29698944091797	3.5536956787109375	9.953627586364746	1.4950326681137085	0.5193364024162292	0.0300163924694061	0.2578341662883758	0.026832016184926	0.4496766030788421	0.0346963256597518	0.7498968243598938	0.0579390488564968	12.0	/mnt/bn/seed-aws-va/shwai.he/demystifying-transformers-main/focused-compression-analysis/outputs/layerwise_para_perp/Qwen3-4B__wanda_4_8_l20	19.29698944091797	3.5536956787109375	9.953627586364746	1.4950326681137085	0.5193364024162292	0.0300163924694061	0.2578341662883758	0.026832016184926	0.4496766030788421	0.0346963256597518	0.7498968243598938	0.0579390488564968
wanda_4_8	wanda_4_8_l20	20.0	mlp_out	20	-0.3127934038639068	0.0285284351557493	5.898645401000977	1.114904284477234	7.302251815795898	1.0038909912109375	18.867536544799805	3.018406629562378	9.402898788452148	1.3975725173950195	0.4998733699321747	0.0269814059138298	0.3127934038639068	0.0285285655409097	0.3890006840229034	0.0250253081321716	0.6069954037666321	0.0530945509672164	12.0	/mnt/bn/seed-aws-va/shwai.he/demystifying-transformers-main/focused-compression-analysis/outputs/layerwise_para_perp/Qwen3-4B__wanda_4_8_l20	18.867536544799805	3.018406629562378	9.402898788452148	1.3975725173950195	0.4998733699321747	0.0269814059138298	0.3127934038639068	0.0285285655409097	0.3890006840229034	0.0250253081321716	0.6069954037666321	0.0530945509672164
wanda_4_8	wanda_4_8_l21	21.0	attn_out	21	-0.1172041296958923	0.0402561426162719	1.2946621179580688	0.5231941938400269	6.009723663330078	0.8428294658660889	11.00924301147461	1.2629848718643188	6.168199062347412	0.8546032309532166	0.5608588457107544	0.0476906076073646	0.1172041371464729	0.0402561202645301	0.5467361807823181	0.0505886822938919	0.9493703842163086	0.0269053597003221	12.0	/mnt/bn/seed-aws-va/shwai.he/demystifying-transformers-main/focused-compression-analysis/outputs/layerwise_para_perp/Qwen3-4B__wanda_4_8_l21	11.00924301147461	1.2629848718643188	6.168199062347412	0.8546032309532166	0.5608588457107544	0.0476906076073646	0.1172041371464729	0.0402561202645301	0.5467361807823181	0.0505886822938919	0.9493703842163086	0.0269053597003221
wanda_4_8	wanda_4_8_l21	21.0	block_out	21	-0.2557778358459472	0.0232004262506961	5.4250874519348145	0.4445215463638305	9.484246253967283	1.0205895900726318	21.281774520874023	1.4427553415298462	10.938637733459473	0.9838361740112304	0.5136399269104004	0.0224576201289892	0.2557778358459472	0.0232007466256618	0.4447876214981079	0.0231022704392671	0.7502347826957703	0.0379479676485061	12.0	/mnt/bn/seed-aws-va/shwai.he/demystifying-transformers-main/focused-compression-analysis/outputs/layerwise_para_perp/Qwen3-4B__wanda_4_8_l21	21.281774520874023	1.4427553415298462	10.938637733459473	0.9838361740112304	0.5136399269104004	0.0224576201289892	0.2557778358459472	0.0232007466256618	0.4447876214981079	0.0231022704392671	0.7502347826957703	0.0379479676485061
wanda_4_8	wanda_4_8_l21	21.0	mlp_out	21	-0.2843727171421051	0.0260806586593389	5.77586555480957	0.4795150458812713	7.8433518409729	0.7470952272415161	20.359437942504883	1.1511050462722778	9.753445625305176	0.7329139113426208	0.4790180623531341	0.0218914654105901	0.2843727171421051	0.0260806586593389	0.3846935331821441	0.0200098529458045	0.6464150547981262	0.0488195791840553	12.0	/mnt/bn/seed-aws-va/shwai.he/demystifying-transformers-main/focused-compression-analysis/outputs/layerwise_para_perp/Qwen3-4B__wanda_4_8_l21	20.359437942504883	1.1511050462722778	9.753445625305176	0.7329139113426208	0.4790180623531341	0.0218914654105901	0.2843727171421051	0.0260806586593389	0.3846935331821441	0.0200098529458045	0.6464150547981262	0.0488195791840553
wanda_4_8	wanda_4_8_l22	22.0	attn_out	22	-0.1427906602621078	0.0507994219660759	2.6052629947662354	1.2589261531829834	8.622391700744629	1.0865449905395508	17.58876609802246	3.5424110889434814	9.07151985168457	1.267299771308899	0.5220853090286255	0.0381937697529792	0.1427906304597854	0.0507995150983333	0.4984769821166992	0.0508208498358726	0.9093634486198424	0.0695599466562271	12.0	/mnt/bn/seed-aws-va/shwai.he/demystifying-transformers-main/focused-compression-analysis/outputs/layerwise_para_perp/Qwen3-4B__wanda_4_8_l22	17.58876609802246	3.5424110889434814	9.07151985168457	1.267299771308899	0.5220853090286255	0.0381937697529792	0.1427906304597854	0.0507995150983333	0.4984769821166992	0.0508208498358726	0.9093634486198424	0.0695599466562271
wanda_4_8	wanda_4_8_l22	22.0	block_out	22	-0.2366958707571029	0.0144827049225568	7.074879169464111	0.7657122015953064	12.277226448059082	1.176767110824585	29.8717098236084	2.557027816772461	14.177428245544434	1.325076937675476	0.4745809137821197	0.015062210150063	0.2366958707571029	0.0144827049225568	0.4110461771488189	0.0161331519484519	0.7503232955932617	0.0283024180680513	12.0	/mnt/bn/seed-aws-va/shwai.he/demystifying-transformers-main/focused-compression-analysis/outputs/layerwise_para_perp/Qwen3-4B__wanda_4_8_l22	29.8717098236084	2.557027816772461	14.177428245544434	1.325076937675476	0.4745809137821197	0.015062210150063	0.2366958707571029	0.0144827049225568	0.4110461771488189	0.0161331519484519	0.7503232955932617	0.0283024180680513
wanda_4_8	wanda_4_8_l22	22.0	mlp_out	22	-0.2804923951625824	0.026065656915307	7.169836521148682	1.1302165985107422	9.903063774108888	0.8798909187316895	25.439254760742188	2.180009603500366	12.243844032287598	1.27165687084198	0.480864405632019	0.0187655072659254	0.2804923951625824	0.026065656915307	0.3897159993648529	0.0186743643134832	0.6583369374275208	0.0512701123952865	12.0	/mnt/bn/seed-aws-va/shwai.he/demystifying-transformers-main/focused-compression-analysis/outputs/layerwise_para_perp/Qwen3-4B__wanda_4_8_l22	25.439254760742188	2.180009603500366	12.243844032287598	1.27165687084198	0.480864405632019	0.0187655072659254	0.2804923951625824	0.026065656915307	0.3897159993648529	0.0186743643134832	0.6583369374275208	0.0512701123952865
wanda_4_8	wanda_4_8_l23	23.0	attn_out	23	-0.091304711997509	0.0717016085982322	1.926756739616394	1.7138653993606567	9.91592502593994	0.9821208715438844	17.396305084228516	5.1606221199035645	10.22618579864502	1.168331265449524	0.6223130822181702	0.1332077383995056	0.0952645912766456	0.0663500428199768	0.6083993911743164	0.1462547034025192	0.9457765221595764	0.0677282363176345	12.0	/mnt/bn/seed-aws-va/shwai.he/demystifying-transformers-main/focused-compression-analysis/outputs/layerwise_para_perp/Qwen3-4B__wanda_4_8_l23	17.396305084228516	5.1606221199035645	10.22618579864502	1.168331265449524	0.6223130822181702	0.1332077383995056	0.0952645912766456	0.0663500428199768	0.6083993911743164	0.1462547034025192	0.9457765221595764	0.0677282363176345
wanda_4_8	wanda_4_8_l23	23.0	block_out	23	-0.2475152611732483	0.0239338763058185	8.523520469665527	0.864314615726471	14.160466194152832	0.8209075331687927	34.502689361572266	2.367973804473877	16.54203987121582	0.9752178192138672	0.4805430471897125	0.0277483835816383	0.2475152611732483	0.0239338763058185	0.4114131927490234	0.0243749693036079	0.7338852286338806	0.0368660427629947	12.0	/mnt/bn/seed-aws-va/shwai.he/demystifying-transformers-main/focused-compression-analysis/outputs/layerwise_para_perp/Qwen3-4B__wanda_4_8_l23	34.502689361572266	2.367973804473877	16.54203987121582	0.9752178192138672	0.4805430471897125	0.0277483835816383	0.2475152611732483	0.0239338763058185	0.4114131927490234	0.0243749693036079	0.7338852286338806	0.0368660427629947
wanda_4_8	wanda_4_8_l23	23.0	mlp_out	23	-0.2965289056301117	0.0283172875642776	8.879669189453125	1.415130376815796	11.326451301574709	0.6505401730537415	29.80021095275879	2.622103691101074	14.418895721435549	1.2877360582351685	0.4845339059829712	0.0275792479515075	0.2965288758277893	0.0283175501972436	0.3820374011993408	0.0291525777429342	0.6229252815246582	0.0595750659704208	12.0	/mnt/bn/seed-aws-va/shwai.he/demystifying-transformers-main/focused-compression-analysis/outputs/layerwise_para_perp/Qwen3-4B__wanda_4_8_l23	29.80021095275879	2.622103691101074	14.418895721435549	1.2877360582351685	0.4845339059829712	0.0275792479515075	0.2965288758277893	0.0283175501972436	0.3820374011993408	0.0291525777429342	0.6229252815246582	0.0595750659704208
wanda_4_8	wanda_4_8_l24	24.0	attn_out	24	-0.1019070520997047	0.0960726961493492	1.7728737592697144	1.814784288406372	9.081097602844238	1.892484426498413	15.16714572906494	3.3803374767303467	9.410618782043455	1.981061935424805	0.6272391080856323	0.0710981786251068	0.1082344651222229	0.0888836979866027	0.6089785695075989	0.0895204097032547	0.9388177990913392	0.0976916402578353	12.0	/mnt/bn/seed-aws-va/shwai.he/demystifying-transformers-main/focused-compression-analysis/outputs/layerwise_para_perp/Qwen3-4B__wanda_4_8_l24	15.16714572906494	3.3803374767303467	9.410618782043455	1.981061935424805	0.6272391080856323	0.0710981786251068	0.1082344651222229	0.0888836979866027	0.6089785695075989	0.0895204097032547	0.9388177990913392	0.0976916402578353
wanda_4_8	wanda_4_8_l24	24.0	block_out	24	-0.2449289113283157	0.0313025265932083	8.893265724182129	1.3856619596481323	14.659847259521484	1.5913738012313845	36.29523849487305	3.210167646408081	17.21018409729004	1.5044490098953247	0.4755670726299286	0.0375117510557174	0.2449289113283157	0.0313024073839187	0.4056938588619232	0.044873584061861	0.7268397808074951	0.0721897035837173	12.0	/mnt/bn/seed-aws-va/shwai.he/demystifying-transformers-main/focused-compression-analysis/outputs/layerwise_para_perp/Qwen3-4B__wanda_4_8_l24	36.29523849487305	3.210167646408081	17.21018409729004	1.5044490098953247	0.4755670726299286	0.0375117510557174	0.2449289113283157	0.0313024073839187	0.4056938588619232	0.044873584061861	0.7268397808074951	0.0721897035837173
wanda_4_8	wanda_4_8_l24	24.0	mlp_out	24	-0.2770613431930542	0.0463298261165618	9.087780952453612	2.394663572311402	11.798989295959473	0.9451510906219482	32.281436920166016	3.753595352172851	14.993617057800291	1.9034422636032104	0.4642297327518463	0.0225628744810819	0.2770613133907318	0.0463299863040447	0.3685535192489624	0.0357376337051391	0.6352924704551697	0.1090879738330841	12.0	/mnt/bn/seed-aws-va/shwai.he/demystifying-transformers-main/focused-compression-analysis/outputs/layerwise_para_perp/Qwen3-4B__wanda_4_8_l24	32.281436920166016	3.753595352172851	14.993617057800291	1.9034422636032104	0.4642297327518463	0.0225628744810819	0.2770613133907318	0.0463299863040447	0.3685535192489624	0.0357376337051391	0.6352924704551697	0.1090879738330841
wanda_4_8	wanda_4_8_l25	25.0	attn_out	25	-0.1740024089813232	0.109010137617588	2.452777862548828	1.774233341217041	6.682982921600342	2.062754392623902	13.57285213470459	4.791080474853516	7.294332981109619	2.2077035903930664	0.5478079915046692	0.0570910722017288	0.1740024089813232	0.109010137617588	0.5053138136863708	0.0764912515878677	0.8602895140647888	0.160898670554161	12.0	/mnt/bn/seed-aws-va/shwai.he/demystifying-transformers-main/focused-compression-analysis/outputs/layerwise_para_perp/Qwen3-4B__wanda_4_8_l25	13.57285213470459	4.791080474853516	7.294332981109619	2.2077035903930664	0.5478079915046692	0.0570910722017288	0.1740024089813232	0.109010137617588	0.5053138136863708	0.0764912515878677	0.8602895140647888	0.160898670554161
wanda_4_8	wanda_4_8_l25	25.0	block_out	25	-0.254071444272995	0.0287080723792314	10.069212913513184	2.0830533504486084	14.802970886230469	1.805989146232605	39.40072250366211	5.512149333953857	17.952438354492188	2.4140560626983643	0.4563483893871307	0.0180993676185607	0.254071444272995	0.0287080723792314	0.3775118589401245	0.0262635629624128	0.6857445240020752	0.0691124945878982	12.0	/mnt/bn/seed-aws-va/shwai.he/demystifying-transformers-main/focused-compression-analysis/outputs/layerwise_para_perp/Qwen3-4B__wanda_4_8_l25	39.40072250366211	5.512149333953857	17.952438354492188	2.4140560626983643	0.4563483893871307	0.0180993676185607	0.254071444272995	0.0287080723792314	0.3775118589401245	0.0262635629624128	0.6857445240020752	0.0691124945878982
wanda_4_8	wanda_4_8_l25	25.0	mlp_out	25	-0.2628737390041351	0.0247500389814376	9.725897789001465	2.362034797668457	13.188584327697754	1.6978397369384766	36.58282852172851	6.259709358215332	16.418649673461914	2.724278211593628	0.4494905471801758	0.0187253635376691	0.2628737390041351	0.0247500389814376	0.3635074198246002	0.0232286695390939	0.655224084854126	0.0594789385795593	12.0	/mnt/bn/seed-aws-va/shwai.he/demystifying-transformers-main/focused-compression-analysis/outputs/layerwise_para_perp/Qwen3-4B__wanda_4_8_l25	36.58282852172851	6.259709358215332	16.418649673461914	2.724278211593628	0.4494905471801758	0.0187253635376691	0.2628737390041351	0.0247500389814376	0.3635074198246002	0.0232286695390939	0.655224084854126	0.0594789385795593
wanda_4_8	wanda_4_8_l26	26.0	attn_out	26	-0.0689419507980346	0.106576919555664	1.4428763389587402	1.4322916269302368	8.157617568969727	1.7590903043746948	13.742465019226074	4.162558078765869	8.403945922851562	1.774308443069458	0.6310358643531799	0.0827186480164527	0.0950960144400596	0.0840736627578735	0.6156471967697144	0.0995769053697586	0.9465706944465636	0.0863467752933502	12.0	/mnt/bn/seed-aws-va/shwai.he/demystifying-transformers-main/focused-compression-analysis/outputs/layerwise_para_perp/Qwen3-4B__wanda_4_8_l26	13.742465019226074	4.162558078765869	8.403945922851562	1.774308443069458	0.6310358643531799	0.0827186480164527	0.0950960144400596	0.0840736627578735	0.6156471967697144	0.0995769053697586	0.9465706944465636	0.0863467752933502
wanda_4_8	wanda_4_8_l26	26.0	block_out	26	-0.2590357363224029	0.0502321943640708	10.582304000854492	3.173632860183716	16.28276252746582	2.4098238945007324	40.0987434387207	4.964190483093262	19.502580642700195	3.5555672645568848	0.4832402765750885	0.0330287627875804	0.2590357363224029	0.0502321198582649	0.4054220616817474	0.0249447934329509	0.7089560031890869	0.0808463096618652	12.0	/mnt/bn/seed-aws-va/shwai.he/demystifying-transformers-main/focused-compression-analysis/outputs/layerwise_para_perp/Qwen3-4B__wanda_4_8_l26	40.0987434387207	4.964190483093262	19.502580642700195	3.5555672645568848	0.4832402765750885	0.0330287627875804	0.2590357363224029	0.0502321198582649	0.4054220616817474	0.0249447934329509	0.7089560031890869	0.0808463096618652
wanda_4_8	wanda_4_8_l26	26.0	mlp_out	26	-0.2832994163036346	0.044279396533966	10.778803825378418	3.27914047241211	13.965170860290527	2.6159744262695312	37.251007080078125	5.993751049041748	17.68068504333496	4.024684906005859	0.4698510468006134	0.0356595776975154	0.2832994163036346	0.0442793145775795	0.3735029697418213	0.0175475813448429	0.6374998092651367	0.064573235809803	12.0	/mnt/bn/seed-aws-va/shwai.he/demystifying-transformers-main/focused-compression-analysis/outputs/layerwise_para_perp/Qwen3-4B__wanda_4_8_l26	37.251007080078125	5.993751049041748	17.68068504333496	4.024684906005859	0.4698510468006134	0.0356595776975154	0.2832994163036346	0.0442793145775795	0.3735029697418213	0.0175475813448429	0.6374998092651367	0.064573235809803
wanda_4_8	wanda_4_8_l27	27.0	attn_out	27	-0.1158230006694793	0.1284731328487396	2.1083500385284424	2.0899481773376465	8.266613006591797	1.939082384109497	15.214396476745604	4.473259925842285	8.800506591796875	1.8603861331939695	0.5938447713851929	0.0782429724931716	0.1302980333566665	0.113766148686409	0.5626144409179688	0.1109877601265907	0.8978317379951477	0.169615551829338	12.0	/mnt/bn/seed-aws-va/shwai.he/demystifying-transformers-main/focused-compression-analysis/outputs/layerwise_para_perp/Qwen3-4B__wanda_4_8_l27	15.214396476745604	4.473259925842285	8.800506591796875	1.8603861331939695	0.5938447713851929	0.0782429724931716	0.1302980333566665	0.113766148686409	0.5626144409179688	0.1109877601265907	0.8978317379951477	0.169615551829338
wanda_4_8	wanda_4_8_l27	27.0	block_out	27	-0.2666263282299042	0.0382143445312976	11.757699012756348	2.5938735008239746	18.07755470275879	2.281818389892578	43.71475601196289	4.607255935668945	21.626768112182617	3.042896032333374	0.4937939941883087	0.0349197909235954	0.2666263282299042	0.0382143445312976	0.4138305485248565	0.0353023894131183	0.7039904594421387	0.0664464011788368	12.0	/mnt/bn/seed-aws-va/shwai.he/demystifying-transformers-main/focused-compression-analysis/outputs/layerwise_para_perp/Qwen3-4B__wanda_4_8_l27	43.71475601196289	4.607255935668945	21.626768112182617	3.042896032333374	0.4937939941883087	0.0349197909235954	0.2666263282299042	0.0382143445312976	0.4138305485248565	0.0353023894131183	0.7039904594421387	0.0664464011788368
wanda_4_8	wanda_4_8_l27	27.0	mlp_out	27	-0.2758070230484009	0.0306245684623718	11.39926528930664	2.9096713066101074	15.736583709716797	2.762028217315674	40.744171142578125	6.577503204345703	19.457426071166992	3.884183883666992	0.4753524959087372	0.0305980388075113	0.2758070230484009	0.0306248124688863	0.3863315284252167	0.0252349190413951	0.6622962951660156	0.0499015301465988	12.0	/mnt/bn/seed-aws-va/shwai.he/demystifying-transformers-main/focused-compression-analysis/outputs/layerwise_para_perp/Qwen3-4B__wanda_4_8_l27	40.744171142578125	6.577503204345703	19.457426071166992	3.884183883666992	0.4753524959087372	0.0305980388075113	0.2758070230484009	0.0306248124688863	0.3863315284252167	0.0252349190413951	0.6622962951660156	0.0499015301465988
wanda_4_8	wanda_4_8_l28	28.0	attn_out	28	-0.2091050893068313	0.0876360088586807	3.6990280151367183	2.0006394386291504	10.201712608337402	1.7343133687973022	17.34990119934082	2.729655504226685	10.97042465209961	2.101889133453369	0.6297993659973145	0.0353759676218032	0.2091051191091537	0.0876359865069389	0.5873436331748962	0.0390021800994873	0.8750893473625183	0.0992172583937645	12.0	/mnt/bn/seed-aws-va/shwai.he/demystifying-transformers-main/focused-compression-analysis/outputs/layerwise_para_perp/Qwen3-4B__wanda_4_8_l28	17.34990119934082	2.729655504226685	10.97042465209961	2.101889133453369	0.6297993659973145	0.0353759676218032	0.2091051191091537	0.0876359865069389	0.5873436331748962	0.0390021800994873	0.8750893473625183	0.0992172583937645
wanda_4_8	wanda_4_8_l28	28.0	block_out	28	-0.2659788727760315	0.0356880873441696	13.869709968566896	3.752650022506714	20.922922134399418	3.7218711376190186	51.33621597290039	8.466876029968262	25.14301109313965	5.089320659637451	0.4880888164043426	0.0401544533669948	0.2659788727760315	0.0356880873441696	0.4082245528697967	0.0343132689595222	0.7013781666755676	0.0528012998402118	12.0	/mnt/bn/seed-aws-va/shwai.he/demystifying-transformers-main/focused-compression-analysis/outputs/layerwise_para_perp/Qwen3-4B__wanda_4_8_l28	51.33621597290039	8.466876029968262	25.14301109313965	5.089320659637451	0.4880888164043426	0.0401544533669948	0.2659788727760315	0.0356880873441696	0.4082245528697967	0.0343132689595222	0.7013781666755676	0.0528012998402118
wanda_4_8	wanda_4_8_l28	28.0	mlp_out	28	-0.2627661526203155	0.0377354249358177	12.91164779663086	3.87945294380188	18.257558822631836	3.6764473915100098	48.13186264038086	8.781499862670898	22.400182723999023	5.181442737579346	0.4628270864486694	0.0429680570960044	0.2627661526203155	0.0377354249358177	0.3798961937427521	0.0355534888803958	0.6760964393615723	0.0577608048915863	12.0	/mnt/bn/seed-aws-va/shwai.he/demystifying-transformers-main/focused-compression-analysis/outputs/layerwise_para_perp/Qwen3-4B__wanda_4_8_l28	48.13186264038086	8.781499862670898	22.400182723999023	5.181442737579346	0.4628270864486694	0.0429680570960044	0.2627661526203155	0.0377354249358177	0.3798961937427521	0.0355534888803958	0.6760964393615723	0.0577608048915863
wanda_4_8	wanda_4_8_l29	29.0	attn_out	29	-0.0097720706835389	0.2871173918247223	3.683367967605591	2.3478503227233887	11.81076717376709	4.133207321166992	15.996867179870604	6.065427780151367	12.70881175994873	3.760761260986328	0.8517277240753174	0.3011291325092315	0.2497593313455581	0.1419582962989807	0.7957949042320251	0.3166977167129516	0.8575155138969421	0.1722293943166732	12.0	/mnt/bn/seed-aws-va/shwai.he/demystifying-transformers-main/focused-compression-analysis/outputs/layerwise_para_perp/Qwen3-4B__wanda_4_8_l29	15.996867179870604	6.065427780151367	12.70881175994873	3.760761260986328	0.8517277240753174	0.3011291325092315	0.2497593313455581	0.1419582962989807	0.7957949042320251	0.3166977167129516	0.8575155138969421	0.1722293943166732
wanda_4_8	wanda_4_8_l29	29.0	block_out	29	-0.2363055944442749	0.035656914114952	12.25400161743164	2.555266857147217	22.025434494018555	4.850043296813965	51.79378890991211	6.724797248840332	25.307355880737305	4.987025260925293	0.4871578514575958	0.0650800764560699	0.2363055944442749	0.035656914114952	0.423796147108078	0.069593571126461	0.7532363533973694	0.0732267200946807	12.0	/mnt/bn/seed-aws-va/shwai.he/demystifying-transformers-main/focused-compression-analysis/outputs/layerwise_para_perp/Qwen3-4B__wanda_4_8_l29	51.79378890991211	6.724797248840332	25.307355880737305	4.987025260925293	0.4871578514575958	0.0650800764560699	0.2363055944442749	0.035656914114952	0.423796147108078	0.069593571126461	0.7532363533973694	0.0732267200946807
wanda_4_8	wanda_4_8_l29	29.0	mlp_out	29	-0.254989743232727	0.0356188118457794	12.6227388381958	3.1271770000457764	17.924850463867188	3.815872430801392	48.9538459777832	7.520463466644287	21.94352912902832	4.843079090118408	0.4451217949390411	0.049520693719387	0.254989743232727	0.0356188118457794	0.3643204271793365	0.0395965315401554	0.6716907620429993	0.0422423258423805	12.0	/mnt/bn/seed-aws-va/shwai.he/demystifying-transformers-main/focused-compression-analysis/outputs/layerwise_para_perp/Qwen3-4B__wanda_4_8_l29	48.9538459777832	7.520463466644287	21.94352912902832	4.843079090118408	0.4451217949390411	0.049520693719387	0.254989743232727	0.0356188118457794	0.3643204271793365	0.0395965315401554	0.6716907620429993	0.0422423258423805
wanda_4_8	wanda_4_8_l3	3.0	attn_out	3	-0.180291399359703	0.020022414624691	0.634547770023346	0.1366693675518036	0.9359207153320312	0.1164197549223899	3.509312868118286	0.6009883284568787	1.133527755737305	0.161075472831726	0.3248878419399261	0.0195893384516239	0.1802913695573806	0.0200225077569484	0.2693170607089996	0.0223225187510252	0.6878609657287598	0.064659483730793	12.0	/mnt/bn/seed-aws-va/shwai.he/demystifying-transformers-main/focused-compression-analysis/outputs/layerwise_para_perp/Qwen3-4B__wanda_4_8_l3	3.509312868118286	0.6009883284568787	1.133527755737305	0.161075472831726	0.3248878419399261	0.0195893384516239	0.1802913695573806	0.0200225077569484	0.2693170607089996	0.0223225187510252	0.6878609657287598	0.064659483730793
wanda_4_8	wanda_4_8_l3	3.0	block_out	3	-0.264551967382431	0.0480255559086799	1.873633861541748	1.205652952194214	1.668716549873352	0.4093163013458252	7.176808834075928	4.843797206878662	2.55117130279541	1.1865003108978271	0.3839140236377716	0.0609566159546375	0.264551967382431	0.0480254776775836	0.2728293538093567	0.0661484226584434	0.5080645680427551	0.1479164808988571	12.0	/mnt/bn/seed-aws-va/shwai.he/demystifying-transformers-main/focused-compression-analysis/outputs/layerwise_para_perp/Qwen3-4B__wanda_4_8_l3	7.176808834075928	4.843797206878662	2.55117130279541	1.1865003108978271	0.3839140236377716	0.0609566159546375	0.264551967382431	0.0480254776775836	0.2728293538093567	0.0661484226584434	0.5080645680427551	0.1479164808988571
wanda_4_8	wanda_4_8_l3	3.0	mlp_out	3	-0.3105646967887878	0.0658123716711998	1.8163906335830688	1.2110871076583862	1.321976900100708	0.4255523085594177	6.195565700531006	5.021823406219482	2.2783918380737305	1.226236343383789	0.4108982980251312	0.0771339535713195	0.3105646967887878	0.0658123716711998	0.2628842294216156	0.0699804201722145	0.4160729348659515	0.1424753069877624	12.0	/mnt/bn/seed-aws-va/shwai.he/demystifying-transformers-main/focused-compression-analysis/outputs/layerwise_para_perp/Qwen3-4B__wanda_4_8_l3	6.195565700531006	5.021823406219482	2.2783918380737305	1.226236343383789	0.4108982980251312	0.0771339535713195	0.3105646967887878	0.0658123716711998	0.2628842294216156	0.0699804201722145	0.4160729348659515	0.1424753069877624
wanda_4_8	wanda_4_8_l30	30.0	attn_out	30	-0.2036294490098953	0.0976189002394676	5.657815456390381	3.523636817932129	13.10891342163086	2.958937406539917	27.031532287597656	7.105592250823975	14.55366039276123	3.6354870796203618	0.5414290428161621	0.0460439771413803	0.2036294341087341	0.0976189151406288	0.4910741746425628	0.0558319240808486	0.8267253041267395	0.1248835995793342	12.0	/mnt/bn/seed-aws-va/shwai.he/demystifying-transformers-main/focused-compression-analysis/outputs/layerwise_para_perp/Qwen3-4B__wanda_4_8_l30	27.031532287597656	7.105592250823975	14.55366039276123	3.6354870796203618	0.5414290428161621	0.0460439771413803	0.2036294341087341	0.0976189151406288	0.4910741746425628	0.0558319240808486	0.8267253041267395	0.1248835995793342
wanda_4_8	wanda_4_8_l30	30.0	block_out	30	-0.2689591348171234	0.0287512522190809	18.16200065612793	2.894375801086426	24.5821475982666	4.2745513916015625	67.50605773925781	7.348269939422607	30.596771240234375	4.962567329406738	0.4524315595626831	0.0445469692349433	0.2689591348171234	0.0287513807415962	0.3631947040557861	0.0400338508188724	0.6443540453910828	0.0460595078766346	12.0	/mnt/bn/seed-aws-va/shwai.he/demystifying-transformers-main/focused-compression-analysis/outputs/layerwise_para_perp/Qwen3-4B__wanda_4_8_l30	67.50605773925781	7.348269939422607	30.596771240234375	4.962567329406738	0.4524315595626831	0.0445469692349433	0.2689591348171234	0.0287513807415962	0.3631947040557861	0.0400338508188724	0.6443540453910828	0.0460595078766346
wanda_4_8	wanda_4_8_l30	30.0	mlp_out	30	-0.2835899591445923	0.0441217049956321	16.85904312133789	3.7862343788146977	20.40636825561523	3.9442641735076904	59.12934494018555	6.684651851654053	26.530885696411133	5.162567138671875	0.4463235139846802	0.0509910658001899	0.2835899889469147	0.0441215373575687	0.343351274728775	0.0393022820353508	0.595195472240448	0.066963329911232	12.0	/mnt/bn/seed-aws-va/shwai.he/demystifying-transformers-main/focused-compression-analysis/outputs/layerwise_para_perp/Qwen3-4B__wanda_4_8_l30	59.12934494018555	6.684651851654053	26.530885696411133	5.162567138671875	0.4463235139846802	0.0509910658001899	0.2835899889469147	0.0441215373575687	0.343351274728775	0.0393022820353508	0.595195472240448	0.066963329911232
wanda_4_8	wanda_4_8_l31	31.0	attn_out	31	-0.2223793864250183	0.0847229287028312	7.525121212005615	3.083232879638672	16.345827102661133	2.7734594345092773	33.54866409301758	5.896807670593262	18.287633895874023	2.564053773880005	0.5509652495384216	0.0599262043833732	0.2223793864250183	0.0847229063510894	0.493762344121933	0.0819880962371826	0.8062496185302734	0.1460495591163635	12.0	/mnt/bn/seed-aws-va/shwai.he/demystifying-transformers-main/focused-compression-analysis/outputs/layerwise_para_perp/Qwen3-4B__wanda_4_8_l31	33.54866409301758	5.896807670593262	18.287633895874023	2.564053773880005	0.5509652495384216	0.0599262043833732	0.2223793864250183	0.0847229063510894	0.493762344121933	0.0819880962371826	0.8062496185302734	0.1460495591163635
wanda_4_8	wanda_4_8_l31	31.0	block_out	31	-0.2565135657787323	0.0325496532022953	19.082250595092773	2.63739275932312	27.80790138244629	4.889476776123047	74.56813049316406	7.059042453765869	33.87803649902344	4.533565998077393	0.4532210826873779	0.0289682392030954	0.2565135657787323	0.0325496532022953	0.3710847795009613	0.041059922426939	0.6716811060905457	0.0933830738067627	12.0	/mnt/bn/seed-aws-va/shwai.he/demystifying-transformers-main/focused-compression-analysis/outputs/layerwise_para_perp/Qwen3-4B__wanda_4_8_l31	74.56813049316406	7.059042453765869	33.87803649902344	4.533565998077393	0.4532210826873779	0.0289682392030954	0.2565135657787323	0.0325496532022953	0.3710847795009613	0.041059922426939	0.6716811060905457	0.0933830738067627
wanda_4_8	wanda_4_8_l31	31.0	mlp_out	31	-0.2634448111057281	0.02531642280519	17.00821304321289	2.7359650135040283	22.72797203063965	4.920473575592041	64.48601531982422	7.852211475372315	28.469465255737305	5.198671340942383	0.4391283094882965	0.0360791608691215	0.2634448111057281	0.0253161285072565	0.3496544361114502	0.0428144112229347	0.6335392594337463	0.0769277364015579	12.0	/mnt/bn/seed-aws-va/shwai.he/demystifying-transformers-main/focused-compression-analysis/outputs/layerwise_para_perp/Qwen3-4B__wanda_4_8_l31	64.48601531982422	7.852211475372315	28.469465255737305	5.198671340942383	0.4391283094882965	0.0360791608691215	0.2634448111057281	0.0253161285072565	0.3496544361114502	0.0428144112229347	0.6335392594337463	0.0769277364015579
wanda_4_8	wanda_4_8_l32	32.0	attn_out	32	-0.2436795234680175	0.0767280161380767	12.480560302734377	4.786834716796875	20.121726989746097	4.315701007843018	50.74318313598633	11.684596061706545	24.086957931518555	4.691033840179443	0.4806820154190063	0.0329555943608284	0.2436795234680175	0.0767280161380767	0.4043249189853668	0.0582730732858181	0.7174450755119324	0.1649993360042572	12.0	/mnt/bn/seed-aws-va/shwai.he/demystifying-transformers-main/focused-compression-analysis/outputs/layerwise_para_perp/Qwen3-4B__wanda_4_8_l32	50.74318313598633	11.684596061706545	24.086957931518555	4.691033840179443	0.4806820154190063	0.0329555943608284	0.2436795234680175	0.0767280161380767	0.4043249189853668	0.0582730732858181	0.7174450755119324	0.1649993360042572
wanda_4_8	wanda_4_8_l32	32.0	block_out	32	-0.2396948933601379	0.0291677173227071	22.435142517089844	4.347717761993408	33.663822174072266	6.453853130340576	93.04443359375	10.82694149017334	40.55453109741211	7.243851661682129	0.4334155619144439	0.033759668469429	0.2396948933601379	0.0291677173227071	0.3597583770751953	0.0354720875620842	0.6897695064544678	0.0669840201735496	12.0	/mnt/bn/seed-aws-va/shwai.he/demystifying-transformers-main/focused-compression-analysis/outputs/layerwise_para_perp/Qwen3-4B__wanda_4_8_l32	93.04443359375	10.82694149017334	40.55453109741211	7.243851661682129	0.4334155619144439	0.033759668469429	0.2396948933601379	0.0291677173227071	0.3597583770751953	0.0354720875620842	0.6897695064544678	0.0669840201735496
wanda_4_8	wanda_4_8_l32	32.0	mlp_out	32	-0.2441878914833068	0.0301182363182306	18.751243591308594	4.5493879318237305	26.712949752807617	5.740996837615967	75.88117218017578	10.376106262207031	32.65256118774414	7.256521701812744	0.4259591996669769	0.0410468578338623	0.2441878914833068	0.0301182363182306	0.3487662971019745	0.030875464901328	0.6719529032707214	0.0293212793767452	12.0	/mnt/bn/seed-aws-va/shwai.he/demystifying-transformers-main/focused-compression-analysis/outputs/layerwise_para_perp/Qwen3-4B__wanda_4_8_l32	75.88117218017578	10.376106262207031	32.65256118774414	7.256521701812744	0.4259591996669769	0.0410468578338623	0.2441878914833068	0.0301182363182306	0.3487662971019745	0.030875464901328	0.6719529032707214	0.0293212793767452
wanda_4_8	wanda_4_8_l33	33.0	attn_out	33	-0.2271354049444198	0.1312988847494125	13.547935485839844	10.28281593322754	27.778688430786133	5.90047550201416	53.45046615600586	14.546245574951172	31.989784240722656	8.509272575378418	0.6013669967651367	0.0718667656183242	0.2271354049444198	0.1312988549470901	0.5357682108879089	0.1045447960495948	0.8032609820365906	0.1985358744859695	12.0	/mnt/bn/seed-aws-va/shwai.he/demystifying-transformers-main/focused-compression-analysis/outputs/layerwise_para_perp/Qwen3-4B__wanda_4_8_l33	53.45046615600586	14.546245574951172	31.989784240722656	8.509272575378418	0.6013669967651367	0.0718667656183242	0.2271354049444198	0.1312988549470901	0.5357682108879089	0.1045447960495948	0.8032609820365906	0.1985358744859695
wanda_4_8	wanda_4_8_l33	33.0	block_out	33	-0.2485215663909912	0.0355012193322181	31.18153953552246	7.265696525573731	45.72904586791992	7.539706230163574	124.4160385131836	18.083032608032227	55.46641159057617	9.825913429260254	0.4440770447254181	0.0300034824758768	0.2485215812921524	0.0355011150240898	0.3668670654296875	0.0221331343054771	0.6857481002807617	0.0599803887307643	12.0	/mnt/bn/seed-aws-va/shwai.he/demystifying-transformers-main/focused-compression-analysis/outputs/layerwise_para_perp/Qwen3-4B__wanda_4_8_l33	124.4160385131836	18.083032608032227	55.46641159057617	9.825913429260254	0.4440770447254181	0.0300034824758768	0.2485215812921524	0.0355011150240898	0.3668670654296875	0.0221331343054771	0.6857481002807617	0.0599803887307643
wanda_4_8	wanda_4_8_l33	33.0	mlp_out	33	-0.2397651672363281	0.0250494107604026	25.291494369506836	6.048050880432129	35.32767868041992	6.9592671394348145	104.89154815673828	19.515968322753903	43.49156188964844	9.01103401184082	0.41351118683815	0.0219176560640335	0.2397651672363281	0.0250494852662086	0.3363407552242279	0.0152306873351335	0.6635714173316956	0.0441378280520439	12.0	/mnt/bn/seed-aws-va/shwai.he/demystifying-transformers-main/focused-compression-analysis/outputs/layerwise_para_perp/Qwen3-4B__wanda_4_8_l33	104.89154815673828	19.515968322753903	43.49156188964844	9.01103401184082	0.41351118683815	0.0219176560640335	0.2397651672363281	0.0250494852662086	0.3363407552242279	0.0152306873351335	0.6635714173316956	0.0441378280520439
wanda_4_8	wanda_4_8_l34	34.0	attn_out	34	-0.2859284579753876	0.0367908850312233	30.34320068359375	5.648934364318848	35.19642639160156	6.335354804992676	106.57508087158205	16.721145629882812	46.574710845947266	7.895682334899902	0.4372123777866363	0.0263623837381601	0.2859284579753876	0.0367908850312233	0.3293564617633819	0.0162882693111896	0.5724220275878906	0.0685711428523063	12.0	/mnt/bn/seed-aws-va/shwai.he/demystifying-transformers-main/focused-compression-analysis/outputs/layerwise_para_perp/Qwen3-4B__wanda_4_8_l34	106.57508087158205	16.721145629882812	46.574710845947266	7.895682334899902	0.4372123777866363	0.0263623837381601	0.2859284579753876	0.0367908850312233	0.3293564617633819	0.0162882693111896	0.5724220275878906	0.0685711428523063
wanda_4_8	wanda_4_8_l34	34.0	block_out	34	-0.2859154939651489	0.0218499042093753	57.46834182739258	5.154426574707031	52.04386901855469	6.242202281951904	201.9527587890625	20.833885192871097	77.6677017211914	6.666072368621826	0.3858313262462616	0.018622824922204	0.2859154939651489	0.0218500737100839	0.2580315470695495	0.0201807748526334	0.4496093988418579	0.0595087446272373	12.0	/mnt/bn/seed-aws-va/shwai.he/demystifying-transformers-main/focused-compression-analysis/outputs/layerwise_para_perp/Qwen3-4B__wanda_4_8_l34	201.9527587890625	20.833885192871097	77.6677017211914	6.666072368621826	0.3858313262462616	0.018622824922204	0.2859154939651489	0.0218500737100839	0.2580315470695495	0.0201807748526334	0.4496093988418579	0.0595087446272373
wanda_4_8	wanda_4_8_l34	34.0	mlp_out	34	-0.2694930136203766	0.0164133515208959	39.5158805847168	4.4584808349609375	38.26906967163086	4.434899806976318	146.5600128173828	13.341517448425291	55.12125015258789	5.217369556427002	0.3762625753879547	0.0137300612404942	0.2694930136203766	0.0164135787636041	0.2614653408527374	0.0224059727042913	0.4842332303524017	0.0642437860369682	12.0	/mnt/bn/seed-aws-va/shwai.he/demystifying-transformers-main/focused-compression-analysis/outputs/layerwise_para_perp/Qwen3-4B__wanda_4_8_l34	146.5600128173828	13.341517448425291	55.12125015258789	5.217369556427002	0.3762625753879547	0.0137300612404942	0.2694930136203766	0.0164135787636041	0.2614653408527374	0.0224059727042913	0.4842332303524017	0.0642437860369682
wanda_4_8	wanda_4_8_l35	35.0	attn_out	35	-0.2900035977363586	0.0312386732548475	31.944780349731445	8.695049285888672	31.2105770111084	4.9665632247924805	108.55734252929688	18.180034637451172	44.92530822753906	8.749671936035156	0.4124785661697387	0.0292615033686161	0.2900035977363586	0.0312385540455579	0.2901251018047333	0.0417647287249565	0.4983657598495483	0.1008007377386093	12.0	/mnt/bn/seed-aws-va/shwai.he/demystifying-transformers-main/focused-compression-analysis/outputs/layerwise_para_perp/Qwen3-4B__wanda_4_8_l35	108.55734252929688	18.180034637451172	44.92530822753906	8.749671936035156	0.4124785661697387	0.0292615033686161	0.2900035977363586	0.0312385540455579	0.2901251018047333	0.0417647287249565	0.4983657598495483	0.1008007377386093
wanda_4_8	wanda_4_8_l35	35.0	block_out	35	-0.7112174034118652	0.0380561910569667	359.0425109863281	40.4788703918457	215.65362548828125	21.080482482910156	503.9115905761719	39.6121826171875	419.1230163574219	42.85823440551758	0.8306839466094971	0.0361921489238739	0.7112174034118652	0.0380561910569667	0.4281124174594879	0.0280533414334058	0.2669263780117035	0.0315714031457901	12.0	/mnt/bn/seed-aws-va/shwai.he/demystifying-transformers-main/focused-compression-analysis/outputs/layerwise_para_perp/Qwen3-4B__wanda_4_8_l35	503.9115905761719	39.6121826171875	419.1230163574219	42.85823440551758	0.8306839466094971	0.0361921489238739	0.7112174034118652	0.0380561910569667	0.4281124174594879	0.0280533414334058	0.2669263780117035	0.0315714031457901
wanda_4_8	wanda_4_8_l35	35.0	mlp_out	35	-0.1126664355397224	0.013199302367866	34.670318603515625	5.653000831604004	39.498104095458984	7.240286827087402	306.6493225097656	29.164939880371097	53.11320114135742	5.049437999725342	0.1743465811014175	0.0192515365779399	0.1126664355397224	0.0131992669776082	0.1304701417684555	0.0296133439987897	0.5567987561225891	0.1389090418815612	12.0	/mnt/bn/seed-aws-va/shwai.he/demystifying-transformers-main/focused-compression-analysis/outputs/layerwise_para_perp/Qwen3-4B__wanda_4_8_l35	306.6493225097656	29.164939880371097	53.11320114135742	5.049437999725342	0.1743465811014175	0.0192515365779399	0.1126664355397224	0.0131992669776082	0.1304701417684555	0.0296133439987897	0.5567987561225891	0.1389090418815612
wanda_4_8	wanda_4_8_l4	4.0	attn_out	4	-0.234499916434288	0.0244535505771636	0.7654744982719421	0.2403414100408554	1.1004019975662231	0.2441606372594833	3.258254289627075	0.958751618862152	1.3449949026107788	0.3243499994277954	0.4192951619625091	0.032833281904459	0.234499916434288	0.0244535505771636	0.3458374440670013	0.0411673858761787	0.6792157292366028	0.0779129937291145	12.0	/mnt/bn/seed-aws-va/shwai.he/demystifying-transformers-main/focused-compression-analysis/outputs/layerwise_para_perp/Qwen3-4B__wanda_4_8_l4	3.258254289627075	0.958751618862152	1.3449949026107788	0.3243499994277954	0.4192951619625091	0.032833281904459	0.234499916434288	0.0244535505771636	0.3458374440670013	0.0411673858761787	0.6792157292366028	0.0779129937291145
wanda_4_8	wanda_4_8_l4	4.0	block_out	4	-0.2643479406833648	0.03205107152462	2.461202383041382	0.5322265625	2.4143879413604736	0.7485655546188354	9.3059663772583	1.5761706829071045	3.460252523422241	0.8700881600379944	0.3698872327804565	0.0493195801973342	0.2643478810787201	0.0320516526699066	0.2569184005260467	0.0483200326561927	0.4807334840297699	0.0834931507706642	12.0	/mnt/bn/seed-aws-va/shwai.he/demystifying-transformers-main/focused-compression-analysis/outputs/layerwise_para_perp/Qwen3-4B__wanda_4_8_l4	9.3059663772583	1.5761706829071045	3.460252523422241	0.8700881600379944	0.3698872327804565	0.0493195801973342	0.2643478810787201	0.0320516526699066	0.2569184005260467	0.0483200326561927	0.4807334840297699	0.0834931507706642
wanda_4_8	wanda_4_8_l4	4.0	mlp_out	4	-0.2585306465625763	0.0342390350997448	2.2732317447662354	0.6214936375617981	2.21752405166626	0.7534032464027405	8.74682903289795	1.7499237060546875	3.187040090560913	0.9389581084251404	0.3616996705532074	0.0549040995538234	0.2585306167602539	0.034239362925291	0.2511993944644928	0.052245307713747	0.4792795181274414	0.084705539047718	12.0	/mnt/bn/seed-aws-va/shwai.he/demystifying-transformers-main/focused-compression-analysis/outputs/layerwise_para_perp/Qwen3-4B__wanda_4_8_l4	8.74682903289795	1.7499237060546875	3.187040090560913	0.9389581084251404	0.3616996705532074	0.0549040995538234	0.2585306167602539	0.034239362925291	0.2511993944644928	0.052245307713747	0.4792795181274414	0.084705539047718
wanda_4_8	wanda_4_8_l5	5.0	attn_out	5	-0.1944736987352371	0.0257226079702377	1.0080411434173584	0.2770848870277405	1.4774891138076782	0.2022333443164825	5.110348224639893	0.6731980443000793	1.7936135530471802	0.3158243596553802	0.3495666980743408	0.0199983064085245	0.1944736987352371	0.0257226079702377	0.2894280850887298	0.0186148229986429	0.6881725192070007	0.063390351831913	12.0	/mnt/bn/seed-aws-va/shwai.he/demystifying-transformers-main/focused-compression-analysis/outputs/layerwise_para_perp/Qwen3-4B__wanda_4_8_l5	5.110348224639893	0.6731980443000793	1.7936135530471802	0.3158243596553802	0.3495666980743408	0.0199983064085245	0.1944736987352371	0.0257226079702377	0.2894280850887298	0.0186148229986429	0.6881725192070007	0.063390351831913
wanda_4_8	wanda_4_8_l5	5.0	block_out	5	-0.2158244997262954	0.0367749854922294	2.61050796508789	1.3879554271697998	3.1363680362701416	1.2843300104141235	11.57024097442627	3.96524977684021	4.091119289398193	1.8682132959365845	0.3436191082000732	0.0402936525642871	0.2158244997262954	0.0367750860750675	0.2664966583251953	0.0272872895002365	0.6064311861991882	0.0590060651302337	12.0	/mnt/bn/seed-aws-va/shwai.he/demystifying-transformers-main/focused-compression-analysis/outputs/layerwise_para_perp/Qwen3-4B__wanda_4_8_l5	11.57024097442627	3.96524977684021	4.091119289398193	1.8682132959365845	0.3436191082000732	0.0402936525642871	0.2158244997262954	0.0367750860750675	0.2664966583251953	0.0272872895002365	0.6064311861991882	0.0590060651302337
wanda_4_8	wanda_4_8_l5	5.0	mlp_out	5	-0.2359774559736251	0.0364734977483749	2.4841229915618896	1.3685380220413208	2.828700304031372	1.309830665588379	10.169266700744627	4.168041229248047	3.774902582168579	1.8737854957580569	0.3623974025249481	0.0432065092027187	0.2359774112701416	0.0364739075303077	0.2739838361740112	0.0334044694900512	0.5747912526130676	0.064655564725399	12.0	/mnt/bn/seed-aws-va/shwai.he/demystifying-transformers-main/focused-compression-analysis/outputs/layerwise_para_perp/Qwen3-4B__wanda_4_8_l5	10.169266700744627	4.168041229248047	3.774902582168579	1.8737854957580569	0.3623974025249481	0.0432065092027187	0.2359774112701416	0.0364739075303077	0.2739838361740112	0.0334044694900512	0.5747912526130676	0.064655564725399
wanda_4_8	wanda_4_8_l6	6.0	attn_out	6	-0.1848762780427932	0.0238704439252614	1.3171331882476809	0.3185020089149475	2.1282191276550293	0.1456453800201416	7.0615553855896	0.9513904452323914	2.5154688358306885	0.2433728128671646	0.3582904040813446	0.0258509647101163	0.1848762780427932	0.0238704439252614	0.305134505033493	0.0344117060303688	0.7248939871788025	0.086600087583065	12.0	/mnt/bn/seed-aws-va/shwai.he/demystifying-transformers-main/focused-compression-analysis/outputs/layerwise_para_perp/Qwen3-4B__wanda_4_8_l6	7.0615553855896	0.9513904452323914	2.5154688358306885	0.2433728128671646	0.3582904040813446	0.0258509647101163	0.1848762780427932	0.0238704439252614	0.305134505033493	0.0344117060303688	0.7248939871788025	0.086600087583065
wanda_4_8	wanda_4_8_l6	6.0	block_out	6	-0.2277928590774536	0.0273137614130973	2.813926935195923	0.753463089466095	3.8519747257232666	0.9917399883270264	12.216097831726074	2.1704835891723633	4.775350093841553	1.2260429859161377	0.386872798204422	0.0337859205901622	0.2277928590774536	0.0273137614130973	0.3121583759784698	0.0270846206694841	0.6529262661933899	0.0462009944021701	12.0	/mnt/bn/seed-aws-va/shwai.he/demystifying-transformers-main/focused-compression-analysis/outputs/layerwise_para_perp/Qwen3-4B__wanda_4_8_l6	12.216097831726074	2.1704835891723633	4.775350093841553	1.2260429859161377	0.386872798204422	0.0337859205901622	0.2277928590774536	0.0273137614130973	0.3121583759784698	0.0270846206694841	0.6529262661933899	0.0462009944021701
wanda_4_8	wanda_4_8_l6	6.0	mlp_out	6	-0.2634937763214111	0.0255573373287916	2.755523681640625	0.7645561099052429	3.3908064365386963	1.0643088817596436	10.402653694152832	2.5103909969329834	4.374234676361084	1.293773174285889	0.4162491261959076	0.0278033725917339	0.2634937763214111	0.0255573373287916	0.3216112852096557	0.0228119660168886	0.5986753702163696	0.0469559915363788	12.0	/mnt/bn/seed-aws-va/shwai.he/demystifying-transformers-main/focused-compression-analysis/outputs/layerwise_para_perp/Qwen3-4B__wanda_4_8_l6	10.402653694152832	2.5103909969329834	4.374234676361084	1.293773174285889	0.4162491261959076	0.0278033725917339	0.2634937763214111	0.0255573373287916	0.3216112852096557	0.0228119660168886	0.5986753702163696	0.0469559915363788
wanda_4_8	wanda_4_8_l7	7.0	attn_out	7	-0.1992323398590088	0.0355930738151073	1.2036123275756836	0.2645993232727051	2.339261293411255	0.4396982789039612	6.1397786140441895	1.432727336883545	2.6391513347625732	0.4680333137512207	0.434893935918808	0.0252446606755256	0.1992323398590088	0.0355930216610431	0.3850566446781158	0.0232587996870279	0.7865324020385742	0.0653394386172294	12.0	/mnt/bn/seed-aws-va/shwai.he/demystifying-transformers-main/focused-compression-analysis/outputs/layerwise_para_perp/Qwen3-4B__wanda_4_8_l7	6.1397786140441895	1.432727336883545	2.6391513347625732	0.4680333137512207	0.434893935918808	0.0252446606755256	0.1992323398590088	0.0355930216610431	0.3850566446781158	0.0232587996870279	0.7865324020385742	0.0653394386172294
wanda_4_8	wanda_4_8_l7	7.0	block_out	7	-0.2795707881450653	0.0387504510581493	3.4111859798431396	1.2010269165039062	4.365620136260986	1.22571861743927	12.126053810119627	3.690196990966797	5.557245254516602	1.6603314876556396	0.4591991603374481	0.0202375501394271	0.2795707881450653	0.0387504510581493	0.3624345958232879	0.0159113388508558	0.6276983618736267	0.0763475373387336	12.0	/mnt/bn/seed-aws-va/shwai.he/demystifying-transformers-main/focused-compression-analysis/outputs/layerwise_para_perp/Qwen3-4B__wanda_4_8_l7	12.126053810119627	3.690196990966797	5.557245254516602	1.6603314876556396	0.4591991603374481	0.0202375501394271	0.2795707881450653	0.0387504510581493	0.3624345958232879	0.0159113388508558	0.6276983618736267	0.0763475373387336
wanda_4_8	wanda_4_8_l7	7.0	mlp_out	7	-0.3138554692268371	0.0432222858071327	3.4086196422576904	1.3194725513458252	3.913043975830078	1.2284600734710691	10.795517921447754	3.672422409057617	5.210711479187012	1.7404628992080688	0.4839348793029785	0.0198494736105203	0.3138554692268371	0.0432222001254558	0.3658330738544464	0.0194854196161031	0.5774757266044617	0.0866019800305366	12.0	/mnt/bn/seed-aws-va/shwai.he/demystifying-transformers-main/focused-compression-analysis/outputs/layerwise_para_perp/Qwen3-4B__wanda_4_8_l7	10.795517921447754	3.672422409057617	5.210711479187012	1.7404628992080688	0.4839348793029785	0.0198494736105203	0.3138554692268371	0.0432222001254558	0.3658330738544464	0.0194854196161031	0.5774757266044617	0.0866019800305366
wanda_4_8	wanda_4_8_l8	8.0	attn_out	8	-0.2128716707229614	0.0483608394861221	1.8327609300613403	0.4371360838413238	3.079155683517456	0.4340488016605377	8.661674499511719	1.2960864305496216	3.599869728088379	0.5105246305465698	0.4168155193328857	0.0313848927617073	0.2128716707229614	0.0483608767390251	0.3561069071292877	0.0159660317003726	0.7376441359519958	0.0840095654129982	12.0	/mnt/bn/seed-aws-va/shwai.he/demystifying-transformers-main/focused-compression-analysis/outputs/layerwise_para_perp/Qwen3-4B__wanda_4_8_l8	8.661674499511719	1.2960864305496216	3.599869728088379	0.5105246305465698	0.4168155193328857	0.0313848927617073	0.2128716707229614	0.0483608767390251	0.3561069071292877	0.0159660317003726	0.7376441359519958	0.0840095654129982
wanda_4_8	wanda_4_8_l8	8.0	block_out	8	-0.2688133120536804	0.0302044488489627	4.396156311035156	0.7778318524360657	6.021910190582275	1.3199093341827393	16.51900291442871	3.35119366645813	7.478139877319336	1.4192259311676023	0.4538781642913818	0.0183060709387063	0.2688133120536804	0.0302044488489627	0.3642713725566864	0.0217703077942132	0.646541178226471	0.0680631473660469	12.0	/mnt/bn/seed-aws-va/shwai.he/demystifying-transformers-main/focused-compression-analysis/outputs/layerwise_para_perp/Qwen3-4B__wanda_4_8_l8	16.51900291442871	3.35119366645813	7.478139877319336	1.4192259311676023	0.4538781642913818	0.0183060709387063	0.2688133120536804	0.0302044488489627	0.3642713725566864	0.0217703077942132	0.646541178226471	0.0680631473660469
wanda_4_8	wanda_4_8_l8	8.0	mlp_out	8	-0.2948722541332245	0.0412590429186821	4.30378532409668	0.7236308455467224	5.486816883087158	1.4020662307739258	14.937820434570312	3.609757661819458	7.004438877105713	1.4335259199142456	0.4727339446544647	0.0263507924973964	0.2948722541332245	0.0412589535117149	0.3672737181186676	0.0250960644334554	0.6082957983016968	0.0826267227530479	12.0	/mnt/bn/seed-aws-va/shwai.he/demystifying-transformers-main/focused-compression-analysis/outputs/layerwise_para_perp/Qwen3-4B__wanda_4_8_l8	14.937820434570312	3.609757661819458	7.004438877105713	1.4335259199142456	0.4727339446544647	0.0263507924973964	0.2948722541332245	0.0412589535117149	0.3672737181186676	0.0250960644334554	0.6082957983016968	0.0826267227530479
wanda_4_8	wanda_4_8_l9	9.0	attn_out	9	-0.2091366797685623	0.021179286763072	1.6482700109481812	0.3054631352424621	3.2329330444335938	0.3946569263935089	7.911172389984131	1.3670480251312256	3.633303642272949	0.4656360149383545	0.4630526602268219	0.0264931954443454	0.2091366648674011	0.021179374307394	0.4124989211559295	0.0278852526098489	0.7935976386070251	0.0406470298767089	12.0	/mnt/bn/seed-aws-va/shwai.he/demystifying-transformers-main/focused-compression-analysis/outputs/layerwise_para_perp/Qwen3-4B__wanda_4_8_l9	7.911172389984131	1.3670480251312256	3.633303642272949	0.4656360149383545	0.4630526602268219	0.0264931954443454	0.2091366648674011	0.021179374307394	0.4124989211559295	0.0278852526098489	0.7935976386070251	0.0406470298767089
wanda_4_8	wanda_4_8_l9	9.0	block_out	9	-0.2301955968141555	0.0225194916129112	3.7490406036376953	1.1536126136779783	6.171579360961914	1.547937512397766	16.35334014892578	5.08793830871582	7.228511810302734	1.9024330377578735	0.4466972351074219	0.0207526702433824	0.2301955968141555	0.0225194916129112	0.3822898864746094	0.01806640625	0.7334207892417908	0.0394987538456916	12.0	/mnt/bn/seed-aws-va/shwai.he/demystifying-transformers-main/focused-compression-analysis/outputs/layerwise_para_perp/Qwen3-4B__wanda_4_8_l9	16.35334014892578	5.08793830871582	7.228511810302734	1.9024330377578735	0.4466972351074219	0.0207526702433824	0.2301955968141555	0.0225194916129112	0.3822898864746094	0.01806640625	0.7334207892417908	0.0394987538456916
wanda_4_8	wanda_4_8_l9	9.0	mlp_out	9	-0.2430484294891357	0.0212177727371454	3.751861810684204	1.0871543884277344	5.899160385131836	1.5393016338348389	15.593493461608888	5.000027656555176	6.9970574378967285	1.8625502586364744	0.4542404413223266	0.0222513116896152	0.2430484294891357	0.0212177727371454	0.3833373486995697	0.0189543403685092	0.7130370140075684	0.0355113446712493	12.0	/mnt/bn/seed-aws-va/shwai.he/demystifying-transformers-main/focused-compression-analysis/outputs/layerwise_para_perp/Qwen3-4B__wanda_4_8_l9	15.593493461608888	5.000027656555176	6.9970574378967285	1.8625502586364744	0.4542404413223266	0.0222513116896152	0.2430484294891357	0.0212177727371454	0.3833373486995697	0.0189543403685092	0.7130370140075684	0.0355113446712493
wanda_unstructured	wanda_unstructured_l0	0.0	attn_out	0	-0.0768634676933288	0.0066460389643907	0.295659989118576	0.0436219945549964	0.3844065964221954	0.0464552529156208	3.8522732257843018	0.5188212990760803	0.4881949424743652	0.0301649551838636	0.1296925544738769	0.0233224984258413	0.0768634676933288	0.0066460743546485	0.1032896041870117	0.0272616278380155	0.6219710111618042	0.1053171828389167	12.0	/mnt/bn/seed-aws-va/shwai.he/demystifying-transformers-main/focused-compression-analysis/outputs/layerwise_para_perp/Qwen3-4B__wanda_unstructured_l0	3.8522732257843018	0.5188212990760803	0.4881949424743652	0.0301649551838636	0.1296925544738769	0.0233224984258413	0.0768634676933288	0.0066460743546485	0.1032896041870117	0.0272616278380155	0.6219710111618042	0.1053171828389167
wanda_unstructured	wanda_unstructured_l0	0.0	block_out	0	-0.1187436953186988	0.0175712890923023	0.9416643977165222	0.2825680673122406	0.9038811326026917	0.4762525856494903	7.808135509490967	1.257848858833313	1.3135510683059692	0.5338327884674072	0.1632653176784515	0.0364221632480621	0.1187437176704406	0.0175711829215288	0.1106659099459648	0.0364194922149181	0.4477675855159759	0.10193382948637	12.0	/mnt/bn/seed-aws-va/shwai.he/demystifying-transformers-main/focused-compression-analysis/outputs/layerwise_para_perp/Qwen3-4B__wanda_unstructured_l0	7.808135509490967	1.257848858833313	1.3135510683059692	0.5338327884674072	0.1632653176784515	0.0364221632480621	0.1187437176704406	0.0175711829215288	0.1106659099459648	0.0364194922149181	0.4477675855159759	0.10193382948637
wanda_unstructured	wanda_unstructured_l0	0.0	mlp_out	0	-0.1590860337018966	0.0166478920727968	0.7917966246604919	0.3342903852462768	0.7749569416046143	0.4734299778938293	4.924187183380127	1.8690681457519531	1.1156668663024902	0.5645112991333008	0.2191009074449539	0.02521837875247	0.1590860337018966	0.0166478920727968	0.1486231535673141	0.0310936532914638	0.4602498114109039	0.1092087998986244	12.0	/mnt/bn/seed-aws-va/shwai.he/demystifying-transformers-main/focused-compression-analysis/outputs/layerwise_para_perp/Qwen3-4B__wanda_unstructured_l0	4.924187183380127	1.8690681457519531	1.1156668663024902	0.5645112991333008	0.2191009074449539	0.02521837875247	0.1590860337018966	0.0166478920727968	0.1486231535673141	0.0310936532914638	0.4602498114109039	0.1092087998986244
wanda_unstructured	wanda_unstructured_l1	1.0	attn_out	1	-0.1001062467694282	0.0180676952004432	0.2546724379062652	0.0362216793000698	0.4830685555934906	0.0445242151618003	2.587146520614624	0.3294939696788788	0.5467322468757629	0.0509072728455066	0.2136658877134323	0.0254666581749916	0.1001062467694282	0.0180676952004432	0.1885010451078415	0.0205259695649147	0.7815105319023132	0.0400427840650081	12.0	/mnt/bn/seed-aws-va/shwai.he/demystifying-transformers-main/focused-compression-analysis/outputs/layerwise_para_perp/Qwen3-4B__wanda_unstructured_l1	2.587146520614624	0.3294939696788788	0.5467322468757629	0.0509072728455066	0.2136658877134323	0.0254666581749916	0.1001062467694282	0.0180676952004432	0.1885010451078415	0.0205259695649147	0.7815105319023132	0.0400427840650081
wanda_unstructured	wanda_unstructured_l1	1.0	block_out	1	-0.1301555335521698	0.0169205591082572	0.4440038204193115	0.1465071141719818	0.6239925026893616	0.1663731038570404	3.4068033695220947	0.914424479007721	0.7675280570983887	0.2157569229602813	0.2253950089216232	0.0156191578134894	0.1301555335521698	0.0169205032289028	0.1834755092859268	0.0125233670696616	0.66524738073349	0.0585901886224746	12.0	/mnt/bn/seed-aws-va/shwai.he/demystifying-transformers-main/focused-compression-analysis/outputs/layerwise_para_perp/Qwen3-4B__wanda_unstructured_l1	3.4068033695220947	0.914424479007721	0.7675280570983887	0.2157569229602813	0.2253950089216232	0.0156191578134894	0.1301555335521698	0.0169205032289028	0.1834755092859268	0.0125233670696616	0.66524738073349	0.0585901886224746
wanda_unstructured	wanda_unstructured_l1	1.0	mlp_out	1	-0.17230224609375	0.0267870984971523	0.3714818060398102	0.1796236783266067	0.3690201342105865	0.1983837485313415	2.155550956726074	0.9247154593467712	0.5288348197937012	0.2571557760238647	0.2425889521837234	0.0198340788483619	0.17230224609375	0.0267870984971523	0.1674497723579406	0.0282444767653942	0.4836740493774414	0.1348423957824707	12.0	/mnt/bn/seed-aws-va/shwai.he/demystifying-transformers-main/focused-compression-analysis/outputs/layerwise_para_perp/Qwen3-4B__wanda_unstructured_l1	2.155550956726074	0.9247154593467712	0.5288348197937012	0.2571557760238647	0.2425889521837234	0.0198340788483619	0.17230224609375	0.0267870984971523	0.1674497723579406	0.0282444767653942	0.4836740493774414	0.1348423957824707
wanda_unstructured	wanda_unstructured_l10	10.0	attn_out	10	-0.143743947148323	0.0187769681215286	1.3856033086776731	0.2632777988910675	2.9697206020355225	0.4378170371055603	9.636845588684082	1.359122395515442	3.283182382583618	0.469946801662445	0.3407615125179291	0.0094677312299609	0.1437439620494842	0.0187768675386905	0.3082619607448578	0.0129503887146711	0.8189863562583923	0.0480417646467685	12.0	/mnt/bn/seed-aws-va/shwai.he/demystifying-transformers-main/focused-compression-analysis/outputs/layerwise_para_perp/Qwen3-4B__wanda_unstructured_l10	9.636845588684082	1.359122395515442	3.283182382583618	0.469946801662445	0.3407615125179291	0.0094677312299609	0.1437439620494842	0.0187768675386905	0.3082619607448578	0.0129503887146711	0.8189863562583923	0.0480417646467685
wanda_unstructured	wanda_unstructured_l10	10.0	block_out	10	-0.1688923835754394	0.0193002391606569	2.7622601985931396	0.5539218783378601	5.32748556137085	0.966162383556366	16.548221588134766	3.941051959991455	6.006998062133789	1.080950140953064	0.367451548576355	0.0230596605688333	0.1688923835754394	0.0193002875894308	0.3259363174438476	0.0205121710896492	0.7876550555229187	0.0359741039574146	12.0	/mnt/bn/seed-aws-va/shwai.he/demystifying-transformers-main/focused-compression-analysis/outputs/layerwise_para_perp/Qwen3-4B__wanda_unstructured_l10	16.548221588134766	3.941051959991455	6.006998062133789	1.080950140953064	0.367451548576355	0.0230596605688333	0.1688923835754394	0.0193002875894308	0.3259363174438476	0.0205121710896492	0.7876550555229187	0.0359741039574146
wanda_unstructured	wanda_unstructured_l10	10.0	mlp_out	10	-0.1901714205741882	0.0262184888124465	2.8308773040771484	0.4896854758262634	5.116942882537842	0.944195032119751	15.17504596710205	3.5631487369537354	5.855886936187744	1.01826012134552	0.3909501135349273	0.0272473953664302	0.1901714205741882	0.0262184888124465	0.3410133421421051	0.0210170205682516	0.7629578709602356	0.0430844239890575	12.0	/mnt/bn/seed-aws-va/shwai.he/demystifying-transformers-main/focused-compression-analysis/outputs/layerwise_para_perp/Qwen3-4B__wanda_unstructured_l10	15.17504596710205	3.5631487369537354	5.855886936187744	1.01826012134552	0.3909501135349273	0.0272473953664302	0.1901714205741882	0.0262184888124465	0.3410133421421051	0.0210170205682516	0.7629578709602356	0.0430844239890575
wanda_unstructured	wanda_unstructured_l11	11.0	attn_out	11	-0.1510739028453827	0.0221720654517412	1.323696255683899	0.3129745721817016	2.6013429164886475	0.2258890569210052	8.743943214416504	1.401208996772766	2.9274532794952393	0.3132939636707306	0.3382132947444916	0.0267954766750335	0.1510739028453827	0.0221720226109027	0.3015452921390533	0.0293555632233619	0.7947206497192383	0.059425052255392	12.0	/mnt/bn/seed-aws-va/shwai.he/demystifying-transformers-main/focused-compression-analysis/outputs/layerwise_para_perp/Qwen3-4B__wanda_unstructured_l11	8.743943214416504	1.401208996772766	2.9274532794952393	0.3132939636707306	0.3382132947444916	0.0267954766750335	0.1510739028453827	0.0221720226109027	0.3015452921390533	0.0293555632233619	0.7947206497192383	0.059425052255392
wanda_unstructured	wanda_unstructured_l11	11.0	block_out	11	-0.1546741276979446	0.0076984181068837	2.397812843322754	0.4584469497203827	5.2015485763549805	1.2776654958724976	15.577537536621094	3.3646488189697266	5.730693817138672	1.3443843126296997	0.3673646748065948	0.0189208984375	0.1546741276979446	0.0076985391788184	0.3329987823963165	0.0210538562387228	0.8209417462348938	0.025280050933361	12.0	/mnt/bn/seed-aws-va/shwai.he/demystifying-transformers-main/focused-compression-analysis/outputs/layerwise_para_perp/Qwen3-4B__wanda_unstructured_l11	15.577537536621094	3.3646488189697266	5.730693817138672	1.3443843126296997	0.3673646748065948	0.0189208984375	0.1546741276979446	0.0076985391788184	0.3329987823963165	0.0210538562387228	0.8209417462348938	0.025280050933361
wanda_unstructured	wanda_unstructured_l11	11.0	mlp_out	11	-0.1672455668449401	0.0130251087248325	2.382643461227417	0.4049791991710663	4.955860614776611	1.2651313543319702	14.45043659210205	3.51187515258789	5.502918243408203	1.3114895820617676	0.381378561258316	0.013809060677886	0.1672455668449401	0.0130251087248325	0.3424883186817169	0.0141888037323951	0.8065819144248962	0.0275932922959327	12.0	/mnt/bn/seed-aws-va/shwai.he/demystifying-transformers-main/focused-compression-analysis/outputs/layerwise_para_perp/Qwen3-4B__wanda_unstructured_l11	14.45043659210205	3.51187515258789	5.502918243408203	1.3114895820617676	0.381378561258316	0.013809060677886	0.1672455668449401	0.0130251087248325	0.3424883186817169	0.0141888037323951	0.8065819144248962	0.0275932922959327
wanda_unstructured	wanda_unstructured_l12	12.0	attn_out	12	-0.1316576600074768	0.0188853275030851	1.376800537109375	0.268357515335083	2.742584228515625	0.1799487024545669	10.3915376663208	0.7736988663673401	3.074538230895996	0.2626008987426758	0.2959471642971039	0.014837946742773	0.1316576451063156	0.0188854746520519	0.2644318342208862	0.0137950256466865	0.7996892333030701	0.0492674335837364	12.0	/mnt/bn/seed-aws-va/shwai.he/demystifying-transformers-main/focused-compression-analysis/outputs/layerwise_para_perp/Qwen3-4B__wanda_unstructured_l12	10.3915376663208	0.7736988663673401	3.074538230895996	0.2626008987426758	0.2959471642971039	0.014837946742773	0.1316576451063156	0.0188854746520519	0.2644318342208862	0.0137950256466865	0.7996892333030701	0.0492674335837364
wanda_unstructured	wanda_unstructured_l12	12.0	block_out	12	-0.1561265885829925	0.0118233459070324	2.5149524211883545	0.3958350121974945	5.143739223480225	0.9407526254653932	16.199983596801758	2.913947343826294	5.729538440704346	0.9985646605491638	0.3541686832904815	0.0131093515083193	0.1561265885829925	0.0118233459070324	0.3176682889461517	0.0133732473477721	0.8046147227287292	0.0269418880343437	12.0	/mnt/bn/seed-aws-va/shwai.he/demystifying-transformers-main/focused-compression-analysis/outputs/layerwise_para_perp/Qwen3-4B__wanda_unstructured_l12	16.199983596801758	2.913947343826294	5.729538440704346	0.9985646605491638	0.3541686832904815	0.0131093515083193	0.1561265885829925	0.0118233459070324	0.3176682889461517	0.0133732473477721	0.8046147227287292	0.0269418880343437
wanda_unstructured	wanda_unstructured_l12	12.0	mlp_out	12	-0.1847361326217651	0.025350097566843	2.5675008296966553	0.3132939636707306	4.756977558135986	0.9679286479949952	14.206377983093262	2.9714574813842773	5.416840076446533	0.9559175372123718	0.3835363090038299	0.0157522745430469	0.1847361326217651	0.025350097566843	0.3353875875473022	0.0096616940572857	0.7667118906974792	0.0465015806257724	12.0	/mnt/bn/seed-aws-va/shwai.he/demystifying-transformers-main/focused-compression-analysis/outputs/layerwise_para_perp/Qwen3-4B__wanda_unstructured_l12	14.206377983093262	2.9714574813842773	5.416840076446533	0.9559175372123718	0.3835363090038299	0.0157522745430469	0.1847361326217651	0.025350097566843	0.3353875875473022	0.0096616940572857	0.7667118906974792	0.0465015806257724
wanda_unstructured	wanda_unstructured_l13	13.0	attn_out	13	-0.1226061955094337	0.0264295432716608	1.1594375371932983	0.4715064167976379	2.273527145385742	0.5580078363418579	9.11807632446289	1.8696048259735107	2.558562755584717	0.7075793147087097	0.2769888937473297	0.022955710068345	0.1226061955094337	0.0264295432716608	0.2476031333208084	0.0145499417558312	0.8038412928581238	0.0561082735657691	12.0	/mnt/bn/seed-aws-va/shwai.he/demystifying-transformers-main/focused-compression-analysis/outputs/layerwise_para_perp/Qwen3-4B__wanda_unstructured_l13	9.11807632446289	1.8696048259735107	2.558562755584717	0.7075793147087097	0.2769888937473297	0.022955710068345	0.1226061955094337	0.0264295432716608	0.2476031333208084	0.0145499417558312	0.8038412928581238	0.0561082735657691
wanda_unstructured	wanda_unstructured_l13	13.0	block_out	13	-0.1578017771244049	0.0205077212303876	2.561681032180786	0.7476301789283752	5.126072406768799	1.0280675888061523	16.054533004760742	3.3017218112945557	5.737813472747803	1.2378190755844116	0.3568503856658935	0.0128551106899976	0.1578017622232437	0.0205078125	0.3195828199386596	0.0072326017543673	0.8036546111106873	0.0394209623336792	12.0	/mnt/bn/seed-aws-va/shwai.he/demystifying-transformers-main/focused-compression-analysis/outputs/layerwise_para_perp/Qwen3-4B__wanda_unstructured_l13	16.054533004760742	3.3017218112945557	5.737813472747803	1.2378190755844116	0.3568503856658935	0.0128551106899976	0.1578017622232437	0.0205078125	0.3195828199386596	0.0072326017543673	0.8036546111106873	0.0394209623336792
wanda_unstructured	wanda_unstructured_l13	13.0	mlp_out	13	-0.182014986872673	0.0199493486434221	2.6683871746063232	0.6242014765739441	4.826800346374512	0.9630322456359864	14.665913581848145	3.003563404083252	5.522376537322998	1.112972855567932	0.3768444955348968	0.0119828041642904	0.182014986872673	0.0199494417756795	0.3294944763183594	0.0078296475112438	0.7659804224967957	0.0407495498657226	12.0	/mnt/bn/seed-aws-va/shwai.he/demystifying-transformers-main/focused-compression-analysis/outputs/layerwise_para_perp/Qwen3-4B__wanda_unstructured_l13	14.665913581848145	3.003563404083252	5.522376537322998	1.112972855567932	0.3768444955348968	0.0119828041642904	0.182014986872673	0.0199494417756795	0.3294944763183594	0.0078296475112438	0.7659804224967957	0.0407495498657226
wanda_unstructured	wanda_unstructured_l14	14.0	attn_out	14	-0.1562033742666244	0.0228775199502706	1.597394585609436	0.3405011594295501	3.139549970626831	0.2706470191478729	10.176310539245604	1.068668246269226	3.530433654785156	0.3656128048896789	0.3474803268909454	0.0187291428446769	0.1562033742666244	0.0228775199502706	0.3095822930335998	0.0181456189602613	0.795305073261261	0.0538101680576801	12.0	/mnt/bn/seed-aws-va/shwai.he/demystifying-transformers-main/focused-compression-analysis/outputs/layerwise_para_perp/Qwen3-4B__wanda_unstructured_l14	10.176310539245604	1.068668246269226	3.530433654785156	0.3656128048896789	0.3474803268909454	0.0187291428446769	0.1562033742666244	0.0228775199502706	0.3095822930335998	0.0181456189602613	0.795305073261261	0.0538101680576801
wanda_unstructured	wanda_unstructured_l14	14.0	block_out	14	-0.1685598641633987	0.0126185668632388	2.6935341358184814	0.2896400988101959	5.257214546203613	0.6376990675926208	16.032020568847656	1.8471813201904297	5.909956455230713	0.6755723357200623	0.3689147531986236	0.013841395266354	0.1685598939657211	0.0126181971281766	0.3279570639133453	0.0127354497089982	0.790578305721283	0.0248100217431783	12.0	/mnt/bn/seed-aws-va/shwai.he/demystifying-transformers-main/focused-compression-analysis/outputs/layerwise_para_perp/Qwen3-4B__wanda_unstructured_l14	16.032020568847656	1.8471813201904297	5.909956455230713	0.6755723357200623	0.3689147531986236	0.013841395266354	0.1685598939657211	0.0126181971281766	0.3279570639133453	0.0127354497089982	0.790578305721283	0.0248100217431783
wanda_unstructured	wanda_unstructured_l14	14.0	mlp_out	14	-0.1900462061166763	0.018728844821453	2.6962192058563232	0.2314875423908233	4.850584506988525	0.6572519540786743	14.308375358581545	1.7635021209716797	5.55689001083374	0.6358524560928345	0.3890918791294098	0.0163496769964694	0.1900462061166763	0.018728943541646	0.3389654457569122	0.017143165692687	0.759540319442749	0.0428944714367389	12.0	/mnt/bn/seed-aws-va/shwai.he/demystifying-transformers-main/focused-compression-analysis/outputs/layerwise_para_perp/Qwen3-4B__wanda_unstructured_l14	14.308375358581545	1.7635021209716797	5.55689001083374	0.6358524560928345	0.3890918791294098	0.0163496769964694	0.1900462061166763	0.018728943541646	0.3389654457569122	0.017143165692687	0.759540319442749	0.0428944714367389
wanda_unstructured	wanda_unstructured_l15	15.0	attn_out	15	-0.1436328887939453	0.0360741801559925	1.5090932846069336	0.6469534635543823	2.924056053161621	0.7998881340026855	10.134062767028809	2.2064037322998047	3.298983335494995	1.0012723207473757	0.3209213316440582	0.0414775088429451	0.1436328887939453	0.0360741801559925	0.2860492169857025	0.0309024807065725	0.8009472489356995	0.0576895549893379	12.0	/mnt/bn/seed-aws-va/shwai.he/demystifying-transformers-main/focused-compression-analysis/outputs/layerwise_para_perp/Qwen3-4B__wanda_unstructured_l15	10.134062767028809	2.2064037322998047	3.298983335494995	1.0012723207473757	0.3209213316440582	0.0414775088429451	0.1436328887939453	0.0360741801559925	0.2860492169857025	0.0309024807065725	0.8009472489356995	0.0576895549893379
wanda_unstructured	wanda_unstructured_l15	15.0	block_out	15	-0.1847093552350998	0.0155334174633026	2.8317203521728516	0.8912645578384399	5.18582820892334	1.1341081857681274	15.10930633544922	3.770745515823364	5.914382457733154	1.4184811115264893	0.3923687636852264	0.016584500670433	0.1847093552350998	0.0155334174633026	0.3457576036453247	0.0179200302809476	0.7766390442848206	0.0364710465073585	12.0	/mnt/bn/seed-aws-va/shwai.he/demystifying-transformers-main/focused-compression-analysis/outputs/layerwise_para_perp/Qwen3-4B__wanda_unstructured_l15	15.10930633544922	3.770745515823364	5.914382457733154	1.4184811115264893	0.3923687636852264	0.016584500670433	0.1847093552350998	0.0155334174633026	0.3457576036453247	0.0179200302809476	0.7766390442848206	0.0364710465073585
wanda_unstructured	wanda_unstructured_l15	15.0	mlp_out	15	-0.1969302892684936	0.0181255917996168	2.8311843872070312	0.7242631316184998	4.70851469039917	0.988844633102417	14.209195137023926	2.527757167816162	5.495981693267822	1.2174839973449707	0.3844848573207855	0.0257978793233633	0.1969302892684936	0.0181255917996168	0.3300691843032837	0.0209383498877286	0.7376432418823242	0.0226525142788887	12.0	/mnt/bn/seed-aws-va/shwai.he/demystifying-transformers-main/focused-compression-analysis/outputs/layerwise_para_perp/Qwen3-4B__wanda_unstructured_l15	14.209195137023926	2.527757167816162	5.495981693267822	1.2174839973449707	0.3844848573207855	0.0257978793233633	0.1969302892684936	0.0181255917996168	0.3300691843032837	0.0209383498877286	0.7376432418823242	0.0226525142788887
wanda_unstructured	wanda_unstructured_l16	16.0	attn_out	16	-0.1201698407530784	0.0251700654625892	1.0815290212631226	0.2441887110471725	2.877131462097168	0.4013980627059936	9.016239166259766	1.063526272773743	3.0783939361572266	0.4379836618900299	0.3416937887668609	0.0295125022530555	0.1201698407530784	0.0251700840890407	0.3192805647850036	0.0247230809181928	0.8750231862068176	0.0363302268087863	12.0	/mnt/bn/seed-aws-va/shwai.he/demystifying-transformers-main/focused-compression-analysis/outputs/layerwise_para_perp/Qwen3-4B__wanda_unstructured_l16	9.016239166259766	1.063526272773743	3.0783939361572266	0.4379836618900299	0.3416937887668609	0.0295125022530555	0.1201698407530784	0.0251700840890407	0.3192805647850036	0.0247230809181928	0.8750231862068176	0.0363302268087863
wanda_unstructured	wanda_unstructured_l16	16.0	block_out	16	-0.1801873594522476	0.0197103861719369	2.6537725925445557	0.5630096793174744	5.09826135635376	0.7772063612937927	14.72869110107422	2.667677164077759	5.7539801597595215	0.9206079244613647	0.3921163976192474	0.0139955626800656	0.18018738925457	0.0197101030498743	0.3477844893932342	0.01187882758677	0.7876601219177246	0.0377187393605709	12.0	/mnt/bn/seed-aws-va/shwai.he/demystifying-transformers-main/focused-compression-analysis/outputs/layerwise_para_perp/Qwen3-4B__wanda_unstructured_l16	14.72869110107422	2.667677164077759	5.7539801597595215	0.9206079244613647	0.3921163976192474	0.0139955626800656	0.18018738925457	0.0197101030498743	0.3477844893932342	0.01187882758677	0.7876601219177246	0.0377187393605709
wanda_unstructured	wanda_unstructured_l16	16.0	mlp_out	16	-0.2043324559926986	0.0232382882386446	2.8915483951568604	0.4823121428489685	4.619151592254639	0.8006693124771118	14.21353244781494	2.2408463954925537	5.46222448348999	0.8575642108917236	0.3846537172794342	0.0153386583551764	0.2043324559926986	0.0232382882386446	0.3248009979724884	0.0201575011014938	0.7140241265296936	0.0613823123276233	12.0	/mnt/bn/seed-aws-va/shwai.he/demystifying-transformers-main/focused-compression-analysis/outputs/layerwise_para_perp/Qwen3-4B__wanda_unstructured_l16	14.21353244781494	2.2408463954925537	5.46222448348999	0.8575642108917236	0.3846537172794342	0.0153386583551764	0.2043324559926986	0.0232382882386446	0.3248009979724884	0.0201575011014938	0.7140241265296936	0.0613823123276233
wanda_unstructured	wanda_unstructured_l17	17.0	attn_out	17	-0.1373473554849624	0.0179015714675188	1.3691214323043823	0.2329106628894806	3.296766519546509	0.6513950228691101	10.008103370666504	1.3305584192276	3.577278852462769	0.6517682075500488	0.3556914329528808	0.0265628471970558	0.1373473554849624	0.0179016236215829	0.3273178935050964	0.0300033576786518	0.8458507657051086	0.0454081855714321	12.0	/mnt/bn/seed-aws-va/shwai.he/demystifying-transformers-main/focused-compression-analysis/outputs/layerwise_para_perp/Qwen3-4B__wanda_unstructured_l17	10.008103370666504	1.3305584192276	3.577278852462769	0.6517682075500488	0.3556914329528808	0.0265628471970558	0.1373473554849624	0.0179016236215829	0.3273178935050964	0.0300033576786518	0.8458507657051086	0.0454081855714321
wanda_unstructured	wanda_unstructured_l17	17.0	block_out	17	-0.2016765922307968	0.0192098878324031	3.0921363830566406	0.4285151362419128	5.518099308013916	0.892744779586792	15.45033359527588	2.47759747505188	6.33234977722168	0.944822072982788	0.4106882810592651	0.0119566610082983	0.2016765922307968	0.0192097909748554	0.3572847545146942	0.0106278313323855	0.7577508091926575	0.0380616709589958	12.0	/mnt/bn/seed-aws-va/shwai.he/demystifying-transformers-main/focused-compression-analysis/outputs/layerwise_para_perp/Qwen3-4B__wanda_unstructured_l17	15.45033359527588	2.47759747505188	6.33234977722168	0.944822072982788	0.4106882810592651	0.0119566610082983	0.2016765922307968	0.0192097909748554	0.3572847545146942	0.0106278313323855	0.7577508091926575	0.0380616709589958
wanda_unstructured	wanda_unstructured_l17	17.0	mlp_out	17	-0.2184639126062393	0.0209222417324781	3.2858188152313232	0.3927372097969055	4.851088523864746	0.8131124973297119	15.110057830810549	1.7454731464385986	5.869775295257568	0.8311390280723572	0.3876236975193023	0.0174530670046806	0.2184639126062393	0.0209222417324781	0.3194073736667633	0.0192731972783803	0.6799032688140869	0.0530456975102424	12.0	/mnt/bn/seed-aws-va/shwai.he/demystifying-transformers-main/focused-compression-analysis/outputs/layerwise_para_perp/Qwen3-4B__wanda_unstructured_l17	15.110057830810549	1.7454731464385986	5.869775295257568	0.8311390280723572	0.3876236975193023	0.0174530670046806	0.2184639126062393	0.0209222417324781	0.3194073736667633	0.0192731972783803	0.6799032688140869	0.0530456975102424
wanda_unstructured	wanda_unstructured_l18	18.0	attn_out	18	-0.1201160475611686	0.0188128426671028	1.2867794036865234	0.3814170360565185	3.3842623233795166	0.6472303867340088	10.499770164489746	1.513670563697815	3.6243107318878174	0.7333418726921082	0.3432649374008178	0.0306082628667354	0.1201160475611686	0.0188128687441349	0.3211873471736908	0.02871585637331	0.8758905529975891	0.029873076826334	12.0	/mnt/bn/seed-aws-va/shwai.he/demystifying-transformers-main/focused-compression-analysis/outputs/layerwise_para_perp/Qwen3-4B__wanda_unstructured_l18	10.499770164489746	1.513670563697815	3.6243107318878174	0.7333418726921082	0.3432649374008178	0.0306082628667354	0.1201160475611686	0.0188128687441349	0.3211873471736908	0.02871585637331	0.8758905529975891	0.029873076826334
wanda_unstructured	wanda_unstructured_l18	18.0	block_out	18	-0.1685346513986587	0.0234639104455709	2.8588569164276123	0.8141703009605408	5.872419357299805	1.016146898269653	16.776098251342773	3.1985342502593994	6.54604959487915	1.225985407829285	0.3905945718288421	0.0134060773998498	0.1685346513986587	0.0234639104455709	0.3513946235179901	0.0176405329257249	0.8097944259643555	0.0501897558569908	12.0	/mnt/bn/seed-aws-va/shwai.he/demystifying-transformers-main/focused-compression-analysis/outputs/layerwise_para_perp/Qwen3-4B__wanda_unstructured_l18	16.776098251342773	3.1985342502593994	6.54604959487915	1.225985407829285	0.3905945718288421	0.0134060773998498	0.1685346513986587	0.0234639104455709	0.3513946235179901	0.0176405329257249	0.8097944259643555	0.0501897558569908
wanda_unstructured	wanda_unstructured_l18	18.0	mlp_out	18	-0.2006678432226181	0.0246164705604314	3.0636253356933594	0.6043620109558105	5.192430019378662	0.9303529858589172	15.306750297546388	2.743739604949951	6.043132305145264	1.028833508491516	0.3955041468143463	0.0151745723560452	0.2006678432226181	0.0246164705604314	0.3396621644496918	0.020244175568223	0.7384119629859924	0.0599179975688457	12.0	/mnt/bn/seed-aws-va/shwai.he/demystifying-transformers-main/focused-compression-analysis/outputs/layerwise_para_perp/Qwen3-4B__wanda_unstructured_l18	15.306750297546388	2.743739604949951	6.043132305145264	1.028833508491516	0.3955041468143463	0.0151745723560452	0.2006678432226181	0.0246164705604314	0.3396621644496918	0.020244175568223	0.7384119629859924	0.0599179975688457
wanda_unstructured	wanda_unstructured_l19	19.0	attn_out	19	-0.1560257375240326	0.0354191437363624	2.1998157501220703	0.4449815154075622	3.816981315612793	0.4655796885490417	14.262450218200684	1.136812686920166	4.432409763336182	0.4207794666290283	0.3113516569137573	0.0246831178665161	0.1560257375240326	0.0354191437363624	0.2673532962799072	0.021743768826127	0.7411949634552002	0.0812236443161964	12.0	/mnt/bn/seed-aws-va/shwai.he/demystifying-transformers-main/focused-compression-analysis/outputs/layerwise_para_perp/Qwen3-4B__wanda_unstructured_l19	14.262450218200684	1.136812686920166	4.432409763336182	0.4207794666290283	0.3113516569137573	0.0246831178665161	0.1560257375240326	0.0354191437363624	0.2673532962799072	0.021743768826127	0.7411949634552002	0.0812236443161964
wanda_unstructured	wanda_unstructured_l19	19.0	block_out	19	-0.1815908551216125	0.0227982439100742	4.036563396453857	0.623614490032196	6.661406993865967	0.7130056619644165	22.308961868286133	2.6669933795928955	7.809079647064209	0.7640239596366882	0.3513373136520386	0.0215444583445787	0.1815908700227737	0.0227980818599462	0.2997448146343231	0.0236668493598699	0.7284213900566101	0.0586313754320144	12.0	/mnt/bn/seed-aws-va/shwai.he/demystifying-transformers-main/focused-compression-analysis/outputs/layerwise_para_perp/Qwen3-4B__wanda_unstructured_l19	22.308961868286133	2.6669933795928955	7.809079647064209	0.7640239596366882	0.3513373136520386	0.0215444583445787	0.1815908700227737	0.0227980818599462	0.2997448146343231	0.0236668493598699	0.7284213900566101	0.0586313754320144
wanda_unstructured	wanda_unstructured_l19	19.0	mlp_out	19	-0.1912277936935424	0.0150119187310338	3.749291181564331	0.6979894638061523	5.854329586029053	0.6258112192153931	19.548030853271484	2.715644598007202	6.964235782623291	0.8417878150939941	0.3576394319534302	0.0242594592273235	0.1912277936935424	0.0150117948651313	0.3015618920326233	0.0275955870747566	0.7102735638618469	0.0514349304139614	12.0	/mnt/bn/seed-aws-va/shwai.he/demystifying-transformers-main/focused-compression-analysis/outputs/layerwise_para_perp/Qwen3-4B__wanda_unstructured_l19	19.548030853271484	2.715644598007202	6.964235782623291	0.8417878150939941	0.3576394319534302	0.0242594592273235	0.1912277936935424	0.0150117948651313	0.3015618920326233	0.0275955870747566	0.7102735638618469	0.0514349304139614
wanda_unstructured	wanda_unstructured_l2	2.0	attn_out	2	-0.116058237850666	0.0216060783714056	0.3131854236125946	0.0584715530276298	0.591790497303009	0.0623618029057979	2.72405743598938	0.3695814907550812	0.6706463694572449	0.0764357075095176	0.2495646327733993	0.036117497831583	0.116058237850666	0.0216060783714056	0.2205016165971756	0.0320885926485061	0.7815086245536804	0.0477199703454971	12.0	/mnt/bn/seed-aws-va/shwai.he/demystifying-transformers-main/focused-compression-analysis/outputs/layerwise_para_perp/Qwen3-4B__wanda_unstructured_l2	2.72405743598938	0.3695814907550812	0.6706463694572449	0.0764357075095176	0.2495646327733993	0.036117497831583	0.116058237850666	0.0216060783714056	0.2205016165971756	0.0320885926485061	0.7815086245536804	0.0477199703454971
wanda_unstructured	wanda_unstructured_l2	2.0	block_out	2	-0.1437284499406814	0.0239073615521192	0.6438495516777039	0.2105455696582794	0.7823975682258606	0.1273511052131652	4.415557384490967	0.9577285647392272	1.0181150436401367	0.2251167148351669	0.2310879379510879	0.0219332017004489	0.1437284499406814	0.0239072851836681	0.1796655505895614	0.0193276274949312	0.6103357672691345	0.0901555195450782	12.0	/mnt/bn/seed-aws-va/shwai.he/demystifying-transformers-main/focused-compression-analysis/outputs/layerwise_para_perp/Qwen3-4B__wanda_unstructured_l2	4.415557384490967	0.9577285647392272	1.0181150436401367	0.2251167148351669	0.2310879379510879	0.0219332017004489	0.1437284499406814	0.0239072851836681	0.1796655505895614	0.0193276274949312	0.6103357672691345	0.0901555195450782
wanda_unstructured	wanda_unstructured_l2	2.0	mlp_out	2	-0.1565954536199569	0.0299703739583492	0.5721516013145447	0.2156038880348205	0.5370871424674988	0.1442610770463943	3.589118003845215	0.8690676689147949	0.7898053526878357	0.2435647547245025	0.218025267124176	0.0288884621113538	0.1565954536199569	0.0299703441560268	0.1498804539442062	0.0220239255577325	0.4842942953109741	0.1044689416885376	12.0	/mnt/bn/seed-aws-va/shwai.he/demystifying-transformers-main/focused-compression-analysis/outputs/layerwise_para_perp/Qwen3-4B__wanda_unstructured_l2	3.589118003845215	0.8690676689147949	0.7898053526878357	0.2435647547245025	0.218025267124176	0.0288884621113538	0.1565954536199569	0.0299703441560268	0.1498804539442062	0.0220239255577325	0.4842942953109741	0.1044689416885376
wanda_unstructured	wanda_unstructured_l20	20.0	attn_out	20	-0.1016183122992515	0.023521015420556	1.0596545934677124	0.293367862701416	2.964648485183716	0.757734477519989	10.422728538513184	1.281166672706604	3.152672052383423	0.7955460548400879	0.3004596829414367	0.0517530627548694	0.1016182973980903	0.023521015420556	0.2823517024517059	0.0485014095902442	0.8836748600006104	0.0288179032504558	12.0	/mnt/bn/seed-aws-va/shwai.he/demystifying-transformers-main/focused-compression-analysis/outputs/layerwise_para_perp/Qwen3-4B__wanda_unstructured_l20	10.422728538513184	1.281166672706604	3.152672052383423	0.7955460548400879	0.3004596829414367	0.0517530627548694	0.1016182973980903	0.023521015420556	0.2823517024517059	0.0485014095902442	0.8836748600006104	0.0288179032504558
wanda_unstructured	wanda_unstructured_l20	20.0	block_out	20	-0.1639049500226974	0.0115261143073439	3.168173551559448	0.6563611626625061	6.442341327667236	1.010788917541504	19.29698944091797	3.5536956787109375	7.18298864364624	1.182481288909912	0.3738061487674713	0.0196073949337005	0.1639049500226974	0.0115261143073439	0.3357665240764618	0.0194588266313076	0.8066656589508057	0.024529755115509	12.0	/mnt/bn/seed-aws-va/shwai.he/demystifying-transformers-main/focused-compression-analysis/outputs/layerwise_para_perp/Qwen3-4B__wanda_unstructured_l20	19.29698944091797	3.5536956787109375	7.18298864364624	1.182481288909912	0.3738061487674713	0.0196073949337005	0.1639049500226974	0.0115261143073439	0.3357665240764618	0.0194588266313076	0.8066656589508057	0.024529755115509
wanda_unstructured	wanda_unstructured_l20	20.0	mlp_out	20	-0.1754444390535354	0.0154857989400625	3.3259763717651367	0.6929404139518738	5.941198825836182	0.8406042456626892	18.867536544799805	3.018406629562378	6.815519332885742	1.0466289520263672	0.3619120121002197	0.017793396487832	0.1754444390535354	0.0154857393354177	0.3161562979221344	0.0179314594715833	0.7634167075157166	0.0370016023516655	12.0	/mnt/bn/seed-aws-va/shwai.he/demystifying-transformers-main/focused-compression-analysis/outputs/layerwise_para_perp/Qwen3-4B__wanda_unstructured_l20	18.867536544799805	3.018406629562378	6.815519332885742	1.0466289520263672	0.3619120121002197	0.017793396487832	0.1754444390535354	0.0154857393354177	0.3161562979221344	0.0179314594715833	0.7634167075157166	0.0370016023516655
wanda_unstructured	wanda_unstructured_l21	21.0	attn_out	21	-0.1082295104861259	0.0200934782624244	1.2045084238052368	0.3180836737155914	3.5265674591064453	0.5822818875312805	11.00924301147461	1.2629848718643188	3.7309062480926514	0.6388182044029236	0.3374758064746856	0.028530916199088	0.1082295104861259	0.0200934782624244	0.3192331492900848	0.0260145850479602	0.8957598209381104	0.0295984633266925	12.0	/mnt/bn/seed-aws-va/shwai.he/demystifying-transformers-main/focused-compression-analysis/outputs/layerwise_para_perp/Qwen3-4B__wanda_unstructured_l21	11.00924301147461	1.2629848718643188	3.7309062480926514	0.6388182044029236	0.3374758064746856	0.028530916199088	0.1082295104861259	0.0200934782624244	0.3192331492900848	0.0260145850479602	0.8957598209381104	0.0295984633266925
wanda_unstructured	wanda_unstructured_l21	21.0	block_out	21	-0.1612876504659652	0.0125351855531334	3.4351022243499756	0.3962341547012329	7.076269626617432	0.8031025528907776	21.281774520874023	1.4427553415298462	7.869334697723389	0.8654834628105164	0.368983119726181	0.0189873296767473	0.1612876504659652	0.0125351855531334	0.3316923677921295	0.0178442001342773	0.8081653714179993	0.0219916366040706	12.0	/mnt/bn/seed-aws-va/shwai.he/demystifying-transformers-main/focused-compression-analysis/outputs/layerwise_para_perp/Qwen3-4B__wanda_unstructured_l21	21.281774520874023	1.4427553415298462	7.869334697723389	0.8654834628105164	0.368983119726181	0.0189873296767473	0.1612876504659652	0.0125351855531334	0.3316923677921295	0.0178442001342773	0.8081653714179993	0.0219916366040706
wanda_unstructured	wanda_unstructured_l21	21.0	mlp_out	21	-0.1700168848037719	0.0149597153067588	3.469259262084961	0.4436937272548675	6.476438999176025	0.6365899443626404	20.359437942504883	1.1511050462722778	7.35049295425415	0.7432327270507812	0.3603824377059936	0.019252311438322	0.1700168848037719	0.0149596529081463	0.317568302154541	0.0163394194096326	0.7770488262176514	0.024966886267066	12.0	/mnt/bn/seed-aws-va/shwai.he/demystifying-transformers-main/focused-compression-analysis/outputs/layerwise_para_perp/Qwen3-4B__wanda_unstructured_l21	20.359437942504883	1.1511050462722778	7.35049295425415	0.7432327270507812	0.3603824377059936	0.019252311438322	0.1700168848037719	0.0149596529081463	0.317568302154541	0.0163394194096326	0.7770488262176514	0.024966886267066
wanda_unstructured	wanda_unstructured_l22	22.0	attn_out	22	-0.1409453302621841	0.0248588100075721	2.500671148300171	0.739479660987854	5.545312404632568	1.1696585416793823	17.58876609802246	3.5424110889434814	6.0954203605651855	1.328393578529358	0.3459668457508087	0.0141164166852831	0.1409453302621841	0.0248588472604751	0.315091997385025	0.0112168602645397	0.831164538860321	0.0475228354334831	12.0	/mnt/bn/seed-aws-va/shwai.he/demystifying-transformers-main/focused-compression-analysis/outputs/layerwise_para_perp/Qwen3-4B__wanda_unstructured_l22	17.58876609802246	3.5424110889434814	6.0954203605651855	1.328393578529358	0.3459668457508087	0.0141164166852831	0.1409453302621841	0.0248588472604751	0.315091997385025	0.0112168602645397	0.831164538860321	0.0475228354334831
wanda_unstructured	wanda_unstructured_l22	22.0	block_out	22	-0.1700421720743179	0.0250111240893602	5.111334323883057	1.006928324699402	9.326386451721191	0.9961090683937072	29.8717098236084	2.557027816772461	10.657100677490234	1.2407894134521484	0.3560594320297241	0.0163769964128732	0.1700421571731567	0.0250111240893602	0.3119702935218811	0.0134593248367309	0.7698919773101807	0.0549625568091869	12.0	/mnt/bn/seed-aws-va/shwai.he/demystifying-transformers-main/focused-compression-analysis/outputs/layerwise_para_perp/Qwen3-4B__wanda_unstructured_l22	29.8717098236084	2.557027816772461	10.657100677490234	1.2407894134521484	0.3560594320297241	0.0163769964128732	0.1700421571731567	0.0250111240893602	0.3119702935218811	0.0134593248367309	0.7698919773101807	0.0549625568091869
wanda_unstructured	wanda_unstructured_l22	22.0	mlp_out	22	-0.1856399625539779	0.0247879400849342	4.763500690460205	0.9673688411712646	8.179712295532227	0.7535823583602905	25.439254760742188	2.180009603500366	9.48528003692627	1.0638526678085327	0.3724435269832611	0.0202739648520946	0.1856399774551391	0.0247877892106771	0.3219822943210602	0.0193901695311069	0.7490226626396179	0.0559518970549106	12.0	/mnt/bn/seed-aws-va/shwai.he/demystifying-transformers-main/focused-compression-analysis/outputs/layerwise_para_perp/Qwen3-4B__wanda_unstructured_l22	25.439254760742188	2.180009603500366	9.48528003692627	1.0638526678085327	0.3724435269832611	0.0202739648520946	0.1856399774551391	0.0247877892106771	0.3219822943210602	0.0193901695311069	0.7490226626396179	0.0559518970549106
wanda_unstructured	wanda_unstructured_l23	23.0	attn_out	23	-0.1122902408242225	0.0205070171505212	1.9988222122192385	0.8467177152633667	5.41575813293457	1.5082759857177734	17.396305084228516	5.1606221199035645	5.787883281707764	1.6786822080612185	0.3345246315002441	0.0233687348663806	0.1122902408242225	0.02050706371665	0.3142012059688568	0.0264725163578987	0.8815388679504395	0.043943278491497	12.0	/mnt/bn/seed-aws-va/shwai.he/demystifying-transformers-main/focused-compression-analysis/outputs/layerwise_para_perp/Qwen3-4B__wanda_unstructured_l23	17.396305084228516	5.1606221199035645	5.787883281707764	1.6786822080612185	0.3345246315002441	0.0233687348663806	0.1122902408242225	0.02050706371665	0.3142012059688568	0.0264725163578987	0.8815388679504395	0.043943278491497
wanda_unstructured	wanda_unstructured_l23	23.0	block_out	23	-0.151647999882698	0.0159445516765117	5.224256992340088	0.5927485227584839	10.36802864074707	1.112146496772766	34.502689361572266	2.367973804473877	11.62164306640625	1.1465293169021606	0.3365979492664337	0.0182512458413839	0.151647999882698	0.0159444343298673	0.3001291751861572	0.0173904150724411	0.7955760955810547	0.0350637286901474	12.0	/mnt/bn/seed-aws-va/shwai.he/demystifying-transformers-main/focused-compression-analysis/outputs/layerwise_para_perp/Qwen3-4B__wanda_unstructured_l23	34.502689361572266	2.367973804473877	11.62164306640625	1.1465293169021606	0.3365979492664337	0.0182512458413839	0.151647999882698	0.0159444343298673	0.3001291751861572	0.0173904150724411	0.7955760955810547	0.0350637286901474
wanda_unstructured	wanda_unstructured_l23	23.0	mlp_out	23	-0.1702881306409835	0.0162463039159774	5.072492599487305	0.6334180235862732	9.200535774230955	0.7724800705909729	29.80021095275879	2.622103691101074	10.51376247406006	0.9158552885055542	0.3539872169494629	0.0284455269575119	0.1702881306409835	0.0162463616579771	0.3100483119487762	0.0269102063030004	0.7670753598213196	0.0321506410837173	12.0	/mnt/bn/seed-aws-va/shwai.he/demystifying-transformers-main/focused-compression-analysis/outputs/layerwise_para_perp/Qwen3-4B__wanda_unstructured_l23	29.80021095275879	2.622103691101074	10.51376247406006	0.9158552885055542	0.3539872169494629	0.0284455269575119	0.1702881306409835	0.0162463616579771	0.3100483119487762	0.0269102063030004	0.7670753598213196	0.0321506410837173
wanda_unstructured	wanda_unstructured_l24	24.0	attn_out	24	-0.1045133769512176	0.0416897162795066	1.479486107826233	0.4967718720436096	4.470175743103027	0.8648077249526978	15.16714572906494	3.3803374767303467	4.742438793182373	0.8217656016349792	0.3176641464233398	0.0342006087303161	0.104513369500637	0.0416897274553775	0.2978481352329254	0.0265629887580871	0.8852517604827881	0.065838798880577	12.0	/mnt/bn/seed-aws-va/shwai.he/demystifying-transformers-main/focused-compression-analysis/outputs/layerwise_para_perp/Qwen3-4B__wanda_unstructured_l24	15.16714572906494	3.3803374767303467	4.742438793182373	0.8217656016349792	0.3176641464233398	0.0342006087303161	0.104513369500637	0.0416897274553775	0.2978481352329254	0.0265629887580871	0.8852517604827881	0.065838798880577
wanda_unstructured	wanda_unstructured_l24	24.0	block_out	24	-0.1435539871454239	0.0396813005208969	5.227462291717529	1.5302923917770386	10.884310722351074	0.949246883392334	36.29523849487305	3.210167646408081	12.124244689941406	1.4283367395401	0.3344925343990326	0.0338524542748928	0.1435539871454239	0.0396813005208969	0.3005867600440979	0.02228226326406	0.8142144680023193	0.0683061629533767	12.0	/mnt/bn/seed-aws-va/shwai.he/demystifying-transformers-main/focused-compression-analysis/outputs/layerwise_para_perp/Qwen3-4B__wanda_unstructured_l24	36.29523849487305	3.210167646408081	12.124244689941406	1.4283367395401	0.3344925343990326	0.0338524542748928	0.1435539871454239	0.0396813005208969	0.3005867600440979	0.02228226326406	0.8142144680023193	0.0683061629533767
wanda_unstructured	wanda_unstructured_l24	24.0	mlp_out	24	-0.1568231731653213	0.0346751138567924	5.152187824249268	1.524406909942627	9.995244979858398	1.1375272274017334	32.281436920166016	3.753595352172851	11.282937049865724	1.662250518798828	0.348700612783432	0.0239640530198812	0.1568231731653213	0.0346751138567924	0.3100397288799286	0.0156806912273168	0.7949640154838562	0.0657454878091812	12.0	/mnt/bn/seed-aws-va/shwai.he/demystifying-transformers-main/focused-compression-analysis/outputs/layerwise_para_perp/Qwen3-4B__wanda_unstructured_l24	32.281436920166016	3.753595352172851	11.282937049865724	1.662250518798828	0.348700612783432	0.0239640530198812	0.1568231731653213	0.0346751138567924	0.3100397288799286	0.0156806912273168	0.7949640154838562	0.0657454878091812
wanda_unstructured	wanda_unstructured_l25	25.0	attn_out	25	-0.1877595633268356	0.0284943338483572	2.510187864303589	0.867097020149231	4.058042049407959	1.2906757593154907	13.57285213470459	4.791080474853516	4.779528617858887	1.5305410623550415	0.356145828962326	0.0356443226337432	0.1877595335245132	0.0284945294260978	0.3019658923149109	0.0293492171913385	0.7208947539329529	0.050600167363882	12.0	/mnt/bn/seed-aws-va/shwai.he/demystifying-transformers-main/focused-compression-analysis/outputs/layerwise_para_perp/Qwen3-4B__wanda_unstructured_l25	13.57285213470459	4.791080474853516	4.779528617858887	1.5305410623550415	0.356145828962326	0.0356443226337432	0.1877595335245132	0.0284945294260978	0.3019658923149109	0.0293492171913385	0.7208947539329529	0.050600167363882
wanda_unstructured	wanda_unstructured_l25	25.0	block_out	25	-0.1902696937322616	0.0327029414474964	7.643153667449951	2.227073907852173	12.954791069030762	1.999553680419922	39.40072250366211	5.512149333953857	15.070918083190918	2.840757131576538	0.3802336156368255	0.0264743473380804	0.1902696937322616	0.0327029414474964	0.3283205330371856	0.0145627371966838	0.7497270703315735	0.0544011928141117	12.0	/mnt/bn/seed-aws-va/shwai.he/demystifying-transformers-main/focused-compression-analysis/outputs/layerwise_para_perp/Qwen3-4B__wanda_unstructured_l25	39.40072250366211	5.512149333953857	15.070918083190918	2.840757131576538	0.3802336156368255	0.0264743473380804	0.1902696937322616	0.0327029414474964	0.3283205330371856	0.0145627371966838	0.7497270703315735	0.0544011928141117
wanda_unstructured	wanda_unstructured_l25	25.0	mlp_out	25	-0.1913190633058548	0.0338266938924789	7.180725574493408	2.3740031719207764	12.241921424865724	2.2578935623168945	36.58282852172851	6.259709358215332	14.223758697509766	3.1378543376922607	0.3858524858951568	0.0271174740046262	0.1913190633058548	0.0338266380131244	0.3340865075588226	0.0160147231072187	0.7539870142936707	0.0574669912457466	12.0	/mnt/bn/seed-aws-va/shwai.he/demystifying-transformers-main/focused-compression-analysis/outputs/layerwise_para_perp/Qwen3-4B__wanda_unstructured_l25	36.58282852172851	6.259709358215332	14.223758697509766	3.1378543376922607	0.3858524858951568	0.0271174740046262	0.1913190633058548	0.0338266380131244	0.3340865075588226	0.0160147231072187	0.7539870142936707	0.0574669912457466
wanda_unstructured	wanda_unstructured_l26	26.0	attn_out	26	-0.1935969144105911	0.0323110111057758	2.6311023235321045	0.8482730984687805	4.456265926361084	1.2205991744995115	13.742465019226074	4.162558078765869	5.186241626739502	1.4468352794647217	0.381001204252243	0.0327248610556125	0.1935968995094299	0.032311126589775	0.327277660369873	0.024462079629302	0.7414186000823975	0.0552923269569873	12.0	/mnt/bn/seed-aws-va/shwai.he/demystifying-transformers-main/focused-compression-analysis/outputs/layerwise_para_perp/Qwen3-4B__wanda_unstructured_l26	13.742465019226074	4.162558078765869	5.186241626739502	1.4468352794647217	0.381001204252243	0.0327248610556125	0.1935968995094299	0.032311126589775	0.327277660369873	0.024462079629302	0.7414186000823975	0.0552923269569873
wanda_unstructured	wanda_unstructured_l26	26.0	block_out	26	-0.1873829960823059	0.0388413369655609	7.677991390228272	2.4809069633483887	13.2698335647583	2.627469301223755	40.0987434387207	4.964190483093262	15.363219261169434	3.474193811416626	0.3786921501159668	0.0417947769165039	0.1873829960823059	0.0388413369655609	0.3281928598880768	0.0286870431154966	0.7564370632171631	0.0540174581110477	12.0	/mnt/bn/seed-aws-va/shwai.he/demystifying-transformers-main/focused-compression-analysis/outputs/layerwise_para_perp/Qwen3-4B__wanda_unstructured_l26	40.0987434387207	4.964190483093262	15.363219261169434	3.474193811416626	0.3786921501159668	0.0417947769165039	0.1873829960823059	0.0388413369655609	0.3281928598880768	0.0286870431154966	0.7564370632171631	0.0540174581110477
wanda_unstructured	wanda_unstructured_l26	26.0	mlp_out	26	-0.1834366917610168	0.0391296297311782	7.04942512512207	2.627295732498169	12.512194633483888	2.8983428478240967	37.251007080078125	5.993751049041748	14.393841743469238	3.7907555103302	0.3805241286754608	0.0424269400537014	0.1834366917610168	0.0391296297311782	0.3324542939662933	0.0298769436776638	0.7685744166374207	0.0544641576707363	12.0	/mnt/bn/seed-aws-va/shwai.he/demystifying-transformers-main/focused-compression-analysis/outputs/layerwise_para_perp/Qwen3-4B__wanda_unstructured_l26	37.251007080078125	5.993751049041748	14.393841743469238	3.7907555103302	0.3805241286754608	0.0424269400537014	0.1834366917610168	0.0391296297311782	0.3324542939662933	0.0298769436776638	0.7685744166374207	0.0544641576707363
wanda_unstructured	wanda_unstructured_l27	27.0	attn_out	27	-0.1659699827432632	0.0647490844130516	2.4789698123931885	1.123104214668274	5.290111064910889	1.6121079921722412	15.214396476745604	4.473259925842285	5.90875244140625	1.7542716264724731	0.3892446458339691	0.0414870269596576	0.1659699827432632	0.0647490844130516	0.3468455076217651	0.0345293954014778	0.8016014099121094	0.1012468561530113	12.0	/mnt/bn/seed-aws-va/shwai.he/demystifying-transformers-main/focused-compression-analysis/outputs/layerwise_para_perp/Qwen3-4B__wanda_unstructured_l27	15.214396476745604	4.473259925842285	5.90875244140625	1.7542716264724731	0.3892446458339691	0.0414870269596576	0.1659699827432632	0.0647490844130516	0.3468455076217651	0.0345293954014778	0.8016014099121094	0.1012468561530113
wanda_unstructured	wanda_unstructured_l27	27.0	block_out	27	-0.1756439059972763	0.0319141782820224	7.75587797164917	2.0035836696624756	14.96667194366455	2.2542548179626465	43.71475601196289	4.607255935668945	16.878747940063477	2.8911633491516113	0.3845457732677459	0.0373159982264041	0.1756439059972763	0.0319142378866672	0.3415523469448089	0.0272144265472888	0.7923142313957214	0.0403379127383232	12.0	/mnt/bn/seed-aws-va/shwai.he/demystifying-transformers-main/focused-compression-analysis/outputs/layerwise_para_perp/Qwen3-4B__wanda_unstructured_l27	43.71475601196289	4.607255935668945	16.878747940063477	2.8911633491516113	0.3845457732677459	0.0373159982264041	0.1756439059972763	0.0319142378866672	0.3415523469448089	0.0272144265472888	0.7923142313957214	0.0403379127383232
wanda_unstructured	wanda_unstructured_l27	27.0	mlp_out	27	-0.1782432347536087	0.0303861908614635	7.393292903900147	2.2617247104644775	13.794681549072266	2.885523796081543	40.744171142578125	6.577503204345703	15.669022560119627	3.5885088443756104	0.3816726207733154	0.0374998338520526	0.1782432347536087	0.0303861908614635	0.3370150625705719	0.0284092258661985	0.7825761437416077	0.0384922362864017	12.0	/mnt/bn/seed-aws-va/shwai.he/demystifying-transformers-main/focused-compression-analysis/outputs/layerwise_para_perp/Qwen3-4B__wanda_unstructured_l27	40.744171142578125	6.577503204345703	15.669022560119627	3.5885088443756104	0.3816726207733154	0.0374998338520526	0.1782432347536087	0.0303861908614635	0.3370150625705719	0.0284092258661985	0.7825761437416077	0.0384922362864017
wanda_unstructured	wanda_unstructured_l28	28.0	attn_out	28	-0.1794139146804809	0.0764008536934852	3.1575734615325928	1.5032459497451782	6.496316432952881	1.4573781490325928	17.34990119934082	2.729655504226685	7.2762274742126465	1.9006856679916384	0.4157645404338836	0.0768164694309234	0.1794139146804809	0.0764008536934852	0.3718361854553222	0.0497227907180786	0.8179388046264648	0.089121364057064	12.0	/mnt/bn/seed-aws-va/shwai.he/demystifying-transformers-main/focused-compression-analysis/outputs/layerwise_para_perp/Qwen3-4B__wanda_unstructured_l28	17.34990119934082	2.729655504226685	7.2762274742126465	1.9006856679916384	0.4157645404338836	0.0768164694309234	0.1794139146804809	0.0764008536934852	0.3718361854553222	0.0497227907180786	0.8179388046264648	0.089121364057064
wanda_unstructured	wanda_unstructured_l28	28.0	block_out	28	-0.1629135459661483	0.0462563522160053	8.702099800109863	3.616224527359009	17.09129524230957	4.299299716949463	51.33621597290039	8.466876029968262	19.22724151611328	5.450972557067871	0.3680846989154815	0.0529348999261856	0.1629135459661483	0.0462563522160053	0.3289423286914825	0.0374821461737155	0.8068385124206543	0.0577804073691368	12.0	/mnt/bn/seed-aws-va/shwai.he/demystifying-transformers-main/focused-compression-analysis/outputs/layerwise_para_perp/Qwen3-4B__wanda_unstructured_l28	51.33621597290039	8.466876029968262	19.22724151611328	5.450972557067871	0.3680846989154815	0.0529348999261856	0.1629135459661483	0.0462563522160053	0.3289423286914825	0.0374821461737155	0.8068385124206543	0.0577804073691368
wanda_unstructured	wanda_unstructured_l28	28.0	mlp_out	28	-0.1624034196138382	0.0442368686199188	8.143365859985352	3.3991456031799316	15.84963607788086	4.221621036529541	48.13186264038086	8.781499862670898	17.861303329467773	5.279729843139648	0.3645791709423065	0.0521540306508541	0.1624034196138382	0.0442368686199188	0.3253425657749176	0.038189772516489	0.8036890625953674	0.0567846111953258	12.0	/mnt/bn/seed-aws-va/shwai.he/demystifying-transformers-main/focused-compression-analysis/outputs/layerwise_para_perp/Qwen3-4B__wanda_unstructured_l28	48.13186264038086	8.781499862670898	17.861303329467773	5.279729843139648	0.3645791709423065	0.0521540306508541	0.1624034196138382	0.0442368686199188	0.3253425657749176	0.038189772516489	0.8036890625953674	0.0567846111953258
wanda_unstructured	wanda_unstructured_l29	29.0	attn_out	29	-0.1247981116175651	0.0349168851971626	1.9549025297164917	0.7525825500488281	5.033297061920166	1.6999493837356567	15.996867179870604	6.065427780151367	5.429381847381592	1.7702370882034302	0.3464935719966888	0.0397756323218345	0.1247981116175651	0.0349168851971626	0.3212082386016845	0.0408827140927314	0.8598763346672058	0.0736394673585891	12.0	/mnt/bn/seed-aws-va/shwai.he/demystifying-transformers-main/focused-compression-analysis/outputs/layerwise_para_perp/Qwen3-4B__wanda_unstructured_l29	15.996867179870604	6.065427780151367	5.429381847381592	1.7702370882034302	0.3464935719966888	0.0397756323218345	0.1247981116175651	0.0349168851971626	0.3212082386016845	0.0408827140927314	0.8598763346672058	0.0736394673585891
wanda_unstructured	wanda_unstructured_l29	29.0	block_out	29	-0.1535374075174331	0.0365552939474582	8.087873458862305	2.535905599594116	16.365819931030273	3.4843530654907227	51.79378890991211	6.724797248840332	18.285802841186523	4.177883625030518	0.350596934556961	0.0536549352109432	0.1535373926162719	0.0365553721785545	0.3144908845424652	0.0445254705846309	0.8087394833564758	0.0478808246552944	12.0	/mnt/bn/seed-aws-va/shwai.he/demystifying-transformers-main/focused-compression-analysis/outputs/layerwise_para_perp/Qwen3-4B__wanda_unstructured_l29	51.79378890991211	6.724797248840332	18.285802841186523	4.177883625030518	0.350596934556961	0.0536549352109432	0.1535373926162719	0.0365553721785545	0.3144908845424652	0.0445254705846309	0.8087394833564758	0.0478808246552944
wanda_unstructured	wanda_unstructured_l29	29.0	mlp_out	29	-0.1555066704750061	0.0370840691030025	7.794756412506104	2.667177200317383	15.464266777038574	3.795438051223755	48.9538459777832	7.520463466644287	17.34931182861328	4.51910400390625	0.3502614200115204	0.0521911606192588	0.1555066704750061	0.0370840691030025	0.3130568563938141	0.0429513193666935	0.803145706653595	0.0502668879926204	12.0	/mnt/bn/seed-aws-va/shwai.he/demystifying-transformers-main/focused-compression-analysis/outputs/layerwise_para_perp/Qwen3-4B__wanda_unstructured_l29	48.9538459777832	7.520463466644287	17.34931182861328	4.51910400390625	0.3502614200115204	0.0521911606192588	0.1555066704750061	0.0370840691030025	0.3130568563938141	0.0429513193666935	0.803145706653595	0.0502668879926204
wanda_unstructured	wanda_unstructured_l3	3.0	attn_out	3	-0.1024193167686462	0.0155077949166297	0.361603170633316	0.0933625623583793	0.7330353260040283	0.0927721560001373	3.509312868118286	0.6009883284568787	0.8190872073173523	0.1204863041639328	0.2350714951753616	0.0218923166394233	0.1024193242192268	0.015507735311985	0.2110845893621444	0.0212361123412847	0.8068298697471619	0.0500791892409324	12.0	/mnt/bn/seed-aws-va/shwai.he/demystifying-transformers-main/focused-compression-analysis/outputs/layerwise_para_perp/Qwen3-4B__wanda_unstructured_l3	3.509312868118286	0.6009883284568787	0.8190872073173523	0.1204863041639328	0.2350714951753616	0.0218923166394233	0.1024193242192268	0.015507735311985	0.2110845893621444	0.0212361123412847	0.8068298697471619	0.0500791892409324
wanda_unstructured	wanda_unstructured_l3	3.0	block_out	3	-0.1456136107444763	0.032304611057043	1.0998588800430298	0.8950046896934509	1.181351900100708	0.2608153223991394	7.176808834075928	4.843797206878662	1.6635860204696655	0.8407268524169922	0.2470235228538513	0.0341201797127723	0.1456135958433151	0.0323047265410423	0.1940937042236328	0.0475975237786769	0.623008668422699	0.1928508579730987	12.0	/mnt/bn/seed-aws-va/shwai.he/demystifying-transformers-main/focused-compression-analysis/outputs/layerwise_para_perp/Qwen3-4B__wanda_unstructured_l3	7.176808834075928	4.843797206878662	1.6635860204696655	0.8407268524169922	0.2470235228538513	0.0341201797127723	0.1456135958433151	0.0323047265410423	0.1940937042236328	0.0475975237786769	0.623008668422699	0.1928508579730987
wanda_unstructured	wanda_unstructured_l3	3.0	mlp_out	3	-0.1689222902059555	0.0430207140743732	1.0697935819625854	0.9050132632255554	0.900749921798706	0.2696845829486847	6.195565700531006	5.021823406219482	1.437979221343994	0.883064866065979	0.2518779933452606	0.0456635169684886	0.1689222902059555	0.0430207140743732	0.1803681701421737	0.0510830357670784	0.5273557305335999	0.2004025727510452	12.0	/mnt/bn/seed-aws-va/shwai.he/demystifying-transformers-main/focused-compression-analysis/outputs/layerwise_para_perp/Qwen3-4B__wanda_unstructured_l3	6.195565700531006	5.021823406219482	1.437979221343994	0.883064866065979	0.2518779933452606	0.0456635169684886	0.1689222902059555	0.0430207140743732	0.1803681701421737	0.0510830357670784	0.5273557305335999	0.2004025727510452
wanda_unstructured	wanda_unstructured_l30	30.0	attn_out	30	-0.1908811777830124	0.0976919904351234	5.059231281280518	1.9956690073013303	10.10157585144043	3.141282081604004	27.031532287597656	7.105592250823975	11.532235145568848	2.914716958999634	0.4301114082336426	0.0583025999367237	0.1962840557098388	0.0863244906067848	0.3722671270370483	0.061910230666399	0.7616482377052307	0.1594341099262237	12.0	/mnt/bn/seed-aws-va/shwai.he/demystifying-transformers-main/focused-compression-analysis/outputs/layerwise_para_perp/Qwen3-4B__wanda_unstructured_l30	27.031532287597656	7.105592250823975	11.532235145568848	2.914716958999634	0.4301114082336426	0.0583025999367237	0.1962840557098388	0.0863244906067848	0.3722671270370483	0.061910230666399	0.7616482377052307	0.1594341099262237
wanda_unstructured	wanda_unstructured_l30	30.0	block_out	30	-0.1650377660989761	0.0353684648871421	11.237876892089844	3.213475227355957	20.74510383605957	4.072493553161621	67.50605773925781	7.348269939422607	23.653257369995117	4.907580852508545	0.3482829332351684	0.0463432520627975	0.1650377362966537	0.0353685952723026	0.3057316839694977	0.0385803021490573	0.7736887335777283	0.0569292791187763	12.0	/mnt/bn/seed-aws-va/shwai.he/demystifying-transformers-main/focused-compression-analysis/outputs/layerwise_para_perp/Qwen3-4B__wanda_unstructured_l30	67.50605773925781	7.348269939422607	23.653257369995117	4.907580852508545	0.3482829332351684	0.0463432520627975	0.1650377362966537	0.0353685952723026	0.3057316839694977	0.0385803021490573	0.7736887335777283	0.0569292791187763
wanda_unstructured	wanda_unstructured_l30	30.0	mlp_out	30	-0.1678870767354965	0.0395494401454925	10.120902061462402	3.3417723178863525	17.84330940246582	3.770609855651855	59.12934494018555	6.684651851654053	20.556970596313477	4.859242916107178	0.3440972864627838	0.0506139360368251	0.1678870469331741	0.03954953327775	0.2995499670505523	0.038526676595211	0.7633247971534729	0.0544887743890285	12.0	/mnt/bn/seed-aws-va/shwai.he/demystifying-transformers-main/focused-compression-analysis/outputs/layerwise_para_perp/Qwen3-4B__wanda_unstructured_l30	59.12934494018555	6.684651851654053	20.556970596313477	4.859242916107178	0.3440972864627838	0.0506139360368251	0.1678870469331741	0.03954953327775	0.2995499670505523	0.038526676595211	0.7633247971534729	0.0544887743890285
wanda_unstructured	wanda_unstructured_l31	31.0	attn_out	31	-0.2365589737892151	0.0380266644060611	7.947159290313721	2.1420180797576904	10.386882781982422	2.1818687915802	33.54866409301758	5.896807670593262	13.119049072265623	2.8781986236572266	0.3904751539230346	0.0351617597043514	0.2365589737892151	0.0380266644060611	0.3092256486415863	0.0260866563767194	0.6315680146217346	0.0725837126374244	12.0	/mnt/bn/seed-aws-va/shwai.he/demystifying-transformers-main/focused-compression-analysis/outputs/layerwise_para_perp/Qwen3-4B__wanda_unstructured_l31	33.54866409301758	5.896807670593262	13.119049072265623	2.8781986236572266	0.3904751539230346	0.0351617597043514	0.2365589737892151	0.0380266644060611	0.3092256486415863	0.0260866563767194	0.6315680146217346	0.0725837126374244
wanda_unstructured	wanda_unstructured_l31	31.0	block_out	31	-0.168939471244812	0.0197401791810989	12.693890571594238	2.4704461097717285	22.271360397338867	4.46823787689209	74.56813049316406	7.059042453765869	25.65290641784668	5.014481067657471	0.3415351212024688	0.0404211282730102	0.168939471244812	0.0197401791810989	0.2965413630008697	0.0375914126634597	0.7529592514038086	0.0341727100312709	12.0	/mnt/bn/seed-aws-va/shwai.he/demystifying-transformers-main/focused-compression-analysis/outputs/layerwise_para_perp/Qwen3-4B__wanda_unstructured_l31	74.56813049316406	7.059042453765869	25.65290641784668	5.014481067657471	0.3415351212024688	0.0404211282730102	0.168939471244812	0.0197401791810989	0.2965413630008697	0.0375914126634597	0.7529592514038086	0.0341727100312709
wanda_unstructured	wanda_unstructured_l31	31.0	mlp_out	31	-0.1561735421419143	0.0185097102075815	10.184752464294434	2.2983360290527344	19.18086051940918	4.682836055755615	64.48601531982422	7.852211475372315	21.738412857055664	5.1271162033081055	0.3334248065948486	0.0449696145951747	0.1561735421419143	0.0185097102075815	0.2942093312740326	0.0436171256005764	0.7763699889183044	0.0396019890904426	12.0	/mnt/bn/seed-aws-va/shwai.he/demystifying-transformers-main/focused-compression-analysis/outputs/layerwise_para_perp/Qwen3-4B__wanda_unstructured_l31	64.48601531982422	7.852211475372315	21.738412857055664	5.1271162033081055	0.3334248065948486	0.0449696145951747	0.1561735421419143	0.0185097102075815	0.2942093312740326	0.0436171256005764	0.7763699889183044	0.0396019890904426
wanda_unstructured	wanda_unstructured_l32	32.0	attn_out	32	-0.2312461286783218	0.0409151390194892	11.588896751403809	3.191946506500244	14.99663257598877	4.428654193878174	50.74318313598633	11.684596061706545	18.998138427734375	5.298467636108398	0.3747759163379669	0.0471351072192192	0.2312461286783218	0.0409151390194892	0.2938381135463714	0.0344826504588127	0.6194483041763306	0.0648775845766067	12.0	/mnt/bn/seed-aws-va/shwai.he/demystifying-transformers-main/focused-compression-analysis/outputs/layerwise_para_perp/Qwen3-4B__wanda_unstructured_l32	50.74318313598633	11.684596061706545	18.998138427734375	5.298467636108398	0.3747759163379669	0.0471351072192192	0.2312461286783218	0.0409151390194892	0.2938381135463714	0.0344826504588127	0.6194483041763306	0.0648775845766067
wanda_unstructured	wanda_unstructured_l32	32.0	block_out	32	-0.1762100458145141	0.0370137579739093	16.622907638549805	4.986196041107178	27.05438804626465	6.320650577545166	93.04443359375	10.82694149017334	31.791887283325195	7.896176815032959	0.3378911912441253	0.051220241934061	0.1762100458145141	0.0370137579739093	0.287839263677597	0.0390196554362773	0.730133056640625	0.0419531352818012	12.0	/mnt/bn/seed-aws-va/shwai.he/demystifying-transformers-main/focused-compression-analysis/outputs/layerwise_para_perp/Qwen3-4B__wanda_unstructured_l32	93.04443359375	10.82694149017334	31.791887283325195	7.896176815032959	0.3378911912441253	0.051220241934061	0.1762100458145141	0.0370137579739093	0.287839263677597	0.0390196554362773	0.730133056640625	0.0419531352818012
wanda_unstructured	wanda_unstructured_l32	32.0	mlp_out	32	-0.1628547608852386	0.0433947928249836	12.71792221069336	4.922040939331055	22.48316192626953	5.396139144897461	75.88117218017578	10.376106262207031	25.89214324951172	7.083775043487549	0.3357295095920563	0.0496403090655803	0.1628547608852386	0.0433947928249836	0.2926830053329468	0.0333219543099403	0.7688202261924744	0.0574420914053916	12.0	/mnt/bn/seed-aws-va/shwai.he/demystifying-transformers-main/focused-compression-analysis/outputs/layerwise_para_perp/Qwen3-4B__wanda_unstructured_l32	75.88117218017578	10.376106262207031	25.89214324951172	7.083775043487549	0.3357295095920563	0.0496403090655803	0.1628547608852386	0.0433947928249836	0.2926830053329468	0.0333219543099403	0.7688202261924744	0.0574420914053916
wanda_unstructured	wanda_unstructured_l33	33.0	attn_out	33	-0.1651926189661026	0.0357170924544334	8.864372253417969	3.248553514480591	16.480947494506836	5.294301986694336	53.45046615600586	14.546245574951172	18.79487419128418	5.961050033569336	0.3484044373035431	0.0355395525693893	0.1651926189661026	0.0357170924544334	0.3052379786968231	0.0302351433783769	0.7717537879943848	0.0732084065675735	12.0	/mnt/bn/seed-aws-va/shwai.he/demystifying-transformers-main/focused-compression-analysis/outputs/layerwise_para_perp/Qwen3-4B__wanda_unstructured_l33	53.45046615600586	14.546245574951172	18.79487419128418	5.961050033569336	0.3484044373035431	0.0355395525693893	0.1651926189661026	0.0357170924544334	0.3052379786968231	0.0302351433783769	0.7717537879943848	0.0732084065675735
wanda_unstructured	wanda_unstructured_l33	33.0	block_out	33	-0.1368587166070938	0.015954477712512	17.100984573364258	3.5403082370758057	33.903045654296875	6.591990947723389	124.4160385131836	18.083032608032227	37.993289947509766	7.372798442840576	0.3034741580486297	0.0225953757762908	0.1368587166070938	0.0159545354545116	0.2706352770328522	0.0194634217768907	0.7962386012077332	0.030676344409585	12.0	/mnt/bn/seed-aws-va/shwai.he/demystifying-transformers-main/focused-compression-analysis/outputs/layerwise_para_perp/Qwen3-4B__wanda_unstructured_l33	124.4160385131836	18.083032608032227	37.993289947509766	7.372798442840576	0.3034741580486297	0.0225953757762908	0.1368587166070938	0.0159545354545116	0.2706352770328522	0.0194634217768907	0.7962386012077332	0.030676344409585
wanda_unstructured	wanda_unstructured_l33	33.0	mlp_out	33	-0.1283623576164245	0.0201091151684522	13.6426362991333	4.027296543121338	29.088354110717773	6.82643985748291	104.89154815673828	19.515968322753903	32.17753219604492	7.725255012512207	0.3042426705360412	0.022159207612276	0.1283623576164245	0.0201091151684522	0.2752662599086761	0.0200464949011802	0.8198647499084473	0.0439317487180233	12.0	/mnt/bn/seed-aws-va/shwai.he/demystifying-transformers-main/focused-compression-analysis/outputs/layerwise_para_perp/Qwen3-4B__wanda_unstructured_l33	104.89154815673828	19.515968322753903	32.17753219604492	7.725255012512207	0.3042426705360412	0.022159207612276	0.1283623576164245	0.0201091151684522	0.2752662599086761	0.0200464949011802	0.8198647499084473	0.0439317487180233
wanda_unstructured	wanda_unstructured_l34	34.0	attn_out	34	-0.1264754980802536	0.0223858449608087	13.33326816558838	2.5452358722686768	27.5942325592041	4.097803115844727	106.57508087158205	16.721145629882812	30.70903587341309	4.409441947937012	0.2894608080387115	0.01904296875	0.1264754980802536	0.0223858039826154	0.2596809566020965	0.0147924339398741	0.8074121475219727	0.0523116514086723	12.0	/mnt/bn/seed-aws-va/shwai.he/demystifying-transformers-main/focused-compression-analysis/outputs/layerwise_para_perp/Qwen3-4B__wanda_unstructured_l34	106.57508087158205	16.721145629882812	30.70903587341309	4.409441947937012	0.2894608080387115	0.01904296875	0.1264754980802536	0.0223858039826154	0.2596809566020965	0.0147924339398741	0.8074121475219727	0.0523116514086723
wanda_unstructured	wanda_unstructured_l34	34.0	block_out	34	-0.1384146958589553	0.0192017909139394	27.677078247070312	2.726853609085083	41.648433685302734	4.677841663360596	201.9527587890625	20.833885192871097	50.12977600097656	4.115400791168213	0.2495836168527603	0.0192773528397083	0.1384146958589553	0.0192018393427133	0.2068751901388168	0.0184097662568092	0.689251184463501	0.0684704557061195	12.0	/mnt/bn/seed-aws-va/shwai.he/demystifying-transformers-main/focused-compression-analysis/outputs/layerwise_para_perp/Qwen3-4B__wanda_unstructured_l34	201.9527587890625	20.833885192871097	50.12977600097656	4.115400791168213	0.2495836168527603	0.0192773528397083	0.1384146958589553	0.0192018393427133	0.2068751901388168	0.0184097662568092	0.689251184463501	0.0684704557061195
wanda_unstructured	wanda_unstructured_l34	34.0	mlp_out	34	-0.139279767870903	0.0166275165975093	20.39423561096191	3.0137219429016113	32.046669006347656	4.046271800994873	146.5600128173828	13.341517448425291	38.068641662597656	4.375753402709961	0.259966105222702	0.019705755636096	0.139279767870903	0.0166275165975093	0.2188063114881515	0.0204735416918993	0.7088308930397034	0.05967927724123	12.0	/mnt/bn/seed-aws-va/shwai.he/demystifying-transformers-main/focused-compression-analysis/outputs/layerwise_para_perp/Qwen3-4B__wanda_unstructured_l34	146.5600128173828	13.341517448425291	38.068641662597656	4.375753402709961	0.259966105222702	0.019705755636096	0.139279767870903	0.0166275165975093	0.2188063114881515	0.0204735416918993	0.7088308930397034	0.05967927724123
wanda_unstructured	wanda_unstructured_l35	35.0	attn_out	35	-0.1054090037941932	0.0198023114353418	11.455333709716797	2.6805386543273926	23.384592056274418	3.6270368099212646	108.55734252929688	18.180034637451172	26.102628707885746	4.130057334899902	0.2437151670455932	0.0419014692306518	0.1054090037941932	0.0198023114353418	0.2190809845924377	0.0406588986515998	0.8062719702720642	0.0559199303388595	12.0	/mnt/bn/seed-aws-va/shwai.he/demystifying-transformers-main/focused-compression-analysis/outputs/layerwise_para_perp/Qwen3-4B__wanda_unstructured_l35	108.55734252929688	18.180034637451172	26.102628707885746	4.130057334899902	0.2437151670455932	0.0419014692306518	0.1054090037941932	0.0198023114353418	0.2190809845924377	0.0406588986515998	0.8062719702720642	0.0559199303388595
wanda_unstructured	wanda_unstructured_l35	35.0	block_out	35	-0.7091021537780762	0.0429944060742855	358.0555419921875	42.00939178466797	225.83750915527344	18.05406379699707	503.9115905761719	39.6121826171875	423.5492858886719	43.62428283691406	0.8395867347717285	0.0411657579243183	0.7091021537780762	0.0429944060742855	0.44874107837677	0.0236148480325937	0.2870466411113739	0.0283736679702997	12.0	/mnt/bn/seed-aws-va/shwai.he/demystifying-transformers-main/focused-compression-analysis/outputs/layerwise_para_perp/Qwen3-4B__wanda_unstructured_l35	503.9115905761719	39.6121826171875	423.5492858886719	43.62428283691406	0.8395867347717285	0.0411657579243183	0.7091021537780762	0.0429944060742855	0.44874107837677	0.0236148480325937	0.2870466411113739	0.0283736679702997
wanda_unstructured	wanda_unstructured_l35	35.0	mlp_out	35	-0.0508425496518611	0.0203516837209463	16.095294952392578	7.42640495300293	28.958101272583008	5.326653003692627	306.6493225097656	29.164939880371097	34.07994079589844	4.4398651123046875	0.1121688261628151	0.0192857328802347	0.0508425496518611	0.0203516837209463	0.0963877737522125	0.02576869353652	0.7373156547546387	0.1877690553665161	12.0	/mnt/bn/seed-aws-va/shwai.he/demystifying-transformers-main/focused-compression-analysis/outputs/layerwise_para_perp/Qwen3-4B__wanda_unstructured_l35	306.6493225097656	29.164939880371097	34.07994079589844	4.4398651123046875	0.1121688261628151	0.0192857328802347	0.0508425496518611	0.0203516837209463	0.0963877737522125	0.02576869353652	0.7373156547546387	0.1877690553665161
wanda_unstructured	wanda_unstructured_l4	4.0	attn_out	4	-0.1581255793571472	0.0155732370913028	0.5139502882957458	0.1519537568092346	0.9466428756713868	0.1949944049119949	3.258254289627075	0.958751618862152	1.0793771743774414	0.2373511493206024	0.3386422395706177	0.0341489389538764	0.1581255793571472	0.0155732370913028	0.2986816465854645	0.0372527502477169	0.775674045085907	0.0538062900304794	12.0	/mnt/bn/seed-aws-va/shwai.he/demystifying-transformers-main/focused-compression-analysis/outputs/layerwise_para_perp/Qwen3-4B__wanda_unstructured_l4	3.258254289627075	0.958751618862152	1.0793771743774414	0.2373511493206024	0.3386422395706177	0.0341489389538764	0.1581255793571472	0.0155732370913028	0.2986816465854645	0.0372527502477169	0.775674045085907	0.0538062900304794
wanda_unstructured	wanda_unstructured_l4	4.0	block_out	4	-0.1427530944347381	0.0303426682949066	1.359520435333252	0.5144539475440979	2.0158302783966064	0.7160191535949707	9.3059663772583	1.5761706829071045	2.4347798824310303	0.8723881840705872	0.2565116882324219	0.0514175444841384	0.1427530944347381	0.0303426682949066	0.2126833945512771	0.0436881706118583	0.6875039935112	0.0498895868659019	12.0	/mnt/bn/seed-aws-va/shwai.he/demystifying-transformers-main/focused-compression-analysis/outputs/layerwise_para_perp/Qwen3-4B__wanda_unstructured_l4	9.3059663772583	1.5761706829071045	2.4347798824310303	0.8723881840705872	0.2565116882324219	0.0514175444841384	0.1427530944347381	0.0303426682949066	0.2126833945512771	0.0436881706118583	0.6875039935112	0.0498895868659019
wanda_unstructured	wanda_unstructured_l4	4.0	mlp_out	4	-0.1359445601701736	0.0323285609483718	1.2302480936050415	0.5562446117401123	1.8393669128417969	0.7302118539810181	8.74682903289795	1.7499237060546875	2.2172858715057373	0.9072160720825196	0.2473288029432296	0.0553036108613014	0.1359445601701736	0.0323285609483718	0.2060329318046569	0.0474804863333702	0.6931355595588684	0.0602369681000709	12.0	/mnt/bn/seed-aws-va/shwai.he/demystifying-transformers-main/focused-compression-analysis/outputs/layerwise_para_perp/Qwen3-4B__wanda_unstructured_l4	8.74682903289795	1.7499237060546875	2.2172858715057373	0.9072160720825196	0.2473288029432296	0.0553036108613014	0.1359445601701736	0.0323285609483718	0.2060329318046569	0.0474804863333702	0.6931355595588684	0.0602369681000709
wanda_unstructured	wanda_unstructured_l5	5.0	attn_out	5	-0.126207485795021	0.0179736874997615	0.6517360806465149	0.1631996482610702	1.2089051008224487	0.1378385126590728	5.110348224639893	0.6731980443000793	1.3757400512695312	0.1979497224092483	0.2695894539356231	0.0210987515747547	0.126207485795021	0.0179736874997615	0.2377385050058365	0.0187791008502244	0.7789917588233948	0.0473475493490695	12.0	/mnt/bn/seed-aws-va/shwai.he/demystifying-transformers-main/focused-compression-analysis/outputs/layerwise_para_perp/Qwen3-4B__wanda_unstructured_l5	5.110348224639893	0.6731980443000793	1.3757400512695312	0.1979497224092483	0.2695894539356231	0.0210987515747547	0.126207485795021	0.0179736874997615	0.2377385050058365	0.0187791008502244	0.7789917588233948	0.0473475493490695
wanda_unstructured	wanda_unstructured_l5	5.0	block_out	5	-0.1323467344045639	0.0251459293067455	1.6123957633972168	0.9230348467826844	2.743515968322754	1.2528096437454224	11.57024097442627	3.96524977684021	3.186711311340332	1.546964406967163	0.2664069831371307	0.0327539928257465	0.1323467344045639	0.0251459665596485	0.2308370620012283	0.024734454229474	0.7546365261077881	0.0419424772262573	12.0	/mnt/bn/seed-aws-va/shwai.he/demystifying-transformers-main/focused-compression-analysis/outputs/layerwise_para_perp/Qwen3-4B__wanda_unstructured_l5	11.57024097442627	3.96524977684021	3.186711311340332	1.546964406967163	0.2664069831371307	0.0327539928257465	0.1323467344045639	0.0251459665596485	0.2308370620012283	0.024734454229474	0.7546365261077881	0.0419424772262573
wanda_unstructured	wanda_unstructured_l5	5.0	mlp_out	5	-0.1613783985376358	0.0230173356831073	1.6873000860214231	0.8985216021537781	2.4688169956207275	1.3092156648635864	10.169266700744627	4.168041229248047	2.9951210021972656	1.578821063041687	0.2856272161006927	0.0347393527626991	0.1613783985376358	0.0230173356831073	0.2350852489471435	0.0308522898703813	0.677982747554779	0.0550373345613479	12.0	/mnt/bn/seed-aws-va/shwai.he/demystifying-transformers-main/focused-compression-analysis/outputs/layerwise_para_perp/Qwen3-4B__wanda_unstructured_l5	10.169266700744627	4.168041229248047	2.9951210021972656	1.578821063041687	0.2856272161006927	0.0347393527626991	0.1613783985376358	0.0230173356831073	0.2350852489471435	0.0308522898703813	0.677982747554779	0.0550373345613479
wanda_unstructured	wanda_unstructured_l6	6.0	attn_out	6	-0.1006508767604827	0.0228811223059892	0.7014217376708984	0.1343637704849243	1.7607430219650269	0.2489674240350723	7.0615553855896	0.9513904452323914	1.9014310836791992	0.2383402734994888	0.2724398374557495	0.0410935692489147	0.1006508767604827	0.0228811018168926	0.2521852850914001	0.0407503731548786	0.8563576340675354	0.054018560796976	12.0	/mnt/bn/seed-aws-va/shwai.he/demystifying-transformers-main/focused-compression-analysis/outputs/layerwise_para_perp/Qwen3-4B__wanda_unstructured_l6	7.0615553855896	0.9513904452323914	1.9014310836791992	0.2383402734994888	0.2724398374557495	0.0410935692489147	0.1006508767604827	0.0228811018168926	0.2521852850914001	0.0407503731548786	0.8563576340675354	0.054018560796976
wanda_unstructured	wanda_unstructured_l6	6.0	block_out	6	-0.137416660785675	0.0347195081412792	1.7237482070922852	0.7105859518051147	3.3303868770599365	1.0045572519302368	12.216097831726074	2.1704835891723633	3.759214162826538	1.2021484375	0.3023456633090973	0.043294969946146	0.137416660785675	0.0347195379436016	0.2684566974639892	0.0336092635989189	0.7940728664398193	0.0580043382942676	12.0	/mnt/bn/seed-aws-va/shwai.he/demystifying-transformers-main/focused-compression-analysis/outputs/layerwise_para_perp/Qwen3-4B__wanda_unstructured_l6	12.216097831726074	2.1704835891723633	3.759214162826538	1.2021484375	0.3023456633090973	0.043294969946146	0.137416660785675	0.0347195379436016	0.2684566974639892	0.0336092635989189	0.7940728664398193	0.0580043382942676
wanda_unstructured	wanda_unstructured_l6	6.0	mlp_out	6	-0.1577915102243423	0.0299215167760849	1.692564845085144	0.7079544067382812	2.9623241424560547	1.0331804752349854	10.402653694152832	2.5103909969329834	3.418668508529663	1.2334939241409302	0.3216260075569153	0.0354851074516773	0.1577915102243423	0.0299215782433748	0.2794511914253235	0.0285665392875671	0.7584559321403503	0.0579560212790966	12.0	/mnt/bn/seed-aws-va/shwai.he/demystifying-transformers-main/focused-compression-analysis/outputs/layerwise_para_perp/Qwen3-4B__wanda_unstructured_l6	10.402653694152832	2.5103909969329834	3.418668508529663	1.2334939241409302	0.3216260075569153	0.0354851074516773	0.1577915102243423	0.0299215782433748	0.2794511914253235	0.0285665392875671	0.7584559321403503	0.0579560212790966
wanda_unstructured	wanda_unstructured_l7	7.0	attn_out	7	-0.1359639465808868	0.01939108222723	0.8226726651191711	0.1661950498819351	1.5956922769546509	0.284006804227829	6.1397786140441895	1.432727336883545	1.7972497940063477	0.3181158900260925	0.2965653240680694	0.0223916694521904	0.135963961482048	0.0193909853696823	0.2631613910198211	0.0183369759470224	0.7889630794525146	0.0397529602050781	12.0	/mnt/bn/seed-aws-va/shwai.he/demystifying-transformers-main/focused-compression-analysis/outputs/layerwise_para_perp/Qwen3-4B__wanda_unstructured_l7	6.1397786140441895	1.432727336883545	1.7972497940063477	0.3181158900260925	0.2965653240680694	0.0223916694521904	0.135963961482048	0.0193909853696823	0.2631613910198211	0.0183369759470224	0.7889630794525146	0.0397529602050781
wanda_unstructured	wanda_unstructured_l7	7.0	block_out	7	-0.1744114905595779	0.026214936748147	2.1464147567749023	0.8620574474334717	3.5076377391815186	1.1026155948638916	12.126053810119627	3.690196990966797	4.124734878540039	1.3623813390731812	0.338506817817688	0.0182885602116584	0.1744114905595779	0.026214936748147	0.2890852987766266	0.0156345330178737	0.7321817874908447	0.0636940374970436	12.0	/mnt/bn/seed-aws-va/shwai.he/demystifying-transformers-main/focused-compression-analysis/outputs/layerwise_para_perp/Qwen3-4B__wanda_unstructured_l7	12.126053810119627	3.690196990966797	4.124734878540039	1.3623813390731812	0.338506817817688	0.0182885602116584	0.1744114905595779	0.026214936748147	0.2890852987766266	0.0156345330178737	0.7321817874908447	0.0636940374970436
wanda_unstructured	wanda_unstructured_l7	7.0	mlp_out	7	-0.1948795318603515	0.0271222125738859	2.128614902496338	0.9013531804084778	3.254035234451294	1.083516240119934	10.795517921447754	3.672422409057617	3.902663469314575	1.3694558143615725	0.3609729707241058	0.0143680442124605	0.1948795318603515	0.0271222125738859	0.3026491701602936	0.0140630090609192	0.7060779929161072	0.068280853331089	12.0	/mnt/bn/seed-aws-va/shwai.he/demystifying-transformers-main/focused-compression-analysis/outputs/layerwise_para_perp/Qwen3-4B__wanda_unstructured_l7	10.795517921447754	3.672422409057617	3.902663469314575	1.3694558143615725	0.3609729707241058	0.0143680442124605	0.1948795318603515	0.0271222125738859	0.3026491701602936	0.0140630090609192	0.7060779929161072	0.068280853331089
wanda_unstructured	wanda_unstructured_l8	8.0	attn_out	8	-0.1403459161520004	0.0273937378078699	1.213133454322815	0.2816798985004425	2.454793691635132	0.2761764824390411	8.661674499511719	1.2960864305496216	2.744861364364624	0.3450473248958587	0.3184339702129364	0.0213886201381683	0.1403459012508392	0.0273937713354825	0.2849707901477813	0.0142100537195801	0.8044250011444092	0.0549696050584316	12.0	/mnt/bn/seed-aws-va/shwai.he/demystifying-transformers-main/focused-compression-analysis/outputs/layerwise_para_perp/Qwen3-4B__wanda_unstructured_l8	8.661674499511719	1.2960864305496216	2.744861364364624	0.3450473248958587	0.3184339702129364	0.0213886201381683	0.1403459012508392	0.0273937713354825	0.2849707901477813	0.0142100537195801	0.8044250011444092	0.0549696050584316
wanda_unstructured	wanda_unstructured_l8	8.0	block_out	8	-0.1898478716611862	0.0235599651932716	3.086225748062134	0.4793479740619659	5.296835422515869	1.0667701959609983	16.51900291442871	3.35119366645813	6.145296096801758	1.0882867574691772	0.3739531338214874	0.0176255330443382	0.1898478716611862	0.0235599651932716	0.3213096857070923	0.0177311059087514	0.739673376083374	0.0548925660550594	12.0	/mnt/bn/seed-aws-va/shwai.he/demystifying-transformers-main/focused-compression-analysis/outputs/layerwise_para_perp/Qwen3-4B__wanda_unstructured_l8	16.51900291442871	3.35119366645813	6.145296096801758	1.0882867574691772	0.3739531338214874	0.0176255330443382	0.1898478716611862	0.0235599651932716	0.3213096857070923	0.0177311059087514	0.739673376083374	0.0548925660550594
wanda_unstructured	wanda_unstructured_l8	8.0	mlp_out	8	-0.2078113704919815	0.030989995226264	3.024970293045044	0.4920314848423004	4.943058490753174	1.1144208908081057	14.937820434570312	3.609757661819458	5.812101364135742	1.1348042488098145	0.3931519985198974	0.0244795866310596	0.2078113704919815	0.0309901162981987	0.3326251804828644	0.0195520296692848	0.7188501358032227	0.0620150826871395	12.0	/mnt/bn/seed-aws-va/shwai.he/demystifying-transformers-main/focused-compression-analysis/outputs/layerwise_para_perp/Qwen3-4B__wanda_unstructured_l8	14.937820434570312	3.609757661819458	5.812101364135742	1.1348042488098145	0.3931519985198974	0.0244795866310596	0.2078113704919815	0.0309901162981987	0.3326251804828644	0.0195520296692848	0.7188501358032227	0.0620150826871395
wanda_unstructured	wanda_unstructured_l9	9.0	attn_out	9	-0.1087872758507728	0.0276776608079671	0.8630115389823914	0.2667194604873657	1.9703360795974731	0.2253712862730026	7.911172389984131	1.3670480251312256	2.1615612506866455	0.2767637372016907	0.2758136093616485	0.0218499042093753	0.1087872684001922	0.0276776943355798	0.251999020576477	0.0211266297847032	0.8367573618888855	0.0709130838513374	12.0	/mnt/bn/seed-aws-va/shwai.he/demystifying-transformers-main/focused-compression-analysis/outputs/layerwise_para_perp/Qwen3-4B__wanda_unstructured_l9	7.911172389984131	1.3670480251312256	2.1615612506866455	0.2767637372016907	0.2758136093616485	0.0218499042093753	0.1087872684001922	0.0276776943355798	0.251999020576477	0.0211266297847032	0.8367573618888855	0.0709130838513374
wanda_unstructured	wanda_unstructured_l9	9.0	block_out	9	-0.1581590175628662	0.0210822355002164	2.6000051498413086	0.9261898398399352	5.119740962982178	1.43778657913208	16.35334014892578	5.08793830871582	5.748754978179932	1.6877949237823486	0.3532172441482544	0.0182087421417236	0.1581590175628662	0.0210822355002164	0.3153384625911712	0.0140319811180233	0.7985296249389648	0.0396448597311973	12.0	/mnt/bn/seed-aws-va/shwai.he/demystifying-transformers-main/focused-compression-analysis/outputs/layerwise_para_perp/Qwen3-4B__wanda_unstructured_l9	16.35334014892578	5.08793830871582	5.748754978179932	1.6877949237823486	0.3532172441482544	0.0182087421417236	0.1581590175628662	0.0210822355002164	0.3153384625911712	0.0140319811180233	0.7985296249389648	0.0396448597311973
wanda_unstructured	wanda_unstructured_l9	9.0	mlp_out	9	-0.174037829041481	0.0179289150983095	2.711634874343872	0.8978181481361389	4.963718414306641	1.4614113569259644	15.593493461608888	5.000027656555176	5.659691333770752	1.7032794952392578	0.3650480508804321	0.0209253579378128	0.1740378588438034	0.0179286543279886	0.3206066191196441	0.0172838363796472	0.7722461819648743	0.0308796875178813	12.0	/mnt/bn/seed-aws-va/shwai.he/demystifying-transformers-main/focused-compression-analysis/outputs/layerwise_para_perp/Qwen3-4B__wanda_unstructured_l9	15.593493461608888	5.000027656555176	5.659691333770752	1.7032794952392578	0.3650480508804321	0.0209253579378128	0.1740378588438034	0.0179286543279886	0.3206066191196441	0.0172838363796472	0.7722461819648743	0.0308796875178813
