setting	method	focus_layer	component	layer	alpha	alpha_std	para_abs	para_abs_std	perp_abs	perp_abs_std	x_norm	x_norm_std	delta_norm	delta_norm_std	delta_over_x	delta_over_x_std	para_over_x	para_over_x_std	perp_over_x	perp_over_x_std	perp_ratio	perp_ratio_std	count	run_dir
awq_native	awq_native_l0	0	attn_out	0	-0.012054136954247952	0.004226004704833031	0.04519525542855263	0.01416486594825983	0.19791358709335327	0.028521448373794556	3.8522732257843018	0.5188212990760803	0.20369581878185272	0.027102289721369743	0.05474517121911049	0.015414322726428509	0.012054137885570526	0.004226000979542732	0.0532238632440567	0.015449733473360538	0.9420607686042786	0.04079267755150795	12.0	/mnt/bn/seed-aws-va/shwai.he/demystifying-transformers-main/focused-compression-analysis/outputs/layerwise_para_perp/Qwen3-4B__awq_native_l0
awq_native	awq_native_l0	0	block_out	0	-0.02919529564678669	0.006664528511464596	0.22421880066394806	0.052014630287885666	0.4502042233943939	0.23670953512191772	7.808135509490967	1.257848858833313	0.5135319828987122	0.2190427929162979	0.06362781673669815	0.015975814312696457	0.02919529564678669	0.006664528511464596	0.05517665669322014	0.019038939848542213	0.7316308617591858	0.1577768176794052	12.0	/mnt/bn/seed-aws-va/shwai.he/demystifying-transformers-main/focused-compression-analysis/outputs/layerwise_para_perp/Qwen3-4B__awq_native_l0
awq_native	awq_native_l0	0	mlp_out	0	-0.043446194380521774	0.010499599389731884	0.19819088280200958	0.04637414962053299	0.4035489559173584	0.23660309612751007	4.924187183380127	1.8690681457519531	0.4586765766143799	0.22333553433418274	0.09020159393548965	0.01069317851215601	0.043446194380521774	0.010499599389731884	0.07729987800121307	0.016661005094647408	0.7265346050262451	0.15163590013980865	12.0	/mnt/bn/seed-aws-va/shwai.he/demystifying-transformers-main/focused-compression-analysis/outputs/layerwise_para_perp/Qwen3-4B__awq_native_l0
awq_native	awq_native_l1	1	attn_out	1	-0.0117572620511055	0.007655831519514322	0.032102104276418686	0.024007394909858704	0.22491829097270966	0.034520223736763	2.587146520614624	0.3294939696788788	0.22801892459392548	0.03733835369348526	0.08799048513174057	0.006740655284374952	0.0117572620511055	0.007655831519514322	0.08689092844724655	0.006393996998667717	0.9759231209754944	0.02477877028286457	12.0	/mnt/bn/seed-aws-va/shwai.he/demystifying-transformers-main/focused-compression-analysis/outputs/layerwise_para_perp/Qwen3-4B__awq_native_l1
awq_native	awq_native_l1	1	block_out	1	-0.016359852626919746	0.011636818759143353	0.06253387778997421	0.04519102722406387	0.333385705947876	0.12125401198863983	3.4068033695220947	0.914424479007721	0.3405640125274658	0.125767320394516	0.0981513038277626	0.010807446204125881	0.01724318601191044	0.010282649658620358	0.09616527706384659	0.009982886724174023	0.9616362452507019	0.03069382719695568	12.0	/mnt/bn/seed-aws-va/shwai.he/demystifying-transformers-main/focused-compression-analysis/outputs/layerwise_para_perp/Qwen3-4B__awq_native_l1
awq_native	awq_native_l1	1	mlp_out	1	-0.028211278840899467	0.02366091124713421	0.06278907507658005	0.04258202761411667	0.24554544687271118	0.13111713528633118	2.155550956726074	0.9247154593467712	0.2561551630496979	0.1327572911977768	0.11587388068437576	0.02018831856548786	0.03003937192261219	0.02129204384982586	0.11040571331977844	0.017005521804094315	0.9181613922119141	0.08612940460443497	12.0	/mnt/bn/seed-aws-va/shwai.he/demystifying-transformers-main/focused-compression-analysis/outputs/layerwise_para_perp/Qwen3-4B__awq_native_l1
awq_native	awq_native_l10	10	attn_out	10	-0.015597584657371044	0.022102899849414825	0.21544413268566132	0.1599591225385666	1.5597352981567383	0.1821419894695282	9.636845588684082	1.359122395515442	1.5819010734558105	0.18852652609348297	0.16474519670009613	0.007959064096212387	0.021959885954856873	0.015798300504684448	0.16249707341194153	0.00819759164005518	0.973171055316925	0.030624812468886375	12.0	/mnt/bn/seed-aws-va/shwai.he/demystifying-transformers-main/focused-compression-analysis/outputs/layerwise_para_perp/Qwen3-4B__awq_native_l10
awq_native	awq_native_l10	10	block_out	10	-0.024698035791516304	0.0069669028744101524	0.4090079069137573	0.1455513834953308	2.431581735610962	0.46490323543548584	16.548221588134766	3.941051959991455	2.468583822250366	0.47253718972206116	0.15070758759975433	0.00820451881736517	0.024698035791516304	0.006966907065361738	0.14848452806472778	0.008596536703407764	0.9704985618591309	0.016003785654902458	12.0	/mnt/bn/seed-aws-va/shwai.he/demystifying-transformers-main/focused-compression-analysis/outputs/layerwise_para_perp/Qwen3-4B__awq_native_l10
awq_native	awq_native_l10	10	mlp_out	10	-0.028637902811169624	0.0075907837599515915	0.43018707633018494	0.14006885886192322	2.376770257949829	0.4347008764743805	15.17504596710205	3.5631487369537354	2.418473482131958	0.4400782287120819	0.16126923263072968	0.010185924358665943	0.028637906536459923	0.00759076839312911	0.15850278735160828	0.010518253780901432	0.9657846093177795	0.019460933282971382	12.0	/mnt/bn/seed-aws-va/shwai.he/demystifying-transformers-main/focused-compression-analysis/outputs/layerwise_para_perp/Qwen3-4B__awq_native_l10
awq_native	awq_native_l11	11	attn_out	11	-0.027878371998667717	0.015400436706840992	0.2319256216287613	0.11006368696689606	1.407530665397644	0.15306740999221802	8.743943214416504	1.4012089967727661	1.4317668676376343	0.14324627816677094	0.16615234315395355	0.020396338775753975	0.027878371998667717	0.015400436706840992	0.16314242780208588	0.019818810746073723	0.9649866223335266	0.029130591079592705	12.0	/mnt/bn/seed-aws-va/shwai.he/demystifying-transformers-main/focused-compression-analysis/outputs/layerwise_para_perp/Qwen3-4B__awq_native_l11
awq_native	awq_native_l11	11	block_out	11	-0.028160391375422478	0.005246089305728674	0.4372197091579437	0.11838661879301071	2.301520824432373	0.47331053018569946	15.577537536621094	3.3646488189697266	2.344046115875244	0.48129624128341675	0.15094596147537231	0.007940788753330708	0.028160393238067627	0.005246089305728674	0.14820528030395508	0.007899632677435875	0.9640283584594727	0.012064598500728607	12.0	/mnt/bn/seed-aws-va/shwai.he/demystifying-transformers-main/focused-compression-analysis/outputs/layerwise_para_perp/Qwen3-4B__awq_native_l11
awq_native	awq_native_l11	11	mlp_out	11	-0.032310932874679565	0.006146546453237534	0.4648503065109253	0.13102120161056519	2.1825754642486572	0.4696194529533386	14.45043659210205	3.5118751525878906	2.233224630355835	0.4797273278236389	0.15536099672317505	0.006570711731910706	0.032310932874679565	0.00614655576646328	0.15183435380458832	0.006690522190183401	0.9550855755805969	0.014729592949151993	12.0	/mnt/bn/seed-aws-va/shwai.he/demystifying-transformers-main/focused-compression-analysis/outputs/layerwise_para_perp/Qwen3-4B__awq_native_l11
awq_native	awq_native_l12	12	attn_out	12	-0.016810553148388863	0.019118841737508774	0.24357546865940094	0.13436371088027954	1.555497169494629	0.10774210840463638	10.3915376663208	0.7736988663673401	1.5787678956985474	0.12670592963695526	0.15203633904457092	0.007080998737365007	0.022855207324028015	0.011214470490813255	0.14990141987800598	0.0068285767920315266	0.9724754691123962	0.02223556861281395	12.0	/mnt/bn/seed-aws-va/shwai.he/demystifying-transformers-main/focused-compression-analysis/outputs/layerwise_para_perp/Qwen3-4B__awq_native_l12
awq_native	awq_native_l12	12	block_out	12	-0.028141921386122704	0.010707087814807892	0.4553358256816864	0.1294444501399994	2.4336585998535156	0.4369596242904663	16.199983596801758	2.913947343826294	2.4801077842712402	0.4321788251399994	0.15326713025569916	0.004893291741609573	0.028802314773201942	0.008777020499110222	0.1502772569656372	0.004989414010196924	0.9614200592041016	0.015718182548880577	12.0	/mnt/bn/seed-aws-va/shwai.he/demystifying-transformers-main/focused-compression-analysis/outputs/layerwise_para_perp/Qwen3-4B__awq_native_l12
awq_native	awq_native_l12	12	mlp_out	12	-0.03654373064637184	0.01258658617734909	0.5017443895339966	0.15897735953330994	2.24564266204834	0.43135330080986023	14.206377983093262	2.9714574813842773	2.307790517807007	0.4243818521499634	0.16328032314777374	0.006905878894031048	0.03654373064637184	0.01258658617734909	0.15865753591060638	0.006486690603196621	0.9446509480476379	0.026601247489452362	12.0	/mnt/bn/seed-aws-va/shwai.he/demystifying-transformers-main/focused-compression-analysis/outputs/layerwise_para_perp/Qwen3-4B__awq_native_l12
awq_native	awq_native_l13	13	attn_out	13	-0.028727112337946892	0.01636522263288498	0.27771273255348206	0.18814919888973236	1.4560555219650269	0.1607609987258911	9.11807632446289	1.8696048259735107	1.491401195526123	0.18490199744701385	0.16648469865322113	0.016761180013418198	0.028873778879642487	0.016105040907859802	0.16299833357334137	0.01834576018154621	0.9568610787391663	0.04114258661866188	12.0	/mnt/bn/seed-aws-va/shwai.he/demystifying-transformers-main/focused-compression-analysis/outputs/layerwise_para_perp/Qwen3-4B__awq_native_l13
awq_native	awq_native_l13	13	block_out	13	-0.024761473760008812	0.009516472928225994	0.40895184874534607	0.2224913239479065	2.5601348876953125	0.4681326150894165	16.054533004760742	3.3017218112945557	2.597417116165161	0.4935656487941742	0.16233515739440918	0.005539759993553162	0.024761470034718513	0.00951648224145174	0.16016307473182678	0.005243520252406597	0.9736998677253723	0.01882576011121273	12.0	/mnt/bn/seed-aws-va/shwai.he/demystifying-transformers-main/focused-compression-analysis/outputs/layerwise_para_perp/Qwen3-4B__awq_native_l13
awq_native	awq_native_l13	13	mlp_out	13	-0.02728368155658245	0.008314881473779678	0.40611323714256287	0.17749515175819397	2.3918545246124268	0.4437141418457031	14.665913581848145	3.003563404083252	2.429529905319214	0.4600728750228882	0.1661631315946579	0.005000787321478128	0.02728368155658245	0.008314885199069977	0.16368772089481354	0.005290202796459198	0.9704635143280029	0.017792141065001488	12.0	/mnt/bn/seed-aws-va/shwai.he/demystifying-transformers-main/focused-compression-analysis/outputs/layerwise_para_perp/Qwen3-4B__awq_native_l13
awq_native	awq_native_l14	14	attn_out	14	-0.02845490723848343	0.008173680864274502	0.29153546690940857	0.09569825977087021	1.740362286567688	0.13599224388599396	10.176310539245605	1.068668246269226	1.766596794128418	0.14367090165615082	0.17417480051517487	0.008492115885019302	0.02845490723848343	0.008173680864274502	0.17163769900798798	0.008543177507817745	0.9710670113563538	0.012250897474586964	12.0	/mnt/bn/seed-aws-va/shwai.he/demystifying-transformers-main/focused-compression-analysis/outputs/layerwise_para_perp/Qwen3-4B__awq_native_l14
awq_native	awq_native_l14	14	block_out	14	-0.02536073327064514	0.006322204601019621	0.405072420835495	0.10471149533987045	2.5175158977508545	0.34457990527153015	16.032020568847656	1.8471813201904297	2.551762342453003	0.34666869044303894	0.15893851220607758	0.0075764767825603485	0.02536073327064514	0.006322204601019621	0.15678377449512482	0.007386514917016029	0.97320955991745	0.012546547688543797	12.0	/mnt/bn/seed-aws-va/shwai.he/demystifying-transformers-main/focused-compression-analysis/outputs/layerwise_para_perp/Qwen3-4B__awq_native_l14
awq_native	awq_native_l14	14	mlp_out	14	-0.03003927506506443	0.009384412318468094	0.423951655626297	0.12972307205200195	2.3123276233673096	0.34097838401794434	14.308375358581543	1.7635021209716797	2.3556160926818848	0.3328079879283905	0.1644803136587143	0.00876497570425272	0.03003927506506443	0.009384412318468094	0.16138802468776703	0.00969940610229969	0.9623677730560303	0.025148853659629822	12.0	/mnt/bn/seed-aws-va/shwai.he/demystifying-transformers-main/focused-compression-analysis/outputs/layerwise_para_perp/Qwen3-4B__awq_native_l14
awq_native	awq_native_l15	15	attn_out	15	-0.023259958252310753	0.010397789999842644	0.22643935680389404	0.09853097051382065	1.681085228919983	0.39724403619766235	10.134062767028809	2.2064037322998047	1.6995153427124023	0.3955768346786499	0.16732938587665558	0.012577241286635399	0.023259958252310753	0.010397789999842644	0.1653979867696762	0.012315724045038223	0.9773045182228088	0.016976114362478256	12.0	/mnt/bn/seed-aws-va/shwai.he/demystifying-transformers-main/focused-compression-analysis/outputs/layerwise_para_perp/Qwen3-4B__awq_native_l15
awq_native	awq_native_l15	15	block_out	15	-0.030062399804592133	0.011711406521499157	0.46488454937934875	0.22541512548923492	2.5750458240509033	0.5622240304946899	15.109306335449219	3.7707455158233643	2.6225173473358154	0.5799038410186768	0.17465323209762573	0.006325609982013702	0.030062401667237282	0.011711401864886284	0.17163681983947754	0.006607883609831333	0.9658426642417908	0.02226235903799534	12.0	/mnt/bn/seed-aws-va/shwai.he/demystifying-transformers-main/focused-compression-analysis/outputs/layerwise_para_perp/Qwen3-4B__awq_native_l15
awq_native	awq_native_l15	15	mlp_out	15	-0.04274679347872734	0.011960861273109913	0.6042910218238831	0.1889060139656067	2.35588002204895	0.5018443465232849	14.209195137023926	2.527757167816162	2.438922643661499	0.5045077204704285	0.17099963128566742	0.007595138158649206	0.04274679347872734	0.011960861273109913	0.1650855392217636	0.008658821694552898	0.9320455193519592	0.036986298859119415	12.0	/mnt/bn/seed-aws-va/shwai.he/demystifying-transformers-main/focused-compression-analysis/outputs/layerwise_para_perp/Qwen3-4B__awq_native_l15
awq_native	awq_native_l16	16	attn_out	16	-0.027158038690686226	0.014687202870845795	0.25552427768707275	0.13775211572647095	1.5843548774719238	0.2229863405227661	9.016239166259766	1.0635262727737427	1.6099439859390259	0.22858655452728271	0.17922024428844452	0.022656461223959923	0.02788241021335125	0.013260625302791595	0.17647530138492584	0.023160409182310104	0.9690294861793518	0.02196044661104679	12.0	/mnt/bn/seed-aws-va/shwai.he/demystifying-transformers-main/focused-compression-analysis/outputs/layerwise_para_perp/Qwen3-4B__awq_native_l16
awq_native	awq_native_l16	16	block_out	16	-0.03356773033738136	0.008987964130938053	0.5147747993469238	0.2279137372970581	2.4921929836273193	0.427262544631958	14.728691101074219	2.667677164077759	2.5485081672668457	0.464351624250412	0.1730296015739441	0.006288398522883654	0.03356773033738136	0.00898795761168003	0.16950488090515137	0.006269264500588179	0.959855318069458	0.020869383588433266	12.0	/mnt/bn/seed-aws-va/shwai.he/demystifying-transformers-main/focused-compression-analysis/outputs/layerwise_para_perp/Qwen3-4B__awq_native_l16
awq_native	awq_native_l16	16	mlp_out	16	-0.04176716133952141	0.01260205078870058	0.6149364113807678	0.27774158120155334	2.3250505924224854	0.4422415792942047	14.213532447814941	2.2408463954925537	2.4102296829223633	0.4975113868713379	0.16855807602405548	0.011867296881973743	0.04176716133952141	0.012602055445313454	0.1629563421010971	0.009725200943648815	0.9365137219429016	0.03229030966758728	12.0	/mnt/bn/seed-aws-va/shwai.he/demystifying-transformers-main/focused-compression-analysis/outputs/layerwise_para_perp/Qwen3-4B__awq_native_l16
awq_native	awq_native_l17	17	attn_out	17	-0.018224632367491722	0.013730286620557308	0.19231770932674408	0.10250061750411987	1.8096266984939575	0.3546854853630066	10.008103370666504	1.3305584192276	1.8241780996322632	0.3470116853713989	0.18149243295192719	0.016977651044726372	0.019851094111800194	0.011251312680542469	0.17996162176132202	0.017913896590471268	0.9822824001312256	0.020187050104141235	12.0	/mnt/bn/seed-aws-va/shwai.he/demystifying-transformers-main/focused-compression-analysis/outputs/layerwise_para_perp/Qwen3-4B__awq_native_l17
awq_native	awq_native_l17	17	block_out	17	-0.0335317887365818	0.008086884394288063	0.5087196230888367	0.11733008176088333	2.6874959468841553	0.5107725262641907	15.450333595275879	2.47759747505188	2.7384722232818604	0.5068076848983765	0.17671070992946625	0.006806583143770695	0.0335317887365818	0.008086884394288063	0.17329193651676178	0.007288911379873753	0.9615836143493652	0.01895669847726822	12.0	/mnt/bn/seed-aws-va/shwai.he/demystifying-transformers-main/focused-compression-analysis/outputs/layerwise_para_perp/Qwen3-4B__awq_native_l17
awq_native	awq_native_l17	17	mlp_out	17	-0.03389400243759155	0.010562174022197723	0.5152289271354675	0.18525423109531403	2.376396417617798	0.4272419214248657	15.110057830810547	1.7454731464385986	2.4360146522521973	0.4420485496520996	0.1601438969373703	0.011446003802120686	0.03389400243759155	0.010562174022197723	0.15622587502002716	0.010496982373297215	0.9525331854820251	0.025589384138584137	12.0	/mnt/bn/seed-aws-va/shwai.he/demystifying-transformers-main/focused-compression-analysis/outputs/layerwise_para_perp/Qwen3-4B__awq_native_l17
awq_native	awq_native_l18	18	attn_out	18	-0.019732831045985222	0.01698724739253521	0.2510664761066437	0.1788671612739563	1.892419457435608	0.2660335302352905	10.499770164489746	1.513670563697815	1.9142355918884277	0.2876722514629364	0.18263812363147736	0.012731939554214478	0.022651106119155884	0.012840511277318	0.18077407777309418	0.012711001560091972	0.9799060821533203	0.021884316578507423	12.0	/mnt/bn/seed-aws-va/shwai.he/demystifying-transformers-main/focused-compression-analysis/outputs/layerwise_para_perp/Qwen3-4B__awq_native_l18
awq_native	awq_native_l18	18	block_out	18	-0.023542163893580437	0.01151052862405777	0.41455745697021484	0.25782743096351624	2.937462568283081	0.4943075478076935	16.776098251342773	3.1985342502593994	2.9737844467163086	0.5176517963409424	0.1778491735458374	0.00789054948836565	0.023542163893580437	0.011510531418025494	0.17587397992610931	0.008614501915872097	0.9776584506034851	0.0175798200070858	12.0	/mnt/bn/seed-aws-va/shwai.he/demystifying-transformers-main/focused-compression-analysis/outputs/layerwise_para_perp/Qwen3-4B__awq_native_l18
awq_native	awq_native_l18	18	mlp_out	18	-0.02857089601457119	0.011101681739091873	0.4514274597167969	0.23286469280719757	2.596935272216797	0.4570745527744293	15.306750297546387	2.743739604949951	2.642437696456909	0.4780435562133789	0.17270000278949738	0.009976307861506939	0.02857089601457119	0.011101681739091873	0.1699131727218628	0.010713974013924599	0.9676823019981384	0.021817486733198166	12.0	/mnt/bn/seed-aws-va/shwai.he/demystifying-transformers-main/focused-compression-analysis/outputs/layerwise_para_perp/Qwen3-4B__awq_native_l18
awq_native	awq_native_l19	19	attn_out	19	-0.019222021102905273	0.020520230755209923	0.3169216215610504	0.2509419620037079	2.467790365219116	0.2807273268699646	14.262450218200684	1.136812686920166	2.501530885696411	0.27304136753082275	0.17545078694820404	0.013883787207305431	0.022117437794804573	0.017360441386699677	0.17309917509555817	0.014894579537212849	0.9727916121482849	0.031013548374176025	12.0	/mnt/bn/seed-aws-va/shwai.he/demystifying-transformers-main/focused-compression-analysis/outputs/layerwise_para_perp/Qwen3-4B__awq_native_l19
awq_native	awq_native_l19	19	block_out	19	-0.03497657552361488	0.01044047437608242	0.7864149212837219	0.2667962312698364	3.651643753051758	0.3076171875	22.308961868286133	2.6669933795928955	3.7455813884735107	0.298963725566864	0.16884571313858032	0.011736379936337471	0.03497657552361488	0.01044047437608242	0.1647116094827652	0.013577064499258995	0.950274646282196	0.03116692043840885	12.0	/mnt/bn/seed-aws-va/shwai.he/demystifying-transformers-main/focused-compression-analysis/outputs/layerwise_para_perp/Qwen3-4B__awq_native_l19
awq_native	awq_native_l19	19	mlp_out	19	-0.047893423587083817	0.008638213388621807	0.9284204840660095	0.16396202147006989	3.0524556636810303	0.3064710795879364	19.548030853271484	2.715644598007202	3.1954567432403564	0.29885366559028625	0.1646963506937027	0.013420519419014454	0.047893423587083817	0.008638213388621807	0.15730519592761993	0.013844759203493595	0.9117963910102844	0.030908627435564995	12.0	/mnt/bn/seed-aws-va/shwai.he/demystifying-transformers-main/focused-compression-analysis/outputs/layerwise_para_perp/Qwen3-4B__awq_native_l19
awq_native	awq_native_l2	2	attn_out	2	-0.012029084376990795	0.009050934575498104	0.031951937824487686	0.02074192836880684	0.28523534536361694	0.03588784113526344	2.72405743598938	0.3695814907550812	0.2878943979740143	0.03485850244760513	0.10628509521484375	0.009130775928497314	0.01249923836439848	0.008389716036617756	0.10523397475481033	0.008892981335520744	0.9807996153831482	0.019105466082692146	12.0	/mnt/bn/seed-aws-va/shwai.he/demystifying-transformers-main/focused-compression-analysis/outputs/layerwise_para_perp/Qwen3-4B__awq_native_l2
awq_native	awq_native_l2	2	block_out	2	-0.016660667955875397	0.00884331576526165	0.07353012263774872	0.039737600833177567	0.4908321797847748	0.1017184928059578	4.415557384490967	0.9577285647392273	0.49801376461982727	0.10114783048629761	0.11324610561132431	0.006072231102734804	0.016660667955875397	0.008843320421874523	0.11160672456026077	0.007050485350191593	0.9704834818840027	0.023376384750008583	12.0	/mnt/bn/seed-aws-va/shwai.he/demystifying-transformers-main/focused-compression-analysis/outputs/layerwise_para_perp/Qwen3-4B__awq_native_l2
awq_native	awq_native_l2	2	mlp_out	2	-0.020291471853852272	0.009464496746659279	0.07360316067934036	0.038180336356163025	0.4120720326900482	0.10243444889783859	3.589118003845215	0.8690676689147949	0.4202718734741211	0.10267855226993561	0.11736199259757996	0.007062561344355345	0.020291471853852272	0.009464496746659279	0.11511578410863876	0.00841156579554081	0.9609766006469727	0.035186752676963806	12.0	/mnt/bn/seed-aws-va/shwai.he/demystifying-transformers-main/focused-compression-analysis/outputs/layerwise_para_perp/Qwen3-4B__awq_native_l2
awq_native	awq_native_l20	20	attn_out	20	-0.03590070828795433	0.012743167579174042	0.37477365136146545	0.14028486609458923	2.024007558822632	0.35375967621803284	10.422728538513184	1.281166672706604	2.062941312789917	0.35519230365753174	0.19739119708538055	0.016276143491268158	0.03590070828795433	0.012743167579174042	0.19363541901111603	0.016800861805677414	0.9620072245597839	0.02541995234787464	12.0	/mnt/bn/seed-aws-va/shwai.he/demystifying-transformers-main/focused-compression-analysis/outputs/layerwise_para_perp/Qwen3-4B__awq_native_l20
awq_native	awq_native_l20	20	block_out	20	-0.028750047087669373	0.00870776642113924	0.5533731579780579	0.21491219103336334	3.3112363815307617	0.49925556778907776	19.29698944091797	3.5536956787109375	3.361646890640259	0.5150559544563293	0.17522506415843964	0.008744125254452229	0.028750047087669373	0.008707772940397263	0.1726444810628891	0.008472022600471973	0.9710174202919006	0.016710707917809486	12.0	/mnt/bn/seed-aws-va/shwai.he/demystifying-transformers-main/focused-compression-analysis/outputs/layerwise_para_perp/Qwen3-4B__awq_native_l20
awq_native	awq_native_l20	20	mlp_out	20	-0.03387519344687462	0.008176418952643871	0.6263120770454407	0.14579376578330994	2.9238529205322266	0.45554205775260925	18.867536544799805	3.018406629562378	2.9939193725585938	0.45431676506996155	0.15896821022033691	0.006472604814916849	0.03387519344687462	0.008176418952643871	0.15512999892234802	0.0057520573027431965	0.9527897834777832	0.01928556337952614	12.0	/mnt/bn/seed-aws-va/shwai.he/demystifying-transformers-main/focused-compression-analysis/outputs/layerwise_para_perp/Qwen3-4B__awq_native_l20
awq_native	awq_native_l21	21	attn_out	21	-0.039921943098306656	0.011005342938005924	0.4465196430683136	0.15342339873313904	2.306607484817505	0.23841829597949982	11.00924301147461	1.2629848718643188	2.352041482925415	0.26096153259277344	0.21447889506816864	0.01731151156127453	0.039921943098306656	0.011005342938005924	0.2104848027229309	0.01679731346666813	0.9633162021636963	0.0174180269241333	12.0	/mnt/bn/seed-aws-va/shwai.he/demystifying-transformers-main/focused-compression-analysis/outputs/layerwise_para_perp/Qwen3-4B__awq_native_l21
awq_native	awq_native_l21	21	block_out	21	-0.03348486125469208	0.004438275471329689	0.7110169529914856	0.0988670065999031	3.7126102447509766	0.3126525580883026	21.281774520874023	1.4427553415298462	3.781144380569458	0.31542515754699707	0.177592471241951	0.006637415383011103	0.03348486125469208	0.004438288509845734	0.174358069896698	0.006440004333853722	0.9639803767204285	0.008152250200510025	12.0	/mnt/bn/seed-aws-va/shwai.he/demystifying-transformers-main/focused-compression-analysis/outputs/layerwise_para_perp/Qwen3-4B__awq_native_l21
awq_native	awq_native_l21	21	mlp_out	21	-0.03060959279537201	0.006457136478275061	0.6229047179222107	0.1387653350830078	3.3408937454223633	0.28487685322761536	20.359437942504883	1.1511050462722778	3.4008827209472656	0.28980550169944763	0.16699784994125366	0.00970823597162962	0.03060959279537201	0.006457136478275061	0.1640499234199524	0.009566177614033222	0.965066134929657	0.012582127936184406	12.0	/mnt/bn/seed-aws-va/shwai.he/demystifying-transformers-main/focused-compression-analysis/outputs/layerwise_para_perp/Qwen3-4B__awq_native_l21
awq_native	awq_native_l22	22	attn_out	22	-0.018442174419760704	0.016756530851125717	0.37650856375694275	0.212496817111969	3.421994209289551	0.3432280421257019	17.58876609802246	3.5424110889434814	3.4488236904144287	0.3469560444355011	0.19977761805057526	0.0199735164642334	0.02145657129585743	0.012669281102716923	0.19823454320430756	0.01980419270694256	0.9846819043159485	0.013111055828630924	12.0	/mnt/bn/seed-aws-va/shwai.he/demystifying-transformers-main/focused-compression-analysis/outputs/layerwise_para_perp/Qwen3-4B__awq_native_l22
awq_native	awq_native_l22	22	block_out	22	-0.03020707704126835	0.010536539368331432	0.8996801376342773	0.3235626816749573	5.056013584136963	0.38528576493263245	29.8717098236084	2.557027816772461	5.147027969360352	0.3659699857234955	0.17265689373016357	0.007103453855961561	0.03020707704126835	0.010536539368331432	0.16961067914962769	0.008342302404344082	0.9646275043487549	0.024359069764614105	12.0	/mnt/bn/seed-aws-va/shwai.he/demystifying-transformers-main/focused-compression-analysis/outputs/layerwise_para_perp/Qwen3-4B__awq_native_l22
awq_native	awq_native_l22	22	mlp_out	22	-0.04308650270104408	0.010761839337646961	1.1025471687316895	0.3222014307975769	4.25984525680542	0.3420228064060211	25.439254760742188	2.180009603500366	4.412468433380127	0.33587220311164856	0.17376649379730225	0.007319258060306311	0.04308650270104408	0.010761839337646961	0.1678628772497177	0.00990736111998558	0.9322894215583801	0.035734716802835464	12.0	/mnt/bn/seed-aws-va/shwai.he/demystifying-transformers-main/focused-compression-analysis/outputs/layerwise_para_perp/Qwen3-4B__awq_native_l22
awq_native	awq_native_l23	23	attn_out	23	-0.03345887362957001	0.016348525881767273	0.5446991324424744	0.24262696504592896	3.4471731185913086	0.6697859168052673	17.396305084228516	5.1606221199035645	3.4976871013641357	0.673323392868042	0.20754452049732208	0.02811700850725174	0.033458877354860306	0.016348520293831825	0.20433981716632843	0.02690279856324196	0.970639705657959	0.02196451649069786	12.0	/mnt/bn/seed-aws-va/shwai.he/demystifying-transformers-main/focused-compression-analysis/outputs/layerwise_para_perp/Qwen3-4B__awq_native_l23
awq_native	awq_native_l23	23	block_out	23	-0.031878598034381866	0.007854771800339222	1.0901857614517212	0.24889080226421356	5.478291034698486	0.510922372341156	34.502689361572266	2.367973804473877	5.593814849853516	0.48207777738571167	0.16218452155590057	0.008704306557774544	0.031878601759672165	0.007854756899178028	0.1587906926870346	0.009335785172879696	0.9582427144050598	0.01940418966114521	12.0	/mnt/bn/seed-aws-va/shwai.he/demystifying-transformers-main/focused-compression-analysis/outputs/layerwise_para_perp/Qwen3-4B__awq_native_l23
awq_native	awq_native_l23	23	mlp_out	23	-0.03529256954789162	0.010532157495617867	1.0609947443008423	0.36961761116981506	4.687488555908203	0.3884337842464447	29.80021095275879	2.622103691101074	4.82053279876709	0.38499605655670166	0.16223777830600739	0.010601685382425785	0.035292573273181915	0.010532146319746971	0.1578756719827652	0.012339898385107517	0.9456320405006409	0.026187993586063385	12.0	/mnt/bn/seed-aws-va/shwai.he/demystifying-transformers-main/focused-compression-analysis/outputs/layerwise_para_perp/Qwen3-4B__awq_native_l23
awq_native	awq_native_l24	24	attn_out	24	-0.022204970940947533	0.027383901178836823	0.39921703934669495	0.47135403752326965	3.44317626953125	0.6394963264465332	15.167145729064941	3.3803374767303467	3.4913341999053955	0.6756860017776489	0.23236463963985443	0.019691666588187218	0.024809062480926514	0.025048937648534775	0.2295961230993271	0.02058577537536621	0.9765558838844299	0.04299994930624962	12.0	/mnt/bn/seed-aws-va/shwai.he/demystifying-transformers-main/focused-compression-analysis/outputs/layerwise_para_perp/Qwen3-4B__awq_native_l24
awq_native	awq_native_l24	24	block_out	24	-0.03340296074748039	0.011245422065258026	1.201926350593567	0.36711055040359497	5.844284534454346	0.4475725591182709	36.29523849487305	3.210167646408081	5.977990627288818	0.44610846042633057	0.1654263734817505	0.01340336725115776	0.03340296074748039	0.011245422065258026	0.1616828888654709	0.012726524844765663	0.95601886510849	0.028313998132944107	12.0	/mnt/bn/seed-aws-va/shwai.he/demystifying-transformers-main/focused-compression-analysis/outputs/layerwise_para_perp/Qwen3-4B__awq_native_l24
awq_native	awq_native_l24	24	mlp_out	24	-0.028024503961205482	0.009219469502568245	0.8925380706787109	0.2818567156791687	4.892524242401123	0.44704169034957886	32.281436920166016	3.7535953521728516	4.981444835662842	0.44487112760543823	0.15518002212047577	0.011595474556088448	0.028024503961205482	0.009219472296535969	0.15237568318843842	0.011250436305999756	0.9644230008125305	0.019460933282971382	12.0	/mnt/bn/seed-aws-va/shwai.he/demystifying-transformers-main/focused-compression-analysis/outputs/layerwise_para_perp/Qwen3-4B__awq_native_l24
awq_native	awq_native_l25	25	attn_out	25	-0.06185546889901161	0.02206222526729107	0.8327475190162659	0.41115766763687134	2.7582385540008545	0.8262373805046082	13.57285213470459	4.791080474853516	2.8993637561798096	0.8641512989997864	0.21842651069164276	0.024053040891885757	0.06185546889901161	0.02206222526729107	0.20809024572372437	0.02596714161336422	0.9066154956817627	0.0584353543817997	12.0	/mnt/bn/seed-aws-va/shwai.he/demystifying-transformers-main/focused-compression-analysis/outputs/layerwise_para_perp/Qwen3-4B__awq_native_l25
awq_native	awq_native_l25	25	block_out	25	-0.03867913410067558	0.010296862572431564	1.496419072151184	0.36342233419418335	5.98419713973999	0.6411904692649841	39.40072250366211	5.512149333953857	6.178767681121826	0.6449128985404968	0.15801477432250977	0.012506995350122452	0.03867913410067558	0.010296862572431564	0.15294569730758667	0.011428415775299072	0.9379050731658936	0.027285924181342125	12.0	/mnt/bn/seed-aws-va/shwai.he/demystifying-transformers-main/focused-compression-analysis/outputs/layerwise_para_perp/Qwen3-4B__awq_native_l25
awq_native	awq_native_l25	25	mlp_out	25	-0.036677855998277664	0.00963136088103056	1.3024336099624634	0.28485092520713806	5.293866157531738	0.7290469408035278	36.582828521728516	6.259709358215332	5.462088108062744	0.706819474697113	0.150492325425148	0.00919880997389555	0.036677855998277664	0.00963136088103056	0.14567652344703674	0.008536961860954762	0.9377281665802002	0.027811678126454353	12.0	/mnt/bn/seed-aws-va/shwai.he/demystifying-transformers-main/focused-compression-analysis/outputs/layerwise_para_perp/Qwen3-4B__awq_native_l25
awq_native	awq_native_l26	26	attn_out	26	0.03404512256383896	0.03794356808066368	0.6807239651679993	0.40861979126930237	3.3873965740203857	0.6224166750907898	13.742465019226074	4.162558078765869	3.4690678119659424	0.6765957474708557	0.2611968219280243	0.037551455199718475	0.047674860805273056	0.0180524829775095	0.25589680671691895	0.039394401013851166	0.9577353596687317	0.035634495317935944	12.0	/mnt/bn/seed-aws-va/shwai.he/demystifying-transformers-main/focused-compression-analysis/outputs/layerwise_para_perp/Qwen3-4B__awq_native_l26
awq_native	awq_native_l26	26	block_out	26	-0.018619634211063385	0.009811358526349068	0.747054398059845	0.39336729049682617	6.489792346954346	0.7763887047767639	40.0987434387207	4.964190483093262	6.544466495513916	0.7765139937400818	0.16354265809059143	0.00910876877605915	0.018619634211063385	0.009811355732381344	0.16217084228992462	0.009318810887634754	0.9832000732421875	0.01474779099225998	12.0	/mnt/bn/seed-aws-va/shwai.he/demystifying-transformers-main/focused-compression-analysis/outputs/layerwise_para_perp/Qwen3-4B__awq_native_l26
awq_native	awq_native_l26	26	mlp_out	26	-0.029363639652729034	0.006139079574495554	1.0773236751556396	0.21632127463817596	5.5351786613464355	0.9517862796783447	37.251007080078125	5.993751049041748	5.642293930053711	0.9570980072021484	0.15144379436969757	0.00909669604152441	0.029363639652729034	0.006139074917882681	0.1484827846288681	0.008421635255217552	0.9617200493812561	0.012143388390541077	12.0	/mnt/bn/seed-aws-va/shwai.he/demystifying-transformers-main/focused-compression-analysis/outputs/layerwise_para_perp/Qwen3-4B__awq_native_l26
awq_native	awq_native_l27	27	attn_out	27	-0.028630629181861877	0.01995852030813694	0.47921741008758545	0.3464202582836151	3.363370180130005	0.5867588520050049	15.214396476745605	4.473259925842285	3.411378860473633	0.6072020530700684	0.23160628974437714	0.03160018101334572	0.0300835520029068	0.017692806199193	0.2287677377462387	0.032974351197481155	0.9735088348388672	0.027537072077393532	12.0	/mnt/bn/seed-aws-va/shwai.he/demystifying-transformers-main/focused-compression-analysis/outputs/layerwise_para_perp/Qwen3-4B__awq_native_l27
awq_native	awq_native_l27	27	block_out	27	-0.031885262578725815	0.009717315435409546	1.3835586309432983	0.3814934492111206	7.265695571899414	0.7622268795967102	43.71475601196289	4.607255935668945	7.405374050140381	0.7691072821617126	0.17015545070171356	0.01640057936310768	0.03188526630401611	0.009717303328216076	0.16691052913665771	0.01586315408349037	0.9626308083534241	0.01956326700747013	12.0	/mnt/bn/seed-aws-va/shwai.he/demystifying-transformers-main/focused-compression-analysis/outputs/layerwise_para_perp/Qwen3-4B__awq_native_l27
awq_native	awq_native_l27	27	mlp_out	27	-0.03321244940161705	0.010199224576354027	1.3187651634216309	0.3003239333629608	6.428426265716553	0.9297818541526794	40.744171142578125	6.577503204345703	6.569572925567627	0.9269384145736694	0.16247694194316864	0.015056892298161983	0.03321244940161705	0.010199224576354027	0.15882526338100433	0.013889152556657791	0.9566507339477539	0.02179425209760666	12.0	/mnt/bn/seed-aws-va/shwai.he/demystifying-transformers-main/focused-compression-analysis/outputs/layerwise_para_perp/Qwen3-4B__awq_native_l27
awq_native	awq_native_l28	28	attn_out	28	-0.01662026159465313	0.035444844514131546	0.48006191849708557	0.35905951261520386	4.106210708618164	0.5103340148925781	17.34990119934082	2.7296555042266846	4.1523661613464355	0.48851361870765686	0.24137187004089355	0.018550671637058258	0.02988041378557682	0.025292905047535896	0.23835797607898712	0.01604377292096615	0.9768410325050354	0.02942780777812004	12.0	/mnt/bn/seed-aws-va/shwai.he/demystifying-transformers-main/focused-compression-analysis/outputs/layerwise_para_perp/Qwen3-4B__awq_native_l28
awq_native	awq_native_l28	28	block_out	28	-0.019329940900206566	0.008397792465984821	0.9637098908424377	0.3765760660171509	8.097905158996582	1.2377420663833618	51.33621597290039	8.466876029968262	8.167217254638672	1.2145674228668213	0.15992502868175507	0.010804860852658749	0.019329940900206566	0.008397788740694523	0.1585029512643814	0.011198495514690876	0.981959342956543	0.012955565936863422	12.0	/mnt/bn/seed-aws-va/shwai.he/demystifying-transformers-main/focused-compression-analysis/outputs/layerwise_para_perp/Qwen3-4B__awq_native_l28
awq_native	awq_native_l28	28	mlp_out	28	-0.019902808591723442	0.006994825322180986	0.9318482875823975	0.3068811595439911	7.064546585083008	1.2718863487243652	48.13186264038086	8.781499862670898	7.135311603546143	1.255136251449585	0.14888541400432587	0.01025699358433485	0.019902808591723442	0.006994825322180986	0.14734718203544617	0.010762455873191357	0.9789509773254395	0.013323011808097363	12.0	/mnt/bn/seed-aws-va/shwai.he/demystifying-transformers-main/focused-compression-analysis/outputs/layerwise_para_perp/Qwen3-4B__awq_native_l28
awq_native	awq_native_l29	29	attn_out	29	-0.05337212607264519	0.043714698404073715	0.7974027991294861	0.48658260703086853	4.138709545135498	1.3414720296859741	15.996867179870605	6.065427780151367	4.255748271942139	1.299878478050232	0.2738022804260254	0.04370475187897682	0.0578051321208477	0.03765799477696419	0.265173077583313	0.04244379699230194	0.9399482607841492	0.061140045523643494	12.0	/mnt/bn/seed-aws-va/shwai.he/demystifying-transformers-main/focused-compression-analysis/outputs/layerwise_para_perp/Qwen3-4B__awq_native_l29
awq_native	awq_native_l29	29	block_out	29	-0.027541063725948334	0.007228958886116743	1.430822730064392	0.43646034598350525	8.207474708557129	1.1968497037887573	51.79378890991211	6.724797248840332	8.339792251586914	1.2168422937393188	0.16117294132709503	0.014130594208836555	0.027541063725948334	0.007228958886116743	0.15863393247127533	0.014173961244523525	0.9685871601104736	0.012772545218467712	12.0	/mnt/bn/seed-aws-va/shwai.he/demystifying-transformers-main/focused-compression-analysis/outputs/layerwise_para_perp/Qwen3-4B__awq_native_l29
awq_native	awq_native_l29	29	mlp_out	29	-0.029370704665780067	0.007865354418754578	1.429360032081604	0.416536808013916	6.959537029266357	1.417565107345581	48.9538459777832	7.520463466644287	7.113775730133057	1.4336721897125244	0.1444767564535141	0.010778193362057209	0.029370704665780067	0.007865354418754578	0.14125847816467285	0.010547256097197533	0.9561624526977539	0.021545324474573135	12.0	/mnt/bn/seed-aws-va/shwai.he/demystifying-transformers-main/focused-compression-analysis/outputs/layerwise_para_perp/Qwen3-4B__awq_native_l29
awq_native	awq_native_l3	3	attn_out	3	-0.025720158591866493	0.006015447434037924	0.0901985689997673	0.026046086102724075	0.3844958543777466	0.05747412145137787	3.509312868118286	0.6009883284568787	0.3954986035823822	0.05945901945233345	0.11329197883605957	0.006977121811360121	0.025720158591866493	0.006015447434037924	0.11016293615102768	0.007083037402480841	0.9455417990684509	0.024201959371566772	12.0	/mnt/bn/seed-aws-va/shwai.he/demystifying-transformers-main/focused-compression-analysis/outputs/layerwise_para_perp/Qwen3-4B__awq_native_l3
awq_native	awq_native_l3	3	block_out	3	-0.02557293139398098	0.012013336643576622	0.17277328670024872	0.11004612594842911	0.8720504641532898	0.574516236782074	7.176808834075928	4.843797206878662	0.8923822045326233	0.5797893404960632	0.12549830973148346	0.005643689539283514	0.02557293139398098	0.012013336643576622	0.12225853651762009	0.006019239313900471	0.9495285153388977	0.03984731063246727	12.0	/mnt/bn/seed-aws-va/shwai.he/demystifying-transformers-main/focused-compression-analysis/outputs/layerwise_para_perp/Qwen3-4B__awq_native_l3
awq_native	awq_native_l3	3	mlp_out	3	-0.030809311196208	0.017290625721216202	0.17306576669216156	0.10221835970878601	0.7692465782165527	0.5998625159263611	6.195565700531006	5.021823406219482	0.7929285168647766	0.6026938557624817	0.13092614710330963	0.00704262126237154	0.03205684572458267	0.014850521460175514	0.12603475153446198	0.0076362271793186665	0.9280723929405212	0.060560163110494614	12.0	/mnt/bn/seed-aws-va/shwai.he/demystifying-transformers-main/focused-compression-analysis/outputs/layerwise_para_perp/Qwen3-4B__awq_native_l3
awq_native	awq_native_l30	30	attn_out	30	0.006140902638435364	0.03278055787086487	0.6033796668052673	0.41846373677253723	5.786879062652588	1.121430516242981	27.031532287597656	7.105592250823975	5.840513229370117	1.0831235647201538	0.22129344940185547	0.02788645401597023	0.025430254638195038	0.021577252075076103	0.21884243190288544	0.02727930061519146	0.9790694713592529	0.03206803649663925	12.0	/mnt/bn/seed-aws-va/shwai.he/demystifying-transformers-main/focused-compression-analysis/outputs/layerwise_para_perp/Qwen3-4B__awq_native_l30
awq_native	awq_native_l30	30	block_out	30	-0.014985743910074234	0.007148852571845055	1.0321770906448364	0.5181922316551208	9.896300315856934	1.3052400350570679	67.50605773925781	7.348269939422607	9.963029861450195	1.3085733652114868	0.1476304531097412	0.01107985619455576	0.014985743910074234	0.007148852571845055	0.14666694402694702	0.011429881677031517	0.9865742325782776	0.010616608895361423	12.0	/mnt/bn/seed-aws-va/shwai.he/demystifying-transformers-main/focused-compression-analysis/outputs/layerwise_para_perp/Qwen3-4B__awq_native_l30
awq_native	awq_native_l30	30	mlp_out	30	-0.028609253466129303	0.010639961808919907	1.7331066131591797	0.6036313772201538	8.01866626739502	1.2468129396438599	59.12934494018555	6.684651851654053	8.225508689880371	1.2500336170196533	0.13879427313804626	0.010207114741206169	0.02890654467046261	0.009803557768464088	0.13533291220664978	0.011015450581908226	0.9499051570892334	0.026907576248049736	12.0	/mnt/bn/seed-aws-va/shwai.he/demystifying-transformers-main/focused-compression-analysis/outputs/layerwise_para_perp/Qwen3-4B__awq_native_l30
awq_native	awq_native_l31	31	attn_out	31	-0.01537235826253891	0.0236238781362772	0.7011857032775879	0.6872900724411011	7.495728969573975	1.1939985752105713	33.54866409301758	5.896807670593262	7.551018238067627	1.248092770576477	0.22728218138217926	0.02497188374400139	0.02118324488401413	0.018592126667499542	0.2256455421447754	0.023884641006588936	0.9867153167724609	0.01745392009615898	12.0	/mnt/bn/seed-aws-va/shwai.he/demystifying-transformers-main/focused-compression-analysis/outputs/layerwise_para_perp/Qwen3-4B__awq_native_l31
awq_native	awq_native_l31	31	block_out	31	-0.027396194636821747	0.007798678241670132	2.0331385135650635	0.5911107659339905	12.109173774719238	1.9091534614562988	74.56813049316406	7.059042453765869	12.290507316589355	1.9244338274002075	0.164203479886055	0.01388419046998024	0.027396194636821747	0.007798678241670132	0.16174086928367615	0.013567388989031315	0.970474898815155	0.015703005716204643	12.0	/mnt/bn/seed-aws-va/shwai.he/demystifying-transformers-main/focused-compression-analysis/outputs/layerwise_para_perp/Qwen3-4B__awq_native_l31
awq_native	awq_native_l31	31	mlp_out	31	-0.030932366847991943	0.005963966716080904	1.9811220169067383	0.40040579438209534	9.431157112121582	1.9314066171646118	64.48601531982422	7.8522114753723145	9.647915840148926	1.918314814567566	0.14847233891487122	0.014492347836494446	0.030932366847991943	0.005963966716080904	0.14505042135715485	0.014901455491781235	0.953626811504364	0.018242059275507927	12.0	/mnt/bn/seed-aws-va/shwai.he/demystifying-transformers-main/focused-compression-analysis/outputs/layerwise_para_perp/Qwen3-4B__awq_native_l31
awq_native	awq_native_l32	32	attn_out	32	-0.042839810252189636	0.03737030178308487	2.283155918121338	1.6160372495651245	9.994542121887207	1.9956942796707153	50.74318313598633	11.684596061706543	10.368022918701172	2.0499160289764404	0.2074323147535324	0.021904394030570984	0.047309860587120056	0.03152087330818176	0.19973821938037872	0.019514745101332664	0.9303495287895203	0.06459815055131912	12.0	/mnt/bn/seed-aws-va/shwai.he/demystifying-transformers-main/focused-compression-analysis/outputs/layerwise_para_perp/Qwen3-4B__awq_native_l32
awq_native	awq_native_l32	32	block_out	32	-0.034589771181344986	0.013022337108850479	3.1539955139160156	1.1042680740356445	15.075093269348145	2.5961697101593018	93.04443359375	10.82694149017334	15.45137882232666	2.5338799953460693	0.16544701159000397	0.011409902013838291	0.034589771181344986	0.013022337108850479	0.161223366856575	0.011995543725788593	0.9494451880455017	0.03181612119078636	12.0	/mnt/bn/seed-aws-va/shwai.he/demystifying-transformers-main/focused-compression-analysis/outputs/layerwise_para_perp/Qwen3-4B__awq_native_l32
awq_native	awq_native_l32	32	mlp_out	32	-0.033123262226581573	0.012140958569943905	2.426065444946289	0.7574698328971863	11.180342674255371	2.26462459564209	75.88117218017578	10.376106262207031	11.488696098327637	2.1442928314208984	0.15049774944782257	0.008740076795220375	0.033123262226581573	0.012140953913331032	0.1461680382490158	0.010784844867885113	0.9421754479408264	0.038888927549123764	12.0	/mnt/bn/seed-aws-va/shwai.he/demystifying-transformers-main/focused-compression-analysis/outputs/layerwise_para_perp/Qwen3-4B__awq_native_l32
awq_native	awq_native_l33	33	attn_out	33	-0.06396673619747162	0.02321104146540165	3.348013162612915	1.1698839664459229	12.290135383605957	3.266101598739624	53.45046615600586	14.546245574951172	12.790705680847168	3.2696340084075928	0.24196679890155792	0.029813658446073532	0.06396672874689102	0.023211050778627396	0.2321542352437973	0.030177857726812363	0.9212362170219421	0.05312064662575722	12.0	/mnt/bn/seed-aws-va/shwai.he/demystifying-transformers-main/focused-compression-analysis/outputs/layerwise_para_perp/Qwen3-4B__awq_native_l33
awq_native	awq_native_l33	33	block_out	33	-0.04201999679207802	0.0038971647154539824	5.229337215423584	0.9007538557052612	19.424013137817383	2.433546781539917	124.4160385131836	18.083032608032227	20.124616622924805	2.524193286895752	0.16290278732776642	0.015108265914022923	0.04201999679207802	0.0038971647154539824	0.1573198288679123	0.015335682779550552	0.9318581223487854	0.01477202121168375	12.0	/mnt/bn/seed-aws-va/shwai.he/demystifying-transformers-main/focused-compression-analysis/outputs/layerwise_para_perp/Qwen3-4B__awq_native_l33
awq_native	awq_native_l33	33	mlp_out	33	-0.03434563800692558	0.007418408524245024	3.601233720779419	1.0071773529052734	14.768402099609375	2.179130792617798	104.89154815673828	19.515968322753906	15.216586112976074	2.3006751537323	0.14630381762981415	0.010719014331698418	0.03434563800692558	0.007418408524245024	0.14205534756183624	0.010262803174555302	0.9430685639381409	0.020843662321567535	12.0	/mnt/bn/seed-aws-va/shwai.he/demystifying-transformers-main/focused-compression-analysis/outputs/layerwise_para_perp/Qwen3-4B__awq_native_l33
awq_native	awq_native_l34	34	attn_out	34	-0.02677062898874283	0.035228829830884933	3.4612605571746826	4.263678550720215	17.997316360473633	3.958421230316162	106.57508087158203	16.721145629882812	18.571325302124023	4.983738422393799	0.1727461814880371	0.025768332183361053	0.030133983120322227	0.0323987677693367	0.16803061962127686	0.01769809052348137	0.9571986794471741	0.06929810345172882	12.0	/mnt/bn/seed-aws-va/shwai.he/demystifying-transformers-main/focused-compression-analysis/outputs/layerwise_para_perp/Qwen3-4B__awq_native_l34
awq_native	awq_native_l34	34	block_out	34	-0.012508048675954342	0.01915634237229824	3.4505398273468018	3.4947290420532227	24.59703254699707	4.178606986999512	201.9527587890625	20.833885192871094	24.98713493347168	4.715638160705566	0.12355872243642807	0.017502490431070328	0.016354024410247803	0.015998832881450653	0.12172970175743103	0.01521698385477066	0.9747378826141357	0.036475133150815964	12.0	/mnt/bn/seed-aws-va/shwai.he/demystifying-transformers-main/focused-compression-analysis/outputs/layerwise_para_perp/Qwen3-4B__awq_native_l34
awq_native	awq_native_l34	34	mlp_out	34	-0.003992691170424223	0.01336396113038063	1.487329125404358	1.4775315523147583	17.09211540222168	2.3024685382843018	146.5600128173828	13.341517448425293	17.209392547607422	2.3819799423217773	0.11744684725999832	0.012188095599412918	0.010019352659583092	0.009703073650598526	0.11666285991668701	0.011728163808584213	0.9874600768089294	0.018171673640608788	12.0	/mnt/bn/seed-aws-va/shwai.he/demystifying-transformers-main/focused-compression-analysis/outputs/layerwise_para_perp/Qwen3-4B__awq_native_l34
awq_native	awq_native_l35	35	attn_out	35	-0.010489001870155334	0.009710521437227726	1.2298399209976196	0.9627059102058411	15.430357933044434	1.78956139087677	108.55734252929688	18.180034637451172	15.510371208190918	1.7793772220611572	0.14508244395256042	0.019667483866214752	0.011001515202224255	0.009125789627432823	0.144347682595253	0.019878635182976723	0.9894248843193054	0.0117238350212574	12.0	/mnt/bn/seed-aws-va/shwai.he/demystifying-transformers-main/focused-compression-analysis/outputs/layerwise_para_perp/Qwen3-4B__awq_native_l35
awq_native	awq_native_l35	35	block_out	35	-0.7188089489936829	0.04723600670695305	362.6461486816406	41.177398681640625	237.5860595703125	22.57971954345703	503.9115905761719	39.6121826171875	433.8250732421875	44.278770446777344	0.8601905703544617	0.0448886901140213	0.7188089489936829	0.04723537340760231	0.4715021848678589	0.02666447125375271	0.3020589053630829	0.031889453530311584	12.0	/mnt/bn/seed-aws-va/shwai.he/demystifying-transformers-main/focused-compression-analysis/outputs/layerwise_para_perp/Qwen3-4B__awq_native_l35
awq_native	awq_native_l35	35	mlp_out	35	-0.022946232929825783	0.011185147799551487	6.8052215576171875	2.746399402618408	20.483890533447266	4.316061496734619	306.6493225097656	29.164939880371094	21.690271377563477	4.648017406463623	0.07227983325719833	0.021604914218187332	0.022946232929825783	0.011185153387486935	0.0681765004992485	0.019785689190030098	0.8958468437194824	0.05966029688715935	12.0	/mnt/bn/seed-aws-va/shwai.he/demystifying-transformers-main/focused-compression-analysis/outputs/layerwise_para_perp/Qwen3-4B__awq_native_l35
awq_native	awq_native_l4	4	attn_out	4	-0.022108489647507668	0.007238651160150766	0.07283248752355576	0.03766820579767227	0.4365580081939697	0.09974593669176102	3.258254289627075	0.9587516188621521	0.44359835982322693	0.10235310345888138	0.1390383392572403	0.01585904322564602	0.022108489647507668	0.007238651160150766	0.13698944449424744	0.01660958305001259	0.9693184494972229	0.022936228662729263	12.0	/mnt/bn/seed-aws-va/shwai.he/demystifying-transformers-main/focused-compression-analysis/outputs/layerwise_para_perp/Qwen3-4B__awq_native_l4
awq_native	awq_native_l4	4	block_out	4	-0.031848009675741196	0.011609025299549103	0.2947642505168915	0.11759036779403687	0.9756986498832703	0.3395366668701172	9.3059663772583	1.5761706829071045	1.0295788049697876	0.3285635709762573	0.10873348265886307	0.016310011968016624	0.031848009675741196	0.011609015986323357	0.1028718426823616	0.018902555108070374	0.8903756737709045	0.08981787413358688	12.0	/mnt/bn/seed-aws-va/shwai.he/demystifying-transformers-main/focused-compression-analysis/outputs/layerwise_para_perp/Qwen3-4B__awq_native_l4
awq_native	awq_native_l4	4	mlp_out	4	-0.031157227233052254	0.012949921190738678	0.2695010304450989	0.11898677796125412	0.8916018605232239	0.33492204546928406	8.74682903289795	1.7499237060546875	0.9436634182929993	0.3215813934803009	0.1058429554104805	0.014849679544568062	0.031157227233052254	0.012949921190738678	0.09977003186941147	0.018185429275035858	0.8838062286376953	0.10694975405931473	12.0	/mnt/bn/seed-aws-va/shwai.he/demystifying-transformers-main/focused-compression-analysis/outputs/layerwise_para_perp/Qwen3-4B__awq_native_l4
awq_native	awq_native_l5	5	attn_out	5	-0.02073623426258564	0.008416892029345036	0.10558304935693741	0.04574500396847725	0.5960803627967834	0.09159048646688461	5.110348224639893	0.6731980443000793	0.6068353056907654	0.09323039650917053	0.11853422969579697	0.00582685973495245	0.02073623053729534	0.008416897617280483	0.1164211854338646	0.005439667496830225	0.9651746153831482	0.02293493039906025	12.0	/mnt/bn/seed-aws-va/shwai.he/demystifying-transformers-main/focused-compression-analysis/outputs/layerwise_para_perp/Qwen3-4B__awq_native_l5
awq_native	awq_native_l5	5	block_out	5	-0.02923264168202877	0.00718353595584631	0.34224340319633484	0.14757134020328522	1.256545901298523	0.5389075875282288	11.57024097442627	3.96524977684021	1.3048044443130493	0.5529215335845947	0.11042336374521255	0.012005748227238655	0.02923264168202877	0.007183539681136608	0.10623908787965775	0.012023383751511574	0.925365686416626	0.03568965196609497	12.0	/mnt/bn/seed-aws-va/shwai.he/demystifying-transformers-main/focused-compression-analysis/outputs/layerwise_para_perp/Qwen3-4B__awq_native_l5
awq_native	awq_native_l5	5	mlp_out	5	-0.03319035843014717	0.009623125195503235	0.33754631876945496	0.1515943557024002	1.1598623991012573	0.5488349795341492	10.169266700744629	4.168041229248047	1.2127273082733154	0.5592062473297119	0.11738315969705582	0.01286398246884346	0.03319035843014717	0.009623125195503235	0.11202847957611084	0.014131615869700909	0.9089534282684326	0.0597970113158226	12.0	/mnt/bn/seed-aws-va/shwai.he/demystifying-transformers-main/focused-compression-analysis/outputs/layerwise_para_perp/Qwen3-4B__awq_native_l5
awq_native	awq_native_l6	6	attn_out	6	-0.06501084566116333	0.028074240311980247	0.4771517515182495	0.2857409119606018	1.1332083940505981	0.10247917473316193	7.0615553855896	0.9513904452323914	1.247585654258728	0.21797943115234375	0.17657649517059326	0.017972081899642944	0.06501084566116333	0.028074240311980247	0.16190432012081146	0.016573376953601837	0.8509912490844727	0.11783674359321594	12.0	/mnt/bn/seed-aws-va/shwai.he/demystifying-transformers-main/focused-compression-analysis/outputs/layerwise_para_perp/Qwen3-4B__awq_native_l6
awq_native	awq_native_l6	6	block_out	6	-0.048261772841215134	0.014294798485934734	0.572629988193512	0.1515195071697235	1.5614012479782104	0.46367183327674866	12.216097831726074	2.1704835891723633	1.6787551641464233	0.4308245778083801	0.1358305811882019	0.009665066376328468	0.048261772841215134	0.014294790104031563	0.12572415173053741	0.01425690297037363	0.8547613620758057	0.08495146781206131	12.0	/mnt/bn/seed-aws-va/shwai.he/demystifying-transformers-main/focused-compression-analysis/outputs/layerwise_para_perp/Qwen3-4B__awq_native_l6
awq_native	awq_native_l6	6	mlp_out	6	-0.06350109726190567	0.026688778772950172	0.6235717535018921	0.21607479453086853	1.5925403833389282	0.4116654098033905	10.402653694152832	2.5103909969329834	1.7256940603256226	0.4039343297481537	0.16704384982585907	0.02102348767220974	0.06350109726190567	0.026688778772950172	0.15302547812461853	0.013570615090429783	0.8504063487052917	0.08957133442163467	12.0	/mnt/bn/seed-aws-va/shwai.he/demystifying-transformers-main/focused-compression-analysis/outputs/layerwise_para_perp/Qwen3-4B__awq_native_l6
awq_native	awq_native_l7	7	attn_out	7	-0.0307026207447052	0.018572742119431496	0.19541239738464355	0.14747127890586853	1.0866496562957764	0.15480710566043854	6.1397786140441895	1.432727336883545	1.1110419034957886	0.1740470975637436	0.18497757613658905	0.024350427091121674	0.0307026207447052	0.018572738394141197	0.1813564896583557	0.025137076154351234	0.9602975845336914	0.03840464726090431	12.0	/mnt/bn/seed-aws-va/shwai.he/demystifying-transformers-main/focused-compression-analysis/outputs/layerwise_para_perp/Qwen3-4B__awq_native_l7
awq_native	awq_native_l7	7	block_out	7	-0.03920191153883934	0.016268106177449226	0.4636559784412384	0.18557675182819366	1.8364782333374023	0.48323243856430054	12.126053810119629	3.690196990966797	1.9010988473892212	0.4913293421268463	0.1586422324180603	0.011837830767035484	0.03920191153883934	0.016268113628029823	0.15303932130336761	0.009220147505402565	0.9332759976387024	0.04117589071393013	12.0	/mnt/bn/seed-aws-va/shwai.he/demystifying-transformers-main/focused-compression-analysis/outputs/layerwise_para_perp/Qwen3-4B__awq_native_l7
awq_native	awq_native_l7	7	mlp_out	7	-0.04162760451436043	0.01789805293083191	0.43613898754119873	0.1764834076166153	1.6680021286010742	0.471930593252182	10.795517921447754	3.672422409057617	1.731019377708435	0.4794631004333496	0.16312019526958466	0.013069506734609604	0.04162760451436043	0.01789805293083191	0.15693335235118866	0.009886282496154308	0.9290251731872559	0.04729590564966202	12.0	/mnt/bn/seed-aws-va/shwai.he/demystifying-transformers-main/focused-compression-analysis/outputs/layerwise_para_perp/Qwen3-4B__awq_native_l7
awq_native	awq_native_l8	8	attn_out	8	-0.03553318604826927	0.01859416253864765	0.29327622056007385	0.1322074681520462	1.2718744277954102	0.19085270166397095	8.661674499511719	1.2960864305496216	1.314264178276062	0.1740371584892273	0.15244297683238983	0.011431674472987652	0.03553318604826927	0.01859416253864765	0.14712782204151154	0.010704929940402508	0.9335101246833801	0.054175570607185364	12.0	/mnt/bn/seed-aws-va/shwai.he/demystifying-transformers-main/focused-compression-analysis/outputs/layerwise_para_perp/Qwen3-4B__awq_native_l8
awq_native	awq_native_l8	8	block_out	8	-0.03527022898197174	0.010938726365566254	0.5626320242881775	0.15729638934135437	2.347837448120117	0.452494740486145	16.51900291442871	3.35119366645813	2.4212613105773926	0.4425870180130005	0.14730829000473022	0.007629883009940386	0.03527022898197174	0.010938726365566254	0.14261433482170105	0.0074467891827225685	0.9379369616508484	0.03449474647641182	12.0	/mnt/bn/seed-aws-va/shwai.he/demystifying-transformers-main/focused-compression-analysis/outputs/layerwise_para_perp/Qwen3-4B__awq_native_l8
awq_native	awq_native_l8	8	mlp_out	8	-0.03531903773546219	0.009542948566377163	0.5071120858192444	0.1341225653886795	2.1946537494659424	0.4567953944206238	14.937820434570312	3.609757661819458	2.257398843765259	0.45218217372894287	0.15264859795570374	0.009050918743014336	0.03531903401017189	0.009542960673570633	0.14821012318134308	0.008875107392668724	0.9429502487182617	0.024527324363589287	12.0	/mnt/bn/seed-aws-va/shwai.he/demystifying-transformers-main/focused-compression-analysis/outputs/layerwise_para_perp/Qwen3-4B__awq_native_l8
awq_native	awq_native_l9	9	attn_out	9	-0.029461240395903587	0.01619037613272667	0.2261640876531601	0.11301245540380478	1.2938224077224731	0.12845787405967712	7.911172389984131	1.3670480251312256	1.3189142942428589	0.12192129343748093	0.16912753880023956	0.015183959156274796	0.029461240395903587	0.01619037613272667	0.1657922863960266	0.014747917652130127	0.9614370465278625	0.02786627598106861	12.0	/mnt/bn/seed-aws-va/shwai.he/demystifying-transformers-main/focused-compression-analysis/outputs/layerwise_para_perp/Qwen3-4B__awq_native_l9
awq_native	awq_native_l9	9	block_out	9	-0.027702877297997475	0.007146263029426336	0.4722743332386017	0.2592378854751587	2.3658528327941895	0.5751467943191528	16.35334014892578	5.08793830871582	2.416701555252075	0.6146993637084961	0.14951764047145844	0.008059414103627205	0.027702875435352325	0.007146266754716635	0.14671625196933746	0.008735173381865025	0.9624102711677551	0.021352188661694527	12.0	/mnt/bn/seed-aws-va/shwai.he/demystifying-transformers-main/focused-compression-analysis/outputs/layerwise_para_perp/Qwen3-4B__awq_native_l9
awq_native	awq_native_l9	9	mlp_out	9	-0.0318056158721447	0.00700353505089879	0.5133633017539978	0.26834359765052795	2.2936205863952637	0.5474005341529846	15.593493461608887	5.000027656555176	2.354402780532837	0.5938692688941956	0.15327325463294983	0.00889261532574892	0.031805619597435	0.007003518287092447	0.14973121881484985	0.00957522727549076	0.9538279175758362	0.02421550080180168	12.0	/mnt/bn/seed-aws-va/shwai.he/demystifying-transformers-main/focused-compression-analysis/outputs/layerwise_para_perp/Qwen3-4B__awq_native_l9
dense_baseline_track	dense_baseline_track		attn_out	0	-1.0	0.0	3.8522732257843018	0.5188212990760803	0.0	0.0	3.8522732257843018	0.5188212990760803	3.8522732257843018	0.5188212990760803	1.0	0.0	1.0	0.0	0.0	0.0	0.0	0.0	12.0	/mnt/bn/seed-aws-va/shwai.he/demystifying-transformers-main/focused-compression-analysis/outputs/layerwise_para_perp/dense_baseline_track
dense_baseline_track	dense_baseline_track		attn_out	1	-1.0	0.0	2.587146520614624	0.3294939696788788	0.0	0.0	2.587146520614624	0.3294939696788788	2.587146520614624	0.3294939696788788	1.0	0.0	1.0	0.0	0.0	0.0	0.0	0.0	12.0	/mnt/bn/seed-aws-va/shwai.he/demystifying-transformers-main/focused-compression-analysis/outputs/layerwise_para_perp/dense_baseline_track
dense_baseline_track	dense_baseline_track		attn_out	2	-1.0	0.0	2.72405743598938	0.3695814907550812	0.0	0.0	2.72405743598938	0.3695814907550812	2.72405743598938	0.3695814907550812	1.0	0.0	1.0	0.0	0.0	0.0	0.0	0.0	12.0	/mnt/bn/seed-aws-va/shwai.he/demystifying-transformers-main/focused-compression-analysis/outputs/layerwise_para_perp/dense_baseline_track
dense_baseline_track	dense_baseline_track		attn_out	3	-1.0	0.0	3.509312868118286	0.6009883284568787	0.0	0.0	3.509312868118286	0.6009883284568787	3.509312868118286	0.6009883284568787	1.0	0.0	1.0	0.0	0.0	0.0	0.0	0.0	12.0	/mnt/bn/seed-aws-va/shwai.he/demystifying-transformers-main/focused-compression-analysis/outputs/layerwise_para_perp/dense_baseline_track
dense_baseline_track	dense_baseline_track		attn_out	4	-1.0	0.0	3.258254289627075	0.9587516188621521	0.0	0.0	3.258254289627075	0.9587516188621521	3.258254289627075	0.9587516188621521	1.0	0.0	1.0	0.0	0.0	0.0	0.0	0.0	12.0	/mnt/bn/seed-aws-va/shwai.he/demystifying-transformers-main/focused-compression-analysis/outputs/layerwise_para_perp/dense_baseline_track
dense_baseline_track	dense_baseline_track		attn_out	5	-1.0	0.0	5.110348224639893	0.6731980443000793	0.0	0.0	5.110348224639893	0.6731980443000793	5.110348224639893	0.6731980443000793	1.0	0.0	1.0	0.0	0.0	0.0	0.0	0.0	12.0	/mnt/bn/seed-aws-va/shwai.he/demystifying-transformers-main/focused-compression-analysis/outputs/layerwise_para_perp/dense_baseline_track
dense_baseline_track	dense_baseline_track		attn_out	6	-1.0	0.0	7.0615553855896	0.9513904452323914	0.0	0.0	7.0615553855896	0.9513904452323914	7.0615553855896	0.9513904452323914	1.0	0.0	1.0	0.0	0.0	0.0	0.0	0.0	12.0	/mnt/bn/seed-aws-va/shwai.he/demystifying-transformers-main/focused-compression-analysis/outputs/layerwise_para_perp/dense_baseline_track
dense_baseline_track	dense_baseline_track		attn_out	7	-1.0	0.0	6.1397786140441895	1.432727336883545	0.0	0.0	6.1397786140441895	1.432727336883545	6.1397786140441895	1.432727336883545	1.0	0.0	1.0	0.0	0.0	0.0	0.0	0.0	12.0	/mnt/bn/seed-aws-va/shwai.he/demystifying-transformers-main/focused-compression-analysis/outputs/layerwise_para_perp/dense_baseline_track
dense_baseline_track	dense_baseline_track		attn_out	8	-1.0	0.0	8.661674499511719	1.2960864305496216	0.0	0.0	8.661674499511719	1.2960864305496216	8.661674499511719	1.2960864305496216	1.0	0.0	1.0	0.0	0.0	0.0	0.0	0.0	12.0	/mnt/bn/seed-aws-va/shwai.he/demystifying-transformers-main/focused-compression-analysis/outputs/layerwise_para_perp/dense_baseline_track
dense_baseline_track	dense_baseline_track		attn_out	9	-1.0	0.0	7.911172389984131	1.3670480251312256	0.0	0.0	7.911172389984131	1.3670480251312256	7.911172389984131	1.3670480251312256	1.0	0.0	1.0	0.0	0.0	0.0	0.0	0.0	12.0	/mnt/bn/seed-aws-va/shwai.he/demystifying-transformers-main/focused-compression-analysis/outputs/layerwise_para_perp/dense_baseline_track
dense_baseline_track	dense_baseline_track		attn_out	10	-1.0	0.0	9.636845588684082	1.359122395515442	0.0	0.0	9.636845588684082	1.359122395515442	9.636845588684082	1.359122395515442	1.0	0.0	1.0	0.0	0.0	0.0	0.0	0.0	12.0	/mnt/bn/seed-aws-va/shwai.he/demystifying-transformers-main/focused-compression-analysis/outputs/layerwise_para_perp/dense_baseline_track
dense_baseline_track	dense_baseline_track		attn_out	11	-1.0	0.0	8.743943214416504	1.4012089967727661	0.0	0.0	8.743943214416504	1.4012089967727661	8.743943214416504	1.4012089967727661	1.0	0.0	1.0	0.0	0.0	0.0	0.0	0.0	12.0	/mnt/bn/seed-aws-va/shwai.he/demystifying-transformers-main/focused-compression-analysis/outputs/layerwise_para_perp/dense_baseline_track
dense_baseline_track	dense_baseline_track		attn_out	12	-1.0	0.0	10.3915376663208	0.7736988663673401	0.0	0.0	10.3915376663208	0.7736988663673401	10.3915376663208	0.7736988663673401	1.0	0.0	1.0	0.0	0.0	0.0	0.0	0.0	12.0	/mnt/bn/seed-aws-va/shwai.he/demystifying-transformers-main/focused-compression-analysis/outputs/layerwise_para_perp/dense_baseline_track
dense_baseline_track	dense_baseline_track		attn_out	13	-1.0	0.0	9.11807632446289	1.8696048259735107	0.0	0.0	9.11807632446289	1.8696048259735107	9.11807632446289	1.8696048259735107	1.0	0.0	1.0	0.0	0.0	0.0	0.0	0.0	12.0	/mnt/bn/seed-aws-va/shwai.he/demystifying-transformers-main/focused-compression-analysis/outputs/layerwise_para_perp/dense_baseline_track
dense_baseline_track	dense_baseline_track		attn_out	14	-1.0	0.0	10.176310539245605	1.068668246269226	0.0	0.0	10.176310539245605	1.068668246269226	10.176310539245605	1.068668246269226	1.0	0.0	1.0	0.0	0.0	0.0	0.0	0.0	12.0	/mnt/bn/seed-aws-va/shwai.he/demystifying-transformers-main/focused-compression-analysis/outputs/layerwise_para_perp/dense_baseline_track
dense_baseline_track	dense_baseline_track		attn_out	15	-1.0	0.0	10.134062767028809	2.2064037322998047	0.0	0.0	10.134062767028809	2.2064037322998047	10.134062767028809	2.2064037322998047	1.0	0.0	1.0	0.0	0.0	0.0	0.0	0.0	12.0	/mnt/bn/seed-aws-va/shwai.he/demystifying-transformers-main/focused-compression-analysis/outputs/layerwise_para_perp/dense_baseline_track
dense_baseline_track	dense_baseline_track		attn_out	16	-1.0	0.0	9.016239166259766	1.0635262727737427	0.0	0.0	9.016239166259766	1.0635262727737427	9.016239166259766	1.0635262727737427	1.0	0.0	1.0	0.0	0.0	0.0	0.0	0.0	12.0	/mnt/bn/seed-aws-va/shwai.he/demystifying-transformers-main/focused-compression-analysis/outputs/layerwise_para_perp/dense_baseline_track
dense_baseline_track	dense_baseline_track		attn_out	17	-1.0	0.0	10.008103370666504	1.3305584192276	0.0	0.0	10.008103370666504	1.3305584192276	10.008103370666504	1.3305584192276	1.0	0.0	1.0	0.0	0.0	0.0	0.0	0.0	12.0	/mnt/bn/seed-aws-va/shwai.he/demystifying-transformers-main/focused-compression-analysis/outputs/layerwise_para_perp/dense_baseline_track
dense_baseline_track	dense_baseline_track		attn_out	18	-1.0	0.0	10.499770164489746	1.513670563697815	0.0	0.0	10.499770164489746	1.513670563697815	10.499770164489746	1.513670563697815	1.0	0.0	1.0	0.0	0.0	0.0	0.0	0.0	12.0	/mnt/bn/seed-aws-va/shwai.he/demystifying-transformers-main/focused-compression-analysis/outputs/layerwise_para_perp/dense_baseline_track
dense_baseline_track	dense_baseline_track		attn_out	19	-1.0	0.0	14.262450218200684	1.136812686920166	0.0	0.0	14.262450218200684	1.136812686920166	14.262450218200684	1.136812686920166	1.0	0.0	1.0	0.0	0.0	0.0	0.0	0.0	12.0	/mnt/bn/seed-aws-va/shwai.he/demystifying-transformers-main/focused-compression-analysis/outputs/layerwise_para_perp/dense_baseline_track
dense_baseline_track	dense_baseline_track		attn_out	20	-1.0	0.0	10.422728538513184	1.281166672706604	0.0	0.0	10.422728538513184	1.281166672706604	10.422728538513184	1.281166672706604	1.0	0.0	1.0	0.0	0.0	0.0	0.0	0.0	12.0	/mnt/bn/seed-aws-va/shwai.he/demystifying-transformers-main/focused-compression-analysis/outputs/layerwise_para_perp/dense_baseline_track
dense_baseline_track	dense_baseline_track		attn_out	21	-1.0	0.0	11.00924301147461	1.2629848718643188	0.0	0.0	11.00924301147461	1.2629848718643188	11.00924301147461	1.2629848718643188	1.0	0.0	1.0	0.0	0.0	0.0	0.0	0.0	12.0	/mnt/bn/seed-aws-va/shwai.he/demystifying-transformers-main/focused-compression-analysis/outputs/layerwise_para_perp/dense_baseline_track
dense_baseline_track	dense_baseline_track		attn_out	22	-1.0	0.0	17.58876609802246	3.5424110889434814	0.0	0.0	17.58876609802246	3.5424110889434814	17.58876609802246	3.5424110889434814	1.0	0.0	1.0	0.0	0.0	0.0	0.0	0.0	12.0	/mnt/bn/seed-aws-va/shwai.he/demystifying-transformers-main/focused-compression-analysis/outputs/layerwise_para_perp/dense_baseline_track
dense_baseline_track	dense_baseline_track		attn_out	23	-1.0	0.0	17.396305084228516	5.1606221199035645	0.0	0.0	17.396305084228516	5.1606221199035645	17.396305084228516	5.1606221199035645	1.0	0.0	1.0	0.0	0.0	0.0	0.0	0.0	12.0	/mnt/bn/seed-aws-va/shwai.he/demystifying-transformers-main/focused-compression-analysis/outputs/layerwise_para_perp/dense_baseline_track
dense_baseline_track	dense_baseline_track		attn_out	24	-1.0	0.0	15.167145729064941	3.3803374767303467	0.0	0.0	15.167145729064941	3.3803374767303467	15.167145729064941	3.3803374767303467	1.0	0.0	1.0	0.0	0.0	0.0	0.0	0.0	12.0	/mnt/bn/seed-aws-va/shwai.he/demystifying-transformers-main/focused-compression-analysis/outputs/layerwise_para_perp/dense_baseline_track
dense_baseline_track	dense_baseline_track		attn_out	25	-1.0	0.0	13.57285213470459	4.791080474853516	0.0	0.0	13.57285213470459	4.791080474853516	13.57285213470459	4.791080474853516	1.0	0.0	1.0	0.0	0.0	0.0	0.0	0.0	12.0	/mnt/bn/seed-aws-va/shwai.he/demystifying-transformers-main/focused-compression-analysis/outputs/layerwise_para_perp/dense_baseline_track
dense_baseline_track	dense_baseline_track		attn_out	26	-1.0	0.0	13.742465019226074	4.162558078765869	0.0	0.0	13.742465019226074	4.162558078765869	13.742465019226074	4.162558078765869	1.0	0.0	1.0	0.0	0.0	0.0	0.0	0.0	12.0	/mnt/bn/seed-aws-va/shwai.he/demystifying-transformers-main/focused-compression-analysis/outputs/layerwise_para_perp/dense_baseline_track
dense_baseline_track	dense_baseline_track		attn_out	27	-1.0	0.0	15.214396476745605	4.473259925842285	0.0	0.0	15.214396476745605	4.473259925842285	15.214396476745605	4.473259925842285	1.0	0.0	1.0	0.0	0.0	0.0	0.0	0.0	12.0	/mnt/bn/seed-aws-va/shwai.he/demystifying-transformers-main/focused-compression-analysis/outputs/layerwise_para_perp/dense_baseline_track
dense_baseline_track	dense_baseline_track		attn_out	28	-1.0	0.0	17.34990119934082	2.7296555042266846	0.0	0.0	17.34990119934082	2.7296555042266846	17.34990119934082	2.7296555042266846	1.0	0.0	1.0	0.0	0.0	0.0	0.0	0.0	12.0	/mnt/bn/seed-aws-va/shwai.he/demystifying-transformers-main/focused-compression-analysis/outputs/layerwise_para_perp/dense_baseline_track
dense_baseline_track	dense_baseline_track		attn_out	29	-1.0	0.0	15.996867179870605	6.065427780151367	0.0	0.0	15.996867179870605	6.065427780151367	15.996867179870605	6.065427780151367	1.0	0.0	1.0	0.0	0.0	0.0	0.0	0.0	12.0	/mnt/bn/seed-aws-va/shwai.he/demystifying-transformers-main/focused-compression-analysis/outputs/layerwise_para_perp/dense_baseline_track
dense_baseline_track	dense_baseline_track		attn_out	30	-1.0	0.0	27.031532287597656	7.105592250823975	0.0	0.0	27.031532287597656	7.105592250823975	27.031532287597656	7.105592250823975	1.0	0.0	1.0	0.0	0.0	0.0	0.0	0.0	12.0	/mnt/bn/seed-aws-va/shwai.he/demystifying-transformers-main/focused-compression-analysis/outputs/layerwise_para_perp/dense_baseline_track
dense_baseline_track	dense_baseline_track		attn_out	31	-1.0	0.0	33.54866409301758	5.896807670593262	0.0	0.0	33.54866409301758	5.896807670593262	33.54866409301758	5.896807670593262	1.0	0.0	1.0	0.0	0.0	0.0	0.0	0.0	12.0	/mnt/bn/seed-aws-va/shwai.he/demystifying-transformers-main/focused-compression-analysis/outputs/layerwise_para_perp/dense_baseline_track
dense_baseline_track	dense_baseline_track		attn_out	32	-1.0	0.0	50.74318313598633	11.684596061706543	0.0	0.0	50.74318313598633	11.684596061706543	50.74318313598633	11.684596061706543	1.0	0.0	1.0	0.0	0.0	0.0	0.0	0.0	12.0	/mnt/bn/seed-aws-va/shwai.he/demystifying-transformers-main/focused-compression-analysis/outputs/layerwise_para_perp/dense_baseline_track
dense_baseline_track	dense_baseline_track		attn_out	33	-1.0	0.0	53.45046615600586	14.546245574951172	0.0	0.0	53.45046615600586	14.546245574951172	53.45046615600586	14.546245574951172	1.0	0.0	1.0	0.0	0.0	0.0	0.0	0.0	12.0	/mnt/bn/seed-aws-va/shwai.he/demystifying-transformers-main/focused-compression-analysis/outputs/layerwise_para_perp/dense_baseline_track
dense_baseline_track	dense_baseline_track		attn_out	34	-1.0	0.0	106.57508087158203	16.721145629882812	0.0	0.0	106.57508087158203	16.721145629882812	106.57508087158203	16.721145629882812	1.0	0.0	1.0	0.0	0.0	0.0	0.0	0.0	12.0	/mnt/bn/seed-aws-va/shwai.he/demystifying-transformers-main/focused-compression-analysis/outputs/layerwise_para_perp/dense_baseline_track
dense_baseline_track	dense_baseline_track		attn_out	35	-1.0	0.0	108.55734252929688	18.180034637451172	0.0	0.0	108.55734252929688	18.180034637451172	108.55734252929688	18.180034637451172	1.0	0.0	1.0	0.0	0.0	0.0	0.0	0.0	12.0	/mnt/bn/seed-aws-va/shwai.he/demystifying-transformers-main/focused-compression-analysis/outputs/layerwise_para_perp/dense_baseline_track
dense_baseline_track	dense_baseline_track		block_out	0	-1.0	0.0	7.808135509490967	1.257848858833313	0.0	0.0	7.808135509490967	1.257848858833313	7.808135509490967	1.257848858833313	1.0	0.0	1.0	0.0	0.0	0.0	0.0	0.0	12.0	/mnt/bn/seed-aws-va/shwai.he/demystifying-transformers-main/focused-compression-analysis/outputs/layerwise_para_perp/dense_baseline_track
dense_baseline_track	dense_baseline_track		block_out	1	-1.0	0.0	3.4068033695220947	0.914424479007721	0.0	0.0	3.4068033695220947	0.914424479007721	3.4068033695220947	0.914424479007721	1.0	0.0	1.0	0.0	0.0	0.0	0.0	0.0	12.0	/mnt/bn/seed-aws-va/shwai.he/demystifying-transformers-main/focused-compression-analysis/outputs/layerwise_para_perp/dense_baseline_track
dense_baseline_track	dense_baseline_track		block_out	2	-1.0	0.0	4.415557384490967	0.9577285647392273	0.0	0.0	4.415557384490967	0.9577285647392273	4.415557384490967	0.9577285647392273	1.0	0.0	1.0	0.0	0.0	0.0	0.0	0.0	12.0	/mnt/bn/seed-aws-va/shwai.he/demystifying-transformers-main/focused-compression-analysis/outputs/layerwise_para_perp/dense_baseline_track
dense_baseline_track	dense_baseline_track		block_out	3	-1.0	0.0	7.176808834075928	4.843797206878662	0.0	0.0	7.176808834075928	4.843797206878662	7.176808834075928	4.843797206878662	1.0	0.0	1.0	0.0	0.0	0.0	0.0	0.0	12.0	/mnt/bn/seed-aws-va/shwai.he/demystifying-transformers-main/focused-compression-analysis/outputs/layerwise_para_perp/dense_baseline_track
dense_baseline_track	dense_baseline_track		block_out	4	-1.0	0.0	9.3059663772583	1.5761706829071045	0.0	0.0	9.3059663772583	1.5761706829071045	9.3059663772583	1.5761706829071045	1.0	0.0	1.0	0.0	0.0	0.0	0.0	0.0	12.0	/mnt/bn/seed-aws-va/shwai.he/demystifying-transformers-main/focused-compression-analysis/outputs/layerwise_para_perp/dense_baseline_track
dense_baseline_track	dense_baseline_track		block_out	5	-1.0	0.0	11.57024097442627	3.96524977684021	0.0	0.0	11.57024097442627	3.96524977684021	11.57024097442627	3.96524977684021	1.0	0.0	1.0	0.0	0.0	0.0	0.0	0.0	12.0	/mnt/bn/seed-aws-va/shwai.he/demystifying-transformers-main/focused-compression-analysis/outputs/layerwise_para_perp/dense_baseline_track
dense_baseline_track	dense_baseline_track		block_out	6	-1.0	0.0	12.216097831726074	2.1704835891723633	0.0	0.0	12.216097831726074	2.1704835891723633	12.216097831726074	2.1704835891723633	1.0	0.0	1.0	0.0	0.0	0.0	0.0	0.0	12.0	/mnt/bn/seed-aws-va/shwai.he/demystifying-transformers-main/focused-compression-analysis/outputs/layerwise_para_perp/dense_baseline_track
dense_baseline_track	dense_baseline_track		block_out	7	-1.0	0.0	12.126053810119629	3.690196990966797	0.0	0.0	12.126053810119629	3.690196990966797	12.126053810119629	3.690196990966797	1.0	0.0	1.0	0.0	0.0	0.0	0.0	0.0	12.0	/mnt/bn/seed-aws-va/shwai.he/demystifying-transformers-main/focused-compression-analysis/outputs/layerwise_para_perp/dense_baseline_track
dense_baseline_track	dense_baseline_track		block_out	8	-1.0	0.0	16.51900291442871	3.35119366645813	0.0	0.0	16.51900291442871	3.35119366645813	16.51900291442871	3.35119366645813	1.0	0.0	1.0	0.0	0.0	0.0	0.0	0.0	12.0	/mnt/bn/seed-aws-va/shwai.he/demystifying-transformers-main/focused-compression-analysis/outputs/layerwise_para_perp/dense_baseline_track
dense_baseline_track	dense_baseline_track		block_out	9	-1.0	0.0	16.35334014892578	5.08793830871582	0.0	0.0	16.35334014892578	5.08793830871582	16.35334014892578	5.08793830871582	1.0	0.0	1.0	0.0	0.0	0.0	0.0	0.0	12.0	/mnt/bn/seed-aws-va/shwai.he/demystifying-transformers-main/focused-compression-analysis/outputs/layerwise_para_perp/dense_baseline_track
dense_baseline_track	dense_baseline_track		block_out	10	-1.0	0.0	16.548221588134766	3.941051959991455	0.0	0.0	16.548221588134766	3.941051959991455	16.548221588134766	3.941051959991455	1.0	0.0	1.0	0.0	0.0	0.0	0.0	0.0	12.0	/mnt/bn/seed-aws-va/shwai.he/demystifying-transformers-main/focused-compression-analysis/outputs/layerwise_para_perp/dense_baseline_track
dense_baseline_track	dense_baseline_track		block_out	11	-1.0	0.0	15.577537536621094	3.3646488189697266	0.0	0.0	15.577537536621094	3.3646488189697266	15.577537536621094	3.3646488189697266	1.0	0.0	1.0	0.0	0.0	0.0	0.0	0.0	12.0	/mnt/bn/seed-aws-va/shwai.he/demystifying-transformers-main/focused-compression-analysis/outputs/layerwise_para_perp/dense_baseline_track
dense_baseline_track	dense_baseline_track		block_out	12	-1.0	0.0	16.199983596801758	2.913947343826294	0.0	0.0	16.199983596801758	2.913947343826294	16.199983596801758	2.913947343826294	1.0	0.0	1.0	0.0	0.0	0.0	0.0	0.0	12.0	/mnt/bn/seed-aws-va/shwai.he/demystifying-transformers-main/focused-compression-analysis/outputs/layerwise_para_perp/dense_baseline_track
dense_baseline_track	dense_baseline_track		block_out	13	-1.0	0.0	16.054533004760742	3.3017218112945557	0.0	0.0	16.054533004760742	3.3017218112945557	16.054533004760742	3.3017218112945557	1.0	0.0	1.0	0.0	0.0	0.0	0.0	0.0	12.0	/mnt/bn/seed-aws-va/shwai.he/demystifying-transformers-main/focused-compression-analysis/outputs/layerwise_para_perp/dense_baseline_track
dense_baseline_track	dense_baseline_track		block_out	14	-1.0	0.0	16.032020568847656	1.8471813201904297	0.0	0.0	16.032020568847656	1.8471813201904297	16.032020568847656	1.8471813201904297	1.0	0.0	1.0	0.0	0.0	0.0	0.0	0.0	12.0	/mnt/bn/seed-aws-va/shwai.he/demystifying-transformers-main/focused-compression-analysis/outputs/layerwise_para_perp/dense_baseline_track
dense_baseline_track	dense_baseline_track		block_out	15	-1.0	0.0	15.109306335449219	3.7707455158233643	0.0	0.0	15.109306335449219	3.7707455158233643	15.109306335449219	3.7707455158233643	1.0	0.0	1.0	0.0	0.0	0.0	0.0	0.0	12.0	/mnt/bn/seed-aws-va/shwai.he/demystifying-transformers-main/focused-compression-analysis/outputs/layerwise_para_perp/dense_baseline_track
dense_baseline_track	dense_baseline_track		block_out	16	-1.0	0.0	14.728691101074219	2.667677164077759	0.0	0.0	14.728691101074219	2.667677164077759	14.728691101074219	2.667677164077759	1.0	0.0	1.0	0.0	0.0	0.0	0.0	0.0	12.0	/mnt/bn/seed-aws-va/shwai.he/demystifying-transformers-main/focused-compression-analysis/outputs/layerwise_para_perp/dense_baseline_track
dense_baseline_track	dense_baseline_track		block_out	17	-1.0	0.0	15.450333595275879	2.47759747505188	0.0	0.0	15.450333595275879	2.47759747505188	15.450333595275879	2.47759747505188	1.0	0.0	1.0	0.0	0.0	0.0	0.0	0.0	12.0	/mnt/bn/seed-aws-va/shwai.he/demystifying-transformers-main/focused-compression-analysis/outputs/layerwise_para_perp/dense_baseline_track
dense_baseline_track	dense_baseline_track		block_out	18	-1.0	0.0	16.776098251342773	3.1985342502593994	0.0	0.0	16.776098251342773	3.1985342502593994	16.776098251342773	3.1985342502593994	1.0	0.0	1.0	0.0	0.0	0.0	0.0	0.0	12.0	/mnt/bn/seed-aws-va/shwai.he/demystifying-transformers-main/focused-compression-analysis/outputs/layerwise_para_perp/dense_baseline_track
dense_baseline_track	dense_baseline_track		block_out	19	-1.0	0.0	22.308961868286133	2.6669933795928955	0.0	0.0	22.308961868286133	2.6669933795928955	22.308961868286133	2.6669933795928955	1.0	0.0	1.0	0.0	0.0	0.0	0.0	0.0	12.0	/mnt/bn/seed-aws-va/shwai.he/demystifying-transformers-main/focused-compression-analysis/outputs/layerwise_para_perp/dense_baseline_track
dense_baseline_track	dense_baseline_track		block_out	20	-1.0	0.0	19.29698944091797	3.5536956787109375	0.0	0.0	19.29698944091797	3.5536956787109375	19.29698944091797	3.5536956787109375	1.0	0.0	1.0	0.0	0.0	0.0	0.0	0.0	12.0	/mnt/bn/seed-aws-va/shwai.he/demystifying-transformers-main/focused-compression-analysis/outputs/layerwise_para_perp/dense_baseline_track
dense_baseline_track	dense_baseline_track		block_out	21	-1.0	0.0	21.281774520874023	1.4427553415298462	0.0	0.0	21.281774520874023	1.4427553415298462	21.281774520874023	1.4427553415298462	1.0	0.0	1.0	0.0	0.0	0.0	0.0	0.0	12.0	/mnt/bn/seed-aws-va/shwai.he/demystifying-transformers-main/focused-compression-analysis/outputs/layerwise_para_perp/dense_baseline_track
dense_baseline_track	dense_baseline_track		block_out	22	-1.0	0.0	29.8717098236084	2.557027816772461	0.0	0.0	29.8717098236084	2.557027816772461	29.8717098236084	2.557027816772461	1.0	0.0	1.0	0.0	0.0	0.0	0.0	0.0	12.0	/mnt/bn/seed-aws-va/shwai.he/demystifying-transformers-main/focused-compression-analysis/outputs/layerwise_para_perp/dense_baseline_track
dense_baseline_track	dense_baseline_track		block_out	23	-1.0	0.0	34.502689361572266	2.367973804473877	0.0	0.0	34.502689361572266	2.367973804473877	34.502689361572266	2.367973804473877	1.0	0.0	1.0	0.0	0.0	0.0	0.0	0.0	12.0	/mnt/bn/seed-aws-va/shwai.he/demystifying-transformers-main/focused-compression-analysis/outputs/layerwise_para_perp/dense_baseline_track
dense_baseline_track	dense_baseline_track		block_out	24	-1.0	0.0	36.29523849487305	3.210167646408081	0.0	0.0	36.29523849487305	3.210167646408081	36.29523849487305	3.210167646408081	1.0	0.0	1.0	0.0	0.0	0.0	0.0	0.0	12.0	/mnt/bn/seed-aws-va/shwai.he/demystifying-transformers-main/focused-compression-analysis/outputs/layerwise_para_perp/dense_baseline_track
dense_baseline_track	dense_baseline_track		block_out	25	-1.0	0.0	39.40072250366211	5.512149333953857	0.0	0.0	39.40072250366211	5.512149333953857	39.40072250366211	5.512149333953857	1.0	0.0	1.0	0.0	0.0	0.0	0.0	0.0	12.0	/mnt/bn/seed-aws-va/shwai.he/demystifying-transformers-main/focused-compression-analysis/outputs/layerwise_para_perp/dense_baseline_track
dense_baseline_track	dense_baseline_track		block_out	26	-1.0	0.0	40.0987434387207	4.964190483093262	0.0	0.0	40.0987434387207	4.964190483093262	40.0987434387207	4.964190483093262	1.0	0.0	1.0	0.0	0.0	0.0	0.0	0.0	12.0	/mnt/bn/seed-aws-va/shwai.he/demystifying-transformers-main/focused-compression-analysis/outputs/layerwise_para_perp/dense_baseline_track
dense_baseline_track	dense_baseline_track		block_out	27	-1.0	0.0	43.71475601196289	4.607255935668945	0.0	0.0	43.71475601196289	4.607255935668945	43.71475601196289	4.607255935668945	1.0	0.0	1.0	0.0	0.0	0.0	0.0	0.0	12.0	/mnt/bn/seed-aws-va/shwai.he/demystifying-transformers-main/focused-compression-analysis/outputs/layerwise_para_perp/dense_baseline_track
dense_baseline_track	dense_baseline_track		block_out	28	-1.0	0.0	51.33621597290039	8.466876029968262	0.0	0.0	51.33621597290039	8.466876029968262	51.33621597290039	8.466876029968262	1.0	0.0	1.0	0.0	0.0	0.0	0.0	0.0	12.0	/mnt/bn/seed-aws-va/shwai.he/demystifying-transformers-main/focused-compression-analysis/outputs/layerwise_para_perp/dense_baseline_track
dense_baseline_track	dense_baseline_track		block_out	29	-1.0	0.0	51.79378890991211	6.724797248840332	0.0	0.0	51.79378890991211	6.724797248840332	51.79378890991211	6.724797248840332	1.0	0.0	1.0	0.0	0.0	0.0	0.0	0.0	12.0	/mnt/bn/seed-aws-va/shwai.he/demystifying-transformers-main/focused-compression-analysis/outputs/layerwise_para_perp/dense_baseline_track
dense_baseline_track	dense_baseline_track		block_out	30	-1.0	0.0	67.50605773925781	7.348269939422607	0.0	0.0	67.50605773925781	7.348269939422607	67.50605773925781	7.348269939422607	1.0	0.0	1.0	0.0	0.0	0.0	0.0	0.0	12.0	/mnt/bn/seed-aws-va/shwai.he/demystifying-transformers-main/focused-compression-analysis/outputs/layerwise_para_perp/dense_baseline_track
dense_baseline_track	dense_baseline_track		block_out	31	-1.0	0.0	74.56813049316406	7.059042453765869	0.0	0.0	74.56813049316406	7.059042453765869	74.56813049316406	7.059042453765869	1.0	0.0	1.0	0.0	0.0	0.0	0.0	0.0	12.0	/mnt/bn/seed-aws-va/shwai.he/demystifying-transformers-main/focused-compression-analysis/outputs/layerwise_para_perp/dense_baseline_track
dense_baseline_track	dense_baseline_track		block_out	32	-1.0	0.0	93.04443359375	10.82694149017334	0.0	0.0	93.04443359375	10.82694149017334	93.04443359375	10.82694149017334	1.0	0.0	1.0	0.0	0.0	0.0	0.0	0.0	12.0	/mnt/bn/seed-aws-va/shwai.he/demystifying-transformers-main/focused-compression-analysis/outputs/layerwise_para_perp/dense_baseline_track
dense_baseline_track	dense_baseline_track		block_out	33	-1.0	0.0	124.4160385131836	18.083032608032227	0.0	0.0	124.4160385131836	18.083032608032227	124.4160385131836	18.083032608032227	1.0	0.0	1.0	0.0	0.0	0.0	0.0	0.0	12.0	/mnt/bn/seed-aws-va/shwai.he/demystifying-transformers-main/focused-compression-analysis/outputs/layerwise_para_perp/dense_baseline_track
dense_baseline_track	dense_baseline_track		block_out	34	-1.0	0.0	201.9527587890625	20.833885192871094	0.0	0.0	201.9527587890625	20.833885192871094	201.9527587890625	20.833885192871094	1.0	0.0	1.0	0.0	0.0	0.0	0.0	0.0	12.0	/mnt/bn/seed-aws-va/shwai.he/demystifying-transformers-main/focused-compression-analysis/outputs/layerwise_para_perp/dense_baseline_track
dense_baseline_track	dense_baseline_track		block_out	35	-1.0	0.0	282.43145751953125	22.07303237915039	0.0	0.0	282.43145751953125	22.07303237915039	282.43145751953125	22.07303237915039	1.0	0.0	1.0	0.0	0.0	0.0	0.0	0.0	12.0	/mnt/bn/seed-aws-va/shwai.he/demystifying-transformers-main/focused-compression-analysis/outputs/layerwise_para_perp/dense_baseline_track
dense_baseline_track	dense_baseline_track		mlp_out	0	-1.0	0.0	4.924187183380127	1.8690681457519531	0.0	0.0	4.924187183380127	1.8690681457519531	4.924187183380127	1.8690681457519531	1.0	0.0	1.0	0.0	0.0	0.0	0.0	0.0	12.0	/mnt/bn/seed-aws-va/shwai.he/demystifying-transformers-main/focused-compression-analysis/outputs/layerwise_para_perp/dense_baseline_track
dense_baseline_track	dense_baseline_track		mlp_out	1	-1.0	0.0	2.155550956726074	0.9247154593467712	0.0	0.0	2.155550956726074	0.9247154593467712	2.155550956726074	0.9247154593467712	1.0	0.0	1.0	0.0	0.0	0.0	0.0	0.0	12.0	/mnt/bn/seed-aws-va/shwai.he/demystifying-transformers-main/focused-compression-analysis/outputs/layerwise_para_perp/dense_baseline_track
dense_baseline_track	dense_baseline_track		mlp_out	2	-1.0	0.0	3.589118003845215	0.8690676689147949	0.0	0.0	3.589118003845215	0.8690676689147949	3.589118003845215	0.8690676689147949	1.0	0.0	1.0	0.0	0.0	0.0	0.0	0.0	12.0	/mnt/bn/seed-aws-va/shwai.he/demystifying-transformers-main/focused-compression-analysis/outputs/layerwise_para_perp/dense_baseline_track
dense_baseline_track	dense_baseline_track		mlp_out	3	-1.0	0.0	6.195565700531006	5.021823406219482	0.0	0.0	6.195565700531006	5.021823406219482	6.195565700531006	5.021823406219482	1.0	0.0	1.0	0.0	0.0	0.0	0.0	0.0	12.0	/mnt/bn/seed-aws-va/shwai.he/demystifying-transformers-main/focused-compression-analysis/outputs/layerwise_para_perp/dense_baseline_track
dense_baseline_track	dense_baseline_track		mlp_out	4	-1.0	0.0	8.74682903289795	1.7499237060546875	0.0	0.0	8.74682903289795	1.7499237060546875	8.74682903289795	1.7499237060546875	1.0	0.0	1.0	0.0	0.0	0.0	0.0	0.0	12.0	/mnt/bn/seed-aws-va/shwai.he/demystifying-transformers-main/focused-compression-analysis/outputs/layerwise_para_perp/dense_baseline_track
dense_baseline_track	dense_baseline_track		mlp_out	5	-1.0	0.0	10.169266700744629	4.168041229248047	0.0	0.0	10.169266700744629	4.168041229248047	10.169266700744629	4.168041229248047	1.0	0.0	1.0	0.0	0.0	0.0	0.0	0.0	12.0	/mnt/bn/seed-aws-va/shwai.he/demystifying-transformers-main/focused-compression-analysis/outputs/layerwise_para_perp/dense_baseline_track
dense_baseline_track	dense_baseline_track		mlp_out	6	-1.0	0.0	10.402653694152832	2.5103909969329834	0.0	0.0	10.402653694152832	2.5103909969329834	10.402653694152832	2.5103909969329834	1.0	0.0	1.0	0.0	0.0	0.0	0.0	0.0	12.0	/mnt/bn/seed-aws-va/shwai.he/demystifying-transformers-main/focused-compression-analysis/outputs/layerwise_para_perp/dense_baseline_track
dense_baseline_track	dense_baseline_track		mlp_out	7	-1.0	0.0	10.795517921447754	3.672422409057617	0.0	0.0	10.795517921447754	3.672422409057617	10.795517921447754	3.672422409057617	1.0	0.0	1.0	0.0	0.0	0.0	0.0	0.0	12.0	/mnt/bn/seed-aws-va/shwai.he/demystifying-transformers-main/focused-compression-analysis/outputs/layerwise_para_perp/dense_baseline_track
dense_baseline_track	dense_baseline_track		mlp_out	8	-1.0	0.0	14.937820434570312	3.609757661819458	0.0	0.0	14.937820434570312	3.609757661819458	14.937820434570312	3.609757661819458	1.0	0.0	1.0	0.0	0.0	0.0	0.0	0.0	12.0	/mnt/bn/seed-aws-va/shwai.he/demystifying-transformers-main/focused-compression-analysis/outputs/layerwise_para_perp/dense_baseline_track
dense_baseline_track	dense_baseline_track		mlp_out	9	-1.0	0.0	15.593493461608887	5.000027656555176	0.0	0.0	15.593493461608887	5.000027656555176	15.593493461608887	5.000027656555176	1.0	0.0	1.0	0.0	0.0	0.0	0.0	0.0	12.0	/mnt/bn/seed-aws-va/shwai.he/demystifying-transformers-main/focused-compression-analysis/outputs/layerwise_para_perp/dense_baseline_track
dense_baseline_track	dense_baseline_track		mlp_out	10	-1.0	0.0	15.17504596710205	3.5631487369537354	0.0	0.0	15.17504596710205	3.5631487369537354	15.17504596710205	3.5631487369537354	1.0	0.0	1.0	0.0	0.0	0.0	0.0	0.0	12.0	/mnt/bn/seed-aws-va/shwai.he/demystifying-transformers-main/focused-compression-analysis/outputs/layerwise_para_perp/dense_baseline_track
dense_baseline_track	dense_baseline_track		mlp_out	11	-1.0	0.0	14.45043659210205	3.5118751525878906	0.0	0.0	14.45043659210205	3.5118751525878906	14.45043659210205	3.5118751525878906	1.0	0.0	1.0	0.0	0.0	0.0	0.0	0.0	12.0	/mnt/bn/seed-aws-va/shwai.he/demystifying-transformers-main/focused-compression-analysis/outputs/layerwise_para_perp/dense_baseline_track
dense_baseline_track	dense_baseline_track		mlp_out	12	-1.0	0.0	14.206377983093262	2.9714574813842773	0.0	0.0	14.206377983093262	2.9714574813842773	14.206377983093262	2.9714574813842773	1.0	0.0	1.0	0.0	0.0	0.0	0.0	0.0	12.0	/mnt/bn/seed-aws-va/shwai.he/demystifying-transformers-main/focused-compression-analysis/outputs/layerwise_para_perp/dense_baseline_track
dense_baseline_track	dense_baseline_track		mlp_out	13	-1.0	0.0	14.665913581848145	3.003563404083252	0.0	0.0	14.665913581848145	3.003563404083252	14.665913581848145	3.003563404083252	1.0	0.0	1.0	0.0	0.0	0.0	0.0	0.0	12.0	/mnt/bn/seed-aws-va/shwai.he/demystifying-transformers-main/focused-compression-analysis/outputs/layerwise_para_perp/dense_baseline_track
dense_baseline_track	dense_baseline_track		mlp_out	14	-1.0	0.0	14.308375358581543	1.7635021209716797	0.0	0.0	14.308375358581543	1.7635021209716797	14.308375358581543	1.7635021209716797	1.0	0.0	1.0	0.0	0.0	0.0	0.0	0.0	12.0	/mnt/bn/seed-aws-va/shwai.he/demystifying-transformers-main/focused-compression-analysis/outputs/layerwise_para_perp/dense_baseline_track
dense_baseline_track	dense_baseline_track		mlp_out	15	-1.0	0.0	14.209195137023926	2.527757167816162	0.0	0.0	14.209195137023926	2.527757167816162	14.209195137023926	2.527757167816162	1.0	0.0	1.0	0.0	0.0	0.0	0.0	0.0	12.0	/mnt/bn/seed-aws-va/shwai.he/demystifying-transformers-main/focused-compression-analysis/outputs/layerwise_para_perp/dense_baseline_track
dense_baseline_track	dense_baseline_track		mlp_out	16	-1.0	0.0	14.213532447814941	2.2408463954925537	0.0	0.0	14.213532447814941	2.2408463954925537	14.213532447814941	2.2408463954925537	1.0	0.0	1.0	0.0	0.0	0.0	0.0	0.0	12.0	/mnt/bn/seed-aws-va/shwai.he/demystifying-transformers-main/focused-compression-analysis/outputs/layerwise_para_perp/dense_baseline_track
dense_baseline_track	dense_baseline_track		mlp_out	17	-1.0	0.0	15.110057830810547	1.7454731464385986	0.0	0.0	15.110057830810547	1.7454731464385986	15.110057830810547	1.7454731464385986	1.0	0.0	1.0	0.0	0.0	0.0	0.0	0.0	12.0	/mnt/bn/seed-aws-va/shwai.he/demystifying-transformers-main/focused-compression-analysis/outputs/layerwise_para_perp/dense_baseline_track
dense_baseline_track	dense_baseline_track		mlp_out	18	-1.0	0.0	15.306750297546387	2.743739604949951	0.0	0.0	15.306750297546387	2.743739604949951	15.306750297546387	2.743739604949951	1.0	0.0	1.0	0.0	0.0	0.0	0.0	0.0	12.0	/mnt/bn/seed-aws-va/shwai.he/demystifying-transformers-main/focused-compression-analysis/outputs/layerwise_para_perp/dense_baseline_track
dense_baseline_track	dense_baseline_track		mlp_out	19	-1.0	0.0	19.548030853271484	2.715644598007202	0.0	0.0	19.548030853271484	2.715644598007202	19.548030853271484	2.715644598007202	1.0	0.0	1.0	0.0	0.0	0.0	0.0	0.0	12.0	/mnt/bn/seed-aws-va/shwai.he/demystifying-transformers-main/focused-compression-analysis/outputs/layerwise_para_perp/dense_baseline_track
dense_baseline_track	dense_baseline_track		mlp_out	20	-1.0	0.0	18.867536544799805	3.018406629562378	0.0	0.0	18.867536544799805	3.018406629562378	18.867536544799805	3.018406629562378	1.0	0.0	1.0	0.0	0.0	0.0	0.0	0.0	12.0	/mnt/bn/seed-aws-va/shwai.he/demystifying-transformers-main/focused-compression-analysis/outputs/layerwise_para_perp/dense_baseline_track
dense_baseline_track	dense_baseline_track		mlp_out	21	-1.0	0.0	20.359437942504883	1.1511050462722778	0.0	0.0	20.359437942504883	1.1511050462722778	20.359437942504883	1.1511050462722778	1.0	0.0	1.0	0.0	0.0	0.0	0.0	0.0	12.0	/mnt/bn/seed-aws-va/shwai.he/demystifying-transformers-main/focused-compression-analysis/outputs/layerwise_para_perp/dense_baseline_track
dense_baseline_track	dense_baseline_track		mlp_out	22	-1.0	0.0	25.439254760742188	2.180009603500366	0.0	0.0	25.439254760742188	2.180009603500366	25.439254760742188	2.180009603500366	1.0	0.0	1.0	0.0	0.0	0.0	0.0	0.0	12.0	/mnt/bn/seed-aws-va/shwai.he/demystifying-transformers-main/focused-compression-analysis/outputs/layerwise_para_perp/dense_baseline_track
dense_baseline_track	dense_baseline_track		mlp_out	23	-1.0	0.0	29.80021095275879	2.622103691101074	0.0	0.0	29.80021095275879	2.622103691101074	29.80021095275879	2.622103691101074	1.0	0.0	1.0	0.0	0.0	0.0	0.0	0.0	12.0	/mnt/bn/seed-aws-va/shwai.he/demystifying-transformers-main/focused-compression-analysis/outputs/layerwise_para_perp/dense_baseline_track
dense_baseline_track	dense_baseline_track		mlp_out	24	-1.0	0.0	32.281436920166016	3.7535953521728516	0.0	0.0	32.281436920166016	3.7535953521728516	32.281436920166016	3.7535953521728516	1.0	0.0	1.0	0.0	0.0	0.0	0.0	0.0	12.0	/mnt/bn/seed-aws-va/shwai.he/demystifying-transformers-main/focused-compression-analysis/outputs/layerwise_para_perp/dense_baseline_track
dense_baseline_track	dense_baseline_track		mlp_out	25	-1.0	0.0	36.582828521728516	6.259709358215332	0.0	0.0	36.582828521728516	6.259709358215332	36.582828521728516	6.259709358215332	1.0	0.0	1.0	0.0	0.0	0.0	0.0	0.0	12.0	/mnt/bn/seed-aws-va/shwai.he/demystifying-transformers-main/focused-compression-analysis/outputs/layerwise_para_perp/dense_baseline_track
dense_baseline_track	dense_baseline_track		mlp_out	26	-1.0	0.0	37.251007080078125	5.993751049041748	0.0	0.0	37.251007080078125	5.993751049041748	37.251007080078125	5.993751049041748	1.0	0.0	1.0	0.0	0.0	0.0	0.0	0.0	12.0	/mnt/bn/seed-aws-va/shwai.he/demystifying-transformers-main/focused-compression-analysis/outputs/layerwise_para_perp/dense_baseline_track
dense_baseline_track	dense_baseline_track		mlp_out	27	-1.0	0.0	40.744171142578125	6.577503204345703	0.0	0.0	40.744171142578125	6.577503204345703	40.744171142578125	6.577503204345703	1.0	0.0	1.0	0.0	0.0	0.0	0.0	0.0	12.0	/mnt/bn/seed-aws-va/shwai.he/demystifying-transformers-main/focused-compression-analysis/outputs/layerwise_para_perp/dense_baseline_track
dense_baseline_track	dense_baseline_track		mlp_out	28	-1.0	0.0	48.13186264038086	8.781499862670898	0.0	0.0	48.13186264038086	8.781499862670898	48.13186264038086	8.781499862670898	1.0	0.0	1.0	0.0	0.0	0.0	0.0	0.0	12.0	/mnt/bn/seed-aws-va/shwai.he/demystifying-transformers-main/focused-compression-analysis/outputs/layerwise_para_perp/dense_baseline_track
dense_baseline_track	dense_baseline_track		mlp_out	29	-1.0	0.0	48.9538459777832	7.520463466644287	0.0	0.0	48.9538459777832	7.520463466644287	48.9538459777832	7.520463466644287	1.0	0.0	1.0	0.0	0.0	0.0	0.0	0.0	12.0	/mnt/bn/seed-aws-va/shwai.he/demystifying-transformers-main/focused-compression-analysis/outputs/layerwise_para_perp/dense_baseline_track
dense_baseline_track	dense_baseline_track		mlp_out	30	-1.0	0.0	59.12934494018555	6.684651851654053	0.0	0.0	59.12934494018555	6.684651851654053	59.12934494018555	6.684651851654053	1.0	0.0	1.0	0.0	0.0	0.0	0.0	0.0	12.0	/mnt/bn/seed-aws-va/shwai.he/demystifying-transformers-main/focused-compression-analysis/outputs/layerwise_para_perp/dense_baseline_track
dense_baseline_track	dense_baseline_track		mlp_out	31	-1.0	0.0	64.48601531982422	7.8522114753723145	0.0	0.0	64.48601531982422	7.8522114753723145	64.48601531982422	7.8522114753723145	1.0	0.0	1.0	0.0	0.0	0.0	0.0	0.0	12.0	/mnt/bn/seed-aws-va/shwai.he/demystifying-transformers-main/focused-compression-analysis/outputs/layerwise_para_perp/dense_baseline_track
dense_baseline_track	dense_baseline_track		mlp_out	32	-1.0	0.0	75.88117218017578	10.376106262207031	0.0	0.0	75.88117218017578	10.376106262207031	75.88117218017578	10.376106262207031	1.0	0.0	1.0	0.0	0.0	0.0	0.0	0.0	12.0	/mnt/bn/seed-aws-va/shwai.he/demystifying-transformers-main/focused-compression-analysis/outputs/layerwise_para_perp/dense_baseline_track
dense_baseline_track	dense_baseline_track		mlp_out	33	-1.0	0.0	104.89154815673828	19.515968322753906	0.0	0.0	104.89154815673828	19.515968322753906	104.89154815673828	19.515968322753906	1.0	0.0	1.0	0.0	0.0	0.0	0.0	0.0	12.0	/mnt/bn/seed-aws-va/shwai.he/demystifying-transformers-main/focused-compression-analysis/outputs/layerwise_para_perp/dense_baseline_track
dense_baseline_track	dense_baseline_track		mlp_out	34	-1.0	0.0	146.5600128173828	13.341517448425293	0.0	0.0	146.5600128173828	13.341517448425293	146.5600128173828	13.341517448425293	1.0	0.0	1.0	0.0	0.0	0.0	0.0	0.0	12.0	/mnt/bn/seed-aws-va/shwai.he/demystifying-transformers-main/focused-compression-analysis/outputs/layerwise_para_perp/dense_baseline_track
dense_baseline_track	dense_baseline_track		mlp_out	35	-1.0	0.0	306.6493225097656	29.164939880371094	0.0	0.0	306.6493225097656	29.164939880371094	306.6493225097656	29.164939880371094	1.0	0.0	1.0	0.0	0.0	0.0	0.0	0.0	12.0	/mnt/bn/seed-aws-va/shwai.he/demystifying-transformers-main/focused-compression-analysis/outputs/layerwise_para_perp/dense_baseline_track
drop_attn8_baseline	drop_attn8_baseline		attn_out	0	0.0	0.0	0.0	0.0	0.0	0.0	3.8522732257843018	0.5188212990760803	0.0	0.0	0.0	0.0	0.0	0.0	0.0	0.0	0.0	0.0	12.0	/mnt/bn/seed-aws-va/shwai.he/demystifying-transformers-main/focused-compression-analysis/outputs/layerwise_para_perp/Qwen3-4B__drop_attn8_baseline
drop_attn8_baseline	drop_attn8_baseline		attn_out	1	0.0	0.0	0.0	0.0	0.0	0.0	2.587146520614624	0.3294939696788788	0.0	0.0	0.0	0.0	0.0	0.0	0.0	0.0	0.0	0.0	12.0	/mnt/bn/seed-aws-va/shwai.he/demystifying-transformers-main/focused-compression-analysis/outputs/layerwise_para_perp/Qwen3-4B__drop_attn8_baseline
drop_attn8_baseline	drop_attn8_baseline		attn_out	2	0.0	0.0	0.0	0.0	0.0	0.0	2.72405743598938	0.3695814907550812	0.0	0.0	0.0	0.0	0.0	0.0	0.0	0.0	0.0	0.0	12.0	/mnt/bn/seed-aws-va/shwai.he/demystifying-transformers-main/focused-compression-analysis/outputs/layerwise_para_perp/Qwen3-4B__drop_attn8_baseline
drop_attn8_baseline	drop_attn8_baseline		attn_out	3	0.0	0.0	0.0	0.0	0.0	0.0	3.509312868118286	0.6009883284568787	0.0	0.0	0.0	0.0	0.0	0.0	0.0	0.0	0.0	0.0	12.0	/mnt/bn/seed-aws-va/shwai.he/demystifying-transformers-main/focused-compression-analysis/outputs/layerwise_para_perp/Qwen3-4B__drop_attn8_baseline
drop_attn8_baseline	drop_attn8_baseline		attn_out	4	0.0	0.0	0.0	0.0	0.0	0.0	3.258254289627075	0.9587516188621521	0.0	0.0	0.0	0.0	0.0	0.0	0.0	0.0	0.0	0.0	12.0	/mnt/bn/seed-aws-va/shwai.he/demystifying-transformers-main/focused-compression-analysis/outputs/layerwise_para_perp/Qwen3-4B__drop_attn8_baseline
drop_attn8_baseline	drop_attn8_baseline		attn_out	5	0.0	0.0	0.0	0.0	0.0	0.0	5.110348224639893	0.6731980443000793	0.0	0.0	0.0	0.0	0.0	0.0	0.0	0.0	0.0	0.0	12.0	/mnt/bn/seed-aws-va/shwai.he/demystifying-transformers-main/focused-compression-analysis/outputs/layerwise_para_perp/Qwen3-4B__drop_attn8_baseline
drop_attn8_baseline	drop_attn8_baseline		attn_out	6	0.0	0.0	0.0	0.0	0.0	0.0	7.0615553855896	0.9513904452323914	0.0	0.0	0.0	0.0	0.0	0.0	0.0	0.0	0.0	0.0	12.0	/mnt/bn/seed-aws-va/shwai.he/demystifying-transformers-main/focused-compression-analysis/outputs/layerwise_para_perp/Qwen3-4B__drop_attn8_baseline
drop_attn8_baseline	drop_attn8_baseline		attn_out	7	0.0	0.0	0.0	0.0	0.0	0.0	6.1397786140441895	1.432727336883545	0.0	0.0	0.0	0.0	0.0	0.0	0.0	0.0	0.0	0.0	12.0	/mnt/bn/seed-aws-va/shwai.he/demystifying-transformers-main/focused-compression-analysis/outputs/layerwise_para_perp/Qwen3-4B__drop_attn8_baseline
drop_attn8_baseline	drop_attn8_baseline		attn_out	8	0.0	0.0	0.0	0.0	0.0	0.0	8.661674499511719	1.2960864305496216	0.0	0.0	0.0	0.0	0.0	0.0	0.0	0.0	0.0	0.0	12.0	/mnt/bn/seed-aws-va/shwai.he/demystifying-transformers-main/focused-compression-analysis/outputs/layerwise_para_perp/Qwen3-4B__drop_attn8_baseline
drop_attn8_baseline	drop_attn8_baseline		attn_out	9	0.0	0.0	0.0	0.0	0.0	0.0	7.911172389984131	1.3670480251312256	0.0	0.0	0.0	0.0	0.0	0.0	0.0	0.0	0.0	0.0	12.0	/mnt/bn/seed-aws-va/shwai.he/demystifying-transformers-main/focused-compression-analysis/outputs/layerwise_para_perp/Qwen3-4B__drop_attn8_baseline
drop_attn8_baseline	drop_attn8_baseline		attn_out	10	0.0	0.0	0.0	0.0	0.0	0.0	9.636845588684082	1.359122395515442	0.0	0.0	0.0	0.0	0.0	0.0	0.0	0.0	0.0	0.0	12.0	/mnt/bn/seed-aws-va/shwai.he/demystifying-transformers-main/focused-compression-analysis/outputs/layerwise_para_perp/Qwen3-4B__drop_attn8_baseline
drop_attn8_baseline	drop_attn8_baseline		attn_out	11	0.0	0.0	0.0	0.0	0.0	0.0	8.743943214416504	1.4012089967727661	0.0	0.0	0.0	0.0	0.0	0.0	0.0	0.0	0.0	0.0	12.0	/mnt/bn/seed-aws-va/shwai.he/demystifying-transformers-main/focused-compression-analysis/outputs/layerwise_para_perp/Qwen3-4B__drop_attn8_baseline
drop_attn8_baseline	drop_attn8_baseline		attn_out	12	0.0	0.0	0.0	0.0	0.0	0.0	10.3915376663208	0.7736988663673401	0.0	0.0	0.0	0.0	0.0	0.0	0.0	0.0	0.0	0.0	12.0	/mnt/bn/seed-aws-va/shwai.he/demystifying-transformers-main/focused-compression-analysis/outputs/layerwise_para_perp/Qwen3-4B__drop_attn8_baseline
drop_attn8_baseline	drop_attn8_baseline		attn_out	13	0.0	0.0	0.0	0.0	0.0	0.0	9.11807632446289	1.8696048259735107	0.0	0.0	0.0	0.0	0.0	0.0	0.0	0.0	0.0	0.0	12.0	/mnt/bn/seed-aws-va/shwai.he/demystifying-transformers-main/focused-compression-analysis/outputs/layerwise_para_perp/Qwen3-4B__drop_attn8_baseline
drop_attn8_baseline	drop_attn8_baseline		attn_out	14	0.0	0.0	0.0	0.0	0.0	0.0	10.176310539245605	1.068668246269226	0.0	0.0	0.0	0.0	0.0	0.0	0.0	0.0	0.0	0.0	12.0	/mnt/bn/seed-aws-va/shwai.he/demystifying-transformers-main/focused-compression-analysis/outputs/layerwise_para_perp/Qwen3-4B__drop_attn8_baseline
drop_attn8_baseline	drop_attn8_baseline		attn_out	15	0.0	0.0	0.0	0.0	0.0	0.0	10.134062767028809	2.2064037322998047	0.0	0.0	0.0	0.0	0.0	0.0	0.0	0.0	0.0	0.0	12.0	/mnt/bn/seed-aws-va/shwai.he/demystifying-transformers-main/focused-compression-analysis/outputs/layerwise_para_perp/Qwen3-4B__drop_attn8_baseline
drop_attn8_baseline	drop_attn8_baseline		attn_out	16	0.0	0.0	0.0	0.0	0.0	0.0	9.016239166259766	1.0635262727737427	0.0	0.0	0.0	0.0	0.0	0.0	0.0	0.0	0.0	0.0	12.0	/mnt/bn/seed-aws-va/shwai.he/demystifying-transformers-main/focused-compression-analysis/outputs/layerwise_para_perp/Qwen3-4B__drop_attn8_baseline
drop_attn8_baseline	drop_attn8_baseline		attn_out	17	0.0	0.0	0.0	0.0	0.0	0.0	10.008103370666504	1.3305584192276	0.0	0.0	0.0	0.0	0.0	0.0	0.0	0.0	0.0	0.0	12.0	/mnt/bn/seed-aws-va/shwai.he/demystifying-transformers-main/focused-compression-analysis/outputs/layerwise_para_perp/Qwen3-4B__drop_attn8_baseline
drop_attn8_baseline	drop_attn8_baseline		attn_out	18	0.0	0.0	0.0	0.0	0.0	0.0	10.499770164489746	1.513670563697815	0.0	0.0	0.0	0.0	0.0	0.0	0.0	0.0	0.0	0.0	12.0	/mnt/bn/seed-aws-va/shwai.he/demystifying-transformers-main/focused-compression-analysis/outputs/layerwise_para_perp/Qwen3-4B__drop_attn8_baseline
drop_attn8_baseline	drop_attn8_baseline		attn_out	19	0.0	0.0	0.0	0.0	0.0	0.0	14.262450218200684	1.136812686920166	0.0	0.0	0.0	0.0	0.0	0.0	0.0	0.0	0.0	0.0	12.0	/mnt/bn/seed-aws-va/shwai.he/demystifying-transformers-main/focused-compression-analysis/outputs/layerwise_para_perp/Qwen3-4B__drop_attn8_baseline
drop_attn8_baseline	drop_attn8_baseline		attn_out	20	0.0	0.0	0.0	0.0	0.0	0.0	10.422728538513184	1.281166672706604	0.0	0.0	0.0	0.0	0.0	0.0	0.0	0.0	0.0	0.0	12.0	/mnt/bn/seed-aws-va/shwai.he/demystifying-transformers-main/focused-compression-analysis/outputs/layerwise_para_perp/Qwen3-4B__drop_attn8_baseline
drop_attn8_baseline	drop_attn8_baseline		attn_out	21	0.0	0.0	0.0	0.0	0.0	0.0	11.00924301147461	1.2629848718643188	0.0	0.0	0.0	0.0	0.0	0.0	0.0	0.0	0.0	0.0	12.0	/mnt/bn/seed-aws-va/shwai.he/demystifying-transformers-main/focused-compression-analysis/outputs/layerwise_para_perp/Qwen3-4B__drop_attn8_baseline
drop_attn8_baseline	drop_attn8_baseline		attn_out	22	0.0	0.0	0.0	0.0	0.0	0.0	17.58876609802246	3.5424110889434814	0.0	0.0	0.0	0.0	0.0	0.0	0.0	0.0	0.0	0.0	12.0	/mnt/bn/seed-aws-va/shwai.he/demystifying-transformers-main/focused-compression-analysis/outputs/layerwise_para_perp/Qwen3-4B__drop_attn8_baseline
drop_attn8_baseline	drop_attn8_baseline		attn_out	23	0.0	0.0	0.0	0.0	0.0	0.0	17.396305084228516	5.1606221199035645	0.0	0.0	0.0	0.0	0.0	0.0	0.0	0.0	0.0	0.0	12.0	/mnt/bn/seed-aws-va/shwai.he/demystifying-transformers-main/focused-compression-analysis/outputs/layerwise_para_perp/Qwen3-4B__drop_attn8_baseline
drop_attn8_baseline	drop_attn8_baseline		attn_out	24	0.0	0.0	0.0	0.0	0.0	0.0	15.167145729064941	3.3803374767303467	0.0	0.0	0.0	0.0	0.0	0.0	0.0	0.0	0.0	0.0	12.0	/mnt/bn/seed-aws-va/shwai.he/demystifying-transformers-main/focused-compression-analysis/outputs/layerwise_para_perp/Qwen3-4B__drop_attn8_baseline
drop_attn8_baseline	drop_attn8_baseline		attn_out	25	0.0	0.0	0.0	0.0	0.0	0.0	13.57285213470459	4.791080474853516	0.0	0.0	0.0	0.0	0.0	0.0	0.0	0.0	0.0	0.0	12.0	/mnt/bn/seed-aws-va/shwai.he/demystifying-transformers-main/focused-compression-analysis/outputs/layerwise_para_perp/Qwen3-4B__drop_attn8_baseline
drop_attn8_baseline	drop_attn8_baseline		attn_out	26	0.0	0.0	0.0	0.0	0.0	0.0	13.742465019226074	4.162558078765869	0.0	0.0	0.0	0.0	0.0	0.0	0.0	0.0	0.0	0.0	12.0	/mnt/bn/seed-aws-va/shwai.he/demystifying-transformers-main/focused-compression-analysis/outputs/layerwise_para_perp/Qwen3-4B__drop_attn8_baseline
drop_attn8_baseline	drop_attn8_baseline		attn_out	27	0.0	0.0	0.0	0.0	0.0	0.0	15.214396476745605	4.473259925842285	0.0	0.0	0.0	0.0	0.0	0.0	0.0	0.0	0.0	0.0	12.0	/mnt/bn/seed-aws-va/shwai.he/demystifying-transformers-main/focused-compression-analysis/outputs/layerwise_para_perp/Qwen3-4B__drop_attn8_baseline
drop_attn8_baseline	drop_attn8_baseline		attn_out	28	0.0	0.0	0.0	0.0	0.0	0.0	17.34990119934082	2.7296555042266846	0.0	0.0	0.0	0.0	0.0	0.0	0.0	0.0	0.0	0.0	12.0	/mnt/bn/seed-aws-va/shwai.he/demystifying-transformers-main/focused-compression-analysis/outputs/layerwise_para_perp/Qwen3-4B__drop_attn8_baseline
drop_attn8_baseline	drop_attn8_baseline		attn_out	29	0.0	0.0	0.0	0.0	0.0	0.0	15.996867179870605	6.065427780151367	0.0	0.0	0.0	0.0	0.0	0.0	0.0	0.0	0.0	0.0	12.0	/mnt/bn/seed-aws-va/shwai.he/demystifying-transformers-main/focused-compression-analysis/outputs/layerwise_para_perp/Qwen3-4B__drop_attn8_baseline
drop_attn8_baseline	drop_attn8_baseline		attn_out	30	0.0	0.0	0.0	0.0	0.0	0.0	27.031532287597656	7.105592250823975	0.0	0.0	0.0	0.0	0.0	0.0	0.0	0.0	0.0	0.0	12.0	/mnt/bn/seed-aws-va/shwai.he/demystifying-transformers-main/focused-compression-analysis/outputs/layerwise_para_perp/Qwen3-4B__drop_attn8_baseline
drop_attn8_baseline	drop_attn8_baseline		attn_out	31	0.0	0.0	0.0	0.0	0.0	0.0	33.54866409301758	5.896807670593262	0.0	0.0	0.0	0.0	0.0	0.0	0.0	0.0	0.0	0.0	12.0	/mnt/bn/seed-aws-va/shwai.he/demystifying-transformers-main/focused-compression-analysis/outputs/layerwise_para_perp/Qwen3-4B__drop_attn8_baseline
drop_attn8_baseline	drop_attn8_baseline		attn_out	32	0.0	0.0	0.0	0.0	0.0	0.0	50.74318313598633	11.684596061706543	0.0	0.0	0.0	0.0	0.0	0.0	0.0	0.0	0.0	0.0	12.0	/mnt/bn/seed-aws-va/shwai.he/demystifying-transformers-main/focused-compression-analysis/outputs/layerwise_para_perp/Qwen3-4B__drop_attn8_baseline
drop_attn8_baseline	drop_attn8_baseline		attn_out	33	0.0	0.0	0.0	0.0	0.0	0.0	53.45046615600586	14.546245574951172	0.0	0.0	0.0	0.0	0.0	0.0	0.0	0.0	0.0	0.0	12.0	/mnt/bn/seed-aws-va/shwai.he/demystifying-transformers-main/focused-compression-analysis/outputs/layerwise_para_perp/Qwen3-4B__drop_attn8_baseline
drop_attn8_baseline	drop_attn8_baseline		attn_out	34	0.0	0.0	0.0	0.0	0.0	0.0	106.57508087158203	16.721145629882812	0.0	0.0	0.0	0.0	0.0	0.0	0.0	0.0	0.0	0.0	12.0	/mnt/bn/seed-aws-va/shwai.he/demystifying-transformers-main/focused-compression-analysis/outputs/layerwise_para_perp/Qwen3-4B__drop_attn8_baseline
drop_attn8_baseline	drop_attn8_baseline		attn_out	35	0.0	0.0	0.0	0.0	0.0	0.0	108.55734252929688	18.180034637451172	0.0	0.0	0.0	0.0	0.0	0.0	0.0	0.0	0.0	0.0	12.0	/mnt/bn/seed-aws-va/shwai.he/demystifying-transformers-main/focused-compression-analysis/outputs/layerwise_para_perp/Qwen3-4B__drop_attn8_baseline
drop_attn8_baseline	drop_attn8_baseline		block_out	0	0.0	0.0	0.0	0.0	0.0	0.0	7.808135509490967	1.257848858833313	0.0	0.0	0.0	0.0	0.0	0.0	0.0	0.0	0.0	0.0	12.0	/mnt/bn/seed-aws-va/shwai.he/demystifying-transformers-main/focused-compression-analysis/outputs/layerwise_para_perp/Qwen3-4B__drop_attn8_baseline
drop_attn8_baseline	drop_attn8_baseline		block_out	1	0.0	0.0	0.0	0.0	0.0	0.0	3.4068033695220947	0.914424479007721	0.0	0.0	0.0	0.0	0.0	0.0	0.0	0.0	0.0	0.0	12.0	/mnt/bn/seed-aws-va/shwai.he/demystifying-transformers-main/focused-compression-analysis/outputs/layerwise_para_perp/Qwen3-4B__drop_attn8_baseline
drop_attn8_baseline	drop_attn8_baseline		block_out	2	0.0	0.0	0.0	0.0	0.0	0.0	4.415557384490967	0.9577285647392273	0.0	0.0	0.0	0.0	0.0	0.0	0.0	0.0	0.0	0.0	12.0	/mnt/bn/seed-aws-va/shwai.he/demystifying-transformers-main/focused-compression-analysis/outputs/layerwise_para_perp/Qwen3-4B__drop_attn8_baseline
drop_attn8_baseline	drop_attn8_baseline		block_out	3	0.0	0.0	0.0	0.0	0.0	0.0	7.176808834075928	4.843797206878662	0.0	0.0	0.0	0.0	0.0	0.0	0.0	0.0	0.0	0.0	12.0	/mnt/bn/seed-aws-va/shwai.he/demystifying-transformers-main/focused-compression-analysis/outputs/layerwise_para_perp/Qwen3-4B__drop_attn8_baseline
drop_attn8_baseline	drop_attn8_baseline		block_out	4	0.0	0.0	0.0	0.0	0.0	0.0	9.3059663772583	1.5761706829071045	0.0	0.0	0.0	0.0	0.0	0.0	0.0	0.0	0.0	0.0	12.0	/mnt/bn/seed-aws-va/shwai.he/demystifying-transformers-main/focused-compression-analysis/outputs/layerwise_para_perp/Qwen3-4B__drop_attn8_baseline
drop_attn8_baseline	drop_attn8_baseline		block_out	5	0.0	0.0	0.0	0.0	0.0	0.0	11.57024097442627	3.96524977684021	0.0	0.0	0.0	0.0	0.0	0.0	0.0	0.0	0.0	0.0	12.0	/mnt/bn/seed-aws-va/shwai.he/demystifying-transformers-main/focused-compression-analysis/outputs/layerwise_para_perp/Qwen3-4B__drop_attn8_baseline
drop_attn8_baseline	drop_attn8_baseline		block_out	6	0.0	0.0	0.0	0.0	0.0	0.0	12.216097831726074	2.1704835891723633	0.0	0.0	0.0	0.0	0.0	0.0	0.0	0.0	0.0	0.0	12.0	/mnt/bn/seed-aws-va/shwai.he/demystifying-transformers-main/focused-compression-analysis/outputs/layerwise_para_perp/Qwen3-4B__drop_attn8_baseline
drop_attn8_baseline	drop_attn8_baseline		block_out	7	0.0	0.0	0.0	0.0	0.0	0.0	12.126053810119629	3.690196990966797	0.0	0.0	0.0	0.0	0.0	0.0	0.0	0.0	0.0	0.0	12.0	/mnt/bn/seed-aws-va/shwai.he/demystifying-transformers-main/focused-compression-analysis/outputs/layerwise_para_perp/Qwen3-4B__drop_attn8_baseline
drop_attn8_baseline	drop_attn8_baseline		block_out	8	0.0	0.0	0.0	0.0	0.0	0.0	16.51900291442871	3.35119366645813	0.0	0.0	0.0	0.0	0.0	0.0	0.0	0.0	0.0	0.0	12.0	/mnt/bn/seed-aws-va/shwai.he/demystifying-transformers-main/focused-compression-analysis/outputs/layerwise_para_perp/Qwen3-4B__drop_attn8_baseline
drop_attn8_baseline	drop_attn8_baseline		block_out	9	0.0	0.0	0.0	0.0	0.0	0.0	16.35334014892578	5.08793830871582	0.0	0.0	0.0	0.0	0.0	0.0	0.0	0.0	0.0	0.0	12.0	/mnt/bn/seed-aws-va/shwai.he/demystifying-transformers-main/focused-compression-analysis/outputs/layerwise_para_perp/Qwen3-4B__drop_attn8_baseline
drop_attn8_baseline	drop_attn8_baseline		block_out	10	0.0	0.0	0.0	0.0	0.0	0.0	16.548221588134766	3.941051959991455	0.0	0.0	0.0	0.0	0.0	0.0	0.0	0.0	0.0	0.0	12.0	/mnt/bn/seed-aws-va/shwai.he/demystifying-transformers-main/focused-compression-analysis/outputs/layerwise_para_perp/Qwen3-4B__drop_attn8_baseline
drop_attn8_baseline	drop_attn8_baseline		block_out	11	0.0	0.0	0.0	0.0	0.0	0.0	15.577537536621094	3.3646488189697266	0.0	0.0	0.0	0.0	0.0	0.0	0.0	0.0	0.0	0.0	12.0	/mnt/bn/seed-aws-va/shwai.he/demystifying-transformers-main/focused-compression-analysis/outputs/layerwise_para_perp/Qwen3-4B__drop_attn8_baseline
drop_attn8_baseline	drop_attn8_baseline		block_out	12	0.0	0.0	0.0	0.0	0.0	0.0	16.199983596801758	2.913947343826294	0.0	0.0	0.0	0.0	0.0	0.0	0.0	0.0	0.0	0.0	12.0	/mnt/bn/seed-aws-va/shwai.he/demystifying-transformers-main/focused-compression-analysis/outputs/layerwise_para_perp/Qwen3-4B__drop_attn8_baseline
drop_attn8_baseline	drop_attn8_baseline		block_out	13	0.0	0.0	0.0	0.0	0.0	0.0	16.054533004760742	3.3017218112945557	0.0	0.0	0.0	0.0	0.0	0.0	0.0	0.0	0.0	0.0	12.0	/mnt/bn/seed-aws-va/shwai.he/demystifying-transformers-main/focused-compression-analysis/outputs/layerwise_para_perp/Qwen3-4B__drop_attn8_baseline
drop_attn8_baseline	drop_attn8_baseline		block_out	14	0.0	0.0	0.0	0.0	0.0	0.0	16.032020568847656	1.8471813201904297	0.0	0.0	0.0	0.0	0.0	0.0	0.0	0.0	0.0	0.0	12.0	/mnt/bn/seed-aws-va/shwai.he/demystifying-transformers-main/focused-compression-analysis/outputs/layerwise_para_perp/Qwen3-4B__drop_attn8_baseline
drop_attn8_baseline	drop_attn8_baseline		block_out	15	0.0	0.0	0.0	0.0	0.0	0.0	15.109306335449219	3.7707455158233643	0.0	0.0	0.0	0.0	0.0	0.0	0.0	0.0	0.0	0.0	12.0	/mnt/bn/seed-aws-va/shwai.he/demystifying-transformers-main/focused-compression-analysis/outputs/layerwise_para_perp/Qwen3-4B__drop_attn8_baseline
drop_attn8_baseline	drop_attn8_baseline		block_out	16	0.0	0.0	0.0	0.0	0.0	0.0	14.728691101074219	2.667677164077759	0.0	0.0	0.0	0.0	0.0	0.0	0.0	0.0	0.0	0.0	12.0	/mnt/bn/seed-aws-va/shwai.he/demystifying-transformers-main/focused-compression-analysis/outputs/layerwise_para_perp/Qwen3-4B__drop_attn8_baseline
drop_attn8_baseline	drop_attn8_baseline		block_out	17	0.0	0.0	0.0	0.0	0.0	0.0	15.450333595275879	2.47759747505188	0.0	0.0	0.0	0.0	0.0	0.0	0.0	0.0	0.0	0.0	12.0	/mnt/bn/seed-aws-va/shwai.he/demystifying-transformers-main/focused-compression-analysis/outputs/layerwise_para_perp/Qwen3-4B__drop_attn8_baseline
drop_attn8_baseline	drop_attn8_baseline		block_out	18	0.0	0.0	0.0	0.0	0.0	0.0	16.776098251342773	3.1985342502593994	0.0	0.0	0.0	0.0	0.0	0.0	0.0	0.0	0.0	0.0	12.0	/mnt/bn/seed-aws-va/shwai.he/demystifying-transformers-main/focused-compression-analysis/outputs/layerwise_para_perp/Qwen3-4B__drop_attn8_baseline
drop_attn8_baseline	drop_attn8_baseline		block_out	19	0.0	0.0	0.0	0.0	0.0	0.0	22.308961868286133	2.6669933795928955	0.0	0.0	0.0	0.0	0.0	0.0	0.0	0.0	0.0	0.0	12.0	/mnt/bn/seed-aws-va/shwai.he/demystifying-transformers-main/focused-compression-analysis/outputs/layerwise_para_perp/Qwen3-4B__drop_attn8_baseline
drop_attn8_baseline	drop_attn8_baseline		block_out	20	0.0	0.0	0.0	0.0	0.0	0.0	19.29698944091797	3.5536956787109375	0.0	0.0	0.0	0.0	0.0	0.0	0.0	0.0	0.0	0.0	12.0	/mnt/bn/seed-aws-va/shwai.he/demystifying-transformers-main/focused-compression-analysis/outputs/layerwise_para_perp/Qwen3-4B__drop_attn8_baseline
drop_attn8_baseline	drop_attn8_baseline		block_out	21	0.0	0.0	0.0	0.0	0.0	0.0	21.281774520874023	1.4427553415298462	0.0	0.0	0.0	0.0	0.0	0.0	0.0	0.0	0.0	0.0	12.0	/mnt/bn/seed-aws-va/shwai.he/demystifying-transformers-main/focused-compression-analysis/outputs/layerwise_para_perp/Qwen3-4B__drop_attn8_baseline
drop_attn8_baseline	drop_attn8_baseline		block_out	22	0.0	0.0	0.0	0.0	0.0	0.0	29.8717098236084	2.557027816772461	0.0	0.0	0.0	0.0	0.0	0.0	0.0	0.0	0.0	0.0	12.0	/mnt/bn/seed-aws-va/shwai.he/demystifying-transformers-main/focused-compression-analysis/outputs/layerwise_para_perp/Qwen3-4B__drop_attn8_baseline
drop_attn8_baseline	drop_attn8_baseline		block_out	23	0.0	0.0	0.0	0.0	0.0	0.0	34.502689361572266	2.367973804473877	0.0	0.0	0.0	0.0	0.0	0.0	0.0	0.0	0.0	0.0	12.0	/mnt/bn/seed-aws-va/shwai.he/demystifying-transformers-main/focused-compression-analysis/outputs/layerwise_para_perp/Qwen3-4B__drop_attn8_baseline
drop_attn8_baseline	drop_attn8_baseline		block_out	24	0.0	0.0	0.0	0.0	0.0	0.0	36.29523849487305	3.210167646408081	0.0	0.0	0.0	0.0	0.0	0.0	0.0	0.0	0.0	0.0	12.0	/mnt/bn/seed-aws-va/shwai.he/demystifying-transformers-main/focused-compression-analysis/outputs/layerwise_para_perp/Qwen3-4B__drop_attn8_baseline
drop_attn8_baseline	drop_attn8_baseline		block_out	25	0.0	0.0	0.0	0.0	0.0	0.0	39.40072250366211	5.512149333953857	0.0	0.0	0.0	0.0	0.0	0.0	0.0	0.0	0.0	0.0	12.0	/mnt/bn/seed-aws-va/shwai.he/demystifying-transformers-main/focused-compression-analysis/outputs/layerwise_para_perp/Qwen3-4B__drop_attn8_baseline
drop_attn8_baseline	drop_attn8_baseline		block_out	26	0.0	0.0	0.0	0.0	0.0	0.0	40.0987434387207	4.964190483093262	0.0	0.0	0.0	0.0	0.0	0.0	0.0	0.0	0.0	0.0	12.0	/mnt/bn/seed-aws-va/shwai.he/demystifying-transformers-main/focused-compression-analysis/outputs/layerwise_para_perp/Qwen3-4B__drop_attn8_baseline
drop_attn8_baseline	drop_attn8_baseline		block_out	27	0.0	0.0	0.0	0.0	0.0	0.0	43.71475601196289	4.607255935668945	0.0	0.0	0.0	0.0	0.0	0.0	0.0	0.0	0.0	0.0	12.0	/mnt/bn/seed-aws-va/shwai.he/demystifying-transformers-main/focused-compression-analysis/outputs/layerwise_para_perp/Qwen3-4B__drop_attn8_baseline
drop_attn8_baseline	drop_attn8_baseline		block_out	28	0.0	0.0	0.0	0.0	0.0	0.0	51.33621597290039	8.466876029968262	0.0	0.0	0.0	0.0	0.0	0.0	0.0	0.0	0.0	0.0	12.0	/mnt/bn/seed-aws-va/shwai.he/demystifying-transformers-main/focused-compression-analysis/outputs/layerwise_para_perp/Qwen3-4B__drop_attn8_baseline
drop_attn8_baseline	drop_attn8_baseline		block_out	29	0.0	0.0	0.0	0.0	0.0	0.0	51.79378890991211	6.724797248840332	0.0	0.0	0.0	0.0	0.0	0.0	0.0	0.0	0.0	0.0	12.0	/mnt/bn/seed-aws-va/shwai.he/demystifying-transformers-main/focused-compression-analysis/outputs/layerwise_para_perp/Qwen3-4B__drop_attn8_baseline
drop_attn8_baseline	drop_attn8_baseline		block_out	30	0.0	0.0	0.0	0.0	0.0	0.0	67.50605773925781	7.348269939422607	0.0	0.0	0.0	0.0	0.0	0.0	0.0	0.0	0.0	0.0	12.0	/mnt/bn/seed-aws-va/shwai.he/demystifying-transformers-main/focused-compression-analysis/outputs/layerwise_para_perp/Qwen3-4B__drop_attn8_baseline
drop_attn8_baseline	drop_attn8_baseline		block_out	31	0.0	0.0	0.0	0.0	0.0	0.0	74.56813049316406	7.059042453765869	0.0	0.0	0.0	0.0	0.0	0.0	0.0	0.0	0.0	0.0	12.0	/mnt/bn/seed-aws-va/shwai.he/demystifying-transformers-main/focused-compression-analysis/outputs/layerwise_para_perp/Qwen3-4B__drop_attn8_baseline
drop_attn8_baseline	drop_attn8_baseline		block_out	32	0.0	0.0	0.0	0.0	0.0	0.0	93.04443359375	10.82694149017334	0.0	0.0	0.0	0.0	0.0	0.0	0.0	0.0	0.0	0.0	12.0	/mnt/bn/seed-aws-va/shwai.he/demystifying-transformers-main/focused-compression-analysis/outputs/layerwise_para_perp/Qwen3-4B__drop_attn8_baseline
drop_attn8_baseline	drop_attn8_baseline		block_out	33	0.0	0.0	0.0	0.0	0.0	0.0	124.4160385131836	18.083032608032227	0.0	0.0	0.0	0.0	0.0	0.0	0.0	0.0	0.0	0.0	12.0	/mnt/bn/seed-aws-va/shwai.he/demystifying-transformers-main/focused-compression-analysis/outputs/layerwise_para_perp/Qwen3-4B__drop_attn8_baseline
drop_attn8_baseline	drop_attn8_baseline		block_out	34	0.0	0.0	0.0	0.0	0.0	0.0	201.9527587890625	20.833885192871094	0.0	0.0	0.0	0.0	0.0	0.0	0.0	0.0	0.0	0.0	12.0	/mnt/bn/seed-aws-va/shwai.he/demystifying-transformers-main/focused-compression-analysis/outputs/layerwise_para_perp/Qwen3-4B__drop_attn8_baseline
drop_attn8_baseline	drop_attn8_baseline		block_out	35	0.0	0.0	0.0	0.0	0.0	0.0	503.9115905761719	39.6121826171875	0.0	0.0	0.0	0.0	0.0	0.0	0.0	0.0	0.0	0.0	12.0	/mnt/bn/seed-aws-va/shwai.he/demystifying-transformers-main/focused-compression-analysis/outputs/layerwise_para_perp/Qwen3-4B__drop_attn8_baseline
drop_attn8_baseline	drop_attn8_baseline		mlp_out	0	0.0	0.0	0.0	0.0	0.0	0.0	4.924187183380127	1.8690681457519531	0.0	0.0	0.0	0.0	0.0	0.0	0.0	0.0	0.0	0.0	12.0	/mnt/bn/seed-aws-va/shwai.he/demystifying-transformers-main/focused-compression-analysis/outputs/layerwise_para_perp/Qwen3-4B__drop_attn8_baseline
drop_attn8_baseline	drop_attn8_baseline		mlp_out	1	0.0	0.0	0.0	0.0	0.0	0.0	2.155550956726074	0.9247154593467712	0.0	0.0	0.0	0.0	0.0	0.0	0.0	0.0	0.0	0.0	12.0	/mnt/bn/seed-aws-va/shwai.he/demystifying-transformers-main/focused-compression-analysis/outputs/layerwise_para_perp/Qwen3-4B__drop_attn8_baseline
drop_attn8_baseline	drop_attn8_baseline		mlp_out	2	0.0	0.0	0.0	0.0	0.0	0.0	3.589118003845215	0.8690676689147949	0.0	0.0	0.0	0.0	0.0	0.0	0.0	0.0	0.0	0.0	12.0	/mnt/bn/seed-aws-va/shwai.he/demystifying-transformers-main/focused-compression-analysis/outputs/layerwise_para_perp/Qwen3-4B__drop_attn8_baseline
drop_attn8_baseline	drop_attn8_baseline		mlp_out	3	0.0	0.0	0.0	0.0	0.0	0.0	6.195565700531006	5.021823406219482	0.0	0.0	0.0	0.0	0.0	0.0	0.0	0.0	0.0	0.0	12.0	/mnt/bn/seed-aws-va/shwai.he/demystifying-transformers-main/focused-compression-analysis/outputs/layerwise_para_perp/Qwen3-4B__drop_attn8_baseline
drop_attn8_baseline	drop_attn8_baseline		mlp_out	4	0.0	0.0	0.0	0.0	0.0	0.0	8.74682903289795	1.7499237060546875	0.0	0.0	0.0	0.0	0.0	0.0	0.0	0.0	0.0	0.0	12.0	/mnt/bn/seed-aws-va/shwai.he/demystifying-transformers-main/focused-compression-analysis/outputs/layerwise_para_perp/Qwen3-4B__drop_attn8_baseline
drop_attn8_baseline	drop_attn8_baseline		mlp_out	5	0.0	0.0	0.0	0.0	0.0	0.0	10.169266700744629	4.168041229248047	0.0	0.0	0.0	0.0	0.0	0.0	0.0	0.0	0.0	0.0	12.0	/mnt/bn/seed-aws-va/shwai.he/demystifying-transformers-main/focused-compression-analysis/outputs/layerwise_para_perp/Qwen3-4B__drop_attn8_baseline
drop_attn8_baseline	drop_attn8_baseline		mlp_out	6	0.0	0.0	0.0	0.0	0.0	0.0	10.402653694152832	2.5103909969329834	0.0	0.0	0.0	0.0	0.0	0.0	0.0	0.0	0.0	0.0	12.0	/mnt/bn/seed-aws-va/shwai.he/demystifying-transformers-main/focused-compression-analysis/outputs/layerwise_para_perp/Qwen3-4B__drop_attn8_baseline
drop_attn8_baseline	drop_attn8_baseline		mlp_out	7	0.0	0.0	0.0	0.0	0.0	0.0	10.795517921447754	3.672422409057617	0.0	0.0	0.0	0.0	0.0	0.0	0.0	0.0	0.0	0.0	12.0	/mnt/bn/seed-aws-va/shwai.he/demystifying-transformers-main/focused-compression-analysis/outputs/layerwise_para_perp/Qwen3-4B__drop_attn8_baseline
drop_attn8_baseline	drop_attn8_baseline		mlp_out	8	0.0	0.0	0.0	0.0	0.0	0.0	14.937820434570312	3.609757661819458	0.0	0.0	0.0	0.0	0.0	0.0	0.0	0.0	0.0	0.0	12.0	/mnt/bn/seed-aws-va/shwai.he/demystifying-transformers-main/focused-compression-analysis/outputs/layerwise_para_perp/Qwen3-4B__drop_attn8_baseline
drop_attn8_baseline	drop_attn8_baseline		mlp_out	9	0.0	0.0	0.0	0.0	0.0	0.0	15.593493461608887	5.000027656555176	0.0	0.0	0.0	0.0	0.0	0.0	0.0	0.0	0.0	0.0	12.0	/mnt/bn/seed-aws-va/shwai.he/demystifying-transformers-main/focused-compression-analysis/outputs/layerwise_para_perp/Qwen3-4B__drop_attn8_baseline
drop_attn8_baseline	drop_attn8_baseline		mlp_out	10	0.0	0.0	0.0	0.0	0.0	0.0	15.17504596710205	3.5631487369537354	0.0	0.0	0.0	0.0	0.0	0.0	0.0	0.0	0.0	0.0	12.0	/mnt/bn/seed-aws-va/shwai.he/demystifying-transformers-main/focused-compression-analysis/outputs/layerwise_para_perp/Qwen3-4B__drop_attn8_baseline
drop_attn8_baseline	drop_attn8_baseline		mlp_out	11	0.0	0.0	0.0	0.0	0.0	0.0	14.45043659210205	3.5118751525878906	0.0	0.0	0.0	0.0	0.0	0.0	0.0	0.0	0.0	0.0	12.0	/mnt/bn/seed-aws-va/shwai.he/demystifying-transformers-main/focused-compression-analysis/outputs/layerwise_para_perp/Qwen3-4B__drop_attn8_baseline
drop_attn8_baseline	drop_attn8_baseline		mlp_out	12	0.0	0.0	0.0	0.0	0.0	0.0	14.206377983093262	2.9714574813842773	0.0	0.0	0.0	0.0	0.0	0.0	0.0	0.0	0.0	0.0	12.0	/mnt/bn/seed-aws-va/shwai.he/demystifying-transformers-main/focused-compression-analysis/outputs/layerwise_para_perp/Qwen3-4B__drop_attn8_baseline
drop_attn8_baseline	drop_attn8_baseline		mlp_out	13	0.0	0.0	0.0	0.0	0.0	0.0	14.665913581848145	3.003563404083252	0.0	0.0	0.0	0.0	0.0	0.0	0.0	0.0	0.0	0.0	12.0	/mnt/bn/seed-aws-va/shwai.he/demystifying-transformers-main/focused-compression-analysis/outputs/layerwise_para_perp/Qwen3-4B__drop_attn8_baseline
drop_attn8_baseline	drop_attn8_baseline		mlp_out	14	0.0	0.0	0.0	0.0	0.0	0.0	14.308375358581543	1.7635021209716797	0.0	0.0	0.0	0.0	0.0	0.0	0.0	0.0	0.0	0.0	12.0	/mnt/bn/seed-aws-va/shwai.he/demystifying-transformers-main/focused-compression-analysis/outputs/layerwise_para_perp/Qwen3-4B__drop_attn8_baseline
drop_attn8_baseline	drop_attn8_baseline		mlp_out	15	0.0	0.0	0.0	0.0	0.0	0.0	14.209195137023926	2.527757167816162	0.0	0.0	0.0	0.0	0.0	0.0	0.0	0.0	0.0	0.0	12.0	/mnt/bn/seed-aws-va/shwai.he/demystifying-transformers-main/focused-compression-analysis/outputs/layerwise_para_perp/Qwen3-4B__drop_attn8_baseline
drop_attn8_baseline	drop_attn8_baseline		mlp_out	16	0.0	0.0	0.0	0.0	0.0	0.0	14.213532447814941	2.2408463954925537	0.0	0.0	0.0	0.0	0.0	0.0	0.0	0.0	0.0	0.0	12.0	/mnt/bn/seed-aws-va/shwai.he/demystifying-transformers-main/focused-compression-analysis/outputs/layerwise_para_perp/Qwen3-4B__drop_attn8_baseline
drop_attn8_baseline	drop_attn8_baseline		mlp_out	17	0.0	0.0	0.0	0.0	0.0	0.0	15.110057830810547	1.7454731464385986	0.0	0.0	0.0	0.0	0.0	0.0	0.0	0.0	0.0	0.0	12.0	/mnt/bn/seed-aws-va/shwai.he/demystifying-transformers-main/focused-compression-analysis/outputs/layerwise_para_perp/Qwen3-4B__drop_attn8_baseline
drop_attn8_baseline	drop_attn8_baseline		mlp_out	18	0.0	0.0	0.0	0.0	0.0	0.0	15.306750297546387	2.743739604949951	0.0	0.0	0.0	0.0	0.0	0.0	0.0	0.0	0.0	0.0	12.0	/mnt/bn/seed-aws-va/shwai.he/demystifying-transformers-main/focused-compression-analysis/outputs/layerwise_para_perp/Qwen3-4B__drop_attn8_baseline
drop_attn8_baseline	drop_attn8_baseline		mlp_out	19	0.0	0.0	0.0	0.0	0.0	0.0	19.548030853271484	2.715644598007202	0.0	0.0	0.0	0.0	0.0	0.0	0.0	0.0	0.0	0.0	12.0	/mnt/bn/seed-aws-va/shwai.he/demystifying-transformers-main/focused-compression-analysis/outputs/layerwise_para_perp/Qwen3-4B__drop_attn8_baseline
drop_attn8_baseline	drop_attn8_baseline		mlp_out	20	0.0	0.0	0.0	0.0	0.0	0.0	18.867536544799805	3.018406629562378	0.0	0.0	0.0	0.0	0.0	0.0	0.0	0.0	0.0	0.0	12.0	/mnt/bn/seed-aws-va/shwai.he/demystifying-transformers-main/focused-compression-analysis/outputs/layerwise_para_perp/Qwen3-4B__drop_attn8_baseline
drop_attn8_baseline	drop_attn8_baseline		mlp_out	21	0.0	0.0	0.0	0.0	0.0	0.0	20.359437942504883	1.1511050462722778	0.0	0.0	0.0	0.0	0.0	0.0	0.0	0.0	0.0	0.0	12.0	/mnt/bn/seed-aws-va/shwai.he/demystifying-transformers-main/focused-compression-analysis/outputs/layerwise_para_perp/Qwen3-4B__drop_attn8_baseline
drop_attn8_baseline	drop_attn8_baseline		mlp_out	22	0.0	0.0	0.0	0.0	0.0	0.0	25.439254760742188	2.180009603500366	0.0	0.0	0.0	0.0	0.0	0.0	0.0	0.0	0.0	0.0	12.0	/mnt/bn/seed-aws-va/shwai.he/demystifying-transformers-main/focused-compression-analysis/outputs/layerwise_para_perp/Qwen3-4B__drop_attn8_baseline
drop_attn8_baseline	drop_attn8_baseline		mlp_out	23	0.0	0.0	0.0	0.0	0.0	0.0	29.80021095275879	2.622103691101074	0.0	0.0	0.0	0.0	0.0	0.0	0.0	0.0	0.0	0.0	12.0	/mnt/bn/seed-aws-va/shwai.he/demystifying-transformers-main/focused-compression-analysis/outputs/layerwise_para_perp/Qwen3-4B__drop_attn8_baseline
drop_attn8_baseline	drop_attn8_baseline		mlp_out	24	0.0	0.0	0.0	0.0	0.0	0.0	32.281436920166016	3.7535953521728516	0.0	0.0	0.0	0.0	0.0	0.0	0.0	0.0	0.0	0.0	12.0	/mnt/bn/seed-aws-va/shwai.he/demystifying-transformers-main/focused-compression-analysis/outputs/layerwise_para_perp/Qwen3-4B__drop_attn8_baseline
drop_attn8_baseline	drop_attn8_baseline		mlp_out	25	0.0	0.0	0.0	0.0	0.0	0.0	36.582828521728516	6.259709358215332	0.0	0.0	0.0	0.0	0.0	0.0	0.0	0.0	0.0	0.0	12.0	/mnt/bn/seed-aws-va/shwai.he/demystifying-transformers-main/focused-compression-analysis/outputs/layerwise_para_perp/Qwen3-4B__drop_attn8_baseline
drop_attn8_baseline	drop_attn8_baseline		mlp_out	26	0.0	0.0	0.0	0.0	0.0	0.0	37.251007080078125	5.993751049041748	0.0	0.0	0.0	0.0	0.0	0.0	0.0	0.0	0.0	0.0	12.0	/mnt/bn/seed-aws-va/shwai.he/demystifying-transformers-main/focused-compression-analysis/outputs/layerwise_para_perp/Qwen3-4B__drop_attn8_baseline
drop_attn8_baseline	drop_attn8_baseline		mlp_out	27	0.0	0.0	0.0	0.0	0.0	0.0	40.744171142578125	6.577503204345703	0.0	0.0	0.0	0.0	0.0	0.0	0.0	0.0	0.0	0.0	12.0	/mnt/bn/seed-aws-va/shwai.he/demystifying-transformers-main/focused-compression-analysis/outputs/layerwise_para_perp/Qwen3-4B__drop_attn8_baseline
drop_attn8_baseline	drop_attn8_baseline		mlp_out	28	0.0	0.0	0.0	0.0	0.0	0.0	48.13186264038086	8.781499862670898	0.0	0.0	0.0	0.0	0.0	0.0	0.0	0.0	0.0	0.0	12.0	/mnt/bn/seed-aws-va/shwai.he/demystifying-transformers-main/focused-compression-analysis/outputs/layerwise_para_perp/Qwen3-4B__drop_attn8_baseline
drop_attn8_baseline	drop_attn8_baseline		mlp_out	29	0.0	0.0	0.0	0.0	0.0	0.0	48.9538459777832	7.520463466644287	0.0	0.0	0.0	0.0	0.0	0.0	0.0	0.0	0.0	0.0	12.0	/mnt/bn/seed-aws-va/shwai.he/demystifying-transformers-main/focused-compression-analysis/outputs/layerwise_para_perp/Qwen3-4B__drop_attn8_baseline
drop_attn8_baseline	drop_attn8_baseline		mlp_out	30	0.0	0.0	0.0	0.0	0.0	0.0	59.12934494018555	6.684651851654053	0.0	0.0	0.0	0.0	0.0	0.0	0.0	0.0	0.0	0.0	12.0	/mnt/bn/seed-aws-va/shwai.he/demystifying-transformers-main/focused-compression-analysis/outputs/layerwise_para_perp/Qwen3-4B__drop_attn8_baseline
drop_attn8_baseline	drop_attn8_baseline		mlp_out	31	0.0	0.0	0.0	0.0	0.0	0.0	64.48601531982422	7.8522114753723145	0.0	0.0	0.0	0.0	0.0	0.0	0.0	0.0	0.0	0.0	12.0	/mnt/bn/seed-aws-va/shwai.he/demystifying-transformers-main/focused-compression-analysis/outputs/layerwise_para_perp/Qwen3-4B__drop_attn8_baseline
drop_attn8_baseline	drop_attn8_baseline		mlp_out	32	0.0	0.0	0.0	0.0	0.0	0.0	75.88117218017578	10.376106262207031	0.0	0.0	0.0	0.0	0.0	0.0	0.0	0.0	0.0	0.0	12.0	/mnt/bn/seed-aws-va/shwai.he/demystifying-transformers-main/focused-compression-analysis/outputs/layerwise_para_perp/Qwen3-4B__drop_attn8_baseline
drop_attn8_baseline	drop_attn8_baseline		mlp_out	33	0.0	0.0	0.0	0.0	0.0	0.0	104.89154815673828	19.515968322753906	0.0	0.0	0.0	0.0	0.0	0.0	0.0	0.0	0.0	0.0	12.0	/mnt/bn/seed-aws-va/shwai.he/demystifying-transformers-main/focused-compression-analysis/outputs/layerwise_para_perp/Qwen3-4B__drop_attn8_baseline
drop_attn8_baseline	drop_attn8_baseline		mlp_out	34	0.0	0.0	0.0	0.0	0.0	0.0	146.5600128173828	13.341517448425293	0.0	0.0	0.0	0.0	0.0	0.0	0.0	0.0	0.0	0.0	12.0	/mnt/bn/seed-aws-va/shwai.he/demystifying-transformers-main/focused-compression-analysis/outputs/layerwise_para_perp/Qwen3-4B__drop_attn8_baseline
drop_attn8_baseline	drop_attn8_baseline		mlp_out	35	0.0	0.0	0.0	0.0	0.0	0.0	306.6493225097656	29.164939880371094	0.0	0.0	0.0	0.0	0.0	0.0	0.0	0.0	0.0	0.0	12.0	/mnt/bn/seed-aws-va/shwai.he/demystifying-transformers-main/focused-compression-analysis/outputs/layerwise_para_perp/Qwen3-4B__drop_attn8_baseline
wanda_2_4	wanda_2_4_l0	0	attn_out	0	-0.14953787624835968	0.013320494443178177	0.5736265778541565	0.07689926028251648	0.5909339189529419	0.09904950857162476	3.8522732257843018	0.5188212990760803	0.8296089768409729	0.07565444707870483	0.2203742116689682	0.04363228380680084	0.14953787624835968	0.013320494443178177	0.15947331488132477	0.049978215247392654	0.5097793340682983	0.11521368473768234	12.0	/mnt/bn/seed-aws-va/shwai.he/demystifying-transformers-main/focused-compression-analysis/outputs/layerwise_para_perp/Qwen3-4B__wanda_2_4_l0
wanda_2_4	wanda_2_4_l0	0	block_out	0	-0.25952592492103577	0.057938601821660995	2.085585117340088	0.8461143374443054	1.2107843160629272	0.5671066641807556	7.808135509490967	1.257848858833313	2.4151084423065186	1.0101655721664429	0.299996018409729	0.07102929800748825	0.2595258951187134	0.05793866515159607	0.14962826669216156	0.044085998088121414	0.2448807805776596	0.04674201086163521	12.0	/mnt/bn/seed-aws-va/shwai.he/demystifying-transformers-main/focused-compression-analysis/outputs/layerwise_para_perp/Qwen3-4B__wanda_2_4_l0
wanda_2_4	wanda_2_4_l0	0	mlp_out	0	-0.34780454635620117	0.04805300757288933	1.7716785669326782	0.9146885275840759	0.9041820168495178	0.5552154779434204	4.924187183380127	1.8690681457519531	1.994482159614563	1.0598821640014648	0.3894296884536743	0.056487567722797394	0.34780454635620117	0.04805300757288933	0.1733175665140152	0.039118677377700806	0.1985091120004654	0.05391767621040344	12.0	/mnt/bn/seed-aws-va/shwai.he/demystifying-transformers-main/focused-compression-analysis/outputs/layerwise_para_perp/Qwen3-4B__wanda_2_4_l0
wanda_2_4	wanda_2_4_l1	1	attn_out	1	-0.18802332878112793	0.012815783731639385	0.48462581634521484	0.053469445556402206	0.6419825553894043	0.08657100796699524	2.587146520614624	0.3294939696788788	0.805722177028656	0.09038315713405609	0.31239697337150574	0.016079029068350792	0.18802332878112793	0.012815783731639385	0.24881096184253693	0.020651360973715782	0.6341650485992432	0.05570313334465027	12.0	/mnt/bn/seed-aws-va/shwai.he/demystifying-transformers-main/focused-compression-analysis/outputs/layerwise_para_perp/Qwen3-4B__wanda_2_4_l1
wanda_2_4	wanda_2_4_l1	1	block_out	1	-0.19674694538116455	0.04222379997372627	0.7006192803382874	0.37778186798095703	0.9902170300483704	0.35518911480903625	3.4068033695220947	0.914424479007721	1.2161591053009033	0.5111090540885925	0.3480823338031769	0.04476211965084076	0.19674693048000336	0.042223889380693436	0.2862910330295563	0.026649657636880875	0.6837074160575867	0.05668296664953232	12.0	/mnt/bn/seed-aws-va/shwai.he/demystifying-transformers-main/focused-compression-analysis/outputs/layerwise_para_perp/Qwen3-4B__wanda_2_4_l1
wanda_2_4	wanda_2_4_l1	1	mlp_out	1	-0.23182694613933563	0.07881219685077667	0.5481385588645935	0.4395158588886261	0.7126345634460449	0.363042950630188	2.155550956726074	0.9247154593467712	0.9072948098182678	0.556861162185669	0.40254807472229004	0.06962750107049942	0.23182694613933563	0.07881219685077667	0.32459864020347595	0.03966834396123886	0.6701590418815613	0.11910159885883331	12.0	/mnt/bn/seed-aws-va/shwai.he/demystifying-transformers-main/focused-compression-analysis/outputs/layerwise_para_perp/Qwen3-4B__wanda_2_4_l1
wanda_2_4	wanda_2_4_l10	10	attn_out	10	-0.3069552481174469	0.027455374598503113	2.9426982402801514	0.387777715921402	3.9567110538482666	0.5659868717193604	9.636845588684082	1.359122395515442	4.940928936004639	0.6107131838798523	0.5142928957939148	0.022287778556346893	0.3069552481174469	0.027455374598503113	0.4114041030406952	0.02766367606818676	0.6410667300224304	0.05986873805522919	12.0	/mnt/bn/seed-aws-va/shwai.he/demystifying-transformers-main/focused-compression-analysis/outputs/layerwise_para_perp/Qwen3-4B__wanda_2_4_l10
wanda_2_4	wanda_2_4_l10	10	block_out	10	-0.3243404030799866	0.024922829121351242	5.306845188140869	0.9824170470237732	6.7879319190979	1.2429074048995972	16.548221588134766	3.941051959991455	8.622047424316406	1.5520548820495605	0.5270029306411743	0.030026815831661224	0.3243404030799866	0.024922829121351242	0.4149725139141083	0.024771252647042274	0.6207556128501892	0.03397109732031822	12.0	/mnt/bn/seed-aws-va/shwai.he/demystifying-transformers-main/focused-compression-analysis/outputs/layerwise_para_perp/Qwen3-4B__wanda_2_4_l10
wanda_2_4	wanda_2_4_l10	10	mlp_out	10	-0.3522390127182007	0.0393679141998291	5.259584426879883	0.89100182056427	6.346189498901367	1.2932032346725464	15.17504596710205	3.5631487369537354	8.257563591003418	1.4887092113494873	0.5502334237098694	0.03393949940800667	0.3522390127182007	0.03936772421002388	0.4215637743473053	0.023886824026703835	0.5899169445037842	0.05584873631596565	12.0	/mnt/bn/seed-aws-va/shwai.he/demystifying-transformers-main/focused-compression-analysis/outputs/layerwise_para_perp/Qwen3-4B__wanda_2_4_l10
wanda_2_4	wanda_2_4_l11	11	attn_out	11	-0.33974090218544006	0.03289109840989113	2.9597272872924805	0.5065498352050781	3.6224842071533203	0.4301954507827759	8.743943214416504	1.4012089967727661	4.689367771148682	0.5778131484985352	0.5405365824699402	0.03894253447651863	0.33974090218544006	0.03289109840989113	0.4186798632144928	0.043563198298215866	0.6008138060569763	0.06672748178243637	12.0	/mnt/bn/seed-aws-va/shwai.he/demystifying-transformers-main/focused-compression-analysis/outputs/layerwise_para_perp/Qwen3-4B__wanda_2_4_l11
wanda_2_4	wanda_2_4_l11	11	block_out	11	-0.30307355523109436	0.01865919679403305	4.684274196624756	0.8257920145988464	6.649659633636475	1.5243499279022217	15.577537536621094	3.3646488189697266	8.143528938293457	1.6878730058670044	0.5240306258201599	0.018728148192167282	0.30307355523109436	0.01865919679403305	0.4267469346523285	0.025380058214068413	0.6633057594299316	0.04618260636925697	12.0	/mnt/bn/seed-aws-va/shwai.he/demystifying-transformers-main/focused-compression-analysis/outputs/layerwise_para_perp/Qwen3-4B__wanda_2_4_l11
wanda_2_4	wanda_2_4_l11	11	mlp_out	11	-0.3176594376564026	0.02228393405675888	4.52559232711792	0.7597907185554504	6.187873840332031	1.496863603591919	14.45043659210205	3.5118751525878906	7.674030303955078	1.6425293684005737	0.5340001583099365	0.017220135778188705	0.3176594376564026	0.02228393405675888	0.42863941192626953	0.017800094559788704	0.6451531648635864	0.04061916097998619	12.0	/mnt/bn/seed-aws-va/shwai.he/demystifying-transformers-main/focused-compression-analysis/outputs/layerwise_para_perp/Qwen3-4B__wanda_2_4_l11
wanda_2_4	wanda_2_4_l12	12	attn_out	12	-0.2844098210334778	0.04527771845459938	2.9548075199127197	0.5178654789924622	3.9985854625701904	0.22936956584453583	10.3915376663208	0.7736988663673401	4.990015506744385	0.3743152618408203	0.48122406005859375	0.03105052188038826	0.2844098210334778	0.04527788609266281	0.3860336244106293	0.02407819591462612	0.6482199430465698	0.07917405664920807	12.0	/mnt/bn/seed-aws-va/shwai.he/demystifying-transformers-main/focused-compression-analysis/outputs/layerwise_para_perp/Qwen3-4B__wanda_2_4_l12
wanda_2_4	wanda_2_4_l12	12	block_out	12	-0.3026984930038452	0.01745818927884102	4.879421710968018	0.7578829526901245	6.656202793121338	1.13739812374115	16.199983596801758	2.913947343826294	8.257704734802246	1.3387186527252197	0.511172354221344	0.013986509293317795	0.3026984930038452	0.01745818927884102	0.41155287623405457	0.013632581569254398	0.6487696170806885	0.032035958021879196	12.0	/mnt/bn/seed-aws-va/shwai.he/demystifying-transformers-main/focused-compression-analysis/outputs/layerwise_para_perp/Qwen3-4B__wanda_2_4_l12
wanda_2_4	wanda_2_4_l12	12	mlp_out	12	-0.3428058922290802	0.019792525097727776	4.833379745483398	0.8223549127578735	5.939401626586914	1.171949863433838	14.206377983093262	2.9714574813842773	7.660669326782227	1.4148958921432495	0.5415555834770203	0.015342057682573795	0.3428058922290802	0.019792525097727776	0.4189811944961548	0.008058490231633186	0.5994119048118591	0.026915326714515686	12.0	/mnt/bn/seed-aws-va/shwai.he/demystifying-transformers-main/focused-compression-analysis/outputs/layerwise_para_perp/Qwen3-4B__wanda_2_4_l12
wanda_2_4	wanda_2_4_l13	13	attn_out	13	-0.267174631357193	0.03762291371822357	2.3838424682617188	0.3304159939289093	3.6023738384246826	0.729641854763031	9.11807632446289	1.8696048259735107	4.333494186401367	0.7226219177246094	0.47897037863731384	0.023910516873002052	0.267174631357193	0.03762291371822357	0.3958493173122406	0.022133808583021164	0.6860083937644958	0.06934281438589096	12.0	/mnt/bn/seed-aws-va/shwai.he/demystifying-transformers-main/focused-compression-analysis/outputs/layerwise_para_perp/Qwen3-4B__wanda_2_4_l13
wanda_2_4	wanda_2_4_l13	13	block_out	13	-0.3008858859539032	0.020390858873724937	4.859652996063232	1.2105562686920166	6.781587600708008	1.3129024505615234	16.054533004760742	3.3017218112945557	8.34837818145752	1.7606531381607056	0.5196947455406189	0.014700225554406643	0.3008858859539032	0.020390858873724937	0.42333924770355225	0.011597322300076485	0.6644173264503479	0.033061906695365906	12.0	/mnt/bn/seed-aws-va/shwai.he/demystifying-transformers-main/focused-compression-analysis/outputs/layerwise_para_perp/Qwen3-4B__wanda_2_4_l13
wanda_2_4	wanda_2_4_l13	13	mlp_out	13	-0.3386535942554474	0.017355462536215782	4.9729084968566895	1.0818496942520142	6.1096510887146	1.2037954330444336	14.665913581848145	3.003563404083252	7.881355285644531	1.600440263748169	0.5377501845359802	0.013006074354052544	0.3386535942554474	0.01735503226518631	0.4174032211303711	0.011468764394521713	0.6031268835067749	0.02943287044763565	12.0	/mnt/bn/seed-aws-va/shwai.he/demystifying-transformers-main/focused-compression-analysis/outputs/layerwise_para_perp/Qwen3-4B__wanda_2_4_l13
wanda_2_4	wanda_2_4_l14	14	attn_out	14	-0.25479888916015625	0.057380642741918564	2.5549654960632324	0.5163019299507141	4.659139156341553	0.5989218950271606	10.176310539245605	1.068668246269226	5.352287769317627	0.4622907042503357	0.5270877480506897	0.016827117651700974	0.25479885935783386	0.05738077312707901	0.45744121074676514	0.02524229884147644	0.7569444179534912	0.09052812308073044	12.0	/mnt/bn/seed-aws-va/shwai.he/demystifying-transformers-main/focused-compression-analysis/outputs/layerwise_para_perp/Qwen3-4B__wanda_2_4_l14
wanda_2_4	wanda_2_4_l14	14	block_out	14	-0.30012133717536926	0.02353520691394806	4.795172214508057	0.524987518787384	7.08993673324585	0.9562995433807373	16.032020568847656	1.8471813201904297	8.570813179016113	0.9960707426071167	0.5347490310668945	0.01492256484925747	0.30012133717536926	0.02353520691394806	0.44172582030296326	0.02075626142323017	0.682981550693512	0.04686260223388672	12.0	/mnt/bn/seed-aws-va/shwai.he/demystifying-transformers-main/focused-compression-analysis/outputs/layerwise_para_perp/Qwen3-4B__wanda_2_4_l14
wanda_2_4	wanda_2_4_l14	14	mlp_out	14	-0.3345862329006195	0.01993449777364731	4.783937454223633	0.6269485354423523	6.166769504547119	0.8900229930877686	14.308375358581543	1.7635021209716797	7.812578201293945	1.0314700603485107	0.5457693934440613	0.018356062471866608	0.3345862329006195	0.01993468403816223	0.43051692843437195	0.022606419399380684	0.6228138208389282	0.042646411806344986	12.0	/mnt/bn/seed-aws-va/shwai.he/demystifying-transformers-main/focused-compression-analysis/outputs/layerwise_para_perp/Qwen3-4B__wanda_2_4_l14
wanda_2_4	wanda_2_4_l15	15	attn_out	15	-0.2587341070175171	0.051377393305301666	2.5936360359191895	0.6381300091743469	4.506435394287109	1.1138148307800293	10.134062767028809	2.2064037322998047	5.219773769378662	1.198608636856079	0.5148221254348755	0.04913872107863426	0.2587341070175171	0.051377393305301666	0.44291427731513977	0.041235923767089844	0.74373459815979	0.06929165124893188	12.0	/mnt/bn/seed-aws-va/shwai.he/demystifying-transformers-main/focused-compression-analysis/outputs/layerwise_para_perp/Qwen3-4B__wanda_2_4_l15
wanda_2_4	wanda_2_4_l15	15	block_out	15	-0.3299557566642761	0.018616223707795143	4.981804370880127	1.234928846359253	6.827810764312744	1.3849955797195435	15.109306335449219	3.7707455158233643	8.456557273864746	1.8350147008895874	0.5636090636253357	0.026133881881833076	0.3299557566642761	0.018616223707795143	0.456564337015152	0.025880632922053337	0.6562575697898865	0.030527830123901367	12.0	/mnt/bn/seed-aws-va/shwai.he/demystifying-transformers-main/focused-compression-analysis/outputs/layerwise_para_perp/Qwen3-4B__wanda_2_4_l15
wanda_2_4	wanda_2_4_l15	15	mlp_out	15	-0.35951027274131775	0.023196250200271606	5.142529010772705	1.1553555727005005	5.853140354156494	1.08430814743042	14.209195137023926	2.527757167816162	7.796231746673584	1.560193657875061	0.547113835811615	0.027782194316387177	0.359510213136673	0.02319721318781376	0.4119682013988495	0.02453279308974743	0.5675316452980042	0.033962320536375046	12.0	/mnt/bn/seed-aws-va/shwai.he/demystifying-transformers-main/focused-compression-analysis/outputs/layerwise_para_perp/Qwen3-4B__wanda_2_4_l15
wanda_2_4	wanda_2_4_l16	16	attn_out	16	-0.19653849303722382	0.04796699434518814	1.7760189771652222	0.520846426486969	4.467528343200684	0.654172956943512	9.016239166259766	1.0635262727737427	4.8265204429626465	0.7190086841583252	0.5359362959861755	0.056994158774614334	0.19653849303722382	0.04796699434518814	0.49647703766822815	0.0553027018904686	0.8595095276832581	0.05848633125424385	12.0	/mnt/bn/seed-aws-va/shwai.he/demystifying-transformers-main/focused-compression-analysis/outputs/layerwise_para_perp/Qwen3-4B__wanda_2_4_l16
wanda_2_4	wanda_2_4_l16	16	block_out	16	-0.324735552072525	0.023463869467377663	4.806796550750732	1.0822418928146362	6.94148588180542	1.0487117767333984	14.728691101074219	2.667677164077759	8.45280933380127	1.4527837038040161	0.5750048756599426	0.02034440077841282	0.324735552072525	0.023463869467377663	0.47384384274482727	0.0226442888379097	0.6797341704368591	0.041607894003391266	12.0	/mnt/bn/seed-aws-va/shwai.he/demystifying-transformers-main/focused-compression-analysis/outputs/layerwise_para_perp/Qwen3-4B__wanda_2_4_l16
wanda_2_4	wanda_2_4_l16	16	mlp_out	16	-0.36466488242149353	0.01800154335796833	5.1982011795043945	0.9649494886398315	5.958825588226318	1.0238325595855713	14.213532447814941	2.2408463954925537	7.913982391357422	1.3700861930847168	0.5558213591575623	0.018504023551940918	0.36466488242149353	0.01800154335796833	0.4188634157180786	0.022993329912424088	0.5681819319725037	0.03998394310474396	12.0	/mnt/bn/seed-aws-va/shwai.he/demystifying-transformers-main/focused-compression-analysis/outputs/layerwise_para_perp/Qwen3-4B__wanda_2_4_l16
wanda_2_4	wanda_2_4_l17	17	attn_out	17	-0.22554300725460052	0.021652087569236755	2.2452304363250732	0.2913767099380493	5.049252033233643	0.7867034077644348	10.008103370666504	1.3305584192276	5.5328145027160645	0.7923214435577393	0.5535584092140198	0.0413614846765995	0.22554296255111694	0.021652517840266228	0.5047769546508789	0.044715408235788345	0.8304799199104309	0.03692097216844559	12.0	/mnt/bn/seed-aws-va/shwai.he/demystifying-transformers-main/focused-compression-analysis/outputs/layerwise_para_perp/Qwen3-4B__wanda_2_4_l17
wanda_2_4	wanda_2_4_l17	17	block_out	17	-0.335443377494812	0.021380607038736343	5.159506320953369	0.737164318561554	7.311307430267334	1.1206581592559814	15.450333595275879	2.47759747505188	8.95502758026123	1.2971073389053345	0.5813181400299072	0.018436254933476448	0.335443377494812	0.021380433812737465	0.47423553466796875	0.019797982648015022	0.6660271286964417	0.036049824208021164	12.0	/mnt/bn/seed-aws-va/shwai.he/demystifying-transformers-main/focused-compression-analysis/outputs/layerwise_para_perp/Qwen3-4B__wanda_2_4_l17
wanda_2_4	wanda_2_4_l17	17	mlp_out	17	-0.36467933654785156	0.026292482390999794	5.491556167602539	0.6153180599212646	6.110837936401367	0.9241439700126648	15.110057830810547	1.7454731464385986	8.2267427444458	1.0261027812957764	0.5443874001502991	0.02095133438706398	0.36467933654785156	0.026292482390999794	0.4032467305660248	0.02250170148909092	0.5500495433807373	0.05051528662443161	12.0	/mnt/bn/seed-aws-va/shwai.he/demystifying-transformers-main/focused-compression-analysis/outputs/layerwise_para_perp/Qwen3-4B__wanda_2_4_l17
wanda_2_4	wanda_2_4_l18	18	attn_out	18	-0.19039933383464813	0.019505484029650688	2.006181001663208	0.3739922046661377	4.924351692199707	0.8386744856834412	10.499770164489746	1.513670563697815	5.324334621429443	0.8767595291137695	0.5069651007652283	0.03814340755343437	0.19039933383464813	0.019505389034748077	0.46910083293914795	0.042197149246931076	0.8549087047576904	0.03934529051184654	12.0	/mnt/bn/seed-aws-va/shwai.he/demystifying-transformers-main/focused-compression-analysis/outputs/layerwise_para_perp/Qwen3-4B__wanda_2_4_l18
wanda_2_4	wanda_2_4_l18	18	block_out	18	-0.3044372797012329	0.029593680053949356	5.121089458465576	1.1881029605865479	7.899485111236572	1.2133371829986572	16.776098251342773	3.1985342502593994	9.427281379699707	1.6240583658218384	0.5644548535346985	0.02718525379896164	0.3044372797012329	0.029593680053949356	0.4744206666946411	0.026749558746814728	0.7073490023612976	0.0470799095928669	12.0	/mnt/bn/seed-aws-va/shwai.he/demystifying-transformers-main/focused-compression-analysis/outputs/layerwise_para_perp/Qwen3-4B__wanda_2_4_l18
wanda_2_4	wanda_2_4_l18	18	mlp_out	18	-0.3675585687160492	0.0351528599858284	5.600061893463135	0.996222972869873	6.456642150878906	1.1382681131362915	15.306750297546387	2.743739604949951	8.570378303527832	1.373189926147461	0.5617758631706238	0.014851497486233711	0.3675585687160492	0.03515307232737541	0.42271849513053894	0.02804829366505146	0.568878710269928	0.07387563586235046	12.0	/mnt/bn/seed-aws-va/shwai.he/demystifying-transformers-main/focused-compression-analysis/outputs/layerwise_para_perp/Qwen3-4B__wanda_2_4_l18
wanda_2_4	wanda_2_4_l19	19	attn_out	19	-0.2284546047449112	0.06437001377344131	3.201582193374634	0.7635332345962524	6.301225662231445	1.3403021097183228	14.262450218200684	1.136812686920166	7.170046329498291	0.9619750380516052	0.5014833807945251	0.0396711602807045	0.2284546047449112	0.06437001377344131	0.43854841589927673	0.06632991135120392	0.7635273337364197	0.12865492701530457	12.0	/mnt/bn/seed-aws-va/shwai.he/demystifying-transformers-main/focused-compression-analysis/outputs/layerwise_para_perp/Qwen3-4B__wanda_2_4_l19
wanda_2_4	wanda_2_4_l19	19	block_out	19	-0.34574654698371887	0.039923619478940964	7.680906295776367	1.0545445680618286	9.37979507446289	1.486935019493103	22.308961868286133	2.6669933795928955	12.187183380126953	1.3313437700271606	0.5473901033401489	0.02755005471408367	0.34574654698371887	0.039923619478940964	0.4206651747226715	0.04797021672129631	0.5923015475273132	0.09667583554983139	12.0	/mnt/bn/seed-aws-va/shwai.he/demystifying-transformers-main/focused-compression-analysis/outputs/layerwise_para_perp/Qwen3-4B__wanda_2_4_l19
wanda_2_4	wanda_2_4_l19	19	mlp_out	19	-0.39480113983154297	0.022543713450431824	7.727244853973389	1.2190003395080566	7.3891425132751465	0.921587347984314	19.548030853271484	2.715644598007202	10.719033241271973	1.3218746185302734	0.549500584602356	0.021482987329363823	0.39480113983154297	0.022543713450431824	0.38020554184913635	0.03847074508666992	0.4797188937664032	0.07007495313882828	12.0	/mnt/bn/seed-aws-va/shwai.he/demystifying-transformers-main/focused-compression-analysis/outputs/layerwise_para_perp/Qwen3-4B__wanda_2_4_l19
wanda_2_4	wanda_2_4_l2	2	attn_out	2	-0.24845130741596222	0.01583929918706417	0.6766729354858398	0.10100313276052475	0.7699645161628723	0.10635848343372345	2.72405743598938	0.3695814907550812	1.0281480550765991	0.1231137067079544	0.37882480025291443	0.023075487464666367	0.24845130741596222	0.01583929918706417	0.2846575677394867	0.03212223947048187	0.5640527606010437	0.0720512717962265	12.0	/mnt/bn/seed-aws-va/shwai.he/demystifying-transformers-main/focused-compression-analysis/outputs/layerwise_para_perp/Qwen3-4B__wanda_2_4_l2
wanda_2_4	wanda_2_4_l2	2	block_out	2	-0.28194984793663025	0.03017495572566986	1.2563968896865845	0.3649759590625763	1.3186010122299194	0.25028640031814575	4.415557384490967	0.9577285647392273	1.8303619623184204	0.4035691022872925	0.4148136377334595	0.017687562853097916	0.28194987773895264	0.030174709856510162	0.30160999298095703	0.03175470978021622	0.5326406359672546	0.09680629521608353	12.0	/mnt/bn/seed-aws-va/shwai.he/demystifying-transformers-main/focused-compression-analysis/outputs/layerwise_para_perp/Qwen3-4B__wanda_2_4_l2
wanda_2_4	wanda_2_4_l2	2	mlp_out	2	-0.2972601652145386	0.05093163624405861	1.0763529539108276	0.3653053641319275	1.065761923789978	0.2745732367038727	3.589118003845215	0.8690676689147949	1.5297884941101074	0.4036952257156372	0.42578279972076416	0.029203137382864952	0.2972601652145386	0.05093163624405861	0.29904016852378845	0.0419662743806839	0.5052995085716248	0.1393304169178009	12.0	/mnt/bn/seed-aws-va/shwai.he/demystifying-transformers-main/focused-compression-analysis/outputs/layerwise_para_perp/Qwen3-4B__wanda_2_4_l2
wanda_2_4	wanda_2_4_l20	20	attn_out	20	-0.17173875868320465	0.04609885811805725	1.772299885749817	0.42144328355789185	5.50552225112915	1.679029941558838	10.422728538513184	1.281166672706604	5.813943862915039	1.6268476247787476	0.5515905022621155	0.1041083037853241	0.17173874378204346	0.046098921447992325	0.5211266279220581	0.10907977819442749	0.8876829743385315	0.06321309506893158	12.0	/mnt/bn/seed-aws-va/shwai.he/demystifying-transformers-main/focused-compression-analysis/outputs/layerwise_para_perp/Qwen3-4B__wanda_2_4_l20
wanda_2_4	wanda_2_4_l20	20	block_out	20	-0.30109551548957825	0.01979214884340763	5.814917087554932	1.141831636428833	9.162436485290527	1.6262320280075073	19.29698944091797	3.5536956787109375	10.855196952819824	1.968904972076416	0.5634280443191528	0.03147237002849579	0.30109551548957825	0.01979196071624756	0.4760243892669678	0.02814640663564205	0.7138633131980896	0.022499382495880127	12.0	/mnt/bn/seed-aws-va/shwai.he/demystifying-transformers-main/focused-compression-analysis/outputs/layerwise_para_perp/Qwen3-4B__wanda_2_4_l20
wanda_2_4	wanda_2_4_l20	20	mlp_out	20	-0.3586779832839966	0.02547645755112171	6.769901275634766	1.198919653892517	7.652151107788086	1.2291799783706665	18.867536544799805	3.018406629562378	10.221503257751465	1.6900118589401245	0.5420108437538147	0.030655937269330025	0.3586779832839966	0.02547645755112171	0.4060663878917694	0.02294921875	0.5619798302650452	0.027903148904442787	12.0	/mnt/bn/seed-aws-va/shwai.he/demystifying-transformers-main/focused-compression-analysis/outputs/layerwise_para_perp/Qwen3-4B__wanda_2_4_l20
wanda_2_4	wanda_2_4_l21	21	attn_out	21	-0.1775895357131958	0.0650806799530983	1.9228286743164062	0.7535378932952881	6.073476314544678	1.7093738317489624	11.00924301147461	1.2629848718643188	6.438292026519775	1.6194316148757935	0.5778118968009949	0.08226723968982697	0.177589550614357	0.0650806799530983	0.5439600348472595	0.09470202028751373	0.8805562853813171	0.06629530340433121	12.0	/mnt/bn/seed-aws-va/shwai.he/demystifying-transformers-main/focused-compression-analysis/outputs/layerwise_para_perp/Qwen3-4B__wanda_2_4_l21
wanda_2_4	wanda_2_4_l21	21	block_out	21	-0.32174476981163025	0.020954357460141182	6.837965488433838	0.5622795224189758	9.841290473937988	1.6918392181396484	21.281774520874023	1.4427553415298462	12.011300086975098	1.5861684083938599	0.5622792840003967	0.03707120940089226	0.32174476981163025	0.020954357460141182	0.4596041738986969	0.048347242176532745	0.666435956954956	0.05923215672373772	12.0	/mnt/bn/seed-aws-va/shwai.he/demystifying-transformers-main/focused-compression-analysis/outputs/layerwise_para_perp/Qwen3-4B__wanda_2_4_l21
wanda_2_4	wanda_2_4_l21	21	mlp_out	21	-0.35235559940338135	0.014717954210937023	7.175745010375977	0.5446487665176392	8.370378494262695	1.0688716173171997	20.359437942504883	1.1511050462722778	11.034104347229004	1.1145483255386353	0.540855348110199	0.026483913883566856	0.35235559940338135	0.014717954210937023	0.409755676984787	0.030903805047273636	0.5734512209892273	0.03905334323644638	12.0	/mnt/bn/seed-aws-va/shwai.he/demystifying-transformers-main/focused-compression-analysis/outputs/layerwise_para_perp/Qwen3-4B__wanda_2_4_l21
wanda_2_4	wanda_2_4_l22	22	attn_out	22	-0.22214341163635254	0.04385510832071304	3.816392183303833	0.6364476084709167	9.444554328918457	1.8448255062103271	17.58876609802246	3.5424110889434814	10.213871002197266	1.8027057647705078	0.5843053460121155	0.037142690271139145	0.22214341163635254	0.04385510832071304	0.5388393998146057	0.034255895763635635	0.8517048954963684	0.04700959101319313	12.0	/mnt/bn/seed-aws-va/shwai.he/demystifying-transformers-main/focused-compression-analysis/outputs/layerwise_para_perp/Qwen3-4B__wanda_2_4_l22
wanda_2_4	wanda_2_4_l22	22	block_out	22	-0.3163895308971405	0.02917442098259926	9.453118324279785	1.174635410308838	13.335518836975098	1.6289905309677124	29.8717098236084	2.557027816772461	16.383852005004883	1.673398494720459	0.5479023456573486	0.016392910853028297	0.3163895308971405	0.02917442098259926	0.44583430886268616	0.027275819331407547	0.6632763743400574	0.06215716898441315	12.0	/mnt/bn/seed-aws-va/shwai.he/demystifying-transformers-main/focused-compression-analysis/outputs/layerwise_para_perp/Qwen3-4B__wanda_2_4_l22
wanda_2_4	wanda_2_4_l22	22	mlp_out	22	-0.35692253708839417	0.034967340528964996	9.134444236755371	1.5146934986114502	10.635344505310059	0.9768319725990295	25.439254760742188	2.180009603500366	14.052632331848145	1.5233674049377441	0.5515969395637512	0.02245762012898922	0.35692253708839417	0.034967340528964996	0.41882503032684326	0.0270682480186224	0.5791540741920471	0.06797880679368973	12.0	/mnt/bn/seed-aws-va/shwai.he/demystifying-transformers-main/focused-compression-analysis/outputs/layerwise_para_perp/Qwen3-4B__wanda_2_4_l22
wanda_2_4	wanda_2_4_l23	23	attn_out	23	-0.1376919448375702	0.058365583419799805	2.6437015533447266	1.7919408082962036	11.545619010925293	1.356127142906189	17.396305084228516	5.1606221199035645	11.932415962219238	1.7198948860168457	0.7171048521995544	0.11803384870290756	0.1376919448375702	0.05836561694741249	0.6990881562232971	0.13069608807563782	0.9439325928688049	0.05459532514214516	12.0	/mnt/bn/seed-aws-va/shwai.he/demystifying-transformers-main/focused-compression-analysis/outputs/layerwise_para_perp/Qwen3-4B__wanda_2_4_l23
wanda_2_4	wanda_2_4_l23	23	block_out	23	-0.300449013710022	0.03427231311798096	10.359350204467773	1.3367083072662354	15.758742332458496	1.1290278434753418	34.502689361572266	2.367973804473877	18.892200469970703	1.3417726755142212	0.5479502081871033	0.02196723036468029	0.300449013710022	0.03427231311798096	0.457084983587265	0.019002234563231468	0.697673499584198	0.05304120108485222	12.0	/mnt/bn/seed-aws-va/shwai.he/demystifying-transformers-main/focused-compression-analysis/outputs/layerwise_para_perp/Qwen3-4B__wanda_2_4_l23
wanda_2_4	wanda_2_4_l23	23	mlp_out	23	-0.3526153266429901	0.030152108520269394	10.540431022644043	1.4997227191925049	12.026951789855957	0.7634495496749878	29.80021095275879	2.622103691101074	16.024505615234375	1.3399633169174194	0.5387343764305115	0.02989501692354679	0.35261526703834534	0.030152849853038788	0.4058434069156647	0.03424676135182381	0.568719208240509	0.0636589378118515	12.0	/mnt/bn/seed-aws-va/shwai.he/demystifying-transformers-main/focused-compression-analysis/outputs/layerwise_para_perp/Qwen3-4B__wanda_2_4_l23
wanda_2_4	wanda_2_4_l24	24	attn_out	24	-0.09375826269388199	0.08578551560640335	1.7766876220703125	1.1989613771438599	11.730757713317871	1.7242454290390015	15.167145729064941	3.3803374767303467	11.920692443847656	1.7535408735275269	0.808136522769928	0.13809621334075928	0.11316367238759995	0.05782516673207283	0.7969769835472107	0.14433729648590088	0.9692705273628235	0.03714148327708244	12.0	/mnt/bn/seed-aws-va/shwai.he/demystifying-transformers-main/focused-compression-analysis/outputs/layerwise_para_perp/Qwen3-4B__wanda_2_4_l24
wanda_2_4	wanda_2_4_l24	24	block_out	24	-0.30048036575317383	0.05181083083152771	10.91490650177002	2.091817855834961	16.872098922729492	1.4625763893127441	36.29523849487305	3.210167646408081	20.180767059326172	1.7476528882980347	0.5578835010528564	0.04744783788919449	0.30048036575317383	0.05181083083152771	0.4672241508960724	0.04705363139510155	0.7040109038352966	0.08234906941652298	12.0	/mnt/bn/seed-aws-va/shwai.he/demystifying-transformers-main/focused-compression-analysis/outputs/layerwise_para_perp/Qwen3-4B__wanda_2_4_l24
wanda_2_4	wanda_2_4_l24	24	mlp_out	24	-0.3509817123413086	0.05279248207807541	11.469852447509766	2.741029739379883	12.762889862060547	0.7045016884803772	32.281436920166016	3.7535953521728516	17.254114151000977	2.1803524494171143	0.5346079468727112	0.029735084623098373	0.350981742143631	0.05279241129755974	0.39918386936187744	0.036970581859350204	0.5641180276870728	0.10441957414150238	12.0	/mnt/bn/seed-aws-va/shwai.he/demystifying-transformers-main/focused-compression-analysis/outputs/layerwise_para_perp/Qwen3-4B__wanda_2_4_l24
wanda_2_4	wanda_2_4_l25	25	attn_out	25	-0.04799513891339302	0.12081078439950943	1.6028776168823242	1.3073934316635132	9.10910415649414	2.134357213973999	13.57285213470459	4.791080474853516	9.323878288269043	2.2079522609710693	0.7291216254234314	0.15425071120262146	0.11125510931015015	0.06723900884389877	0.7156360745429993	0.16241298615932465	0.95760577917099	0.05173477530479431	12.0	/mnt/bn/seed-aws-va/shwai.he/demystifying-transformers-main/focused-compression-analysis/outputs/layerwise_para_perp/Qwen3-4B__wanda_2_4_l25
wanda_2_4	wanda_2_4_l25	25	block_out	25	-0.2813059091567993	0.0274793803691864	11.159510612487793	2.3172872066497803	16.7554931640625	2.220303773880005	39.40072250366211	5.512149333953857	20.183086395263672	2.867724895477295	0.5127262473106384	0.02768225222826004	0.2813059091567993	0.0274793803691864	0.42716941237449646	0.03595380112528801	0.6943970322608948	0.06385385990142822	12.0	/mnt/bn/seed-aws-va/shwai.he/demystifying-transformers-main/focused-compression-analysis/outputs/layerwise_para_perp/Qwen3-4B__wanda_2_4_l25
wanda_2_4	wanda_2_4_l25	25	mlp_out	25	-0.31428638100624084	0.025111349299550056	11.582621574401855	2.574838161468506	14.11430835723877	1.9422156810760498	36.582828521728516	6.259709358215332	18.291610717773438	3.031466484069824	0.5008313059806824	0.023276090621948242	0.31428638100624084	0.025111498311161995	0.38875672221183777	0.028904641047120094	0.6033226251602173	0.05866542086005211	12.0	/mnt/bn/seed-aws-va/shwai.he/demystifying-transformers-main/focused-compression-analysis/outputs/layerwise_para_perp/Qwen3-4B__wanda_2_4_l25
wanda_2_4	wanda_2_4_l26	26	attn_out	26	-0.07902207225561142	0.07389286160469055	1.1796931028366089	1.2243632078170776	10.960783958435059	1.9737311601638794	13.742465019226074	4.162558078765869	11.076737403869629	2.0569512844085693	0.8363101482391357	0.1139281615614891	0.08134568482637405	0.07132686674594879	0.8288235664367676	0.11722259223461151	0.9811112284660339	0.027758048847317696	12.0	/mnt/bn/seed-aws-va/shwai.he/demystifying-transformers-main/focused-compression-analysis/outputs/layerwise_para_perp/Qwen3-4B__wanda_2_4_l26
wanda_2_4	wanda_2_4_l26	26	block_out	26	-0.3076234757900238	0.05070739611983299	12.5015230178833	3.256589889526367	18.52677345275879	2.023331880569458	40.0987434387207	4.964190483093262	22.462623596191406	3.107912302017212	0.5594565868377686	0.020106429234147072	0.3076234757900238	0.05070732161402702	0.46386468410491943	0.0319700725376606	0.6909820437431335	0.09041199833154678	12.0	/mnt/bn/seed-aws-va/shwai.he/demystifying-transformers-main/focused-compression-analysis/outputs/layerwise_para_perp/Qwen3-4B__wanda_2_4_l26
wanda_2_4	wanda_2_4_l26	26	mlp_out	26	-0.34852495789527893	0.03180546686053276	13.141392707824707	3.1474924087524414	14.781204223632812	2.3909378051757812	37.251007080078125	5.993751049041748	19.800992965698242	3.8372061252593994	0.5289462208747864	0.025822415947914124	0.34852495789527893	0.03180546686053276	0.3970526456832886	0.017857346683740616	0.5657443404197693	0.04814153537154198	12.0	/mnt/bn/seed-aws-va/shwai.he/demystifying-transformers-main/focused-compression-analysis/outputs/layerwise_para_perp/Qwen3-4B__wanda_2_4_l26
wanda_2_4	wanda_2_4_l27	27	attn_out	27	0.07300535589456558	0.2219490110874176	3.1084506511688232	1.5483896732330322	13.734969139099121	2.352240562438965	15.214396476745605	4.473259925842285	14.184508323669434	2.2454652786254883	0.9995051026344299	0.29282262921333313	0.20986008644104004	0.10271260887384415	0.9707978367805481	0.2961687445640564	0.9346266388893127	0.06465855985879898	12.0	/mnt/bn/seed-aws-va/shwai.he/demystifying-transformers-main/focused-compression-analysis/outputs/layerwise_para_perp/Qwen3-4B__wanda_2_4_l27
wanda_2_4	wanda_2_4_l27	27	block_out	27	-0.29536429047584534	0.0374310240149498	12.976252555847168	2.5550339221954346	22.682775497436523	3.8741021156311035	43.71475601196289	4.607255935668945	26.189346313476562	4.306558609008789	0.5962805151939392	0.0510353185236454	0.2953643202781677	0.03743072599172592	0.5164496302604675	0.05285545811057091	0.7496581077575684	0.056886862963438034	12.0	/mnt/bn/seed-aws-va/shwai.he/demystifying-transformers-main/focused-compression-analysis/outputs/layerwise_para_perp/Qwen3-4B__wanda_2_4_l27
wanda_2_4	wanda_2_4_l27	27	mlp_out	27	-0.33008477091789246	0.029043756425380707	13.559224128723145	3.0421438217163086	17.271154403686523	3.302696943283081	40.744171142578125	6.577503204345703	21.971952438354492	4.420539379119873	0.5366867184638977	0.03614889085292816	0.33008477091789246	0.029043756425380707	0.4227539598941803	0.02861761301755905	0.6213786005973816	0.03404514491558075	12.0	/mnt/bn/seed-aws-va/shwai.he/demystifying-transformers-main/focused-compression-analysis/outputs/layerwise_para_perp/Qwen3-4B__wanda_2_4_l27
wanda_2_4	wanda_2_4_l28	28	attn_out	28	-0.20738357305526733	0.06307359784841537	3.678622245788574	1.6303333044052124	12.774203300476074	2.344557046890259	17.34990119934082	2.7296555042266846	13.34852123260498	2.585433006286621	0.7669901847839355	0.07267890125513077	0.20738357305526733	0.06307365745306015	0.735476016998291	0.0751330628991127	0.9196774959564209	0.049479901790618896	12.0	/mnt/bn/seed-aws-va/shwai.he/demystifying-transformers-main/focused-compression-analysis/outputs/layerwise_para_perp/Qwen3-4B__wanda_2_4_l28
wanda_2_4	wanda_2_4_l28	28	block_out	28	-0.32067734003067017	0.03878389298915863	16.709226608276367	4.294399261474609	23.28687858581543	3.8498189449310303	51.33621597290039	8.466876029968262	28.712560653686523	5.5071587562561035	0.5577862858772278	0.039464786648750305	0.32067734003067017	0.03878389298915863	0.4550207853317261	0.0360686257481575	0.6673110127449036	0.05892418697476387	12.0	/mnt/bn/seed-aws-va/shwai.he/demystifying-transformers-main/focused-compression-analysis/outputs/layerwise_para_perp/Qwen3-4B__wanda_2_4_l28
wanda_2_4	wanda_2_4_l28	28	mlp_out	28	-0.33013054728507996	0.04376446455717087	16.155282974243164	4.502251148223877	19.326744079589844	3.636624336242676	48.13186264038086	8.781499862670898	25.241310119628906	5.557675361633301	0.5216842293739319	0.03707442432641983	0.33013054728507996	0.04376446455717087	0.40231946110725403	0.027685752138495445	0.5986015796661377	0.06831969320774078	12.0	/mnt/bn/seed-aws-va/shwai.he/demystifying-transformers-main/focused-compression-analysis/outputs/layerwise_para_perp/Qwen3-4B__wanda_2_4_l28
wanda_2_4	wanda_2_4_l29	29	attn_out	29	0.20155657827854156	0.24925900995731354	3.5749292373657227	2.4839165210723877	17.84116554260254	4.966240406036377	15.996867179870605	6.065427780151367	18.28901481628418	5.237615585327148	1.2355709075927734	0.4519394338130951	0.2539575397968292	0.1956033706665039	1.2032227516174316	0.42471712827682495	0.957273006439209	0.03653717413544655	12.0	/mnt/bn/seed-aws-va/shwai.he/demystifying-transformers-main/focused-compression-analysis/outputs/layerwise_para_perp/Qwen3-4B__wanda_2_4_l29
wanda_2_4	wanda_2_4_l29	29	block_out	29	-0.2734968364238739	0.04343327879905701	14.231820106506348	3.166133165359497	27.396825790405273	5.7890729904174805	51.79378890991211	6.724797248840332	30.986879348754883	6.040017604827881	0.5966381430625916	0.07936391979455948	0.2734968662261963	0.04343319311738014	0.5277308821678162	0.08419560641050339	0.7792973518371582	0.07435314357280731	12.0	/mnt/bn/seed-aws-va/shwai.he/demystifying-transformers-main/focused-compression-analysis/outputs/layerwise_para_perp/Qwen3-4B__wanda_2_4_l29
wanda_2_4	wanda_2_4_l29	29	mlp_out	29	-0.3129293620586395	0.03503885865211487	15.4132661819458	3.3204526901245117	19.573076248168945	3.8343539237976074	48.9538459777832	7.520463466644287	24.93276023864746	4.975863456726074	0.5072293281555176	0.046740658581256866	0.3129293620586395	0.03503875061869621	0.3986540138721466	0.037265848368406296	0.6188452839851379	0.04031648114323616	12.0	/mnt/bn/seed-aws-va/shwai.he/demystifying-transformers-main/focused-compression-analysis/outputs/layerwise_para_perp/Qwen3-4B__wanda_2_4_l29
wanda_2_4	wanda_2_4_l3	3	attn_out	3	-0.23285406827926636	0.01651032082736492	0.817714512348175	0.1519092321395874	1.0221326351165771	0.1496424674987793	3.509312868118286	0.6009883284568787	1.310226321220398	0.2053975909948349	0.3747248649597168	0.020723210647702217	0.23285406827926636	0.01651020720601082	0.2931153476238251	0.0209276732057333	0.6121204495429993	0.04408614709973335	12.0	/mnt/bn/seed-aws-va/shwai.he/demystifying-transformers-main/focused-compression-analysis/outputs/layerwise_para_perp/Qwen3-4B__wanda_2_4_l3
wanda_2_4	wanda_2_4_l3	3	block_out	3	-0.3425879180431366	0.06964290887117386	2.5019114017486572	1.8067008256912231	1.8870782852172852	0.4207902252674103	7.176808834075928	4.843797206878662	3.2030551433563232	1.7327131032943726	0.4692944586277008	0.071724072098732	0.3425879180431366	0.06964284926652908	0.31127437949180603	0.07920388132333755	0.4551810324192047	0.16233418881893158	12.0	/mnt/bn/seed-aws-va/shwai.he/demystifying-transformers-main/focused-compression-analysis/outputs/layerwise_para_perp/Qwen3-4B__wanda_2_4_l3
wanda_2_4	wanda_2_4_l3	3	mlp_out	3	-0.39756762981414795	0.08858579397201538	2.4255313873291016	1.845104694366455	1.510891079902649	0.40941357612609863	6.195565700531006	5.021823406219482	2.916649103164673	1.7975497245788574	0.5090826153755188	0.08753164857625961	0.39756765961647034	0.08858563005924225	0.30623650550842285	0.08449060469865799	0.3815929591655731	0.16327515244483948	12.0	/mnt/bn/seed-aws-va/shwai.he/demystifying-transformers-main/focused-compression-analysis/outputs/layerwise_para_perp/Qwen3-4B__wanda_2_4_l3
wanda_2_4	wanda_2_4_l30	30	attn_out	30	-0.09567055106163025	0.13095511496067047	4.03217077255249	3.3014824390411377	17.595882415771484	3.269127607345581	27.031532287597656	7.105592250823975	18.2646541595459	3.723297595977783	0.6876627802848816	0.0757276862859726	0.13494251668453217	0.08995895832777023	0.6669838428497314	0.08628618717193604	0.9382906556129456	0.0741729587316513	12.0	/mnt/bn/seed-aws-va/shwai.he/demystifying-transformers-main/focused-compression-analysis/outputs/layerwise_para_perp/Qwen3-4B__wanda_2_4_l30
wanda_2_4	wanda_2_4_l30	30	block_out	30	-0.29662927985191345	0.03721393272280693	20.131032943725586	3.945621967315674	28.85370445251465	5.036445617675781	67.50605773925781	7.348269939422607	35.210445404052734	6.241234302520752	0.5195955634117126	0.05523165687918663	0.29662927985191345	0.03721393272280693	0.42609620094299316	0.04580727964639664	0.6734190583229065	0.038656413555145264	12.0	/mnt/bn/seed-aws-va/shwai.he/demystifying-transformers-main/focused-compression-analysis/outputs/layerwise_para_perp/Qwen3-4B__wanda_2_4_l30
wanda_2_4	wanda_2_4_l30	30	mlp_out	30	-0.34093597531318665	0.04605279490351677	20.352630615234375	4.552066802978516	21.928415298461914	4.1900715827941895	59.12934494018555	6.684651851654053	29.96246337890625	5.967711925506592	0.5031920671463013	0.056053806096315384	0.34093597531318665	0.04605279490351677	0.3690767288208008	0.04205300286412239	0.54044109582901	0.05568386986851692	12.0	/mnt/bn/seed-aws-va/shwai.he/demystifying-transformers-main/focused-compression-analysis/outputs/layerwise_para_perp/Qwen3-4B__wanda_2_4_l30
wanda_2_4	wanda_2_4_l31	31	attn_out	31	-0.05266638472676277	0.12393034994602203	3.657761812210083	2.826594591140747	25.503976821899414	4.903201103210449	33.54866409301758	5.896807670593262	25.995101928710938	4.485286712646484	0.7911502718925476	0.15857060253620148	0.10978192836046219	0.07797697186470032	0.7769147753715515	0.17127260565757751	0.9568089842796326	0.05229911580681801	12.0	/mnt/bn/seed-aws-va/shwai.he/demystifying-transformers-main/focused-compression-analysis/outputs/layerwise_para_perp/Qwen3-4B__wanda_2_4_l31
wanda_2_4	wanda_2_4_l31	31	block_out	31	-0.2782039940357208	0.029775023460388184	20.755197525024414	3.0252537727355957	35.49106979370117	7.051568031311035	74.56813049316406	7.059042453765869	41.29656219482422	6.623064994812012	0.551506757736206	0.04930311068892479	0.2782039940357208	0.029775023460388184	0.47335347533226013	0.06513787060976028	0.7333043217658997	0.0856192484498024	12.0	/mnt/bn/seed-aws-va/shwai.he/demystifying-transformers-main/focused-compression-analysis/outputs/layerwise_para_perp/Qwen3-4B__wanda_2_4_l31
wanda_2_4	wanda_2_4_l31	31	mlp_out	31	-0.331940621137619	0.025043461471796036	21.53546714782715	3.9300408363342285	23.724512100219727	4.556750774383545	64.48601531982422	7.8522114753723145	32.08157730102539	5.797432899475098	0.49479949474334717	0.03977394849061966	0.331940621137619	0.025043461471796036	0.36607828736305237	0.03979286178946495	0.5467881560325623	0.05155068635940552	12.0	/mnt/bn/seed-aws-va/shwai.he/demystifying-transformers-main/focused-compression-analysis/outputs/layerwise_para_perp/Qwen3-4B__wanda_2_4_l31
wanda_2_4	wanda_2_4_l32	32	attn_out	32	-0.28275564312934875	0.11633281409740448	14.58493423461914	6.977833271026611	25.65960693359375	6.033258438110352	50.74318313598633	11.684596061706543	30.3847713470459	5.743845462799072	0.6073032021522522	0.0471419058740139	0.28275564312934875	0.11633281409740448	0.5173729658126831	0.09940151870250702	0.7383618950843811	0.20654051005840302	12.0	/mnt/bn/seed-aws-va/shwai.he/demystifying-transformers-main/focused-compression-analysis/outputs/layerwise_para_perp/Qwen3-4B__wanda_2_4_l32
wanda_2_4	wanda_2_4_l32	32	block_out	32	-0.296066552400589	0.04051870107650757	27.66120147705078	5.237329959869385	38.91749954223633	8.282156944274902	93.04443359375	10.82694149017334	48.008453369140625	8.421773910522461	0.5128396153450012	0.03710656240582466	0.296066552400589	0.04051870107650757	0.41522911190986633	0.05166243016719818	0.6573335528373718	0.10181000828742981	12.0	/mnt/bn/seed-aws-va/shwai.he/demystifying-transformers-main/focused-compression-analysis/outputs/layerwise_para_perp/Qwen3-4B__wanda_2_4_l32
wanda_2_4	wanda_2_4_l32	32	mlp_out	32	-0.3097919523715973	0.035200197249650955	23.7447452545166	5.470423698425293	28.4991397857666	5.960701942443848	75.88117218017578	10.376106262207031	37.12527084350586	7.948802947998047	0.4846838414669037	0.042346611618995667	0.3097919523715973	0.035199880599975586	0.37227562069892883	0.03020642139017582	0.5917611718177795	0.037606772035360336	12.0	/mnt/bn/seed-aws-va/shwai.he/demystifying-transformers-main/focused-compression-analysis/outputs/layerwise_para_perp/Qwen3-4B__wanda_2_4_l32
wanda_2_4	wanda_2_4_l33	33	attn_out	33	-0.07670233398675919	0.22918489575386047	12.211742401123047	11.209796905517578	43.97211837768555	15.250468254089355	53.45046615600586	14.546245574951172	47.00240707397461	15.221163749694824	0.9131272435188293	0.3230172395706177	0.19640769064426422	0.14082960784435272	0.8696139454841614	0.3514317572116852	0.8853283524513245	0.15038546919822693	12.0	/mnt/bn/seed-aws-va/shwai.he/demystifying-transformers-main/focused-compression-analysis/outputs/layerwise_para_perp/Qwen3-4B__wanda_2_4_l33
wanda_2_4	wanda_2_4_l33	33	block_out	33	-0.2620125114917755	0.04447708651423454	32.975791931152344	8.547667503356934	59.60862350463867	16.08837127685547	124.4160385131836	18.083032608032227	68.69878387451172	15.904930114746094	0.5494746565818787	0.0804910957813263	0.2620125114917755	0.04447708651423454	0.4779185354709625	0.09677982330322266	0.7511585354804993	0.10463042557239532	12.0	/mnt/bn/seed-aws-va/shwai.he/demystifying-transformers-main/focused-compression-analysis/outputs/layerwise_para_perp/Qwen3-4B__wanda_2_4_l33
wanda_2_4	wanda_2_4_l33	33	mlp_out	33	-0.28189000487327576	0.03177804499864578	30.011564254760742	8.431707382202148	37.01150894165039	6.767203330993652	104.89154815673828	19.515968322753906	47.74147033691406	10.401263236999512	0.45291510224342346	0.026437735185027122	0.28189000487327576	0.03177804499864578	0.3534471094608307	0.020841339603066444	0.6118254661560059	0.05843688175082207	12.0	/mnt/bn/seed-aws-va/shwai.he/demystifying-transformers-main/focused-compression-analysis/outputs/layerwise_para_perp/Qwen3-4B__wanda_2_4_l33
wanda_2_4	wanda_2_4_l34	34	attn_out	34	-0.2561461627483368	0.05895256623625755	27.21673583984375	7.511205673217773	42.13438415527344	10.038402557373047	106.57508087158203	16.721145629882812	50.91294479370117	9.006481170654297	0.4779207706451416	0.038656413555145264	0.2561461925506592	0.058952443301677704	0.3953784704208374	0.06702382862567902	0.6856107115745544	0.14393730461597443	12.0	/mnt/bn/seed-aws-va/shwai.he/demystifying-transformers-main/focused-compression-analysis/outputs/layerwise_para_perp/Qwen3-4B__wanda_2_4_l34
wanda_2_4	wanda_2_4_l34	34	block_out	34	-0.3066730201244354	0.020284434780478477	61.694091796875	5.672628402709961	59.03565979003906	10.773174285888672	201.9527587890625	20.833885192871094	85.76815795898438	9.134172439575195	0.4253871738910675	0.02426498755812645	0.3066730201244354	0.020284252241253853	0.29214978218078613	0.04161389172077179	0.47240009903907776	0.09035132825374603	12.0	/mnt/bn/seed-aws-va/shwai.he/demystifying-transformers-main/focused-compression-analysis/outputs/layerwise_para_perp/Qwen3-4B__wanda_2_4_l34
wanda_2_4	wanda_2_4_l34	34	mlp_out	34	-0.33141985535621643	0.019575070589780807	48.66377258300781	5.952284336090088	41.47582244873047	5.139009952545166	146.5600128173828	13.341517448425293	64.02872467041016	7.111143112182617	0.4365386664867401	0.022167444229125977	0.33141985535621643	0.019575070589780807	0.28318050503730774	0.025375068187713623	0.42178285121917725	0.05280496925115585	12.0	/mnt/bn/seed-aws-va/shwai.he/demystifying-transformers-main/focused-compression-analysis/outputs/layerwise_para_perp/Qwen3-4B__wanda_2_4_l34
wanda_2_4	wanda_2_4_l35	35	attn_out	35	-0.36526772379875183	0.03979979082942009	40.11677551269531	10.147430419921875	33.67523956298828	5.194519519805908	108.55734252929688	18.180034637451172	52.69510269165039	9.826335906982422	0.4847904145717621	0.03897752985358238	0.36526772379875183	0.03979979082942009	0.3142152726650238	0.052964311093091965	0.4244552552700043	0.10507743805646896	12.0	/mnt/bn/seed-aws-va/shwai.he/demystifying-transformers-main/focused-compression-analysis/outputs/layerwise_para_perp/Qwen3-4B__wanda_2_4_l35
wanda_2_4	wanda_2_4_l35	35	block_out	35	-0.743686854839325	0.04123953729867935	375.16748046875	40.14777374267578	207.07354736328125	20.73954963684082	503.9115905761719	39.6121826171875	428.7506408691406	42.952735900878906	0.8501953482627869	0.042726702988147736	0.7436869144439697	0.04123736917972565	0.4111226499080658	0.02941185235977173	0.2347869724035263	0.026537662371993065	12.0	/mnt/bn/seed-aws-va/shwai.he/demystifying-transformers-main/focused-compression-analysis/outputs/layerwise_para_perp/Qwen3-4B__wanda_2_4_l35
wanda_2_4	wanda_2_4_l35	35	mlp_out	35	-0.17974399030208588	0.019373351708054543	55.25087356567383	8.791475296020508	46.201873779296875	9.209409713745117	306.6493225097656	29.164939880371094	72.61196899414062	8.767950057983398	0.23788510262966156	0.028357448056340218	0.17974399030208588	0.019373254850506783	0.15267671644687653	0.037417538464069366	0.4134637117385864	0.12449879199266434	12.0	/mnt/bn/seed-aws-va/shwai.he/demystifying-transformers-main/focused-compression-analysis/outputs/layerwise_para_perp/Qwen3-4B__wanda_2_4_l35
wanda_2_4	wanda_2_4_l4	4	attn_out	4	-0.27714118361473083	0.03143351897597313	0.8990535140037537	0.2678377330303192	1.17367684841156	0.27090370655059814	3.258254289627075	0.9587516188621521	1.484015941619873	0.35866010189056396	0.46181821823120117	0.030621161684393883	0.27714115381240845	0.03143387660384178	0.3674478828907013	0.03742286562919617	0.634650707244873	0.08083359152078629	12.0	/mnt/bn/seed-aws-va/shwai.he/demystifying-transformers-main/focused-compression-analysis/outputs/layerwise_para_perp/Qwen3-4B__wanda_2_4_l4
wanda_2_4	wanda_2_4_l4	4	block_out	4	-0.26945915818214417	0.026040203869342804	2.522181272506714	0.5788083672523499	2.7514655590057373	0.7770753502845764	9.3059663772583	1.5761706829071045	3.7393505573272705	0.9423817992210388	0.39894723892211914	0.04668962210416794	0.26945915818214417	0.026040203869342804	0.2932671010494232	0.045242905616760254	0.5381831526756287	0.05874893069267273	12.0	/mnt/bn/seed-aws-va/shwai.he/demystifying-transformers-main/focused-compression-analysis/outputs/layerwise_para_perp/Qwen3-4B__wanda_2_4_l4
wanda_2_4	wanda_2_4_l4	4	mlp_out	4	-0.2638329267501831	0.02775469236075878	2.327954053878784	0.6405364274978638	2.561542272567749	0.7600178718566895	8.74682903289795	1.7499237060546875	3.4669744968414307	0.9741004109382629	0.39350053668022156	0.0494452565908432	0.2638329565525055	0.027754424139857292	0.2910962998867035	0.04660792648792267	0.5445002317428589	0.0582432746887207	12.0	/mnt/bn/seed-aws-va/shwai.he/demystifying-transformers-main/focused-compression-analysis/outputs/layerwise_para_perp/Qwen3-4B__wanda_2_4_l4
wanda_2_4	wanda_2_4_l5	5	attn_out	5	-0.22561191022396088	0.031404174864292145	1.1695908308029175	0.3177911937236786	1.6663923263549805	0.22109976410865784	5.110348224639893	0.6731980443000793	2.043119430541992	0.34690794348716736	0.3984062969684601	0.02163194864988327	0.22561191022396088	0.031404174864292145	0.32676103711128235	0.02314673364162445	0.6757683753967285	0.07584663480520248	12.0	/mnt/bn/seed-aws-va/shwai.he/demystifying-transformers-main/focused-compression-analysis/outputs/layerwise_para_perp/Qwen3-4B__wanda_2_4_l5
wanda_2_4	wanda_2_4_l5	5	block_out	5	-0.269596129655838	0.03942323103547096	3.2528696060180664	1.6796891689300537	3.439069986343384	1.289142370223999	11.57024097442627	3.96524977684021	4.745822906494141	2.090162754058838	0.4002015292644501	0.04234696552157402	0.269596129655838	0.039423421025276184	0.29474541544914246	0.029040807858109474	0.5465626120567322	0.05886067822575569	12.0	/mnt/bn/seed-aws-va/shwai.he/demystifying-transformers-main/focused-compression-analysis/outputs/layerwise_para_perp/Qwen3-4B__wanda_2_4_l5
wanda_2_4	wanda_2_4_l5	5	mlp_out	5	-0.2981134355068207	0.03824601322412491	3.1359336376190186	1.689449429512024	3.060946464538574	1.314954400062561	10.169266700744629	4.168041229248047	4.393215656280518	2.1181297302246094	0.4232090413570404	0.04731401801109314	0.2981134355068207	0.03824601322412491	0.29928329586982727	0.03794276341795921	0.501932680606842	0.06000746041536331	12.0	/mnt/bn/seed-aws-va/shwai.he/demystifying-transformers-main/focused-compression-analysis/outputs/layerwise_para_perp/Qwen3-4B__wanda_2_4_l5
wanda_2_4	wanda_2_4_l6	6	attn_out	6	-0.24683845043182373	0.034176308661699295	1.752437710762024	0.391206830739975	2.390934944152832	0.24108141660690308	7.0615553855896	0.9513904452323914	2.9831018447875977	0.3160307705402374	0.4247894585132599	0.03465313836932182	0.24683845043182373	0.034176308661699295	0.34269729256629944	0.0459153987467289	0.6503716111183167	0.09690368920564651	12.0	/mnt/bn/seed-aws-va/shwai.he/demystifying-transformers-main/focused-compression-analysis/outputs/layerwise_para_perp/Qwen3-4B__wanda_2_4_l6
wanda_2_4	wanda_2_4_l6	6	block_out	6	-0.2916446924209595	0.037401553243398666	3.6041104793548584	1.009491205215454	4.181500434875488	1.1162011623382568	12.216097831726074	2.1704835891723633	5.528356075286865	1.4754033088684082	0.4472661316394806	0.0426025390625	0.2916446626186371	0.03740175440907478	0.3382517397403717	0.03149934485554695	0.5750024318695068	0.05234155058860779	12.0	/mnt/bn/seed-aws-va/shwai.he/demystifying-transformers-main/focused-compression-analysis/outputs/layerwise_para_perp/Qwen3-4B__wanda_2_4_l6
wanda_2_4	wanda_2_4_l6	6	mlp_out	6	-0.3351810872554779	0.034337468445301056	3.5250089168548584	1.082092523574829	3.6488497257232666	1.1507914066314697	10.402653694152832	2.5103909969329834	5.079715251922607	1.5593370199203491	0.48243334889411926	0.03562132269144058	0.3351810872554779	0.034337468445301056	0.34608888626098633	0.026605868712067604	0.517216145992279	0.05019984766840935	12.0	/mnt/bn/seed-aws-va/shwai.he/demystifying-transformers-main/focused-compression-analysis/outputs/layerwise_para_perp/Qwen3-4B__wanda_2_4_l6
wanda_2_4	wanda_2_4_l7	7	attn_out	7	-0.187658429145813	0.03773162513971329	1.1626595258712769	0.4120813012123108	3.6124727725982666	0.38268542289733887	6.1397786140441895	1.432727336883545	3.808025360107422	0.465766042470932	0.6363688707351685	0.08459217101335526	0.1876583844423294	0.037731871008872986	0.6061037182807922	0.09011170268058777	0.904251754283905	0.048628129065036774	12.0	/mnt/bn/seed-aws-va/shwai.he/demystifying-transformers-main/focused-compression-analysis/outputs/layerwise_para_perp/Qwen3-4B__wanda_2_4_l7
wanda_2_4	wanda_2_4_l7	7	block_out	7	-0.34623631834983826	0.05316593125462532	4.232384204864502	1.5855098962783813	5.413364410400391	1.2011504173278809	12.126053810119629	3.690196990966797	6.902743816375732	1.877853274345398	0.5749794840812683	0.0373467318713665	0.34623631834983826	0.05316593125462532	0.4559648931026459	0.03722824156284332	0.633513867855072	0.0871540978550911	12.0	/mnt/bn/seed-aws-va/shwai.he/demystifying-transformers-main/focused-compression-analysis/outputs/layerwise_para_perp/Qwen3-4B__wanda_2_4_l7
wanda_2_4	wanda_2_4_l7	7	mlp_out	7	-0.39424118399620056	0.05605221167206764	4.258442401885986	1.6299890279769897	4.463973522186279	1.223861575126648	10.795517921447754	3.672422409057617	6.196784496307373	1.9534472227096558	0.5796796679496765	0.038130905479192734	0.39424118399620056	0.05605221167206764	0.42184698581695557	0.030978454276919365	0.5365431904792786	0.08699288964271545	12.0	/mnt/bn/seed-aws-va/shwai.he/demystifying-transformers-main/focused-compression-analysis/outputs/layerwise_para_perp/Qwen3-4B__wanda_2_4_l7
wanda_2_4	wanda_2_4_l8	8	attn_out	8	-0.2795475423336029	0.04847751557826996	2.3979995250701904	0.41250085830688477	3.246577024459839	0.4634208381175995	8.661674499511719	1.2960864305496216	4.048369884490967	0.5350528955459595	0.4697454273700714	0.0391765832901001	0.2795475423336029	0.04847751557826996	0.375735878944397	0.022829759865999222	0.6461941599845886	0.07179561257362366	12.0	/mnt/bn/seed-aws-va/shwai.he/demystifying-transformers-main/focused-compression-analysis/outputs/layerwise_para_perp/Qwen3-4B__wanda_2_4_l8
wanda_2_4	wanda_2_4_l8	8	block_out	8	-0.35158035159111023	0.026453372091054916	5.784934997558594	1.0869276523590088	6.389206409454346	1.3958258628845215	16.51900291442871	3.35119366645813	8.635224342346191	1.6882141828536987	0.5235627889633179	0.01916387304663658	0.35158035159111023	0.026453372091054916	0.3866367042064667	0.02624398097395897	0.5469241738319397	0.06047053262591362	12.0	/mnt/bn/seed-aws-va/shwai.he/demystifying-transformers-main/focused-compression-analysis/outputs/layerwise_para_perp/Qwen3-4B__wanda_2_4_l8
wanda_2_4	wanda_2_4_l8	8	mlp_out	8	-0.38534581661224365	0.033087585121393204	5.685730457305908	1.07277250289917	5.800655364990234	1.492521047592163	14.937820434570312	3.609757661819458	8.143394470214844	1.743190050125122	0.5481324791908264	0.01951216720044613	0.38534584641456604	0.03308713436126709	0.3880167007446289	0.026207048445940018	0.5040883421897888	0.06838247925043106	12.0	/mnt/bn/seed-aws-va/shwai.he/demystifying-transformers-main/focused-compression-analysis/outputs/layerwise_para_perp/Qwen3-4B__wanda_2_4_l8
wanda_2_4	wanda_2_4_l9	9	attn_out	9	-0.2931026220321655	0.03542900085449219	2.3098812103271484	0.43890535831451416	3.4071476459503174	0.4385080933570862	7.911172389984131	1.3670480251312256	4.123972415924072	0.5674374103546143	0.5249772667884827	0.02978065423667431	0.2931026220321655	0.035428792238235474	0.4342341125011444	0.027647510170936584	0.6860639452934265	0.05846823751926422	12.0	/mnt/bn/seed-aws-va/shwai.he/demystifying-transformers-main/focused-compression-analysis/outputs/layerwise_para_perp/Qwen3-4B__wanda_2_4_l9
wanda_2_4	wanda_2_4_l9	9	block_out	9	-0.31409403681755066	0.03087063878774643	5.200212001800537	1.9800834655761719	6.526306629180908	1.4843236207962036	16.35334014892578	5.08793830871582	8.365325927734375	2.4041945934295654	0.5146747827529907	0.025710800662636757	0.31409403681755066	0.03087063878774643	0.406416654586792	0.027724208310246468	0.6252689957618713	0.061926838010549545	12.0	/mnt/bn/seed-aws-va/shwai.he/demystifying-transformers-main/focused-compression-analysis/outputs/layerwise_para_perp/Qwen3-4B__wanda_2_4_l9
wanda_2_4	wanda_2_4_l9	9	mlp_out	9	-0.3297036588191986	0.024677081033587456	5.191606521606445	1.9486579895019531	6.19788122177124	1.468833088874817	15.593493461608887	5.000027656555176	8.101279258728027	2.3854830265045166	0.5231034159660339	0.02579990029335022	0.3297036588191986	0.024677081033587456	0.4050849378108978	0.029925905168056488	0.6004112362861633	0.05485617741942406	12.0	/mnt/bn/seed-aws-va/shwai.he/demystifying-transformers-main/focused-compression-analysis/outputs/layerwise_para_perp/Qwen3-4B__wanda_2_4_l9
wanda_4_8	wanda_4_8_l0	0	attn_out	0	-0.12635262310504913	0.020519208163022995	0.48026880621910095	0.0619083046913147	0.5240032076835632	0.08775080740451813	3.8522732257843018	0.5188212990760803	0.7137098908424377	0.08595691621303558	0.19048909842967987	0.04551651328802109	0.12635263800621033	0.020519163459539413	0.14143981039524078	0.0443463996052742	0.5387950539588928	0.08464957773685455	12.0	/mnt/bn/seed-aws-va/shwai.he/demystifying-transformers-main/focused-compression-analysis/outputs/layerwise_para_perp/Qwen3-4B__wanda_4_8_l0
wanda_4_8	wanda_4_8_l0	0	block_out	0	-0.19722969830036163	0.04882308840751648	1.5879560708999634	0.6957531571388245	1.109723448753357	0.554667592048645	7.808135509490967	1.257848858833313	1.9428139925003052	0.877663791179657	0.24049919843673706	0.06273148953914642	0.19722969830036163	0.04882308840751648	0.1365194320678711	0.04306163266301155	0.3177032470703125	0.067656971514225	12.0	/mnt/bn/seed-aws-va/shwai.he/demystifying-transformers-main/focused-compression-analysis/outputs/layerwise_para_perp/Qwen3-4B__wanda_4_8_l0
wanda_4_8	wanda_4_8_l0	0	mlp_out	0	-0.2597009837627411	0.04499644786119461	1.3263232707977295	0.7404531240463257	0.8817088007926941	0.5494564771652222	4.924187183380127	1.8690681457519531	1.6014147996902466	0.9067456722259521	0.310822457075119	0.05179033428430557	0.2597009837627411	0.04499628394842148	0.16837714612483978	0.03837565705180168	0.29631248116493225	0.08731266111135483	12.0	/mnt/bn/seed-aws-va/shwai.he/demystifying-transformers-main/focused-compression-analysis/outputs/layerwise_para_perp/Qwen3-4B__wanda_4_8_l0
wanda_4_8	wanda_4_8_l1	1	attn_out	1	-0.14935313165187836	0.011427844874560833	0.38450536131858826	0.04251570627093315	0.5820649862289429	0.08162278681993484	2.587146520614624	0.3294939696788788	0.6979945302009583	0.08898046612739563	0.2704102396965027	0.017531227320432663	0.14935311675071716	0.011428089812397957	0.22523380815982819	0.016180649399757385	0.6939006447792053	0.03180816024541855	12.0	/mnt/bn/seed-aws-va/shwai.he/demystifying-transformers-main/focused-compression-analysis/outputs/layerwise_para_perp/Qwen3-4B__wanda_4_8_l1
wanda_4_8	wanda_4_8_l1	1	block_out	1	-0.1843198984861374	0.030926579609513283	0.6460434794425964	0.2931669354438782	0.8517910838127136	0.3055051863193512	3.4068033695220947	0.914424479007721	1.0703774690628052	0.4201103448867798	0.3080553114414215	0.03625961020588875	0.1843198984861374	0.030926579609513283	0.24641229212284088	0.02373906597495079	0.6440245509147644	0.044436611235141754	12.0	/mnt/bn/seed-aws-va/shwai.he/demystifying-transformers-main/focused-compression-analysis/outputs/layerwise_para_perp/Qwen3-4B__wanda_4_8_l1
wanda_4_8	wanda_4_8_l1	1	mlp_out	1	-0.25597384572029114	0.04538603127002716	0.5705716609954834	0.33566370606422424	0.5645790100097656	0.31892555952072144	2.155550956726074	0.9247154593467712	0.8052618503570557	0.4585178792476654	0.36165571212768555	0.05224381387233734	0.25597384572029114	0.04538603127002716	0.2536531388759613	0.04002324119210243	0.49654245376586914	0.08775488287210464	12.0	/mnt/bn/seed-aws-va/shwai.he/demystifying-transformers-main/focused-compression-analysis/outputs/layerwise_para_perp/Qwen3-4B__wanda_4_8_l1
wanda_4_8	wanda_4_8_l10	10	attn_out	10	-0.22559809684753418	0.03764850273728371	2.1547043323516846	0.36648881435394287	3.835014581680298	0.584757924079895	9.636845588684082	1.359122395515442	4.416283130645752	0.5681412220001221	0.4593745172023773	0.02089257538318634	0.22559809684753418	0.03764845058321953	0.39808401465415955	0.026050502434372902	0.7531576752662659	0.07588336616754532	12.0	/mnt/bn/seed-aws-va/shwai.he/demystifying-transformers-main/focused-compression-analysis/outputs/layerwise_para_perp/Qwen3-4B__wanda_4_8_l10
wanda_4_8	wanda_4_8_l10	10	block_out	10	-0.24526286125183105	0.02548588626086712	4.01952600479126	0.8350391983985901	6.324281215667725	1.2324713468551636	16.548221588134766	3.941051959991455	7.501283168792725	1.449188470840454	0.4576738774776459	0.025852693244814873	0.24526287615299225	0.02548574097454548	0.38585367798805237	0.02114918828010559	0.7120415568351746	0.040230643004179	12.0	/mnt/bn/seed-aws-va/shwai.he/demystifying-transformers-main/focused-compression-analysis/outputs/layerwise_para_perp/Qwen3-4B__wanda_4_8_l10
wanda_4_8	wanda_4_8_l10	10	mlp_out	10	-0.2714720666408539	0.03243626654148102	4.053432941436768	0.7076999545097351	5.976949214935303	1.1877119541168213	15.17504596710205	3.5631487369537354	7.230459213256836	1.3364899158477783	0.48189306259155273	0.03321703523397446	0.2714720666408539	0.03243603557348251	0.3974921703338623	0.02398114651441574	0.6825129985809326	0.04340488091111183	12.0	/mnt/bn/seed-aws-va/shwai.he/demystifying-transformers-main/focused-compression-analysis/outputs/layerwise_para_perp/Qwen3-4B__wanda_4_8_l10
wanda_4_8	wanda_4_8_l11	11	attn_out	11	-0.23780329525470734	0.027659162878990173	2.085785150527954	0.4573243260383606	3.3676204681396484	0.3648621141910553	8.743943214416504	1.4012089967727661	3.9742374420166016	0.4889526665210724	0.4577377736568451	0.027415046468377113	0.23780329525470734	0.02765902876853943	0.3894031047821045	0.036403775215148926	0.7237265110015869	0.07062630355358124	12.0	/mnt/bn/seed-aws-va/shwai.he/demystifying-transformers-main/focused-compression-analysis/outputs/layerwise_para_perp/Qwen3-4B__wanda_4_8_l11
wanda_4_8	wanda_4_8_l11	11	block_out	11	-0.23842459917068481	0.012628673575818539	3.699401617050171	0.7200438380241394	6.07680082321167	1.3068084716796875	15.577537536621094	3.3646488189697266	7.120500564575195	1.4621094465255737	0.4583575427532196	0.017196757718920708	0.238424614071846	0.01262837927788496	0.3909999430179596	0.022375192493200302	0.7273053526878357	0.0376681387424469	12.0	/mnt/bn/seed-aws-va/shwai.he/demystifying-transformers-main/focused-compression-analysis/outputs/layerwise_para_perp/Qwen3-4B__wanda_4_8_l11
wanda_4_8	wanda_4_8_l11	11	mlp_out	11	-0.25363245606422424	0.015660246834158897	3.634789228439331	0.7218263745307922	5.648506164550781	1.3003860712051392	14.45043659210205	3.5118751525878906	6.7205352783203125	1.4709728956222534	0.46729549765586853	0.0165079515427351	0.25363248586654663	0.015659769997000694	0.39218154549598694	0.016018211841583252	0.7046665549278259	0.029406532645225525	12.0	/mnt/bn/seed-aws-va/shwai.he/demystifying-transformers-main/focused-compression-analysis/outputs/layerwise_para_perp/Qwen3-4B__wanda_4_8_l11
wanda_4_8	wanda_4_8_l12	12	attn_out	12	-0.18187499046325684	0.027753351256251335	1.9001272916793823	0.37873348593711853	3.8551900386810303	0.22058641910552979	10.3915376663208	0.7736988663673401	4.311927318572998	0.2689858078956604	0.41588926315307617	0.022475527599453926	0.18187499046325684	0.027753351256251335	0.372565895318985	0.028546711429953575	0.8025656342506409	0.06377166509628296	12.0	/mnt/bn/seed-aws-va/shwai.he/demystifying-transformers-main/focused-compression-analysis/outputs/layerwise_para_perp/Qwen3-4B__wanda_4_8_l12
wanda_4_8	wanda_4_8_l12	12	block_out	12	-0.2270975112915039	0.01883990317583084	3.6846635341644287	0.7535456418991089	6.2569580078125	1.0549858808517456	16.199983596801758	2.913947343826294	7.266820430755615	1.2650748491287231	0.4491537809371948	0.018127338960766792	0.2270975261926651	0.018839705735445023	0.3871128261089325	0.01682623103260994	0.7434147000312805	0.03399258106946945	12.0	/mnt/bn/seed-aws-va/shwai.he/demystifying-transformers-main/focused-compression-analysis/outputs/layerwise_para_perp/Qwen3-4B__wanda_4_8_l12
wanda_4_8	wanda_4_8_l12	12	mlp_out	12	-0.2746349275112152	0.02059699222445488	3.8749401569366455	0.7054154872894287	5.607253551483154	1.0507540702819824	14.206377983093262	2.9714574813842773	6.821628093719482	1.2343132495880127	0.48247218132019043	0.015891192480921745	0.2746349275112152	0.02059699222445488	0.39622798562049866	0.013665334321558475	0.675377368927002	0.03650657460093498	12.0	/mnt/bn/seed-aws-va/shwai.he/demystifying-transformers-main/focused-compression-analysis/outputs/layerwise_para_perp/Qwen3-4B__wanda_4_8_l12
wanda_4_8	wanda_4_8_l13	13	attn_out	13	-0.16659627854824066	0.032145801931619644	1.5569171905517578	0.5754433274269104	3.3088464736938477	0.5485821962356567	9.11807632446289	1.8696048259735107	3.675205945968628	0.705260694026947	0.40443113446235657	0.01796632818877697	0.16659627854824066	0.032145801931619644	0.36644816398620605	0.028555843979120255	0.8210609555244446	0.0747600719332695	12.0	/mnt/bn/seed-aws-va/shwai.he/demystifying-transformers-main/focused-compression-analysis/outputs/layerwise_para_perp/Qwen3-4B__wanda_4_8_l13
wanda_4_8	wanda_4_8_l13	13	block_out	13	-0.23725919425487518	0.02862503193318844	3.8570239543914795	1.1189203262329102	6.242210388183594	1.129568338394165	16.054533004760742	3.3017218112945557	7.349920749664307	1.5324478149414062	0.45769402384757996	0.01658719591796398	0.23725919425487518	0.02862503193318844	0.3905167877674103	0.012011371552944183	0.7300083041191101	0.05071606487035751	12.0	/mnt/bn/seed-aws-va/shwai.he/demystifying-transformers-main/focused-compression-analysis/outputs/layerwise_para_perp/Qwen3-4B__wanda_4_8_l13
wanda_4_8	wanda_4_8_l13	13	mlp_out	13	-0.2693651020526886	0.027141092345118523	3.9660778045654297	0.9613676071166992	5.742713928222656	1.0175237655639648	14.665913581848145	3.003563404083252	6.98757791519165	1.3571534156799316	0.47750043869018555	0.018586382269859314	0.269365131855011	0.027141092345118523	0.39355382323265076	0.013163799419999123	0.6811079978942871	0.04605238884687424	12.0	/mnt/bn/seed-aws-va/shwai.he/demystifying-transformers-main/focused-compression-analysis/outputs/layerwise_para_perp/Qwen3-4B__wanda_4_8_l13
wanda_4_8	wanda_4_8_l14	14	attn_out	14	-0.1717454046010971	0.034690555185079575	1.7728595733642578	0.5130088925361633	4.806059837341309	0.2891086935997009	10.176310539245605	1.068668246269226	5.140679359436035	0.40177446603775024	0.5069820284843445	0.025894448161125183	0.1717454046010971	0.03469060733914375	0.47522246837615967	0.03413235396146774	0.8781498074531555	0.05665956437587738	12.0	/mnt/bn/seed-aws-va/shwai.he/demystifying-transformers-main/focused-compression-analysis/outputs/layerwise_para_perp/Qwen3-4B__wanda_4_8_l14
wanda_4_8	wanda_4_8_l14	14	block_out	14	-0.23657673597335815	0.014408822171390057	3.7920925617218018	0.47895586490631104	6.791416645050049	0.7246435880661011	16.032020568847656	1.8471813201904297	7.781775951385498	0.837717592716217	0.48600128293037415	0.014517645351588726	0.23657673597335815	0.014408822171390057	0.42427554726600647	0.014903580769896507	0.7622869610786438	0.025758860632777214	12.0	/mnt/bn/seed-aws-va/shwai.he/demystifying-transformers-main/focused-compression-analysis/outputs/layerwise_para_perp/Qwen3-4B__wanda_4_8_l14
wanda_4_8	wanda_4_8_l14	14	mlp_out	14	-0.2785695791244507	0.02534172125160694	3.9631922245025635	0.4375849962234497	5.905246257781982	0.7497380375862122	14.308375358581543	1.7635021209716797	7.120625019073486	0.793158769607544	0.4986123740673065	0.016647275537252426	0.2785695791244507	0.02534172125160694	0.4128539264202118	0.014137513004243374	0.6870072484016418	0.044224172830581665	12.0	/mnt/bn/seed-aws-va/shwai.he/demystifying-transformers-main/focused-compression-analysis/outputs/layerwise_para_perp/Qwen3-4B__wanda_4_8_l14
wanda_4_8	wanda_4_8_l15	15	attn_out	15	-0.1624985933303833	0.021427208557724953	1.6667556762695312	0.5242085456848145	4.295085430145264	0.7644706964492798	10.134062767028809	2.2064037322998047	4.618567943572998	0.8682602047920227	0.4585258960723877	0.029743853956460953	0.1624985933303833	0.021427296102046967	0.427645206451416	0.037220437079668045	0.8680163025856018	0.04330314323306084	12.0	/mnt/bn/seed-aws-va/shwai.he/demystifying-transformers-main/focused-compression-analysis/outputs/layerwise_para_perp/Qwen3-4B__wanda_4_8_l15
wanda_4_8	wanda_4_8_l15	15	block_out	15	-0.25189343094825745	0.015042906627058983	3.8170058727264404	1.0283995866775513	6.403561115264893	1.1711227893829346	15.109306335449219	3.7707455158233643	7.462604522705078	1.521115779876709	0.49911439418792725	0.027892732992768288	0.25189343094825745	0.015042906627058983	0.43034473061561584	0.03193742781877518	0.7425656318664551	0.03824835270643234	12.0	/mnt/bn/seed-aws-va/shwai.he/demystifying-transformers-main/focused-compression-analysis/outputs/layerwise_para_perp/Qwen3-4B__wanda_4_8_l15
wanda_4_8	wanda_4_8_l15	15	mlp_out	15	-0.2920258045196533	0.011848368681967258	4.151561260223389	0.7739921808242798	5.5909423828125	0.923037052154541	14.209195137023926	2.527757167816162	6.966609954833984	1.1880685091018677	0.4912150800228119	0.019208919256925583	0.2920258045196533	0.011848368681967258	0.3947228193283081	0.020872952416539192	0.6455127596855164	0.02714630775153637	12.0	/mnt/bn/seed-aws-va/shwai.he/demystifying-transformers-main/focused-compression-analysis/outputs/layerwise_para_perp/Qwen3-4B__wanda_4_8_l15
wanda_4_8	wanda_4_8_l16	16	attn_out	16	-0.18592174351215363	0.027833236381411552	1.6785387992858887	0.32258322834968567	4.04112434387207	0.4973129630088806	9.016239166259766	1.0635262727737427	4.382840633392334	0.5387651920318604	0.4866580069065094	0.0296530369669199	0.18592174351215363	0.027833303436636925	0.44887545704841614	0.029741600155830383	0.8509678840637207	0.03836427256464958	12.0	/mnt/bn/seed-aws-va/shwai.he/demystifying-transformers-main/focused-compression-analysis/outputs/layerwise_para_perp/Qwen3-4B__wanda_4_8_l16
wanda_4_8	wanda_4_8_l16	16	block_out	16	-0.2714632451534271	0.015482009388506413	4.008078098297119	0.8130245208740234	6.348860263824463	0.9912354946136475	14.728691101074219	2.667677164077759	7.511749267578125	1.2609127759933472	0.5111737847328186	0.01595529541373253	0.2714632451534271	0.015482009388506413	0.4328719675540924	0.015591108240187168	0.7173895239830017	0.027096310630440712	12.0	/mnt/bn/seed-aws-va/shwai.he/demystifying-transformers-main/focused-compression-analysis/outputs/layerwise_para_perp/Qwen3-4B__wanda_4_8_l16
wanda_4_8	wanda_4_8_l16	16	mlp_out	16	-0.32007381319999695	0.02244434505701065	4.538393497467041	0.7076649069786072	5.701624393463135	0.9077935218811035	14.213532447814941	2.2408463954925537	7.298458099365234	1.07839035987854	0.5142075419425964	0.011103702709078789	0.32007381319999695	0.02244434505701065	0.40145519375801086	0.02038172073662281	0.6106191873550415	0.05301506817340851	12.0	/mnt/bn/seed-aws-va/shwai.he/demystifying-transformers-main/focused-compression-analysis/outputs/layerwise_para_perp/Qwen3-4B__wanda_4_8_l16
wanda_4_8	wanda_4_8_l17	17	attn_out	17	-0.18608494102954865	0.03907713666558266	1.832592487335205	0.3185109794139862	4.826548099517822	0.7733647227287292	10.008103370666504	1.3305584192276	5.180436611175537	0.7187380790710449	0.5192139148712158	0.04415639489889145	0.18608494102954865	0.03907713666558266	0.48287761211395264	0.046983752399683	0.8645074963569641	0.054925672709941864	12.0	/mnt/bn/seed-aws-va/shwai.he/demystifying-transformers-main/focused-compression-analysis/outputs/layerwise_para_perp/Qwen3-4B__wanda_4_8_l17
wanda_4_8	wanda_4_8_l17	17	block_out	17	-0.26625099778175354	0.0169345885515213	4.089845657348633	0.5426085591316223	6.852885723114014	1.1332417726516724	15.450333595275879	2.47759747505188	7.9858856201171875	1.2219572067260742	0.5176495909690857	0.011766970157623291	0.26625099778175354	0.0169345885515213	0.443552702665329	0.013571781106293201	0.7345500588417053	0.031208965927362442	12.0	/mnt/bn/seed-aws-va/shwai.he/demystifying-transformers-main/focused-compression-analysis/outputs/layerwise_para_perp/Qwen3-4B__wanda_4_8_l17
wanda_4_8	wanda_4_8_l17	17	mlp_out	17	-0.3082163333892822	0.032053280621767044	4.616862773895264	0.3943765163421631	5.863154888153076	0.9227249622344971	15.110057830810547	1.7454731464385986	7.481142520904541	0.855259120464325	0.495632141828537	0.020468173548579216	0.30821630358695984	0.03205374255776405	0.3866468667984009	0.023443857207894325	0.6108075976371765	0.06641006469726562	12.0	/mnt/bn/seed-aws-va/shwai.he/demystifying-transformers-main/focused-compression-analysis/outputs/layerwise_para_perp/Qwen3-4B__wanda_4_8_l17
wanda_4_8	wanda_4_8_l18	18	attn_out	18	-0.16351430118083954	0.029217898845672607	1.7509621381759644	0.5268670320510864	4.670318603515625	0.5233500599861145	10.499770164489746	1.513670563697815	5.002159595489502	0.6384598016738892	0.4778878688812256	0.02426959201693535	0.16351430118083954	0.029217898845672607	0.44757163524627686	0.032479193061590195	0.8761510252952576	0.047769904136657715	12.0	/mnt/bn/seed-aws-va/shwai.he/demystifying-transformers-main/focused-compression-analysis/outputs/layerwise_para_perp/Qwen3-4B__wanda_4_8_l18
wanda_4_8	wanda_4_8_l18	18	block_out	18	-0.24836450815200806	0.030268145725131035	4.170027256011963	0.962709367275238	7.235278606414795	1.0388898849487305	16.776098251342773	3.1985342502593994	8.368877410888672	1.3062829971313477	0.5021376609802246	0.023706795647740364	0.24836450815200806	0.030268022790551186	0.43515169620513916	0.027316488325595856	0.7515544891357422	0.05458822846412659	12.0	/mnt/bn/seed-aws-va/shwai.he/demystifying-transformers-main/focused-compression-analysis/outputs/layerwise_para_perp/Qwen3-4B__wanda_4_8_l18
wanda_4_8	wanda_4_8_l18	18	mlp_out	18	-0.30360937118530273	0.038768038153648376	4.600546360015869	0.7267121076583862	6.220840930938721	0.9348371028900146	15.306750297546387	2.743739604949951	7.7602858543396	1.021702766418457	0.5110326409339905	0.026462523266673088	0.30360937118530273	0.038768038153648376	0.4090343415737152	0.029392341151833534	0.6431996822357178	0.07388854771852493	12.0	/mnt/bn/seed-aws-va/shwai.he/demystifying-transformers-main/focused-compression-analysis/outputs/layerwise_para_perp/Qwen3-4B__wanda_4_8_l18
wanda_4_8	wanda_4_8_l19	19	attn_out	19	-0.23078691959381104	0.04297538101673126	3.3150007724761963	0.8035145401954651	6.452484607696533	0.6995514631271362	14.262450218200684	1.136812686920166	7.269327163696289	0.9569136500358582	0.5093187689781189	0.04619196057319641	0.23078691959381104	0.04297538101673126	0.45287248492240906	0.036555320024490356	0.7932000160217285	0.04974241554737091	12.0	/mnt/bn/seed-aws-va/shwai.he/demystifying-transformers-main/focused-compression-analysis/outputs/layerwise_para_perp/Qwen3-4B__wanda_4_8_l19
wanda_4_8	wanda_4_8_l19	19	block_out	19	-0.301379531621933	0.0256029199808836	6.729681491851807	1.0758740901947021	9.225605964660645	0.8471340537071228	22.308961868286133	2.6669933795928955	11.43554401397705	1.2263448238372803	0.5143207907676697	0.035048000514507294	0.301379531621933	0.02560262940824032	0.41596511006355286	0.03524366766214371	0.6542972922325134	0.048283398151397705	12.0	/mnt/bn/seed-aws-va/shwai.he/demystifying-transformers-main/focused-compression-analysis/outputs/layerwise_para_perp/Qwen3-4B__wanda_4_8_l19
wanda_4_8	wanda_4_8_l19	19	mlp_out	19	-0.3420223295688629	0.027971554547548294	6.690427303314209	1.1140468120574951	7.449920654296875	0.7558013200759888	19.548030853271484	2.715644598007202	10.041977882385254	1.1109247207641602	0.5160845518112183	0.03175705671310425	0.3420223295688629	0.02797142043709755	0.38458383083343506	0.04105320945382118	0.5557045340538025	0.07209427654743195	12.0	/mnt/bn/seed-aws-va/shwai.he/demystifying-transformers-main/focused-compression-analysis/outputs/layerwise_para_perp/Qwen3-4B__wanda_4_8_l19
wanda_4_8	wanda_4_8_l2	2	attn_out	2	-0.1874655932188034	0.011728918179869652	0.5120503902435303	0.0869767889380455	0.7111847400665283	0.0872788205742836	2.72405743598938	0.3695814907550812	0.8781699538230896	0.10945045202970505	0.3237340748310089	0.024734077975153923	0.1874656081199646	0.011728758923709393	0.26321569085121155	0.029191017150878906	0.6594219207763672	0.05910573527216911	12.0	/mnt/bn/seed-aws-va/shwai.he/demystifying-transformers-main/focused-compression-analysis/outputs/layerwise_para_perp/Qwen3-4B__wanda_4_8_l2
wanda_4_8	wanda_4_8_l2	2	block_out	2	-0.2540731132030487	0.030608750879764557	1.1352983713150024	0.3477213978767395	1.0973578691482544	0.20440009236335754	4.415557384490967	0.9577285647392273	1.5875306129455566	0.3681478798389435	0.3588334321975708	0.016246361657977104	0.2540731132030487	0.030608750879764557	0.2508840262889862	0.024342240765690804	0.4958678185939789	0.09700451046228409	12.0	/mnt/bn/seed-aws-va/shwai.he/demystifying-transformers-main/focused-compression-analysis/outputs/layerwise_para_perp/Qwen3-4B__wanda_4_8_l2
wanda_4_8	wanda_4_8_l2	2	mlp_out	2	-0.28518232703208923	0.04078463837504387	1.032913088798523	0.33757472038269043	0.8244969248771667	0.23353144526481628	3.589118003845215	0.8690676689147949	1.3339022397994995	0.3686499297618866	0.36975768208503723	0.02513018250465393	0.28518232703208923	0.04078473150730133	0.23032152652740479	0.036220598965883255	0.4020969867706299	0.12474361807107925	12.0	/mnt/bn/seed-aws-va/shwai.he/demystifying-transformers-main/focused-compression-analysis/outputs/layerwise_para_perp/Qwen3-4B__wanda_4_8_l2
wanda_4_8	wanda_4_8_l20	20	attn_out	20	-0.17781288921833038	0.029293568804860115	1.8272465467453003	0.20239655673503876	5.393331527709961	0.7642373442649841	10.422728538513184	1.281166672706604	5.699992656707764	0.7496387958526611	0.5494046807289124	0.05756311118602753	0.17781291902065277	0.029293378815054893	0.5192772150039673	0.05508767068386078	0.8934091925621033	0.02564871311187744	12.0	/mnt/bn/seed-aws-va/shwai.he/demystifying-transformers-main/focused-compression-analysis/outputs/layerwise_para_perp/Qwen3-4B__wanda_4_8_l20
wanda_4_8	wanda_4_8_l20	20	block_out	20	-0.25783422589302063	0.026831459254026413	4.999365329742432	1.2358559370040894	8.579652786254883	1.0855334997177124	19.29698944091797	3.5536956787109375	9.953627586364746	1.4950326681137085	0.5193364024162292	0.030016392469406128	0.25783416628837585	0.026832016184926033	0.44967660307884216	0.03469632565975189	0.7498968243598938	0.05793904885649681	12.0	/mnt/bn/seed-aws-va/shwai.he/demystifying-transformers-main/focused-compression-analysis/outputs/layerwise_para_perp/Qwen3-4B__wanda_4_8_l20
wanda_4_8	wanda_4_8_l20	20	mlp_out	20	-0.31279340386390686	0.02852843515574932	5.898645401000977	1.1149042844772339	7.302251815795898	1.0038909912109375	18.867536544799805	3.018406629562378	9.402898788452148	1.3975725173950195	0.4998733699321747	0.026981405913829803	0.31279340386390686	0.028528565540909767	0.38900068402290344	0.02502530813217163	0.6069954037666321	0.05309455096721649	12.0	/mnt/bn/seed-aws-va/shwai.he/demystifying-transformers-main/focused-compression-analysis/outputs/layerwise_para_perp/Qwen3-4B__wanda_4_8_l20
wanda_4_8	wanda_4_8_l21	21	attn_out	21	-0.11720412969589233	0.04025614261627197	1.2946621179580688	0.5231941938400269	6.009723663330078	0.8428294658660889	11.00924301147461	1.2629848718643188	6.168199062347412	0.8546032309532166	0.5608588457107544	0.047690607607364655	0.11720413714647293	0.04025612026453018	0.5467361807823181	0.05058868229389191	0.9493703842163086	0.02690535970032215	12.0	/mnt/bn/seed-aws-va/shwai.he/demystifying-transformers-main/focused-compression-analysis/outputs/layerwise_para_perp/Qwen3-4B__wanda_4_8_l21
wanda_4_8	wanda_4_8_l21	21	block_out	21	-0.25577783584594727	0.023200426250696182	5.4250874519348145	0.44452154636383057	9.484246253967285	1.0205895900726318	21.281774520874023	1.4427553415298462	10.938637733459473	0.9838361740112305	0.5136399269104004	0.02245762012898922	0.25577783584594727	0.02320074662566185	0.4447876214981079	0.02310227043926716	0.7502347826957703	0.037947967648506165	12.0	/mnt/bn/seed-aws-va/shwai.he/demystifying-transformers-main/focused-compression-analysis/outputs/layerwise_para_perp/Qwen3-4B__wanda_4_8_l21
wanda_4_8	wanda_4_8_l21	21	mlp_out	21	-0.2843727171421051	0.02608065865933895	5.77586555480957	0.47951504588127136	7.8433518409729	0.7470952272415161	20.359437942504883	1.1511050462722778	9.753445625305176	0.7329139113426208	0.47901806235313416	0.021891465410590172	0.2843727171421051	0.02608065865933895	0.38469353318214417	0.020009852945804596	0.6464150547981262	0.04881957918405533	12.0	/mnt/bn/seed-aws-va/shwai.he/demystifying-transformers-main/focused-compression-analysis/outputs/layerwise_para_perp/Qwen3-4B__wanda_4_8_l21
wanda_4_8	wanda_4_8_l22	22	attn_out	22	-0.14279066026210785	0.0507994219660759	2.6052629947662354	1.2589261531829834	8.622391700744629	1.0865449905395508	17.58876609802246	3.5424110889434814	9.07151985168457	1.267299771308899	0.5220853090286255	0.03819376975297928	0.14279063045978546	0.05079951509833336	0.4984769821166992	0.05082084983587265	0.9093634486198425	0.06955994665622711	12.0	/mnt/bn/seed-aws-va/shwai.he/demystifying-transformers-main/focused-compression-analysis/outputs/layerwise_para_perp/Qwen3-4B__wanda_4_8_l22
wanda_4_8	wanda_4_8_l22	22	block_out	22	-0.23669587075710297	0.014482704922556877	7.074879169464111	0.7657122015953064	12.277226448059082	1.176767110824585	29.8717098236084	2.557027816772461	14.177428245544434	1.325076937675476	0.47458091378211975	0.015062210150063038	0.23669587075710297	0.014482704922556877	0.41104617714881897	0.016133151948451996	0.7503232955932617	0.028302418068051338	12.0	/mnt/bn/seed-aws-va/shwai.he/demystifying-transformers-main/focused-compression-analysis/outputs/layerwise_para_perp/Qwen3-4B__wanda_4_8_l22
wanda_4_8	wanda_4_8_l22	22	mlp_out	22	-0.2804923951625824	0.026065656915307045	7.169836521148682	1.1302165985107422	9.903063774108887	0.8798909187316895	25.439254760742188	2.180009603500366	12.243844032287598	1.27165687084198	0.48086440563201904	0.018765507265925407	0.2804923951625824	0.026065656915307045	0.3897159993648529	0.018674364313483238	0.6583369374275208	0.05127011239528656	12.0	/mnt/bn/seed-aws-va/shwai.he/demystifying-transformers-main/focused-compression-analysis/outputs/layerwise_para_perp/Qwen3-4B__wanda_4_8_l22
wanda_4_8	wanda_4_8_l23	23	attn_out	23	-0.091304711997509	0.07170160859823227	1.926756739616394	1.7138653993606567	9.915925025939941	0.9821208715438843	17.396305084228516	5.1606221199035645	10.22618579864502	1.168331265449524	0.6223130822181702	0.13320773839950562	0.09526459127664566	0.0663500428199768	0.6083993911743164	0.14625470340251923	0.9457765221595764	0.06772823631763458	12.0	/mnt/bn/seed-aws-va/shwai.he/demystifying-transformers-main/focused-compression-analysis/outputs/layerwise_para_perp/Qwen3-4B__wanda_4_8_l23
wanda_4_8	wanda_4_8_l23	23	block_out	23	-0.2475152611732483	0.023933876305818558	8.523520469665527	0.864314615726471	14.160466194152832	0.8209075331687927	34.502689361572266	2.367973804473877	16.54203987121582	0.9752178192138672	0.4805430471897125	0.027748383581638336	0.2475152611732483	0.023933876305818558	0.41141319274902344	0.02437496930360794	0.7338852286338806	0.036866042762994766	12.0	/mnt/bn/seed-aws-va/shwai.he/demystifying-transformers-main/focused-compression-analysis/outputs/layerwise_para_perp/Qwen3-4B__wanda_4_8_l23
wanda_4_8	wanda_4_8_l23	23	mlp_out	23	-0.2965289056301117	0.02831728756427765	8.879669189453125	1.415130376815796	11.326451301574707	0.6505401730537415	29.80021095275879	2.622103691101074	14.418895721435547	1.2877360582351685	0.4845339059829712	0.02757924795150757	0.2965288758277893	0.02831755019724369	0.3820374011993408	0.029152577742934227	0.6229252815246582	0.05957506597042084	12.0	/mnt/bn/seed-aws-va/shwai.he/demystifying-transformers-main/focused-compression-analysis/outputs/layerwise_para_perp/Qwen3-4B__wanda_4_8_l23
wanda_4_8	wanda_4_8_l24	24	attn_out	24	-0.10190705209970474	0.09607269614934921	1.7728737592697144	1.814784288406372	9.081097602844238	1.892484426498413	15.167145729064941	3.3803374767303467	9.410618782043457	1.9810619354248047	0.6272391080856323	0.07109817862510681	0.1082344651222229	0.08888369798660278	0.6089785695075989	0.0895204097032547	0.9388177990913391	0.09769164025783539	12.0	/mnt/bn/seed-aws-va/shwai.he/demystifying-transformers-main/focused-compression-analysis/outputs/layerwise_para_perp/Qwen3-4B__wanda_4_8_l24
wanda_4_8	wanda_4_8_l24	24	block_out	24	-0.24492891132831573	0.03130252659320831	8.893265724182129	1.3856619596481323	14.659847259521484	1.5913738012313843	36.29523849487305	3.210167646408081	17.21018409729004	1.5044490098953247	0.4755670726299286	0.03751175105571747	0.24492891132831573	0.03130240738391876	0.4056938588619232	0.04487358406186104	0.7268397808074951	0.07218970358371735	12.0	/mnt/bn/seed-aws-va/shwai.he/demystifying-transformers-main/focused-compression-analysis/outputs/layerwise_para_perp/Qwen3-4B__wanda_4_8_l24
wanda_4_8	wanda_4_8_l24	24	mlp_out	24	-0.2770613431930542	0.04632982611656189	9.087780952453613	2.3946635723114014	11.798989295959473	0.9451510906219482	32.281436920166016	3.7535953521728516	14.993617057800293	1.9034422636032104	0.4642297327518463	0.022562874481081963	0.2770613133907318	0.046329986304044724	0.3685535192489624	0.03573763370513916	0.6352924704551697	0.1090879738330841	12.0	/mnt/bn/seed-aws-va/shwai.he/demystifying-transformers-main/focused-compression-analysis/outputs/layerwise_para_perp/Qwen3-4B__wanda_4_8_l24
wanda_4_8	wanda_4_8_l25	25	attn_out	25	-0.17400240898132324	0.10901013761758804	2.452777862548828	1.774233341217041	6.682982921600342	2.0627543926239014	13.57285213470459	4.791080474853516	7.294332981109619	2.2077035903930664	0.5478079915046692	0.05709107220172882	0.17400240898132324	0.10901013761758804	0.5053138136863708	0.07649125158786774	0.8602895140647888	0.16089867055416107	12.0	/mnt/bn/seed-aws-va/shwai.he/demystifying-transformers-main/focused-compression-analysis/outputs/layerwise_para_perp/Qwen3-4B__wanda_4_8_l25
wanda_4_8	wanda_4_8_l25	25	block_out	25	-0.254071444272995	0.028708072379231453	10.069212913513184	2.0830533504486084	14.802970886230469	1.805989146232605	39.40072250366211	5.512149333953857	17.952438354492188	2.4140560626983643	0.45634838938713074	0.01809936761856079	0.254071444272995	0.028708072379231453	0.3775118589401245	0.026263562962412834	0.6857445240020752	0.06911249458789825	12.0	/mnt/bn/seed-aws-va/shwai.he/demystifying-transformers-main/focused-compression-analysis/outputs/layerwise_para_perp/Qwen3-4B__wanda_4_8_l25
wanda_4_8	wanda_4_8_l25	25	mlp_out	25	-0.26287373900413513	0.024750038981437683	9.725897789001465	2.362034797668457	13.188584327697754	1.6978397369384766	36.582828521728516	6.259709358215332	16.418649673461914	2.724278211593628	0.4494905471801758	0.018725363537669182	0.26287373900413513	0.024750038981437683	0.3635074198246002	0.02322866953909397	0.655224084854126	0.059478938579559326	12.0	/mnt/bn/seed-aws-va/shwai.he/demystifying-transformers-main/focused-compression-analysis/outputs/layerwise_para_perp/Qwen3-4B__wanda_4_8_l25
wanda_4_8	wanda_4_8_l26	26	attn_out	26	-0.06894195079803467	0.10657691955566406	1.4428763389587402	1.4322916269302368	8.157617568969727	1.7590903043746948	13.742465019226074	4.162558078765869	8.403945922851562	1.774308443069458	0.6310358643531799	0.08271864801645279	0.09509601444005966	0.08407366275787354	0.6156471967697144	0.0995769053697586	0.9465706944465637	0.08634677529335022	12.0	/mnt/bn/seed-aws-va/shwai.he/demystifying-transformers-main/focused-compression-analysis/outputs/layerwise_para_perp/Qwen3-4B__wanda_4_8_l26
wanda_4_8	wanda_4_8_l26	26	block_out	26	-0.25903573632240295	0.05023219436407089	10.582304000854492	3.173632860183716	16.28276252746582	2.4098238945007324	40.0987434387207	4.964190483093262	19.502580642700195	3.5555672645568848	0.4832402765750885	0.03302876278758049	0.25903573632240295	0.05023211985826492	0.40542206168174744	0.024944793432950974	0.7089560031890869	0.08084630966186523	12.0	/mnt/bn/seed-aws-va/shwai.he/demystifying-transformers-main/focused-compression-analysis/outputs/layerwise_para_perp/Qwen3-4B__wanda_4_8_l26
wanda_4_8	wanda_4_8_l26	26	mlp_out	26	-0.28329941630363464	0.044279396533966064	10.778803825378418	3.2791404724121094	13.965170860290527	2.6159744262695312	37.251007080078125	5.993751049041748	17.68068504333496	4.024684906005859	0.4698510468006134	0.03565957769751549	0.28329941630363464	0.0442793145775795	0.3735029697418213	0.01754758134484291	0.6374998092651367	0.06457323580980301	12.0	/mnt/bn/seed-aws-va/shwai.he/demystifying-transformers-main/focused-compression-analysis/outputs/layerwise_para_perp/Qwen3-4B__wanda_4_8_l26
wanda_4_8	wanda_4_8_l27	27	attn_out	27	-0.11582300066947937	0.12847313284873962	2.1083500385284424	2.0899481773376465	8.266613006591797	1.939082384109497	15.214396476745605	4.473259925842285	8.800506591796875	1.8603861331939697	0.5938447713851929	0.07824297249317169	0.13029803335666656	0.113766148686409	0.5626144409179688	0.11098776012659073	0.8978317379951477	0.16961555182933807	12.0	/mnt/bn/seed-aws-va/shwai.he/demystifying-transformers-main/focused-compression-analysis/outputs/layerwise_para_perp/Qwen3-4B__wanda_4_8_l27
wanda_4_8	wanda_4_8_l27	27	block_out	27	-0.2666263282299042	0.038214344531297684	11.757699012756348	2.5938735008239746	18.07755470275879	2.281818389892578	43.71475601196289	4.607255935668945	21.626768112182617	3.042896032333374	0.4937939941883087	0.03491979092359543	0.2666263282299042	0.038214344531297684	0.41383054852485657	0.03530238941311836	0.7039904594421387	0.06644640117883682	12.0	/mnt/bn/seed-aws-va/shwai.he/demystifying-transformers-main/focused-compression-analysis/outputs/layerwise_para_perp/Qwen3-4B__wanda_4_8_l27
wanda_4_8	wanda_4_8_l27	27	mlp_out	27	-0.2758070230484009	0.030624568462371826	11.39926528930664	2.9096713066101074	15.736583709716797	2.762028217315674	40.744171142578125	6.577503204345703	19.457426071166992	3.884183883666992	0.4753524959087372	0.03059803880751133	0.2758070230484009	0.030624812468886375	0.3863315284252167	0.025234919041395187	0.6622962951660156	0.049901530146598816	12.0	/mnt/bn/seed-aws-va/shwai.he/demystifying-transformers-main/focused-compression-analysis/outputs/layerwise_para_perp/Qwen3-4B__wanda_4_8_l27
wanda_4_8	wanda_4_8_l28	28	attn_out	28	-0.20910508930683136	0.08763600885868073	3.6990280151367188	2.0006394386291504	10.201712608337402	1.7343133687973022	17.34990119934082	2.7296555042266846	10.97042465209961	2.101889133453369	0.6297993659973145	0.035375967621803284	0.20910511910915375	0.08763598650693893	0.5873436331748962	0.039002180099487305	0.8750893473625183	0.0992172583937645	12.0	/mnt/bn/seed-aws-va/shwai.he/demystifying-transformers-main/focused-compression-analysis/outputs/layerwise_para_perp/Qwen3-4B__wanda_4_8_l28
wanda_4_8	wanda_4_8_l28	28	block_out	28	-0.2659788727760315	0.03568808734416962	13.869709968566895	3.752650022506714	20.922922134399414	3.7218711376190186	51.33621597290039	8.466876029968262	25.14301109313965	5.089320659637451	0.48808881640434265	0.04015445336699486	0.2659788727760315	0.03568808734416962	0.40822455286979675	0.03431326895952225	0.7013781666755676	0.05280129984021187	12.0	/mnt/bn/seed-aws-va/shwai.he/demystifying-transformers-main/focused-compression-analysis/outputs/layerwise_para_perp/Qwen3-4B__wanda_4_8_l28
wanda_4_8	wanda_4_8_l28	28	mlp_out	28	-0.26276615262031555	0.03773542493581772	12.91164779663086	3.87945294380188	18.257558822631836	3.6764473915100098	48.13186264038086	8.781499862670898	22.400182723999023	5.181442737579346	0.46282708644866943	0.042968057096004486	0.26276615262031555	0.03773542493581772	0.3798961937427521	0.03555348888039589	0.6760964393615723	0.057760804891586304	12.0	/mnt/bn/seed-aws-va/shwai.he/demystifying-transformers-main/focused-compression-analysis/outputs/layerwise_para_perp/Qwen3-4B__wanda_4_8_l28
wanda_4_8	wanda_4_8_l29	29	attn_out	29	-0.009772070683538914	0.2871173918247223	3.683367967605591	2.3478503227233887	11.81076717376709	4.133207321166992	15.996867179870605	6.065427780151367	12.70881175994873	3.760761260986328	0.8517277240753174	0.30112913250923157	0.24975933134555817	0.1419582962989807	0.7957949042320251	0.31669771671295166	0.8575155138969421	0.17222939431667328	12.0	/mnt/bn/seed-aws-va/shwai.he/demystifying-transformers-main/focused-compression-analysis/outputs/layerwise_para_perp/Qwen3-4B__wanda_4_8_l29
wanda_4_8	wanda_4_8_l29	29	block_out	29	-0.2363055944442749	0.03565691411495209	12.25400161743164	2.555266857147217	22.025434494018555	4.850043296813965	51.79378890991211	6.724797248840332	25.307355880737305	4.987025260925293	0.4871578514575958	0.06508007645606995	0.2363055944442749	0.03565691411495209	0.423796147108078	0.06959357112646103	0.7532363533973694	0.07322672009468079	12.0	/mnt/bn/seed-aws-va/shwai.he/demystifying-transformers-main/focused-compression-analysis/outputs/layerwise_para_perp/Qwen3-4B__wanda_4_8_l29
wanda_4_8	wanda_4_8_l29	29	mlp_out	29	-0.25498974323272705	0.03561881184577942	12.6227388381958	3.1271770000457764	17.924850463867188	3.8158724308013916	48.9538459777832	7.520463466644287	21.94352912902832	4.843079090118408	0.44512179493904114	0.049520693719387054	0.25498974323272705	0.03561881184577942	0.36432042717933655	0.03959653154015541	0.6716907620429993	0.042242325842380524	12.0	/mnt/bn/seed-aws-va/shwai.he/demystifying-transformers-main/focused-compression-analysis/outputs/layerwise_para_perp/Qwen3-4B__wanda_4_8_l29
wanda_4_8	wanda_4_8_l3	3	attn_out	3	-0.18029139935970306	0.02002241462469101	0.634547770023346	0.1366693675518036	0.9359207153320312	0.11641975492238998	3.509312868118286	0.6009883284568787	1.1335277557373047	0.16107547283172607	0.32488784193992615	0.019589338451623917	0.18029136955738068	0.02002250775694847	0.26931706070899963	0.0223225187510252	0.6878609657287598	0.064659483730793	12.0	/mnt/bn/seed-aws-va/shwai.he/demystifying-transformers-main/focused-compression-analysis/outputs/layerwise_para_perp/Qwen3-4B__wanda_4_8_l3
wanda_4_8	wanda_4_8_l3	3	block_out	3	-0.26455196738243103	0.04802555590867996	1.873633861541748	1.2056529521942139	1.668716549873352	0.4093163013458252	7.176808834075928	4.843797206878662	2.55117130279541	1.1865003108978271	0.3839140236377716	0.06095661595463753	0.26455196738243103	0.048025477677583694	0.2728293538093567	0.06614842265844345	0.5080645680427551	0.14791648089885712	12.0	/mnt/bn/seed-aws-va/shwai.he/demystifying-transformers-main/focused-compression-analysis/outputs/layerwise_para_perp/Qwen3-4B__wanda_4_8_l3
wanda_4_8	wanda_4_8_l3	3	mlp_out	3	-0.31056469678878784	0.0658123716711998	1.8163906335830688	1.2110871076583862	1.321976900100708	0.4255523085594177	6.195565700531006	5.021823406219482	2.2783918380737305	1.226236343383789	0.4108982980251312	0.07713395357131958	0.31056469678878784	0.0658123716711998	0.2628842294216156	0.06998042017221451	0.41607293486595154	0.14247530698776245	12.0	/mnt/bn/seed-aws-va/shwai.he/demystifying-transformers-main/focused-compression-analysis/outputs/layerwise_para_perp/Qwen3-4B__wanda_4_8_l3
wanda_4_8	wanda_4_8_l30	30	attn_out	30	-0.20362944900989532	0.09761890023946762	5.657815456390381	3.523636817932129	13.10891342163086	2.958937406539917	27.031532287597656	7.105592250823975	14.55366039276123	3.6354870796203613	0.5414290428161621	0.04604397714138031	0.20362943410873413	0.09761891514062881	0.49107417464256287	0.055831924080848694	0.8267253041267395	0.12488359957933426	12.0	/mnt/bn/seed-aws-va/shwai.he/demystifying-transformers-main/focused-compression-analysis/outputs/layerwise_para_perp/Qwen3-4B__wanda_4_8_l30
wanda_4_8	wanda_4_8_l30	30	block_out	30	-0.2689591348171234	0.028751252219080925	18.16200065612793	2.894375801086426	24.5821475982666	4.2745513916015625	67.50605773925781	7.348269939422607	30.596771240234375	4.962567329406738	0.4524315595626831	0.04454696923494339	0.2689591348171234	0.028751380741596222	0.36319470405578613	0.04003385081887245	0.6443540453910828	0.0460595078766346	12.0	/mnt/bn/seed-aws-va/shwai.he/demystifying-transformers-main/focused-compression-analysis/outputs/layerwise_para_perp/Qwen3-4B__wanda_4_8_l30
wanda_4_8	wanda_4_8_l30	30	mlp_out	30	-0.2835899591445923	0.04412170499563217	16.85904312133789	3.7862343788146973	20.406368255615234	3.9442641735076904	59.12934494018555	6.684651851654053	26.530885696411133	5.162567138671875	0.4463235139846802	0.05099106580018997	0.2835899889469147	0.04412153735756874	0.343351274728775	0.0393022820353508	0.595195472240448	0.066963329911232	12.0	/mnt/bn/seed-aws-va/shwai.he/demystifying-transformers-main/focused-compression-analysis/outputs/layerwise_para_perp/Qwen3-4B__wanda_4_8_l30
wanda_4_8	wanda_4_8_l31	31	attn_out	31	-0.2223793864250183	0.08472292870283127	7.525121212005615	3.083232879638672	16.345827102661133	2.7734594345092773	33.54866409301758	5.896807670593262	18.287633895874023	2.564053773880005	0.5509652495384216	0.05992620438337326	0.2223793864250183	0.08472290635108948	0.493762344121933	0.08198809623718262	0.8062496185302734	0.14604955911636353	12.0	/mnt/bn/seed-aws-va/shwai.he/demystifying-transformers-main/focused-compression-analysis/outputs/layerwise_para_perp/Qwen3-4B__wanda_4_8_l31
wanda_4_8	wanda_4_8_l31	31	block_out	31	-0.2565135657787323	0.0325496532022953	19.082250595092773	2.63739275932312	27.80790138244629	4.889476776123047	74.56813049316406	7.059042453765869	33.87803649902344	4.533565998077393	0.45322108268737793	0.028968239203095436	0.2565135657787323	0.0325496532022953	0.3710847795009613	0.04105992242693901	0.6716811060905457	0.0933830738067627	12.0	/mnt/bn/seed-aws-va/shwai.he/demystifying-transformers-main/focused-compression-analysis/outputs/layerwise_para_perp/Qwen3-4B__wanda_4_8_l31
wanda_4_8	wanda_4_8_l31	31	mlp_out	31	-0.26344481110572815	0.025316422805190086	17.00821304321289	2.7359650135040283	22.72797203063965	4.920473575592041	64.48601531982422	7.8522114753723145	28.469465255737305	5.198671340942383	0.4391283094882965	0.03607916086912155	0.26344481110572815	0.025316128507256508	0.3496544361114502	0.04281441122293472	0.6335392594337463	0.07692773640155792	12.0	/mnt/bn/seed-aws-va/shwai.he/demystifying-transformers-main/focused-compression-analysis/outputs/layerwise_para_perp/Qwen3-4B__wanda_4_8_l31
wanda_4_8	wanda_4_8_l32	32	attn_out	32	-0.24367952346801758	0.07672801613807678	12.480560302734375	4.786834716796875	20.121726989746094	4.315701007843018	50.74318313598633	11.684596061706543	24.086957931518555	4.691033840179443	0.48068201541900635	0.0329555943608284	0.24367952346801758	0.07672801613807678	0.4043249189853668	0.0582730732858181	0.7174450755119324	0.1649993360042572	12.0	/mnt/bn/seed-aws-va/shwai.he/demystifying-transformers-main/focused-compression-analysis/outputs/layerwise_para_perp/Qwen3-4B__wanda_4_8_l32
wanda_4_8	wanda_4_8_l32	32	block_out	32	-0.23969489336013794	0.029167717322707176	22.435142517089844	4.347717761993408	33.663822174072266	6.453853130340576	93.04443359375	10.82694149017334	40.55453109741211	7.243851661682129	0.43341556191444397	0.033759668469429016	0.23969489336013794	0.029167717322707176	0.3597583770751953	0.0354720875620842	0.6897695064544678	0.06698402017354965	12.0	/mnt/bn/seed-aws-va/shwai.he/demystifying-transformers-main/focused-compression-analysis/outputs/layerwise_para_perp/Qwen3-4B__wanda_4_8_l32
wanda_4_8	wanda_4_8_l32	32	mlp_out	32	-0.24418789148330688	0.03011823631823063	18.751243591308594	4.5493879318237305	26.712949752807617	5.740996837615967	75.88117218017578	10.376106262207031	32.65256118774414	7.256521701812744	0.42595919966697693	0.041046857833862305	0.24418789148330688	0.03011823631823063	0.3487662971019745	0.030875464901328087	0.6719529032707214	0.029321279376745224	12.0	/mnt/bn/seed-aws-va/shwai.he/demystifying-transformers-main/focused-compression-analysis/outputs/layerwise_para_perp/Qwen3-4B__wanda_4_8_l32
wanda_4_8	wanda_4_8_l33	33	attn_out	33	-0.22713540494441986	0.13129888474941254	13.547935485839844	10.282815933227539	27.778688430786133	5.90047550201416	53.45046615600586	14.546245574951172	31.989784240722656	8.509272575378418	0.6013669967651367	0.07186676561832428	0.22713540494441986	0.13129885494709015	0.5357682108879089	0.10454479604959488	0.8032609820365906	0.19853587448596954	12.0	/mnt/bn/seed-aws-va/shwai.he/demystifying-transformers-main/focused-compression-analysis/outputs/layerwise_para_perp/Qwen3-4B__wanda_4_8_l33
wanda_4_8	wanda_4_8_l33	33	block_out	33	-0.2485215663909912	0.03550121933221817	31.18153953552246	7.2656965255737305	45.72904586791992	7.539706230163574	124.4160385131836	18.083032608032227	55.46641159057617	9.825913429260254	0.4440770447254181	0.030003482475876808	0.2485215812921524	0.03550111502408981	0.3668670654296875	0.022133134305477142	0.6857481002807617	0.05998038873076439	12.0	/mnt/bn/seed-aws-va/shwai.he/demystifying-transformers-main/focused-compression-analysis/outputs/layerwise_para_perp/Qwen3-4B__wanda_4_8_l33
wanda_4_8	wanda_4_8_l33	33	mlp_out	33	-0.23976516723632812	0.02504941076040268	25.291494369506836	6.048050880432129	35.32767868041992	6.9592671394348145	104.89154815673828	19.515968322753906	43.49156188964844	9.01103401184082	0.41351118683815	0.02191765606403351	0.23976516723632812	0.02504948526620865	0.3363407552242279	0.015230687335133553	0.6635714173316956	0.044137828052043915	12.0	/mnt/bn/seed-aws-va/shwai.he/demystifying-transformers-main/focused-compression-analysis/outputs/layerwise_para_perp/Qwen3-4B__wanda_4_8_l33
wanda_4_8	wanda_4_8_l34	34	attn_out	34	-0.2859284579753876	0.0367908850312233	30.34320068359375	5.648934364318848	35.19642639160156	6.335354804992676	106.57508087158203	16.721145629882812	46.574710845947266	7.895682334899902	0.43721237778663635	0.026362383738160133	0.2859284579753876	0.0367908850312233	0.32935646176338196	0.01628826931118965	0.5724220275878906	0.06857114285230637	12.0	/mnt/bn/seed-aws-va/shwai.he/demystifying-transformers-main/focused-compression-analysis/outputs/layerwise_para_perp/Qwen3-4B__wanda_4_8_l34
wanda_4_8	wanda_4_8_l34	34	block_out	34	-0.2859154939651489	0.02184990420937538	57.46834182739258	5.154426574707031	52.04386901855469	6.242202281951904	201.9527587890625	20.833885192871094	77.6677017211914	6.666072368621826	0.3858313262462616	0.018622824922204018	0.2859154939651489	0.02185007371008396	0.25803154706954956	0.020180774852633476	0.4496093988418579	0.05950874462723732	12.0	/mnt/bn/seed-aws-va/shwai.he/demystifying-transformers-main/focused-compression-analysis/outputs/layerwise_para_perp/Qwen3-4B__wanda_4_8_l34
wanda_4_8	wanda_4_8_l34	34	mlp_out	34	-0.2694930136203766	0.016413351520895958	39.5158805847168	4.4584808349609375	38.26906967163086	4.434899806976318	146.5600128173828	13.341517448425293	55.12125015258789	5.217369556427002	0.3762625753879547	0.013730061240494251	0.2694930136203766	0.016413578763604164	0.2614653408527374	0.022405972704291344	0.48423323035240173	0.06424378603696823	12.0	/mnt/bn/seed-aws-va/shwai.he/demystifying-transformers-main/focused-compression-analysis/outputs/layerwise_para_perp/Qwen3-4B__wanda_4_8_l34
wanda_4_8	wanda_4_8_l35	35	attn_out	35	-0.29000359773635864	0.031238673254847527	31.944780349731445	8.695049285888672	31.2105770111084	4.9665632247924805	108.55734252929688	18.180034637451172	44.92530822753906	8.749671936035156	0.41247856616973877	0.029261503368616104	0.29000359773635864	0.031238554045557976	0.2901251018047333	0.04176472872495651	0.49836575984954834	0.10080073773860931	12.0	/mnt/bn/seed-aws-va/shwai.he/demystifying-transformers-main/focused-compression-analysis/outputs/layerwise_para_perp/Qwen3-4B__wanda_4_8_l35
wanda_4_8	wanda_4_8_l35	35	block_out	35	-0.7112174034118652	0.03805619105696678	359.0425109863281	40.4788703918457	215.65362548828125	21.080482482910156	503.9115905761719	39.6121826171875	419.1230163574219	42.85823440551758	0.8306839466094971	0.0361921489238739	0.7112174034118652	0.03805619105696678	0.4281124174594879	0.028053341433405876	0.2669263780117035	0.0315714031457901	12.0	/mnt/bn/seed-aws-va/shwai.he/demystifying-transformers-main/focused-compression-analysis/outputs/layerwise_para_perp/Qwen3-4B__wanda_4_8_l35
wanda_4_8	wanda_4_8_l35	35	mlp_out	35	-0.11266643553972244	0.01319930236786604	34.670318603515625	5.653000831604004	39.498104095458984	7.240286827087402	306.6493225097656	29.164939880371094	53.11320114135742	5.049437999725342	0.17434658110141754	0.019251536577939987	0.11266643553972244	0.013199266977608204	0.1304701417684555	0.029613343998789787	0.5567987561225891	0.13890904188156128	12.0	/mnt/bn/seed-aws-va/shwai.he/demystifying-transformers-main/focused-compression-analysis/outputs/layerwise_para_perp/Qwen3-4B__wanda_4_8_l35
wanda_4_8	wanda_4_8_l4	4	attn_out	4	-0.23449991643428802	0.024453550577163696	0.7654744982719421	0.2403414100408554	1.1004019975662231	0.24416063725948334	3.258254289627075	0.9587516188621521	1.3449949026107788	0.3243499994277954	0.41929516196250916	0.032833281904459	0.23449991643428802	0.024453550577163696	0.34583744406700134	0.04116738587617874	0.6792157292366028	0.07791299372911453	12.0	/mnt/bn/seed-aws-va/shwai.he/demystifying-transformers-main/focused-compression-analysis/outputs/layerwise_para_perp/Qwen3-4B__wanda_4_8_l4
wanda_4_8	wanda_4_8_l4	4	block_out	4	-0.26434794068336487	0.032051071524620056	2.461202383041382	0.5322265625	2.4143879413604736	0.7485655546188354	9.3059663772583	1.5761706829071045	3.460252523422241	0.8700881600379944	0.36988723278045654	0.04931958019733429	0.2643478810787201	0.032051652669906616	0.25691840052604675	0.04832003265619278	0.4807334840297699	0.08349315077066422	12.0	/mnt/bn/seed-aws-va/shwai.he/demystifying-transformers-main/focused-compression-analysis/outputs/layerwise_para_perp/Qwen3-4B__wanda_4_8_l4
wanda_4_8	wanda_4_8_l4	4	mlp_out	4	-0.2585306465625763	0.0342390350997448	2.2732317447662354	0.6214936375617981	2.2175240516662598	0.7534032464027405	8.74682903289795	1.7499237060546875	3.187040090560913	0.9389581084251404	0.3616996705532074	0.05490409955382347	0.2585306167602539	0.03423936292529106	0.2511993944644928	0.052245307713747025	0.4792795181274414	0.08470553904771805	12.0	/mnt/bn/seed-aws-va/shwai.he/demystifying-transformers-main/focused-compression-analysis/outputs/layerwise_para_perp/Qwen3-4B__wanda_4_8_l4
wanda_4_8	wanda_4_8_l5	5	attn_out	5	-0.19447369873523712	0.025722607970237732	1.0080411434173584	0.2770848870277405	1.4774891138076782	0.20223334431648254	5.110348224639893	0.6731980443000793	1.7936135530471802	0.31582435965538025	0.3495666980743408	0.019998306408524513	0.19447369873523712	0.025722607970237732	0.28942808508872986	0.01861482299864292	0.6881725192070007	0.063390351831913	12.0	/mnt/bn/seed-aws-va/shwai.he/demystifying-transformers-main/focused-compression-analysis/outputs/layerwise_para_perp/Qwen3-4B__wanda_4_8_l5
wanda_4_8	wanda_4_8_l5	5	block_out	5	-0.21582449972629547	0.03677498549222946	2.6105079650878906	1.3879554271697998	3.1363680362701416	1.2843300104141235	11.57024097442627	3.96524977684021	4.091119289398193	1.8682132959365845	0.34361910820007324	0.040293652564287186	0.21582449972629547	0.03677508607506752	0.2664966583251953	0.02728728950023651	0.6064311861991882	0.059006065130233765	12.0	/mnt/bn/seed-aws-va/shwai.he/demystifying-transformers-main/focused-compression-analysis/outputs/layerwise_para_perp/Qwen3-4B__wanda_4_8_l5
wanda_4_8	wanda_4_8_l5	5	mlp_out	5	-0.23597745597362518	0.03647349774837494	2.4841229915618896	1.3685380220413208	2.828700304031372	1.309830665588379	10.169266700744629	4.168041229248047	3.774902582168579	1.8737854957580566	0.3623974025249481	0.043206509202718735	0.2359774112701416	0.03647390753030777	0.27398383617401123	0.03340446949005127	0.5747912526130676	0.06465556472539902	12.0	/mnt/bn/seed-aws-va/shwai.he/demystifying-transformers-main/focused-compression-analysis/outputs/layerwise_para_perp/Qwen3-4B__wanda_4_8_l5
wanda_4_8	wanda_4_8_l6	6	attn_out	6	-0.18487627804279327	0.023870443925261497	1.3171331882476807	0.3185020089149475	2.1282191276550293	0.1456453800201416	7.0615553855896	0.9513904452323914	2.5154688358306885	0.2433728128671646	0.3582904040813446	0.025850964710116386	0.18487627804279327	0.023870443925261497	0.30513450503349304	0.034411706030368805	0.7248939871788025	0.08660008758306503	12.0	/mnt/bn/seed-aws-va/shwai.he/demystifying-transformers-main/focused-compression-analysis/outputs/layerwise_para_perp/Qwen3-4B__wanda_4_8_l6
wanda_4_8	wanda_4_8_l6	6	block_out	6	-0.2277928590774536	0.02731376141309738	2.813926935195923	0.753463089466095	3.8519747257232666	0.9917399883270264	12.216097831726074	2.1704835891723633	4.775350093841553	1.2260429859161377	0.386872798204422	0.03378592059016228	0.2277928590774536	0.02731376141309738	0.31215837597846985	0.02708462066948414	0.6529262661933899	0.04620099440217018	12.0	/mnt/bn/seed-aws-va/shwai.he/demystifying-transformers-main/focused-compression-analysis/outputs/layerwise_para_perp/Qwen3-4B__wanda_4_8_l6
wanda_4_8	wanda_4_8_l6	6	mlp_out	6	-0.26349377632141113	0.02555733732879162	2.755523681640625	0.7645561099052429	3.3908064365386963	1.0643088817596436	10.402653694152832	2.5103909969329834	4.374234676361084	1.2937731742858887	0.4162491261959076	0.027803372591733932	0.26349377632141113	0.02555733732879162	0.32161128520965576	0.02281196601688862	0.5986753702163696	0.04695599153637886	12.0	/mnt/bn/seed-aws-va/shwai.he/demystifying-transformers-main/focused-compression-analysis/outputs/layerwise_para_perp/Qwen3-4B__wanda_4_8_l6
wanda_4_8	wanda_4_8_l7	7	attn_out	7	-0.1992323398590088	0.035593073815107346	1.2036123275756836	0.2645993232727051	2.339261293411255	0.4396982789039612	6.1397786140441895	1.432727336883545	2.6391513347625732	0.4680333137512207	0.434893935918808	0.025244660675525665	0.1992323398590088	0.03559302166104317	0.38505664467811584	0.02325879968702793	0.7865324020385742	0.06533943861722946	12.0	/mnt/bn/seed-aws-va/shwai.he/demystifying-transformers-main/focused-compression-analysis/outputs/layerwise_para_perp/Qwen3-4B__wanda_4_8_l7
wanda_4_8	wanda_4_8_l7	7	block_out	7	-0.2795707881450653	0.03875045105814934	3.4111859798431396	1.2010269165039062	4.365620136260986	1.22571861743927	12.126053810119629	3.690196990966797	5.557245254516602	1.6603314876556396	0.4591991603374481	0.020237550139427185	0.2795707881450653	0.03875045105814934	0.36243459582328796	0.015911338850855827	0.6276983618736267	0.07634753733873367	12.0	/mnt/bn/seed-aws-va/shwai.he/demystifying-transformers-main/focused-compression-analysis/outputs/layerwise_para_perp/Qwen3-4B__wanda_4_8_l7
wanda_4_8	wanda_4_8_l7	7	mlp_out	7	-0.31385546922683716	0.04322228580713272	3.4086196422576904	1.3194725513458252	3.913043975830078	1.2284600734710693	10.795517921447754	3.672422409057617	5.210711479187012	1.7404628992080688	0.4839348793029785	0.019849473610520363	0.31385546922683716	0.043222200125455856	0.3658330738544464	0.019485419616103172	0.5774757266044617	0.08660198003053665	12.0	/mnt/bn/seed-aws-va/shwai.he/demystifying-transformers-main/focused-compression-analysis/outputs/layerwise_para_perp/Qwen3-4B__wanda_4_8_l7
wanda_4_8	wanda_4_8_l8	8	attn_out	8	-0.21287167072296143	0.04836083948612213	1.8327609300613403	0.43713608384132385	3.079155683517456	0.4340488016605377	8.661674499511719	1.2960864305496216	3.599869728088379	0.5105246305465698	0.41681551933288574	0.031384892761707306	0.21287167072296143	0.048360876739025116	0.3561069071292877	0.015966031700372696	0.7376441359519958	0.0840095654129982	12.0	/mnt/bn/seed-aws-va/shwai.he/demystifying-transformers-main/focused-compression-analysis/outputs/layerwise_para_perp/Qwen3-4B__wanda_4_8_l8
wanda_4_8	wanda_4_8_l8	8	block_out	8	-0.2688133120536804	0.030204448848962784	4.396156311035156	0.7778318524360657	6.021910190582275	1.3199093341827393	16.51900291442871	3.35119366645813	7.478139877319336	1.4192259311676025	0.45387816429138184	0.018306070938706398	0.2688133120536804	0.030204448848962784	0.3642713725566864	0.021770307794213295	0.646541178226471	0.0680631473660469	12.0	/mnt/bn/seed-aws-va/shwai.he/demystifying-transformers-main/focused-compression-analysis/outputs/layerwise_para_perp/Qwen3-4B__wanda_4_8_l8
wanda_4_8	wanda_4_8_l8	8	mlp_out	8	-0.2948722541332245	0.0412590429186821	4.30378532409668	0.7236308455467224	5.486816883087158	1.4020662307739258	14.937820434570312	3.609757661819458	7.004438877105713	1.4335259199142456	0.4727339446544647	0.02635079249739647	0.2948722541332245	0.041258953511714935	0.3672737181186676	0.025096064433455467	0.6082957983016968	0.08262672275304794	12.0	/mnt/bn/seed-aws-va/shwai.he/demystifying-transformers-main/focused-compression-analysis/outputs/layerwise_para_perp/Qwen3-4B__wanda_4_8_l8
wanda_4_8	wanda_4_8_l9	9	attn_out	9	-0.20913667976856232	0.021179286763072014	1.6482700109481812	0.30546313524246216	3.2329330444335938	0.3946569263935089	7.911172389984131	1.3670480251312256	3.633303642272949	0.4656360149383545	0.4630526602268219	0.026493195444345474	0.20913666486740112	0.021179374307394028	0.41249892115592957	0.027885252609848976	0.7935976386070251	0.040647029876708984	12.0	/mnt/bn/seed-aws-va/shwai.he/demystifying-transformers-main/focused-compression-analysis/outputs/layerwise_para_perp/Qwen3-4B__wanda_4_8_l9
wanda_4_8	wanda_4_8_l9	9	block_out	9	-0.23019559681415558	0.022519491612911224	3.7490406036376953	1.1536126136779785	6.171579360961914	1.5479375123977661	16.35334014892578	5.08793830871582	7.228511810302734	1.9024330377578735	0.4466972351074219	0.020752670243382454	0.23019559681415558	0.022519491612911224	0.3822898864746094	0.01806640625	0.7334207892417908	0.03949875384569168	12.0	/mnt/bn/seed-aws-va/shwai.he/demystifying-transformers-main/focused-compression-analysis/outputs/layerwise_para_perp/Qwen3-4B__wanda_4_8_l9
wanda_4_8	wanda_4_8_l9	9	mlp_out	9	-0.24304842948913574	0.021217772737145424	3.751861810684204	1.0871543884277344	5.899160385131836	1.5393016338348389	15.593493461608887	5.000027656555176	6.9970574378967285	1.8625502586364746	0.45424044132232666	0.02225131168961525	0.24304842948913574	0.021217772737145424	0.3833373486995697	0.018954340368509293	0.7130370140075684	0.03551134467124939	12.0	/mnt/bn/seed-aws-va/shwai.he/demystifying-transformers-main/focused-compression-analysis/outputs/layerwise_para_perp/Qwen3-4B__wanda_4_8_l9
wanda_unstructured	wanda_unstructured_l0	0	attn_out	0	-0.07686346769332886	0.006646038964390755	0.29565998911857605	0.04362199455499649	0.38440659642219543	0.046455252915620804	3.8522732257843018	0.5188212990760803	0.48819494247436523	0.03016495518386364	0.12969255447387695	0.02332249842584133	0.07686346769332886	0.00664607435464859	0.10328960418701172	0.027261627838015556	0.6219710111618042	0.10531718283891678	12.0	/mnt/bn/seed-aws-va/shwai.he/demystifying-transformers-main/focused-compression-analysis/outputs/layerwise_para_perp/Qwen3-4B__wanda_unstructured_l0
wanda_unstructured	wanda_unstructured_l0	0	block_out	0	-0.11874369531869888	0.017571289092302322	0.9416643977165222	0.2825680673122406	0.9038811326026917	0.47625258564949036	7.808135509490967	1.257848858833313	1.3135510683059692	0.5338327884674072	0.16326531767845154	0.036422163248062134	0.11874371767044067	0.017571182921528816	0.11066590994596481	0.03641949221491814	0.44776758551597595	0.10193382948637009	12.0	/mnt/bn/seed-aws-va/shwai.he/demystifying-transformers-main/focused-compression-analysis/outputs/layerwise_para_perp/Qwen3-4B__wanda_unstructured_l0
wanda_unstructured	wanda_unstructured_l0	0	mlp_out	0	-0.15908603370189667	0.01664789207279682	0.7917966246604919	0.33429038524627686	0.7749569416046143	0.47342997789382935	4.924187183380127	1.8690681457519531	1.1156668663024902	0.5645112991333008	0.21910090744495392	0.025218378752470016	0.15908603370189667	0.01664789207279682	0.14862315356731415	0.031093653291463852	0.46024981141090393	0.10920879989862442	12.0	/mnt/bn/seed-aws-va/shwai.he/demystifying-transformers-main/focused-compression-analysis/outputs/layerwise_para_perp/Qwen3-4B__wanda_unstructured_l0
wanda_unstructured	wanda_unstructured_l1	1	attn_out	1	-0.10010624676942825	0.018067695200443268	0.25467243790626526	0.03622167930006981	0.4830685555934906	0.044524215161800385	2.587146520614624	0.3294939696788788	0.5467322468757629	0.05090727284550667	0.2136658877134323	0.025466658174991608	0.10010624676942825	0.018067695200443268	0.1885010451078415	0.020525969564914703	0.7815105319023132	0.04004278406500816	12.0	/mnt/bn/seed-aws-va/shwai.he/demystifying-transformers-main/focused-compression-analysis/outputs/layerwise_para_perp/Qwen3-4B__wanda_unstructured_l1
wanda_unstructured	wanda_unstructured_l1	1	block_out	1	-0.1301555335521698	0.016920559108257294	0.4440038204193115	0.1465071141719818	0.6239925026893616	0.1663731038570404	3.4068033695220947	0.914424479007721	0.7675280570983887	0.21575692296028137	0.22539500892162323	0.015619157813489437	0.1301555335521698	0.016920503228902817	0.18347550928592682	0.012523367069661617	0.66524738073349	0.05859018862247467	12.0	/mnt/bn/seed-aws-va/shwai.he/demystifying-transformers-main/focused-compression-analysis/outputs/layerwise_para_perp/Qwen3-4B__wanda_unstructured_l1
wanda_unstructured	wanda_unstructured_l1	1	mlp_out	1	-0.17230224609375	0.02678709849715233	0.3714818060398102	0.17962367832660675	0.36902013421058655	0.19838374853134155	2.155550956726074	0.9247154593467712	0.5288348197937012	0.25715577602386475	0.24258895218372345	0.01983407884836197	0.17230224609375	0.02678709849715233	0.16744977235794067	0.02824447676539421	0.4836740493774414	0.1348423957824707	12.0	/mnt/bn/seed-aws-va/shwai.he/demystifying-transformers-main/focused-compression-analysis/outputs/layerwise_para_perp/Qwen3-4B__wanda_unstructured_l1
wanda_unstructured	wanda_unstructured_l10	10	attn_out	10	-0.14374394714832306	0.018776968121528625	1.3856033086776733	0.2632777988910675	2.9697206020355225	0.4378170371055603	9.636845588684082	1.359122395515442	3.283182382583618	0.46994680166244507	0.3407615125179291	0.009467731229960918	0.14374396204948425	0.018776867538690567	0.3082619607448578	0.012950388714671135	0.8189863562583923	0.04804176464676857	12.0	/mnt/bn/seed-aws-va/shwai.he/demystifying-transformers-main/focused-compression-analysis/outputs/layerwise_para_perp/Qwen3-4B__wanda_unstructured_l10
wanda_unstructured	wanda_unstructured_l10	10	block_out	10	-0.16889238357543945	0.01930023916065693	2.7622601985931396	0.5539218783378601	5.32748556137085	0.966162383556366	16.548221588134766	3.941051959991455	6.006998062133789	1.080950140953064	0.367451548576355	0.02305966056883335	0.16889238357543945	0.01930028758943081	0.32593631744384766	0.0205121710896492	0.7876550555229187	0.03597410395741463	12.0	/mnt/bn/seed-aws-va/shwai.he/demystifying-transformers-main/focused-compression-analysis/outputs/layerwise_para_perp/Qwen3-4B__wanda_unstructured_l10
wanda_unstructured	wanda_unstructured_l10	10	mlp_out	10	-0.19017142057418823	0.026218488812446594	2.8308773040771484	0.4896854758262634	5.116942882537842	0.944195032119751	15.17504596710205	3.5631487369537354	5.855886936187744	1.01826012134552	0.39095011353492737	0.027247395366430283	0.19017142057418823	0.026218488812446594	0.3410133421421051	0.02101702056825161	0.7629578709602356	0.04308442398905754	12.0	/mnt/bn/seed-aws-va/shwai.he/demystifying-transformers-main/focused-compression-analysis/outputs/layerwise_para_perp/Qwen3-4B__wanda_unstructured_l10
wanda_unstructured	wanda_unstructured_l11	11	attn_out	11	-0.1510739028453827	0.02217206545174122	1.323696255683899	0.31297457218170166	2.6013429164886475	0.22588905692100525	8.743943214416504	1.4012089967727661	2.9274532794952393	0.3132939636707306	0.3382132947444916	0.02679547667503357	0.1510739028453827	0.022172022610902786	0.30154529213905334	0.02935556322336197	0.7947206497192383	0.059425052255392075	12.0	/mnt/bn/seed-aws-va/shwai.he/demystifying-transformers-main/focused-compression-analysis/outputs/layerwise_para_perp/Qwen3-4B__wanda_unstructured_l11
wanda_unstructured	wanda_unstructured_l11	11	block_out	11	-0.15467412769794464	0.007698418106883764	2.397812843322754	0.4584469497203827	5.2015485763549805	1.2776654958724976	15.577537536621094	3.3646488189697266	5.730693817138672	1.3443843126296997	0.36736467480659485	0.0189208984375	0.15467412769794464	0.007698539178818464	0.33299878239631653	0.0210538562387228	0.8209417462348938	0.025280050933361053	12.0	/mnt/bn/seed-aws-va/shwai.he/demystifying-transformers-main/focused-compression-analysis/outputs/layerwise_para_perp/Qwen3-4B__wanda_unstructured_l11
wanda_unstructured	wanda_unstructured_l11	11	mlp_out	11	-0.16724556684494019	0.013025108724832535	2.382643461227417	0.4049791991710663	4.955860614776611	1.2651313543319702	14.45043659210205	3.5118751525878906	5.502918243408203	1.3114895820617676	0.38137856125831604	0.01380906067788601	0.16724556684494019	0.013025108724832535	0.3424883186817169	0.014188803732395172	0.8065819144248962	0.02759329229593277	12.0	/mnt/bn/seed-aws-va/shwai.he/demystifying-transformers-main/focused-compression-analysis/outputs/layerwise_para_perp/Qwen3-4B__wanda_unstructured_l11
wanda_unstructured	wanda_unstructured_l12	12	attn_out	12	-0.1316576600074768	0.018885327503085136	1.376800537109375	0.268357515335083	2.742584228515625	0.17994870245456696	10.3915376663208	0.7736988663673401	3.074538230895996	0.2626008987426758	0.2959471642971039	0.014837946742773056	0.1316576451063156	0.018885474652051926	0.26443183422088623	0.013795025646686554	0.7996892333030701	0.04926743358373642	12.0	/mnt/bn/seed-aws-va/shwai.he/demystifying-transformers-main/focused-compression-analysis/outputs/layerwise_para_perp/Qwen3-4B__wanda_unstructured_l12
wanda_unstructured	wanda_unstructured_l12	12	block_out	12	-0.15612658858299255	0.01182334590703249	2.5149524211883545	0.3958350121974945	5.143739223480225	0.9407526254653931	16.199983596801758	2.913947343826294	5.729538440704346	0.9985646605491638	0.35416868329048157	0.013109351508319378	0.15612658858299255	0.01182334590703249	0.31766828894615173	0.013373247347772121	0.8046147227287292	0.02694188803434372	12.0	/mnt/bn/seed-aws-va/shwai.he/demystifying-transformers-main/focused-compression-analysis/outputs/layerwise_para_perp/Qwen3-4B__wanda_unstructured_l12
wanda_unstructured	wanda_unstructured_l12	12	mlp_out	12	-0.18473613262176514	0.025350097566843033	2.5675008296966553	0.3132939636707306	4.756977558135986	0.9679286479949951	14.206377983093262	2.9714574813842773	5.416840076446533	0.9559175372123718	0.38353630900382996	0.01575227454304695	0.18473613262176514	0.025350097566843033	0.33538758754730225	0.009661694057285786	0.7667118906974792	0.046501580625772476	12.0	/mnt/bn/seed-aws-va/shwai.he/demystifying-transformers-main/focused-compression-analysis/outputs/layerwise_para_perp/Qwen3-4B__wanda_unstructured_l12
wanda_unstructured	wanda_unstructured_l13	13	attn_out	13	-0.12260619550943375	0.026429543271660805	1.1594375371932983	0.47150641679763794	2.273527145385742	0.5580078363418579	9.11807632446289	1.8696048259735107	2.558562755584717	0.7075793147087097	0.2769888937473297	0.02295571006834507	0.12260619550943375	0.026429543271660805	0.2476031333208084	0.014549941755831242	0.8038412928581238	0.056108273565769196	12.0	/mnt/bn/seed-aws-va/shwai.he/demystifying-transformers-main/focused-compression-analysis/outputs/layerwise_para_perp/Qwen3-4B__wanda_unstructured_l13
wanda_unstructured	wanda_unstructured_l13	13	block_out	13	-0.1578017771244049	0.020507721230387688	2.561681032180786	0.7476301789283752	5.126072406768799	1.0280675888061523	16.054533004760742	3.3017218112945557	5.737813472747803	1.2378190755844116	0.35685038566589355	0.012855110689997673	0.1578017622232437	0.0205078125	0.31958281993865967	0.0072326017543673515	0.8036546111106873	0.0394209623336792	12.0	/mnt/bn/seed-aws-va/shwai.he/demystifying-transformers-main/focused-compression-analysis/outputs/layerwise_para_perp/Qwen3-4B__wanda_unstructured_l13
wanda_unstructured	wanda_unstructured_l13	13	mlp_out	13	-0.18201498687267303	0.019949348643422127	2.6683871746063232	0.6242014765739441	4.826800346374512	0.9630322456359863	14.665913581848145	3.003563404083252	5.522376537322998	1.1129728555679321	0.37684449553489685	0.011982804164290428	0.18201498687267303	0.01994944177567959	0.3294944763183594	0.00782964751124382	0.7659804224967957	0.040749549865722656	12.0	/mnt/bn/seed-aws-va/shwai.he/demystifying-transformers-main/focused-compression-analysis/outputs/layerwise_para_perp/Qwen3-4B__wanda_unstructured_l13
wanda_unstructured	wanda_unstructured_l14	14	attn_out	14	-0.15620337426662445	0.022877519950270653	1.597394585609436	0.34050115942955017	3.139549970626831	0.2706470191478729	10.176310539245605	1.068668246269226	3.5304336547851562	0.36561280488967896	0.34748032689094543	0.01872914284467697	0.15620337426662445	0.022877519950270653	0.30958229303359985	0.018145618960261345	0.795305073261261	0.05381016805768013	12.0	/mnt/bn/seed-aws-va/shwai.he/demystifying-transformers-main/focused-compression-analysis/outputs/layerwise_para_perp/Qwen3-4B__wanda_unstructured_l14
wanda_unstructured	wanda_unstructured_l14	14	block_out	14	-0.16855986416339874	0.012618566863238811	2.6935341358184814	0.2896400988101959	5.257214546203613	0.6376990675926208	16.032020568847656	1.8471813201904297	5.909956455230713	0.6755723357200623	0.36891475319862366	0.013841395266354084	0.16855989396572113	0.01261819712817669	0.32795706391334534	0.012735449708998203	0.790578305721283	0.024810021743178368	12.0	/mnt/bn/seed-aws-va/shwai.he/demystifying-transformers-main/focused-compression-analysis/outputs/layerwise_para_perp/Qwen3-4B__wanda_unstructured_l14
wanda_unstructured	wanda_unstructured_l14	14	mlp_out	14	-0.19004620611667633	0.018728844821453094	2.6962192058563232	0.23148754239082336	4.850584506988525	0.6572519540786743	14.308375358581543	1.7635021209716797	5.55689001083374	0.6358524560928345	0.3890918791294098	0.016349676996469498	0.19004620611667633	0.018728943541646004	0.33896544575691223	0.017143165692687035	0.759540319442749	0.04289447143673897	12.0	/mnt/bn/seed-aws-va/shwai.he/demystifying-transformers-main/focused-compression-analysis/outputs/layerwise_para_perp/Qwen3-4B__wanda_unstructured_l14
wanda_unstructured	wanda_unstructured_l15	15	attn_out	15	-0.1436328887939453	0.03607418015599251	1.5090932846069336	0.6469534635543823	2.924056053161621	0.7998881340026855	10.134062767028809	2.2064037322998047	3.298983335494995	1.0012723207473755	0.3209213316440582	0.0414775088429451	0.1436328887939453	0.03607418015599251	0.2860492169857025	0.030902480706572533	0.8009472489356995	0.05768955498933792	12.0	/mnt/bn/seed-aws-va/shwai.he/demystifying-transformers-main/focused-compression-analysis/outputs/layerwise_para_perp/Qwen3-4B__wanda_unstructured_l15
wanda_unstructured	wanda_unstructured_l15	15	block_out	15	-0.1847093552350998	0.015533417463302612	2.8317203521728516	0.8912645578384399	5.18582820892334	1.1341081857681274	15.109306335449219	3.7707455158233643	5.914382457733154	1.4184811115264893	0.39236876368522644	0.016584500670433044	0.1847093552350998	0.015533417463302612	0.3457576036453247	0.017920030280947685	0.7766390442848206	0.03647104650735855	12.0	/mnt/bn/seed-aws-va/shwai.he/demystifying-transformers-main/focused-compression-analysis/outputs/layerwise_para_perp/Qwen3-4B__wanda_unstructured_l15
wanda_unstructured	wanda_unstructured_l15	15	mlp_out	15	-0.19693028926849365	0.018125591799616814	2.8311843872070312	0.7242631316184998	4.70851469039917	0.988844633102417	14.209195137023926	2.527757167816162	5.495981693267822	1.2174839973449707	0.3844848573207855	0.025797879323363304	0.19693028926849365	0.018125591799616814	0.3300691843032837	0.02093834988772869	0.7376432418823242	0.022652514278888702	12.0	/mnt/bn/seed-aws-va/shwai.he/demystifying-transformers-main/focused-compression-analysis/outputs/layerwise_para_perp/Qwen3-4B__wanda_unstructured_l15
wanda_unstructured	wanda_unstructured_l16	16	attn_out	16	-0.12016984075307846	0.025170065462589264	1.0815290212631226	0.24418871104717255	2.877131462097168	0.40139806270599365	9.016239166259766	1.0635262727737427	3.0783939361572266	0.4379836618900299	0.34169378876686096	0.029512502253055573	0.12016984075307846	0.025170084089040756	0.31928056478500366	0.024723080918192863	0.8750231862068176	0.03633022680878639	12.0	/mnt/bn/seed-aws-va/shwai.he/demystifying-transformers-main/focused-compression-analysis/outputs/layerwise_para_perp/Qwen3-4B__wanda_unstructured_l16
wanda_unstructured	wanda_unstructured_l16	16	block_out	16	-0.18018735945224762	0.01971038617193699	2.6537725925445557	0.5630096793174744	5.09826135635376	0.7772063612937927	14.728691101074219	2.667677164077759	5.7539801597595215	0.9206079244613647	0.39211639761924744	0.013995562680065632	0.18018738925457	0.019710103049874306	0.34778448939323425	0.011878827586770058	0.7876601219177246	0.03771873936057091	12.0	/mnt/bn/seed-aws-va/shwai.he/demystifying-transformers-main/focused-compression-analysis/outputs/layerwise_para_perp/Qwen3-4B__wanda_unstructured_l16
wanda_unstructured	wanda_unstructured_l16	16	mlp_out	16	-0.20433245599269867	0.0232382882386446	2.8915483951568604	0.4823121428489685	4.619151592254639	0.8006693124771118	14.213532447814941	2.2408463954925537	5.46222448348999	0.8575642108917236	0.3846537172794342	0.015338658355176449	0.20433245599269867	0.0232382882386446	0.3248009979724884	0.020157501101493835	0.7140241265296936	0.06138231232762337	12.0	/mnt/bn/seed-aws-va/shwai.he/demystifying-transformers-main/focused-compression-analysis/outputs/layerwise_para_perp/Qwen3-4B__wanda_unstructured_l16
wanda_unstructured	wanda_unstructured_l17	17	attn_out	17	-0.13734735548496246	0.017901571467518806	1.3691214323043823	0.2329106628894806	3.296766519546509	0.6513950228691101	10.008103370666504	1.3305584192276	3.5772788524627686	0.6517682075500488	0.35569143295288086	0.026562847197055817	0.13734735548496246	0.017901623621582985	0.32731789350509644	0.03000335767865181	0.8458507657051086	0.045408185571432114	12.0	/mnt/bn/seed-aws-va/shwai.he/demystifying-transformers-main/focused-compression-analysis/outputs/layerwise_para_perp/Qwen3-4B__wanda_unstructured_l17
wanda_unstructured	wanda_unstructured_l17	17	block_out	17	-0.20167659223079681	0.019209887832403183	3.0921363830566406	0.42851513624191284	5.518099308013916	0.892744779586792	15.450333595275879	2.47759747505188	6.33234977722168	0.9448220729827881	0.41068828105926514	0.011956661008298397	0.20167659223079681	0.019209790974855423	0.3572847545146942	0.01062783133238554	0.7577508091926575	0.03806167095899582	12.0	/mnt/bn/seed-aws-va/shwai.he/demystifying-transformers-main/focused-compression-analysis/outputs/layerwise_para_perp/Qwen3-4B__wanda_unstructured_l17
wanda_unstructured	wanda_unstructured_l17	17	mlp_out	17	-0.21846391260623932	0.020922241732478142	3.2858188152313232	0.3927372097969055	4.851088523864746	0.8131124973297119	15.110057830810547	1.7454731464385986	5.869775295257568	0.8311390280723572	0.38762369751930237	0.017453067004680634	0.21846391260623932	0.020922241732478142	0.3194073736667633	0.019273197278380394	0.6799032688140869	0.05304569751024246	12.0	/mnt/bn/seed-aws-va/shwai.he/demystifying-transformers-main/focused-compression-analysis/outputs/layerwise_para_perp/Qwen3-4B__wanda_unstructured_l17
wanda_unstructured	wanda_unstructured_l18	18	attn_out	18	-0.12011604756116867	0.018812842667102814	1.2867794036865234	0.38141703605651855	3.3842623233795166	0.6472303867340088	10.499770164489746	1.513670563697815	3.6243107318878174	0.7333418726921082	0.34326493740081787	0.03060826286673546	0.12011604756116867	0.018812868744134903	0.3211873471736908	0.02871585637331009	0.8758905529975891	0.029873076826334	12.0	/mnt/bn/seed-aws-va/shwai.he/demystifying-transformers-main/focused-compression-analysis/outputs/layerwise_para_perp/Qwen3-4B__wanda_unstructured_l18
wanda_unstructured	wanda_unstructured_l18	18	block_out	18	-0.16853465139865875	0.023463910445570946	2.8588569164276123	0.8141703009605408	5.872419357299805	1.0161468982696533	16.776098251342773	3.1985342502593994	6.54604959487915	1.2259854078292847	0.39059457182884216	0.013406077399849892	0.16853465139865875	0.023463910445570946	0.3513946235179901	0.017640532925724983	0.8097944259643555	0.050189755856990814	12.0	/mnt/bn/seed-aws-va/shwai.he/demystifying-transformers-main/focused-compression-analysis/outputs/layerwise_para_perp/Qwen3-4B__wanda_unstructured_l18
wanda_unstructured	wanda_unstructured_l18	18	mlp_out	18	-0.2006678432226181	0.02461647056043148	3.0636253356933594	0.6043620109558105	5.192430019378662	0.9303529858589172	15.306750297546387	2.743739604949951	6.043132305145264	1.0288335084915161	0.3955041468143463	0.015174572356045246	0.2006678432226181	0.02461647056043148	0.3396621644496918	0.020244175568223	0.7384119629859924	0.05991799756884575	12.0	/mnt/bn/seed-aws-va/shwai.he/demystifying-transformers-main/focused-compression-analysis/outputs/layerwise_para_perp/Qwen3-4B__wanda_unstructured_l18
wanda_unstructured	wanda_unstructured_l19	19	attn_out	19	-0.1560257375240326	0.03541914373636246	2.1998157501220703	0.44498151540756226	3.816981315612793	0.46557968854904175	14.262450218200684	1.136812686920166	4.432409763336182	0.4207794666290283	0.3113516569137573	0.024683117866516113	0.1560257375240326	0.03541914373636246	0.2673532962799072	0.021743768826127052	0.7411949634552002	0.08122364431619644	12.0	/mnt/bn/seed-aws-va/shwai.he/demystifying-transformers-main/focused-compression-analysis/outputs/layerwise_para_perp/Qwen3-4B__wanda_unstructured_l19
wanda_unstructured	wanda_unstructured_l19	19	block_out	19	-0.18159085512161255	0.022798243910074234	4.036563396453857	0.623614490032196	6.661406993865967	0.7130056619644165	22.308961868286133	2.6669933795928955	7.809079647064209	0.7640239596366882	0.3513373136520386	0.021544458344578743	0.18159087002277374	0.02279808185994625	0.2997448146343231	0.023666849359869957	0.7284213900566101	0.058631375432014465	12.0	/mnt/bn/seed-aws-va/shwai.he/demystifying-transformers-main/focused-compression-analysis/outputs/layerwise_para_perp/Qwen3-4B__wanda_unstructured_l19
wanda_unstructured	wanda_unstructured_l19	19	mlp_out	19	-0.19122779369354248	0.015011918731033802	3.749291181564331	0.6979894638061523	5.854329586029053	0.6258112192153931	19.548030853271484	2.715644598007202	6.964235782623291	0.8417878150939941	0.3576394319534302	0.024259459227323532	0.19122779369354248	0.015011794865131378	0.3015618920326233	0.027595587074756622	0.7102735638618469	0.05143493041396141	12.0	/mnt/bn/seed-aws-va/shwai.he/demystifying-transformers-main/focused-compression-analysis/outputs/layerwise_para_perp/Qwen3-4B__wanda_unstructured_l19
wanda_unstructured	wanda_unstructured_l2	2	attn_out	2	-0.11605823785066605	0.0216060783714056	0.3131854236125946	0.05847155302762985	0.591790497303009	0.06236180290579796	2.72405743598938	0.3695814907550812	0.6706463694572449	0.07643570750951767	0.24956463277339935	0.03611749783158302	0.11605823785066605	0.0216060783714056	0.2205016165971756	0.032088592648506165	0.7815086245536804	0.04771997034549713	12.0	/mnt/bn/seed-aws-va/shwai.he/demystifying-transformers-main/focused-compression-analysis/outputs/layerwise_para_perp/Qwen3-4B__wanda_unstructured_l2
wanda_unstructured	wanda_unstructured_l2	2	block_out	2	-0.14372844994068146	0.023907361552119255	0.6438495516777039	0.21054556965827942	0.7823975682258606	0.12735110521316528	4.415557384490967	0.9577285647392273	1.0181150436401367	0.22511671483516693	0.23108793795108795	0.02193320170044899	0.14372844994068146	0.023907285183668137	0.17966555058956146	0.01932762749493122	0.6103357672691345	0.09015551954507828	12.0	/mnt/bn/seed-aws-va/shwai.he/demystifying-transformers-main/focused-compression-analysis/outputs/layerwise_para_perp/Qwen3-4B__wanda_unstructured_l2
wanda_unstructured	wanda_unstructured_l2	2	mlp_out	2	-0.15659545361995697	0.029970373958349228	0.5721516013145447	0.21560388803482056	0.5370871424674988	0.14426107704639435	3.589118003845215	0.8690676689147949	0.7898053526878357	0.24356475472450256	0.21802526712417603	0.028888462111353874	0.15659545361995697	0.02997034415602684	0.14988045394420624	0.022023925557732582	0.4842942953109741	0.1044689416885376	12.0	/mnt/bn/seed-aws-va/shwai.he/demystifying-transformers-main/focused-compression-analysis/outputs/layerwise_para_perp/Qwen3-4B__wanda_unstructured_l2
wanda_unstructured	wanda_unstructured_l20	20	attn_out	20	-0.10161831229925156	0.02352101542055607	1.0596545934677124	0.293367862701416	2.964648485183716	0.757734477519989	10.422728538513184	1.281166672706604	3.152672052383423	0.7955460548400879	0.30045968294143677	0.05175306275486946	0.10161829739809036	0.02352101542055607	0.28235170245170593	0.04850140959024429	0.8836748600006104	0.028817903250455856	12.0	/mnt/bn/seed-aws-va/shwai.he/demystifying-transformers-main/focused-compression-analysis/outputs/layerwise_para_perp/Qwen3-4B__wanda_unstructured_l20
wanda_unstructured	wanda_unstructured_l20	20	block_out	20	-0.16390495002269745	0.01152611430734396	3.1681735515594482	0.6563611626625061	6.442341327667236	1.010788917541504	19.29698944091797	3.5536956787109375	7.18298864364624	1.182481288909912	0.3738061487674713	0.01960739493370056	0.16390495002269745	0.01152611430734396	0.3357665240764618	0.019458826631307602	0.8066656589508057	0.024529755115509033	12.0	/mnt/bn/seed-aws-va/shwai.he/demystifying-transformers-main/focused-compression-analysis/outputs/layerwise_para_perp/Qwen3-4B__wanda_unstructured_l20
wanda_unstructured	wanda_unstructured_l20	20	mlp_out	20	-0.17544443905353546	0.015485798940062523	3.3259763717651367	0.6929404139518738	5.941198825836182	0.8406042456626892	18.867536544799805	3.018406629562378	6.815519332885742	1.0466289520263672	0.3619120121002197	0.01779339648783207	0.17544443905353546	0.015485739335417747	0.3161562979221344	0.017931459471583366	0.7634167075157166	0.0370016023516655	12.0	/mnt/bn/seed-aws-va/shwai.he/demystifying-transformers-main/focused-compression-analysis/outputs/layerwise_para_perp/Qwen3-4B__wanda_unstructured_l20
wanda_unstructured	wanda_unstructured_l21	21	attn_out	21	-0.10822951048612595	0.02009347826242447	1.2045084238052368	0.31808367371559143	3.5265674591064453	0.5822818875312805	11.00924301147461	1.2629848718643188	3.7309062480926514	0.6388182044029236	0.33747580647468567	0.028530916199088097	0.10822951048612595	0.02009347826242447	0.31923314929008484	0.02601458504796028	0.8957598209381104	0.02959846332669258	12.0	/mnt/bn/seed-aws-va/shwai.he/demystifying-transformers-main/focused-compression-analysis/outputs/layerwise_para_perp/Qwen3-4B__wanda_unstructured_l21
wanda_unstructured	wanda_unstructured_l21	21	block_out	21	-0.16128765046596527	0.012535185553133488	3.4351022243499756	0.3962341547012329	7.076269626617432	0.8031025528907776	21.281774520874023	1.4427553415298462	7.869334697723389	0.8654834628105164	0.36898311972618103	0.018987329676747322	0.16128765046596527	0.012535185553133488	0.3316923677921295	0.017844200134277344	0.8081653714179993	0.021991636604070663	12.0	/mnt/bn/seed-aws-va/shwai.he/demystifying-transformers-main/focused-compression-analysis/outputs/layerwise_para_perp/Qwen3-4B__wanda_unstructured_l21
wanda_unstructured	wanda_unstructured_l21	21	mlp_out	21	-0.17001688480377197	0.01495971530675888	3.469259262084961	0.44369372725486755	6.476438999176025	0.6365899443626404	20.359437942504883	1.1511050462722778	7.35049295425415	0.7432327270507812	0.36038243770599365	0.019252311438322067	0.17001688480377197	0.014959652908146381	0.317568302154541	0.016339419409632683	0.7770488262176514	0.024966886267066002	12.0	/mnt/bn/seed-aws-va/shwai.he/demystifying-transformers-main/focused-compression-analysis/outputs/layerwise_para_perp/Qwen3-4B__wanda_unstructured_l21
wanda_unstructured	wanda_unstructured_l22	22	attn_out	22	-0.14094533026218414	0.024858810007572174	2.500671148300171	0.739479660987854	5.545312404632568	1.1696585416793823	17.58876609802246	3.5424110889434814	6.0954203605651855	1.328393578529358	0.3459668457508087	0.014116416685283184	0.14094533026218414	0.02485884726047516	0.315091997385025	0.011216860264539719	0.831164538860321	0.047522835433483124	12.0	/mnt/bn/seed-aws-va/shwai.he/demystifying-transformers-main/focused-compression-analysis/outputs/layerwise_para_perp/Qwen3-4B__wanda_unstructured_l22
wanda_unstructured	wanda_unstructured_l22	22	block_out	22	-0.17004217207431793	0.025011124089360237	5.111334323883057	1.0069283246994019	9.326386451721191	0.9961090683937073	29.8717098236084	2.557027816772461	10.657100677490234	1.2407894134521484	0.3560594320297241	0.016376996412873268	0.17004215717315674	0.025011124089360237	0.3119702935218811	0.013459324836730957	0.7698919773101807	0.054962556809186935	12.0	/mnt/bn/seed-aws-va/shwai.he/demystifying-transformers-main/focused-compression-analysis/outputs/layerwise_para_perp/Qwen3-4B__wanda_unstructured_l22
wanda_unstructured	wanda_unstructured_l22	22	mlp_out	22	-0.18563996255397797	0.024787940084934235	4.763500690460205	0.9673688411712646	8.179712295532227	0.7535823583602905	25.439254760742188	2.180009603500366	9.48528003692627	1.0638526678085327	0.3724435269832611	0.02027396485209465	0.18563997745513916	0.024787789210677147	0.3219822943210602	0.01939016953110695	0.7490226626396179	0.05595189705491066	12.0	/mnt/bn/seed-aws-va/shwai.he/demystifying-transformers-main/focused-compression-analysis/outputs/layerwise_para_perp/Qwen3-4B__wanda_unstructured_l22
wanda_unstructured	wanda_unstructured_l23	23	attn_out	23	-0.11229024082422256	0.02050701715052128	1.9988222122192383	0.8467177152633667	5.41575813293457	1.5082759857177734	17.396305084228516	5.1606221199035645	5.787883281707764	1.6786822080612183	0.33452463150024414	0.02336873486638069	0.11229024082422256	0.02050706371665001	0.3142012059688568	0.026472516357898712	0.8815388679504395	0.04394327849149704	12.0	/mnt/bn/seed-aws-va/shwai.he/demystifying-transformers-main/focused-compression-analysis/outputs/layerwise_para_perp/Qwen3-4B__wanda_unstructured_l23
wanda_unstructured	wanda_unstructured_l23	23	block_out	23	-0.15164799988269806	0.015944551676511765	5.224256992340088	0.5927485227584839	10.36802864074707	1.1121464967727661	34.502689361572266	2.367973804473877	11.62164306640625	1.1465293169021606	0.3365979492664337	0.018251245841383934	0.15164799988269806	0.015944434329867363	0.3001291751861572	0.0173904150724411	0.7955760955810547	0.0350637286901474	12.0	/mnt/bn/seed-aws-va/shwai.he/demystifying-transformers-main/focused-compression-analysis/outputs/layerwise_para_perp/Qwen3-4B__wanda_unstructured_l23
wanda_unstructured	wanda_unstructured_l23	23	mlp_out	23	-0.17028813064098358	0.016246303915977478	5.072492599487305	0.6334180235862732	9.200535774230957	0.7724800705909729	29.80021095275879	2.622103691101074	10.513762474060059	0.9158552885055542	0.3539872169494629	0.028445526957511902	0.17028813064098358	0.016246361657977104	0.31004831194877625	0.02691020630300045	0.7670753598213196	0.032150641083717346	12.0	/mnt/bn/seed-aws-va/shwai.he/demystifying-transformers-main/focused-compression-analysis/outputs/layerwise_para_perp/Qwen3-4B__wanda_unstructured_l23
wanda_unstructured	wanda_unstructured_l24	24	attn_out	24	-0.10451337695121765	0.04168971627950668	1.479486107826233	0.4967718720436096	4.470175743103027	0.8648077249526978	15.167145729064941	3.3803374767303467	4.742438793182373	0.8217656016349792	0.31766414642333984	0.03420060873031616	0.10451336950063705	0.04168972745537758	0.2978481352329254	0.026562988758087158	0.8852517604827881	0.06583879888057709	12.0	/mnt/bn/seed-aws-va/shwai.he/demystifying-transformers-main/focused-compression-analysis/outputs/layerwise_para_perp/Qwen3-4B__wanda_unstructured_l24
wanda_unstructured	wanda_unstructured_l24	24	block_out	24	-0.1435539871454239	0.03968130052089691	5.227462291717529	1.5302923917770386	10.884310722351074	0.949246883392334	36.29523849487305	3.210167646408081	12.124244689941406	1.4283367395401	0.3344925343990326	0.03385245427489281	0.1435539871454239	0.03968130052089691	0.3005867600440979	0.02228226326406002	0.8142144680023193	0.06830616295337677	12.0	/mnt/bn/seed-aws-va/shwai.he/demystifying-transformers-main/focused-compression-analysis/outputs/layerwise_para_perp/Qwen3-4B__wanda_unstructured_l24
wanda_unstructured	wanda_unstructured_l24	24	mlp_out	24	-0.15682317316532135	0.03467511385679245	5.152187824249268	1.524406909942627	9.995244979858398	1.1375272274017334	32.281436920166016	3.7535953521728516	11.282937049865723	1.6622505187988281	0.348700612783432	0.02396405301988125	0.15682317316532135	0.03467511385679245	0.3100397288799286	0.015680691227316856	0.7949640154838562	0.06574548780918121	12.0	/mnt/bn/seed-aws-va/shwai.he/demystifying-transformers-main/focused-compression-analysis/outputs/layerwise_para_perp/Qwen3-4B__wanda_unstructured_l24
wanda_unstructured	wanda_unstructured_l25	25	attn_out	25	-0.18775956332683563	0.0284943338483572	2.510187864303589	0.867097020149231	4.058042049407959	1.2906757593154907	13.57285213470459	4.791080474853516	4.779528617858887	1.5305410623550415	0.35614582896232605	0.035644322633743286	0.18775953352451324	0.02849452942609787	0.3019658923149109	0.02934921719133854	0.7208947539329529	0.050600167363882065	12.0	/mnt/bn/seed-aws-va/shwai.he/demystifying-transformers-main/focused-compression-analysis/outputs/layerwise_para_perp/Qwen3-4B__wanda_unstructured_l25
wanda_unstructured	wanda_unstructured_l25	25	block_out	25	-0.19026969373226166	0.032702941447496414	7.643153667449951	2.227073907852173	12.954791069030762	1.9995536804199219	39.40072250366211	5.512149333953857	15.070918083190918	2.840757131576538	0.38023361563682556	0.026474347338080406	0.19026969373226166	0.032702941447496414	0.32832053303718567	0.014562737196683884	0.7497270703315735	0.05440119281411171	12.0	/mnt/bn/seed-aws-va/shwai.he/demystifying-transformers-main/focused-compression-analysis/outputs/layerwise_para_perp/Qwen3-4B__wanda_unstructured_l25
wanda_unstructured	wanda_unstructured_l25	25	mlp_out	25	-0.1913190633058548	0.03382669389247894	7.180725574493408	2.3740031719207764	12.241921424865723	2.2578935623168945	36.582828521728516	6.259709358215332	14.223758697509766	3.1378543376922607	0.38585248589515686	0.027117474004626274	0.1913190633058548	0.033826638013124466	0.33408650755882263	0.016014723107218742	0.7539870142936707	0.05746699124574661	12.0	/mnt/bn/seed-aws-va/shwai.he/demystifying-transformers-main/focused-compression-analysis/outputs/layerwise_para_perp/Qwen3-4B__wanda_unstructured_l25
wanda_unstructured	wanda_unstructured_l26	26	attn_out	26	-0.19359691441059113	0.03231101110577583	2.6311023235321045	0.8482730984687805	4.456265926361084	1.2205991744995117	13.742465019226074	4.162558078765869	5.186241626739502	1.4468352794647217	0.38100120425224304	0.032724861055612564	0.19359689950942993	0.032311126589775085	0.32727766036987305	0.024462079629302025	0.7414186000823975	0.05529232695698738	12.0	/mnt/bn/seed-aws-va/shwai.he/demystifying-transformers-main/focused-compression-analysis/outputs/layerwise_para_perp/Qwen3-4B__wanda_unstructured_l26
wanda_unstructured	wanda_unstructured_l26	26	block_out	26	-0.1873829960823059	0.03884133696556091	7.6779913902282715	2.4809069633483887	13.2698335647583	2.627469301223755	40.0987434387207	4.964190483093262	15.363219261169434	3.474193811416626	0.3786921501159668	0.041794776916503906	0.1873829960823059	0.03884133696556091	0.3281928598880768	0.028687043115496635	0.7564370632171631	0.054017458111047745	12.0	/mnt/bn/seed-aws-va/shwai.he/demystifying-transformers-main/focused-compression-analysis/outputs/layerwise_para_perp/Qwen3-4B__wanda_unstructured_l26
wanda_unstructured	wanda_unstructured_l26	26	mlp_out	26	-0.18343669176101685	0.039129629731178284	7.04942512512207	2.627295732498169	12.512194633483887	2.8983428478240967	37.251007080078125	5.993751049041748	14.393841743469238	3.7907555103302	0.3805241286754608	0.0424269400537014	0.18343669176101685	0.039129629731178284	0.33245429396629333	0.029876943677663803	0.7685744166374207	0.05446415767073631	12.0	/mnt/bn/seed-aws-va/shwai.he/demystifying-transformers-main/focused-compression-analysis/outputs/layerwise_para_perp/Qwen3-4B__wanda_unstructured_l26
wanda_unstructured	wanda_unstructured_l27	27	attn_out	27	-0.16596998274326324	0.0647490844130516	2.4789698123931885	1.123104214668274	5.290111064910889	1.6121079921722412	15.214396476745605	4.473259925842285	5.90875244140625	1.7542716264724731	0.3892446458339691	0.04148702695965767	0.16596998274326324	0.0647490844130516	0.34684550762176514	0.034529395401477814	0.8016014099121094	0.10124685615301132	12.0	/mnt/bn/seed-aws-va/shwai.he/demystifying-transformers-main/focused-compression-analysis/outputs/layerwise_para_perp/Qwen3-4B__wanda_unstructured_l27
wanda_unstructured	wanda_unstructured_l27	27	block_out	27	-0.1756439059972763	0.031914178282022476	7.75587797164917	2.0035836696624756	14.96667194366455	2.2542548179626465	43.71475601196289	4.607255935668945	16.878747940063477	2.8911633491516113	0.38454577326774597	0.03731599822640419	0.1756439059972763	0.03191423788666725	0.34155234694480896	0.027214426547288895	0.7923142313957214	0.04033791273832321	12.0	/mnt/bn/seed-aws-va/shwai.he/demystifying-transformers-main/focused-compression-analysis/outputs/layerwise_para_perp/Qwen3-4B__wanda_unstructured_l27
wanda_unstructured	wanda_unstructured_l27	27	mlp_out	27	-0.1782432347536087	0.030386190861463547	7.3932929039001465	2.2617247104644775	13.794681549072266	2.885523796081543	40.744171142578125	6.577503204345703	15.669022560119629	3.5885088443756104	0.38167262077331543	0.03749983385205269	0.1782432347536087	0.030386190861463547	0.3370150625705719	0.02840922586619854	0.7825761437416077	0.03849223628640175	12.0	/mnt/bn/seed-aws-va/shwai.he/demystifying-transformers-main/focused-compression-analysis/outputs/layerwise_para_perp/Qwen3-4B__wanda_unstructured_l27
wanda_unstructured	wanda_unstructured_l28	28	attn_out	28	-0.17941391468048096	0.07640085369348526	3.1575734615325928	1.5032459497451782	6.496316432952881	1.4573781490325928	17.34990119934082	2.7296555042266846	7.2762274742126465	1.9006856679916382	0.41576454043388367	0.07681646943092346	0.17941391468048096	0.07640085369348526	0.37183618545532227	0.04972279071807861	0.8179388046264648	0.08912136405706406	12.0	/mnt/bn/seed-aws-va/shwai.he/demystifying-transformers-main/focused-compression-analysis/outputs/layerwise_para_perp/Qwen3-4B__wanda_unstructured_l28
wanda_unstructured	wanda_unstructured_l28	28	block_out	28	-0.16291354596614838	0.046256352216005325	8.702099800109863	3.616224527359009	17.09129524230957	4.299299716949463	51.33621597290039	8.466876029968262	19.22724151611328	5.450972557067871	0.36808469891548157	0.05293489992618561	0.16291354596614838	0.046256352216005325	0.32894232869148254	0.03748214617371559	0.8068385124206543	0.05778040736913681	12.0	/mnt/bn/seed-aws-va/shwai.he/demystifying-transformers-main/focused-compression-analysis/outputs/layerwise_para_perp/Qwen3-4B__wanda_unstructured_l28
wanda_unstructured	wanda_unstructured_l28	28	mlp_out	28	-0.1624034196138382	0.04423686861991882	8.143365859985352	3.3991456031799316	15.84963607788086	4.221621036529541	48.13186264038086	8.781499862670898	17.861303329467773	5.279729843139648	0.3645791709423065	0.05215403065085411	0.1624034196138382	0.04423686861991882	0.3253425657749176	0.03818977251648903	0.8036890625953674	0.05678461119532585	12.0	/mnt/bn/seed-aws-va/shwai.he/demystifying-transformers-main/focused-compression-analysis/outputs/layerwise_para_perp/Qwen3-4B__wanda_unstructured_l28
wanda_unstructured	wanda_unstructured_l29	29	attn_out	29	-0.12479811161756516	0.03491688519716263	1.9549025297164917	0.7525825500488281	5.033297061920166	1.6999493837356567	15.996867179870605	6.065427780151367	5.429381847381592	1.7702370882034302	0.34649357199668884	0.039775632321834564	0.12479811161756516	0.03491688519716263	0.32120823860168457	0.040882714092731476	0.8598763346672058	0.07363946735858917	12.0	/mnt/bn/seed-aws-va/shwai.he/demystifying-transformers-main/focused-compression-analysis/outputs/layerwise_para_perp/Qwen3-4B__wanda_unstructured_l29
wanda_unstructured	wanda_unstructured_l29	29	block_out	29	-0.15353740751743317	0.03655529394745827	8.087873458862305	2.535905599594116	16.365819931030273	3.4843530654907227	51.79378890991211	6.724797248840332	18.285802841186523	4.177883625030518	0.35059693455696106	0.05365493521094322	0.15353739261627197	0.036555372178554535	0.3144908845424652	0.044525470584630966	0.8087394833564758	0.04788082465529442	12.0	/mnt/bn/seed-aws-va/shwai.he/demystifying-transformers-main/focused-compression-analysis/outputs/layerwise_para_perp/Qwen3-4B__wanda_unstructured_l29
wanda_unstructured	wanda_unstructured_l29	29	mlp_out	29	-0.1555066704750061	0.03708406910300255	7.7947564125061035	2.667177200317383	15.464266777038574	3.795438051223755	48.9538459777832	7.520463466644287	17.34931182861328	4.51910400390625	0.3502614200115204	0.05219116061925888	0.1555066704750061	0.03708406910300255	0.3130568563938141	0.0429513193666935	0.803145706653595	0.05026688799262047	12.0	/mnt/bn/seed-aws-va/shwai.he/demystifying-transformers-main/focused-compression-analysis/outputs/layerwise_para_perp/Qwen3-4B__wanda_unstructured_l29
wanda_unstructured	wanda_unstructured_l3	3	attn_out	3	-0.10241931676864624	0.015507794916629791	0.36160317063331604	0.09336256235837936	0.7330353260040283	0.09277215600013733	3.509312868118286	0.6009883284568787	0.8190872073173523	0.1204863041639328	0.23507149517536163	0.02189231663942337	0.10241932421922684	0.015507735311985016	0.21108458936214447	0.021236112341284752	0.8068298697471619	0.050079189240932465	12.0	/mnt/bn/seed-aws-va/shwai.he/demystifying-transformers-main/focused-compression-analysis/outputs/layerwise_para_perp/Qwen3-4B__wanda_unstructured_l3
wanda_unstructured	wanda_unstructured_l3	3	block_out	3	-0.14561361074447632	0.032304611057043076	1.0998588800430298	0.8950046896934509	1.181351900100708	0.2608153223991394	7.176808834075928	4.843797206878662	1.6635860204696655	0.8407268524169922	0.24702352285385132	0.03412017971277237	0.14561359584331512	0.03230472654104233	0.1940937042236328	0.04759752377867699	0.623008668422699	0.19285085797309875	12.0	/mnt/bn/seed-aws-va/shwai.he/demystifying-transformers-main/focused-compression-analysis/outputs/layerwise_para_perp/Qwen3-4B__wanda_unstructured_l3
wanda_unstructured	wanda_unstructured_l3	3	mlp_out	3	-0.1689222902059555	0.043020714074373245	1.0697935819625854	0.9050132632255554	0.900749921798706	0.2696845829486847	6.195565700531006	5.021823406219482	1.4379792213439941	0.883064866065979	0.2518779933452606	0.04566351696848869	0.1689222902059555	0.043020714074373245	0.18036817014217377	0.0510830357670784	0.5273557305335999	0.20040257275104523	12.0	/mnt/bn/seed-aws-va/shwai.he/demystifying-transformers-main/focused-compression-analysis/outputs/layerwise_para_perp/Qwen3-4B__wanda_unstructured_l3
wanda_unstructured	wanda_unstructured_l30	30	attn_out	30	-0.1908811777830124	0.09769199043512344	5.059231281280518	1.9956690073013306	10.10157585144043	3.141282081604004	27.031532287597656	7.105592250823975	11.532235145568848	2.914716958999634	0.4301114082336426	0.05830259993672371	0.19628405570983887	0.08632449060678482	0.37226712703704834	0.061910230666399	0.7616482377052307	0.15943410992622375	12.0	/mnt/bn/seed-aws-va/shwai.he/demystifying-transformers-main/focused-compression-analysis/outputs/layerwise_para_perp/Qwen3-4B__wanda_unstructured_l30
wanda_unstructured	wanda_unstructured_l30	30	block_out	30	-0.16503776609897614	0.03536846488714218	11.237876892089844	3.213475227355957	20.74510383605957	4.072493553161621	67.50605773925781	7.348269939422607	23.653257369995117	4.907580852508545	0.34828293323516846	0.046343252062797546	0.16503773629665375	0.03536859527230263	0.3057316839694977	0.03858030214905739	0.7736887335777283	0.05692927911877632	12.0	/mnt/bn/seed-aws-va/shwai.he/demystifying-transformers-main/focused-compression-analysis/outputs/layerwise_para_perp/Qwen3-4B__wanda_unstructured_l30
wanda_unstructured	wanda_unstructured_l30	30	mlp_out	30	-0.16788707673549652	0.039549440145492554	10.120902061462402	3.3417723178863525	17.84330940246582	3.7706098556518555	59.12934494018555	6.684651851654053	20.556970596313477	4.859242916107178	0.3440972864627838	0.05061393603682518	0.16788704693317413	0.039549533277750015	0.29954996705055237	0.03852667659521103	0.7633247971534729	0.05448877438902855	12.0	/mnt/bn/seed-aws-va/shwai.he/demystifying-transformers-main/focused-compression-analysis/outputs/layerwise_para_perp/Qwen3-4B__wanda_unstructured_l30
wanda_unstructured	wanda_unstructured_l31	31	attn_out	31	-0.2365589737892151	0.03802666440606117	7.947159290313721	2.1420180797576904	10.386882781982422	2.1818687915802	33.54866409301758	5.896807670593262	13.119049072265625	2.8781986236572266	0.39047515392303467	0.035161759704351425	0.2365589737892151	0.03802666440606117	0.3092256486415863	0.026086656376719475	0.6315680146217346	0.07258371263742447	12.0	/mnt/bn/seed-aws-va/shwai.he/demystifying-transformers-main/focused-compression-analysis/outputs/layerwise_para_perp/Qwen3-4B__wanda_unstructured_l31
wanda_unstructured	wanda_unstructured_l31	31	block_out	31	-0.168939471244812	0.019740179181098938	12.693890571594238	2.4704461097717285	22.271360397338867	4.46823787689209	74.56813049316406	7.059042453765869	25.65290641784668	5.014481067657471	0.34153512120246887	0.040421128273010254	0.168939471244812	0.019740179181098938	0.29654136300086975	0.03759141266345978	0.7529592514038086	0.03417271003127098	12.0	/mnt/bn/seed-aws-va/shwai.he/demystifying-transformers-main/focused-compression-analysis/outputs/layerwise_para_perp/Qwen3-4B__wanda_unstructured_l31
wanda_unstructured	wanda_unstructured_l31	31	mlp_out	31	-0.15617354214191437	0.01850971020758152	10.184752464294434	2.2983360290527344	19.18086051940918	4.682836055755615	64.48601531982422	7.8522114753723145	21.738412857055664	5.1271162033081055	0.33342480659484863	0.04496961459517479	0.15617354214191437	0.01850971020758152	0.2942093312740326	0.0436171256005764	0.7763699889183044	0.03960198909044266	12.0	/mnt/bn/seed-aws-va/shwai.he/demystifying-transformers-main/focused-compression-analysis/outputs/layerwise_para_perp/Qwen3-4B__wanda_unstructured_l31
wanda_unstructured	wanda_unstructured_l32	32	attn_out	32	-0.23124612867832184	0.04091513901948929	11.588896751403809	3.191946506500244	14.99663257598877	4.428654193878174	50.74318313598633	11.684596061706543	18.998138427734375	5.298467636108398	0.3747759163379669	0.04713510721921921	0.23124612867832184	0.04091513901948929	0.29383811354637146	0.034482650458812714	0.6194483041763306	0.06487758457660675	12.0	/mnt/bn/seed-aws-va/shwai.he/demystifying-transformers-main/focused-compression-analysis/outputs/layerwise_para_perp/Qwen3-4B__wanda_unstructured_l32
wanda_unstructured	wanda_unstructured_l32	32	block_out	32	-0.17621004581451416	0.03701375797390938	16.622907638549805	4.986196041107178	27.05438804626465	6.320650577545166	93.04443359375	10.82694149017334	31.791887283325195	7.896176815032959	0.33789119124412537	0.05122024193406105	0.17621004581451416	0.03701375797390938	0.28783926367759705	0.03901965543627739	0.730133056640625	0.041953135281801224	12.0	/mnt/bn/seed-aws-va/shwai.he/demystifying-transformers-main/focused-compression-analysis/outputs/layerwise_para_perp/Qwen3-4B__wanda_unstructured_l32
wanda_unstructured	wanda_unstructured_l32	32	mlp_out	32	-0.16285476088523865	0.0433947928249836	12.71792221069336	4.922040939331055	22.48316192626953	5.396139144897461	75.88117218017578	10.376106262207031	25.89214324951172	7.083775043487549	0.3357295095920563	0.04964030906558037	0.16285476088523865	0.0433947928249836	0.2926830053329468	0.03332195430994034	0.7688202261924744	0.05744209140539169	12.0	/mnt/bn/seed-aws-va/shwai.he/demystifying-transformers-main/focused-compression-analysis/outputs/layerwise_para_perp/Qwen3-4B__wanda_unstructured_l32
wanda_unstructured	wanda_unstructured_l33	33	attn_out	33	-0.1651926189661026	0.03571709245443344	8.864372253417969	3.248553514480591	16.480947494506836	5.294301986694336	53.45046615600586	14.546245574951172	18.79487419128418	5.961050033569336	0.3484044373035431	0.03553955256938934	0.1651926189661026	0.03571709245443344	0.3052379786968231	0.03023514337837696	0.7717537879943848	0.07320840656757355	12.0	/mnt/bn/seed-aws-va/shwai.he/demystifying-transformers-main/focused-compression-analysis/outputs/layerwise_para_perp/Qwen3-4B__wanda_unstructured_l33
wanda_unstructured	wanda_unstructured_l33	33	block_out	33	-0.1368587166070938	0.015954477712512016	17.100984573364258	3.5403082370758057	33.903045654296875	6.591990947723389	124.4160385131836	18.083032608032227	37.993289947509766	7.372798442840576	0.30347415804862976	0.022595375776290894	0.1368587166070938	0.015954535454511642	0.2706352770328522	0.019463421776890755	0.7962386012077332	0.030676344409585	12.0	/mnt/bn/seed-aws-va/shwai.he/demystifying-transformers-main/focused-compression-analysis/outputs/layerwise_para_perp/Qwen3-4B__wanda_unstructured_l33
wanda_unstructured	wanda_unstructured_l33	33	mlp_out	33	-0.12836235761642456	0.020109115168452263	13.6426362991333	4.027296543121338	29.088354110717773	6.82643985748291	104.89154815673828	19.515968322753906	32.17753219604492	7.725255012512207	0.30424267053604126	0.022159207612276077	0.12836235761642456	0.020109115168452263	0.27526625990867615	0.020046494901180267	0.8198647499084473	0.0439317487180233	12.0	/mnt/bn/seed-aws-va/shwai.he/demystifying-transformers-main/focused-compression-analysis/outputs/layerwise_para_perp/Qwen3-4B__wanda_unstructured_l33
wanda_unstructured	wanda_unstructured_l34	34	attn_out	34	-0.1264754980802536	0.022385844960808754	13.333268165588379	2.5452358722686768	27.5942325592041	4.097803115844727	106.57508087158203	16.721145629882812	30.709035873413086	4.409441947937012	0.28946080803871155	0.01904296875	0.1264754980802536	0.02238580398261547	0.25968095660209656	0.014792433939874172	0.8074121475219727	0.05231165140867233	12.0	/mnt/bn/seed-aws-va/shwai.he/demystifying-transformers-main/focused-compression-analysis/outputs/layerwise_para_perp/Qwen3-4B__wanda_unstructured_l34
wanda_unstructured	wanda_unstructured_l34	34	block_out	34	-0.13841469585895538	0.019201790913939476	27.677078247070312	2.726853609085083	41.648433685302734	4.677841663360596	201.9527587890625	20.833885192871094	50.12977600097656	4.115400791168213	0.24958361685276031	0.019277352839708328	0.13841469585895538	0.019201839342713356	0.20687519013881683	0.018409766256809235	0.689251184463501	0.06847045570611954	12.0	/mnt/bn/seed-aws-va/shwai.he/demystifying-transformers-main/focused-compression-analysis/outputs/layerwise_para_perp/Qwen3-4B__wanda_unstructured_l34
wanda_unstructured	wanda_unstructured_l34	34	mlp_out	34	-0.13927976787090302	0.016627516597509384	20.394235610961914	3.0137219429016113	32.046669006347656	4.046271800994873	146.5600128173828	13.341517448425293	38.068641662597656	4.375753402709961	0.259966105222702	0.019705755636096	0.13927976787090302	0.016627516597509384	0.21880631148815155	0.0204735416918993	0.7088308930397034	0.05967927724123001	12.0	/mnt/bn/seed-aws-va/shwai.he/demystifying-transformers-main/focused-compression-analysis/outputs/layerwise_para_perp/Qwen3-4B__wanda_unstructured_l34
wanda_unstructured	wanda_unstructured_l35	35	attn_out	35	-0.10540900379419327	0.019802311435341835	11.455333709716797	2.6805386543273926	23.384592056274414	3.6270368099212646	108.55734252929688	18.180034637451172	26.102628707885742	4.130057334899902	0.24371516704559326	0.041901469230651855	0.10540900379419327	0.019802311435341835	0.21908098459243774	0.040658898651599884	0.8062719702720642	0.05591993033885956	12.0	/mnt/bn/seed-aws-va/shwai.he/demystifying-transformers-main/focused-compression-analysis/outputs/layerwise_para_perp/Qwen3-4B__wanda_unstructured_l35
wanda_unstructured	wanda_unstructured_l35	35	block_out	35	-0.7091021537780762	0.04299440607428551	358.0555419921875	42.00939178466797	225.83750915527344	18.05406379699707	503.9115905761719	39.6121826171875	423.5492858886719	43.62428283691406	0.8395867347717285	0.041165757924318314	0.7091021537780762	0.04299440607428551	0.44874107837677	0.023614848032593727	0.2870466411113739	0.02837366797029972	12.0	/mnt/bn/seed-aws-va/shwai.he/demystifying-transformers-main/focused-compression-analysis/outputs/layerwise_para_perp/Qwen3-4B__wanda_unstructured_l35
wanda_unstructured	wanda_unstructured_l35	35	mlp_out	35	-0.05084254965186119	0.020351683720946312	16.095294952392578	7.42640495300293	28.958101272583008	5.326653003692627	306.6493225097656	29.164939880371094	34.07994079589844	4.4398651123046875	0.1121688261628151	0.01928573288023472	0.05084254965186119	0.020351683720946312	0.09638777375221252	0.025768693536520004	0.7373156547546387	0.1877690553665161	12.0	/mnt/bn/seed-aws-va/shwai.he/demystifying-transformers-main/focused-compression-analysis/outputs/layerwise_para_perp/Qwen3-4B__wanda_unstructured_l35
wanda_unstructured	wanda_unstructured_l4	4	attn_out	4	-0.15812557935714722	0.015573237091302872	0.5139502882957458	0.15195375680923462	0.9466428756713867	0.19499440491199493	3.258254289627075	0.9587516188621521	1.0793771743774414	0.23735114932060242	0.3386422395706177	0.034148938953876495	0.15812557935714722	0.015573237091302872	0.2986816465854645	0.037252750247716904	0.775674045085907	0.05380629003047943	12.0	/mnt/bn/seed-aws-va/shwai.he/demystifying-transformers-main/focused-compression-analysis/outputs/layerwise_para_perp/Qwen3-4B__wanda_unstructured_l4
wanda_unstructured	wanda_unstructured_l4	4	block_out	4	-0.14275309443473816	0.030342668294906616	1.359520435333252	0.5144539475440979	2.0158302783966064	0.7160191535949707	9.3059663772583	1.5761706829071045	2.4347798824310303	0.8723881840705872	0.2565116882324219	0.05141754448413849	0.14275309443473816	0.030342668294906616	0.21268339455127716	0.04368817061185837	0.6875039935112	0.04988958686590195	12.0	/mnt/bn/seed-aws-va/shwai.he/demystifying-transformers-main/focused-compression-analysis/outputs/layerwise_para_perp/Qwen3-4B__wanda_unstructured_l4
wanda_unstructured	wanda_unstructured_l4	4	mlp_out	4	-0.13594456017017365	0.03232856094837189	1.2302480936050415	0.5562446117401123	1.8393669128417969	0.7302118539810181	8.74682903289795	1.7499237060546875	2.2172858715057373	0.9072160720825195	0.24732880294322968	0.05530361086130142	0.13594456017017365	0.03232856094837189	0.20603293180465698	0.04748048633337021	0.6931355595588684	0.06023696810007095	12.0	/mnt/bn/seed-aws-va/shwai.he/demystifying-transformers-main/focused-compression-analysis/outputs/layerwise_para_perp/Qwen3-4B__wanda_unstructured_l4
wanda_unstructured	wanda_unstructured_l5	5	attn_out	5	-0.12620748579502106	0.01797368749976158	0.6517360806465149	0.16319964826107025	1.2089051008224487	0.13783851265907288	5.110348224639893	0.6731980443000793	1.3757400512695312	0.19794972240924835	0.26958945393562317	0.021098751574754715	0.12620748579502106	0.01797368749976158	0.2377385050058365	0.018779100850224495	0.7789917588233948	0.047347549349069595	12.0	/mnt/bn/seed-aws-va/shwai.he/demystifying-transformers-main/focused-compression-analysis/outputs/layerwise_para_perp/Qwen3-4B__wanda_unstructured_l5
wanda_unstructured	wanda_unstructured_l5	5	block_out	5	-0.1323467344045639	0.02514592930674553	1.6123957633972168	0.9230348467826843	2.743515968322754	1.2528096437454224	11.57024097442627	3.96524977684021	3.186711311340332	1.546964406967163	0.26640698313713074	0.032753992825746536	0.1323467344045639	0.025145966559648514	0.23083706200122833	0.024734454229474068	0.7546365261077881	0.041942477226257324	12.0	/mnt/bn/seed-aws-va/shwai.he/demystifying-transformers-main/focused-compression-analysis/outputs/layerwise_para_perp/Qwen3-4B__wanda_unstructured_l5
wanda_unstructured	wanda_unstructured_l5	5	mlp_out	5	-0.1613783985376358	0.023017335683107376	1.6873000860214233	0.8985216021537781	2.4688169956207275	1.3092156648635864	10.169266700744629	4.168041229248047	2.9951210021972656	1.578821063041687	0.28562721610069275	0.03473935276269913	0.1613783985376358	0.023017335683107376	0.23508524894714355	0.030852289870381355	0.677982747554779	0.05503733456134796	12.0	/mnt/bn/seed-aws-va/shwai.he/demystifying-transformers-main/focused-compression-analysis/outputs/layerwise_para_perp/Qwen3-4B__wanda_unstructured_l5
wanda_unstructured	wanda_unstructured_l6	6	attn_out	6	-0.10065087676048279	0.022881122305989265	0.7014217376708984	0.13436377048492432	1.7607430219650269	0.24896742403507233	7.0615553855896	0.9513904452323914	1.9014310836791992	0.23834027349948883	0.2724398374557495	0.04109356924891472	0.10065087676048279	0.022881101816892624	0.25218528509140015	0.040750373154878616	0.8563576340675354	0.05401856079697609	12.0	/mnt/bn/seed-aws-va/shwai.he/demystifying-transformers-main/focused-compression-analysis/outputs/layerwise_para_perp/Qwen3-4B__wanda_unstructured_l6
wanda_unstructured	wanda_unstructured_l6	6	block_out	6	-0.13741666078567505	0.03471950814127922	1.7237482070922852	0.7105859518051147	3.3303868770599365	1.0045572519302368	12.216097831726074	2.1704835891723633	3.759214162826538	1.2021484375	0.3023456633090973	0.04329496994614601	0.13741666078567505	0.03471953794360161	0.26845669746398926	0.033609263598918915	0.7940728664398193	0.058004338294267654	12.0	/mnt/bn/seed-aws-va/shwai.he/demystifying-transformers-main/focused-compression-analysis/outputs/layerwise_para_perp/Qwen3-4B__wanda_unstructured_l6
wanda_unstructured	wanda_unstructured_l6	6	mlp_out	6	-0.15779151022434235	0.0299215167760849	1.692564845085144	0.7079544067382812	2.9623241424560547	1.0331804752349854	10.402653694152832	2.5103909969329834	3.418668508529663	1.2334939241409302	0.3216260075569153	0.03548510745167732	0.15779151022434235	0.029921578243374825	0.2794511914253235	0.02856653928756714	0.7584559321403503	0.0579560212790966	12.0	/mnt/bn/seed-aws-va/shwai.he/demystifying-transformers-main/focused-compression-analysis/outputs/layerwise_para_perp/Qwen3-4B__wanda_unstructured_l6
wanda_unstructured	wanda_unstructured_l7	7	attn_out	7	-0.13596394658088684	0.019391082227230072	0.8226726651191711	0.16619504988193512	1.5956922769546509	0.284006804227829	6.1397786140441895	1.432727336883545	1.7972497940063477	0.31811589002609253	0.29656532406806946	0.0223916694521904	0.13596396148204803	0.019390985369682312	0.26316139101982117	0.018336975947022438	0.7889630794525146	0.039752960205078125	12.0	/mnt/bn/seed-aws-va/shwai.he/demystifying-transformers-main/focused-compression-analysis/outputs/layerwise_para_perp/Qwen3-4B__wanda_unstructured_l7
wanda_unstructured	wanda_unstructured_l7	7	block_out	7	-0.17441149055957794	0.02621493674814701	2.1464147567749023	0.8620574474334717	3.5076377391815186	1.1026155948638916	12.126053810119629	3.690196990966797	4.124734878540039	1.3623813390731812	0.338506817817688	0.018288560211658478	0.17441149055957794	0.02621493674814701	0.2890852987766266	0.015634533017873764	0.7321817874908447	0.06369403749704361	12.0	/mnt/bn/seed-aws-va/shwai.he/demystifying-transformers-main/focused-compression-analysis/outputs/layerwise_para_perp/Qwen3-4B__wanda_unstructured_l7
wanda_unstructured	wanda_unstructured_l7	7	mlp_out	7	-0.19487953186035156	0.027122212573885918	2.128614902496338	0.9013531804084778	3.254035234451294	1.083516240119934	10.795517921447754	3.672422409057617	3.902663469314575	1.3694558143615723	0.36097297072410583	0.014368044212460518	0.19487953186035156	0.027122212573885918	0.3026491701602936	0.014063009060919285	0.7060779929161072	0.06828085333108902	12.0	/mnt/bn/seed-aws-va/shwai.he/demystifying-transformers-main/focused-compression-analysis/outputs/layerwise_para_perp/Qwen3-4B__wanda_unstructured_l7
wanda_unstructured	wanda_unstructured_l8	8	attn_out	8	-0.14034591615200043	0.02739373780786991	1.213133454322815	0.2816798985004425	2.454793691635132	0.27617648243904114	8.661674499511719	1.2960864305496216	2.744861364364624	0.34504732489585876	0.3184339702129364	0.021388620138168335	0.14034590125083923	0.027393771335482597	0.28497079014778137	0.014210053719580173	0.8044250011444092	0.054969605058431625	12.0	/mnt/bn/seed-aws-va/shwai.he/demystifying-transformers-main/focused-compression-analysis/outputs/layerwise_para_perp/Qwen3-4B__wanda_unstructured_l8
wanda_unstructured	wanda_unstructured_l8	8	block_out	8	-0.18984787166118622	0.023559965193271637	3.086225748062134	0.47934797406196594	5.296835422515869	1.0667701959609985	16.51900291442871	3.35119366645813	6.145296096801758	1.0882867574691772	0.3739531338214874	0.017625533044338226	0.18984787166118622	0.023559965193271637	0.3213096857070923	0.017731105908751488	0.739673376083374	0.05489256605505943	12.0	/mnt/bn/seed-aws-va/shwai.he/demystifying-transformers-main/focused-compression-analysis/outputs/layerwise_para_perp/Qwen3-4B__wanda_unstructured_l8
wanda_unstructured	wanda_unstructured_l8	8	mlp_out	8	-0.2078113704919815	0.030989995226264	3.024970293045044	0.4920314848423004	4.943058490753174	1.1144208908081055	14.937820434570312	3.609757661819458	5.812101364135742	1.1348042488098145	0.39315199851989746	0.024479586631059647	0.2078113704919815	0.0309901162981987	0.3326251804828644	0.01955202966928482	0.7188501358032227	0.06201508268713951	12.0	/mnt/bn/seed-aws-va/shwai.he/demystifying-transformers-main/focused-compression-analysis/outputs/layerwise_para_perp/Qwen3-4B__wanda_unstructured_l8
wanda_unstructured	wanda_unstructured_l9	9	attn_out	9	-0.10878727585077286	0.027677660807967186	0.8630115389823914	0.2667194604873657	1.9703360795974731	0.22537128627300262	7.911172389984131	1.3670480251312256	2.1615612506866455	0.2767637372016907	0.27581360936164856	0.02184990420937538	0.10878726840019226	0.027677694335579872	0.25199902057647705	0.021126629784703255	0.8367573618888855	0.07091308385133743	12.0	/mnt/bn/seed-aws-va/shwai.he/demystifying-transformers-main/focused-compression-analysis/outputs/layerwise_para_perp/Qwen3-4B__wanda_unstructured_l9
wanda_unstructured	wanda_unstructured_l9	9	block_out	9	-0.1581590175628662	0.021082235500216484	2.6000051498413086	0.9261898398399353	5.119740962982178	1.43778657913208	16.35334014892578	5.08793830871582	5.748754978179932	1.6877949237823486	0.3532172441482544	0.018208742141723633	0.1581590175628662	0.021082235500216484	0.31533846259117126	0.014031981118023396	0.7985296249389648	0.03964485973119736	12.0	/mnt/bn/seed-aws-va/shwai.he/demystifying-transformers-main/focused-compression-analysis/outputs/layerwise_para_perp/Qwen3-4B__wanda_unstructured_l9
wanda_unstructured	wanda_unstructured_l9	9	mlp_out	9	-0.17403782904148102	0.017928915098309517	2.711634874343872	0.8978181481361389	4.963718414306641	1.4614113569259644	15.593493461608887	5.000027656555176	5.659691333770752	1.7032794952392578	0.36504805088043213	0.020925357937812805	0.1740378588438034	0.017928654327988625	0.32060661911964417	0.017283836379647255	0.7722461819648743	0.030879687517881393	12.0	/mnt/bn/seed-aws-va/shwai.he/demystifying-transformers-main/focused-compression-analysis/outputs/layerwise_para_perp/Qwen3-4B__wanda_unstructured_l9
