source,phase,layer,part,metric,n,mean,median,p10,p90,min,max
value_pre-c4_len1024-prefill-hidden-tokens32,prefill,0,attn_update,value_pre_norm,500,1.2784372856616975,1.2831629514694214,1.114260125160217,1.4218165516853332,1.019386887550354,1.614444375038147
value_pre-c4_len1024-prefill-hidden-tokens32,prefill,0,attn_update,value_pre_para_perp_ratio,500,0.5771912809610367,0.5818491578102112,0.44618657529354094,0.6939732253551484,0.2548462450504303,0.9470942616462708
value_pre-c4_len1024-prefill-hidden-tokens32,prefill,0,attn_update,value_pre_para_ratio,500,0.49543788063138927,0.5029135647778114,0.4074665422706858,0.5701345986892355,0.2469530002208856,0.6876397255389953
value_pre-c4_len1024-prefill-hidden-tokens32,prefill,0,attn_update,value_pre_perp_ratio,500,0.8651135216234151,0.8643366777283867,0.8215513108186986,0.9132201004933045,0.726052040863285,0.9690274585491988
value_pre-c4_len1024-prefill-hidden-tokens32,prefill,0,attn_update,value_pre_self_alignment,500,0.4954378792345524,0.5029135942459106,0.4074665457010269,0.5701345503330231,0.24695299565792084,0.6876397728919983
value_pre-c4_len1024-prefill-hidden-tokens32,prefill,0,attn_update,value_pre_self_value_norm,500,1.9603646330833435,1.950162410736084,1.7503304719924926,2.1797967433929446,1.4623955488204956,2.3875482082366943
value_pre-c4_len1024-prefill-hidden-tokens32,prefill,1,attn_update,value_pre_norm,500,1.547090369462967,1.5254281163215637,1.2005240201950074,1.9267391085624697,1.0056440830230713,2.3633430004119873
value_pre-c4_len1024-prefill-hidden-tokens32,prefill,1,attn_update,value_pre_para_perp_ratio,500,0.2906911719292402,0.2606872022151947,0.16082074940204621,0.43859926462173465,0.07456741482019424,1.2477885484695435
value_pre-c4_len1024-prefill-hidden-tokens32,prefill,1,attn_update,value_pre_para_ratio,500,0.2715904561799425,0.2522566738039105,0.15878056181802094,0.40166354583639763,0.07436096592010037,0.7803288271069336
value_pre-c4_len1024-prefill-hidden-tokens32,prefill,1,attn_update,value_pre_perp_ratio,500,0.9554269825353404,0.9676603998100045,0.9157872946773084,0.9873138941642691,0.6253694225690183,0.9972313619425673
value_pre-c4_len1024-prefill-hidden-tokens32,prefill,1,attn_update,value_pre_self_alignment,500,0.2715904569774866,0.2522566467523575,0.15878055691719054,0.4016635239124298,0.07436095923185349,0.7803288698196411
value_pre-c4_len1024-prefill-hidden-tokens32,prefill,1,attn_update,value_pre_self_value_norm,500,3.3617165260314943,3.5943660736083984,2.028690958023071,3.9848232984542844,1.1600090265274048,4.474607467651367
value_pre-c4_len1024-prefill-hidden-tokens32,prefill,2,attn_update,value_pre_norm,500,1.6597902430295943,1.6327746510505676,1.280292809009552,2.104921627044678,0.744260311126709,2.7516286373138428
value_pre-c4_len1024-prefill-hidden-tokens32,prefill,2,attn_update,value_pre_para_perp_ratio,500,0.26365986379235984,0.2545028179883957,0.13851563930511476,0.3794298678636551,0.02174895815551281,1.380861759185791
value_pre-c4_len1024-prefill-hidden-tokens32,prefill,2,attn_update,value_pre_para_ratio,500,0.25041416402876704,0.2466404648222124,0.13720559608659869,0.35475194044013825,0.02174381677223613,0.8099237592449612
value_pre-c4_len1024-prefill-hidden-tokens32,prefill,2,attn_update,value_pre_perp_ratio,500,0.9631502133775226,0.9691070261092282,0.9349605150062091,0.990542465946586,0.5865350255652707,0.9997636427026244
value_pre-c4_len1024-prefill-hidden-tokens32,prefill,2,attn_update,value_pre_self_alignment,500,0.24998011027649045,0.24664047360420227,0.13720560669898987,0.3547519236803055,-0.030401866883039474,0.8099238276481628
value_pre-c4_len1024-prefill-hidden-tokens32,prefill,2,attn_update,value_pre_self_value_norm,500,4.839324035763741,5.006681203842163,3.678069043159485,5.737633562088013,0.839323103427887,6.714231491088867
value_pre-c4_len1024-prefill-hidden-tokens32,prefill,3,attn_update,value_pre_norm,500,2.0942145574092863,2.0698047876358032,1.6407419800758363,2.622132778167725,0.8260371685028076,3.5546352863311768
value_pre-c4_len1024-prefill-hidden-tokens32,prefill,3,attn_update,value_pre_para_perp_ratio,500,0.27019880726002155,0.2509995400905609,0.13362735062837602,0.42134883105754856,0.01002062764018774,1.507228136062622
value_pre-c4_len1024-prefill-hidden-tokens32,prefill,3,attn_update,value_pre_para_ratio,500,0.25439169870706657,0.24344790255955462,0.1324499529746479,0.3882887231369562,0.010020124513893414,0.8332777240766819
value_pre-c4_len1024-prefill-hidden-tokens32,prefill,3,attn_update,value_pre_perp_ratio,500,0.9606624478298791,0.9699139027309297,0.9215376619614307,0.9911894363100586,0.5528544217007716,0.9999497735630558
value_pre-c4_len1024-prefill-hidden-tokens32,prefill,3,attn_update,value_pre_self_alignment,500,0.25439169983565807,0.2434478998184204,0.13244994282722475,0.38828874826431276,0.010020125657320023,0.8332778215408325
value_pre-c4_len1024-prefill-hidden-tokens32,prefill,3,attn_update,value_pre_self_value_norm,500,6.6073249117136,6.899534225463867,4.856473779678345,7.591781520843506,0.906161904335022,9.151877403259277
value_pre-c4_len1024-prefill-hidden-tokens32,prefill,4,attn_update,value_pre_norm,500,2.6199707486629484,2.5389891862869263,1.9827669143676758,3.374508428573608,0.8643416166305542,5.033596992492676
value_pre-c4_len1024-prefill-hidden-tokens32,prefill,4,attn_update,value_pre_para_perp_ratio,500,0.2469462474659085,0.2413315773010254,0.15350633859634402,0.34855720996856693,0.06097142770886421,1.0145169496536255
value_pre-c4_len1024-prefill-hidden-tokens32,prefill,4,attn_update,value_pre_para_ratio,500,0.2372056438179189,0.23459668843113712,0.1517290507082593,0.32913639084991775,0.06085841231594623,0.7121837668294159
value_pre-c4_len1024-prefill-hidden-tokens32,prefill,4,attn_update,value_pre_perp_ratio,500,0.9684368084457534,0.9720928199746004,0.9442823555459356,0.9884221126974618,0.701992987361224,0.9981464067616115
value_pre-c4_len1024-prefill-hidden-tokens32,prefill,4,attn_update,value_pre_self_alignment,500,0.2372056431248784,0.23459671437740326,0.15172902941703795,0.3291364073753357,0.06085841730237007,0.7121838331222534
value_pre-c4_len1024-prefill-hidden-tokens32,prefill,4,attn_update,value_pre_self_value_norm,500,8.521130885720252,8.946234703063965,6.294774389266968,9.959194087982178,0.9399461150169373,12.200270652770996
value_pre-c4_len1024-prefill-hidden-tokens32,prefill,5,attn_update,value_pre_norm,500,3.7583134462833403,3.7754582166671753,2.8490793228149416,4.736371088027955,1.9801520109176636,5.984493732452393
value_pre-c4_len1024-prefill-hidden-tokens32,prefill,5,attn_update,value_pre_para_perp_ratio,500,0.37783318546414374,0.37322309613227844,0.24658660888671877,0.5081761837005615,0.13463589549064636,0.7772801518440247
value_pre-c4_len1024-prefill-hidden-tokens32,prefill,5,attn_update,value_pre_para_ratio,500,0.34940309636819367,0.3496634921490518,0.23941520403980365,0.4530352266441872,0.13343198712560458,0.6136957758263544
value_pre-c4_len1024-prefill-hidden-tokens32,prefill,5,attn_update,value_pre_perp_ratio,500,0.9329145492744296,0.9368753091143043,0.8914925494407426,0.9709173122841357,0.7895425509854176,0.9910580153450762
value_pre-c4_len1024-prefill-hidden-tokens32,prefill,5,attn_update,value_pre_self_alignment,500,0.3494030967354774,0.34966349601745605,0.23941520899534224,0.45303523540496826,0.13343198597431183,0.6136957406997681
value_pre-c4_len1024-prefill-hidden-tokens32,prefill,5,attn_update,value_pre_self_value_norm,500,9.71156528544426,10.18616533279419,7.446031141281128,11.491716957092285,1.495295524597168,12.910343170166016
value_pre-c4_len1024-prefill-hidden-tokens32,prefill,6,attn_update,value_pre_norm,500,5.399277636051178,5.35461163520813,4.304940080642701,6.5532228469848635,3.043447494506836,9.638553619384766
value_pre-c4_len1024-prefill-hidden-tokens32,prefill,6,attn_update,value_pre_para_perp_ratio,500,0.4081229324936867,0.39337748289108276,0.23708642423152926,0.5992252945899965,0.11995898187160492,0.8811584711074829
value_pre-c4_len1024-prefill-hidden-tokens32,prefill,6,attn_update,value_pre_para_ratio,500,0.37020164634432623,0.366071803512316,0.23069130827200235,0.5140035679460835,0.11910507724159054,0.6611176227070289
value_pre-c4_len1024-prefill-hidden-tokens32,prefill,6,attn_update,value_pre_perp_ratio,500,0.9218912225659275,0.9305865775042581,0.8577854562455677,0.9730266963156953,0.7502823358949202,0.9928816909781211
value_pre-c4_len1024-prefill-hidden-tokens32,prefill,6,attn_update,value_pre_self_alignment,500,0.37020164565742014,0.36607179045677185,0.23069131523370742,0.5140035748481752,0.11910507827997208,0.6611175537109375
value_pre-c4_len1024-prefill-hidden-tokens32,prefill,6,attn_update,value_pre_self_value_norm,500,12.217014206886292,13.129365921020508,7.727095794677735,14.884466648101807,3.9474868774414062,16.30910301208496
value_pre-c4_len1024-prefill-hidden-tokens32,prefill,7,attn_update,value_pre_norm,500,5.751360597610474,5.796552658081055,4.369962930679321,6.974358320236207,3.2649476528167725,10.257821083068848
value_pre-c4_len1024-prefill-hidden-tokens32,prefill,7,attn_update,value_pre_para_perp_ratio,500,0.33582469788193703,0.3276274651288986,0.2430388629436493,0.43395635187625886,0.12805280089378357,0.59563148021698
value_pre-c4_len1024-prefill-hidden-tokens32,prefill,7,attn_update,value_pre_para_ratio,500,0.31615343140245317,0.3113435468726501,0.23616407056808728,0.398088546472006,0.12701566266935907,0.5117333756268893
value_pre-c4_len1024-prefill-hidden-tokens32,prefill,7,attn_update,value_pre_perp_ratio,500,0.9463461434862167,0.9502974708520493,0.9173470088668843,0.971713183605435,0.8591442773813204,0.991900702475963
value_pre-c4_len1024-prefill-hidden-tokens32,prefill,7,attn_update,value_pre_self_alignment,500,0.31615343123674394,0.31134356558322906,0.23616407513618468,0.3980885624885559,0.12701568007469177,0.5117334127426147
value_pre-c4_len1024-prefill-hidden-tokens32,prefill,7,attn_update,value_pre_self_value_norm,500,16.784619228363038,16.930889129638672,13.902661228179932,19.426829528808593,8.88937759399414,23.828250885009766
value_pre-c4_len1024-prefill-hidden-tokens32,prefill,8,attn_update,value_pre_norm,500,7.501926739692688,7.5482823848724365,5.6951574802398675,9.332020854949953,3.7249813079833984,11.457657814025879
value_pre-c4_len1024-prefill-hidden-tokens32,prefill,8,attn_update,value_pre_para_perp_ratio,500,0.44151450192928315,0.44161030650138855,0.3162192225456238,0.5601099491119385,0.15185754001140594,0.7229247093200684
value_pre-c4_len1024-prefill-hidden-tokens32,prefill,8,attn_update,value_pre_para_ratio,500,0.40020637241326074,0.40397220891266333,0.30150392145801974,0.48867637941964237,0.15013627690335146,0.5858646393570588
value_pre-c4_len1024-prefill-hidden-tokens32,prefill,8,attn_update,value_pre_perp_ratio,500,0.9130815694759326,0.9147711140998733,0.8724651010305432,0.9534649322714919,0.8104089442473681,0.9886652998546311
value_pre-c4_len1024-prefill-hidden-tokens32,prefill,8,attn_update,value_pre_self_alignment,500,0.4002063709795475,0.40397217869758606,0.3015039384365082,0.48867635428905487,0.15013627707958221,0.5858646035194397
value_pre-c4_len1024-prefill-hidden-tokens32,prefill,8,attn_update,value_pre_self_value_norm,500,21.593338708877564,21.866928100585938,18.060049057006836,24.661268424987796,12.434934616088867,27.80300521850586
value_pre-c4_len1024-prefill-hidden-tokens32,prefill,9,attn_update,value_pre_norm,500,7.529983533859253,7.540881395339966,6.02570219039917,9.106983375549317,3.780266046524048,11.101327896118164
value_pre-c4_len1024-prefill-hidden-tokens32,prefill,9,attn_update,value_pre_para_perp_ratio,500,0.4355842951834202,0.4383261203765869,0.30634708404541017,0.5580390095710754,0.15417508780956268,0.7937741279602051
value_pre-c4_len1024-prefill-hidden-tokens32,prefill,9,attn_update,value_pre_para_ratio,500,0.3952226715440782,0.40145381548566084,0.2929106428764171,0.48729926611399355,0.15237474681634264,0.6217171360007757
value_pre-c4_len1024-prefill-hidden-tokens32,prefill,9,attn_update,value_pre_perp_ratio,500,0.9147926234213428,0.915879313459911,0.8732350860635276,0.9561397799389527,0.7832418902713056,0.9883227266606688
value_pre-c4_len1024-prefill-hidden-tokens32,prefill,9,attn_update,value_pre_self_alignment,500,0.39522267097234726,0.40145382285118103,0.2929106503725052,0.48729923963546756,0.1523747742176056,0.621717095375061
value_pre-c4_len1024-prefill-hidden-tokens32,prefill,9,attn_update,value_pre_self_value_norm,500,21.661591270446777,21.82546615600586,18.75566520690918,24.452447509765626,12.636052131652832,29.012388229370117
value_pre-c4_len1024-prefill-hidden-tokens32,prefill,10,attn_update,value_pre_norm,500,9.718585290908813,9.558838367462158,8.01732177734375,11.493759346008304,5.965039253234863,14.115818977355957
value_pre-c4_len1024-prefill-hidden-tokens32,prefill,10,attn_update,value_pre_para_perp_ratio,500,0.559755551636219,0.558125913143158,0.4503510773181915,0.670162057876587,0.2946224510669708,0.8183304071426392
value_pre-c4_len1024-prefill-hidden-tokens32,prefill,10,attn_update,value_pre_para_ratio,500,0.4853987406159229,0.48735709053092946,0.4106307948526202,0.5567084995715695,0.2826119438380295,0.6333066782977667
value_pre-c4_len1024-prefill-hidden-tokens32,prefill,10,attn_update,value_pre_perp_ratio,500,0.8719039599038771,0.8732027404046827,0.8307077171365249,0.9118016823537116,0.7739009515133307,0.9592342625004296
value_pre-c4_len1024-prefill-hidden-tokens32,prefill,10,attn_update,value_pre_self_alignment,500,0.4853987396359444,0.48735710978507996,0.41063078343868253,0.5567085266113281,0.2826119661331177,0.6333067417144775
value_pre-c4_len1024-prefill-hidden-tokens32,prefill,10,attn_update,value_pre_self_value_norm,500,28.37303861618042,28.49655055999756,24.16078109741211,32.37588958740234,19.023954391479492,43.32704162597656
value_pre-c4_len1024-prefill-hidden-tokens32,prefill,11,attn_update,value_pre_norm,500,8.272543621063232,8.2852783203125,6.656128692626953,9.911574077606202,4.794372081756592,12.511833190917969
value_pre-c4_len1024-prefill-hidden-tokens32,prefill,11,attn_update,value_pre_para_perp_ratio,500,0.5632611059546471,0.5482374131679535,0.41037814915180204,0.7377387821674348,0.2797245681285858,0.9297659397125244
value_pre-c4_len1024-prefill-hidden-tokens32,prefill,11,attn_update,value_pre_para_ratio,500,0.4847371527088204,0.480731636142503,0.3796526853740636,0.5936665566620202,0.2693839547211354,0.6809207107620487
value_pre-c4_len1024-prefill-hidden-tokens32,prefill,11,attn_update,value_pre_perp_ratio,500,0.8700111352058432,0.8768676862020388,0.8047111157146324,0.9251290473173766,0.7323571062347765,0.9630329049839359
value_pre-c4_len1024-prefill-hidden-tokens32,prefill,11,attn_update,value_pre_self_alignment,500,0.48473715341091156,0.48073162138462067,0.3796526312828064,0.59366654753685,0.26938390731811523,0.6809207201004028
value_pre-c4_len1024-prefill-hidden-tokens32,prefill,11,attn_update,value_pre_self_value_norm,500,19.477905405044556,19.458080291748047,16.581374168395996,22.535332679748535,13.021869659423828,26.258201599121094
value_pre-c4_len1024-prefill-hidden-tokens32,prefill,12,attn_update,value_pre_norm,500,9.835463770866394,9.759396076202393,8.305013370513915,11.441599082946778,6.901564121246338,13.82972240447998
value_pre-c4_len1024-prefill-hidden-tokens32,prefill,12,attn_update,value_pre_para_perp_ratio,500,0.6061535614132881,0.6034241020679474,0.4701416492462158,0.7428868114948273,0.29674750566482544,0.9340163469314575
value_pre-c4_len1024-prefill-hidden-tokens32,prefill,12,attn_update,value_pre_para_ratio,500,0.5138108065815479,0.5166497761401336,0.42546603906245833,0.5963393133839074,0.2844859746864592,0.6825849661423273
value_pre-c4_len1024-prefill-hidden-tokens32,prefill,12,attn_update,value_pre_perp_ratio,500,0.8544631802773374,0.8561967946569464,0.8027324229957866,0.9049742744393605,0.7308062263479232,0.9586802138678828
value_pre-c4_len1024-prefill-hidden-tokens32,prefill,12,attn_update,value_pre_self_alignment,500,0.5138108053207397,0.5166497826576233,0.42546605765819545,0.5963393092155457,0.28448599576950073,0.6825850009918213
value_pre-c4_len1024-prefill-hidden-tokens32,prefill,12,attn_update,value_pre_self_value_norm,500,22.085538166046142,21.975932121276855,19.418611526489258,24.992949104309083,17.03586196899414,29.797855377197266
value_pre-c4_len1024-prefill-hidden-tokens32,prefill,13,attn_update,value_pre_norm,500,8.597078861236572,8.575416564941406,6.83154411315918,10.456974983215332,5.438882350921631,14.39309024810791
value_pre-c4_len1024-prefill-hidden-tokens32,prefill,13,attn_update,value_pre_para_perp_ratio,500,0.5449574035406113,0.5514683127403259,0.38622512221336364,0.7068279862403869,0.2057436853647232,0.8712802529335022
value_pre-c4_len1024-prefill-hidden-tokens32,prefill,13,attn_update,value_pre_para_ratio,500,0.47200660546843193,0.4829055879858086,0.3602864115840432,0.577198497497055,0.2015226313886261,0.6569146990867063
value_pre-c4_len1024-prefill-hidden-tokens32,prefill,13,attn_update,value_pre_perp_ratio,500,0.8763334841715158,0.8756724432359176,0.816603922833102,0.9328412492173568,0.7539648560016655,0.9794838885767093
value_pre-c4_len1024-prefill-hidden-tokens32,prefill,13,attn_update,value_pre_self_alignment,500,0.47200660359859464,0.4829055815935135,0.36028641164302827,0.5771984815597534,0.2015226185321808,0.6569147706031799
value_pre-c4_len1024-prefill-hidden-tokens32,prefill,13,attn_update,value_pre_self_value_norm,500,20.714840742111207,20.26566982269287,18.130207252502444,23.01534309387207,15.977799415588379,74.03402709960938
value_pre-c4_len1024-prefill-hidden-tokens32,prefill,14,attn_update,value_pre_norm,500,11.76092084312439,11.633019924163818,9.518743896484374,14.132381343841553,7.241168975830078,17.157583236694336
value_pre-c4_len1024-prefill-hidden-tokens32,prefill,14,attn_update,value_pre_para_perp_ratio,500,0.6206191239953041,0.6191524267196655,0.4733394354581833,0.7740589559078216,0.2659235894680023,0.9912204146385193
value_pre-c4_len1024-prefill-hidden-tokens32,prefill,14,attn_update,value_pre_para_ratio,500,0.5216046592563415,0.5264186704360525,0.4278317950991419,0.6121066351806721,0.2569921450908111,0.7039821763833789
value_pre-c4_len1024-prefill-hidden-tokens32,prefill,14,attn_update,value_pre_perp_ratio,500,0.8489029041705491,0.8502251684032331,0.790775202766187,0.90385833552746,0.7102176120105376,0.9664134957075884
value_pre-c4_len1024-prefill-hidden-tokens32,prefill,14,attn_update,value_pre_self_alignment,500,0.5216046591997147,0.5264187157154083,0.42783182859420776,0.6121066272258758,0.2569921314716339,0.7039821147918701
value_pre-c4_len1024-prefill-hidden-tokens32,prefill,14,attn_update,value_pre_self_value_norm,500,26.20190955352783,26.095433235168457,22.671392822265624,30.30912265777588,19.080821990966797,33.77614212036133
value_pre-c4_len1024-prefill-hidden-tokens32,prefill,15,attn_update,value_pre_norm,500,12.311652410507202,12.173534870147705,9.918259716033937,14.847208213806153,6.910899639129639,23.208017349243164
value_pre-c4_len1024-prefill-hidden-tokens32,prefill,15,attn_update,value_pre_para_perp_ratio,500,0.6282277800440789,0.6304609477519989,0.4493475526571274,0.7904008805751801,0.3184331953525543,1.0159884691238403
value_pre-c4_len1024-prefill-hidden-tokens32,prefill,15,attn_update,value_pre_para_ratio,500,0.524978599727058,0.5333166415989989,0.409869523683388,0.6200917553695608,0.30342117514925865,0.7126922418751634
value_pre-c4_len1024-prefill-hidden-tokens32,prefill,15,attn_update,value_pre_perp_ratio,500,0.8459645187123728,0.8459156056835064,0.7845289352201659,0.9121439572542469,0.7014767221577678,0.9528565679000216
value_pre-c4_len1024-prefill-hidden-tokens32,prefill,15,attn_update,value_pre_self_alignment,500,0.5249786031842232,0.5333166420459747,0.40986954867839814,0.620091724395752,0.3034211993217468,0.7126922607421875
value_pre-c4_len1024-prefill-hidden-tokens32,prefill,15,attn_update,value_pre_self_value_norm,500,26.189342002868653,25.773767471313477,22.36712188720703,29.26774673461914,17.23133659362793,120.73828125
value_pre-c4_len1024-prefill-hidden-tokens32,prefill,16,attn_update,value_pre_norm,500,11.481574207305908,11.429728507995605,9.17020845413208,13.803583145141602,5.923135280609131,22.130128860473633
value_pre-c4_len1024-prefill-hidden-tokens32,prefill,16,attn_update,value_pre_para_perp_ratio,500,0.5037059098780156,0.5047903656959534,0.3736229866743088,0.6394473314285279,0.18877321481704712,0.8194630742073059
value_pre-c4_len1024-prefill-hidden-tokens32,prefill,16,attn_update,value_pre_para_ratio,500,0.4451990998499625,0.4506312877184413,0.3499921693576475,0.5387233037378829,0.1854970246350218,0.6338313042799767
value_pre-c4_len1024-prefill-hidden-tokens32,prefill,16,attn_update,value_pre_perp_ratio,500,0.8915203028463978,0.8927100076234213,0.8424827463309962,0.9367524677549628,0.7734714518788597,0.982644801040769
value_pre-c4_len1024-prefill-hidden-tokens32,prefill,16,attn_update,value_pre_self_alignment,500,0.44519910034537313,0.450631320476532,0.349992173910141,0.538723373413086,0.1854970008134842,0.633831262588501
value_pre-c4_len1024-prefill-hidden-tokens32,prefill,16,attn_update,value_pre_self_value_norm,500,32.293787006378174,31.679966926574707,26.498322868347167,36.63432693481445,19.609973907470703,180.4424591064453
value_pre-c4_len1024-prefill-hidden-tokens32,prefill,17,attn_update,value_pre_norm,500,13.430247047424317,13.355554103851318,10.635628128051758,16.257118606567385,6.604968070983887,35.81258010864258
value_pre-c4_len1024-prefill-hidden-tokens32,prefill,17,attn_update,value_pre_para_perp_ratio,500,0.6895780232697726,0.6858125627040863,0.5140401721000671,0.8818594813346863,0.12194093316793442,1.1056573390960693
value_pre-c4_len1024-prefill-hidden-tokens32,prefill,17,attn_update,value_pre_para_ratio,500,0.5589893243554942,0.5655834822359294,0.4571748478326108,0.6614135203866129,0.12104430758965677,0.7416548188330508
value_pre-c4_len1024-prefill-hidden-tokens32,prefill,17,attn_update,value_pre_perp_ratio,500,0.822700399520098,0.8246910540797894,0.7500214488200696,0.8893764898552083,0.6707817796078352,0.9926470376765022
value_pre-c4_len1024-prefill-hidden-tokens32,prefill,17,attn_update,value_pre_self_alignment,500,0.5589893277585506,0.5655834376811981,0.4571748495101929,0.6614135324954987,0.12104429304599762,0.7416548132896423
value_pre-c4_len1024-prefill-hidden-tokens32,prefill,17,attn_update,value_pre_self_value_norm,500,28.662758361816405,27.952716827392578,23.238373374938966,32.02440910339355,7.76765251159668,203.04783630371094
value_pre-c4_len1024-prefill-hidden-tokens32,prefill,18,attn_update,value_pre_norm,500,14.345364740371704,14.343732833862305,11.612973022460938,17.174709701538085,7.341275691986084,20.01333236694336
value_pre-c4_len1024-prefill-hidden-tokens32,prefill,18,attn_update,value_pre_para_perp_ratio,500,0.6758976384699344,0.6727037727832794,0.5059755265712738,0.8533928751945496,0.045274652540683746,1.7235981225967407
value_pre-c4_len1024-prefill-hidden-tokens32,prefill,18,attn_update,value_pre_para_ratio,500,0.551435334613799,0.5581632140065749,0.45147401485242566,0.6491451641762594,0.04522832196897512,0.8649629493038608
value_pre-c4_len1024-prefill-hidden-tokens32,prefill,18,attn_update,value_pre_perp_ratio,500,0.8278850507959986,0.8297311160368839,0.7606643905740983,0.8922842713254618,0.5018356230834096,0.9989766939919563
value_pre-c4_len1024-prefill-hidden-tokens32,prefill,18,attn_update,value_pre_self_alignment,500,0.5514353338479996,0.5581632256507874,0.45147400200366977,0.6491451144218445,0.04522831737995148,0.8649630546569824
value_pre-c4_len1024-prefill-hidden-tokens32,prefill,18,attn_update,value_pre_self_value_norm,500,32.09738381958008,31.34220027923584,26.080875205993653,36.06785545349121,9.551414489746094,218.35369873046875
value_pre-c4_len1024-prefill-hidden-tokens32,prefill,19,attn_update,value_pre_norm,500,15.57452045917511,15.422406673431396,12.39080810546875,19.13725109100342,7.77147912979126,26.48720932006836
value_pre-c4_len1024-prefill-hidden-tokens32,prefill,19,attn_update,value_pre_para_perp_ratio,500,0.598397071391344,0.5758120119571686,0.430671951174736,0.7747522950172425,0.22282405197620392,2.2792153358459473
value_pre-c4_len1024-prefill-hidden-tokens32,prefill,19,attn_update,value_pre_para_ratio,500,0.5043993447541716,0.49899986107991023,0.39554852726156503,0.612449287946251,0.21749020276503436,0.9157373742121183
value_pre-c4_len1024-prefill-hidden-tokens32,prefill,19,attn_update,value_pre_perp_ratio,500,0.8572287622559663,0.8666020335581711,0.7905098323961282,0.9184450420808125,0.40177747870854863,0.9760624991210458
value_pre-c4_len1024-prefill-hidden-tokens32,prefill,19,attn_update,value_pre_self_alignment,500,0.5043993452191353,0.4989998787641525,0.39554856419563295,0.6124493479728699,0.21749019622802734,0.9157372713088989
value_pre-c4_len1024-prefill-hidden-tokens32,prefill,19,attn_update,value_pre_self_value_norm,500,38.909815700531006,39.161991119384766,33.53529510498047,44.24082450866699,8.66162109375,51.866790771484375
value_pre-c4_len1024-prefill-hidden-tokens32,prefill,20,attn_update,value_pre_norm,500,15.46310050201416,15.44183349609375,11.96689805984497,19.17198791503906,7.426979064941406,25.285276412963867
value_pre-c4_len1024-prefill-hidden-tokens32,prefill,20,attn_update,value_pre_para_perp_ratio,500,0.644539513528347,0.6328074336051941,0.4894976854324341,0.8010075330734254,0.322058767080307,1.5146484375
value_pre-c4_len1024-prefill-hidden-tokens32,prefill,20,attn_update,value_pre_para_ratio,500,0.5356743569841039,0.5347348373819427,0.43965134028844316,0.6251734978856842,0.3065528145935088,0.834525288523953
value_pre-c4_len1024-prefill-hidden-tokens32,prefill,20,attn_update,value_pre_perp_ratio,500,0.8401066037895083,0.8450198774611726,0.7804851231909364,0.8981684714016742,0.5509696258176059,0.9518536546457653
value_pre-c4_len1024-prefill-hidden-tokens32,prefill,20,attn_update,value_pre_self_alignment,500,0.535674357354641,0.5347348153591156,0.43965134024620056,0.6251735508441926,0.30655279755592346,0.8345253467559814
value_pre-c4_len1024-prefill-hidden-tokens32,prefill,20,attn_update,value_pre_self_value_norm,500,38.264952098846436,38.4586238861084,33.753119659423824,43.175244903564455,9.44387435913086,49.10601806640625
value_pre-c4_len1024-prefill-hidden-tokens32,prefill,21,attn_update,value_pre_norm,500,16.73296251487732,16.543288230895996,13.419389533996583,20.096268081665038,10.504246711730957,26.560941696166992
value_pre-c4_len1024-prefill-hidden-tokens32,prefill,21,attn_update,value_pre_para_perp_ratio,500,0.6259795718789101,0.6144663691520691,0.47875423133373257,0.7828028678894043,0.31300869584083557,2.1542844772338867
value_pre-c4_len1024-prefill-hidden-tokens32,prefill,21,attn_update,value_pre_para_ratio,500,0.524014102526383,0.5235298778376886,0.4318176372923257,0.6164030611286503,0.29871724261246874,0.9070417153791058
value_pre-c4_len1024-prefill-hidden-tokens32,prefill,21,attn_update,value_pre_perp_ratio,500,0.8472755054118819,0.8520073732508167,0.787430780603621,0.9019609893494432,0.42104083275927,0.9543416387665793
value_pre-c4_len1024-prefill-hidden-tokens32,prefill,21,attn_update,value_pre_self_alignment,500,0.5240141008496284,0.5235298573970795,0.43181762397289275,0.6164030134677887,0.2987172305583954,0.9070417881011963
value_pre-c4_len1024-prefill-hidden-tokens32,prefill,21,attn_update,value_pre_self_value_norm,500,41.95527583885193,42.31030464172363,36.39579315185547,47.09417724609375,12.400710105895996,55.095943450927734
value_pre-c4_len1024-prefill-hidden-tokens32,prefill,22,attn_update,value_pre_norm,500,20.45032304763794,20.445430755615234,16.34006996154785,24.696100425720218,10.105657577514648,31.03299903869629
value_pre-c4_len1024-prefill-hidden-tokens32,prefill,22,attn_update,value_pre_para_perp_ratio,500,0.6652348374724388,0.6568576693534851,0.546575528383255,0.7985526919364929,0.4077112376689911,1.0616416931152344
value_pre-c4_len1024-prefill-hidden-tokens32,prefill,22,attn_update,value_pre_para_ratio,500,0.550056850572895,0.5490112966778511,0.47961003401628505,0.6240051242607424,0.37753816100523285,0.7279234361114401
value_pre-c4_len1024-prefill-hidden-tokens32,prefill,22,attn_update,value_pre_perp_ratio,500,0.8324096737461307,0.8358148411863432,0.7814202058235571,0.8774817733356363,0.6856583272429663,0.9259940263576353
value_pre-c4_len1024-prefill-hidden-tokens32,prefill,22,attn_update,value_pre_self_alignment,500,0.55005685120821,0.5490113198757172,0.4796099752187729,0.6240051031112671,0.37753817439079285,0.7279234528541565
value_pre-c4_len1024-prefill-hidden-tokens32,prefill,22,attn_update,value_pre_self_value_norm,500,50.881039695739744,50.78982162475586,45.6991153717041,56.84709777832031,9.291893005371094,70.15776824951172
value_pre-c4_len1024-prefill-hidden-tokens32,prefill,23,attn_update,value_pre_norm,500,22.572230525970458,22.594849586486816,18.40133399963379,26.5514705657959,10.03076171875,34.8204460144043
value_pre-c4_len1024-prefill-hidden-tokens32,prefill,23,attn_update,value_pre_para_perp_ratio,500,0.6817837956547738,0.6754912734031677,0.52982656955719,0.840577644109726,0.34436267614364624,1.1262476444244385
value_pre-c4_len1024-prefill-hidden-tokens32,prefill,23,attn_update,value_pre_para_ratio,500,0.557663945823911,0.5597525146616374,0.46817400579292584,0.643451310076874,0.3255977715959654,0.7477747704510052
value_pre-c4_len1024-prefill-hidden-tokens32,prefill,23,attn_update,value_pre_perp_ratio,500,0.8260020179291578,0.8286599030607498,0.7654870763275317,0.8836362939681828,0.6639523556533856,0.9455083383398514
value_pre-c4_len1024-prefill-hidden-tokens32,prefill,23,attn_update,value_pre_self_alignment,500,0.5576639452576637,0.5597524642944336,0.46817399859428405,0.6434513688087463,0.32559776306152344,0.7477747797966003
value_pre-c4_len1024-prefill-hidden-tokens32,prefill,23,attn_update,value_pre_self_value_norm,500,50.82313012313843,51.214765548706055,43.735463333129886,57.569151687622075,9.039941787719727,67.54863739013672
value_pre-c4_len1024-prefill-hidden-tokens32,prefill,24,attn_update,value_pre_norm,500,22.2720966091156,21.77403736114502,17.67819423675537,27.78991031646729,8.684511184692383,38.000362396240234
value_pre-c4_len1024-prefill-hidden-tokens32,prefill,24,attn_update,value_pre_para_perp_ratio,500,0.5295747469067573,0.5265499651432037,0.397316762804985,0.668817526102066,0.2512868642807007,0.9069289565086365
value_pre-c4_len1024-prefill-hidden-tokens32,prefill,24,attn_update,value_pre_para_ratio,500,0.4629405707324777,0.46590861745149326,0.3692400104384329,0.5559373524566165,0.24371008504392982,0.6717955123721088
value_pre-c4_len1024-prefill-hidden-tokens32,prefill,24,attn_update,value_pre_perp_ratio,500,0.8823822096346989,0.8848328042302791,0.8312242508413253,0.929334107418557,0.7407366491807383,0.969848089563991
value_pre-c4_len1024-prefill-hidden-tokens32,prefill,24,attn_update,value_pre_self_alignment,500,0.4629405693113804,0.46590861678123474,0.369240003824234,0.5559373140335083,0.24371008574962616,0.6717954874038696
value_pre-c4_len1024-prefill-hidden-tokens32,prefill,24,attn_update,value_pre_self_value_norm,500,66.45182500934601,66.5171012878418,55.68786544799805,77.64755554199219,7.235708713531494,96.05604553222656
value_pre-c4_len1024-prefill-hidden-tokens32,prefill,25,attn_update,value_pre_norm,500,16.76886969089508,16.72874641418457,12.544371223449707,21.023268890380862,5.542520999908447,29.86534309387207
value_pre-c4_len1024-prefill-hidden-tokens32,prefill,25,attn_update,value_pre_para_perp_ratio,500,0.5144426404833794,0.5095580816268921,0.37371287941932674,0.6522090435028076,0.1422857940196991,1.8431557416915894
value_pre-c4_len1024-prefill-hidden-tokens32,prefill,25,attn_update,value_pre_para_ratio,500,0.4509348133962451,0.4540135787646121,0.3500661252242602,0.546288416426683,0.140866987575359,0.8789674443406031
value_pre-c4_len1024-prefill-hidden-tokens32,prefill,25,attn_update,value_pre_perp_ratio,500,0.8874702748857256,0.8909947672950443,0.837597112093086,0.9367248845936345,0.4768818090991283,0.990028507908107
value_pre-c4_len1024-prefill-hidden-tokens32,prefill,25,attn_update,value_pre_self_alignment,500,0.4509348137676716,0.45401354134082794,0.35006604790687557,0.5462884187698365,0.1408669650554657,0.8789674043655396
value_pre-c4_len1024-prefill-hidden-tokens32,prefill,25,attn_update,value_pre_self_value_norm,500,58.95987957382202,59.38407897949219,49.86964721679688,67.72380142211914,6.337366104125977,77.72740936279297
value_pre-c4_len1024-prefill-hidden-tokens32,prefill,26,attn_update,value_pre_norm,500,14.636550884246827,14.15097713470459,9.089892864227295,21.037757682800294,4.652105331420898,34.19762420654297
value_pre-c4_len1024-prefill-hidden-tokens32,prefill,26,attn_update,value_pre_para_perp_ratio,500,0.4157035547196865,0.4104023426771164,0.2928288698196411,0.5396346330642701,0.11345177888870239,1.8153411149978638
value_pre-c4_len1024-prefill-hidden-tokens32,prefill,26,attn_update,value_pre_para_ratio,500,0.37830735855475567,0.3796719126379163,0.2810277581860416,0.47489993196237645,0.11272862503404221,0.8758973294033766
value_pre-c4_len1024-prefill-hidden-tokens32,prefill,26,attn_update,value_pre_perp_ratio,500,0.921142416781232,0.9251212169350582,0.8800397887292329,0.9596996514751606,0.48249738729493497,0.9936258639987252
value_pre-c4_len1024-prefill-hidden-tokens32,prefill,26,attn_update,value_pre_self_alignment,500,0.378307359084487,0.3796719014644623,0.28102776408195496,0.47489989995956416,0.11272863298654556,0.8758972883224487
value_pre-c4_len1024-prefill-hidden-tokens32,prefill,26,attn_update,value_pre_self_value_norm,500,68.02853654670716,67.77086639404297,53.84929580688476,82.05660171508788,5.031472206115723,99.7480697631836
value_pre-c4_len1024-prefill-hidden-tokens32,prefill,27,attn_update,value_pre_norm,500,18.865924545288085,19.28846836090088,13.351828861236573,23.829818344116212,4.8408050537109375,30.943275451660156
value_pre-c4_len1024-prefill-hidden-tokens32,prefill,27,attn_update,value_pre_para_perp_ratio,500,0.5289905247539282,0.5349085330963135,0.3867849081754684,0.6650038182735443,0.07408184558153152,1.6803475618362427
value_pre-c4_len1024-prefill-hidden-tokens32,prefill,27,attn_update,value_pre_para_ratio,500,0.461653889148405,0.4716692572565605,0.36074116765021697,0.5537411754881701,0.07387939725694367,0.8593393909162261
value_pre-c4_len1024-prefill-hidden-tokens32,prefill,27,attn_update,value_pre_perp_ratio,500,0.8824010626518862,0.8817755510272354,0.8326888363128064,0.9326660932145804,0.5114057422134803,0.9972672113814693
value_pre-c4_len1024-prefill-hidden-tokens32,prefill,27,attn_update,value_pre_self_alignment,500,0.4616538894325495,0.4716692417860031,0.3607411503791809,0.5537411391735078,0.07387939840555191,0.8593393564224243
value_pre-c4_len1024-prefill-hidden-tokens32,prefill,27,attn_update,value_pre_self_value_norm,500,76.84347293376922,77.37142181396484,63.72783546447754,90.07424545288086,5.650125026702881,112.15059661865234
value_pre-c4_len1024-prefill-hidden-tokens32,prefill,28,attn_update,value_pre_norm,500,25.04603839683533,24.803241729736328,18.953031158447267,31.49169025421143,9.227007865905762,40.976924896240234
value_pre-c4_len1024-prefill-hidden-tokens32,prefill,28,attn_update,value_pre_para_perp_ratio,500,0.614717395991087,0.6191999614238739,0.46271792948246004,0.7656834661960602,0.2049732655286789,0.9573942422866821
value_pre-c4_len1024-prefill-hidden-tokens32,prefill,28,attn_update,value_pre_para_ratio,500,0.5176633445707826,0.5264482175606564,0.41994039038545944,0.6079397481482995,0.20079848442013942,0.6915517003441778
value_pre-c4_len1024-prefill-hidden-tokens32,prefill,28,attn_update,value_pre_perp_ratio,500,0.850988654443468,0.8502072231753697,0.7939831356369336,0.9075516690350888,0.7223269956423556,0.9796325826847246
value_pre-c4_len1024-prefill-hidden-tokens32,prefill,28,attn_update,value_pre_self_alignment,500,0.5176633474230766,0.5264482498168945,0.4199403375387192,0.607939749956131,0.20079848170280457,0.691551685333252
value_pre-c4_len1024-prefill-hidden-tokens32,prefill,28,attn_update,value_pre_self_value_norm,500,83.07292501068115,84.86462020874023,67.09407272338868,98.35264129638672,8.322181701660156,112.86235809326172
value_pre-c4_len1024-prefill-hidden-tokens32,prefill,29,attn_update,value_pre_norm,500,18.169864547729492,16.625389099121094,9.443300056457518,29.12302131652833,4.758064270019531,55.30510711669922
value_pre-c4_len1024-prefill-hidden-tokens32,prefill,29,attn_update,value_pre_para_perp_ratio,500,0.28833972283452747,0.27874577045440674,0.16863695234060286,0.41364036202430726,0.03818539157509804,2.0666615962982178
value_pre-c4_len1024-prefill-hidden-tokens32,prefill,29,attn_update,value_pre_para_ratio,500,0.2717084781635047,0.2685093960821705,0.16628901951231778,0.3822312683826711,0.03815758257117651,0.9001587832258209
value_pre-c4_len1024-prefill-hidden-tokens32,prefill,29,attn_update,value_pre_perp_ratio,500,0.9575099363105013,0.9632770395872456,0.9240666383712082,0.9860769870489816,0.4355617603010668,0.9992716963594668
value_pre-c4_len1024-prefill-hidden-tokens32,prefill,29,attn_update,value_pre_self_alignment,500,0.2717084795460105,0.2685093730688095,0.166289022564888,0.38223128020763397,0.03815758228302002,0.9001588225364685
value_pre-c4_len1024-prefill-hidden-tokens32,prefill,29,attn_update,value_pre_self_value_norm,500,121.83077029228211,122.43595504760742,79.1018814086914,164.2858642578125,5.347151756286621,258.3553466796875
value_pre-c4_len1024-prefill-hidden-tokens32,prefill,30,attn_update,value_pre_norm,500,30.527704216957094,30.606706619262695,20.790623474121094,40.121702957153325,7.549868583679199,61.925628662109375
value_pre-c4_len1024-prefill-hidden-tokens32,prefill,30,attn_update,value_pre_para_perp_ratio,500,0.5188387929201126,0.529448002576828,0.3522508680820465,0.6795031607151031,0.09489335119724274,0.9187676906585693
value_pre-c4_len1024-prefill-hidden-tokens32,prefill,30,attn_update,value_pre_para_ratio,500,0.45357167842422025,0.4679127213176393,0.3322410672699162,0.5620289727573339,0.09446897624617406,0.6765648836351817
value_pre-c4_len1024-prefill-hidden-tokens32,prefill,30,attn_update,value_pre_perp_ratio,500,0.8851993607700436,0.8837746790232499,0.8271175549684675,0.9431944974374431,0.736382967408655,0.9955278664515348
value_pre-c4_len1024-prefill-hidden-tokens32,prefill,30,attn_update,value_pre_self_alignment,500,0.45357167689502237,0.4679126888513565,0.33224105536937715,0.5620289087295531,0.09446897357702255,0.6765649914741516
value_pre-c4_len1024-prefill-hidden-tokens32,prefill,30,attn_update,value_pre_self_value_norm,500,130.52323226928712,128.49967193603516,103.91231918334961,161.3520263671875,8.498550415039062,220.58157348632812
value_pre-c4_len1024-prefill-hidden-tokens32,prefill,31,attn_update,value_pre_norm,500,29.307012971878052,28.27755832672119,19.25158100128174,40.92257919311524,9.14445686340332,73.80933380126953
value_pre-c4_len1024-prefill-hidden-tokens32,prefill,31,attn_update,value_pre_para_perp_ratio,500,0.4030469912290573,0.40109744668006897,0.2611395925283432,0.5501003861427307,0.10456763207912445,0.767717182636261
value_pre-c4_len1024-prefill-hidden-tokens32,prefill,31,attn_update,value_pre_para_ratio,500,0.36880397189789565,0.37226860022662966,0.25266649909839567,0.48198609414186155,0.10400057450240364,0.608956210383454
value_pre-c4_len1024-prefill-hidden-tokens32,prefill,31,attn_update,value_pre_perp_ratio,500,0.9246438908207453,0.9281250837203912,0.8761787149337182,0.9675534516535138,0.7932038516205994,0.994577150889259
value_pre-c4_len1024-prefill-hidden-tokens32,prefill,31,attn_update,value_pre_self_alignment,500,0.368803973570466,0.3722686171531677,0.2526664823293686,0.4819860696792603,0.10400057584047318,0.6089561581611633
value_pre-c4_len1024-prefill-hidden-tokens32,prefill,31,attn_update,value_pre_self_value_norm,500,152.05829301166534,147.62623596191406,107.64730606079101,199.80162048339847,7.968245029449463,329.7091979980469
value_pre-c4_len1024-prefill-hidden-tokens32,prefill,32,attn_update,value_pre_norm,500,32.78982463645935,30.632346153259277,19.39814739227295,48.05946159362793,12.572113990783691,106.4084243774414
value_pre-c4_len1024-prefill-hidden-tokens32,prefill,32,attn_update,value_pre_para_perp_ratio,500,0.3550241926908493,0.3545068949460983,0.22444799095392226,0.48021899759769443,0.06632307916879654,0.7524062395095825
value_pre-c4_len1024-prefill-hidden-tokens32,prefill,32,attn_update,value_pre_para_ratio,500,0.330513053059222,0.33413206311047217,0.21899938805298597,0.43289135431672465,0.06617769668292371,0.601229855673178
value_pre-c4_len1024-prefill-hidden-tokens32,prefill,32,attn_update,value_pre_perp_ratio,500,0.9395059271522949,0.9425262790960113,0.9014459064660155,0.975724804102589,0.7990760846379892,0.99780792582056
value_pre-c4_len1024-prefill-hidden-tokens32,prefill,32,attn_update,value_pre_self_alignment,500,0.3305130524337292,0.33413204550743103,0.21899937093257904,0.43289134800434115,0.06617769598960876,0.6012299060821533
value_pre-c4_len1024-prefill-hidden-tokens32,prefill,32,attn_update,value_pre_self_value_norm,500,183.65577401924133,178.02867889404297,128.24495010375978,242.3408142089844,9.880738258361816,379.1798400878906
value_pre-c4_len1024-prefill-hidden-tokens32,prefill,33,attn_update,value_pre_norm,500,36.13687491416931,33.0767707824707,20.40951442718506,55.61960983276367,12.83296012878418,101.13226318359375
value_pre-c4_len1024-prefill-hidden-tokens32,prefill,33,attn_update,value_pre_para_perp_ratio,500,0.23535951347276568,0.22406361997127533,0.13279478549957274,0.35065300166606905,0.00944053940474987,0.5580481290817261
value_pre-c4_len1024-prefill-hidden-tokens32,prefill,33,attn_update,value_pre_para_ratio,500,0.22662342935814436,0.21864240982422556,0.13163914184690395,0.33089932891032364,0.009440117952232508,0.4873053386021619
value_pre-c4_len1024-prefill-hidden-tokens32,prefill,33,attn_update,value_pre_perp_ratio,500,0.9705026076860085,0.9758050610673195,0.9436660584660017,0.9912976409658865,0.8732316959790799,0.9999554040967347
value_pre-c4_len1024-prefill-hidden-tokens32,prefill,33,attn_update,value_pre_self_alignment,500,0.22662342806346714,0.21864241361618042,0.13163912743330003,0.33089934289455414,0.00944011565297842,0.48730534315109253
value_pre-c4_len1024-prefill-hidden-tokens32,prefill,33,attn_update,value_pre_self_value_norm,500,265.62560050964356,255.79580688476562,163.2092697143555,379.9623107910156,12.818550109863281,673.8373413085938
value_pre-c4_len1024-prefill-hidden-tokens32,prefill,34,attn_update,value_pre_norm,500,62.01631058120728,59.869401931762695,46.92225341796875,78.56735763549806,28.379831314086914,128.19837951660156
value_pre-c4_len1024-prefill-hidden-tokens32,prefill,34,attn_update,value_pre_para_perp_ratio,500,0.41810056747496127,0.41195048391819,0.3291652053594589,0.5219777822494507,0.0849076583981514,0.6574423313140869
value_pre-c4_len1024-prefill-hidden-tokens32,prefill,34,attn_update,value_pre_para_ratio,500,0.38324734483737066,0.3808966679852902,0.3126622901752919,0.4627322487941803,0.08460323692519246,0.5493526252616554
value_pre-c4_len1024-prefill-hidden-tokens32,prefill,34,attn_update,value_pre_perp_ratio,500,0.9213288098722915,0.9246176149152775,0.8864980862791958,0.9498643311229175,0.8355905595734916,0.9964146665822304
value_pre-c4_len1024-prefill-hidden-tokens32,prefill,34,attn_update,value_pre_self_alignment,500,0.3829089332520962,0.3808966726064682,0.3126622498035431,0.4627322465181351,-0.08460323512554169,0.5493526458740234
value_pre-c4_len1024-prefill-hidden-tokens32,prefill,34,attn_update,value_pre_self_value_norm,500,253.10740872573854,247.6236343383789,197.8453567504883,306.0313873291016,21.74888801574707,496.6997375488281
value_pre-c4_len1024-prefill-hidden-tokens32,prefill,35,attn_update,value_pre_norm,500,71.41335328674316,68.47063064575195,58.64735450744629,83.21040725708008,48.78547286987305,192.97427368164062
value_pre-c4_len1024-prefill-hidden-tokens32,prefill,35,attn_update,value_pre_para_perp_ratio,500,0.8053008993864059,0.8121113479137421,0.6842868328094482,0.9218262135982515,0.45192819833755493,1.140108346939087
value_pre-c4_len1024-prefill-hidden-tokens32,prefill,35,attn_update,value_pre_para_ratio,500,0.6239233416344893,0.6304108720386763,0.5647268301177714,0.6777832403249403,0.41182535462006314,0.7517901987635423
value_pre-c4_len1024-prefill-hidden-tokens32,prefill,35,attn_update,value_pre_perp_ratio,500,0.779167291826706,0.7762616257808513,0.7352616168132149,0.8252779313406043,0.6594023852816104,0.911262769293441
value_pre-c4_len1024-prefill-hidden-tokens32,prefill,35,attn_update,value_pre_self_alignment,500,0.62392333984375,0.6304108798503876,0.5647268176078797,0.6777832090854645,0.4118253290653229,0.7517902255058289
value_pre-c4_len1024-prefill-hidden-tokens32,prefill,35,attn_update,value_pre_self_value_norm,500,179.41099963378906,168.24895477294922,152.97807922363282,219.73750000000007,138.142578125,389.0942077636719
value_pre-c4_len128-prefill-hidden-tokens32,prefill,0,attn_update,value_pre_norm,61,1.284124132062568,1.3166805505752563,1.1116124391555786,1.4341351985931396,1.0880376100540161,1.4957654476165771
value_pre-c4_len128-prefill-hidden-tokens32,prefill,0,attn_update,value_pre_para_perp_ratio,61,0.6118410307852948,0.6239900588989258,0.4893243908882141,0.7231211066246033,0.28052493929862976,0.8126071095466614
value_pre-c4_len128-prefill-hidden-tokens32,prefill,0,attn_update,value_pre_para_ratio,61,0.5175041998954892,0.5293826886808987,0.4395257968786147,0.5859691250461614,0.27009857607081356,0.6306426923715909
value_pre-c4_len128-prefill-hidden-tokens32,prefill,0,attn_update,value_pre_perp_ratio,61,0.8521369154777029,0.8483831825489652,0.8103333456117177,0.8982299010897057,0.7760733355129793,0.9628326831554398
value_pre-c4_len128-prefill-hidden-tokens32,prefill,0,attn_update,value_pre_self_alignment,61,0.5175042098662892,0.5293826460838318,0.439525842666626,0.5859692096710205,0.27009856700897217,0.6306426525115967
value_pre-c4_len128-prefill-hidden-tokens32,prefill,0,attn_update,value_pre_self_value_norm,61,1.953733756893971,1.977484941482544,1.755787968635559,2.11088490486145,1.687408208847046,2.227299928665161
value_pre-c4_len128-prefill-hidden-tokens32,prefill,1,attn_update,value_pre_norm,61,1.5652884440343888,1.5313782691955566,1.2118165493011475,1.8948206901550293,1.0946348905563354,2.6038944721221924
value_pre-c4_len128-prefill-hidden-tokens32,prefill,1,attn_update,value_pre_para_perp_ratio,61,0.3112380231013063,0.3108225166797638,0.1902753710746765,0.4408736228942871,0.09238655865192413,0.5509679913520813
value_pre-c4_len128-prefill-hidden-tokens32,prefill,1,attn_update,value_pre_para_ratio,61,0.29374012653979803,0.2968152597286272,0.18692173302693063,0.40340825865536645,0.09199479093172441,0.48256953837420985
value_pre-c4_len128-prefill-hidden-tokens32,prefill,1,attn_update,value_pre_perp_ratio,61,0.9518516617471945,0.9549348823044678,0.9150201643996442,0.9823748261774587,0.8758576191669368,0.9957594464644689
value_pre-c4_len128-prefill-hidden-tokens32,prefill,1,attn_update,value_pre_self_alignment,61,0.29374012912883135,0.29681524634361267,0.18692174553871155,0.4034082889556885,0.09199479222297668,0.48256954550743103
value_pre-c4_len128-prefill-hidden-tokens32,prefill,1,attn_update,value_pre_self_value_norm,61,3.222552524238336,3.457437753677368,1.8848676681518555,3.9336423873901367,1.3319061994552612,4.128415107727051
value_pre-c4_len128-prefill-hidden-tokens32,prefill,2,attn_update,value_pre_norm,61,1.7137675832529538,1.6625698804855347,1.4245260953903198,2.0973010063171387,1.2273247241973877,2.5525081157684326
value_pre-c4_len128-prefill-hidden-tokens32,prefill,2,attn_update,value_pre_para_perp_ratio,61,0.25068405221720214,0.276194304227829,0.13571104407310486,0.3405042886734009,0.07182954251766205,0.3979186415672302
value_pre-c4_len128-prefill-hidden-tokens32,prefill,2,attn_update,value_pre_para_ratio,61,0.24110716660042036,0.2662265912826112,0.13447832803119109,0.322330580129969,0.07164495150386865,0.36972290806444247
value_pre-c4_len128-prefill-hidden-tokens32,prefill,2,attn_update,value_pre_perp_ratio,61,0.9674414803709256,0.9639105294192789,0.9466270944456631,0.9909166255028741,0.9291419678615266,0.9974301573146588
value_pre-c4_len128-prefill-hidden-tokens32,prefill,2,attn_update,value_pre_self_alignment,61,0.24110717179833865,0.266226589679718,0.13447833061218262,0.32233065366744995,0.07164494693279266,0.3697229027748108
value_pre-c4_len128-prefill-hidden-tokens32,prefill,2,attn_update,value_pre_self_value_norm,61,4.743691667181547,4.897600173950195,3.4770233631134033,5.366373062133789,3.1823673248291016,6.423955917358398
value_pre-c4_len128-prefill-hidden-tokens32,prefill,3,attn_update,value_pre_norm,61,2.096630397390147,2.057387113571167,1.7384620904922485,2.602980375289917,1.4605764150619507,2.982869863510132
value_pre-c4_len128-prefill-hidden-tokens32,prefill,3,attn_update,value_pre_para_perp_ratio,61,0.2663070459346302,0.26203492283821106,0.15547867119312286,0.3815969228744507,0.07093081623315811,0.50689297914505
value_pre-c4_len128-prefill-hidden-tokens32,prefill,3,attn_update,value_pre_para_ratio,61,0.25455940809886657,0.25347721990914646,0.1536328294785211,0.3565211444374225,0.07075305151245045,0.452125408663948
value_pre-c4_len128-prefill-hidden-tokens32,prefill,3,attn_update,value_pre_perp_ratio,61,0.9634414942267341,0.9673413346615787,0.93428723322294,0.9881280354169111,0.8919543427627883,0.9974938384550109
value_pre-c4_len128-prefill-hidden-tokens32,prefill,3,attn_update,value_pre_self_alignment,61,0.254559406735858,0.25347721576690674,0.15363284945487976,0.3565211594104767,0.0707530528306961,0.4521254301071167
value_pre-c4_len128-prefill-hidden-tokens32,prefill,3,attn_update,value_pre_self_value_norm,61,6.53230058951456,6.8671464920043945,5.108818054199219,7.546873569488525,3.7753725051879883,8.156539916992188
value_pre-c4_len128-prefill-hidden-tokens32,prefill,4,attn_update,value_pre_norm,61,2.589577622100955,2.563744306564331,2.0104246139526367,3.325237512588501,1.582384705543518,4.122777462005615
value_pre-c4_len128-prefill-hidden-tokens32,prefill,4,attn_update,value_pre_para_perp_ratio,61,0.26129101265649324,0.24881571531295776,0.1707725077867508,0.3887183964252472,0.126162588596344,0.4668128788471222
value_pre-c4_len128-prefill-hidden-tokens32,prefill,4,attn_update,value_pre_para_ratio,61,0.25054084241352137,0.24145382560400702,0.1683355509499004,0.3623082430388747,0.12517034678713954,0.4229942756790323
value_pre-c4_len128-prefill-hidden-tokens32,prefill,4,attn_update,value_pre_perp_ratio,61,0.9651873679615003,0.9704122725117543,0.9320583846410274,0.985729824070319,0.9061323782042081,0.9921352268747898
value_pre-c4_len128-prefill-hidden-tokens32,prefill,4,attn_update,value_pre_self_alignment,61,0.25054083911121866,0.2414538413286209,0.16833552718162537,0.3623082637786865,0.12517035007476807,0.4229942858219147
value_pre-c4_len128-prefill-hidden-tokens32,prefill,4,attn_update,value_pre_self_value_norm,61,8.398555247510066,8.801918983459473,6.081270694732666,9.986540794372559,4.9182891845703125,10.364068984985352
value_pre-c4_len128-prefill-hidden-tokens32,prefill,5,attn_update,value_pre_norm,61,3.6053596715458105,3.459005117416382,2.7992727756500244,4.455728530883789,2.4462687969207764,5.600605010986328
value_pre-c4_len128-prefill-hidden-tokens32,prefill,5,attn_update,value_pre_para_perp_ratio,61,0.3723412476113585,0.34462717175483704,0.23014387488365173,0.5578725337982178,0.15951982140541077,0.6578236222267151
value_pre-c4_len128-prefill-hidden-tokens32,prefill,5,attn_update,value_pre_para_ratio,61,0.34268875388769393,0.32582135191907635,0.2242808476847229,0.487188383100295,0.15752815024808992,0.5495750527013018
value_pre-c4_len128-prefill-hidden-tokens32,prefill,5,attn_update,value_pre_perp_ratio,61,0.9334425454987028,0.9454313950410522,0.8732969054877319,0.9745245073714444,0.8354443674287169,0.9875145450952841
value_pre-c4_len128-prefill-hidden-tokens32,prefill,5,attn_update,value_pre_self_alignment,61,0.34268875322381004,0.3258213400840759,0.22428083419799805,0.4871883690357208,0.15752814710140228,0.5495749711990356
value_pre-c4_len128-prefill-hidden-tokens32,prefill,5,attn_update,value_pre_self_value_norm,61,9.713996379101863,10.21198558807373,7.2331929206848145,11.735032081604004,5.7222795486450195,12.510458946228027
value_pre-c4_len128-prefill-hidden-tokens32,prefill,6,attn_update,value_pre_norm,61,5.625572806499044,5.818640232086182,4.248535633087158,6.8626322746276855,3.3846704959869385,7.777660369873047
value_pre-c4_len128-prefill-hidden-tokens32,prefill,6,attn_update,value_pre_para_perp_ratio,61,0.424952357274587,0.41449591517448425,0.2625380754470825,0.6365589499473572,0.15214507281780243,0.7450830340385437
value_pre-c4_len128-prefill-hidden-tokens32,prefill,6,attn_update,value_pre_para_ratio,61,0.3831888972418363,0.38290605568928837,0.2539325742512057,0.5369927972782222,0.15041412663960155,0.5974735505389223
value_pre-c4_len128-prefill-hidden-tokens32,prefill,6,attn_update,value_pre_perp_ratio,61,0.9163861666445248,0.9237873117693012,0.843586908082592,0.9672218568146758,0.8018885564913892,0.9886230581313209
value_pre-c4_len128-prefill-hidden-tokens32,prefill,6,attn_update,value_pre_self_alignment,61,0.3831888957590353,0.382906049489975,0.25393256545066833,0.5369927883148193,0.1504141241312027,0.5974736213684082
value_pre-c4_len128-prefill-hidden-tokens32,prefill,6,attn_update,value_pre_self_value_norm,61,11.814839793033288,13.349342346191406,6.531923294067383,15.121562004089355,5.717225074768066,16.367977142333984
value_pre-c4_len128-prefill-hidden-tokens32,prefill,7,attn_update,value_pre_norm,61,5.449207016679107,5.334971904754639,4.336671829223633,6.712199687957764,3.2433717250823975,8.319907188415527
value_pre-c4_len128-prefill-hidden-tokens32,prefill,7,attn_update,value_pre_para_perp_ratio,61,0.3519542266110905,0.3444249927997589,0.27734631299972534,0.43726134300231934,0.21146032214164734,0.5286294221878052
value_pre-c4_len128-prefill-hidden-tokens32,prefill,7,attn_update,value_pre_para_ratio,61,0.3303726070282552,0.3256504453080037,0.2672578509813009,0.4006352612870798,0.20688542010706362,0.46734742661875656
value_pre-c4_len128-prefill-hidden-tokens32,prefill,7,attn_update,value_pre_perp_ratio,61,0.9421552668242507,0.945490198508466,0.9162375544516075,0.9636250226603869,0.8840738252549304,0.9783652034922591
value_pre-c4_len128-prefill-hidden-tokens32,prefill,7,attn_update,value_pre_self_alignment,61,0.33037260199179413,0.3256504535675049,0.26725783944129944,0.400635302066803,0.2068854123353958,0.46734732389450073
value_pre-c4_len128-prefill-hidden-tokens32,prefill,7,attn_update,value_pre_self_value_norm,61,16.65714496862693,17.001150131225586,12.540128707885742,19.313085556030273,11.231651306152344,21.578655242919922
value_pre-c4_len128-prefill-hidden-tokens32,prefill,8,attn_update,value_pre_norm,61,7.131018208675697,7.009491920471191,5.7783122062683105,8.768877983093262,4.304749965667725,11.156183242797852
value_pre-c4_len128-prefill-hidden-tokens32,prefill,8,attn_update,value_pre_para_perp_ratio,61,0.4331668429687375,0.42607590556144714,0.32926180958747864,0.5444772839546204,0.18923825025558472,0.6707721948623657
value_pre-c4_len128-prefill-hidden-tokens32,prefill,8,attn_update,value_pre_para_ratio,61,0.39387137087551866,0.3919788752510516,0.3127450578579408,0.47819051976141214,0.18593820880445083,0.5570584124639771
value_pre-c4_len128-prefill-hidden-tokens32,prefill,8,attn_update,value_pre_perp_ratio,61,0.9158527366226937,0.9199742503922136,0.8782561603236015,0.94983702963596,0.8304733370834155,0.9825614289308556
value_pre-c4_len128-prefill-hidden-tokens32,prefill,8,attn_update,value_pre_self_alignment,61,0.39387137039763026,0.391978919506073,0.312745064496994,0.47819048166275024,0.18593820929527283,0.5570584535598755
value_pre-c4_len128-prefill-hidden-tokens32,prefill,8,attn_update,value_pre_self_value_norm,61,21.695797935861055,22.009552001953125,17.034317016601562,25.02286148071289,14.215699195861816,27.124040603637695
value_pre-c4_len128-prefill-hidden-tokens32,prefill,9,attn_update,value_pre_norm,61,7.388244355311159,7.261476516723633,5.688279151916504,9.096503257751465,5.330512046813965,10.828760147094727
value_pre-c4_len128-prefill-hidden-tokens32,prefill,9,attn_update,value_pre_para_perp_ratio,61,0.4559579447644656,0.44716525077819824,0.33210113644599915,0.6049250364303589,0.25435784459114075,0.742453396320343
value_pre-c4_len128-prefill-hidden-tokens32,prefill,9,attn_update,value_pre_para_ratio,61,0.40971344606495685,0.40821150747418977,0.31517509055812815,0.5175909207560024,0.24650852235158263,0.5961150515596665
value_pre-c4_len128-prefill-hidden-tokens32,prefill,9,attn_update,value_pre_perp_ratio,61,0.9077146513710227,0.9128873504026176,0.8556281769665598,0.9490334711129067,0.8028989570032083,0.9691406210778085
value_pre-c4_len128-prefill-hidden-tokens32,prefill,9,attn_update,value_pre_self_alignment,61,0.40971344733824494,0.4082115888595581,0.3151751160621643,0.5175908803939819,0.24650852382183075,0.596114993095398
value_pre-c4_len128-prefill-hidden-tokens32,prefill,9,attn_update,value_pre_self_value_norm,61,22.26222638614842,22.16594886779785,18.775714874267578,24.57732582092285,17.258594512939453,27.62708282470703
value_pre-c4_len128-prefill-hidden-tokens32,prefill,10,attn_update,value_pre_norm,61,9.734945469215267,9.674736022949219,8.191134452819824,11.481707572937012,7.273609638214111,12.224010467529297
value_pre-c4_len128-prefill-hidden-tokens32,prefill,10,attn_update,value_pre_para_perp_ratio,61,0.5518270032327683,0.5516042709350586,0.4465106129646301,0.6380466222763062,0.36326709389686584,0.7822532057762146
value_pre-c4_len128-prefill-hidden-tokens32,prefill,10,attn_update,value_pre_para_ratio,61,0.48049917609013304,0.4829968534391695,0.4077133183367434,0.5378849223884543,0.3414364973994062,0.6161346130370399
value_pre-c4_len128-prefill-hidden-tokens32,prefill,10,attn_update,value_pre_perp_ratio,61,0.8749179028639567,0.8756220644347503,0.8430182320577065,0.9131099983132055,0.7876408880334059,0.939904811006289
value_pre-c4_len128-prefill-hidden-tokens32,prefill,10,attn_update,value_pre_self_alignment,61,0.4804991796368458,0.48299679160118103,0.4077133536338806,0.5378849506378174,0.341436505317688,0.6161346435546875
value_pre-c4_len128-prefill-hidden-tokens32,prefill,10,attn_update,value_pre_self_value_norm,61,28.8224781223985,28.780622482299805,24.716312408447266,33.23401641845703,22.400938034057617,36.27716827392578
value_pre-c4_len128-prefill-hidden-tokens32,prefill,11,attn_update,value_pre_norm,61,7.967536050765241,7.983669757843018,6.303330421447754,9.368490219116211,5.140863418579102,10.841468811035156
value_pre-c4_len128-prefill-hidden-tokens32,prefill,11,attn_update,value_pre_para_perp_ratio,61,0.5486533101953444,0.5556661486625671,0.3757682144641876,0.691081166267395,0.23417671024799347,0.829962432384491
value_pre-c4_len128-prefill-hidden-tokens32,prefill,11,attn_update,value_pre_para_ratio,61,0.47471611878232084,0.4857167723129408,0.35175380283330976,0.5685276893919775,0.2280083155799036,0.6386522923758453
value_pre-c4_len128-prefill-hidden-tokens32,prefill,11,attn_update,value_pre_perp_ratio,61,0.8749787767966305,0.8741162076169675,0.8226641620695013,0.9360924767733971,0.7694953960298554,0.973659210705284
value_pre-c4_len128-prefill-hidden-tokens32,prefill,11,attn_update,value_pre_self_alignment,61,0.4747161230102914,0.4857168197631836,0.351753830909729,0.5685276389122009,0.22800832986831665,0.6386523246765137
value_pre-c4_len128-prefill-hidden-tokens32,prefill,11,attn_update,value_pre_self_value_norm,61,19.956478525380618,19.937286376953125,16.29277801513672,23.345596313476562,14.712393760681152,27.402708053588867
value_pre-c4_len128-prefill-hidden-tokens32,prefill,12,attn_update,value_pre_norm,61,9.251174793868769,9.267483711242676,8.1928129196167,10.248004913330078,7.430683612823486,10.86817741394043
value_pre-c4_len128-prefill-hidden-tokens32,prefill,12,attn_update,value_pre_para_perp_ratio,61,0.5912161620913959,0.6017832159996033,0.43999701738357544,0.7277442812919617,0.3471969664096832,0.7683174014091492
value_pre-c4_len128-prefill-hidden-tokens32,prefill,12,attn_update,value_pre_para_ratio,61,0.5041262469458739,0.5156187578487809,0.4027363580126555,0.5884210672582849,0.3279904201396039,0.6092556676280094
value_pre-c4_len128-prefill-hidden-tokens32,prefill,12,attn_update,value_pre_perp_ratio,61,0.8598390237077869,0.8568181030696518,0.8085547159427783,0.9153161212583691,0.792973898886009,0.9446811115287116
value_pre-c4_len128-prefill-hidden-tokens32,prefill,12,attn_update,value_pre_self_alignment,61,0.5041262424383007,0.5156187415122986,0.4027363955974579,0.5884209871292114,0.3279903829097748,0.6092556715011597
value_pre-c4_len128-prefill-hidden-tokens32,prefill,12,attn_update,value_pre_self_value_norm,61,22.2516477928787,22.130477905273438,19.53660774230957,25.024629592895508,18.385936737060547,26.912445068359375
value_pre-c4_len128-prefill-hidden-tokens32,prefill,13,attn_update,value_pre_norm,61,7.4666282544370555,7.516863822937012,6.118316650390625,8.944998741149902,5.1002960205078125,10.144699096679688
value_pre-c4_len128-prefill-hidden-tokens32,prefill,13,attn_update,value_pre_para_perp_ratio,61,0.46105891734850213,0.4680682122707367,0.3102962374687195,0.584596574306488,0.19183893501758575,0.730117917060852
value_pre-c4_len128-prefill-hidden-tokens32,prefill,13,attn_update,value_pre_para_ratio,61,0.41271982697856335,0.4239275439790522,0.29635687097654717,0.5046845089920691,0.18840342541802169,0.5896736400089507
value_pre-c4_len128-prefill-hidden-tokens32,prefill,13,attn_update,value_pre_perp_ratio,61,0.9053536074210158,0.9056961010800209,0.8633039015515603,0.9550772742063873,0.8076416539533701,0.9820916902765271
value_pre-c4_len128-prefill-hidden-tokens32,prefill,13,attn_update,value_pre_self_alignment,61,0.4127198352676923,0.4239276349544525,0.29635685682296753,0.5046845078468323,0.1884034276008606,0.5896736979484558
value_pre-c4_len128-prefill-hidden-tokens32,prefill,13,attn_update,value_pre_self_value_norm,61,20.081433687053742,20.263782501220703,17.593881607055664,22.549762725830078,16.33327293395996,24.108577728271484
value_pre-c4_len128-prefill-hidden-tokens32,prefill,14,attn_update,value_pre_norm,61,11.122477656505147,10.968915939331055,9.229986190795898,13.14383316040039,7.956406593322754,15.420207023620605
value_pre-c4_len128-prefill-hidden-tokens32,prefill,14,attn_update,value_pre_para_perp_ratio,61,0.6158054754382274,0.6286638379096985,0.4631800949573517,0.7490832209587097,0.33285820484161377,0.9406302571296692
value_pre-c4_len128-prefill-hidden-tokens32,prefill,14,attn_update,value_pre_para_ratio,61,0.5178203123335333,0.5322276349299954,0.4202857753496732,0.5995303186126216,0.315822010028411,0.685153732394814
value_pre-c4_len128-prefill-hidden-tokens32,prefill,14,attn_update,value_pre_perp_ratio,61,0.8504082589788025,0.846601321219761,0.8003520755032745,0.9073917325565679,0.7283985664050328,0.9488184380078047
value_pre-c4_len128-prefill-hidden-tokens32,prefill,14,attn_update,value_pre_self_alignment,61,0.5178203094201009,0.5322276949882507,0.42028582096099854,0.5995302796363831,0.3158220052719116,0.685153603553772
value_pre-c4_len128-prefill-hidden-tokens32,prefill,14,attn_update,value_pre_self_value_norm,61,25.94099379367516,25.924131393432617,22.27408218383789,30.169170379638672,19.157381057739258,32.58296203613281
value_pre-c4_len128-prefill-hidden-tokens32,prefill,15,attn_update,value_pre_norm,61,11.132379219180248,10.87868881225586,9.15892219543457,13.68663501739502,7.305663108825684,16.299135208129883
value_pre-c4_len128-prefill-hidden-tokens32,prefill,15,attn_update,value_pre_para_perp_ratio,61,0.5961649281079652,0.5918002128601074,0.39242345094680786,0.7517176866531372,0.3141717314720154,0.9105086326599121
value_pre-c4_len128-prefill-hidden-tokens32,prefill,15,attn_update,value_pre_para_ratio,61,0.5040759438351217,0.5092975886114025,0.365302606388329,0.6008783346521902,0.2997276367857216,0.6732465396918693
value_pre-c4_len128-prefill-hidden-tokens32,prefill,15,attn_update,value_pre_perp_ratio,61,0.8574012546480783,0.8605904317529294,0.7993403980278018,0.9308888175865326,0.7394180517524467,0.9540248032703259
value_pre-c4_len128-prefill-hidden-tokens32,prefill,15,attn_update,value_pre_self_alignment,61,0.5040759434465503,0.5092975497245789,0.36530259251594543,0.6008783578872681,0.2997276484966278,0.6732465624809265
value_pre-c4_len128-prefill-hidden-tokens32,prefill,15,attn_update,value_pre_self_value_norm,61,25.028754531360065,25.287355422973633,22.372209548950195,28.00810432434082,18.618900299072266,31.54096221923828
value_pre-c4_len128-prefill-hidden-tokens32,prefill,16,attn_update,value_pre_norm,61,10.323659271490378,10.146991729736328,8.303257942199707,12.330594062805176,7.101601600646973,13.073084831237793
value_pre-c4_len128-prefill-hidden-tokens32,prefill,16,attn_update,value_pre_para_perp_ratio,61,0.5198051807333212,0.5264651775360107,0.3882487118244171,0.6364604234695435,0.2883376479148865,0.7848236560821533
value_pre-c4_len128-prefill-hidden-tokens32,prefill,16,attn_update,value_pre_para_ratio,61,0.45729840778349856,0.46584994052465145,0.3619278513353331,0.5369336478638179,0.2770507400889967,0.6173883043254589
value_pre-c4_len128-prefill-hidden-tokens32,prefill,16,attn_update,value_pre_perp_ratio,61,0.886065209622347,0.8848636973533568,0.8436245792323531,0.9322061727694229,0.7866586195180619,0.9608552849179796
value_pre-c4_len128-prefill-hidden-tokens32,prefill,16,attn_update,value_pre_self_alignment,61,0.4572984048577606,0.46584999561309814,0.36192786693573,0.5369336009025574,0.2770507335662842,0.6173883080482483
value_pre-c4_len128-prefill-hidden-tokens32,prefill,16,attn_update,value_pre_self_value_norm,61,31.58492350969158,31.67142105102539,27.57646369934082,36.10433578491211,24.664400100708008,37.118263244628906
value_pre-c4_len128-prefill-hidden-tokens32,prefill,17,attn_update,value_pre_norm,61,12.187611017070832,11.950399398803711,10.254011154174805,14.928508758544922,7.825708389282227,15.859734535217285
value_pre-c4_len128-prefill-hidden-tokens32,prefill,17,attn_update,value_pre_para_perp_ratio,61,0.7180333845928067,0.7209943532943726,0.5362535715103149,0.907568633556366,0.3970901370048523,1.0190452337265015
value_pre-c4_len128-prefill-hidden-tokens32,prefill,17,attn_update,value_pre_para_ratio,61,0.5750324814623294,0.5848358164105543,0.472590620573916,0.6720553439459103,0.36905808051572964,0.7137450403022488
value_pre-c4_len128-prefill-hidden-tokens32,prefill,17,attn_update,value_pre_perp_ratio,61,0.8122497334395087,0.811151704138682,0.7405008650123218,0.8812820042076571,0.7004056451350309,0.9294063381611899
value_pre-c4_len128-prefill-hidden-tokens32,prefill,17,attn_update,value_pre_self_alignment,61,0.5750324809160389,0.5848357677459717,0.4725905954837799,0.6720554232597351,0.3690580725669861,0.7137449979782104
value_pre-c4_len128-prefill-hidden-tokens32,prefill,17,attn_update,value_pre_self_value_norm,61,26.942174848963003,27.009376525878906,24.003694534301758,31.1043701171875,20.281030654907227,32.69855499267578
value_pre-c4_len128-prefill-hidden-tokens32,prefill,18,attn_update,value_pre_norm,61,12.79107425251945,12.758216857910156,10.396910667419434,15.624641418457031,9.170876502990723,17.154569625854492
value_pre-c4_len128-prefill-hidden-tokens32,prefill,18,attn_update,value_pre_para_perp_ratio,61,0.6777126212589076,0.6915774941444397,0.48488977551460266,0.8518826365470886,0.2697412669658661,0.9428501129150391
value_pre-c4_len128-prefill-hidden-tokens32,prefill,18,attn_update,value_pre_para_ratio,61,0.5520190083547915,0.568803941495103,0.43630361679951846,0.6484800310358685,0.26043302391387324,0.6860101942235852
value_pre-c4_len128-prefill-hidden-tokens32,prefill,18,attn_update,value_pre_perp_ratio,61,0.8269519742287702,0.8224731617363638,0.7612316420347537,0.8997995725144512,0.7275920064936128,0.9654919457150061
value_pre-c4_len128-prefill-hidden-tokens32,prefill,18,attn_update,value_pre_self_alignment,61,0.5520189976105925,0.5688039660453796,0.43630361557006836,0.6484800577163696,0.26043301820755005,0.6860102415084839
value_pre-c4_len128-prefill-hidden-tokens32,prefill,18,attn_update,value_pre_self_value_norm,61,30.401055164024477,30.854076385498047,25.815587997436523,34.274776458740234,23.410816192626953,39.81317138671875
value_pre-c4_len128-prefill-hidden-tokens32,prefill,19,attn_update,value_pre_norm,61,14.151635857879139,14.183722496032715,11.539582252502441,16.804933547973633,10.330429077148438,18.60540199279785
value_pre-c4_len128-prefill-hidden-tokens32,prefill,19,attn_update,value_pre_para_perp_ratio,61,0.6022479539034796,0.6090512275695801,0.4503139853477478,0.7880432605743408,0.288348913192749,0.9414525032043457
value_pre-c4_len128-prefill-hidden-tokens32,prefill,19,attn_update,value_pre_para_ratio,61,0.507040591514468,0.5201684896606289,0.4106027413234053,0.6189519169910234,0.2770607728370078,0.6854712689586409
value_pre-c4_len128-prefill-hidden-tokens32,prefill,19,attn_update,value_pre_perp_ratio,61,0.8550623309990971,0.8540635939444645,0.785428871387214,0.9118143168568807,0.7280996667312175,0.9608524464254509
value_pre-c4_len128-prefill-hidden-tokens32,prefill,19,attn_update,value_pre_self_alignment,61,0.5070405968877135,0.5201684832572937,0.41060274839401245,0.6189519166946411,0.2770608067512512,0.6854714155197144
value_pre-c4_len128-prefill-hidden-tokens32,prefill,19,attn_update,value_pre_self_value_norm,61,37.8313823137127,37.75438690185547,33.416839599609375,42.061187744140625,31.19853401184082,47.10417938232422
value_pre-c4_len128-prefill-hidden-tokens32,prefill,20,attn_update,value_pre_norm,61,13.45397322295142,13.516297340393066,10.733514785766602,16.035099029541016,8.817344665527344,17.48555564880371
value_pre-c4_len128-prefill-hidden-tokens32,prefill,20,attn_update,value_pre_para_perp_ratio,61,0.6367239698034818,0.6470687985420227,0.47453898191452026,0.7801157236099243,0.32549718022346497,0.951564371585846
value_pre-c4_len128-prefill-hidden-tokens32,prefill,20,attn_update,value_pre_para_ratio,61,0.5299210253114888,0.5432571633761896,0.42871694983523095,0.6150885085196975,0.3095136613667226,0.6893449038362034
value_pre-c4_len128-prefill-hidden-tokens32,prefill,20,attn_update,value_pre_perp_ratio,61,0.8425464597218526,0.8395662778185863,0.7884580591039931,0.9034388713094371,0.7244333003053405,0.9508950199839737
value_pre-c4_len128-prefill-hidden-tokens32,prefill,20,attn_update,value_pre_self_alignment,61,0.5299210279691414,0.5432572364807129,0.4287169277667999,0.6150884628295898,0.3095136284828186,0.6893449425697327
value_pre-c4_len128-prefill-hidden-tokens32,prefill,20,attn_update,value_pre_self_value_norm,61,37.41271794428591,37.41007995605469,34.28841018676758,40.74127197265625,29.725399017333984,43.940086364746094
value_pre-c4_len128-prefill-hidden-tokens32,prefill,21,attn_update,value_pre_norm,61,14.647550551617732,14.38580322265625,12.78324031829834,16.610172271728516,10.655542373657227,18.399044036865234
value_pre-c4_len128-prefill-hidden-tokens32,prefill,21,attn_update,value_pre_para_perp_ratio,61,0.5897428896583494,0.5752643346786499,0.4390724003314972,0.7456616759300232,0.35836946964263916,0.868830144405365
value_pre-c4_len128-prefill-hidden-tokens32,prefill,21,attn_update,value_pre_para_ratio,61,0.5022386906867857,0.49864334020614975,0.4020269320083953,0.5977718189189118,0.3373602810709932,0.6558627099428169
value_pre-c4_len128-prefill-hidden-tokens32,prefill,21,attn_update,value_pre_perp_ratio,61,0.8604040172931935,0.8668073079821861,0.8016662774701852,0.9156278566141849,0.7548802302210631,0.9413756309515214
value_pre-c4_len128-prefill-hidden-tokens32,prefill,21,attn_update,value_pre_self_alignment,61,0.5022386908531189,0.49864333868026733,0.402026891708374,0.5977718830108643,0.3373602628707886,0.6558626890182495
value_pre-c4_len128-prefill-hidden-tokens32,prefill,21,attn_update,value_pre_self_value_norm,61,41.121578372892785,41.301239013671875,37.86686325073242,45.558067321777344,31.96901512145996,47.443092346191406
value_pre-c4_len128-prefill-hidden-tokens32,prefill,22,attn_update,value_pre_norm,61,19.202142512212035,19.379493713378906,15.102301597595215,22.40968132019043,13.564979553222656,26.077470779418945
value_pre-c4_len128-prefill-hidden-tokens32,prefill,22,attn_update,value_pre_para_perp_ratio,61,0.6643435427399932,0.6531025171279907,0.529854416847229,0.8288806676864624,0.3722342848777771,1.0294687747955322
value_pre-c4_len128-prefill-hidden-tokens32,prefill,22,attn_update,value_pre_para_ratio,61,0.5477147992817494,0.5468131524036753,0.4681931868422052,0.6381590135977663,0.3488500112560865,0.717298652689139
value_pre-c4_len128-prefill-hidden-tokens32,prefill,22,attn_update,value_pre_perp_ratio,61,0.8326828016625794,0.8372546713102609,0.7699045928523535,0.8836260722894657,0.6967658186828686,0.9371785844144225
value_pre-c4_len128-prefill-hidden-tokens32,prefill,22,attn_update,value_pre_self_alignment,61,0.5477148069710028,0.5468131303787231,0.4681932330131531,0.6381590366363525,0.3488500118255615,0.7172986268997192
value_pre-c4_len128-prefill-hidden-tokens32,prefill,22,attn_update,value_pre_self_value_norm,61,49.41545655297451,49.829612731933594,44.91828536987305,54.07951354980469,41.88641357421875,56.23285675048828
value_pre-c4_len128-prefill-hidden-tokens32,prefill,23,attn_update,value_pre_norm,61,21.749101451185883,21.56766700744629,18.718185424804688,25.100618362426758,17.27581024169922,26.92220687866211
value_pre-c4_len128-prefill-hidden-tokens32,prefill,23,attn_update,value_pre_para_perp_ratio,61,0.7060033483583419,0.7160419225692749,0.5755648612976074,0.8685494661331177,0.39785611629486084,0.995384156703949
value_pre-c4_len128-prefill-hidden-tokens32,prefill,23,attn_update,value_pre_para_ratio,61,0.5714089661714928,0.5821832679519,0.4988389694081672,0.6557418556130101,0.36967278752606136,0.705469148564396
value_pre-c4_len128-prefill-hidden-tokens32,prefill,23,attn_update,value_pre_perp_ratio,61,0.8167839775787739,0.8130574970558982,0.7549850671959086,0.8666946124310864,0.7087405813259817,0.9291620123627775
value_pre-c4_len128-prefill-hidden-tokens32,prefill,23,attn_update,value_pre_self_alignment,61,0.5714089689684696,0.5821831822395325,0.4988389313220978,0.6557419300079346,0.3696728050708771,0.7054692506790161
value_pre-c4_len128-prefill-hidden-tokens32,prefill,23,attn_update,value_pre_self_value_norm,61,50.48704635119829,51.51268768310547,40.55731201171875,58.117149353027344,37.086910247802734,63.61210632324219
value_pre-c4_len128-prefill-hidden-tokens32,prefill,24,attn_update,value_pre_norm,61,19.76967092420234,20.218212127685547,16.266616821289062,22.160747528076172,13.46557903289795,24.45634651184082
value_pre-c4_len128-prefill-hidden-tokens32,prefill,24,attn_update,value_pre_para_perp_ratio,61,0.5634939856216555,0.5733949542045593,0.4178308844566345,0.7153464555740356,0.2712101936340332,0.8332468271255493
value_pre-c4_len128-prefill-hidden-tokens32,prefill,24,attn_update,value_pre_para_ratio,61,0.48556237903133564,0.4974243391158063,0.3855304816100208,0.5818093447948456,0.2617543065582762,0.6401451822343402
value_pre-c4_len128-prefill-hidden-tokens32,prefill,24,attn_update,value_pre_perp_ratio,61,0.8699407262294898,0.8675073965078182,0.8133252554809123,0.9226950224783517,0.7682539626098105,0.9651345144503257
value_pre-c4_len128-prefill-hidden-tokens32,prefill,24,attn_update,value_pre_self_alignment,61,0.4855623890141972,0.49742433428764343,0.3855305314064026,0.581809401512146,0.2617543339729309,0.6401451826095581
value_pre-c4_len128-prefill-hidden-tokens32,prefill,24,attn_update,value_pre_self_value_norm,61,65.99280079075548,64.84745788574219,53.93362808227539,78.4659423828125,50.093475341796875,95.58087158203125
value_pre-c4_len128-prefill-hidden-tokens32,prefill,25,attn_update,value_pre_norm,61,15.191673927619808,14.989252090454102,11.925769805908203,18.33318519592285,6.527918338775635,22.453102111816406
value_pre-c4_len128-prefill-hidden-tokens32,prefill,25,attn_update,value_pre_para_perp_ratio,61,0.5122384160268502,0.518923282623291,0.3719005584716797,0.6192438006401062,0.16918765008449554,0.7928683161735535
value_pre-c4_len128-prefill-hidden-tokens32,prefill,25,attn_update,value_pre_para_ratio,61,0.45009229054855104,0.4606003444278392,0.34857523985504024,0.5264751688101323,0.1668169689652426,0.621281594947399
value_pre-c4_len128-prefill-hidden-tokens32,prefill,25,attn_update,value_pre_perp_ratio,61,0.8879187414852046,0.8876077443005292,0.8501904560066836,0.9372807296799387,0.783587385718369,0.9859878500538501
value_pre-c4_len128-prefill-hidden-tokens32,prefill,25,attn_update,value_pre_self_alignment,61,0.45009228758147507,0.4606003761291504,0.3485752046108246,0.526475191116333,0.16681699454784393,0.6212815642356873
value_pre-c4_len128-prefill-hidden-tokens32,prefill,25,attn_update,value_pre_self_value_norm,61,58.75641413204006,59.27655792236328,47.337345123291016,72.0406723022461,42.45841598510742,74.57561492919922
value_pre-c4_len128-prefill-hidden-tokens32,prefill,26,attn_update,value_pre_norm,61,13.215365957041255,12.31041431427002,8.8970308303833,18.539953231811523,5.746657371520996,25.087644577026367
value_pre-c4_len128-prefill-hidden-tokens32,prefill,26,attn_update,value_pre_para_perp_ratio,61,0.4464102218874165,0.44993218779563904,0.3319442868232727,0.5525519251823425,0.1433066576719284,0.6281513571739197
value_pre-c4_len128-prefill-hidden-tokens32,prefill,26,attn_update,value_pre_para_ratio,61,0.4042113059836238,0.410313249172278,0.3150410271497467,0.48363269513325263,0.14185740085358206,0.5319165602476171
value_pre-c4_len128-prefill-hidden-tokens32,prefill,26,attn_update,value_pre_perp_ratio,61,0.9114205328796258,0.9119446207425671,0.8752710262877227,0.9490780255581835,0.8467967693612485,0.9898870377536079
value_pre-c4_len128-prefill-hidden-tokens32,prefill,26,attn_update,value_pre_self_alignment,61,0.40421130960104895,0.41031327843666077,0.3150410056114197,0.4836327135562897,0.14185738563537598,0.5319165587425232
value_pre-c4_len128-prefill-hidden-tokens32,prefill,26,attn_update,value_pre_self_value_norm,61,68.00867530947826,67.41667175292969,52.514957427978516,83.29456329345703,45.36371994018555,93.20556640625
value_pre-c4_len128-prefill-hidden-tokens32,prefill,27,attn_update,value_pre_norm,61,17.530696227902272,17.02334976196289,13.359444618225098,23.828197479248047,5.29547643661499,29.738880157470703
value_pre-c4_len128-prefill-hidden-tokens32,prefill,27,attn_update,value_pre_para_perp_ratio,61,0.5772720423878216,0.5747702121734619,0.401155948638916,0.7475242614746094,0.1552325189113617,0.8333951830863953
value_pre-c4_len128-prefill-hidden-tokens32,prefill,27,attn_update,value_pre_para_ratio,61,0.4926439925297842,0.49832137684550526,0.37231533306459197,0.598730131057594,0.15339532664188538,0.6402125166389228
value_pre-c4_len128-prefill-hidden-tokens32,prefill,27,attn_update,value_pre_perp_ratio,61,0.8641694410051172,0.8669923643181753,0.8009507930944517,0.9281062517571502,0.7681980041375561,0.9881648769848306
value_pre-c4_len128-prefill-hidden-tokens32,prefill,27,attn_update,value_pre_self_alignment,61,0.49264398681335764,0.49832141399383545,0.37231531739234924,0.5987300872802734,0.15339533984661102,0.6402124166488647
value_pre-c4_len128-prefill-hidden-tokens32,prefill,27,attn_update,value_pre_self_value_norm,61,78.67788983954757,78.83414459228516,64.66455078125,94.91839599609375,55.243804931640625,100.86985778808594
value_pre-c4_len128-prefill-hidden-tokens32,prefill,28,attn_update,value_pre_norm,61,23.134734826009783,23.631380081176758,18.62238883972168,27.460067749023438,14.881611824035645,31.064306259155273
value_pre-c4_len128-prefill-hidden-tokens32,prefill,28,attn_update,value_pre_para_perp_ratio,61,0.6208301171904704,0.6070605516433716,0.493085652589798,0.7767167091369629,0.313953697681427,0.9198501110076904
value_pre-c4_len128-prefill-hidden-tokens32,prefill,28,attn_update,value_pre_para_ratio,61,0.5220989484365247,0.518926680206908,0.4422455981942829,0.6134183089347959,0.2995382769695442,0.6769967541792892
value_pre-c4_len128-prefill-hidden-tokens32,prefill,28,attn_update,value_pre_perp_ratio,61,0.8488589097803008,0.8548186870670242,0.7897581092344188,0.8968940595015701,0.7359859497688205,0.954084287069174
value_pre-c4_len128-prefill-hidden-tokens32,prefill,28,attn_update,value_pre_self_alignment,61,0.5220989472553378,0.518926739692688,0.44224557280540466,0.6134183406829834,0.299538254737854,0.6769968271255493
value_pre-c4_len128-prefill-hidden-tokens32,prefill,28,attn_update,value_pre_self_value_norm,61,81.79349323960601,84.72112274169922,61.40760803222656,99.97254180908203,53.56901168823242,106.44125366210938
value_pre-c4_len128-prefill-hidden-tokens32,prefill,29,attn_update,value_pre_norm,61,15.669088066601363,14.631354331970215,9.616400718688965,23.422588348388672,5.718457221984863,27.199710845947266
value_pre-c4_len128-prefill-hidden-tokens32,prefill,29,attn_update,value_pre_para_perp_ratio,61,0.33316086110521537,0.3133683502674103,0.22615399956703186,0.4564138948917389,0.1650046408176422,0.5425677299499512
value_pre-c4_len128-prefill-hidden-tokens32,prefill,29,attn_update,value_pre_para_ratio,61,0.3130175903240701,0.2990297982167272,0.22058340561403025,0.4152111485612042,0.16280323220118018,0.4768953320688954
value_pre-c4_len128-prefill-hidden-tokens32,prefill,29,attn_update,value_pre_perp_ratio,61,0.9463992093318788,0.9542437435922104,0.9097250602616026,0.9753681296050262,0.8789599838819838,0.9866585472697376
value_pre-c4_len128-prefill-hidden-tokens32,prefill,29,attn_update,value_pre_self_alignment,61,0.31301758963553633,0.29902976751327515,0.22058339416980743,0.41521114110946655,0.16280323266983032,0.4768953323364258
value_pre-c4_len128-prefill-hidden-tokens32,prefill,29,attn_update,value_pre_self_value_norm,61,121.58194882752466,124.30213928222656,73.23709106445312,178.2720947265625,61.75,210.3529052734375
value_pre-c4_len128-prefill-hidden-tokens32,prefill,30,attn_update,value_pre_norm,61,30.02253158756944,30.217178344726562,22.703540802001953,38.082359313964844,10.904449462890625,43.332115173339844
value_pre-c4_len128-prefill-hidden-tokens32,prefill,30,attn_update,value_pre_para_perp_ratio,61,0.5215381514586386,0.5212234854698181,0.31106308102607727,0.7215784788131714,0.10843028873205185,0.8941133618354797
value_pre-c4_len128-prefill-hidden-tokens32,prefill,30,attn_update,value_pre_para_ratio,61,0.45237509810472104,0.46220655410312667,0.2970247579589549,0.5851473984163109,0.10779844795933453,0.6665366558485987
value_pre-c4_len128-prefill-hidden-tokens32,prefill,30,attn_update,value_pre_perp_ratio,61,0.8833473114105183,0.8867723290505253,0.8109269216532942,0.9548698442055682,0.7454722171342547,0.9941728455272417
value_pre-c4_len128-prefill-hidden-tokens32,prefill,30,attn_update,value_pre_self_alignment,61,0.4523750994293416,0.4622066020965576,0.29702478647232056,0.5851474404335022,0.10779843479394913,0.6665366888046265
value_pre-c4_len128-prefill-hidden-tokens32,prefill,30,attn_update,value_pre_self_value_norm,61,131.13543913794345,132.77491760253906,102.00830841064453,160.8201446533203,86.37831115722656,185.15194702148438
value_pre-c4_len128-prefill-hidden-tokens32,prefill,31,attn_update,value_pre_norm,61,27.154140550582134,25.724546432495117,18.016347885131836,36.87238311767578,10.334537506103516,45.352569580078125
value_pre-c4_len128-prefill-hidden-tokens32,prefill,31,attn_update,value_pre_para_perp_ratio,61,0.4219214657291037,0.39936110377311707,0.2982722222805023,0.5760694146156311,0.1869022399187088,0.793065071105957
value_pre-c4_len128-prefill-hidden-tokens32,prefill,31,attn_update,value_pre_para_ratio,61,0.3832651490671416,0.37087913237019626,0.2858285304831483,0.49916739571678326,0.18372086391429776,0.6213762546499998
value_pre-c4_len128-prefill-hidden-tokens32,prefill,31,attn_update,value_pre_perp_ratio,61,0.9188046583346385,0.9286811600677071,0.8665056333413341,0.9582807349387223,0.7835123400432034,0.982978425433807
value_pre-c4_len128-prefill-hidden-tokens32,prefill,31,attn_update,value_pre_self_alignment,61,0.3832651479322402,0.3708791136741638,0.28582853078842163,0.4991673231124878,0.18372085690498352,0.6213762760162354
value_pre-c4_len128-prefill-hidden-tokens32,prefill,31,attn_update,value_pre_self_value_norm,61,149.8589828991499,147.72755432128906,102.47235107421875,208.0379638671875,86.86649322509766,275.7421875
value_pre-c4_len128-prefill-hidden-tokens32,prefill,32,attn_update,value_pre_norm,61,33.2362774708232,32.643516540527344,20.857593536376953,45.20431900024414,13.922212600708008,63.25571060180664
value_pre-c4_len128-prefill-hidden-tokens32,prefill,32,attn_update,value_pre_para_perp_ratio,61,0.37723545449190454,0.376056045293808,0.2548754811286926,0.5073362588882446,0.11410806328058243,0.635846734046936
value_pre-c4_len128-prefill-hidden-tokens32,prefill,32,attn_update,value_pre_para_ratio,61,0.34871439101037827,0.3519899050952216,0.24697959677358391,0.45243989850597516,0.1133723595860083,0.5365649436849049
value_pre-c4_len128-prefill-hidden-tokens32,prefill,32,attn_update,value_pre_perp_ratio,61,0.932901158004868,0.936003860533358,0.8917949058932556,0.9690206602511282,0.8438589617745372,0.9935525783333203
value_pre-c4_len128-prefill-hidden-tokens32,prefill,32,attn_update,value_pre_self_alignment,61,0.3487143911054877,0.35198986530303955,0.24697959423065186,0.45243990421295166,0.11337236315011978,0.5365649461746216
value_pre-c4_len128-prefill-hidden-tokens32,prefill,32,attn_update,value_pre_self_value_norm,61,183.8775249543737,190.29681396484375,125.23058319091797,244.95065307617188,107.84666442871094,337.1175842285156
value_pre-c4_len128-prefill-hidden-tokens32,prefill,33,attn_update,value_pre_norm,61,35.159999315855934,32.48540496826172,21.591894149780273,50.099388122558594,17.296323776245117,75.47476959228516
value_pre-c4_len128-prefill-hidden-tokens32,prefill,33,attn_update,value_pre_para_perp_ratio,61,0.2749975695557221,0.2653343081474304,0.18218691647052765,0.3509558141231537,0.002214971696957946,0.6845721006393433
value_pre-c4_len128-prefill-hidden-tokens32,prefill,33,attn_update,value_pre_para_ratio,61,0.26182610837535375,0.2564601692209364,0.1792365732064674,0.3311537678742255,0.0022149662532370737,0.5648871170749697
value_pre-c4_len128-prefill-hidden-tokens32,prefill,33,attn_update,value_pre_perp_ratio,61,0.9612484734000565,0.9665548498479836,0.9435767847806983,0.9838059878786591,0.8251681584935837,0.9999975533584715
value_pre-c4_len128-prefill-hidden-tokens32,prefill,33,attn_update,value_pre_self_alignment,61,0.26182610773649373,0.25646016001701355,0.17923659086227417,0.3311537504196167,0.002214968204498291,0.5648870468139648
value_pre-c4_len128-prefill-hidden-tokens32,prefill,33,attn_update,value_pre_self_value_norm,61,269.07936696537206,279.247314453125,163.09326171875,400.6855163574219,146.08143615722656,534.961669921875
value_pre-c4_len128-prefill-hidden-tokens32,prefill,34,attn_update,value_pre_norm,61,61.94846212668497,61.083431243896484,46.5839729309082,80.22432708740234,35.7287712097168,116.26919555664062
value_pre-c4_len128-prefill-hidden-tokens32,prefill,34,attn_update,value_pre_para_perp_ratio,61,0.4530655990858547,0.44734612107276917,0.3627955913543701,0.5500991940498352,0.31993013620376587,0.6330341696739197
value_pre-c4_len128-prefill-hidden-tokens32,prefill,34,attn_update,value_pre_para_ratio,61,0.4102723176330606,0.4083491269959009,0.34104492340640513,0.48198549197634344,0.30471536528140974,0.5348717017875756
value_pre-c4_len128-prefill-hidden-tokens32,prefill,34,attn_update,value_pre_perp_ratio,61,0.9098621127097578,0.9128259102651182,0.8761792102147599,0.940047011664371,0.8449333631385695,0.9524434674154507
value_pre-c4_len128-prefill-hidden-tokens32,prefill,34,attn_update,value_pre_self_alignment,61,0.41027231490025756,0.40834909677505493,0.34104490280151367,0.4819854497909546,0.3047153353691101,0.5348716974258423
value_pre-c4_len128-prefill-hidden-tokens32,prefill,34,attn_update,value_pre_self_value_norm,61,260.7185706466925,256.0092468261719,211.3733367919922,312.36468505859375,197.2125701904297,440.4028625488281
value_pre-c4_len128-prefill-hidden-tokens32,prefill,35,attn_update,value_pre_norm,61,68.68606917584529,68.30814361572266,59.06122589111328,78.1113052368164,51.27811813354492,91.06265258789062
value_pre-c4_len128-prefill-hidden-tokens32,prefill,35,attn_update,value_pre_para_perp_ratio,61,0.8003651099126847,0.793958306312561,0.7201658487319946,0.8877933025360107,0.6477819681167603,0.967052698135376
value_pre-c4_len128-prefill-hidden-tokens32,prefill,35,attn_update,value_pre_para_ratio,61,0.6233205150379244,0.6218055967840256,0.5843933595325931,0.663906042765665,0.5436790311384604,0.6951655364992191
value_pre-c4_len128-prefill-hidden-tokens32,prefill,35,attn_update,value_pre_perp_ratio,61,0.7809118115790452,0.7831716066491226,0.747816023662727,0.8114705008080604,0.7188496822389253,0.8392932850309074
value_pre-c4_len128-prefill-hidden-tokens32,prefill,35,attn_update,value_pre_self_alignment,61,0.6233205316496677,0.6218056678771973,0.5843933820724487,0.6639060378074646,0.5436789989471436,0.6951655149459839
value_pre-c4_len128-prefill-hidden-tokens32,prefill,35,attn_update,value_pre_self_value_norm,61,176.27881259605533,167.95730590820312,154.80279541015625,203.79981994628906,148.19140625,274.9536437988281
value_pre-c4_len2048-prefill-hidden-tokens32,prefill,0,attn_update,value_pre_norm,1013,1.2697503364333278,1.2735346555709839,1.1120275735855103,1.4109310626983642,1.0199168920516968,1.5852043628692627
value_pre-c4_len2048-prefill-hidden-tokens32,prefill,0,attn_update,value_pre_para_perp_ratio,1013,0.5700561587366865,0.573851466178894,0.45134993195533757,0.689076328277588,0.2022760957479477,0.9630215167999268
value_pre-c4_len2048-prefill-hidden-tokens32,prefill,0,attn_update,value_pre_para_ratio,1013,0.4908206156548676,0.4977222626917535,0.4113876016209751,0.5674098244537751,0.1982607679919526,0.6936635822773816
value_pre-c4_len2048-prefill-hidden-tokens32,prefill,0,attn_update,value_pre_perp_ratio,1013,0.8677086224357524,0.8673364009457822,0.823435433023371,0.9114604935331192,0.7202991520951918,0.980149256658828
value_pre-c4_len2048-prefill-hidden-tokens32,prefill,0,attn_update,value_pre_self_alignment,1013,0.4908206151892143,0.4977222681045532,0.4113875925540924,0.5674098491668701,0.19826078414916992,0.6936635971069336
value_pre-c4_len2048-prefill-hidden-tokens32,prefill,0,attn_update,value_pre_self_value_norm,1013,1.9615935390816976,1.9604721069335938,1.7437076568603516,2.1745016098022463,1.462395429611206,2.4457411766052246
value_pre-c4_len2048-prefill-hidden-tokens32,prefill,1,attn_update,value_pre_norm,1013,1.5394689075332522,1.5242547988891602,1.2048060655593873,1.8863603830337525,0.986336350440979,2.5534591674804688
value_pre-c4_len2048-prefill-hidden-tokens32,prefill,1,attn_update,value_pre_para_perp_ratio,1013,0.2995169104682787,0.27698013186454773,0.16556682288646696,0.45724155902862557,0.04816878214478493,1.2405414581298828
value_pre-c4_len2048-prefill-hidden-tokens32,prefill,1,attn_update,value_pre_para_ratio,1013,0.2807004877749419,0.26693016739954656,0.16334315178256986,0.4158339927023553,0.04811299608993285,0.7785469110534174
value_pre-c4_len2048-prefill-hidden-tokens32,prefill,1,attn_update,value_pre_perp_ratio,1013,0.9534623392774919,0.9637158865895433,0.9094405524798688,0.9865693485245327,0.6275863819905731,0.9988418719432289
value_pre-c4_len2048-prefill-hidden-tokens32,prefill,1,attn_update,value_pre_self_alignment,1013,0.2807004875839051,0.26693013310432434,0.1633431375026703,0.415833991765976,0.04811299964785576,0.778546929359436
value_pre-c4_len2048-prefill-hidden-tokens32,prefill,1,attn_update,value_pre_self_value_norm,1013,3.3962717679975536,3.651909589767456,2.057981777191162,4.010376930236816,1.252651572227478,4.990560054779053
value_pre-c4_len2048-prefill-hidden-tokens32,prefill,2,attn_update,value_pre_norm,1013,1.6342495895208753,1.6103171110153198,1.2535528898239137,2.039311075210571,0.7172008752822876,2.955947160720825
value_pre-c4_len2048-prefill-hidden-tokens32,prefill,2,attn_update,value_pre_para_perp_ratio,1013,0.2607440626589344,0.26148417592048645,0.1349895089864731,0.3730211257934571,0.002038045786321163,1.165940523147583
value_pre-c4_len2048-prefill-hidden-tokens32,prefill,2,attn_update,value_pre_para_ratio,1013,0.24806974216572852,0.25297859902586856,0.13377599660404904,0.34949732366707,0.0020380414382389998,0.7590562422847537
value_pre-c4_len2048-prefill-hidden-tokens32,prefill,2,attn_update,value_pre_perp_ratio,1013,0.9638900758335863,0.9674719485464334,0.9369372271006151,0.9910112036554043,0.6510248569533422,0.9999978926931982
value_pre-c4_len2048-prefill-hidden-tokens32,prefill,2,attn_update,value_pre_self_alignment,1013,0.2480013465861857,0.2529786229133606,0.133775994181633,0.34949735403060916,-0.026927821338176727,0.7590563297271729
value_pre-c4_len2048-prefill-hidden-tokens32,prefill,2,attn_update,value_pre_self_value_norm,1013,4.84204839836339,5.007327079772949,3.7739126682281494,5.666642093658448,0.7936301827430725,6.905137062072754
value_pre-c4_len2048-prefill-hidden-tokens32,prefill,3,attn_update,value_pre_norm,1013,2.0840608822981674,2.0382137298583984,1.6248677730560304,2.6388164997100834,0.8537288904190063,3.6407535076141357
value_pre-c4_len2048-prefill-hidden-tokens32,prefill,3,attn_update,value_pre_para_perp_ratio,1013,0.28300044359409443,0.26207444071769714,0.1470220595598221,0.4363541960716248,0.01964190974831581,1.4926165342330933
value_pre-c4_len2048-prefill-hidden-tokens32,prefill,3,attn_update,value_pre_para_ratio,1013,0.2652669834095681,0.2535130022359384,0.1454583907332261,0.39993719236397096,0.019638120622146007,0.8307836227031484
value_pre-c4_len2048-prefill-hidden-tokens32,prefill,3,attn_update,value_pre_perp_ratio,1013,0.9573562012087002,0.9673320403570825,0.9165425453241829,0.9893643892837316,0.5565954772378284,0.9998071088518858
value_pre-c4_len2048-prefill-hidden-tokens32,prefill,3,attn_update,value_pre_self_alignment,1013,0.26526698348390976,0.25351300835609436,0.14545838534832,0.3999371588230133,0.019638117402791977,0.8307836055755615
value_pre-c4_len2048-prefill-hidden-tokens32,prefill,3,attn_update,value_pre_self_value_norm,1013,6.55500000215118,6.852527141571045,4.882544898986817,7.559939765930176,0.8471055626869202,8.971639633178711
value_pre-c4_len2048-prefill-hidden-tokens32,prefill,4,attn_update,value_pre_norm,1013,2.592408215422974,2.538663148880005,1.925581622123718,3.350020551681519,0.8833414912223816,5.043620586395264
value_pre-c4_len2048-prefill-hidden-tokens32,prefill,4,attn_update,value_pre_para_perp_ratio,1013,0.23845990512314136,0.22904041409492493,0.14106347858905793,0.34038895964622506,0.005818483419716358,1.0284181833267212
value_pre-c4_len2048-prefill-hidden-tokens32,prefill,4,attn_update,value_pre_para_ratio,1013,0.2292476959951497,0.22325922201208032,0.13968057321573993,0.3222327494713211,0.005818385415471775,0.7169430575996198
value_pre-c4_len2048-prefill-hidden-tokens32,prefill,4,attn_update,value_pre_perp_ratio,1013,0.9701341100239507,0.9747590904799085,0.9466605118506025,0.9901965577772145,0.6971318037483238,0.9999831182058895
value_pre-c4_len2048-prefill-hidden-tokens32,prefill,4,attn_update,value_pre_self_alignment,1013,0.22923620788542312,0.22325924038887024,0.13968055844306945,0.322232747077942,-0.00581838795915246,0.7169430255889893
value_pre-c4_len2048-prefill-hidden-tokens32,prefill,4,attn_update,value_pre_self_value_norm,1013,8.483405778462183,8.940348625183105,6.300810623168946,9.98618812561035,0.9060447812080383,11.406783103942871
value_pre-c4_len2048-prefill-hidden-tokens32,prefill,5,attn_update,value_pre_norm,1013,3.802648933595166,3.7689666748046875,2.8511587619781493,4.788455295562744,2.1110739707946777,6.1193461418151855
value_pre-c4_len2048-prefill-hidden-tokens32,prefill,5,attn_update,value_pre_para_perp_ratio,1013,0.3835280403524255,0.3793242573738098,0.24849577844142914,0.5246872782707215,0.09078026562929153,0.7005610466003418
value_pre-c4_len2048-prefill-hidden-tokens32,prefill,5,attn_update,value_pre_para_ratio,1013,0.3536684409296107,0.3546655803983758,0.24116141489108978,0.4646168130459427,0.09040850205830643,0.5737706606746729
value_pre-c4_len2048-prefill-hidden-tokens32,prefill,5,attn_update,value_pre_perp_ratio,1013,0.9309101016852133,0.9349931599951206,0.8855118424113398,0.9704849405272984,0.8190159529174061,0.9959047673892406
value_pre-c4_len2048-prefill-hidden-tokens32,prefill,5,attn_update,value_pre_self_alignment,1013,0.3536684397177776,0.3546655774116516,0.2411614179611206,0.4646167755126953,0.09040850400924683,0.5737706422805786
value_pre-c4_len2048-prefill-hidden-tokens32,prefill,5,attn_update,value_pre_self_value_norm,1013,9.729155422316135,10.248661994934082,7.44983606338501,11.816939544677734,1.4319770336151123,13.622179985046387
value_pre-c4_len2048-prefill-hidden-tokens32,prefill,6,attn_update,value_pre_norm,1013,5.450215401795398,5.40911340713501,4.3091965675354,6.625057983398438,2.424872398376465,9.966215133666992
value_pre-c4_len2048-prefill-hidden-tokens32,prefill,6,attn_update,value_pre_para_perp_ratio,1013,0.4139600423222586,0.4057052433490753,0.239879435300827,0.5921738386154175,0.07553627341985703,0.9052184820175171
value_pre-c4_len2048-prefill-hidden-tokens32,prefill,6,attn_update,value_pre_para_ratio,1013,0.3746631920368206,0.375943706749386,0.23326208461787123,0.5095356976916854,0.07532169160694542,0.6710994595962196
value_pre-c4_len2048-prefill-hidden-tokens32,prefill,6,attn_update,value_pre_perp_ratio,1013,0.9198762965970964,0.9266424618137491,0.8604495210238216,0.9724138583180416,0.7413674050992054,0.9971592610234667
value_pre-c4_len2048-prefill-hidden-tokens32,prefill,6,attn_update,value_pre_self_alignment,1013,0.3746631921205563,0.37594369053840637,0.23326207995414733,0.5095357179641724,0.07532169669866562,0.6710993647575378
value_pre-c4_len2048-prefill-hidden-tokens32,prefill,6,attn_update,value_pre_self_value_norm,1013,12.253451386891372,13.045333862304688,7.72873477935791,14.971237754821779,3.7946276664733887,17.222505569458008
value_pre-c4_len2048-prefill-hidden-tokens32,prefill,7,attn_update,value_pre_norm,1013,5.779408235775871,5.764849662780762,4.422784042358398,7.136744499206543,2.9579365253448486,9.838533401489258
value_pre-c4_len2048-prefill-hidden-tokens32,prefill,7,attn_update,value_pre_para_perp_ratio,1013,0.34477484032055705,0.34144172072410583,0.24453764259815217,0.4432633578777313,0.1569959968328476,0.6653998494148254
value_pre-c4_len2048-prefill-hidden-tokens32,prefill,7,attn_update,value_pre_para_ratio,1013,0.3234931155108623,0.3231255088477195,0.23753850135353566,0.4052366131197778,0.15509624750812298,0.5539698504872946
value_pre-c4_len2048-prefill-hidden-tokens32,prefill,7,attn_update,value_pre_perp_ratio,1013,0.9436420011639912,0.9463562349422614,0.9142118216084241,0.9713781316803933,0.8325367494528599,0.9878993596894917
value_pre-c4_len2048-prefill-hidden-tokens32,prefill,7,attn_update,value_pre_self_alignment,1013,0.3234931158025079,0.3231255114078522,0.23753849565982818,0.4052365899085999,0.15509627759456635,0.5539698600769043
value_pre-c4_len2048-prefill-hidden-tokens32,prefill,7,attn_update,value_pre_self_value_norm,1013,16.751926239480625,16.883771896362305,13.809056282043457,19.421691131591796,8.457484245300293,24.073030471801758
value_pre-c4_len2048-prefill-hidden-tokens32,prefill,8,attn_update,value_pre_norm,1013,7.4241537666509085,7.363063335418701,5.830186557769776,9.047133636474612,3.9650626182556152,11.951793670654297
value_pre-c4_len2048-prefill-hidden-tokens32,prefill,8,attn_update,value_pre_para_perp_ratio,1013,0.4522106975817139,0.45533621311187744,0.3223904609680176,0.569270670413971,0.13090237975120544,0.8567571640014648
value_pre-c4_len2048-prefill-hidden-tokens32,prefill,8,attn_update,value_pre_para_ratio,1013,0.40801598327911565,0.41439928688249955,0.30683868355378663,0.49472455726679726,0.12979506085609682,0.6506224828745687
value_pre-c4_len2048-prefill-hidden-tokens32,prefill,8,attn_update,value_pre_perp_ratio,1013,0.9093355617751986,0.9100951947066086,0.8690498313519903,0.9517613734546864,0.7594012586819205,0.9915408769994398
value_pre-c4_len2048-prefill-hidden-tokens32,prefill,8,attn_update,value_pre_self_alignment,1013,0.40801598291994906,0.41439929604530334,0.3068386435508728,0.494724589586258,0.12979504466056824,0.6506224870681763
value_pre-c4_len2048-prefill-hidden-tokens32,prefill,8,attn_update,value_pre_self_value_norm,1013,21.43154778249878,21.635229110717773,17.595248794555665,24.94130172729492,11.01065731048584,33.511966705322266
value_pre-c4_len2048-prefill-hidden-tokens32,prefill,9,attn_update,value_pre_norm,1013,7.510250638997567,7.3878889083862305,6.119183826446534,9.090106201171874,3.9757943153381348,12.485282897949219
value_pre-c4_len2048-prefill-hidden-tokens32,prefill,9,attn_update,value_pre_para_perp_ratio,1013,0.46103601818141204,0.4629804491996765,0.33712591528892516,0.5920519828796387,0.2073272466659546,0.7932008504867554
value_pre-c4_len2048-prefill-hidden-tokens32,prefill,9,attn_update,value_pre_para_ratio,1013,0.4145693530832351,0.4201365902559679,0.3194603790833507,0.5094580626645864,0.2030100153088742,0.6214415209187496
value_pre-c4_len2048-prefill-hidden-tokens32,prefill,9,attn_update,value_pre_perp_ratio,1013,0.9064214087932176,0.907460784763729,0.8604954703008607,0.9475996170100142,0.7834604939218215,0.979176729094966
value_pre-c4_len2048-prefill-hidden-tokens32,prefill,9,attn_update,value_pre_self_alignment,1013,0.4145693539072707,0.42013660073280334,0.31946039795875547,0.5094580292701721,0.20301002264022827,0.6214414834976196
value_pre-c4_len2048-prefill-hidden-tokens32,prefill,9,attn_update,value_pre_self_value_norm,1013,21.468134857471462,21.68731689453125,18.274716949462892,24.432004928588867,11.62364387512207,29.442502975463867
value_pre-c4_len2048-prefill-hidden-tokens32,prefill,10,attn_update,value_pre_norm,1013,9.553249385961776,9.481706619262695,7.950640296936036,11.299865150451659,5.972893714904785,16.163532257080078
value_pre-c4_len2048-prefill-hidden-tokens32,prefill,10,attn_update,value_pre_para_perp_ratio,1013,0.564188920057067,0.5664317607879639,0.4619016647338867,0.6713043808937073,0.31546396017074585,0.8139891624450684
value_pre-c4_len2048-prefill-hidden-tokens32,prefill,10,attn_update,value_pre_para_ratio,1013,0.4885971823520958,0.4928577920114499,0.41932998018311507,0.5573630825306353,0.3008490514390476,0.6312880655982231
value_pre-c4_len2048-prefill-hidden-tokens32,prefill,10,attn_update,value_pre_perp_ratio,1013,0.8703192066519344,0.8701097756677858,0.8302687874561699,0.9078338965007009,0.7755484880174947,0.9536717438874361
value_pre-c4_len2048-prefill-hidden-tokens32,prefill,10,attn_update,value_pre_self_alignment,1013,0.48859718056562973,0.49285781383514404,0.41933001279830934,0.5573631286621094,0.300849050283432,0.6312880516052246
value_pre-c4_len2048-prefill-hidden-tokens32,prefill,10,attn_update,value_pre_self_value_norm,1013,27.911316512956084,27.99146842956543,23.546736907958984,32.09023056030274,18.518367767333984,38.71701431274414
value_pre-c4_len2048-prefill-hidden-tokens32,prefill,11,attn_update,value_pre_norm,1013,8.22706016736346,8.155097961425781,6.758411312103271,9.66825180053711,4.643314361572266,13.238855361938477
value_pre-c4_len2048-prefill-hidden-tokens32,prefill,11,attn_update,value_pre_para_perp_ratio,1013,0.5711656859602415,0.5655263066291809,0.40942600965499876,0.7387158751487732,0.21475830674171448,0.995833694934845
value_pre-c4_len2048-prefill-hidden-tokens32,prefill,11,attn_update,value_pre_para_ratio,1013,0.48935077516099673,0.4922610075650982,0.37889848089055533,0.5941753974158964,0.20997084269846905,0.7056290971905347
value_pre-c4_len2048-prefill-hidden-tokens32,prefill,11,attn_update,value_pre_perp_ratio,1013,0.8669529228835364,0.8704476278516755,0.8043354853664075,0.9254382370936918,0.7085812621176093,0.9777076868669351
value_pre-c4_len2048-prefill-hidden-tokens32,prefill,11,attn_update,value_pre_self_alignment,1013,0.48935077357798196,0.49226102232933044,0.37889846563339236,0.594175410270691,0.2099708467721939,0.7056291699409485
value_pre-c4_len2048-prefill-hidden-tokens32,prefill,11,attn_update,value_pre_self_value_norm,1013,19.188834843724994,19.183012008666992,16.081488418579102,22.38033218383789,13.169636726379395,27.04909324645996
value_pre-c4_len2048-prefill-hidden-tokens32,prefill,12,attn_update,value_pre_norm,1013,9.781950338218666,9.711545944213867,8.37015552520752,11.300322914123536,6.374186038970947,13.634584426879883
value_pre-c4_len2048-prefill-hidden-tokens32,prefill,12,attn_update,value_pre_para_perp_ratio,1013,0.6238456575856393,0.6235911846160889,0.48948341608047485,0.7604369401931763,0.35304340720176697,0.9840270280838013
value_pre-c4_len2048-prefill-hidden-tokens32,prefill,12,attn_update,value_pre_para_ratio,1013,0.5250167817991399,0.5291390110621242,0.4396408015840796,0.6053037056623031,0.33290582495810817,0.701391304286589
value_pre-c4_len2048-prefill-hidden-tokens32,prefill,12,attn_update,value_pre_perp_ratio,1013,0.847916769231442,0.8485351307341555,0.7959945935290208,0.8981734546026648,0.7127764571582293,0.9429600729831277
value_pre-c4_len2048-prefill-hidden-tokens32,prefill,12,attn_update,value_pre_self_alignment,1013,0.5250167829321968,0.5291390419006348,0.43964079618453983,0.6053037405014038,0.3329058587551117,0.7013912796974182
value_pre-c4_len2048-prefill-hidden-tokens32,prefill,12,attn_update,value_pre_self_value_norm,1013,21.69062550140863,21.633487701416016,19.098953628540038,24.42296905517578,15.92308521270752,28.212522506713867
value_pre-c4_len2048-prefill-hidden-tokens32,prefill,13,attn_update,value_pre_norm,1013,8.78206294145424,8.693612098693848,7.055807971954345,10.65295162200928,5.067486763000488,13.930076599121094
value_pre-c4_len2048-prefill-hidden-tokens32,prefill,13,attn_update,value_pre_para_perp_ratio,1013,0.5676697571886021,0.5697576403617859,0.42057127952575685,0.714584243297577,0.19311420619487762,0.9994928240776062
value_pre-c4_len2048-prefill-hidden-tokens32,prefill,13,attn_update,value_pre_para_ratio,1013,0.48767151438015816,0.4950440985476095,0.38767968986340867,0.5813990505334768,0.18961097982317304,0.7069274423692751
value_pre-c4_len2048-prefill-hidden-tokens32,prefill,13,attn_update,value_pre_perp_ratio,1013,0.8683171153757165,0.868867831959329,0.8136186093155146,0.9217938106174378,0.7072861788699805,0.9818592758201956
value_pre-c4_len2048-prefill-hidden-tokens32,prefill,13,attn_update,value_pre_self_alignment,1013,0.4876715139451879,0.495044082403183,0.387679660320282,0.5813989996910095,0.18961098790168762,0.706927478313446
value_pre-c4_len2048-prefill-hidden-tokens32,prefill,13,attn_update,value_pre_self_value_norm,1013,20.22482552015299,20.012439727783203,17.91578483581543,22.558635330200197,14.726168632507324,56.270137786865234
value_pre-c4_len2048-prefill-hidden-tokens32,prefill,14,attn_update,value_pre_norm,1013,11.935147290168604,11.871017456054688,9.679362487792968,14.366841316223145,7.702201843261719,19.485986709594727
value_pre-c4_len2048-prefill-hidden-tokens32,prefill,14,attn_update,value_pre_para_perp_ratio,1013,0.640019084379327,0.6327112913131714,0.4871040523052216,0.805200493335724,0.2430906742811203,1.076831579208374
value_pre-c4_len2048-prefill-hidden-tokens32,prefill,14,attn_update,value_pre_para_ratio,1013,0.5330478451829704,0.5346768770527103,0.43791462861477287,0.6271617735241076,0.23621158875278633,0.7327646342257693
value_pre-c4_len2048-prefill-hidden-tokens32,prefill,14,attn_update,value_pre_perp_ratio,1013,0.8416713155193327,0.8450566590495109,0.7788889673559196,0.8990166074034239,0.6804821065914983,0.9717015910153117
value_pre-c4_len2048-prefill-hidden-tokens32,prefill,14,attn_update,value_pre_self_alignment,1013,0.5330478457213625,0.5346768498420715,0.43791462779045104,0.6271618127822876,0.2362115979194641,0.7327646017074585
value_pre-c4_len2048-prefill-hidden-tokens32,prefill,14,attn_update,value_pre_self_value_norm,1013,26.052528044313693,25.84075355529785,22.453306198120117,29.962733840942384,17.855745315551758,38.11450958251953
value_pre-c4_len2048-prefill-hidden-tokens32,prefill,15,attn_update,value_pre_norm,1013,12.438932933788545,12.29877758026123,9.864372634887696,15.075037384033205,7.894270896911621,22.328426361083984
value_pre-c4_len2048-prefill-hidden-tokens32,prefill,15,attn_update,value_pre_para_perp_ratio,1013,0.6563175384172212,0.6531394124031067,0.48382914662361143,0.8344929099082947,0.2517835795879364,1.1781655550003052
value_pre-c4_len2048-prefill-hidden-tokens32,prefill,15,attn_update,value_pre_para_ratio,1013,0.5411795461420792,0.5468347485648876,0.4355304034633777,0.6407096798191747,0.24416315479148076,0.7623991489447726
value_pre-c4_len2048-prefill-hidden-tokens32,prefill,15,attn_update,value_pre_perp_ratio,1013,0.8354147120941834,0.8372404966300988,0.7677833102440816,0.9001740417364699,0.6471069677600227,0.9697341912591504
value_pre-c4_len2048-prefill-hidden-tokens32,prefill,15,attn_update,value_pre_self_alignment,1013,0.5411795483789934,0.5468347668647766,0.4355303764343261,0.6407097101211549,0.2441631406545639,0.7623991370201111
value_pre-c4_len2048-prefill-hidden-tokens32,prefill,15,attn_update,value_pre_self_value_norm,1013,25.775018136569567,25.61225128173828,22.510772323608396,28.941831588745117,17.929229736328125,84.15223693847656
value_pre-c4_len2048-prefill-hidden-tokens32,prefill,16,attn_update,value_pre_norm,1013,11.51882546369321,11.419906616210938,9.329517364501953,13.624794578552246,7.433840274810791,18.765155792236328
value_pre-c4_len2048-prefill-hidden-tokens32,prefill,16,attn_update,value_pre_para_perp_ratio,1013,0.5049857344820374,0.5013243556022644,0.36078270673751833,0.6473234653472901,0.18168644607067108,0.8644090890884399
value_pre-c4_len2048-prefill-hidden-tokens32,prefill,16,attn_update,value_pre_para_ratio,1013,0.4456821785565295,0.44816047511545626,0.3393711832017289,0.5434078478220772,0.1787599670761499,0.6539546321559774
value_pre-c4_len2048-prefill-hidden-tokens32,prefill,16,attn_update,value_pre_perp_ratio,1013,0.8909169961909839,0.8939531104921077,0.8394688054981491,0.9406525858975717,0.756533729839531,0.9838926919932249
value_pre-c4_len2048-prefill-hidden-tokens32,prefill,16,attn_update,value_pre_self_alignment,1013,0.4456821778772614,0.44816046953201294,0.3393711626529694,0.5434078454971314,0.17875999212265015,0.6539547443389893
value_pre-c4_len2048-prefill-hidden-tokens32,prefill,16,attn_update,value_pre_self_value_norm,1013,31.465750608604257,31.289213180541992,26.840218353271485,35.967515563964845,20.30126953125,96.45250701904297
value_pre-c4_len2048-prefill-hidden-tokens32,prefill,17,attn_update,value_pre_norm,1013,13.734059678366718,13.581175804138184,11.13297996520996,16.348011016845707,8.453534126281738,29.135799407958984
value_pre-c4_len2048-prefill-hidden-tokens32,prefill,17,attn_update,value_pre_para_perp_ratio,1013,0.7054756947766405,0.6976463794708252,0.5235961437225342,0.8958683013916017,0.11828356981277466,1.1894015073776245
value_pre-c4_len2048-prefill-hidden-tokens32,prefill,17,attn_update,value_pre_para_ratio,1013,0.5683158841398164,0.5721661220726856,0.4638586401730823,0.6672626993345885,0.11746470441188828,0.7654186604871145
value_pre-c4_len2048-prefill-hidden-tokens32,prefill,17,attn_update,value_pre_perp_ratio,1013,0.8169109600018541,0.8201377384836372,0.7448223551127998,0.8859092267755478,0.6435326192903861,0.9930770935344554
value_pre-c4_len2048-prefill-hidden-tokens32,prefill,17,attn_update,value_pre_self_alignment,1013,0.5683158858654412,0.5721660852432251,0.4638586461544037,0.6672627210617066,0.11746470630168915,0.7654186487197876
value_pre-c4_len2048-prefill-hidden-tokens32,prefill,17,attn_update,value_pre_self_value_norm,1013,27.80027380253226,27.562158584594727,23.503261184692384,31.879942321777346,7.708919048309326,126.46298217773438
value_pre-c4_len2048-prefill-hidden-tokens32,prefill,18,attn_update,value_pre_norm,1013,14.766541468779403,14.7942476272583,11.889304924011231,17.53964195251465,8.437810897827148,20.730878829956055
value_pre-c4_len2048-prefill-hidden-tokens32,prefill,18,attn_update,value_pre_para_perp_ratio,1013,0.69816157790333,0.6899908185005188,0.5212577223777771,0.8879528641700746,0.052664317190647125,1.2074319124221802
value_pre-c4_len2048-prefill-hidden-tokens32,prefill,18,attn_update,value_pre_para_ratio,1013,0.564385665130628,0.567920214609276,0.4622304099371757,0.6639727171271483,0.0525914344611487,0.7701605821002238
value_pre-c4_len2048-prefill-hidden-tokens32,prefill,18,attn_update,value_pre_perp_ratio,1013,0.8196883548405994,0.8230837129260872,0.7477567497974847,0.8867598712713506,0.6378501113172416,0.9986160931810705
value_pre-c4_len2048-prefill-hidden-tokens32,prefill,18,attn_update,value_pre_self_alignment,1013,0.5643856665312597,0.5679202079772949,0.4622304439544678,0.6639727830886841,0.05259142816066742,0.770160436630249
value_pre-c4_len2048-prefill-hidden-tokens32,prefill,18,attn_update,value_pre_self_value_norm,1013,31.349991994219494,31.265043258666992,26.376325607299805,35.975415802001955,9.50854206085205,124.92049407958984
value_pre-c4_len2048-prefill-hidden-tokens32,prefill,19,attn_update,value_pre_norm,1013,16.385696454438854,16.295074462890625,13.16620807647705,19.911143112182618,7.813398361206055,25.15335464477539
value_pre-c4_len2048-prefill-hidden-tokens32,prefill,19,attn_update,value_pre_para_perp_ratio,1013,0.6218107593230175,0.6189913153648376,0.4376115441322327,0.8076158523559571,0.2072068601846695,1.7098957300186157
value_pre-c4_len2048-prefill-hidden-tokens32,prefill,19,attn_update,value_pre_para_ratio,1013,0.5195415622619526,0.5263200253747221,0.4009045782384828,0.6283011205313243,0.20289696490817577,0.8632156800328868
value_pre-c4_len2048-prefill-hidden-tokens32,prefill,19,attn_update,value_pre_perp_ratio,1013,0.8481462263532628,0.8502865938775036,0.777970295262153,0.9161197700929911,0.5048352594220733,0.9792000412642715
value_pre-c4_len2048-prefill-hidden-tokens32,prefill,19,attn_update,value_pre_self_alignment,1013,0.5195415618094852,0.5263199806213379,0.40090460181236265,0.6283010721206665,0.20289695262908936,0.8632156848907471
value_pre-c4_len2048-prefill-hidden-tokens32,prefill,19,attn_update,value_pre_self_value_norm,1013,39.658857243906006,39.71623229980469,34.67054672241211,44.686859130859375,8.64273452758789,52.79703140258789
value_pre-c4_len2048-prefill-hidden-tokens32,prefill,20,attn_update,value_pre_norm,1013,16.333613155624825,16.313047409057617,12.423340225219727,19.986646270751955,9.342839241027832,26.70062255859375
value_pre-c4_len2048-prefill-hidden-tokens32,prefill,20,attn_update,value_pre_para_perp_ratio,1013,0.6724267589169217,0.6676072478294373,0.5131242871284485,0.8460817337036135,0.24852456152439117,1.11031174659729
value_pre-c4_len2048-prefill-hidden-tokens32,prefill,20,attn_update,value_pre_para_ratio,1013,0.5510643618486163,0.555241661987305,0.4565306102968699,0.6459097910780304,0.2411877378348482,0.7430546996615862
value_pre-c4_len2048-prefill-hidden-tokens32,prefill,20,attn_update,value_pre_perp_ratio,1013,0.8294568438049712,0.8316891001168912,0.7634135036202521,0.889707706197884,0.6692307245310245,0.9704784977608173
value_pre-c4_len2048-prefill-hidden-tokens32,prefill,20,attn_update,value_pre_self_alignment,1013,0.5510643620305095,0.5552416443824768,0.4565306305885315,0.6459097146987917,0.24118772149085999,0.7430546879768372
value_pre-c4_len2048-prefill-hidden-tokens32,prefill,20,attn_update,value_pre_self_value_norm,1013,38.97911390265025,39.047977447509766,34.31960678100586,43.35285873413086,9.416529655456543,53.66345977783203
value_pre-c4_len2048-prefill-hidden-tokens32,prefill,21,attn_update,value_pre_norm,1013,17.462336979872617,17.402889251708984,13.858771133422852,20.936735153198246,10.389665603637695,29.458969116210938
value_pre-c4_len2048-prefill-hidden-tokens32,prefill,21,attn_update,value_pre_para_perp_ratio,1013,0.6471036617282818,0.6423293352127075,0.49175951480865476,0.8111221909523012,0.2316300868988037,1.4045828580856323
value_pre-c4_len2048-prefill-hidden-tokens32,prefill,21,attn_update,value_pre_para_ratio,1013,0.5364774463900057,0.5404433284441871,0.44128801076931445,0.6299477520633754,0.22565570164008938,0.8146305031879153
value_pre-c4_len2048-prefill-hidden-tokens32,prefill,21,attn_update,value_pre_perp_ratio,1013,0.839019798128528,0.8413804160390629,0.7766374576364138,0.8973654681899683,0.579980387288736,0.9742071871935034
value_pre-c4_len2048-prefill-hidden-tokens32,prefill,21,attn_update,value_pre_self_alignment,1013,0.5364774474533972,0.5404433608055115,0.44128800630569454,0.6299478054046631,0.2256556898355484,0.814630389213562
value_pre-c4_len2048-prefill-hidden-tokens32,prefill,21,attn_update,value_pre_self_value_norm,1013,42.34922272172873,42.57083511352539,37.265831756591794,47.337347412109374,12.37087631225586,56.9540901184082
value_pre-c4_len2048-prefill-hidden-tokens32,prefill,22,attn_update,value_pre_norm,1013,21.342094354544788,21.25838279724121,17.56488456726074,25.13428764343262,11.436202049255371,32.8416633605957
value_pre-c4_len2048-prefill-hidden-tokens32,prefill,22,attn_update,value_pre_para_perp_ratio,1013,0.6744847976678922,0.673400342464447,0.5460025787353515,0.8089524745941163,0.33233383297920227,1.0046309232711792
value_pre-c4_len2048-prefill-hidden-tokens32,prefill,22,attn_update,value_pre_para_ratio,1013,0.5551918621551554,0.5585609664405016,0.47922277369594596,0.628929789276845,0.3153739781014603,0.7087383984317326
value_pre-c4_len2048-prefill-hidden-tokens32,prefill,22,attn_update,value_pre_perp_ratio,1013,0.8288570040077796,0.8294634633423159,0.7774620452742342,0.8776932656378247,0.7054713938839324,0.9489674470168986
value_pre-c4_len2048-prefill-hidden-tokens32,prefill,22,attn_update,value_pre_self_alignment,1013,0.5551918589115613,0.5585609078407288,0.4792227506637573,0.6289297819137574,0.315373957157135,0.7087384462356567
value_pre-c4_len2048-prefill-hidden-tokens32,prefill,22,attn_update,value_pre_self_value_norm,1013,51.53305837926836,51.31867980957031,46.43392486572266,57.01993713378907,9.21837043762207,79.82205200195312
value_pre-c4_len2048-prefill-hidden-tokens32,prefill,23,attn_update,value_pre_norm,1013,22.989023983419706,23.054336547851562,19.072060775756835,26.82910385131836,10.6640043258667,33.25115966796875
value_pre-c4_len2048-prefill-hidden-tokens32,prefill,23,attn_update,value_pre_para_perp_ratio,1013,0.6963205962402329,0.6973890662193298,0.547306501865387,0.8436257243156433,0.26304203271865845,1.0461294651031494
value_pre-c4_len2048-prefill-hidden-tokens32,prefill,23,attn_update,value_pre_para_ratio,1013,0.5662253206792167,0.5720241653417171,0.48010368670260317,0.6448154043775748,0.25438850033104904,0.7228646962067805
value_pre-c4_len2048-prefill-hidden-tokens32,prefill,23,attn_update,value_pre_perp_ratio,1013,0.8204595974716485,0.8202367863317241,0.7643382962379803,0.8772117459339349,0.6909896914166233,0.9671021148617363
value_pre-c4_len2048-prefill-hidden-tokens32,prefill,23,attn_update,value_pre_self_alignment,1013,0.5662253222484344,0.5720241665840149,0.4801037311553955,0.644815468788147,0.2543884813785553,0.7228646278381348
value_pre-c4_len2048-prefill-hidden-tokens32,prefill,23,attn_update,value_pre_self_value_norm,1013,50.750481281675924,51.04682159423828,43.89367599487305,57.04830780029297,8.991860389709473,63.761146545410156
value_pre-c4_len2048-prefill-hidden-tokens32,prefill,24,attn_update,value_pre_norm,1013,22.06480852919764,21.680599212646484,17.836606979370117,26.56481437683106,10.1705904006958,36.99497985839844
value_pre-c4_len2048-prefill-hidden-tokens32,prefill,24,attn_update,value_pre_para_perp_ratio,1013,0.5379017750343706,0.5348814129829407,0.39615694284439085,0.671984887123108,0.201712504029274,0.901330828666687
value_pre-c4_len2048-prefill-hidden-tokens32,prefill,24,attn_update,value_pre_para_ratio,1013,0.46864155048032263,0.47165065278175583,0.36830853366364896,0.5577524146576758,0.19772998321717894,0.6695106444519273
value_pre-c4_len2048-prefill-hidden-tokens32,prefill,24,attn_update,value_pre_perp_ratio,1013,0.8793351964707468,0.881785464104445,0.8300073937179846,0.9297036020690397,0.7428023187050082,0.9802564690577822
value_pre-c4_len2048-prefill-hidden-tokens32,prefill,24,attn_update,value_pre_self_alignment,1013,0.468641550246137,0.471650630235672,0.36830853223800664,0.5577523946762085,0.19772998988628387,0.6695106625556946
value_pre-c4_len2048-prefill-hidden-tokens32,prefill,24,attn_update,value_pre_self_value_norm,1013,65.77006636202512,66.30447387695312,54.8396011352539,75.41478424072267,7.208686828613281,99.22674560546875
value_pre-c4_len2048-prefill-hidden-tokens32,prefill,25,attn_update,value_pre_norm,1013,17.00806088085118,17.056812286376953,13.052731704711913,20.973645019531254,6.45914888381958,27.64621925354004
value_pre-c4_len2048-prefill-hidden-tokens32,prefill,25,attn_update,value_pre_para_perp_ratio,1013,0.5180973333305692,0.5145694017410278,0.3819419205188751,0.666542685031891,0.10783246904611588,0.8153262734413147
value_pre-c4_len2048-prefill-hidden-tokens32,prefill,25,attn_update,value_pre_para_ratio,1013,0.45475874878152045,0.457547515987231,0.35680245158897095,0.5546287577974421,0.10721095524603741,0.6319111258342434
value_pre-c4_len2048-prefill-hidden-tokens32,prefill,25,attn_update,value_pre_perp_ratio,1013,0.8861961500040766,0.8891852463893363,0.8320979364934113,0.9341798526609353,0.7750407987390626,0.99423626923614
value_pre-c4_len2048-prefill-hidden-tokens32,prefill,25,attn_update,value_pre_self_alignment,1013,0.45475874761044094,0.4575474262237549,0.3568024277687073,0.5546287417411804,0.10721097141504288,0.6319111585617065
value_pre-c4_len2048-prefill-hidden-tokens32,prefill,25,attn_update,value_pre_self_value_norm,1013,58.421063677344364,58.769710540771484,49.01043090820312,67.24037475585939,6.226752281188965,82.2125015258789
value_pre-c4_len2048-prefill-hidden-tokens32,prefill,26,attn_update,value_pre_norm,1013,15.034159500766012,14.717531204223633,10.14636459350586,20.453099822998055,4.495568752288818,31.35688018798828
value_pre-c4_len2048-prefill-hidden-tokens32,prefill,26,attn_update,value_pre_para_perp_ratio,1013,0.41541103920867156,0.41236817836761475,0.3020222544670105,0.5377064943313599,0.09090808033943176,1.066704273223877
value_pre-c4_len2048-prefill-hidden-tokens32,prefill,26,attn_update,value_pre_para_ratio,1013,0.3799143743001482,0.38122676283305273,0.28912345181459587,0.4735842397968377,0.09053475267264124,0.729549302844538
value_pre-c4_len2048-prefill-hidden-tokens32,prefill,26,attn_update,value_pre_perp_ratio,1013,0.9216022355547959,0.9244815153822558,0.8807485710995706,0.9572918816772041,0.6839283547043098,0.9958933418530108
value_pre-c4_len2048-prefill-hidden-tokens32,prefill,26,attn_update,value_pre_self_alignment,1013,0.37991437521879906,0.3812267780303955,0.2891234517097473,0.4735842287540436,0.0905347466468811,0.72954922914505
value_pre-c4_len2048-prefill-hidden-tokens32,prefill,26,attn_update,value_pre_self_value_norm,1013,67.51507838692623,67.27190399169922,54.04938659667969,81.38269348144532,4.9649882316589355,102.49406433105469
value_pre-c4_len2048-prefill-hidden-tokens32,prefill,27,attn_update,value_pre_norm,1013,19.902807441421462,20.18297576904297,14.307915687561035,25.103539657592776,4.982670307159424,32.17616271972656
value_pre-c4_len2048-prefill-hidden-tokens32,prefill,27,attn_update,value_pre_para_perp_ratio,1013,0.5250140818871138,0.5244385004043579,0.4100729346275329,0.6576803803443909,0.10879625380039215,0.8047530055046082
value_pre-c4_len2048-prefill-hidden-tokens32,prefill,27,attn_update,value_pre_para_ratio,1013,0.46092050299786846,0.46444406011503275,0.37941104697996497,0.5494915057638519,0.1081580337013201,0.6269503028316752
value_pre-c4_len2048-prefill-hidden-tokens32,prefill,27,attn_update,value_pre_perp_ratio,1013,0.8842067844661975,0.8856025230285212,0.8354993129516615,0.9252282200481451,0.7790592850403076,0.994133794814542
value_pre-c4_len2048-prefill-hidden-tokens32,prefill,27,attn_update,value_pre_self_alignment,1013,0.4609205025631607,0.46444404125213623,0.37941104769706724,0.5494914531707764,0.10815803706645966,0.6269503235816956
value_pre-c4_len2048-prefill-hidden-tokens32,prefill,27,attn_update,value_pre_self_value_norm,1013,76.60043209891211,76.37960052490234,64.20098876953125,89.94193878173829,5.5924906730651855,108.52767944335938
value_pre-c4_len2048-prefill-hidden-tokens32,prefill,28,attn_update,value_pre_norm,1013,25.854308404197578,25.55575942993164,20.06480598449707,32.1036865234375,11.874214172363281,44.77516555786133
value_pre-c4_len2048-prefill-hidden-tokens32,prefill,28,attn_update,value_pre_para_perp_ratio,1013,0.6118476823016428,0.6098707914352417,0.4767777264118195,0.7517609834671023,0.11615729331970215,1.0626027584075928
value_pre-c4_len2048-prefill-hidden-tokens32,prefill,28,attn_update,value_pre_para_ratio,1013,0.5166688842504031,0.5206787967961868,0.43036556397999864,0.6008999609916592,0.11538151264958192,0.728233067264849
value_pre-c4_len2048-prefill-hidden-tokens32,prefill,28,attn_update,value_pre_perp_ratio,1013,0.852189495687492,0.853752659844979,0.7993238673297098,0.9026546252144478,0.6853295637048141,0.9933212628368796
value_pre-c4_len2048-prefill-hidden-tokens32,prefill,28,attn_update,value_pre_self_alignment,1013,0.5166688835044251,0.5206787586212158,0.43036559820175174,0.6008999586105348,0.11538150906562805,0.7282331585884094
value_pre-c4_len2048-prefill-hidden-tokens32,prefill,28,attn_update,value_pre_self_value_norm,1013,83.55635939181028,84.685791015625,67.67530212402345,98.89488067626954,8.284767150878906,114.83421325683594
value_pre-c4_len2048-prefill-hidden-tokens32,prefill,29,attn_update,value_pre_norm,1013,19.556315025242977,18.1678524017334,11.075794410705567,29.662604141235356,5.087718963623047,61.50217819213867
value_pre-c4_len2048-prefill-hidden-tokens32,prefill,29,attn_update,value_pre_para_perp_ratio,1013,0.28265999641677647,0.2745051085948944,0.17675348520278933,0.39769893884658813,0.011246053501963615,0.6402050256729126
value_pre-c4_len2048-prefill-hidden-tokens32,prefill,29,attn_update,value_pre_para_ratio,1013,0.26918821097662005,0.2647127655011764,0.17405546975817296,0.3695466876932845,0.011245342931783532,0.5391761740786165
value_pre-c4_len2048-prefill-hidden-tokens32,prefill,29,attn_update,value_pre_perp_ratio,1013,0.9596414527593263,0.9643272777883165,0.9292121894558377,0.9847357637941623,0.8421929809327909,0.9999368003079548
value_pre-c4_len2048-prefill-hidden-tokens32,prefill,29,attn_update,value_pre_self_alignment,1013,0.269188212256544,0.26471278071403503,0.17405547499656676,0.36954673528671267,0.01124533824622631,0.5391761660575867
value_pre-c4_len2048-prefill-hidden-tokens32,prefill,29,attn_update,value_pre_self_value_norm,1013,120.97183463039191,120.96063232421875,77.21219177246094,165.42911987304691,5.400723934173584,246.1467742919922
value_pre-c4_len2048-prefill-hidden-tokens32,prefill,30,attn_update,value_pre_norm,1013,32.40725939695127,32.381771087646484,21.876501464843752,42.7228973388672,8.875641822814941,68.80949401855469
value_pre-c4_len2048-prefill-hidden-tokens32,prefill,30,attn_update,value_pre_para_perp_ratio,1013,0.5274236469960754,0.52887362241745,0.3732917845249176,0.6763327121734619,0.094724640250206,0.865109920501709
value_pre-c4_len2048-prefill-hidden-tokens32,prefill,30,attn_update,value_pre_para_ratio,1013,0.4603562955884588,0.4675160915253388,0.3497200012071479,0.5602309545376711,0.09430250307380518,0.6542579368001284
value_pre-c4_len2048-prefill-hidden-tokens32,prefill,30,attn_update,value_pre_perp_ratio,1013,0.8824998106149823,0.883984535367144,0.8283363668979747,0.9368542993749427,0.7562714450460066,0.9955435317239698
value_pre-c4_len2048-prefill-hidden-tokens32,prefill,30,attn_update,value_pre_self_alignment,1013,0.4603562965503685,0.46751609444618225,0.3497199475765228,0.5602309703826904,0.09430248290300369,0.6542579531669617
value_pre-c4_len2048-prefill-hidden-tokens32,prefill,30,attn_update,value_pre_self_value_norm,1013,129.72602303289355,128.24041748046875,102.53225250244142,157.71534423828126,8.447835922241211,202.1398162841797
value_pre-c4_len2048-prefill-hidden-tokens32,prefill,31,attn_update,value_pre_norm,1013,29.422053732500142,28.59138298034668,19.254506301879882,40.99209671020508,8.717927932739258,65.3984603881836
value_pre-c4_len2048-prefill-hidden-tokens32,prefill,31,attn_update,value_pre_para_perp_ratio,1013,0.39564917121829074,0.3910753130912781,0.2651698350906372,0.5355839133262634,0.07408053427934647,0.7886913418769836
value_pre-c4_len2048-prefill-hidden-tokens32,prefill,31,attn_update,value_pre_para_ratio,1013,0.36333083976598674,0.3642143745030474,0.2563116252892903,0.4721320963970753,0.07387808568859762,0.6192657832571203
value_pre-c4_len2048-prefill-hidden-tokens32,prefill,31,attn_update,value_pre_perp_ratio,1013,0.9271957905605345,0.931315167189928,0.8815278242674671,0.9665941761599738,0.7851814407865312,0.9972672217800712
value_pre-c4_len2048-prefill-hidden-tokens32,prefill,31,attn_update,value_pre_self_alignment,1013,0.36333083862995935,0.36421436071395874,0.2563116192817688,0.4721320986747741,0.07387807965278625,0.6192659139633179
value_pre-c4_len2048-prefill-hidden-tokens32,prefill,31,attn_update,value_pre_self_value_norm,1013,149.11084439464994,146.57144165039062,105.17416687011719,194.75071105957034,8.002626419067383,296.0099792480469
value_pre-c4_len2048-prefill-hidden-tokens32,prefill,32,attn_update,value_pre_norm,1013,32.33051631057604,31.139127731323242,19.562093353271486,46.21875686645508,9.751627922058105,79.6891098022461
value_pre-c4_len2048-prefill-hidden-tokens32,prefill,32,attn_update,value_pre_para_perp_ratio,1013,0.340759978104688,0.3415389657020569,0.20963866710662843,0.46252179741859445,0.028487643226981163,0.7024767398834229
value_pre-c4_len2048-prefill-hidden-tokens32,prefill,32,attn_update,value_pre_para_ratio,1013,0.31887676845275115,0.3232078566986782,0.20517850283988226,0.4197937477409584,0.028476090869533673,0.5748217613039446
value_pre-c4_len2048-prefill-hidden-tokens32,prefill,32,attn_update,value_pre_perp_ratio,1013,0.9436564257747632,0.9463279083962963,0.9076195067650231,0.978724529437261,0.8182787043505756,0.9995945077059895
value_pre-c4_len2048-prefill-hidden-tokens32,prefill,32,attn_update,value_pre_self_alignment,1013,0.31887676804036874,0.32320791482925415,0.20517853200435637,0.4197937011718751,0.028476092964410782,0.5748217105865479
value_pre-c4_len2048-prefill-hidden-tokens32,prefill,32,attn_update,value_pre_self_value_norm,1013,181.09333008204138,177.83782958984375,126.7058334350586,238.23532409667968,9.943328857421875,368.0121154785156
value_pre-c4_len2048-prefill-hidden-tokens32,prefill,33,attn_update,value_pre_norm,1013,39.51070978987487,35.74455261230469,21.8952205657959,61.56347427368165,11.000840187072754,117.2843246459961
value_pre-c4_len2048-prefill-hidden-tokens32,prefill,33,attn_update,value_pre_para_perp_ratio,1013,0.22682876629306248,0.21822595596313477,0.13371661007404329,0.33692946434021,0.00697805592790246,0.545436441898346
value_pre-c4_len2048-prefill-hidden-tokens32,prefill,33,attn_update,value_pre_para_ratio,1013,0.21913947120827354,0.2132082204504789,0.13253692881573922,0.31929319411543133,0.006977885524220322,0.4788398982496317
value_pre-c4_len2048-prefill-hidden-tokens32,prefill,33,attn_update,value_pre_perp_ratio,1013,0.9726661172473302,0.9770067229893082,0.9476559489108807,0.9911779345041095,0.8779023183415403,0.999975579046766
value_pre-c4_len2048-prefill-hidden-tokens32,prefill,33,attn_update,value_pre_self_alignment,1013,0.2191050563904899,0.21320819854736328,0.13253691196441653,0.319293224811554,-0.010453104972839355,0.4788398742675781
value_pre-c4_len2048-prefill-hidden-tokens32,prefill,33,attn_update,value_pre_self_value_norm,1013,262.44970498174456,253.4194793701172,162.63518371582032,373.0692993164064,13.709624290466309,626.5011596679688
value_pre-c4_len2048-prefill-hidden-tokens32,prefill,34,attn_update,value_pre_norm,1013,61.3017577861398,59.419246673583984,47.50204238891602,74.2293182373047,20.034706115722656,140.38955688476562
value_pre-c4_len2048-prefill-hidden-tokens32,prefill,34,attn_update,value_pre_para_perp_ratio,1013,0.4159504688268588,0.4110141098499298,0.3284032702445984,0.5109847903251649,0.06423310935497284,0.7807947397232056
value_pre-c4_len2048-prefill-hidden-tokens32,prefill,34,attn_update,value_pre_para_ratio,1013,0.3817276102252027,0.38015612594586945,0.31200904702644955,0.45502188240829056,0.06410100705032899,0.6154211901217866
value_pre-c4_len2048-prefill-hidden-tokens32,prefill,34,attn_update,value_pre_perp_ratio,1013,0.9221111889890633,0.9249223178538786,0.8904803096490286,0.950079139266129,0.7881984564381592,0.9979433789195549
value_pre-c4_len2048-prefill-hidden-tokens32,prefill,34,attn_update,value_pre_self_alignment,1013,0.38160105211419393,0.38015612959861755,0.3120090663433075,0.4550218224525452,-0.06410099565982819,0.6154211163520813
value_pre-c4_len2048-prefill-hidden-tokens32,prefill,34,attn_update,value_pre_self_value_norm,1013,249.7520253632405,242.0367431640625,199.88937072753907,305.8890563964845,22.18185043334961,526.3788452148438
value_pre-c4_len2048-prefill-hidden-tokens32,prefill,35,attn_update,value_pre_norm,1013,69.3494237916726,67.69693756103516,58.437110137939456,80.17979125976564,41.65028381347656,190.11119079589844
value_pre-c4_len2048-prefill-hidden-tokens32,prefill,35,attn_update,value_pre_para_perp_ratio,1013,0.8024027733553315,0.8024851083755493,0.6909749031066894,0.9154056072235107,0.40147268772125244,1.1849979162216187
value_pre-c4_len2048-prefill-hidden-tokens32,prefill,35,attn_update,value_pre_para_ratio,1013,0.6225225296611763,0.6258761856083459,0.5684683571265696,0.6752189928458372,0.37256851708836924,0.764241264793532
value_pre-c4_len2048-prefill-hidden-tokens32,prefill,35,attn_update,value_pre_perp_ratio,1013,0.7803047483243141,0.7799225017677641,0.7376172894030432,0.8227050488460086,0.644930463553746,0.9280046555860682
value_pre-c4_len2048-prefill-hidden-tokens32,prefill,35,attn_update,value_pre_self_alignment,1013,0.6225225272324573,0.625876247882843,0.5684682369232178,0.6752190113067627,0.3725685477256775,0.7642412185668945
value_pre-c4_len2048-prefill-hidden-tokens32,prefill,35,attn_update,value_pre_self_value_norm,1013,174.17238863222926,166.25064086914062,152.76363525390624,201.99124450683593,138.15187072753906,422.23455810546875
value_pre-c4_len512-prefill-hidden-tokens32,prefill,0,attn_update,value_pre_norm,250,1.2876008505821228,1.2857006788253784,1.1142825484275818,1.4503297924995422,1.0353714227676392,1.6087656021118164
value_pre-c4_len512-prefill-hidden-tokens32,prefill,0,attn_update,value_pre_para_perp_ratio,250,0.5848377895355225,0.589848130941391,0.4606535494327545,0.686416232585907,0.27880728244781494,0.8811084032058716
value_pre-c4_len512-prefill-hidden-tokens32,prefill,0,attn_update,value_pre_para_ratio,250,0.5010980011383217,0.5080518301284076,0.41839549090939376,0.565921946077978,0.268564387972546,0.6610964896462611
value_pre-c4_len512-prefill-hidden-tokens32,prefill,0,attn_update,value_pre_perp_ratio,250,0.8624667746408051,0.8613265165159348,0.8244588597472441,0.9082650034251764,0.7503009559449063,0.9632617487726787
value_pre-c4_len512-prefill-hidden-tokens32,prefill,0,attn_update,value_pre_self_alignment,250,0.5010980063676834,0.5080517828464508,0.41839547157287593,0.565921938419342,0.2685644030570984,0.6610965132713318
value_pre-c4_len512-prefill-hidden-tokens32,prefill,0,attn_update,value_pre_self_value_norm,250,1.9935946216583251,1.9843727350234985,1.767316174507141,2.224483036994934,1.4623955488204956,2.4227588176727295
value_pre-c4_len512-prefill-hidden-tokens32,prefill,1,attn_update,value_pre_norm,250,1.5466057934761048,1.5390915870666504,1.1645948767662049,1.9383800864219665,1.0080254077911377,2.5536201000213623
value_pre-c4_len512-prefill-hidden-tokens32,prefill,1,attn_update,value_pre_para_perp_ratio,250,0.3169752735197544,0.30171850323677063,0.16326121091842652,0.4698793351650238,0.06746974587440491,0.9893770813941956
value_pre-c4_len512-prefill-hidden-tokens32,prefill,1,attn_update,value_pre_para_ratio,250,0.29522614116511864,0.28885691712390593,0.16112796259067266,0.42527154606659634,0.067316701812081,0.7033209413930732
value_pre-c4_len512-prefill-hidden-tokens32,prefill,1,attn_update,value_pre_perp_ratio,250,0.9484469841895281,0.9573722787699175,0.9050657112438498,0.9869335313847816,0.7108725022548333,0.9977316522585135
value_pre-c4_len512-prefill-hidden-tokens32,prefill,1,attn_update,value_pre_self_alignment,250,0.2952261424064636,0.2888569235801697,0.16112798005342482,0.42527153491973874,0.06731671094894409,0.7033209800720215
value_pre-c4_len512-prefill-hidden-tokens32,prefill,1,attn_update,value_pre_self_value_norm,250,3.335900357723236,3.5927395820617676,2.033639669418335,3.962459754943848,1.2881004810333252,4.361379146575928
value_pre-c4_len512-prefill-hidden-tokens32,prefill,2,attn_update,value_pre_norm,250,1.7127973227500914,1.6690985560417175,1.3179974317550658,2.124760866165161,0.8103210926055908,3.0877201557159424
value_pre-c4_len512-prefill-hidden-tokens32,prefill,2,attn_update,value_pre_para_perp_ratio,250,0.2710295742228627,0.2709473967552185,0.15554138720035554,0.3960648596286774,0.009315438568592072,1.091242790222168
value_pre-c4_len512-prefill-hidden-tokens32,prefill,2,attn_update,value_pre_para_ratio,250,0.2574892304241103,0.26151803253337935,0.15369314548614388,0.3682344120932167,0.009315035122573244,0.7372570896272228
value_pre-c4_len512-prefill-hidden-tokens32,prefill,2,attn_update,value_pre_perp_ratio,250,0.9614403922223196,0.9651986131272412,0.9297328462191007,0.9881181796990903,0.6756123531916158,0.9999566637446222
value_pre-c4_len512-prefill-hidden-tokens32,prefill,2,attn_update,value_pre_self_alignment,250,0.25709739709272983,0.26151803135871887,0.15369316190481186,0.36823442280292507,-0.029426146298646927,0.7372570633888245
value_pre-c4_len512-prefill-hidden-tokens32,prefill,2,attn_update,value_pre_self_value_norm,250,4.779261832475663,4.915816068649292,3.6484561204910277,5.656147623062134,0.9125909209251404,7.423007488250732
value_pre-c4_len512-prefill-hidden-tokens32,prefill,3,attn_update,value_pre_norm,250,2.1914556040763853,2.089343786239624,1.6720753908157349,2.895124816894531,0.9586066007614136,3.747650146484375
value_pre-c4_len512-prefill-hidden-tokens32,prefill,3,attn_update,value_pre_para_perp_ratio,250,0.27624202566966416,0.2591188848018646,0.1298223875463009,0.440907695889473,0.0030395789071917534,0.8317543864250183
value_pre-c4_len512-prefill-hidden-tokens32,prefill,3,attn_update,value_pre_para_ratio,250,0.26013695432851675,0.2508348311469515,0.12874145547347374,0.40343424962345303,0.003039564893278204,0.6394676905379988
value_pre-c4_len512-prefill-hidden-tokens32,prefill,3,attn_update,value_pre_perp_ratio,250,0.9584456267245978,0.9680299144142126,0.9150085962523054,0.991676735216794,0.7688179571279787,0.9999953895288296
value_pre-c4_len512-prefill-hidden-tokens32,prefill,3,attn_update,value_pre_self_alignment,250,0.2601126362551004,0.2508348375558853,0.12874144315719604,0.4034342259168625,-0.0030395681969821453,0.639467716217041
value_pre-c4_len512-prefill-hidden-tokens32,prefill,3,attn_update,value_pre_self_value_norm,250,6.582428404808044,6.827672004699707,4.945015859603882,7.691021871566773,0.9576675891876221,9.976263999938965
value_pre-c4_len512-prefill-hidden-tokens32,prefill,4,attn_update,value_pre_norm,250,2.7703255867958068,2.706162214279175,2.0419164657592774,3.675900030136108,0.9344117641448975,4.6068572998046875
value_pre-c4_len512-prefill-hidden-tokens32,prefill,4,attn_update,value_pre_para_perp_ratio,250,0.26708033560216426,0.26790690422058105,0.15699483901262284,0.39029957056045533,0.019301097840070724,0.5954253673553467
value_pre-c4_len512-prefill-hidden-tokens32,prefill,4,attn_update,value_pre_para_ratio,250,0.2545427280650366,0.25878090466354764,0.15509511945905213,0.36358742957151163,0.01929750391663313,0.511602666049535
value_pre-c4_len512-prefill-hidden-tokens32,prefill,4,attn_update,value_pre_perp_ratio,250,0.9626002486475558,0.9659360271739159,0.9315600579852003,0.9878995425551725,0.8592221589724656,0.999813750733236
value_pre-c4_len512-prefill-hidden-tokens32,prefill,4,attn_update,value_pre_self_alignment,250,0.25438834837824104,0.25878091156482697,0.1550951361656189,0.36358744800090786,-0.01929750107228756,0.5116026401519775
value_pre-c4_len512-prefill-hidden-tokens32,prefill,4,attn_update,value_pre_self_value_norm,250,8.423665317058564,8.844759464263916,6.305566358566284,10.200003051757813,1.0412951707839966,12.138333320617676
value_pre-c4_len512-prefill-hidden-tokens32,prefill,5,attn_update,value_pre_norm,250,3.6426887464523316,3.6573351621627808,2.773065757751465,4.560206127166748,2.185670852661133,5.569639682769775
value_pre-c4_len512-prefill-hidden-tokens32,prefill,5,attn_update,value_pre_para_perp_ratio,250,0.37553793480992315,0.3772556781768799,0.23805839270353318,0.5236725986003876,0.07589545845985413,0.6887882947921753
value_pre-c4_len512-prefill-hidden-tokens32,prefill,5,attn_update,value_pre_para_ratio,250,0.34673948256405607,0.35297301451400537,0.23158635970186736,0.4639115408114843,0.07567781406655666,0.5672490361078381
value_pre-c4_len512-prefill-hidden-tokens32,prefill,5,attn_update,value_pre_perp_ratio,250,0.9330633222058395,0.9356334496412314,0.8858813283594087,0.9728139770004783,0.8235462936286484,0.9971323124976844
value_pre-c4_len512-prefill-hidden-tokens32,prefill,5,attn_update,value_pre_self_alignment,250,0.3467394834756851,0.35297299921512604,0.23158635497093202,0.4639115154743194,0.07567781209945679,0.567249059677124
value_pre-c4_len512-prefill-hidden-tokens32,prefill,5,attn_update,value_pre_self_value_norm,250,9.729498175621032,10.319651126861572,7.378775358200073,11.548368358612061,1.583725929260254,13.013538360595703
value_pre-c4_len512-prefill-hidden-tokens32,prefill,6,attn_update,value_pre_norm,250,5.396822611808777,5.372944355010986,4.16438512802124,6.633422231674194,2.874525785446167,8.444372177124023
value_pre-c4_len512-prefill-hidden-tokens32,prefill,6,attn_update,value_pre_para_perp_ratio,250,0.41544857186079026,0.41211605072021484,0.24498332738876344,0.5858511805534362,0.1416165828704834,0.8064621090888977
value_pre-c4_len512-prefill-hidden-tokens32,prefill,6,attn_update,value_pre_para_ratio,250,0.37636051939247134,0.381026993595624,0.23794693369803735,0.5054902135307957,0.14021751758290057,0.6277573708145211
value_pre-c4_len512-prefill-hidden-tokens32,prefill,6,attn_update,value_pre_perp_ratio,250,0.9196634780626189,0.9245633524435171,0.8628316762690174,0.9712780670168666,0.7784090040354574,0.9901207909481782
value_pre-c4_len512-prefill-hidden-tokens32,prefill,6,attn_update,value_pre_self_alignment,250,0.37636051839590073,0.3810270130634308,0.2379469484090805,0.5054902195930481,0.14021754264831543,0.6277574300765991
value_pre-c4_len512-prefill-hidden-tokens32,prefill,6,attn_update,value_pre_self_value_norm,250,12.083534400939941,12.884096622467041,7.613775157928467,14.904993724822997,4.903659820556641,16.720577239990234
value_pre-c4_len512-prefill-hidden-tokens32,prefill,7,attn_update,value_pre_norm,250,5.612609606742859,5.452861309051514,4.1092242240905765,7.334309291839599,2.2244911193847656,9.429192543029785
value_pre-c4_len512-prefill-hidden-tokens32,prefill,7,attn_update,value_pre_para_perp_ratio,250,0.3370978019833565,0.33535052835941315,0.2249968707561493,0.45069696605205534,0.12865464389324188,0.6592138409614563
value_pre-c4_len512-prefill-hidden-tokens32,prefill,7,attn_update,value_pre_para_ratio,250,0.3167076362539548,0.31794849712817413,0.21950917613730825,0.41089303139662225,0.1276029288081778,0.5503848789913344
value_pre-c4_len512-prefill-hidden-tokens32,prefill,7,attn_update,value_pre_perp_ratio,250,0.9455748536348962,0.9481079925620126,0.9116835890495154,0.975610267489648,0.8349110034219729,0.9918253187407555
value_pre-c4_len512-prefill-hidden-tokens32,prefill,7,attn_update,value_pre_self_alignment,250,0.3167076362371445,0.31794850528240204,0.2195091709494591,0.410893040895462,0.1276029348373413,0.5503848791122437
value_pre-c4_len512-prefill-hidden-tokens32,prefill,7,attn_update,value_pre_self_value_norm,250,16.72774582672119,16.988749504089355,13.370557022094728,19.347257614135742,11.394807815551758,21.69003677368164
value_pre-c4_len512-prefill-hidden-tokens32,prefill,8,attn_update,value_pre_norm,250,7.011656700134277,7.078290939331055,5.125390481948853,8.956413841247558,3.006654739379883,11.55245590209961
value_pre-c4_len512-prefill-hidden-tokens32,prefill,8,attn_update,value_pre_para_perp_ratio,250,0.42711898404359816,0.42663586139678955,0.2631163537502289,0.5688017249107361,0.1261775940656662,0.7170137763023376
value_pre-c4_len512-prefill-hidden-tokens32,prefill,8,attn_update,value_pre_para_ratio,250,0.38755811266634205,0.3924146376436467,0.2544557042874495,0.49441624844851484,0.12518499980651543,0.5827052944208081
value_pre-c4_len512-prefill-hidden-tokens32,prefill,8,attn_update,value_pre_perp_ratio,250,0.9168625780271784,0.9197883406374803,0.8692249459610011,0.9670843774405261,0.8126835187182825,0.9921333451327209
value_pre-c4_len512-prefill-hidden-tokens32,prefill,8,attn_update,value_pre_self_alignment,250,0.3875581101179123,0.3924146592617035,0.2544556945562363,0.49441622495651244,0.12518499791622162,0.5827052593231201
value_pre-c4_len512-prefill-hidden-tokens32,prefill,8,attn_update,value_pre_self_value_norm,250,21.23045043182373,21.634791374206543,16.910741233825682,24.651700592041013,13.284297943115234,27.856151580810547
value_pre-c4_len512-prefill-hidden-tokens32,prefill,9,attn_update,value_pre_norm,250,7.5433425598144535,7.554947376251221,5.749809885025024,9.225855731964112,4.492208957672119,11.9059419631958
value_pre-c4_len512-prefill-hidden-tokens32,prefill,9,attn_update,value_pre_para_perp_ratio,250,0.42398086208105085,0.4220004677772522,0.29360349774360656,0.5592385351657867,0.14497466385364532,0.667334794998169
value_pre-c4_len512-prefill-hidden-tokens32,prefill,9,attn_update,value_pre_para_ratio,250,0.38595391160215964,0.3887984034634246,0.28171225225070123,0.48809704391785647,0.14347475369893767,0.5550848556641059
value_pre-c4_len512-prefill-hidden-tokens32,prefill,9,attn_update,value_pre_perp_ratio,250,0.9184190663703825,0.9213226326096677,0.8727891071550428,0.9594989321648086,0.8317937030629073,0.9896539993805625
value_pre-c4_len512-prefill-hidden-tokens32,prefill,9,attn_update,value_pre_self_alignment,250,0.3859539163708687,0.38879840075969696,0.28171226382255554,0.48809707462787627,0.143474742770195,0.5550848245620728
value_pre-c4_len512-prefill-hidden-tokens32,prefill,9,attn_update,value_pre_self_value_norm,250,21.88273756027222,21.850302696228027,18.59970817565918,24.91329536437988,15.217798233032227,28.23798179626465
value_pre-c4_len512-prefill-hidden-tokens32,prefill,10,attn_update,value_pre_norm,250,9.59499924468994,9.531198024749756,7.750407934188843,11.364495182037352,5.037367820739746,15.233004570007324
value_pre-c4_len512-prefill-hidden-tokens32,prefill,10,attn_update,value_pre_para_perp_ratio,250,0.5564697879552841,0.5566041171550751,0.4359069228172302,0.6718638718128204,0.3417157828807831,0.8702504634857178
value_pre-c4_len512-prefill-hidden-tokens32,prefill,10,attn_update,value_pre_para_ratio,250,0.4825764428250522,0.4863428437046647,0.39959273961545144,0.5576831606979239,0.3233577163147974,0.6564730562755107
value_pre-c4_len512-prefill-hidden-tokens32,prefill,10,attn_update,value_pre_perp_ratio,250,0.872967392112959,0.8737680146766273,0.8300538611893995,0.9166928096116777,0.7543495769058977,0.9462768050683967
value_pre-c4_len512-prefill-hidden-tokens32,prefill,10,attn_update,value_pre_self_alignment,250,0.4825764456987381,0.4863428622484207,0.3995927065610886,0.5576831638813019,0.3233577013015747,0.6564730405807495
value_pre-c4_len512-prefill-hidden-tokens32,prefill,10,attn_update,value_pre_self_value_norm,250,28.54585185241699,28.788256645202637,23.583775520324707,32.51318778991699,20.362119674682617,37.19632339477539
value_pre-c4_len512-prefill-hidden-tokens32,prefill,11,attn_update,value_pre_norm,250,8.365999673843383,8.403003692626953,6.519151306152343,10.113713932037353,4.251651287078857,14.3462495803833
value_pre-c4_len512-prefill-hidden-tokens32,prefill,11,attn_update,value_pre_para_perp_ratio,250,0.5669584991931915,0.5682983696460724,0.42198069095611573,0.7195358633995056,0.2554078698158264,0.9384162425994873
value_pre-c4_len512-prefill-hidden-tokens32,prefill,11,attn_update,value_pre_para_ratio,250,0.48715043686495224,0.49408582266216305,0.38878217012425564,0.5840554310362683,0.24746394572193228,0.6842965986350438
value_pre-c4_len512-prefill-hidden-tokens32,prefill,11,attn_update,value_pre_perp_ratio,250,0.8685735718014455,0.8694129596191817,0.8117129618108927,0.921328753209976,0.7292036890508866,0.9688970904934572
value_pre-c4_len512-prefill-hidden-tokens32,prefill,11,attn_update,value_pre_self_alignment,250,0.48715043568611144,0.4940858632326126,0.38878215253353116,0.5840554356575013,0.24746397137641907,0.6842966079711914
value_pre-c4_len512-prefill-hidden-tokens32,prefill,11,attn_update,value_pre_self_value_norm,250,19.700478939056396,19.533366203308105,16.232539558410643,23.233102798461914,13.91508674621582,26.29789161682129
value_pre-c4_len512-prefill-hidden-tokens32,prefill,12,attn_update,value_pre_norm,250,10.000069292068481,9.75891637802124,8.467764759063721,11.723290729522706,6.968142032623291,15.019210815429688
value_pre-c4_len512-prefill-hidden-tokens32,prefill,12,attn_update,value_pre_para_perp_ratio,250,0.6130440657138825,0.6044127345085144,0.47154040038585665,0.7685442566871642,0.2848803997039795,0.9280605912208557
value_pre-c4_len512-prefill-hidden-tokens32,prefill,12,attn_update,value_pre_para_ratio,250,0.5176560635082724,0.5172698904084571,0.4265004410025182,0.6093678567157748,0.27397960508087665,0.6802499471349779
value_pre-c4_len512-prefill-hidden-tokens32,prefill,12,attn_update,value_pre_perp_ratio,250,0.8518768664105338,0.8558223065850696,0.7928870958611799,0.9044860129834755,0.7329801245534319,0.96173555474678
value_pre-c4_len512-prefill-hidden-tokens32,prefill,12,attn_update,value_pre_self_alignment,250,0.5176560621261597,0.5172698497772217,0.4265004009008408,0.6093677878379822,0.2739796042442322,0.6802499890327454
value_pre-c4_len512-prefill-hidden-tokens32,prefill,12,attn_update,value_pre_self_value_norm,250,22.254377944946288,22.159661293029785,19.585836982727052,25.08102245330811,16.653051376342773,27.895145416259766
value_pre-c4_len512-prefill-hidden-tokens32,prefill,13,attn_update,value_pre_norm,250,8.545878122329713,8.397970199584961,6.699518918991089,10.857383155822754,5.2250566482543945,15.680864334106445
value_pre-c4_len512-prefill-hidden-tokens32,prefill,13,attn_update,value_pre_para_perp_ratio,250,0.5445427240133286,0.5354450047016144,0.3679569959640503,0.7240791022777557,0.23216858506202698,0.9455773234367371
value_pre-c4_len512-prefill-hidden-tokens32,prefill,13,attn_update,value_pre_para_ratio,250,0.4707899808418189,0.4720369470222327,0.34532187494600175,0.5864783644852863,0.22615347844357864,0.6870584910572187
value_pre-c4_len512-prefill-hidden-tokens32,prefill,13,attn_update,value_pre_perp_ratio,250,0.8763397234715494,0.8815787972368799,0.8099647384230171,0.938484335660885,0.7266021143571739,0.9740916485551787
value_pre-c4_len512-prefill-hidden-tokens32,prefill,13,attn_update,value_pre_self_alignment,250,0.47078998243808745,0.4720369577407837,0.34532185792922976,0.5864783883094788,0.22615349292755127,0.6870585083961487
value_pre-c4_len512-prefill-hidden-tokens32,prefill,13,attn_update,value_pre_self_value_norm,250,20.436495182037355,20.374024391174316,18.102401542663575,23.257093811035155,15.221563339233398,24.86542320251465
value_pre-c4_len512-prefill-hidden-tokens32,prefill,14,attn_update,value_pre_norm,250,11.887721115112305,11.57438039779663,9.48964033126831,14.866644191741942,8.200407981872559,18.750598907470703
value_pre-c4_len512-prefill-hidden-tokens32,prefill,14,attn_update,value_pre_para_perp_ratio,250,0.6357242130041122,0.6295912861824036,0.48789809048175814,0.8096180260181427,0.32053613662719727,1.0107935667037964
value_pre-c4_len512-prefill-hidden-tokens32,prefill,14,attn_update,value_pre_para_ratio,250,0.5297800024269735,0.5327899951218205,0.4384913029373179,0.6292424993181,0.3052388345252041,0.7108921526963677
value_pre-c4_len512-prefill-hidden-tokens32,prefill,14,attn_update,value_pre_perp_ratio,250,0.8431900916700175,0.8462474490165991,0.7772090788105188,0.8987354379543113,0.7033010522203405,0.9522758627490514
value_pre-c4_len512-prefill-hidden-tokens32,prefill,14,attn_update,value_pre_self_alignment,250,0.5297799980640412,0.5327899754047394,0.4384912997484207,0.6292424857616424,0.30523887276649475,0.7108922004699707
value_pre-c4_len512-prefill-hidden-tokens32,prefill,14,attn_update,value_pre_self_value_norm,250,26.30159366607666,25.917202949523926,22.324312019348145,30.4716609954834,20.5090389251709,33.54281234741211
value_pre-c4_len512-prefill-hidden-tokens32,prefill,15,attn_update,value_pre_norm,250,12.135564697265625,11.974881649017334,9.445975399017335,14.914379882812499,8.018194198608398,20.17630958557129
value_pre-c4_len512-prefill-hidden-tokens32,prefill,15,attn_update,value_pre_para_perp_ratio,250,0.6393896557092666,0.6308906376361847,0.4482739716768265,0.830643355846405,0.25575727224349976,1.1047734022140503
value_pre-c4_len512-prefill-hidden-tokens32,prefill,15,attn_update,value_pre_para_ratio,250,0.5295022855510397,0.5335758407203246,0.40905441583907026,0.638962325128686,0.24778171864953255,0.7413878800073691
value_pre-c4_len512-prefill-hidden-tokens32,prefill,15,attn_update,value_pre_perp_ratio,250,0.841603838089698,0.8457515325452205,0.7692379204252454,0.9125098530139546,0.671076887301578,0.968815873687349
value_pre-c4_len512-prefill-hidden-tokens32,prefill,15,attn_update,value_pre_self_alignment,250,0.52950228536129,0.5335758626461029,0.40905442237854,0.6389622807502746,0.24778172373771667,0.7413877844810486
value_pre-c4_len512-prefill-hidden-tokens32,prefill,15,attn_update,value_pre_self_value_norm,250,25.48115677642822,25.446232795715332,21.85869255065918,28.649758720397948,17.751462936401367,33.07586669921875
value_pre-c4_len512-prefill-hidden-tokens32,prefill,16,attn_update,value_pre_norm,250,11.271209442138671,10.985652923583984,8.966503334045411,13.602426910400391,6.246376037597656,25.64552879333496
value_pre-c4_len512-prefill-hidden-tokens32,prefill,16,attn_update,value_pre_para_perp_ratio,250,0.5206289018392563,0.525849848985672,0.36956191956996914,0.6824834823608399,0.22113001346588135,0.8682538270950317
value_pre-c4_len512-prefill-hidden-tokens32,prefill,16,attn_update,value_pre_para_ratio,250,0.45569230122223897,0.4654230492755892,0.3466474303345663,0.5637119311732962,0.21591408507608417,0.6556146738976742
value_pre-c4_len512-prefill-hidden-tokens32,prefill,16,attn_update,value_pre_perp_ratio,250,0.8851129928166301,0.8850880169035491,0.8259715410030894,0.9379955081390523,0.7550956380168908,0.9764123862214212
value_pre-c4_len512-prefill-hidden-tokens32,prefill,16,attn_update,value_pre_self_alignment,250,0.455692301094532,0.465423047542572,0.3466474562883377,0.5637120425701141,0.21591408550739288,0.6556147336959839
value_pre-c4_len512-prefill-hidden-tokens32,prefill,16,attn_update,value_pre_self_value_norm,250,30.983488967895507,31.025651931762695,26.195950317382813,35.51143684387207,20.136383056640625,48.77558898925781
value_pre-c4_len512-prefill-hidden-tokens32,prefill,17,attn_update,value_pre_norm,250,13.400595609664917,12.980437755584717,10.8737811088562,16.70545825958252,7.420557498931885,20.7611141204834
value_pre-c4_len512-prefill-hidden-tokens32,prefill,17,attn_update,value_pre_para_perp_ratio,250,0.7217606393098831,0.7178493738174438,0.5240585803985596,0.9452868878841401,0.3142593204975128,1.192358374595642
value_pre-c4_len512-prefill-hidden-tokens32,prefill,17,attn_update,value_pre_para_ratio,250,0.5756394778281123,0.5831535551321969,0.4641797959956603,0.6869468739486407,0.2998036835583968,0.7662049495784463
value_pre-c4_len512-prefill-hidden-tokens32,prefill,17,attn_update,value_pre_perp_ratio,250,0.8109812070617021,0.8123619906649914,0.7267074964889934,0.885740747069777,0.6425962169554801,0.9540009508175221
value_pre-c4_len512-prefill-hidden-tokens32,prefill,17,attn_update,value_pre_self_alignment,250,0.5756394768953323,0.5831535160541534,0.4641798257827759,0.6869469046592712,0.2998036742210388,0.7662049531936646
value_pre-c4_len512-prefill-hidden-tokens32,prefill,17,attn_update,value_pre_self_value_norm,250,27.402577690124513,27.534716606140137,23.135829734802247,31.57163257598877,18.93903160095215,37.174739837646484
value_pre-c4_len512-prefill-hidden-tokens32,prefill,18,attn_update,value_pre_norm,250,13.958261112213135,13.762118339538574,11.065223121643065,17.210487937927244,8.685586929321289,20.621715545654297
value_pre-c4_len512-prefill-hidden-tokens32,prefill,18,attn_update,value_pre_para_perp_ratio,250,0.7017632147073746,0.6984267830848694,0.5149504482746124,0.8860450744628906,0.2815714180469513,1.1632013320922852
value_pre-c4_len512-prefill-hidden-tokens32,prefill,18,attn_update,value_pre_para_ratio,250,0.5661864053125395,0.5725959767834004,0.45781528875645455,0.6631732884689457,0.2710322666224295,0.7582990048390089
value_pre-c4_len512-prefill-hidden-tokens32,prefill,18,attn_update,value_pre_perp_ratio,250,0.8184699712945823,0.8198373969782125,0.7484654257927559,0.8890473045759979,0.6519069402291107,0.9625702428735564
value_pre-c4_len512-prefill-hidden-tokens32,prefill,18,attn_update,value_pre_self_alignment,250,0.5661864094734191,0.57259601354599,0.45781528055667875,0.6631733119487762,0.2710322439670563,0.7582989931106567
value_pre-c4_len512-prefill-hidden-tokens32,prefill,18,attn_update,value_pre_self_value_norm,250,30.23551348876953,30.418280601501465,25.661288070678708,34.76729888916016,20.91579246520996,38.40219497680664
value_pre-c4_len512-prefill-hidden-tokens32,prefill,19,attn_update,value_pre_norm,250,15.492135608673095,14.833147525787354,12.407876110076906,19.776569747924803,9.265382766723633,27.562604904174805
value_pre-c4_len512-prefill-hidden-tokens32,prefill,19,attn_update,value_pre_para_perp_ratio,250,0.6108341557979584,0.6005461812019348,0.4243405044078827,0.8141137540340423,0.2558894157409668,1.16470468044281
value_pre-c4_len512-prefill-hidden-tokens32,prefill,19,attn_update,value_pre_para_ratio,250,0.5120469510935979,0.5148299038793216,0.3906252716978275,0.6313448182804626,0.2479018696240159,0.758715028263444
value_pre-c4_len512-prefill-hidden-tokens32,prefill,19,attn_update,value_pre_perp_ratio,250,0.8521336984817123,0.8572847696218842,0.775501308090205,0.9205487898201159,0.6514226333196821,0.9687851369155258
value_pre-c4_len512-prefill-hidden-tokens32,prefill,19,attn_update,value_pre_self_alignment,250,0.5120469471812248,0.5148299038410187,0.39062530398368833,0.63134486079216,0.24790187180042267,0.7587149739265442
value_pre-c4_len512-prefill-hidden-tokens32,prefill,19,attn_update,value_pre_self_value_norm,250,39.14141944885254,38.97903060913086,33.69826698303223,44.48341789245605,30.34437370300293,49.38105010986328
value_pre-c4_len512-prefill-hidden-tokens32,prefill,20,attn_update,value_pre_norm,250,15.097364250183105,14.768963813781738,11.300037479400634,19.729768562316895,8.990055084228516,23.08890724182129
value_pre-c4_len512-prefill-hidden-tokens32,prefill,20,attn_update,value_pre_para_perp_ratio,250,0.6518234710693359,0.6494858264923096,0.49174721240997316,0.8065223217010498,0.32373684644699097,0.9517103433609009
value_pre-c4_len512-prefill-hidden-tokens32,prefill,20,attn_update,value_pre_para_ratio,250,0.5398758648953109,0.5446822308858288,0.44127914703672394,0.6277849620851084,0.3079989397775716,0.6894004469579106
value_pre-c4_len512-prefill-hidden-tokens32,prefill,20,attn_update,value_pre_perp_ratio,250,0.8372088678341671,0.8386403363206294,0.7783862976854607,0.8973699028323155,0.7243805359236711,0.9513867389317431
value_pre-c4_len512-prefill-hidden-tokens32,prefill,20,attn_update,value_pre_self_alignment,250,0.5398758648633957,0.5446822643280029,0.4412791341543198,0.6277848958969117,0.3079989552497864,0.6894004344940186
value_pre-c4_len512-prefill-hidden-tokens32,prefill,20,attn_update,value_pre_self_value_norm,250,38.1939146118164,38.45245552062988,33.284278869628906,42.976956558227535,28.485393524169922,47.868003845214844
value_pre-c4_len512-prefill-hidden-tokens32,prefill,21,attn_update,value_pre_norm,250,16.2370178565979,15.607760429382324,13.008392238616944,20.399326133728025,10.868520736694336,25.346181869506836
value_pre-c4_len512-prefill-hidden-tokens32,prefill,21,attn_update,value_pre_para_perp_ratio,250,0.6202059359550476,0.6140970587730408,0.4601845771074295,0.7786758363246917,0.31290096044540405,1.1392569541931152
value_pre-c4_len512-prefill-hidden-tokens32,prefill,21,attn_update,value_pre_para_ratio,250,0.5202526396456316,0.5233013096344331,0.4180439248820437,0.6143820224134947,0.2986236006108891,0.7515458378152258
value_pre-c4_len512-prefill-hidden-tokens32,prefill,21,attn_update,value_pre_perp_ratio,250,0.8490131996692878,0.8521476933620804,0.7890087154558537,0.9084267268347649,0.6596807353358612,0.9543709817307852
value_pre-c4_len512-prefill-hidden-tokens32,prefill,21,attn_update,value_pre_self_alignment,250,0.5202526408433914,0.5233012735843658,0.4180439323186875,0.6143820106983185,0.29862356185913086,0.7515459060668945
value_pre-c4_len512-prefill-hidden-tokens32,prefill,21,attn_update,value_pre_self_value_norm,250,41.73502630615234,42.05272102355957,35.92500534057617,47.23546829223633,32.24859619140625,50.58161163330078
value_pre-c4_len512-prefill-hidden-tokens32,prefill,22,attn_update,value_pre_norm,250,20.125034664154054,20.214014053344727,16.447200584411622,24.244504165649413,11.70840072631836,29.468290328979492
value_pre-c4_len512-prefill-hidden-tokens32,prefill,22,attn_update,value_pre_para_perp_ratio,250,0.6447728389501571,0.6337460875511169,0.5254003345966339,0.7900658488273621,0.4364732801914215,0.9169102311134338
value_pre-c4_len512-prefill-hidden-tokens32,prefill,22,attn_update,value_pre_para_ratio,250,0.5379832056108239,0.5352992801466785,0.46511171301141785,0.6199304466346375,0.4000288992199165,0.6758221868788619
value_pre-c4_len512-prefill-hidden-tokens32,prefill,22,attn_update,value_pre_perp_ratio,250,0.8401299913427847,0.8446612655787776,0.784656761391121,0.8852520029250817,0.7370647311111759,0.916502594902334
value_pre-c4_len512-prefill-hidden-tokens32,prefill,22,attn_update,value_pre_self_alignment,250,0.5379832081794739,0.5352992713451385,0.46511170566082,0.6199304163455963,0.40002888441085815,0.6758221387863159
value_pre-c4_len512-prefill-hidden-tokens32,prefill,22,attn_update,value_pre_self_value_norm,250,50.366296585083006,50.23685836791992,44.343495559692386,56.00708923339844,36.52602005004883,66.12369537353516
value_pre-c4_len512-prefill-hidden-tokens32,prefill,23,attn_update,value_pre_norm,250,22.06849158859253,22.02230167388916,17.95220947265625,25.80828971862793,13.955789566040039,31.8848934173584
value_pre-c4_len512-prefill-hidden-tokens32,prefill,23,attn_update,value_pre_para_perp_ratio,250,0.6814331450462341,0.6851394176483154,0.5218218326568603,0.8482069194316864,0.36124125123023987,1.0095762014389038
value_pre-c4_len512-prefill-hidden-tokens32,prefill,23,attn_update,value_pre_para_ratio,250,0.556680384134705,0.5652056472313312,0.4626210290367967,0.6468542082542237,0.33975272572190973,0.7104683202380762
value_pre-c4_len512-prefill-hidden-tokens32,prefill,23,attn_update,value_pre_perp_ratio,250,0.8259937069666751,0.8249499495225734,0.7626136883666738,0.8865540601077206,0.703729304175081,0.9405147633292549
value_pre-c4_len512-prefill-hidden-tokens32,prefill,23,attn_update,value_pre_self_alignment,250,0.5566803841590882,0.5652056634426117,0.4626210629940033,0.6468541979789734,0.339752733707428,0.7104682922363281
value_pre-c4_len512-prefill-hidden-tokens32,prefill,23,attn_update,value_pre_self_value_norm,250,50.19122789001465,50.3535270690918,42.85109252929687,56.84216728210449,34.9640998840332,62.824066162109375
value_pre-c4_len512-prefill-hidden-tokens32,prefill,24,attn_update,value_pre_norm,250,21.474914680480957,21.05341339111328,17.25542507171631,26.48782978057861,11.530191421508789,37.693965911865234
value_pre-c4_len512-prefill-hidden-tokens32,prefill,24,attn_update,value_pre_para_perp_ratio,250,0.5249876054227353,0.5233089327812195,0.39499647319316866,0.6771625101566314,0.07832593470811844,0.8906396627426147
value_pre-c4_len512-prefill-hidden-tokens32,prefill,24,attn_update,value_pre_para_ratio,250,0.45878278316186766,0.46365836392074083,0.36737529250757955,0.560701833672918,0.07808676752187693,0.6650938330067796
value_pre-c4_len512-prefill-hidden-tokens32,prefill,24,attn_update,value_pre_perp_ratio,250,0.8835423988782412,0.8860135938959814,0.8280174155532507,0.9300726574861513,0.7467597510607429,0.9969465581894094
value_pre-c4_len512-prefill-hidden-tokens32,prefill,24,attn_update,value_pre_self_alignment,250,0.45878277796506883,0.4636583477258682,0.36737528145313264,0.5607018530368805,0.07808676362037659,0.6650938391685486
value_pre-c4_len512-prefill-hidden-tokens32,prefill,24,attn_update,value_pre_self_value_norm,250,67.29033010864258,67.09160232543945,54.63274574279785,79.24366226196288,46.83390808105469,98.46636199951172
value_pre-c4_len512-prefill-hidden-tokens32,prefill,25,attn_update,value_pre_norm,250,15.546933324813843,15.58411693572998,11.731461143493652,19.773976135253903,5.853912353515625,24.058700561523438
value_pre-c4_len512-prefill-hidden-tokens32,prefill,25,attn_update,value_pre_para_perp_ratio,250,0.48867744863033297,0.49137093126773834,0.3446447879076004,0.6549911260604859,0.09161797165870667,0.8403603434562683
value_pre-c4_len512-prefill-hidden-tokens32,prefill,25,attn_update,value_pre_para_ratio,250,0.43219698619277536,0.441007158143191,0.32583599584177336,0.5479201415428163,0.0912358612777223,0.64335380342327
value_pre-c4_len512-prefill-hidden-tokens32,prefill,25,attn_update,value_pre_perp_ratio,250,0.8956827176516305,0.8975035722844014,0.836530652803432,0.9454260838142726,0.765568978918041,0.9958292750955433
value_pre-c4_len512-prefill-hidden-tokens32,prefill,25,attn_update,value_pre_self_alignment,250,0.4321969819366932,0.44100719690322876,0.3258360117673874,0.5479201138019562,0.09123587608337402,0.6433537602424622
value_pre-c4_len512-prefill-hidden-tokens32,prefill,25,attn_update,value_pre_self_value_norm,250,58.40320487976074,58.004825592041016,48.957651138305664,67.93018951416016,41.18275451660156,86.31674194335938
value_pre-c4_len512-prefill-hidden-tokens32,prefill,26,attn_update,value_pre_norm,250,13.316928201675415,12.833383083343506,8.77481107711792,18.03658275604248,4.814109802246094,26.861553192138672
value_pre-c4_len512-prefill-hidden-tokens32,prefill,26,attn_update,value_pre_para_perp_ratio,250,0.39448591887950896,0.39286936819553375,0.26715446412563326,0.531919538974762,0.05031341314315796,0.7783697843551636
value_pre-c4_len512-prefill-hidden-tokens32,prefill,26,attn_update,value_pre_para_ratio,250,0.36233795906822347,0.36566165203778117,0.2581006228125814,0.46961619088096396,0.05024985441354718,0.6142316924769424
value_pre-c4_len512-prefill-hidden-tokens32,prefill,26,attn_update,value_pre_perp_ratio,250,0.9274691596033858,0.9307472485715258,0.8828707268637568,0.9661153334326089,0.789125798710958,0.9987367353143448
value_pre-c4_len512-prefill-hidden-tokens32,prefill,26,attn_update,value_pre_self_alignment,250,0.3623379583209753,0.3656616657972336,0.25810064673423766,0.46961623430252075,0.0502498485147953,0.6142317056655884
value_pre-c4_len512-prefill-hidden-tokens32,prefill,26,attn_update,value_pre_self_value_norm,250,68.42752629089355,67.87390518188477,51.821672439575195,84.95056228637695,42.54502868652344,101.6051254272461
value_pre-c4_len512-prefill-hidden-tokens32,prefill,27,attn_update,value_pre_norm,250,17.581161823272705,18.169636726379395,11.033955669403078,22.798143577575683,4.91947603225708,29.865373611450195
value_pre-c4_len512-prefill-hidden-tokens32,prefill,27,attn_update,value_pre_para_perp_ratio,250,0.4949360131621361,0.5138335824012756,0.3243846654891968,0.6631328940391541,0.048250723630189896,0.7807407975196838
value_pre-c4_len512-prefill-hidden-tokens32,prefill,27,attn_update,value_pre_para_ratio,250,0.4358207065983187,0.4570295821620375,0.30855366908976656,0.5526590936072854,0.048194656365575926,0.6153948016886943
value_pre-c4_len512-prefill-hidden-tokens32,prefill,27,attn_update,value_pre_perp_ratio,250,0.8927991225729862,0.8894512029212505,0.8334070794950795,0.9512035130764713,0.7882190891710473,0.9988380150017124
value_pre-c4_len512-prefill-hidden-tokens32,prefill,27,attn_update,value_pre_self_alignment,250,0.4358207032978535,0.4570295661687851,0.30855369567871094,0.5526590764522552,0.048194654285907745,0.6153947710990906
value_pre-c4_len512-prefill-hidden-tokens32,prefill,27,attn_update,value_pre_self_value_norm,250,78.09641841125489,77.61441421508789,64.34148483276367,92.32990798950195,52.97214126586914,102.9088134765625
value_pre-c4_len512-prefill-hidden-tokens32,prefill,28,attn_update,value_pre_norm,250,23.48047018814087,23.141725540161133,17.963813972473147,29.176051330566406,11.20959186553955,40.08961868286133
value_pre-c4_len512-prefill-hidden-tokens32,prefill,28,attn_update,value_pre_para_perp_ratio,250,0.5817987606823445,0.5824599266052246,0.40258113145828245,0.754479169845581,0.12290676683187485,0.9287130832672119
value_pre-c4_len512-prefill-hidden-tokens32,prefill,28,attn_update,value_pre_para_ratio,250,0.4951365582201609,0.5033066169257892,0.3734535999788276,0.6022849017446759,0.12198883107848213,0.6805068642710429
value_pre-c4_len512-prefill-hidden-tokens32,prefill,28,attn_update,value_pre_perp_ratio,250,0.8624818930637427,0.864107045251447,0.7982804794632655,0.9276485610533176,0.7327417813415585,0.9925314454300859
value_pre-c4_len512-prefill-hidden-tokens32,prefill,28,attn_update,value_pre_self_alignment,250,0.4951365595459938,0.5033065974712372,0.37345358431339265,0.6022849082946777,0.12198883295059204,0.6805068850517273
value_pre-c4_len512-prefill-hidden-tokens32,prefill,28,attn_update,value_pre_self_value_norm,250,83.7300510559082,85.2099838256836,65.60219879150391,99.72948532104492,52.751365661621094,114.2724838256836
value_pre-c4_len512-prefill-hidden-tokens32,prefill,29,attn_update,value_pre_norm,250,18.76270838546753,16.922990798950195,9.56804895401001,31.470965766906737,4.754734992980957,56.252445220947266
value_pre-c4_len512-prefill-hidden-tokens32,prefill,29,attn_update,value_pre_para_perp_ratio,250,0.2787307901456952,0.26585569977760315,0.1565609648823738,0.41837755143642424,0.0036844108253717422,0.6561012268066406
value_pre-c4_len512-prefill-hidden-tokens32,prefill,29,attn_update,value_pre_para_ratio,250,0.2645432975143574,0.2569300404200332,0.1546767818866371,0.38595841790248797,0.003684386205695365,0.548569476583909
value_pre-c4_len512-prefill-hidden-tokens32,prefill,29,attn_update,value_pre_perp_ratio,250,0.9594076322495897,0.966428906514065,0.9225149008654933,0.987965170284995,0.8361049333085894,0.9999933077964172
value_pre-c4_len512-prefill-hidden-tokens32,prefill,29,attn_update,value_pre_self_alignment,250,0.26454329906124624,0.25693000853061676,0.15467677116394044,0.3859584182500839,0.0036843859124928713,0.5485695004463196
value_pre-c4_len512-prefill-hidden-tokens32,prefill,29,attn_update,value_pre_self_value_norm,250,128.86141638183594,127.88090515136719,77.59947280883789,184.25680084228514,57.935359954833984,238.41258239746094
value_pre-c4_len512-prefill-hidden-tokens32,prefill,30,attn_update,value_pre_norm,250,29.80813148880005,30.665640830993652,16.536094665527344,41.39218864440918,7.644449234008789,52.03223419189453
value_pre-c4_len512-prefill-hidden-tokens32,prefill,30,attn_update,value_pre_para_perp_ratio,250,0.480024857327342,0.48624226450920105,0.2777144283056259,0.6724584937095642,0.054000724107027054,0.8564830422401428
value_pre-c4_len512-prefill-hidden-tokens32,prefill,30,attn_update,value_pre_para_ratio,250,0.4229791085254388,0.4372881022878212,0.26758665709080165,0.558023130684126,0.05392216449515993,0.6505025008461742
value_pre-c4_len512-prefill-hidden-tokens32,prefill,30,attn_update,value_pre_perp_ratio,250,0.8972915783060775,0.8993214499673636,0.829825387246395,0.9635330688348864,0.7595042500179117,0.9985451832172166
value_pre-c4_len512-prefill-hidden-tokens32,prefill,30,attn_update,value_pre_self_alignment,250,0.4229791131913662,0.4372881203889847,0.267586687207222,0.5580231547355652,0.05392216145992279,0.6505023241043091
value_pre-c4_len512-prefill-hidden-tokens32,prefill,30,attn_update,value_pre_self_value_norm,250,134.81658087158203,134.8373031616211,101.55797119140625,168.98434906005858,82.29239654541016,197.6874237060547
value_pre-c4_len512-prefill-hidden-tokens32,prefill,31,attn_update,value_pre_norm,250,29.742563358306885,29.022947311401367,18.380686378479,41.03291969299317,7.0242533683776855,85.5831527709961
value_pre-c4_len512-prefill-hidden-tokens32,prefill,31,attn_update,value_pre_para_perp_ratio,250,0.38607986256480215,0.3749629110097885,0.2176933765411377,0.5581936061382293,0.10047056525945663,1.0301767587661743
value_pre-c4_len512-prefill-hidden-tokens32,prefill,31,attn_update,value_pre_para_ratio,250,0.3531696995964294,0.3510929548117252,0.21271147678519048,0.48740031588254973,0.09996727942224326,0.7175380909654555
value_pre-c4_len512-prefill-hidden-tokens32,prefill,31,attn_update,value_pre_perp_ratio,250,0.9288363848444102,0.9363405752994531,0.8731772293792434,0.9771150806394088,0.6965194286990347,0.9949906930262304
value_pre-c4_len512-prefill-hidden-tokens32,prefill,31,attn_update,value_pre_self_alignment,250,0.35316969907283785,0.35109296441078186,0.2127114698290825,0.48740028142929076,0.09996728599071503,0.717538058757782
value_pre-c4_len512-prefill-hidden-tokens32,prefill,31,attn_update,value_pre_self_value_norm,250,161.18038262939453,156.56607055664062,105.3324188232422,227.16748809814453,78.58934783935547,280.1507263183594
value_pre-c4_len512-prefill-hidden-tokens32,prefill,32,attn_update,value_pre_norm,250,34.79097950744629,32.36774444580078,19.331961822509765,55.37014274597168,8.166119575500488,91.82394409179688
value_pre-c4_len512-prefill-hidden-tokens32,prefill,32,attn_update,value_pre_para_perp_ratio,250,0.32794825145974754,0.32799050211906433,0.18015047907829285,0.4710873782634735,0.012201816774904728,0.5933954119682312
value_pre-c4_len512-prefill-hidden-tokens32,prefill,32,attn_update,value_pre_para_ratio,250,0.3072468426822753,0.31165499084630316,0.17729642045367727,0.42616668625167503,0.012200908914458675,0.5103133008779354
value_pre-c4_len512-prefill-hidden-tokens32,prefill,32,attn_update,value_pre_perp_ratio,250,0.9465938287396477,0.9501952971165167,0.9046446465337956,0.9841574604798319,0.8599885868883215,0.9999256084197722
value_pre-c4_len512-prefill-hidden-tokens32,prefill,32,attn_update,value_pre_self_alignment,250,0.3072468427568674,0.3116549700498581,0.17729641646146777,0.4261666744947433,0.01220090314745903,0.5103132724761963
value_pre-c4_len512-prefill-hidden-tokens32,prefill,32,attn_update,value_pre_self_value_norm,250,194.55476010131835,192.69185638427734,128.39440994262696,273.1963684082031,92.93930053710938,327.3684997558594
value_pre-c4_len512-prefill-hidden-tokens32,prefill,33,attn_update,value_pre_norm,250,41.19413762664795,34.64015197753906,19.744168853759767,73.03771057128907,12.389113426208496,127.76654052734375
value_pre-c4_len512-prefill-hidden-tokens32,prefill,33,attn_update,value_pre_para_perp_ratio,250,0.23438928507268428,0.22534756362438202,0.13153544813394547,0.34595288932323454,0.04576990380883217,0.5527888536453247
value_pre-c4_len512-prefill-hidden-tokens32,prefill,33,attn_update,value_pre_para_ratio,250,0.22578237259738304,0.21983489434699247,0.13041212866061763,0.3269409724942104,0.04572204121633077,0.48379155093660586
value_pre-c4_len512-prefill-hidden-tokens32,prefill,33,attn_update,value_pre_perp_ratio,250,0.9707591096025344,0.9755370370450518,0.9450448486645163,0.9914599876050907,0.8751832399490456,0.9989542644322368
value_pre-c4_len512-prefill-hidden-tokens32,prefill,33,attn_update,value_pre_self_alignment,250,0.22578237311542035,0.21983487904071808,0.13041212856769563,0.32694099247455594,0.04572204127907753,0.4837915301322937
value_pre-c4_len512-prefill-hidden-tokens32,prefill,33,attn_update,value_pre_self_value_norm,250,285.9891296081543,273.6551971435547,163.39949798583984,425.0687286376953,116.50172424316406,589.9577026367188
value_pre-c4_len512-prefill-hidden-tokens32,prefill,34,attn_update,value_pre_norm,250,64.35733245086669,60.731143951416016,43.90981101989746,88.61169815063477,23.11851692199707,164.8384552001953
value_pre-c4_len512-prefill-hidden-tokens32,prefill,34,attn_update,value_pre_para_perp_ratio,250,0.4213287537097931,0.41116590797901154,0.3148394674062729,0.5398141503334045,0.20572322607040405,0.6752179265022278
value_pre-c4_len512-prefill-hidden-tokens32,prefill,34,attn_update,value_pre_para_ratio,250,0.38528850167312967,0.3802762285046072,0.30030700911934466,0.47502228648000266,0.20150340309360995,0.5595969766766862
value_pre-c4_len512-prefill-hidden-tokens32,prefill,34,attn_update,value_pre_perp_ratio,250,0.9200409264251621,0.9248729740248527,0.879973799624124,0.9538422629503107,0.8287649754012669,0.9794878481549217
value_pre-c4_len512-prefill-hidden-tokens32,prefill,34,attn_update,value_pre_self_alignment,250,0.38528850293159483,0.38027623295783997,0.3003069818019867,0.47502225935459136,0.20150339603424072,0.5595970153808594
value_pre-c4_len512-prefill-hidden-tokens32,prefill,34,attn_update,value_pre_self_value_norm,250,271.9595941772461,259.62550354003906,204.49261322021485,353.7694366455077,160.2607421875,466.317626953125
value_pre-c4_len512-prefill-hidden-tokens32,prefill,35,attn_update,value_pre_norm,250,73.53422860717774,70.94235610961914,57.789360809326176,90.07302017211913,49.02390670776367,150.08447265625
value_pre-c4_len512-prefill-hidden-tokens32,prefill,35,attn_update,value_pre_para_perp_ratio,250,0.8039042479991912,0.7996863424777985,0.6908531486988068,0.9250849604606628,0.5002595782279968,1.1820569038391113
value_pre-c4_len512-prefill-hidden-tokens32,prefill,35,attn_update,value_pre_para_ratio,250,0.6232304873435945,0.6245448818309378,0.5684006171342137,0.6790755516384454,0.4473993230169536,0.7634505719832482
value_pre-c4_len512-prefill-hidden-tokens32,prefill,35,attn_update,value_pre_perp_ratio,250,0.7797554566985365,0.7809883848062459,0.7340683584936816,0.8227518520950917,0.6458662016343957,0.8943343363186494
value_pre-c4_len512-prefill-hidden-tokens32,prefill,35,attn_update,value_pre_self_alignment,250,0.6232304797172546,0.6245449185371399,0.568400639295578,0.6790755331516266,0.4473993182182312,0.7634506225585938
value_pre-c4_len512-prefill-hidden-tokens32,prefill,35,attn_update,value_pre_self_value_norm,250,191.25112677001954,175.00807189941406,156.3337631225586,254.658821105957,144.8873291015625,368.9490051269531
value_pre-prompts-prefill-hidden-tokens32,prefill,0,attn_update,value_pre_norm,26,1.3463493998234088,1.3532389998435974,1.199066698551178,1.4779220223426819,1.1388229131698608,1.5618798732757568
value_pre-prompts-prefill-hidden-tokens32,prefill,0,attn_update,value_pre_para_perp_ratio,26,0.6085070944749392,0.6093948781490326,0.5125197172164917,0.7155091464519501,0.45973828434944153,0.7400453090667725
value_pre-prompts-prefill-hidden-tokens32,prefill,0,attn_update,value_pre_para_ratio,26,0.5177014764494077,0.5203762898080699,0.4560917596322123,0.5818946254629402,0.4177093447884819,0.5948665482460485
value_pre-prompts-prefill-hidden-tokens32,prefill,0,attn_update,value_pre_perp_ratio,26,0.8539557988631005,0.8539324118561316,0.8132626824592879,0.8899221605168848,0.8038244858753817,0.9085807370753682
value_pre-prompts-prefill-hidden-tokens32,prefill,0,attn_update,value_pre_self_alignment,26,0.5177014699349036,0.5203762650489807,0.4560917466878891,0.5818946063518524,0.4177093505859375,0.5948665142059326
value_pre-prompts-prefill-hidden-tokens32,prefill,0,attn_update,value_pre_self_value_norm,26,1.9845387798089247,1.9314589500427246,1.752849817276001,2.212997317314148,1.7162998914718628,2.4227588176727295
value_pre-prompts-prefill-hidden-tokens32,prefill,1,attn_update,value_pre_norm,26,1.5619440537232618,1.5036122798919678,1.3779696822166443,1.8408136367797852,1.271817922592163,2.01625657081604
value_pre-prompts-prefill-hidden-tokens32,prefill,1,attn_update,value_pre_para_perp_ratio,26,0.3015931606865846,0.2855408489704132,0.14100632071495056,0.42642641067504883,0.11726076155900955,0.7822723388671875
value_pre-prompts-prefill-hidden-tokens32,prefill,1,attn_update,value_pre_para_ratio,26,0.28185848693687293,0.27455925859876407,0.13957227110878412,0.39190759167191835,0.1164628178339701,0.6161439047118968
value_pre-prompts-prefill-hidden-tokens32,prefill,1,attn_update,value_pre_perp_ratio,26,0.9525086128040872,0.9615604840284493,0.9196866024432693,0.9900845363397197,0.7876334899335276,0.9931951583024553
value_pre-prompts-prefill-hidden-tokens32,prefill,1,attn_update,value_pre_self_alignment,26,0.28185848834422916,0.27455925941467285,0.13957227766513824,0.39190758764743805,0.1164628192782402,0.6161439418792725
value_pre-prompts-prefill-hidden-tokens32,prefill,1,attn_update,value_pre_self_value_norm,26,3.003062977240636,2.992126703262329,1.8650212287902832,3.8752429485321045,1.3830487728118896,4.155994415283203
value_pre-prompts-prefill-hidden-tokens32,prefill,2,attn_update,value_pre_norm,26,1.8175145089626312,1.8491581678390503,1.4952872395515442,2.274510979652405,0.7865616679191589,2.67085862159729
value_pre-prompts-prefill-hidden-tokens32,prefill,2,attn_update,value_pre_para_perp_ratio,26,0.29836932254525333,0.2494201958179474,0.15118781477212906,0.38140545785427094,0.06360789388418198,1.4252879619598389
value_pre-prompts-prefill-hidden-tokens32,prefill,2,attn_update,value_pre_para_ratio,26,0.26497311857238875,0.2420035674323361,0.14943238778756718,0.3562424629859984,0.06347960512041657,0.8186113320271606
value_pre-prompts-prefill-hidden-tokens32,prefill,2,attn_update,value_pre_perp_ratio,26,0.9510927178864544,0.9702717605420406,0.9342708921078534,0.9886443698740179,0.5743480282184837,0.9979831065157376
value_pre-prompts-prefill-hidden-tokens32,prefill,2,attn_update,value_pre_self_alignment,26,0.26497311517596245,0.24200356006622314,0.14943239092826843,0.35624249279499054,0.06347960233688354,0.8186111450195312
value_pre-prompts-prefill-hidden-tokens32,prefill,2,attn_update,value_pre_self_value_norm,26,4.377007603645325,4.446009397506714,3.3822027444839478,5.474272727966309,0.7858023643493652,6.623813152313232
value_pre-prompts-prefill-hidden-tokens32,prefill,3,attn_update,value_pre_norm,26,2.1835796053592977,2.1127039194107056,1.7512457966804504,2.846388101577759,0.9545425176620483,3.2687032222747803
value_pre-prompts-prefill-hidden-tokens32,prefill,3,attn_update,value_pre_para_perp_ratio,26,0.3071258793083521,0.2612672746181488,0.11356150731444359,0.4718816727399826,0.06394544243812561,1.1708128452301025
value_pre-prompts-prefill-hidden-tokens32,prefill,3,attn_update,value_pre_para_ratio,26,0.2767072015812538,0.25278001990696997,0.1127440630975954,0.4265893761423786,0.06381510788972534,0.7603959420442614
value_pre-prompts-prefill-hidden-tokens32,prefill,3,attn_update,value_pre_perp_ratio,26,0.947252725385589,0.9675209088467644,0.9043028150133072,0.9933499105997046,0.6494598729681467,0.9979618287299732
value_pre-prompts-prefill-hidden-tokens32,prefill,3,attn_update,value_pre_self_alignment,26,0.27670720047675645,0.2527800053358078,0.1127440519630909,0.42658938467502594,0.06381510943174362,0.760395884513855
value_pre-prompts-prefill-hidden-tokens32,prefill,3,attn_update,value_pre_self_value_norm,26,6.144342878690133,6.201222896575928,4.829223871231079,7.687952041625977,0.8368982672691345,8.082448959350586
value_pre-prompts-prefill-hidden-tokens32,prefill,4,attn_update,value_pre_norm,26,2.451088554584063,2.388946056365967,1.9109413027763367,3.106232523918152,0.9781520962715149,3.772089958190918
value_pre-prompts-prefill-hidden-tokens32,prefill,4,attn_update,value_pre_para_perp_ratio,26,0.3313266749565418,0.30448712408542633,0.2184162363409996,0.4339502155780792,0.1575126051902771,0.8696949481964111
value_pre-prompts-prefill-hidden-tokens32,prefill,4,attn_update,value_pre_para_ratio,26,0.3075526450248219,0.2912797855898792,0.21338567572395942,0.3979387880395657,0.1555942577790126,0.6562344898919111
value_pre-prompts-prefill-hidden-tokens32,prefill,4,attn_update,value_pre_perp_ratio,26,0.9456244137400948,0.956633387670556,0.9172795592224947,0.9769680191983563,0.7545571115961208,0.987821027812105
value_pre-prompts-prefill-hidden-tokens32,prefill,4,attn_update,value_pre_self_alignment,26,0.30755264025468093,0.29127979278564453,0.2133856937289238,0.3979387730360031,0.15559424459934235,0.6562344431877136
value_pre-prompts-prefill-hidden-tokens32,prefill,4,attn_update,value_pre_self_value_norm,26,7.586020300021539,7.62146520614624,6.248846054077148,9.611018657684326,0.8825377225875854,9.845611572265625
value_pre-prompts-prefill-hidden-tokens32,prefill,5,attn_update,value_pre_norm,26,3.8023705023985643,3.5299004316329956,2.942379593849182,4.818949222564697,2.525914430618286,5.635666370391846
value_pre-prompts-prefill-hidden-tokens32,prefill,5,attn_update,value_pre_para_perp_ratio,26,0.3544708278316718,0.3544713407754898,0.2049720361828804,0.4874725937843323,0.13854141533374786,0.6787822246551514
value_pre-prompts-prefill-hidden-tokens32,prefill,5,attn_update,value_pre_para_ratio,26,0.3269021673509619,0.3340528320055899,0.20078905733262514,0.4378934872141072,0.13723068581422673,0.56162082139275
value_pre-prompts-prefill-hidden-tokens32,prefill,5,attn_update,value_pre_perp_ratio,26,0.9378964506761734,0.9425020262964855,0.8987823954968681,0.9796204899280581,0.827394677638573,0.9905390723243925
value_pre-prompts-prefill-hidden-tokens32,prefill,5,attn_update,value_pre_self_alignment,26,0.326902160850855,0.33405281603336334,0.20078906416893005,0.43789345026016235,0.13723069429397583,0.561620831489563
value_pre-prompts-prefill-hidden-tokens32,prefill,5,attn_update,value_pre_self_value_norm,26,8.759098937878242,8.795403480529785,6.52358603477478,11.514805793762207,1.4168387651443481,11.72966194152832
value_pre-prompts-prefill-hidden-tokens32,prefill,6,attn_update,value_pre_norm,26,5.284861060289236,4.993304967880249,4.537187099456787,6.450132131576538,3.5537497997283936,9.790698051452637
value_pre-prompts-prefill-hidden-tokens32,prefill,6,attn_update,value_pre_para_perp_ratio,26,0.4669772535562515,0.45017683506011963,0.24681462347507477,0.6491493880748749,0.22398321330547333,0.9325098395347595
value_pre-prompts-prefill-hidden-tokens32,prefill,6,attn_update,value_pre_para_ratio,26,0.4118378144344574,0.4104952292040488,0.23961303006830836,0.5444568837151688,0.21856769999270811,0.681996302267294
value_pre-prompts-prefill-hidden-tokens32,prefill,6,attn_update,value_pre_perp_ratio,26,0.9019808133505816,0.9118595875867991,0.8387670745436975,0.9708529045489251,0.7313556083691763,0.9758218106236162
value_pre-prompts-prefill-hidden-tokens32,prefill,6,attn_update,value_pre_self_alignment,26,0.4118378024834853,0.41049520671367645,0.23961301147937775,0.5444568693637848,0.21856769919395447,0.6819962859153748
value_pre-prompts-prefill-hidden-tokens32,prefill,6,attn_update,value_pre_self_value_norm,26,10.199896115523119,10.899757385253906,6.242444038391113,13.710485935211182,5.785018444061279,14.461894989013672
value_pre-prompts-prefill-hidden-tokens32,prefill,7,attn_update,value_pre_norm,26,5.250265424068157,5.024117946624756,4.109551191329956,6.838532209396362,3.59830641746521,7.474847316741943
value_pre-prompts-prefill-hidden-tokens32,prefill,7,attn_update,value_pre_para_perp_ratio,26,0.32528721541166306,0.3065086305141449,0.26543426513671875,0.4123176783323288,0.2192055881023407,0.43830907344818115
value_pre-prompts-prefill-hidden-tokens32,prefill,7,attn_update,value_pre_para_ratio,26,0.3080899870643977,0.29305101487723006,0.25652910546344504,0.3811643904042221,0.21412156131225502,0.4014406922486956
value_pre-prompts-prefill-hidden-tokens32,prefill,7,attn_update,value_pre_perp_ratio,26,0.9499716483691626,0.9560957979768071,0.9244860114465099,0.9665078542840463,0.9158849921372937,0.9768070626984523
value_pre-prompts-prefill-hidden-tokens32,prefill,7,attn_update,value_pre_self_alignment,26,0.3080899933209786,0.29305101931095123,0.2565291225910187,0.38116440176963806,0.21412155032157898,0.40144070982933044
value_pre-prompts-prefill-hidden-tokens32,prefill,7,attn_update,value_pre_self_value_norm,26,15.615564346313477,15.536989688873291,13.654945373535156,17.48411750793457,13.08311939239502,19.86920738220215
value_pre-prompts-prefill-hidden-tokens32,prefill,8,attn_update,value_pre_norm,26,7.370935054925772,6.879404067993164,5.673851013183594,10.080389976501465,4.829931735992432,11.66347885131836
value_pre-prompts-prefill-hidden-tokens32,prefill,8,attn_update,value_pre_para_perp_ratio,26,0.4006493934071981,0.38615530729293823,0.2998584359884262,0.5007355362176895,0.23666195571422577,0.5189968943595886
value_pre-prompts-prefill-hidden-tokens32,prefill,8,attn_update,value_pre_para_ratio,26,0.3692776253904208,0.3601935782220307,0.2871365494444507,0.4477390437059961,0.23030037413981755,0.46065177673159674
value_pre-prompts-prefill-hidden-tokens32,prefill,8,attn_update,value_pre_perp_ratio,26,0.9267347957049431,0.9328412947788577,0.8941637595675279,0.9577842942453422,0.8875810189474055,0.9731195295614092
value_pre-prompts-prefill-hidden-tokens32,prefill,8,attn_update,value_pre_self_alignment,26,0.3692776331534752,0.36019356548786163,0.2871365547180176,0.4477390646934509,0.2303004264831543,0.4606517553329468
value_pre-prompts-prefill-hidden-tokens32,prefill,8,attn_update,value_pre_self_value_norm,26,19.95066316311176,19.937149047851562,16.760502815246582,23.824275970458984,14.232199668884277,27.41004180908203
value_pre-prompts-prefill-hidden-tokens32,prefill,9,attn_update,value_pre_norm,26,7.303217447721041,6.824037313461304,5.625149965286255,9.75510835647583,4.789016246795654,10.893927574157715
value_pre-prompts-prefill-hidden-tokens32,prefill,9,attn_update,value_pre_para_perp_ratio,26,0.4430615443449754,0.45602595806121826,0.3392154425382614,0.5645695626735687,0.2376922369003296,0.6084915995597839
value_pre-prompts-prefill-hidden-tokens32,prefill,9,attn_update,value_pre_para_ratio,26,0.4012919136796551,0.414773142943226,0.32123653878862746,0.4916295334999453,0.2312494653773186,0.5198197248401712
value_pre-prompts-prefill-hidden-tokens32,prefill,9,attn_update,value_pre_perp_ratio,26,0.9124827404134008,0.9097960658834445,0.8708043861493202,0.9469988876640514,0.8542759609856904,0.9728944750904055
value_pre-prompts-prefill-hidden-tokens32,prefill,9,attn_update,value_pre_self_alignment,26,0.4012919016755544,0.4147731512784958,0.3212365210056305,0.4916295111179352,0.23124949634075165,0.5198197364807129
value_pre-prompts-prefill-hidden-tokens32,prefill,9,attn_update,value_pre_self_value_norm,26,21.424453001755936,21.097914695739746,18.575477600097656,24.321297645568848,17.487457275390625,29.29022216796875
value_pre-prompts-prefill-hidden-tokens32,prefill,10,attn_update,value_pre_norm,26,8.848288517731886,8.291250705718994,7.555119514465332,10.180281639099121,7.106381416320801,12.691766738891602
value_pre-prompts-prefill-hidden-tokens32,prefill,10,attn_update,value_pre_para_perp_ratio,26,0.5441517176536413,0.542995810508728,0.47609904408454895,0.6307365298271179,0.4461267590522766,0.658427894115448
value_pre-prompts-prefill-hidden-tokens32,prefill,10,attn_update,value_pre_para_ratio,26,0.47661508289512006,0.47717577255615007,0.42985828532143044,0.5334767231783657,0.4074210315393689,0.5499272182540166
value_pre-prompts-prefill-hidden-tokens32,prefill,10,attn_update,value_pre_perp_ratio,26,0.8780481832764255,0.87879976612483,0.8458097093331316,0.9028894947076824,0.8352125390790487,0.9132404977782438
value_pre-prompts-prefill-hidden-tokens32,prefill,10,attn_update,value_pre_self_alignment,26,0.4766150758816646,0.477175772190094,0.4298583120107651,0.5334767401218414,0.4074210524559021,0.5499271750450134
value_pre-prompts-prefill-hidden-tokens32,prefill,10,attn_update,value_pre_self_value_norm,26,25.47387805351844,26.074909210205078,20.60536766052246,28.94166088104248,19.589820861816406,33.804832458496094
value_pre-prompts-prefill-hidden-tokens32,prefill,11,attn_update,value_pre_norm,26,7.67993765610915,7.389868259429932,5.885840892791748,9.779555797576904,4.896108150482178,10.268986701965332
value_pre-prompts-prefill-hidden-tokens32,prefill,11,attn_update,value_pre_para_perp_ratio,26,0.5377341050368089,0.5412322878837585,0.3989468663930893,0.6752051413059235,0.37792813777923584,0.766732931137085
value_pre-prompts-prefill-hidden-tokens32,prefill,11,attn_update,value_pre_para_ratio,26,0.46902332960453647,0.4759842171757962,0.370497398466333,0.5595886369194085,0.3535236435793052,0.6084646900907361
value_pre-prompts-prefill-hidden-tokens32,prefill,11,attn_update,value_pre_perp_ratio,26,0.8795623746920774,0.879450975668008,0.8287697449158613,0.9287851774009858,0.793581017798136,0.9354255631622946
value_pre-prompts-prefill-hidden-tokens32,prefill,11,attn_update,value_pre_self_alignment,26,0.4690233308535356,0.47598424553871155,0.37049737572669983,0.5595886409282684,0.3535236120223999,0.6084645986557007
value_pre-prompts-prefill-hidden-tokens32,prefill,11,attn_update,value_pre_self_value_norm,26,18.032258620628944,17.96914005279541,14.244733333587646,21.92710018157959,13.469453811645508,23.533885955810547
value_pre-prompts-prefill-hidden-tokens32,prefill,12,attn_update,value_pre_norm,26,9.524240237015944,9.581142902374268,8.003394365310669,11.259509086608887,7.309079647064209,11.81020450592041
value_pre-prompts-prefill-hidden-tokens32,prefill,12,attn_update,value_pre_para_perp_ratio,26,0.6064830857973832,0.6274924278259277,0.49336153268814087,0.7189202606678009,0.42193132638931274,0.7517750859260559
value_pre-prompts-prefill-hidden-tokens32,prefill,12,attn_update,value_pre_para_ratio,26,0.5150895301006579,0.5314646131557763,0.4424399953963133,0.5837265966669523,0.38874456494199633,0.6009076536517884
value_pre-prompts-prefill-hidden-tokens32,prefill,12,attn_update,value_pre_perp_ratio,26,0.8544755822655362,0.8470422479447608,0.8119498852062954,0.8967942922466436,0.799318401360622,0.9213456111615016
value_pre-prompts-prefill-hidden-tokens32,prefill,12,attn_update,value_pre_self_alignment,26,0.5150895210412832,0.5314646363258362,0.4424399733543396,0.5837265253067017,0.3887445032596588,0.6009077429771423
value_pre-prompts-prefill-hidden-tokens32,prefill,12,attn_update,value_pre_self_value_norm,26,20.716611862182617,20.454978942871094,18.05627727508545,24.039591789245605,16.6528377532959,26.62906265258789
value_pre-prompts-prefill-hidden-tokens32,prefill,13,attn_update,value_pre_norm,26,7.787839926206148,7.366858005523682,6.140334606170654,10.27845048904419,4.805620193481445,12.07540225982666
value_pre-prompts-prefill-hidden-tokens32,prefill,13,attn_update,value_pre_para_perp_ratio,26,0.46980650551044023,0.48485778272151947,0.3152094632387161,0.6137932538986206,0.1802738457918167,0.684201717376709
value_pre-prompts-prefill-hidden-tokens32,prefill,13,attn_update,value_pre_para_ratio,26,0.4189835388128899,0.436278769308317,0.30056011131628163,0.5231085975534808,0.17741403750462884,0.5646789721145221
value_pre-prompts-prefill-hidden-tokens32,prefill,13,attn_update,value_pre_perp_ratio,26,0.9022858249046021,0.8998102817448386,0.8522624975247992,0.9536835605846274,0.8253106769952774,0.9841363207170865
value_pre-prompts-prefill-hidden-tokens32,prefill,13,attn_update,value_pre_self_alignment,26,0.4189835414290428,0.43627873063087463,0.3005601167678833,0.5231086015701294,0.17741402983665466,0.5646790266036987
value_pre-prompts-prefill-hidden-tokens32,prefill,13,attn_update,value_pre_self_value_norm,26,20.606623502878044,19.396395683288574,17.348904609680176,22.37551975250244,16.17555809020996,46.570701599121094
value_pre-prompts-prefill-hidden-tokens32,prefill,14,attn_update,value_pre_norm,26,10.535486698150635,10.579963684082031,8.387753963470459,12.44426155090332,7.657185077667236,14.876365661621094
value_pre-prompts-prefill-hidden-tokens32,prefill,14,attn_update,value_pre_para_perp_ratio,26,0.5873791036697534,0.598764181137085,0.43460574746131897,0.7260294258594513,0.3901415467262268,0.8300971984863281
value_pre-prompts-prefill-hidden-tokens32,prefill,14,attn_update,value_pre_para_ratio,26,0.5012869896607621,0.5137156919190224,0.39853799292139486,0.5875004902657828,0.36345972256893766,0.638713699596128
value_pre-prompts-prefill-hidden-tokens32,prefill,14,attn_update,value_pre_perp_ratio,26,0.8613192838711723,0.8579602814662648,0.8092147196499679,0.9171046934919261,0.7694444515674081,0.9316098625461237
value_pre-prompts-prefill-hidden-tokens32,prefill,14,attn_update,value_pre_self_alignment,26,0.5012869880749629,0.5137156844139099,0.3985380083322525,0.5875005125999451,0.3634597063064575,0.6387137174606323
value_pre-prompts-prefill-hidden-tokens32,prefill,14,attn_update,value_pre_self_value_norm,26,24.133776371295635,23.378726959228516,20.10814666748047,28.631381034851074,18.931339263916016,30.144243240356445
value_pre-prompts-prefill-hidden-tokens32,prefill,15,attn_update,value_pre_norm,26,11.033341554495005,10.735441207885742,8.211543560028076,14.8785719871521,7.618867874145508,18.655786514282227
value_pre-prompts-prefill-hidden-tokens32,prefill,15,attn_update,value_pre_para_perp_ratio,26,0.5673248836627374,0.5622793138027191,0.40406137704849243,0.7473151683807373,0.3839449882507324,0.9443390965461731
value_pre-prompts-prefill-hidden-tokens32,prefill,15,attn_update,value_pre_para_ratio,26,0.4863288530618826,0.4901124882355933,0.3746002425596203,0.5986086383447855,0.35843380090512655,0.6865830663112215
value_pre-prompts-prefill-hidden-tokens32,prefill,15,attn_update,value_pre_perp_ratio,26,0.8685375624740533,0.8716571838213526,0.8010318680646952,0.9271533934238535,0.7270513991316162,0.9335551132020465
value_pre-prompts-prefill-hidden-tokens32,prefill,15,attn_update,value_pre_self_alignment,26,0.4863288322320351,0.49011240899562836,0.37460029125213623,0.5986085832118988,0.3584338426589966,0.6865830421447754
value_pre-prompts-prefill-hidden-tokens32,prefill,15,attn_update,value_pre_self_value_norm,26,26.879119799687313,24.125117301940918,20.29795551300049,28.436664581298828,19.64168357849121,98.28314971923828
value_pre-prompts-prefill-hidden-tokens32,prefill,16,attn_update,value_pre_norm,26,10.282407503861647,10.135663509368896,8.07142972946167,12.471228122711182,6.200124263763428,17.518264770507812
value_pre-prompts-prefill-hidden-tokens32,prefill,16,attn_update,value_pre_para_perp_ratio,26,0.5553668955197701,0.5148468613624573,0.39880989491939545,0.7492586970329285,0.2773866355419159,0.9147953987121582
value_pre-prompts-prefill-hidden-tokens32,prefill,16,attn_update,value_pre_para_ratio,26,0.47665001599087786,0.45768860231698105,0.3704374263083673,0.5996087716818632,0.2672939184392684,0.6749740127383174
value_pre-prompts-prefill-hidden-tokens32,prefill,16,attn_update,value_pre_perp_ratio,26,0.8723141854200688,0.889068418302005,0.800285308017398,0.9288573475420858,0.7378414861206629,0.9636150275634823
value_pre-prompts-prefill-hidden-tokens32,prefill,16,attn_update,value_pre_self_alignment,26,0.4766500019110166,0.4576885998249054,0.3704374432563782,0.5996086895465851,0.26729393005371094,0.6749740242958069
value_pre-prompts-prefill-hidden-tokens32,prefill,16,attn_update,value_pre_self_value_norm,26,33.53285510723408,29.03008270263672,23.928749084472656,34.65722465515137,23.581314086914062,145.51321411132812
value_pre-prompts-prefill-hidden-tokens32,prefill,17,attn_update,value_pre_norm,26,11.7506653712346,10.713810920715332,9.555475234985352,15.689114570617676,8.911290168762207,17.843032836914062
value_pre-prompts-prefill-hidden-tokens32,prefill,17,attn_update,value_pre_para_perp_ratio,26,0.6716262039083701,0.6543400883674622,0.4987953305244446,0.8801229000091553,0.16881226003170013,1.0526766777038574
value_pre-prompts-prefill-hidden-tokens32,prefill,17,attn_update,value_pre_para_ratio,26,0.5452635306103341,0.5475380562481893,0.4458354212710057,0.6605838215091531,0.1664571066024096,0.7250141647491467
value_pre-prompts-prefill-hidden-tokens32,prefill,17,attn_update,value_pre_perp_ratio,26,0.8286174474408871,0.8367801863410717,0.7506877008403375,0.894684579866849,0.6887339398432997,0.9860486745616496
value_pre-prompts-prefill-hidden-tokens32,prefill,17,attn_update,value_pre_self_alignment,26,0.5452635379937979,0.5475380420684814,0.4458354115486145,0.6605838239192963,0.16645708680152893,0.7250140905380249
value_pre-prompts-prefill-hidden-tokens32,prefill,17,attn_update,value_pre_self_value_norm,26,32.21756194188045,27.138911247253418,22.006218910217285,33.69996643066406,21.557281494140625,170.61585998535156
value_pre-prompts-prefill-hidden-tokens32,prefill,18,attn_update,value_pre_norm,26,13.444819963895357,12.558672428131104,10.912427425384521,16.699145317077637,8.08100414276123,21.938526153564453
value_pre-prompts-prefill-hidden-tokens32,prefill,18,attn_update,value_pre_para_perp_ratio,26,0.6452082912795819,0.6877046525478363,0.47574129700660706,0.816603034734726,0.038565341383218765,0.8786887526512146
value_pre-prompts-prefill-hidden-tokens32,prefill,18,attn_update,value_pre_para_ratio,26,0.5302418066034837,0.566345253928481,0.4295276579362429,0.6325044624196515,0.038536695084198054,0.660072579386967
value_pre-prompts-prefill-hidden-tokens32,prefill,18,attn_update,value_pre_perp_ratio,26,0.8368329234344128,0.8239552836265273,0.7745564347527308,0.9029890649201051,0.7512018169786119,0.999257248378928
value_pre-prompts-prefill-hidden-tokens32,prefill,18,attn_update,value_pre_self_alignment,26,0.5302418023347855,0.5663453340530396,0.4295276403427124,0.632504403591156,0.03853669762611389,0.6600725650787354
value_pre-prompts-prefill-hidden-tokens32,prefill,18,attn_update,value_pre_self_value_norm,26,36.774488595815804,31.092429161071777,25.463857650756836,37.35050582885742,24.16237449645996,185.15184020996094
value_pre-prompts-prefill-hidden-tokens32,prefill,19,attn_update,value_pre_norm,26,13.784260456378643,13.301656246185303,11.085294723510742,17.428205490112305,9.575284957885742,21.54210090637207
value_pre-prompts-prefill-hidden-tokens32,prefill,19,attn_update,value_pre_para_perp_ratio,26,0.5383133475597088,0.5080220103263855,0.38071440160274506,0.7133209109306335,0.32768914103507996,0.8520107865333557
value_pre-prompts-prefill-hidden-tokens32,prefill,19,attn_update,value_pre_para_ratio,26,0.4664370544637249,0.4529063999503141,0.3557999204434903,0.5795014911015831,0.31139647302213375,0.6485365808629332
value_pre-prompts-prefill-hidden-tokens32,prefill,19,attn_update,value_pre_perp_ratio,26,0.8787496021672452,0.8915418577925116,0.8141134064264447,0.9345610037726141,0.7611835458682615,0.9502800876621904
value_pre-prompts-prefill-hidden-tokens32,prefill,19,attn_update,value_pre_self_alignment,26,0.4664370589531385,0.45290641486644745,0.35579991340637207,0.5795015096664429,0.31139644980430603,0.6485365629196167
value_pre-prompts-prefill-hidden-tokens32,prefill,19,attn_update,value_pre_self_value_norm,26,37.28923922318678,35.62420845031738,29.407203674316406,46.78729820251465,27.734792709350586,49.52296829223633
value_pre-prompts-prefill-hidden-tokens32,prefill,20,attn_update,value_pre_norm,26,13.404695107386662,13.12299394607544,10.522343635559082,16.302532196044922,9.38818073272705,20.44733428955078
value_pre-prompts-prefill-hidden-tokens32,prefill,20,attn_update,value_pre_para_perp_ratio,26,0.5261763105025659,0.5371270179748535,0.39190006256103516,0.642597883939743,0.3284100294113159,0.6980268955230713
value_pre-prompts-prefill-hidden-tokens32,prefill,20,attn_update,value_pre_para_ratio,26,0.46185455917849405,0.47318791901421625,0.36487710888530783,0.5404844663540539,0.3120148867035797,0.572375922033056
value_pre-prompts-prefill-hidden-tokens32,prefill,20,attn_update,value_pre_perp_ratio,26,0.8837637801623518,0.8809613170972097,0.8412668953889395,0.9310525765738544,0.8199912221481351,0.9500772077343652
value_pre-prompts-prefill-hidden-tokens32,prefill,20,attn_update,value_pre_self_alignment,26,0.46185455643213713,0.4731879234313965,0.36487704515457153,0.5404845178127289,0.3120148777961731,0.5723758935928345
value_pre-prompts-prefill-hidden-tokens32,prefill,20,attn_update,value_pre_self_value_norm,26,37.2488337296706,36.4484977722168,32.82853126525879,43.06158256530762,31.68680763244629,46.46902847290039
value_pre-prompts-prefill-hidden-tokens32,prefill,21,attn_update,value_pre_norm,26,14.311153081747202,13.75508451461792,11.654760837554932,17.6249361038208,10.918302536010742,21.58220672607422
value_pre-prompts-prefill-hidden-tokens32,prefill,21,attn_update,value_pre_para_perp_ratio,26,0.45211974072914857,0.4493554085493088,0.32267916202545166,0.6047663688659668,0.24438388645648956,0.6831890940666199
value_pre-prompts-prefill-hidden-tokens32,prefill,21,attn_update,value_pre_para_ratio,26,0.4064776444160341,0.4097013479227497,0.3070576791849209,0.5170020088133841,0.23739759822729903,0.5641093597132835
value_pre-prompts-prefill-hidden-tokens32,prefill,21,attn_update,value_pre_perp_ratio,26,0.9088701994581951,0.9120642791783302,0.855615671072222,0.9516566665189012,0.8257001744971512,0.9714126326383304
value_pre-prompts-prefill-hidden-tokens32,prefill,21,attn_update,value_pre_self_alignment,26,0.4064776565019901,0.4097013473510742,0.3070576936006546,0.517002061009407,0.23739761114120483,0.5641094446182251
value_pre-prompts-prefill-hidden-tokens32,prefill,21,attn_update,value_pre_self_value_norm,26,41.683756608229416,40.78340530395508,36.08841514587402,48.23156547546387,34.76044845581055,51.54786682128906
value_pre-prompts-prefill-hidden-tokens32,prefill,22,attn_update,value_pre_norm,26,19.542009573716385,18.32449436187744,16.3595027923584,25.46324062347412,15.270736694335938,29.96043586730957
value_pre-prompts-prefill-hidden-tokens32,prefill,22,attn_update,value_pre_para_perp_ratio,26,0.5994668923891507,0.5944364070892334,0.512095183134079,0.6851475536823273,0.4356217086315155,0.7346383929252625
value_pre-prompts-prefill-hidden-tokens32,prefill,22,attn_update,value_pre_para_ratio,26,0.5120555012324184,0.5109735100305743,0.4557245293463087,0.5652101492190995,0.39937300999017344,0.5920473644159927
value_pre-prompts-prefill-hidden-tokens32,prefill,22,attn_update,value_pre_perp_ratio,26,0.8573375023245507,0.8595953508225186,0.8249468462215066,0.8900543885025437,0.8059030761494208,0.9167885671094722
value_pre-prompts-prefill-hidden-tokens32,prefill,22,attn_update,value_pre_self_alignment,26,0.5120554979030902,0.5109735429286957,0.4557245522737503,0.5652101635932922,0.39937299489974976,0.5920473337173462
value_pre-prompts-prefill-hidden-tokens32,prefill,22,attn_update,value_pre_self_value_norm,26,50.43321448106032,49.43370246887207,46.447195053100586,56.38006591796875,45.078163146972656,64.32958984375
value_pre-prompts-prefill-hidden-tokens32,prefill,23,attn_update,value_pre_norm,26,20.220531647021954,20.792863845825195,14.123701095581055,25.026235580444336,13.937646865844727,27.316774368286133
value_pre-prompts-prefill-hidden-tokens32,prefill,23,attn_update,value_pre_para_perp_ratio,26,0.5420411435457376,0.5365427434444427,0.4538649320602417,0.6158139407634735,0.40460243821144104,0.7696005702018738
value_pre-prompts-prefill-hidden-tokens32,prefill,23,attn_update,value_pre_para_ratio,26,0.4735611808498216,0.472788472376266,0.41328476242650414,0.5243116027042676,0.3750657331716904,0.6098948417496823
value_pre-prompts-prefill-hidden-tokens32,prefill,23,attn_update,value_pre_perp_ratio,26,0.878495747193202,0.8811758644251111,0.8514884576393629,0.9105978351051305,0.7924823092367616,0.9269982171510411
value_pre-prompts-prefill-hidden-tokens32,prefill,23,attn_update,value_pre_self_alignment,26,0.47356117230195266,0.472788468003273,0.4132847636938095,0.5243116021156311,0.37506574392318726,0.609894871711731
value_pre-prompts-prefill-hidden-tokens32,prefill,23,attn_update,value_pre_self_value_norm,26,51.35841575035682,51.775142669677734,44.290658950805664,58.287614822387695,43.24661636352539,59.640869140625
value_pre-prompts-prefill-hidden-tokens32,prefill,24,attn_update,value_pre_norm,26,16.335313100081223,16.079902172088623,12.84004259109497,18.956875801086426,10.732834815979004,26.065166473388672
value_pre-prompts-prefill-hidden-tokens32,prefill,24,attn_update,value_pre_para_perp_ratio,26,0.44190680292936474,0.4353438764810562,0.32144904136657715,0.5536367893218994,0.29150229692459106,0.5693484544754028
value_pre-prompts-prefill-hidden-tokens32,prefill,24,attn_update,value_pre_para_ratio,26,0.401645412214533,0.3991570653644678,0.30602591071609686,0.48435444360182367,0.2798545902010983,0.49477560489013145
value_pre-prompts-prefill-hidden-tokens32,prefill,24,attn_update,value_pre_perp_ratio,26,0.9134616761336644,0.9168809250158387,0.8748677789860736,0.9520221095330903,0.8690207484380907,0.9600424538774361
value_pre-prompts-prefill-hidden-tokens32,prefill,24,attn_update,value_pre_self_alignment,26,0.4016454139581093,0.3991570770740509,0.3060259222984314,0.4843544065952301,0.27985459566116333,0.49477556347846985
value_pre-prompts-prefill-hidden-tokens32,prefill,24,attn_update,value_pre_self_value_norm,26,65.29915252098671,67.19973373413086,54.38168525695801,75.85054779052734,51.832122802734375,79.12287902832031
value_pre-prompts-prefill-hidden-tokens32,prefill,25,attn_update,value_pre_norm,26,13.145831383191622,12.721908569335938,7.669195890426636,19.338576316833496,7.229263782501221,21.04287338256836
value_pre-prompts-prefill-hidden-tokens32,prefill,25,attn_update,value_pre_para_perp_ratio,26,0.44251702382014346,0.45140503346920013,0.31692060828208923,0.5653806328773499,0.25365740060806274,0.6353326439857483
value_pre-prompts-prefill-hidden-tokens32,prefill,25,attn_update,value_pre_para_ratio,26,0.400046174033937,0.4113787235417178,0.3020536262224873,0.4921521457364515,0.24587078830763243,0.5362559148421808
value_pre-prompts-prefill-hidden-tokens32,prefill,25,attn_update,value_pre_perp_ratio,26,0.9122854932595391,0.9114194577525998,0.8704992668929451,0.9532237107180537,0.8440553771727638,0.9693025895825252
value_pre-prompts-prefill-hidden-tokens32,prefill,25,attn_update,value_pre_self_alignment,26,0.40004617606218046,0.41137874126434326,0.30205363035202026,0.4921521544456482,0.24587078392505646,0.536255955696106
value_pre-prompts-prefill-hidden-tokens32,prefill,25,attn_update,value_pre_self_value_norm,26,60.53415298461914,58.855600357055664,53.360647201538086,69.76976013183594,49.7418098449707,73.27323913574219
value_pre-prompts-prefill-hidden-tokens32,prefill,26,attn_update,value_pre_norm,26,14.678765847132755,14.282314777374268,8.669604778289795,21.22794246673584,8.222987174987793,30.342975616455078
value_pre-prompts-prefill-hidden-tokens32,prefill,26,attn_update,value_pre_para_perp_ratio,26,0.3663513677624556,0.3451805114746094,0.25339052081108093,0.514838457107544,0.18539775907993317,0.5986732244491577
value_pre-prompts-prefill-hidden-tokens32,prefill,26,attn_update,value_pre_para_ratio,26,0.33963605491244486,0.32628629152906186,0.24559367666313175,0.4577263412528485,0.18229133302394718,0.5136584659634623
value_pre-prompts-prefill-hidden-tokens32,prefill,26,attn_update,value_pre_perp_ratio,26,0.9362171475578168,0.9452682548299502,0.8890847047600521,0.9693252285880265,0.8579947337083255,0.9832445504827247
value_pre-prompts-prefill-hidden-tokens32,prefill,26,attn_update,value_pre_self_alignment,26,0.33963605474967223,0.32628631591796875,0.24559369683265686,0.4577263295650482,0.18229135870933533,0.5136584639549255
value_pre-prompts-prefill-hidden-tokens32,prefill,26,attn_update,value_pre_self_value_norm,26,69.73931503295898,69.7791519165039,61.285451889038086,80.18272399902344,53.429229736328125,87.96139526367188
value_pre-prompts-prefill-hidden-tokens32,prefill,27,attn_update,value_pre_norm,26,16.85835489859948,15.17027473449707,10.692569732666016,25.00113010406494,9.242952346801758,29.74791145324707
value_pre-prompts-prefill-hidden-tokens32,prefill,27,attn_update,value_pre_para_perp_ratio,26,0.4393270296546129,0.40741676092147827,0.2836923897266388,0.5735678970813751,0.24824641644954681,0.6396297812461853
value_pre-prompts-prefill-hidden-tokens32,prefill,27,attn_update,value_pre_para_ratio,26,0.3964039162452189,0.3773015664598846,0.272881257663916,0.49753550790524403,0.24093348742104762,0.5388324400712272
value_pre-prompts-prefill-hidden-tokens32,prefill,27,attn_update,value_pre_perp_ratio,26,0.9127725369737589,0.9260878678426172,0.8674422880488686,0.9619955962902893,0.8424129755931711,0.9705416365439734
value_pre-prompts-prefill-hidden-tokens32,prefill,27,attn_update,value_pre_self_alignment,26,0.3964039253500792,0.37730155885219574,0.27288125455379486,0.49753549695014954,0.24093349277973175,0.538832426071167
value_pre-prompts-prefill-hidden-tokens32,prefill,27,attn_update,value_pre_self_value_norm,26,79.30646016047551,78.31162643432617,69.05256271362305,88.38837814331055,64.84492492675781,98.41600036621094
value_pre-prompts-prefill-hidden-tokens32,prefill,28,attn_update,value_pre_norm,26,21.41671873972966,20.207490921020508,16.42984104156494,26.273439407348633,14.197711944580078,45.30998229980469
value_pre-prompts-prefill-hidden-tokens32,prefill,28,attn_update,value_pre_para_perp_ratio,26,0.5270900130271912,0.5208892524242401,0.4229404330253601,0.633347898721695,0.39882975816726685,0.7620210647583008
value_pre-prompts-prefill-hidden-tokens32,prefill,28,attn_update,value_pre_para_ratio,26,0.4627405793338328,0.4619716513094615,0.3894523791250857,0.5349244846857044,0.370453428009032,0.6061017480556969
value_pre-prompts-prefill-hidden-tokens32,prefill,28,attn_update,value_pre_perp_ratio,26,0.8837557289918053,0.8868932579984901,0.844799305533843,0.920971358202811,0.7953871188289622,0.9288510272156151
value_pre-prompts-prefill-hidden-tokens32,prefill,28,attn_update,value_pre_self_alignment,26,0.4627405863541823,0.461971640586853,0.38945242762565613,0.5349245071411133,0.370453417301178,0.6061017513275146
value_pre-prompts-prefill-hidden-tokens32,prefill,28,attn_update,value_pre_self_value_norm,26,84.44225516686073,85.82113265991211,71.91169357299805,94.70329666137695,67.38924407958984,103.41814422607422
value_pre-prompts-prefill-hidden-tokens32,prefill,29,attn_update,value_pre_norm,26,17.07572995699369,13.712276458740234,9.42540168762207,29.478425979614258,7.094402313232422,44.92378234863281
value_pre-prompts-prefill-hidden-tokens32,prefill,29,attn_update,value_pre_para_perp_ratio,26,0.2717162092717794,0.2416483387351036,0.15651435405015945,0.42775973677635193,0.08989923447370529,0.5391685366630554
value_pre-prompts-prefill-hidden-tokens32,prefill,29,attn_update,value_pre_para_ratio,26,0.257722089364673,0.2348188330773699,0.1545959052605344,0.39261547647224515,0.08953814663471903,0.47458217874609315
value_pre-prompts-prefill-hidden-tokens32,prefill,29,attn_update,value_pre_perp_ratio,26,0.960759950139902,0.9719386804816997,0.9190817908869295,0.9878994289023284,0.8802111741204353,0.9959834045676168
value_pre-prompts-prefill-hidden-tokens32,prefill,29,attn_update,value_pre_self_alignment,26,0.257722091789429,0.23481883853673935,0.15459591150283813,0.3926154673099518,0.08953814208507538,0.4745821952819824
value_pre-prompts-prefill-hidden-tokens32,prefill,29,attn_update,value_pre_self_value_norm,26,121.89443911038913,117.87197875976562,84.29663467407227,157.2428207397461,76.84053802490234,178.57591247558594
value_pre-prompts-prefill-hidden-tokens32,prefill,30,attn_update,value_pre_norm,26,24.245797267326942,23.12117099761963,17.04589080810547,32.840797424316406,14.770907402038574,49.70915985107422
value_pre-prompts-prefill-hidden-tokens32,prefill,30,attn_update,value_pre_para_perp_ratio,26,0.47538196582060593,0.47064025700092316,0.3105480223894119,0.6766133904457092,0.25638043880462646,0.7935381531715393
value_pre-prompts-prefill-hidden-tokens32,prefill,30,attn_update,value_pre_para_ratio,26,0.42100450597108025,0.42583556354749746,0.29657611358289615,0.5603397154223217,0.24834823696343944,0.6216037859581819
value_pre-prompts-prefill-hidden-tokens32,prefill,30,attn_update,value_pre_perp_ratio,26,0.9000811962241243,0.904800558698978,0.8282264237155403,0.9550091473549249,0.7833319174368398,0.9686708174072926
value_pre-prompts-prefill-hidden-tokens32,prefill,30,attn_update,value_pre_self_alignment,26,0.4210045068309857,0.42583557963371277,0.296576127409935,0.5603397190570831,0.24834825098514557,0.6216037273406982
value_pre-prompts-prefill-hidden-tokens32,prefill,30,attn_update,value_pre_self_value_norm,26,134.36306498600885,137.27915954589844,116.24381256103516,152.20697784423828,103.97650909423828,163.39454650878906
value_pre-prompts-prefill-hidden-tokens32,prefill,31,attn_update,value_pre_norm,26,28.620278468498817,28.77539348602295,17.761916160583496,40.24565315246582,14.113361358642578,63.398345947265625
value_pre-prompts-prefill-hidden-tokens32,prefill,31,attn_update,value_pre_para_perp_ratio,26,0.41804643777700573,0.41267526149749756,0.24632687866687775,0.5980865061283112,0.19784575700759888,0.6840384006500244
value_pre-prompts-prefill-hidden-tokens32,prefill,31,attn_update,value_pre_para_ratio,26,0.37840399376619177,0.3813599936485418,0.23917737755143195,0.5132876829037177,0.19408369920630641,0.564587148389754
value_pre-prompts-prefill-hidden-tokens32,prefill,31,attn_update,value_pre_perp_ratio,26,0.9188195135816347,0.9243232100487625,0.858216555837131,0.9709757684588023,0.8253734575928462,0.9809849229169811
value_pre-prompts-prefill-hidden-tokens32,prefill,31,attn_update,value_pre_self_alignment,26,0.3784039920339218,0.3813599646091461,0.2391773909330368,0.5132876932621002,0.19408369064331055,0.5645870566368103
value_pre-prompts-prefill-hidden-tokens32,prefill,31,attn_update,value_pre_self_value_norm,26,157.2981209388146,157.22119140625,117.04792404174805,197.85721588134766,105.6219482421875,204.78102111816406
value_pre-prompts-prefill-hidden-tokens32,prefill,32,attn_update,value_pre_norm,26,36.782980552086464,34.7389030456543,20.560128211975098,54.99898910522461,18.861366271972656,56.465755462646484
value_pre-prompts-prefill-hidden-tokens32,prefill,32,attn_update,value_pre_para_perp_ratio,26,0.3954198515185943,0.4078747481107712,0.2463512346148491,0.5558191239833832,0.1529228389263153,0.5888943076133728
value_pre-prompts-prefill-hidden-tokens32,prefill,32,attn_update,value_pre_para_ratio,26,0.3621126663128156,0.3776631580180634,0.23919910345007178,0.4857777251574582,0.15116552879221037,0.507441973365734
value_pre-prompts-prefill-hidden-tokens32,prefill,32,attn_update,value_pre_perp_ratio,26,0.9264982633176354,0.9259384495117813,0.8740500318667656,0.9709696293720228,0.8616859739828755,0.9885085407028276
value_pre-prompts-prefill-hidden-tokens32,prefill,32,attn_update,value_pre_self_alignment,26,0.3621126562356949,0.37766313552856445,0.23919908702373505,0.48577770590782166,0.15116551518440247,0.5074419975280762
value_pre-prompts-prefill-hidden-tokens32,prefill,32,attn_update,value_pre_self_value_norm,26,193.60643474872296,198.82058715820312,146.99535369873047,233.54122924804688,134.72647094726562,255.1875
value_pre-prompts-prefill-hidden-tokens32,prefill,33,attn_update,value_pre_norm,26,35.89499913729154,32.20865726470947,20.314315795898438,57.22373008728027,11.911600112915039,88.10105895996094
value_pre-prompts-prefill-hidden-tokens32,prefill,33,attn_update,value_pre_para_perp_ratio,26,0.2864874949535498,0.27966852486133575,0.09575692936778069,0.43843574821949005,0.05020536109805107,0.5682681202888489
value_pre-prompts-prefill-hidden-tokens32,prefill,33,attn_update,value_pre_para_ratio,26,0.26946191872915976,0.26933246332096156,0.09530242636031618,0.4015205856285152,0.05014220726035979,0.4940661408761615
value_pre-prompts-prefill-hidden-tokens32,prefill,33,attn_update,value_pre_perp_ratio,26,0.9553806982410783,0.9630454648567659,0.9158341947509734,0.9953834462067203,0.8694243922355162,0.9987420743147786
value_pre-prompts-prefill-hidden-tokens32,prefill,33,attn_update,value_pre_self_alignment,26,0.26946192292066723,0.2693324685096741,0.09530242905020714,0.40152059495449066,0.050142206251621246,0.49406617879867554
value_pre-prompts-prefill-hidden-tokens32,prefill,33,attn_update,value_pre_self_value_norm,26,273.4252055241511,272.5127716064453,182.67133331298828,354.3000793457031,174.11676025390625,378.51947021484375
value_pre-prompts-prefill-hidden-tokens32,prefill,34,attn_update,value_pre_norm,26,67.06113155071552,64.1397590637207,43.40439796447754,87.80055236816406,37.71931457519531,116.34489440917969
value_pre-prompts-prefill-hidden-tokens32,prefill,34,attn_update,value_pre_para_perp_ratio,26,0.5190804669490228,0.5071234852075577,0.3922564536333084,0.6671852171421051,0.32556143403053284,0.7437484860420227
value_pre-prompts-prefill-hidden-tokens32,prefill,34,attn_update,value_pre_para_ratio,26,0.45537507378752573,0.4522569231125768,0.36514693537891263,0.5549766183418449,0.30956891519446206,0.596784764653991
value_pre-prompts-prefill-hidden-tokens32,prefill,34,attn_update,value_pre_perp_ratio,26,0.8860084379381108,0.8918612044625839,0.8318499263933162,0.9309293928627012,0.8024013109734703,0.9508770929132316
value_pre-prompts-prefill-hidden-tokens32,prefill,34,attn_update,value_pre_self_alignment,26,0.4553750673165688,0.4522569328546524,0.3651469647884369,0.5549766421318054,0.3095688819885254,0.596784770488739
value_pre-prompts-prefill-hidden-tokens32,prefill,34,attn_update,value_pre_self_value_norm,26,261.63261941763074,259.2870407104492,227.6387176513672,300.9037170410156,223.29747009277344,311.6813659667969
value_pre-prompts-prefill-hidden-tokens32,prefill,35,attn_update,value_pre_norm,26,71.45924597520094,73.65496826171875,52.556846618652344,85.42855072021484,49.08468246459961,107.11256408691406
value_pre-prompts-prefill-hidden-tokens32,prefill,35,attn_update,value_pre_para_perp_ratio,26,0.8121202083734366,0.8116374015808105,0.7495206296443939,0.9015271663665771,0.6107919812202454,0.9250613451004028
value_pre-prompts-prefill-hidden-tokens32,prefill,35,attn_update,value_pre_para_ratio,26,0.6286954147845493,0.6301884849613981,0.5997543485013843,0.6695847544842397,0.521251671861566,0.679066228351665
value_pre-prompts-prefill-hidden-tokens32,prefill,35,attn_update,value_pre_perp_ratio,26,0.7764413455996384,0.7764417295615487,0.7427313775416995,0.8001841139752752,0.7340769683632822,0.8534029676944297
value_pre-prompts-prefill-hidden-tokens32,prefill,35,attn_update,value_pre_self_alignment,26,0.6286954054465661,0.6301884651184082,0.5997543334960938,0.6695846915245056,0.5212516784667969,0.6790663003921509
value_pre-prompts-prefill-hidden-tokens32,prefill,35,attn_update,value_pre_self_value_norm,26,190.20708935077374,178.9121551513672,162.11365509033203,226.4461212158203,157.7559356689453,253.33065795898438
