layer,head,sample,tokens,baseline_loss,edited_loss,delta_loss
4,0,0,196.0,3.98167085647583,3.9864726066589355,0.004801750183105469
4,0,1,127.0,3.705084800720215,3.7067818641662598,0.0016970634460449219
4,0,2,162.0,2.4317469596862793,2.433098554611206,0.0013515949249267578
4,0,3,92.0,5.154407501220703,5.160662651062012,0.006255149841308594
4,0,4,194.0,3.7261335849761963,3.7266292572021484,0.0004956722259521484
4,0,5,115.0,3.4317781925201416,3.4287352561950684,-0.003042936325073242
4,0,6,109.0,4.611254692077637,4.6062822341918945,-0.0049724578857421875
4,0,7,48.0,3.824559450149536,3.8323075771331787,0.007748126983642578
4,0,8,69.0,4.333216190338135,4.3313889503479,-0.001827239990234375
4,0,9,85.0,3.4889185428619385,3.4832353591918945,-0.005683183670043945
4,0,10,238.0,3.337062358856201,3.3374156951904297,0.0003533363342285156
4,0,11,233.0,3.013906478881836,3.013371706008911,-0.0005347728729248047
4,0,12,208.0,3.644038200378418,3.6379623413085938,-0.006075859069824219
4,0,13,196.0,3.302739381790161,3.301975727081299,-0.0007636547088623047
4,0,14,131.0,3.989900827407837,3.986130475997925,-0.0037703514099121094
4,0,15,125.0,3.2012383937835693,3.205415964126587,0.004177570343017578
4,0,16,61.0,4.757500171661377,4.757296085357666,-0.0002040863037109375
4,0,17,164.0,2.6241273880004883,2.6241612434387207,3.3855438232421875e-05
4,0,18,107.0,3.8216171264648438,3.8208963871002197,-0.0007207393646240234
4,0,19,48.0,4.036356449127197,4.020580768585205,-0.015775680541992188
4,0,20,74.0,2.6907341480255127,2.6996965408325195,0.008962392807006836
4,0,21,103.0,2.9307749271392822,2.925753355026245,-0.005021572113037109
4,0,22,114.0,3.8854269981384277,3.8892946243286133,0.003867626190185547
4,0,23,50.0,6.480540752410889,6.485927104949951,0.0053863525390625
4,0,24,281.0,3.1489627361297607,3.1532745361328125,0.004311800003051758
4,0,25,247.0,2.5188822746276855,2.518763303756714,-0.00011897087097167969
4,0,26,173.0,4.413876056671143,4.418959617614746,0.005083560943603516
4,0,27,166.0,3.707796812057495,3.7054502964019775,-0.002346515655517578
4,0,28,98.0,3.151510238647461,3.1497385501861572,-0.001771688461303711
4,0,29,174.0,3.586359739303589,3.581031560897827,-0.005328178405761719
4,0,30,173.0,3.190525531768799,3.2009918689727783,0.010466337203979492
4,0,31,215.0,4.340093612670898,4.333939552307129,-0.006154060363769531
4,0,32,186.0,3.4789488315582275,3.473388671875,-0.005560159683227539
4,0,33,153.0,2.9326295852661133,2.9311015605926514,-0.001528024673461914
4,0,34,147.0,4.1311798095703125,4.132137298583984,0.000957489013671875
4,0,35,50.0,4.620577812194824,4.623567581176758,0.0029897689819335938
4,0,36,86.0,3.942690134048462,3.9368886947631836,-0.00580143928527832
4,0,37,154.0,4.250033378601074,4.244805335998535,-0.0052280426025390625
4,0,38,265.0,2.933018684387207,2.9360642433166504,0.0030455589294433594
4,0,39,199.0,3.941709518432617,3.9417672157287598,5.7697296142578125e-05
4,0,40,138.0,4.430899620056152,4.429315090179443,-0.0015845298767089844
4,0,41,98.0,4.048152923583984,4.050691604614258,0.0025386810302734375
4,0,42,167.0,2.98820424079895,2.9880154132843018,-0.0001888275146484375
4,0,43,288.0,4.51556396484375,4.516898155212402,0.0013341903686523438
4,0,44,225.0,3.134540557861328,3.1319024562835693,-0.002638101577758789
4,0,45,191.0,3.475728988647461,3.473444938659668,-0.0022840499877929688
4,0,46,92.0,5.071820259094238,5.081140041351318,0.009319782257080078
4,0,47,41.0,5.766663551330566,5.774292945861816,0.00762939453125
4,0,48,231.0,3.4077651500701904,3.406416177749634,-0.0013489723205566406
4,0,49,101.0,2.9521121978759766,2.9564807415008545,0.00436854362487793
4,0,50,177.0,3.6662821769714355,3.6682052612304688,0.0019230842590332031
4,0,51,252.0,4.05861759185791,4.063482761383057,0.004865169525146484
4,0,52,259.0,3.3747026920318604,3.378042459487915,0.0033397674560546875
4,0,53,47.0,4.065746307373047,4.063625335693359,-0.0021209716796875
4,0,54,164.0,2.495858669281006,2.4968488216400146,0.000990152359008789
4,0,55,94.0,4.066493034362793,4.064665794372559,-0.001827239990234375
4,0,56,103.0,4.11627721786499,4.119237422943115,0.002960205078125
4,0,57,78.0,3.913255453109741,3.9148035049438477,0.0015480518341064453
4,0,58,239.0,3.692802906036377,3.6927175521850586,-8.535385131835938e-05
4,0,59,271.0,4.881155014038086,4.879382610321045,-0.0017724037170410156
4,0,60,162.0,3.3450679779052734,3.3484323024749756,0.0033643245697021484
4,0,61,179.0,3.870093584060669,3.872415065765381,0.002321481704711914
4,0,62,218.0,3.1762454509735107,3.175010919570923,-0.0012345314025878906
4,0,63,81.0,3.809858798980713,3.797025680541992,-0.012833118438720703
4,0,64,93.0,4.687077522277832,4.690225124359131,0.003147602081298828
4,0,65,72.0,4.558295249938965,4.553135395050049,-0.005159854888916016
4,0,66,230.0,3.737887382507324,3.7364766597747803,-0.0014107227325439453
4,0,67,99.0,3.1625142097473145,3.158437490463257,-0.004076719284057617
4,0,68,213.0,3.218388557434082,3.2206718921661377,0.002283334732055664
4,0,69,119.0,3.072978973388672,3.076402425765991,0.003423452377319336
4,0,70,161.0,3.529710531234741,3.523622989654541,-0.006087541580200195
4,0,71,90.0,4.394758224487305,4.408331394195557,0.013573169708251953
4,0,72,181.0,3.6989989280700684,3.692274808883667,-0.006724119186401367
4,0,73,95.0,4.745315074920654,4.744311332702637,-0.0010037422180175781
4,0,74,245.0,2.801177740097046,2.8001580238342285,-0.0010197162628173828
4,0,75,93.0,2.319314956665039,2.320700168609619,0.0013852119445800781
4,0,76,225.0,3.1077821254730225,3.1205339431762695,0.01275181770324707
4,0,77,61.0,4.027099132537842,4.015347480773926,-0.011751651763916016
4,0,78,257.0,4.246406078338623,4.248262882232666,0.0018568038940429688
4,0,79,165.0,3.7203760147094727,3.7192938327789307,-0.0010821819305419922
4,0,80,117.0,4.752804279327393,4.754699230194092,0.0018949508666992188
4,0,81,89.0,4.279232025146484,4.27757453918457,-0.0016574859619140625
4,0,82,291.0,4.08609676361084,4.086089134216309,-7.62939453125e-06
4,0,83,93.0,4.042176723480225,4.0398759841918945,-0.002300739288330078
4,0,84,228.0,2.8949825763702393,2.899343490600586,0.00436091423034668
4,0,85,131.0,3.406266927719116,3.4028775691986084,-0.0033893585205078125
4,0,86,191.0,4.77057409286499,4.774966716766357,0.0043926239013671875
4,0,87,238.0,5.341985702514648,5.341954231262207,-3.147125244140625e-05
4,0,88,210.0,3.7304000854492188,3.7287256717681885,-0.0016744136810302734
4,0,89,107.0,4.658895492553711,4.66282320022583,0.003927707672119141
4,0,90,217.0,3.256716728210449,3.2582814693450928,0.0015647411346435547
4,0,91,199.0,3.479922294616699,3.47835111618042,-0.0015711784362792969
4,0,92,84.0,2.9870519638061523,2.9860904216766357,-0.0009615421295166016
4,0,93,271.0,4.167789459228516,4.165021896362305,-0.0027675628662109375
4,0,94,226.0,3.797963857650757,3.7902793884277344,-0.007684469223022461
4,0,95,258.0,4.302313327789307,4.301058769226074,-0.0012545585632324219
4,0,96,86.0,4.009377479553223,4.0108137130737305,0.0014362335205078125
4,0,97,142.0,4.886353492736816,4.889340877532959,0.002987384796142578
4,0,98,42.0,4.73474645614624,4.740221977233887,0.005475521087646484
4,0,99,224.0,3.053419828414917,3.0504610538482666,-0.0029587745666503906
4,0,100,197.0,2.6848225593566895,2.6818485260009766,-0.0029740333557128906
4,0,101,85.0,3.080362558364868,3.0847840309143066,0.0044214725494384766
4,0,102,195.0,3.4633231163024902,3.4672701358795166,0.003947019577026367
4,0,103,102.0,4.20768404006958,4.211817264556885,0.0041332244873046875
4,0,104,181.0,3.711848735809326,3.715806245803833,0.003957509994506836
4,0,105,72.0,2.723045587539673,2.724522829055786,0.0014772415161132812
4,0,106,130.0,4.976626396179199,4.976541519165039,-8.487701416015625e-05
4,0,107,62.0,3.1819393634796143,3.1864161491394043,0.004476785659790039
4,0,108,263.0,4.0605854988098145,4.059317588806152,-0.0012679100036621094
4,0,109,194.0,3.1560444831848145,3.162670612335205,0.006626129150390625
4,0,110,174.0,3.211611032485962,3.221673011779785,0.010061979293823242
4,0,111,235.0,4.168798446655273,4.164503574371338,-0.004294872283935547
4,0,112,143.0,4.279087066650391,4.274774074554443,-0.004312992095947266
4,0,113,117.0,4.890145778656006,4.8880510330200195,-0.002094745635986328
4,0,114,160.0,4.253233909606934,4.247805118560791,-0.005428791046142578
4,0,115,115.0,3.9266409873962402,3.9168124198913574,-0.009828567504882812
4,0,116,120.0,3.8633739948272705,3.876478910446167,0.013104915618896484
4,0,117,186.0,4.1213459968566895,4.119027137756348,-0.002318859100341797
4,0,118,138.0,3.296036958694458,3.2899670600891113,-0.00606989860534668
4,0,119,80.0,3.554978847503662,3.554595947265625,-0.0003829002380371094
4,0,120,164.0,3.3612916469573975,3.360013961791992,-0.0012776851654052734
4,0,121,215.0,3.762061357498169,3.7559587955474854,-0.006102561950683594
4,0,122,81.0,3.60632061958313,3.5892393589019775,-0.017081260681152344
4,0,123,171.0,3.4178876876831055,3.4202628135681152,0.0023751258850097656
4,0,124,41.0,4.780884742736816,4.776271820068359,-0.004612922668457031
4,0,125,103.0,4.1708221435546875,4.168251991271973,-0.0025701522827148438
4,0,126,145.0,3.385586977005005,3.3904285430908203,0.00484156608581543
4,0,127,102.0,3.511989116668701,3.502779483795166,-0.009209632873535156
4,0,128,157.0,4.545989513397217,4.547431468963623,0.00144195556640625
4,0,129,161.0,3.612820625305176,3.606903314590454,-0.00591731071472168
4,0,130,248.0,3.595446825027466,3.599731206893921,0.004284381866455078
4,0,131,240.0,4.314742088317871,4.315073490142822,0.0003314018249511719
4,0,132,284.0,3.515221118927002,3.5047056674957275,-0.010515451431274414
4,0,133,105.0,5.547122001647949,5.550438404083252,0.0033164024353027344
4,0,134,72.0,3.6292827129364014,3.637650728225708,0.00836801528930664
4,0,135,86.0,3.9638190269470215,3.9605603218078613,-0.0032587051391601562
4,0,136,120.0,3.225938320159912,3.2265512943267822,0.0006129741668701172
4,0,137,64.0,3.684243679046631,3.69791841506958,0.013674736022949219
4,0,138,220.0,2.8231959342956543,2.827657699584961,0.004461765289306641
4,0,139,92.0,2.984248638153076,2.9735872745513916,-0.01066136360168457
4,0,140,180.0,3.4170660972595215,3.4088988304138184,-0.008167266845703125
4,0,141,95.0,3.5693070888519287,3.563007116317749,-0.0062999725341796875
4,0,142,72.0,5.436267852783203,5.434088230133057,-0.0021796226501464844
4,0,143,152.0,4.664964199066162,4.669195175170898,0.004230976104736328
4,0,144,170.0,3.2575697898864746,3.2613914012908936,0.0038216114044189453
4,0,145,56.0,4.233151912689209,4.219107627868652,-0.01404428482055664
4,0,146,174.0,3.632305860519409,3.6312808990478516,-0.0010249614715576172
4,0,147,191.0,3.26232647895813,3.2624154090881348,8.893013000488281e-05
4,0,148,279.0,3.7231252193450928,3.718360662460327,-0.004764556884765625
4,0,149,98.0,3.6501717567443848,3.661146402359009,0.010974645614624023
4,0,150,50.0,3.987290143966675,3.9864251613616943,-0.0008649826049804688
4,0,151,61.0,3.207566976547241,3.2121286392211914,0.004561662673950195
4,0,152,208.0,2.833768367767334,2.836291790008545,0.0025234222412109375
4,0,153,124.0,3.7818057537078857,3.787574052810669,0.005768299102783203
4,0,154,128.0,3.3032331466674805,3.301816940307617,-0.0014162063598632812
4,0,155,250.0,4.603071212768555,4.60746955871582,0.004398345947265625
4,0,156,239.0,2.621934175491333,2.623053550720215,0.001119375228881836
4,0,157,164.0,2.8648641109466553,2.859511137008667,-0.005352973937988281
4,0,158,42.0,4.671477317810059,4.677237510681152,0.00576019287109375
4,0,159,200.0,4.007006645202637,4.009887218475342,0.002880573272705078
4,0,160,209.0,3.638150215148926,3.6354167461395264,-0.002733469009399414
4,0,161,206.0,3.6040756702423096,3.6006038188934326,-0.003471851348876953
4,0,162,139.0,4.383498191833496,4.375354290008545,-0.008143901824951172
4,0,163,76.0,3.7987864017486572,3.7997162342071533,0.0009298324584960938
4,0,164,232.0,3.892338275909424,3.88625168800354,-0.006086587905883789
4,0,165,235.0,3.9155564308166504,3.914283037185669,-0.0012733936309814453
4,0,166,49.0,4.228317737579346,4.235069274902344,0.006751537322998047
4,0,167,138.0,3.473930835723877,3.468724489212036,-0.00520634651184082
4,0,168,60.0,3.808337450027466,3.8079984188079834,-0.0003390312194824219
4,0,169,146.0,4.041977882385254,4.042587757110596,0.0006098747253417969
4,0,170,57.0,4.420210838317871,4.417540550231934,-0.0026702880859375
4,0,171,135.0,3.909317970275879,3.908431053161621,-0.0008869171142578125
4,0,172,113.0,3.19097638130188,3.1909236907958984,-5.269050598144531e-05
4,0,173,208.0,4.171577453613281,4.172821521759033,0.0012440681457519531
4,0,174,195.0,2.116305112838745,2.1190292835235596,0.002724170684814453
4,0,175,137.0,3.9520905017852783,3.9502861499786377,-0.001804351806640625
4,0,176,91.0,4.97736120223999,4.979836463928223,0.002475261688232422
4,0,177,66.0,3.994100332260132,3.9947667121887207,0.0006663799285888672
4,0,178,173.0,3.3507070541381836,3.3552656173706055,0.004558563232421875
4,0,179,89.0,5.353647708892822,5.356865882873535,0.0032181739807128906
4,0,180,231.0,3.6613731384277344,3.6658031940460205,0.004430055618286133
4,0,181,71.0,5.397938251495361,5.395479679107666,-0.0024585723876953125
4,0,182,98.0,3.963383674621582,3.9719104766845703,0.008526802062988281
4,0,183,215.0,1.998246431350708,2.002047061920166,0.003800630569458008
4,0,184,159.0,4.383580684661865,4.388582706451416,0.005002021789550781
4,0,185,86.0,3.697986602783203,3.6863906383514404,-0.011595964431762695
4,0,186,92.0,3.4445607662200928,3.452441692352295,0.007880926132202148
4,0,187,51.0,5.179178714752197,5.172896385192871,-0.006282329559326172
4,0,188,86.0,4.734201908111572,4.737538814544678,0.0033369064331054688
4,0,189,132.0,3.6938047409057617,3.693992853164673,0.0001881122589111328
4,0,190,214.0,3.9561617374420166,3.958550214767456,0.002388477325439453
4,0,191,139.0,4.121965408325195,4.116045951843262,-0.005919456481933594
4,0,192,89.0,3.4952480792999268,3.495032787322998,-0.00021529197692871094
4,0,193,102.0,4.782958507537842,4.782817840576172,-0.00014066696166992188
4,0,194,156.0,2.6015143394470215,2.594367504119873,-0.0071468353271484375
4,0,195,87.0,3.839608669281006,3.8342952728271484,-0.005313396453857422
4,0,196,175.0,3.2536110877990723,3.252013921737671,-0.0015971660614013672
4,0,197,136.0,2.3385791778564453,2.3350932598114014,-0.0034859180450439453
4,0,198,54.0,3.781459093093872,3.78197979927063,0.0005207061767578125
4,0,199,71.0,4.556375980377197,4.5541534423828125,-0.0022225379943847656
4,0,200,43.0,4.562034606933594,4.559442520141602,-0.0025920867919921875
4,0,201,200.0,3.3231818675994873,3.3228759765625,-0.0003058910369873047
4,0,202,60.0,3.5167155265808105,3.5166172981262207,-9.822845458984375e-05
4,0,203,220.0,3.437206983566284,3.4374277591705322,0.00022077560424804688
4,0,204,160.0,4.1729278564453125,4.184006690979004,0.011078834533691406
4,0,205,46.0,3.025144100189209,3.0245778560638428,-0.0005662441253662109
4,0,206,189.0,3.507356882095337,3.5039920806884766,-0.0033648014068603516
4,0,207,69.0,4.68245792388916,4.682350158691406,-0.00010776519775390625
4,0,208,164.0,2.968637228012085,2.9655873775482178,-0.0030498504638671875
4,0,209,121.0,3.6657907962799072,3.660118818283081,-0.005671977996826172
4,0,210,453.0,5.465768337249756,5.456588268280029,-0.009180068969726562
4,0,211,167.0,3.817554473876953,3.8147714138031006,-0.002783060073852539
4,0,212,79.0,3.6519949436187744,3.6564111709594727,0.004416227340698242
4,0,213,64.0,4.473271369934082,4.472282886505127,-0.0009884834289550781
4,0,214,214.0,3.5177533626556396,3.5127973556518555,-0.00495600700378418
4,0,215,42.0,4.581282615661621,4.595705986022949,0.014423370361328125
4,0,216,85.0,4.406545639038086,4.418501853942871,0.011956214904785156
4,0,217,45.0,4.909335136413574,4.923294544219971,0.013959407806396484
4,0,218,96.0,4.346060276031494,4.3351969718933105,-0.010863304138183594
4,0,219,40.0,3.466945171356201,3.4725048542022705,0.005559682846069336
4,0,220,66.0,4.6993865966796875,4.698686599731445,-0.0006999969482421875
4,0,221,262.0,3.4376049041748047,3.434603452682495,-0.0030014514923095703
4,0,222,32.0,4.6173553466796875,4.6023430824279785,-0.015012264251708984
4,0,223,33.0,4.931256294250488,4.94030237197876,0.009046077728271484
4,0,224,139.0,2.1582767963409424,2.1572163105010986,-0.00106048583984375
4,0,225,84.0,4.020323753356934,4.007236480712891,-0.013087272644042969
4,0,226,46.0,3.709413528442383,3.732738971710205,0.023325443267822266
4,0,227,121.0,4.181075572967529,4.176821231842041,-0.004254341125488281
4,0,228,67.0,3.140568971633911,3.14534330368042,0.004774332046508789
4,0,229,187.0,3.8881711959838867,3.886029005050659,-0.002142190933227539
4,0,230,40.0,4.873936176300049,4.872457981109619,-0.0014781951904296875
4,0,231,91.0,3.998016119003296,4.004680156707764,0.0066640377044677734
4,0,232,52.0,4.4449782371521,4.45621919631958,0.011240959167480469
4,0,233,49.0,4.133476257324219,4.12741231918335,-0.006063938140869141
4,0,234,261.0,3.079342842102051,3.078226089477539,-0.0011167526245117188
4,0,235,59.0,4.072587490081787,4.070645332336426,-0.0019421577453613281
4,0,236,132.0,4.054989814758301,4.048494815826416,-0.006494998931884766
4,0,237,136.0,3.4520623683929443,3.4583394527435303,0.0062770843505859375
4,0,238,210.0,3.7005720138549805,3.701354503631592,0.0007824897766113281
4,0,239,258.0,3.6856272220611572,3.6796205043792725,-0.006006717681884766
4,0,240,203.0,3.5238258838653564,3.522533655166626,-0.0012922286987304688
4,0,241,198.0,3.3618428707122803,3.3627593517303467,0.0009164810180664062
4,0,242,85.0,3.468600034713745,3.4625840187072754,-0.0060160160064697266
4,0,243,85.0,2.1469109058380127,2.1479976177215576,0.0010867118835449219
4,0,244,93.0,4.847414970397949,4.842564582824707,-0.0048503875732421875
4,0,245,68.0,4.8312296867370605,4.830358982086182,-0.0008707046508789062
4,0,246,58.0,4.302565574645996,4.3077006340026855,0.005135059356689453
4,0,247,187.0,3.1594748497009277,3.1625614166259766,0.003086566925048828
4,0,248,64.0,2.745805263519287,2.7481558322906494,0.0023505687713623047
4,0,249,100.0,3.3120670318603516,3.3027281761169434,-0.009338855743408203
4,0,250,151.0,3.886031150817871,3.8880198001861572,0.001988649368286133
4,0,251,174.0,3.292135715484619,3.2946853637695312,0.0025496482849121094
4,0,252,126.0,4.651801109313965,4.657538414001465,0.0057373046875
4,0,253,99.0,3.699761390686035,3.6896286010742188,-0.010132789611816406
4,0,254,107.0,4.576633453369141,4.588103294372559,0.011469841003417969
4,0,255,116.0,3.825943946838379,3.8275914192199707,0.0016474723815917969
4,1,0,196.0,3.98167085647583,3.995368242263794,0.013697385787963867
4,1,1,127.0,3.705084800720215,3.70064640045166,-0.0044384002685546875
4,1,2,162.0,2.4317469596862793,2.4442975521087646,0.012550592422485352
4,1,3,92.0,5.154407501220703,5.140390872955322,-0.01401662826538086
4,1,4,194.0,3.7261335849761963,3.7296509742736816,0.0035173892974853516
4,1,5,115.0,3.4317781925201416,3.4304490089416504,-0.001329183578491211
4,1,6,109.0,4.611254692077637,4.591119766235352,-0.020134925842285156
4,1,7,48.0,3.824559450149536,3.8211162090301514,-0.0034432411193847656
4,1,8,69.0,4.333216190338135,4.338284492492676,0.005068302154541016
4,1,9,85.0,3.4889185428619385,3.507023811340332,0.018105268478393555
4,1,10,238.0,3.337062358856201,3.342057943344116,0.004995584487915039
4,1,11,233.0,3.013906478881836,3.0210773944854736,0.007170915603637695
4,1,12,208.0,3.644038200378418,3.642244577407837,-0.0017936229705810547
4,1,13,196.0,3.302739381790161,3.3033363819122314,0.0005970001220703125
4,1,14,131.0,3.989900827407837,3.974130392074585,-0.015770435333251953
4,1,15,125.0,3.2012383937835693,3.219179391860962,0.017940998077392578
4,1,16,61.0,4.757500171661377,4.779090881347656,0.021590709686279297
4,1,17,164.0,2.6241273880004883,2.6246414184570312,0.0005140304565429688
4,1,18,107.0,3.8216171264648438,3.8083114624023438,-0.0133056640625
4,1,19,48.0,4.036356449127197,4.038838863372803,0.0024824142456054688
4,1,20,74.0,2.6907341480255127,2.6741855144500732,-0.016548633575439453
4,1,21,103.0,2.9307749271392822,2.936343193054199,0.005568265914916992
4,1,22,114.0,3.8854269981384277,3.8777246475219727,-0.007702350616455078
4,1,23,50.0,6.480540752410889,6.485168933868408,0.004628181457519531
4,1,24,281.0,3.1489627361297607,3.1583728790283203,0.00941014289855957
4,1,25,247.0,2.5188822746276855,2.513136625289917,-0.005745649337768555
4,1,26,173.0,4.413876056671143,4.414761543273926,0.0008854866027832031
4,1,27,166.0,3.707796812057495,3.6872220039367676,-0.02057480812072754
4,1,28,98.0,3.151510238647461,3.142056941986084,-0.009453296661376953
4,1,29,174.0,3.586359739303589,3.587700843811035,0.001341104507446289
4,1,30,173.0,3.190525531768799,3.199937105178833,0.00941157341003418
4,1,31,215.0,4.340093612670898,4.330542087554932,-0.009551525115966797
4,1,32,186.0,3.4789488315582275,3.479702949523926,0.0007541179656982422
4,1,33,153.0,2.9326295852661133,2.926307439804077,-0.006322145462036133
4,1,34,147.0,4.1311798095703125,4.1222662925720215,-0.008913516998291016
4,1,35,50.0,4.620577812194824,4.649260997772217,0.028683185577392578
4,1,36,86.0,3.942690134048462,3.9654147624969482,0.022724628448486328
4,1,37,154.0,4.250033378601074,4.244834899902344,-0.005198478698730469
4,1,38,265.0,2.933018684387207,2.923882007598877,-0.009136676788330078
4,1,39,199.0,3.941709518432617,3.9413840770721436,-0.0003254413604736328
4,1,40,138.0,4.430899620056152,4.418175220489502,-0.01272439956665039
4,1,41,98.0,4.048152923583984,4.035243511199951,-0.012909412384033203
4,1,42,167.0,2.98820424079895,2.9920456409454346,0.003841400146484375
4,1,43,288.0,4.51556396484375,4.507328033447266,-0.008235931396484375
4,1,44,225.0,3.134540557861328,3.13169264793396,-0.002847909927368164
4,1,45,191.0,3.475728988647461,3.4669642448425293,-0.00876474380493164
4,1,46,92.0,5.071820259094238,5.072281837463379,0.000461578369140625
4,1,47,41.0,5.766663551330566,5.794802188873291,0.02813863754272461
4,1,48,231.0,3.4077651500701904,3.404494047164917,-0.0032711029052734375
4,1,49,101.0,2.9521121978759766,2.9552314281463623,0.003119230270385742
4,1,50,177.0,3.6662821769714355,3.6743452548980713,0.008063077926635742
4,1,51,252.0,4.05861759185791,4.049605369567871,-0.009012222290039062
4,1,52,259.0,3.3747026920318604,3.37675142288208,0.0020487308502197266
4,1,53,47.0,4.065746307373047,4.05208158493042,-0.013664722442626953
4,1,54,164.0,2.495858669281006,2.5049002170562744,0.009041547775268555
4,1,55,94.0,4.066493034362793,4.061492443084717,-0.005000591278076172
4,1,56,103.0,4.11627721786499,4.1129679679870605,-0.0033092498779296875
4,1,57,78.0,3.913255453109741,3.9047045707702637,-0.008550882339477539
4,1,58,239.0,3.692802906036377,3.691270351409912,-0.0015325546264648438
4,1,59,271.0,4.881155014038086,4.879769325256348,-0.0013856887817382812
4,1,60,162.0,3.3450679779052734,3.3437790870666504,-0.0012888908386230469
4,1,61,179.0,3.870093584060669,3.873164176940918,0.0030705928802490234
4,1,62,218.0,3.1762454509735107,3.172398567199707,-0.003846883773803711
4,1,63,81.0,3.809858798980713,3.8022689819335938,-0.007589817047119141
4,1,64,93.0,4.687077522277832,4.677435874938965,-0.009641647338867188
4,1,65,72.0,4.558295249938965,4.5498881340026855,-0.008407115936279297
4,1,66,230.0,3.737887382507324,3.731703281402588,-0.006184101104736328
4,1,67,99.0,3.1625142097473145,3.170316457748413,0.007802248001098633
4,1,68,213.0,3.218388557434082,3.2218880653381348,0.0034995079040527344
4,1,69,119.0,3.072978973388672,3.06467604637146,-0.008302927017211914
4,1,70,161.0,3.529710531234741,3.528637170791626,-0.0010733604431152344
4,1,71,90.0,4.394758224487305,4.405047416687012,0.010289192199707031
4,1,72,181.0,3.6989989280700684,3.7044904232025146,0.005491495132446289
4,1,73,95.0,4.745315074920654,4.745189666748047,-0.00012540817260742188
4,1,74,245.0,2.801177740097046,2.7994141578674316,-0.0017635822296142578
4,1,75,93.0,2.319314956665039,2.3191399574279785,-0.00017499923706054688
4,1,76,225.0,3.1077821254730225,3.0975868701934814,-0.010195255279541016
4,1,77,61.0,4.027099132537842,4.011444568634033,-0.015654563903808594
4,1,78,257.0,4.246406078338623,4.245513439178467,-0.00089263916015625
4,1,79,165.0,3.7203760147094727,3.7155568599700928,-0.004819154739379883
4,1,80,117.0,4.752804279327393,4.744561195373535,-0.008243083953857422
4,1,81,89.0,4.279232025146484,4.289633750915527,0.010401725769042969
4,1,82,291.0,4.08609676361084,4.076232433319092,-0.009864330291748047
4,1,83,93.0,4.042176723480225,4.002875328063965,-0.039301395416259766
4,1,84,228.0,2.8949825763702393,2.896653652191162,0.0016710758209228516
4,1,85,131.0,3.406266927719116,3.399186611175537,-0.0070803165435791016
4,1,86,191.0,4.77057409286499,4.776447296142578,0.005873203277587891
4,1,87,238.0,5.341985702514648,5.342446327209473,0.00046062469482421875
4,1,88,210.0,3.7304000854492188,3.7177937030792236,-0.012606382369995117
4,1,89,107.0,4.658895492553711,4.661408424377441,0.0025129318237304688
4,1,90,217.0,3.256716728210449,3.2527196407318115,-0.003997087478637695
4,1,91,199.0,3.479922294616699,3.4859187602996826,0.0059964656829833984
4,1,92,84.0,2.9870519638061523,2.986142158508301,-0.0009098052978515625
4,1,93,271.0,4.167789459228516,4.170408725738525,0.0026192665100097656
4,1,94,226.0,3.797963857650757,3.786484718322754,-0.01147913932800293
4,1,95,258.0,4.302313327789307,4.319003582000732,0.01669025421142578
4,1,96,86.0,4.009377479553223,4.011937618255615,0.002560138702392578
4,1,97,142.0,4.886353492736816,4.880173206329346,-0.006180286407470703
4,1,98,42.0,4.73474645614624,4.7606306076049805,0.025884151458740234
4,1,99,224.0,3.053419828414917,3.059141159057617,0.005721330642700195
4,1,100,197.0,2.6848225593566895,2.6839311122894287,-0.0008914470672607422
4,1,101,85.0,3.080362558364868,3.108557939529419,0.02819538116455078
4,1,102,195.0,3.4633231163024902,3.4661808013916016,0.002857685089111328
4,1,103,102.0,4.20768404006958,4.215651988983154,0.007967948913574219
4,1,104,181.0,3.711848735809326,3.6992380619049072,-0.012610673904418945
4,1,105,72.0,2.723045587539673,2.7136967182159424,-0.009348869323730469
4,1,106,130.0,4.976626396179199,4.968142032623291,-0.008484363555908203
4,1,107,62.0,3.1819393634796143,3.191648006439209,0.009708642959594727
4,1,108,263.0,4.0605854988098145,4.0558953285217285,-0.0046901702880859375
4,1,109,194.0,3.1560444831848145,3.155510902404785,-0.0005335807800292969
4,1,110,174.0,3.211611032485962,3.2275333404541016,0.01592230796813965
4,1,111,235.0,4.168798446655273,4.164676189422607,-0.004122257232666016
4,1,112,143.0,4.279087066650391,4.254454135894775,-0.024632930755615234
4,1,113,117.0,4.890145778656006,4.873053073883057,-0.01709270477294922
4,1,114,160.0,4.253233909606934,4.2461724281311035,-0.007061481475830078
4,1,115,115.0,3.9266409873962402,3.908735513687134,-0.017905473709106445
4,1,116,120.0,3.8633739948272705,3.854682445526123,-0.008691549301147461
4,1,117,186.0,4.1213459968566895,4.114355087280273,-0.006990909576416016
4,1,118,138.0,3.296036958694458,3.289475202560425,-0.006561756134033203
4,1,119,80.0,3.554978847503662,3.5628249645233154,0.00784611701965332
4,1,120,164.0,3.3612916469573975,3.3602898120880127,-0.0010018348693847656
4,1,121,215.0,3.762061357498169,3.753005266189575,-0.00905609130859375
4,1,122,81.0,3.60632061958313,3.6041083335876465,-0.0022122859954833984
4,1,123,171.0,3.4178876876831055,3.426064968109131,0.00817728042602539
4,1,124,41.0,4.780884742736816,4.750528335571289,-0.030356407165527344
4,1,125,103.0,4.1708221435546875,4.176188945770264,0.005366802215576172
4,1,126,145.0,3.385586977005005,3.3987629413604736,0.01317596435546875
4,1,127,102.0,3.511989116668701,3.484266757965088,-0.02772235870361328
4,1,128,157.0,4.545989513397217,4.5423150062561035,-0.0036745071411132812
4,1,129,161.0,3.612820625305176,3.61086368560791,-0.001956939697265625
4,1,130,248.0,3.595446825027466,3.591966390609741,-0.0034804344177246094
4,1,131,240.0,4.314742088317871,4.325747489929199,0.011005401611328125
4,1,132,284.0,3.515221118927002,3.51077938079834,-0.004441738128662109
4,1,133,105.0,5.547122001647949,5.545094966888428,-0.0020270347595214844
4,1,134,72.0,3.6292827129364014,3.636571168899536,0.007288455963134766
4,1,135,86.0,3.9638190269470215,3.9697186946868896,0.005899667739868164
4,1,136,120.0,3.225938320159912,3.2357423305511475,0.009804010391235352
4,1,137,64.0,3.684243679046631,3.7020750045776367,0.01783132553100586
4,1,138,220.0,2.8231959342956543,2.832904100418091,0.009708166122436523
4,1,139,92.0,2.984248638153076,2.963388204574585,-0.02086043357849121
4,1,140,180.0,3.4170660972595215,3.42179799079895,0.004731893539428711
4,1,141,95.0,3.5693070888519287,3.5632755756378174,-0.006031513214111328
4,1,142,72.0,5.436267852783203,5.418113708496094,-0.018154144287109375
4,1,143,152.0,4.664964199066162,4.668888092041016,0.003923892974853516
4,1,144,170.0,3.2575697898864746,3.2542078495025635,-0.003361940383911133
4,1,145,56.0,4.233151912689209,4.255179405212402,0.02202749252319336
4,1,146,174.0,3.632305860519409,3.6321773529052734,-0.0001285076141357422
4,1,147,191.0,3.26232647895813,3.265545129776001,0.0032186508178710938
4,1,148,279.0,3.7231252193450928,3.7132904529571533,-0.009834766387939453
4,1,149,98.0,3.6501717567443848,3.6502187252044678,4.696846008300781e-05
4,1,150,50.0,3.987290143966675,3.957477331161499,-0.02981281280517578
4,1,151,61.0,3.207566976547241,3.2313272953033447,0.023760318756103516
4,1,152,208.0,2.833768367767334,2.843170642852783,0.009402275085449219
4,1,153,124.0,3.7818057537078857,3.7834606170654297,0.0016548633575439453
4,1,154,128.0,3.3032331466674805,3.3135364055633545,0.010303258895874023
4,1,155,250.0,4.603071212768555,4.606657028198242,0.0035858154296875
4,1,156,239.0,2.621934175491333,2.624479055404663,0.002544879913330078
4,1,157,164.0,2.8648641109466553,2.866518259048462,0.0016541481018066406
4,1,158,42.0,4.671477317810059,4.6728997230529785,0.0014224052429199219
4,1,159,200.0,4.007006645202637,4.013322353363037,0.006315708160400391
4,1,160,209.0,3.638150215148926,3.6466994285583496,0.008549213409423828
4,1,161,206.0,3.6040756702423096,3.600890636444092,-0.0031850337982177734
4,1,162,139.0,4.383498191833496,4.388639450073242,0.005141258239746094
4,1,163,76.0,3.7987864017486572,3.7915380001068115,-0.007248401641845703
4,1,164,232.0,3.892338275909424,3.894912004470825,0.002573728561401367
4,1,165,235.0,3.9155564308166504,3.9123451709747314,-0.0032112598419189453
4,1,166,49.0,4.228317737579346,4.264760971069336,0.036443233489990234
4,1,167,138.0,3.473930835723877,3.4661524295806885,-0.0077784061431884766
4,1,168,60.0,3.808337450027466,3.8371200561523438,0.02878260612487793
4,1,169,146.0,4.041977882385254,4.053256988525391,0.011279106140136719
4,1,170,57.0,4.420210838317871,4.414336204528809,-0.0058746337890625
4,1,171,135.0,3.909317970275879,3.8983678817749023,-0.010950088500976562
4,1,172,113.0,3.19097638130188,3.189516305923462,-0.0014600753784179688
4,1,173,208.0,4.171577453613281,4.171638011932373,6.0558319091796875e-05
4,1,174,195.0,2.116305112838745,2.1173813343048096,0.0010762214660644531
4,1,175,137.0,3.9520905017852783,3.941242218017578,-0.010848283767700195
4,1,176,91.0,4.97736120223999,4.967629432678223,-0.009731769561767578
4,1,177,66.0,3.994100332260132,3.987837791442871,-0.006262540817260742
4,1,178,173.0,3.3507070541381836,3.346904754638672,-0.0038022994995117188
4,1,179,89.0,5.353647708892822,5.3717546463012695,0.018106937408447266
4,1,180,231.0,3.6613731384277344,3.6609742641448975,-0.00039887428283691406
4,1,181,71.0,5.397938251495361,5.395979881286621,-0.0019583702087402344
4,1,182,98.0,3.963383674621582,3.9600777626037598,-0.0033059120178222656
4,1,183,215.0,1.998246431350708,1.9916154146194458,-0.006631016731262207
4,1,184,159.0,4.383580684661865,4.3785223960876465,-0.00505828857421875
4,1,185,86.0,3.697986602783203,3.6884357929229736,-0.009550809860229492
4,1,186,92.0,3.4445607662200928,3.454359531402588,0.009798765182495117
4,1,187,51.0,5.179178714752197,5.167629241943359,-0.01154947280883789
4,1,188,86.0,4.734201908111572,4.750007629394531,0.015805721282958984
4,1,189,132.0,3.6938047409057617,3.692469358444214,-0.0013353824615478516
4,1,190,214.0,3.9561617374420166,3.956190347671509,2.86102294921875e-05
4,1,191,139.0,4.121965408325195,4.13163423538208,0.009668827056884766
4,1,192,89.0,3.4952480792999268,3.498030424118042,0.0027823448181152344
4,1,193,102.0,4.782958507537842,4.775743007659912,-0.0072154998779296875
4,1,194,156.0,2.6015143394470215,2.5862817764282227,-0.015232563018798828
4,1,195,87.0,3.839608669281006,3.8559532165527344,0.016344547271728516
4,1,196,175.0,3.2536110877990723,3.2375543117523193,-0.01605677604675293
4,1,197,136.0,2.3385791778564453,2.3428986072540283,0.004319429397583008
4,1,198,54.0,3.781459093093872,3.77036714553833,-0.011091947555541992
4,1,199,71.0,4.556375980377197,4.539837837219238,-0.016538143157958984
4,1,200,43.0,4.562034606933594,4.571891784667969,0.009857177734375
4,1,201,200.0,3.3231818675994873,3.331888437271118,0.00870656967163086
4,1,202,60.0,3.5167155265808105,3.521707057952881,0.0049915313720703125
4,1,203,220.0,3.437206983566284,3.4252262115478516,-0.011980772018432617
4,1,204,160.0,4.1729278564453125,4.182798862457275,0.00987100601196289
4,1,205,46.0,3.025144100189209,3.0359957218170166,0.010851621627807617
4,1,206,189.0,3.507356882095337,3.510946035385132,0.003589153289794922
4,1,207,69.0,4.68245792388916,4.687212944030762,0.0047550201416015625
4,1,208,164.0,2.968637228012085,2.958557605743408,-0.010079622268676758
4,1,209,121.0,3.6657907962799072,3.668118953704834,0.002328157424926758
4,1,210,453.0,5.465768337249756,5.468242645263672,0.0024743080139160156
4,1,211,167.0,3.817554473876953,3.813080310821533,-0.004474163055419922
4,1,212,79.0,3.6519949436187744,3.65958309173584,0.00758814811706543
4,1,213,64.0,4.473271369934082,4.460820198059082,-0.012451171875
4,1,214,214.0,3.5177533626556396,3.514845132827759,-0.0029082298278808594
4,1,215,42.0,4.581282615661621,4.599922180175781,0.018639564514160156
4,1,216,85.0,4.406545639038086,4.405416488647461,-0.001129150390625
4,1,217,45.0,4.909335136413574,4.905500411987305,-0.0038347244262695312
4,1,218,96.0,4.346060276031494,4.349181652069092,0.0031213760375976562
4,1,219,40.0,3.466945171356201,3.4725399017333984,0.005594730377197266
4,1,220,66.0,4.6993865966796875,4.687246322631836,-0.012140274047851562
4,1,221,262.0,3.4376049041748047,3.43593430519104,-0.0016705989837646484
4,1,222,32.0,4.6173553466796875,4.582828998565674,-0.03452634811401367
4,1,223,33.0,4.931256294250488,4.961853504180908,0.030597209930419922
4,1,224,139.0,2.1582767963409424,2.1610376834869385,0.0027608871459960938
4,1,225,84.0,4.020323753356934,4.028327941894531,0.008004188537597656
4,1,226,46.0,3.709413528442383,3.7325408458709717,0.023127317428588867
4,1,227,121.0,4.181075572967529,4.177987098693848,-0.0030884742736816406
4,1,228,67.0,3.140568971633911,3.150261402130127,0.00969243049621582
4,1,229,187.0,3.8881711959838867,3.8869051933288574,-0.0012660026550292969
4,1,230,40.0,4.873936176300049,4.875131607055664,0.0011954307556152344
4,1,231,91.0,3.998016119003296,4.014094352722168,0.01607823371887207
4,1,232,52.0,4.4449782371521,4.442997455596924,-0.0019807815551757812
4,1,233,49.0,4.133476257324219,4.105083465576172,-0.028392791748046875
4,1,234,261.0,3.079342842102051,3.0705127716064453,-0.008830070495605469
4,1,235,59.0,4.072587490081787,4.081764221191406,0.00917673110961914
4,1,236,132.0,4.054989814758301,4.06442928314209,0.009439468383789062
4,1,237,136.0,3.4520623683929443,3.4593958854675293,0.007333517074584961
4,1,238,210.0,3.7005720138549805,3.697044849395752,-0.0035271644592285156
4,1,239,258.0,3.6856272220611572,3.6887831687927246,0.003155946731567383
4,1,240,203.0,3.5238258838653564,3.5291991233825684,0.005373239517211914
4,1,241,198.0,3.3618428707122803,3.3676540851593018,0.005811214447021484
4,1,242,85.0,3.468600034713745,3.4613022804260254,-0.0072977542877197266
4,1,243,85.0,2.1469109058380127,2.134397268295288,-0.01251363754272461
4,1,244,93.0,4.847414970397949,4.83504581451416,-0.012369155883789062
4,1,245,68.0,4.8312296867370605,4.832742214202881,0.0015125274658203125
4,1,246,58.0,4.302565574645996,4.2896809577941895,-0.01288461685180664
4,1,247,187.0,3.1594748497009277,3.1360809803009033,-0.023393869400024414
4,1,248,64.0,2.745805263519287,2.7462451457977295,0.0004398822784423828
4,1,249,100.0,3.3120670318603516,3.3216025829315186,0.009535551071166992
4,1,250,151.0,3.886031150817871,3.885439872741699,-0.000591278076171875
4,1,251,174.0,3.292135715484619,3.2801947593688965,-0.011940956115722656
4,1,252,126.0,4.651801109313965,4.658850193023682,0.007049083709716797
4,1,253,99.0,3.699761390686035,3.6805405616760254,-0.019220829010009766
4,1,254,107.0,4.576633453369141,4.594178199768066,0.01754474639892578
4,1,255,116.0,3.825943946838379,3.813767433166504,-0.012176513671875
4,2,0,196.0,3.98167085647583,3.9798696041107178,-0.0018012523651123047
4,2,1,127.0,3.705084800720215,3.710655689239502,0.005570888519287109
4,2,2,162.0,2.4317469596862793,2.4379053115844727,0.006158351898193359
4,2,3,92.0,5.154407501220703,5.163128852844238,0.008721351623535156
4,2,4,194.0,3.7261335849761963,3.727666139602661,0.0015325546264648438
4,2,5,115.0,3.4317781925201416,3.423450231552124,-0.008327960968017578
4,2,6,109.0,4.611254692077637,4.61094331741333,-0.0003113746643066406
4,2,7,48.0,3.824559450149536,3.8333311080932617,0.008771657943725586
4,2,8,69.0,4.333216190338135,4.335508346557617,0.002292156219482422
4,2,9,85.0,3.4889185428619385,3.4667811393737793,-0.02213740348815918
4,2,10,238.0,3.337062358856201,3.339487314224243,0.002424955368041992
4,2,11,233.0,3.013906478881836,3.0213334560394287,0.0074269771575927734
4,2,12,208.0,3.644038200378418,3.6364059448242188,-0.007632255554199219
4,2,13,196.0,3.302739381790161,3.307090997695923,0.004351615905761719
4,2,14,131.0,3.989900827407837,3.983757257461548,-0.0061435699462890625
4,2,15,125.0,3.2012383937835693,3.205334424972534,0.004096031188964844
4,2,16,61.0,4.757500171661377,4.763363361358643,0.005863189697265625
4,2,17,164.0,2.6241273880004883,2.6224043369293213,-0.0017230510711669922
4,2,18,107.0,3.8216171264648438,3.814730644226074,-0.006886482238769531
4,2,19,48.0,4.036356449127197,4.032693386077881,-0.0036630630493164062
4,2,20,74.0,2.6907341480255127,2.6886603832244873,-0.0020737648010253906
4,2,21,103.0,2.9307749271392822,2.9406394958496094,0.009864568710327148
4,2,22,114.0,3.8854269981384277,3.8870790004730225,0.0016520023345947266
4,2,23,50.0,6.480540752410889,6.4907331466674805,0.010192394256591797
4,2,24,281.0,3.1489627361297607,3.144390106201172,-0.004572629928588867
4,2,25,247.0,2.5188822746276855,2.516347646713257,-0.002534627914428711
4,2,26,173.0,4.413876056671143,4.4178690910339355,0.003993034362792969
4,2,27,166.0,3.707796812057495,3.712618112564087,0.004821300506591797
4,2,28,98.0,3.151510238647461,3.150219678878784,-0.0012905597686767578
4,2,29,174.0,3.586359739303589,3.5876801013946533,0.0013203620910644531
4,2,30,173.0,3.190525531768799,3.202803134918213,0.012277603149414062
4,2,31,215.0,4.340093612670898,4.3324079513549805,-0.007685661315917969
4,2,32,186.0,3.4789488315582275,3.4762139320373535,-0.0027348995208740234
4,2,33,153.0,2.9326295852661133,2.9437761306762695,0.01114654541015625
4,2,34,147.0,4.1311798095703125,4.125912189483643,-0.005267620086669922
4,2,35,50.0,4.620577812194824,4.641207218170166,0.020629405975341797
4,2,36,86.0,3.942690134048462,3.9772069454193115,0.03451681137084961
4,2,37,154.0,4.250033378601074,4.251132488250732,0.0010991096496582031
4,2,38,265.0,2.933018684387207,2.936288595199585,0.0032699108123779297
4,2,39,199.0,3.941709518432617,3.941542387008667,-0.0001671314239501953
4,2,40,138.0,4.430899620056152,4.422171115875244,-0.008728504180908203
4,2,41,98.0,4.048152923583984,4.05508279800415,0.006929874420166016
4,2,42,167.0,2.98820424079895,2.994321346282959,0.006117105484008789
4,2,43,288.0,4.51556396484375,4.512346267700195,-0.0032176971435546875
4,2,44,225.0,3.134540557861328,3.1335604190826416,-0.0009801387786865234
4,2,45,191.0,3.475728988647461,3.4721217155456543,-0.0036072731018066406
4,2,46,92.0,5.071820259094238,5.077901363372803,0.006081104278564453
4,2,47,41.0,5.766663551330566,5.4380106925964355,-0.32865285873413086
4,2,48,231.0,3.4077651500701904,3.4083380699157715,0.0005729198455810547
4,2,49,101.0,2.9521121978759766,2.9559884071350098,0.003876209259033203
4,2,50,177.0,3.6662821769714355,3.672360420227051,0.006078243255615234
4,2,51,252.0,4.05861759185791,4.073332786560059,0.014715194702148438
4,2,52,259.0,3.3747026920318604,3.3814470767974854,0.006744384765625
4,2,53,47.0,4.065746307373047,4.066141605377197,0.0003952980041503906
4,2,54,164.0,2.495858669281006,2.5013322830200195,0.005473613739013672
4,2,55,94.0,4.066493034362793,4.054717540740967,-0.011775493621826172
4,2,56,103.0,4.11627721786499,4.109068870544434,-0.007208347320556641
4,2,57,78.0,3.913255453109741,3.9377448558807373,0.024489402770996094
4,2,58,239.0,3.692802906036377,3.68861985206604,-0.004183053970336914
4,2,59,271.0,4.881155014038086,4.879491806030273,-0.0016632080078125
4,2,60,162.0,3.3450679779052734,3.348356246948242,0.00328826904296875
4,2,61,179.0,3.870093584060669,3.8731846809387207,0.003091096878051758
4,2,62,218.0,3.1762454509735107,3.179983615875244,0.0037381649017333984
4,2,63,81.0,3.809858798980713,3.807767868041992,-0.002090930938720703
4,2,64,93.0,4.687077522277832,4.686656475067139,-0.0004210472106933594
4,2,65,72.0,4.558295249938965,4.548938274383545,-0.009356975555419922
4,2,66,230.0,3.737887382507324,3.7269742488861084,-0.01091313362121582
4,2,67,99.0,3.1625142097473145,3.1588752269744873,-0.0036389827728271484
4,2,68,213.0,3.218388557434082,3.2234089374542236,0.0050203800201416016
4,2,69,119.0,3.072978973388672,3.0612194538116455,-0.011759519577026367
4,2,70,161.0,3.529710531234741,3.5241334438323975,-0.00557708740234375
4,2,71,90.0,4.394758224487305,4.406046390533447,0.011288166046142578
4,2,72,181.0,3.6989989280700684,3.7000033855438232,0.0010044574737548828
4,2,73,95.0,4.745315074920654,4.741205215454102,-0.004109859466552734
4,2,74,245.0,2.801177740097046,2.794527292251587,-0.006650447845458984
4,2,75,93.0,2.319314956665039,2.3218557834625244,0.0025408267974853516
4,2,76,225.0,3.1077821254730225,3.1162588596343994,0.008476734161376953
4,2,77,61.0,4.027099132537842,4.021761894226074,-0.005337238311767578
4,2,78,257.0,4.246406078338623,4.243732929229736,-0.0026731491088867188
4,2,79,165.0,3.7203760147094727,3.7073872089385986,-0.012988805770874023
4,2,80,117.0,4.752804279327393,4.748968601226807,-0.0038356781005859375
4,2,81,89.0,4.279232025146484,4.278031826019287,-0.0012001991271972656
4,2,82,291.0,4.08609676361084,4.084746360778809,-0.00135040283203125
4,2,83,93.0,4.042176723480225,4.050322532653809,0.008145809173583984
4,2,84,228.0,2.8949825763702393,2.8909354209899902,-0.0040471553802490234
4,2,85,131.0,3.406266927719116,3.411545753479004,0.005278825759887695
4,2,86,191.0,4.77057409286499,4.773190021514893,0.0026159286499023438
4,2,87,238.0,5.341985702514648,5.346831321716309,0.004845619201660156
4,2,88,210.0,3.7304000854492188,3.731415033340454,0.0010149478912353516
4,2,89,107.0,4.658895492553711,4.673641681671143,0.01474618911743164
4,2,90,217.0,3.256716728210449,3.254578113555908,-0.0021386146545410156
4,2,91,199.0,3.479922294616699,3.480682134628296,0.0007598400115966797
4,2,92,84.0,2.9870519638061523,2.9882030487060547,0.0011510848999023438
4,2,93,271.0,4.167789459228516,4.16720724105835,-0.0005822181701660156
4,2,94,226.0,3.797963857650757,3.7969720363616943,-0.0009918212890625
4,2,95,258.0,4.302313327789307,4.3035149574279785,0.001201629638671875
4,2,96,86.0,4.009377479553223,4.0157365798950195,0.006359100341796875
4,2,97,142.0,4.886353492736816,4.881941318511963,-0.004412174224853516
4,2,98,42.0,4.73474645614624,4.750766754150391,0.01602029800415039
4,2,99,224.0,3.053419828414917,3.048896074295044,-0.004523754119873047
4,2,100,197.0,2.6848225593566895,2.684142827987671,-0.0006797313690185547
4,2,101,85.0,3.080362558364868,3.070709228515625,-0.009653329849243164
4,2,102,195.0,3.4633231163024902,3.4635236263275146,0.00020051002502441406
4,2,103,102.0,4.20768404006958,4.223456382751465,0.015772342681884766
4,2,104,181.0,3.711848735809326,3.7115957736968994,-0.0002529621124267578
4,2,105,72.0,2.723045587539673,2.7298238277435303,0.006778240203857422
4,2,106,130.0,4.976626396179199,4.986812591552734,0.010186195373535156
4,2,107,62.0,3.1819393634796143,3.1796042919158936,-0.002335071563720703
4,2,108,263.0,4.0605854988098145,4.056466102600098,-0.004119396209716797
4,2,109,194.0,3.1560444831848145,3.150578737258911,-0.00546574592590332
4,2,110,174.0,3.211611032485962,3.222353458404541,0.010742425918579102
4,2,111,235.0,4.168798446655273,4.166337490081787,-0.002460956573486328
4,2,112,143.0,4.279087066650391,4.280482769012451,0.0013957023620605469
4,2,113,117.0,4.890145778656006,4.889297008514404,-0.0008487701416015625
4,2,114,160.0,4.253233909606934,4.25476598739624,0.0015320777893066406
4,2,115,115.0,3.9266409873962402,3.9222586154937744,-0.00438237190246582
4,2,116,120.0,3.8633739948272705,3.8517189025878906,-0.011655092239379883
4,2,117,186.0,4.1213459968566895,4.118010997772217,-0.0033349990844726562
4,2,118,138.0,3.296036958694458,3.295823812484741,-0.00021314620971679688
4,2,119,80.0,3.554978847503662,3.521432876586914,-0.03354597091674805
4,2,120,164.0,3.3612916469573975,3.3451504707336426,-0.016141176223754883
4,2,121,215.0,3.762061357498169,3.7632174491882324,0.0011560916900634766
4,2,122,81.0,3.60632061958313,3.5972750186920166,-0.009045600891113281
4,2,123,171.0,3.4178876876831055,3.4186177253723145,0.0007300376892089844
4,2,124,41.0,4.780884742736816,4.789687633514404,0.00880289077758789
4,2,125,103.0,4.1708221435546875,4.1735734939575195,0.0027513504028320312
4,2,126,145.0,3.385586977005005,3.3825647830963135,-0.0030221939086914062
4,2,127,102.0,3.511989116668701,3.502018928527832,-0.00997018814086914
4,2,128,157.0,4.545989513397217,4.54334831237793,-0.0026412010192871094
4,2,129,161.0,3.612820625305176,3.611193895339966,-0.001626729965209961
4,2,130,248.0,3.595446825027466,3.6056675910949707,0.010220766067504883
4,2,131,240.0,4.314742088317871,4.3180251121521,0.0032830238342285156
4,2,132,284.0,3.515221118927002,3.512585401535034,-0.0026357173919677734
4,2,133,105.0,5.547122001647949,5.551621913909912,0.004499912261962891
4,2,134,72.0,3.6292827129364014,3.62640643119812,-0.00287628173828125
4,2,135,86.0,3.9638190269470215,3.972264528274536,0.008445501327514648
4,2,136,120.0,3.225938320159912,3.238387107849121,0.012448787689208984
4,2,137,64.0,3.684243679046631,3.6926255226135254,0.008381843566894531
4,2,138,220.0,2.8231959342956543,2.8265998363494873,0.003403902053833008
4,2,139,92.0,2.984248638153076,2.9760639667510986,-0.008184671401977539
4,2,140,180.0,3.4170660972595215,3.4325575828552246,0.015491485595703125
4,2,141,95.0,3.5693070888519287,3.564544677734375,-0.004762411117553711
4,2,142,72.0,5.436267852783203,5.43140172958374,-0.004866123199462891
4,2,143,152.0,4.664964199066162,4.678616046905518,0.013651847839355469
4,2,144,170.0,3.2575697898864746,3.2611658573150635,0.003596067428588867
4,2,145,56.0,4.233151912689209,4.231961250305176,-0.0011906623840332031
4,2,146,174.0,3.632305860519409,3.6301937103271484,-0.002112150192260742
4,2,147,191.0,3.26232647895813,3.2667806148529053,0.004454135894775391
4,2,148,279.0,3.7231252193450928,3.7167229652404785,-0.006402254104614258
4,2,149,98.0,3.6501717567443848,3.660308837890625,0.010137081146240234
4,2,150,50.0,3.987290143966675,3.9809093475341797,-0.006380796432495117
4,2,151,61.0,3.207566976547241,3.2140848636627197,0.006517887115478516
4,2,152,208.0,2.833768367767334,2.827183723449707,-0.006584644317626953
4,2,153,124.0,3.7818057537078857,3.782975673675537,0.0011699199676513672
4,2,154,128.0,3.3032331466674805,3.3004350662231445,-0.0027980804443359375
4,2,155,250.0,4.603071212768555,4.605349063873291,0.002277851104736328
4,2,156,239.0,2.621934175491333,2.613774299621582,-0.008159875869750977
4,2,157,164.0,2.8648641109466553,2.86775803565979,0.0028939247131347656
4,2,158,42.0,4.671477317810059,4.6696977615356445,-0.0017795562744140625
4,2,159,200.0,4.007006645202637,4.016576766967773,0.009570121765136719
4,2,160,209.0,3.638150215148926,3.6396987438201904,0.0015485286712646484
4,2,161,206.0,3.6040756702423096,3.607818126678467,0.0037424564361572266
4,2,162,139.0,4.383498191833496,4.3849778175354,0.0014796257019042969
4,2,163,76.0,3.7987864017486572,3.8003435134887695,0.0015571117401123047
4,2,164,232.0,3.892338275909424,3.8992605209350586,0.006922245025634766
4,2,165,235.0,3.9155564308166504,3.914454221725464,-0.0011022090911865234
4,2,166,49.0,4.228317737579346,4.246990203857422,0.018672466278076172
4,2,167,138.0,3.473930835723877,3.47094988822937,-0.002980947494506836
4,2,168,60.0,3.808337450027466,3.7941229343414307,-0.014214515686035156
4,2,169,146.0,4.041977882385254,4.036935329437256,-0.005042552947998047
4,2,170,57.0,4.420210838317871,4.416548728942871,-0.003662109375
4,2,171,135.0,3.909317970275879,3.906820058822632,-0.0024979114532470703
4,2,172,113.0,3.19097638130188,3.176828622817993,-0.014147758483886719
4,2,173,208.0,4.171577453613281,4.179930686950684,0.008353233337402344
4,2,174,195.0,2.116305112838745,2.117849588394165,0.0015444755554199219
4,2,175,137.0,3.9520905017852783,3.9493987560272217,-0.0026917457580566406
4,2,176,91.0,4.97736120223999,4.984925746917725,0.007564544677734375
4,2,177,66.0,3.994100332260132,3.9893975257873535,-0.00470280647277832
4,2,178,173.0,3.3507070541381836,3.3530588150024414,0.0023517608642578125
4,2,179,89.0,5.353647708892822,5.3490800857543945,-0.004567623138427734
4,2,180,231.0,3.6613731384277344,3.663562297821045,0.002189159393310547
4,2,181,71.0,5.397938251495361,5.394378185272217,-0.0035600662231445312
4,2,182,98.0,3.963383674621582,3.96531343460083,0.0019297599792480469
4,2,183,215.0,1.998246431350708,1.9960500001907349,-0.0021964311599731445
4,2,184,159.0,4.383580684661865,4.381236553192139,-0.0023441314697265625
4,2,185,86.0,3.697986602783203,3.702080011367798,0.0040934085845947266
4,2,186,92.0,3.4445607662200928,3.4370436668395996,-0.007517099380493164
4,2,187,51.0,5.179178714752197,5.162430763244629,-0.01674795150756836
4,2,188,86.0,4.734201908111572,4.733436584472656,-0.0007653236389160156
4,2,189,132.0,3.6938047409057617,3.7015297412872314,0.0077250003814697266
4,2,190,214.0,3.9561617374420166,3.957655191421509,0.0014934539794921875
4,2,191,139.0,4.121965408325195,4.126328468322754,0.004363059997558594
4,2,192,89.0,3.4952480792999268,3.4971206188201904,0.0018725395202636719
4,2,193,102.0,4.782958507537842,4.783786773681641,0.0008282661437988281
4,2,194,156.0,2.6015143394470215,2.60833477973938,0.0068204402923583984
4,2,195,87.0,3.839608669281006,3.8376197814941406,-0.0019888877868652344
4,2,196,175.0,3.2536110877990723,3.2502989768981934,-0.0033121109008789062
4,2,197,136.0,2.3385791778564453,2.339240074157715,0.0006608963012695312
4,2,198,54.0,3.781459093093872,3.7731339931488037,-0.00832509994506836
4,2,199,71.0,4.556375980377197,4.5555033683776855,-0.0008726119995117188
4,2,200,43.0,4.562034606933594,4.566397666931152,0.004363059997558594
4,2,201,200.0,3.3231818675994873,3.327000379562378,0.003818511962890625
4,2,202,60.0,3.5167155265808105,3.514618396759033,-0.0020971298217773438
4,2,203,220.0,3.437206983566284,3.4433934688568115,0.006186485290527344
4,2,204,160.0,4.1729278564453125,4.173532009124756,0.0006041526794433594
4,2,205,46.0,3.025144100189209,3.035391092300415,0.010246992111206055
4,2,206,189.0,3.507356882095337,3.5019724369049072,-0.0053844451904296875
4,2,207,69.0,4.68245792388916,4.679068565368652,-0.0033893585205078125
4,2,208,164.0,2.968637228012085,2.9589438438415527,-0.009693384170532227
4,2,209,121.0,3.6657907962799072,3.6584198474884033,-0.007370948791503906
4,2,210,453.0,5.465768337249756,5.466460704803467,0.0006923675537109375
4,2,211,167.0,3.817554473876953,3.812509775161743,-0.005044698715209961
4,2,212,79.0,3.6519949436187744,3.6410329341888428,-0.01096200942993164
4,2,213,64.0,4.473271369934082,4.484245777130127,0.010974407196044922
4,2,214,214.0,3.5177533626556396,3.515994071960449,-0.0017592906951904297
4,2,215,42.0,4.581282615661621,4.568709373474121,-0.0125732421875
4,2,216,85.0,4.406545639038086,4.397312164306641,-0.009233474731445312
4,2,217,45.0,4.909335136413574,4.928647041320801,0.019311904907226562
4,2,218,96.0,4.346060276031494,4.350457668304443,0.004397392272949219
4,2,219,40.0,3.466945171356201,3.459855318069458,-0.007089853286743164
4,2,220,66.0,4.6993865966796875,4.69845724105835,-0.0009293556213378906
4,2,221,262.0,3.4376049041748047,3.437478542327881,-0.00012636184692382812
4,2,222,32.0,4.6173553466796875,4.622931003570557,0.005575656890869141
4,2,223,33.0,4.931256294250488,4.947619438171387,0.016363143920898438
4,2,224,139.0,2.1582767963409424,2.1610288619995117,0.002752065658569336
4,2,225,84.0,4.020323753356934,4.005130290985107,-0.015193462371826172
4,2,226,46.0,3.709413528442383,3.710693120956421,0.001279592514038086
4,2,227,121.0,4.181075572967529,4.18430757522583,0.0032320022583007812
4,2,228,67.0,3.140568971633911,3.1477222442626953,0.00715327262878418
4,2,229,187.0,3.8881711959838867,3.883192300796509,-0.00497889518737793
4,2,230,40.0,4.873936176300049,4.8636345863342285,-0.010301589965820312
4,2,231,91.0,3.998016119003296,3.99297833442688,-0.005037784576416016
4,2,232,52.0,4.4449782371521,4.447638988494873,0.0026607513427734375
4,2,233,49.0,4.133476257324219,4.149150848388672,0.015674591064453125
4,2,234,261.0,3.079342842102051,3.067497968673706,-0.011844873428344727
4,2,235,59.0,4.072587490081787,4.071163177490234,-0.0014243125915527344
4,2,236,132.0,4.054989814758301,4.05350399017334,-0.0014858245849609375
4,2,237,136.0,3.4520623683929443,3.457571506500244,0.005509138107299805
4,2,238,210.0,3.7005720138549805,3.6961827278137207,-0.004389286041259766
4,2,239,258.0,3.6856272220611572,3.682978868484497,-0.0026483535766601562
4,2,240,203.0,3.5238258838653564,3.5249900817871094,0.0011641979217529297
4,2,241,198.0,3.3618428707122803,3.365558624267578,0.0037157535552978516
4,2,242,85.0,3.468600034713745,3.4588096141815186,-0.009790420532226562
4,2,243,85.0,2.1469109058380127,2.144047737121582,-0.002863168716430664
4,2,244,93.0,4.847414970397949,4.8420634269714355,-0.005351543426513672
4,2,245,68.0,4.8312296867370605,4.8274664878845215,-0.0037631988525390625
4,2,246,58.0,4.302565574645996,4.313055992126465,0.01049041748046875
4,2,247,187.0,3.1594748497009277,3.159623861312866,0.00014901161193847656
4,2,248,64.0,2.745805263519287,2.744385004043579,-0.0014202594757080078
4,2,249,100.0,3.3120670318603516,3.3141610622406006,0.0020940303802490234
4,2,250,151.0,3.886031150817871,3.8781023025512695,-0.007928848266601562
4,2,251,174.0,3.292135715484619,3.302161455154419,0.010025739669799805
4,2,252,126.0,4.651801109313965,4.6533098220825195,0.0015087127685546875
4,2,253,99.0,3.699761390686035,3.695341110229492,-0.004420280456542969
4,2,254,107.0,4.576633453369141,4.592651844024658,0.016018390655517578
4,2,255,116.0,3.825943946838379,3.833486557006836,0.007542610168457031
4,3,0,196.0,3.98167085647583,3.985377311706543,0.0037064552307128906
4,3,1,127.0,3.705084800720215,3.7088329792022705,0.003748178482055664
4,3,2,162.0,2.4317469596862793,2.43347430229187,0.0017273426055908203
4,3,3,92.0,5.154407501220703,5.167658805847168,0.013251304626464844
4,3,4,194.0,3.7261335849761963,3.7288856506347656,0.002752065658569336
4,3,5,115.0,3.4317781925201416,3.4274892807006836,-0.004288911819458008
4,3,6,109.0,4.611254692077637,4.60404109954834,-0.007213592529296875
4,3,7,48.0,3.824559450149536,3.83154034614563,0.00698089599609375
4,3,8,69.0,4.333216190338135,4.330660343170166,-0.00255584716796875
4,3,9,85.0,3.4889185428619385,3.5139856338500977,0.02506709098815918
4,3,10,238.0,3.337062358856201,3.3387656211853027,0.0017032623291015625
4,3,11,233.0,3.013906478881836,3.0102245807647705,-0.0036818981170654297
4,3,12,208.0,3.644038200378418,3.643010139465332,-0.0010280609130859375
4,3,13,196.0,3.302739381790161,3.303776264190674,0.0010368824005126953
4,3,14,131.0,3.989900827407837,3.9841718673706055,-0.005728960037231445
4,3,15,125.0,3.2012383937835693,3.2118399143218994,0.010601520538330078
4,3,16,61.0,4.757500171661377,4.754481792449951,-0.0030183792114257812
4,3,17,164.0,2.6241273880004883,2.626840829849243,0.002713441848754883
4,3,18,107.0,3.8216171264648438,3.8228275775909424,0.0012104511260986328
4,3,19,48.0,4.036356449127197,4.025691509246826,-0.010664939880371094
4,3,20,74.0,2.6907341480255127,2.6840310096740723,-0.00670313835144043
4,3,21,103.0,2.9307749271392822,2.936375856399536,0.005600929260253906
4,3,22,114.0,3.8854269981384277,3.8864200115203857,0.0009930133819580078
4,3,23,50.0,6.480540752410889,6.502511024475098,0.021970272064208984
4,3,24,281.0,3.1489627361297607,3.153181791305542,0.00421905517578125
4,3,25,247.0,2.5188822746276855,2.5170955657958984,-0.0017867088317871094
4,3,26,173.0,4.413876056671143,4.413514614105225,-0.00036144256591796875
4,3,27,166.0,3.707796812057495,3.7079343795776367,0.00013756752014160156
4,3,28,98.0,3.151510238647461,3.1532275676727295,0.0017173290252685547
4,3,29,174.0,3.586359739303589,3.5875792503356934,0.0012195110321044922
4,3,30,173.0,3.190525531768799,3.1997931003570557,0.009267568588256836
4,3,31,215.0,4.340093612670898,4.325440406799316,-0.014653205871582031
4,3,32,186.0,3.4789488315582275,3.481687545776367,0.0027387142181396484
4,3,33,153.0,2.9326295852661133,2.934117078781128,0.0014874935150146484
4,3,34,147.0,4.1311798095703125,4.141958713531494,0.01077890396118164
4,3,35,50.0,4.620577812194824,4.635828971862793,0.01525115966796875
4,3,36,86.0,3.942690134048462,3.9268646240234375,-0.015825510025024414
4,3,37,154.0,4.250033378601074,4.2498698234558105,-0.00016355514526367188
4,3,38,265.0,2.933018684387207,2.9360249042510986,0.0030062198638916016
4,3,39,199.0,3.941709518432617,3.9324069023132324,-0.009302616119384766
4,3,40,138.0,4.430899620056152,4.434062957763672,0.0031633377075195312
4,3,41,98.0,4.048152923583984,4.05027961730957,0.0021266937255859375
4,3,42,167.0,2.98820424079895,2.9843790531158447,-0.0038251876831054688
4,3,43,288.0,4.51556396484375,4.51530647277832,-0.0002574920654296875
4,3,44,225.0,3.134540557861328,3.1321792602539062,-0.002361297607421875
4,3,45,191.0,3.475728988647461,3.467862844467163,-0.007866144180297852
4,3,46,92.0,5.071820259094238,5.082866668701172,0.011046409606933594
4,3,47,41.0,5.766663551330566,5.7797770500183105,0.01311349868774414
4,3,48,231.0,3.4077651500701904,3.408823013305664,0.0010578632354736328
4,3,49,101.0,2.9521121978759766,2.9521870613098145,7.486343383789062e-05
4,3,50,177.0,3.6662821769714355,3.661257028579712,-0.005025148391723633
4,3,51,252.0,4.05861759185791,4.058076858520508,-0.0005407333374023438
4,3,52,259.0,3.3747026920318604,3.3739497661590576,-0.0007529258728027344
4,3,53,47.0,4.065746307373047,4.062372207641602,-0.0033740997314453125
4,3,54,164.0,2.495858669281006,2.4953160285949707,-0.0005426406860351562
4,3,55,94.0,4.066493034362793,4.076061725616455,0.00956869125366211
4,3,56,103.0,4.11627721786499,4.120240688323975,0.003963470458984375
4,3,57,78.0,3.913255453109741,3.9179155826568604,0.004660129547119141
4,3,58,239.0,3.692802906036377,3.6898279190063477,-0.002974987030029297
4,3,59,271.0,4.881155014038086,4.881659507751465,0.0005044937133789062
4,3,60,162.0,3.3450679779052734,3.3470447063446045,0.0019767284393310547
4,3,61,179.0,3.870093584060669,3.8685150146484375,-0.0015785694122314453
4,3,62,218.0,3.1762454509735107,3.1768715381622314,0.0006260871887207031
4,3,63,81.0,3.809858798980713,3.8083698749542236,-0.0014889240264892578
4,3,64,93.0,4.687077522277832,4.689173698425293,0.0020961761474609375
4,3,65,72.0,4.558295249938965,4.543807029724121,-0.01448822021484375
4,3,66,230.0,3.737887382507324,3.732250928878784,-0.005636453628540039
4,3,67,99.0,3.1625142097473145,3.1595230102539062,-0.002991199493408203
4,3,68,213.0,3.218388557434082,3.2250289916992188,0.006640434265136719
4,3,69,119.0,3.072978973388672,3.072561502456665,-0.00041747093200683594
4,3,70,161.0,3.529710531234741,3.5214951038360596,-0.00821542739868164
4,3,71,90.0,4.394758224487305,4.40264892578125,0.007890701293945312
4,3,72,181.0,3.6989989280700684,3.6902148723602295,-0.008784055709838867
4,3,73,95.0,4.745315074920654,4.741168975830078,-0.004146099090576172
4,3,74,245.0,2.801177740097046,2.794203758239746,-0.006973981857299805
4,3,75,93.0,2.319314956665039,2.3240249156951904,0.004709959030151367
4,3,76,225.0,3.1077821254730225,3.113408088684082,0.00562596321105957
4,3,77,61.0,4.027099132537842,4.040256023406982,0.013156890869140625
4,3,78,257.0,4.246406078338623,4.241394519805908,-0.005011558532714844
4,3,79,165.0,3.7203760147094727,3.727308988571167,0.006932973861694336
4,3,80,117.0,4.752804279327393,4.744901180267334,-0.007903099060058594
4,3,81,89.0,4.279232025146484,4.28530740737915,0.006075382232666016
4,3,82,291.0,4.08609676361084,4.087096214294434,0.00099945068359375
4,3,83,93.0,4.042176723480225,4.049753189086914,0.007576465606689453
4,3,84,228.0,2.8949825763702393,2.900388479232788,0.005405902862548828
4,3,85,131.0,3.406266927719116,3.4022867679595947,-0.003980159759521484
4,3,86,191.0,4.77057409286499,4.7693190574646,-0.001255035400390625
4,3,87,238.0,5.341985702514648,5.34211540222168,0.00012969970703125
4,3,88,210.0,3.7304000854492188,3.7331135272979736,0.002713441848754883
4,3,89,107.0,4.658895492553711,4.662685394287109,0.0037899017333984375
4,3,90,217.0,3.256716728210449,3.2517716884613037,-0.004945039749145508
4,3,91,199.0,3.479922294616699,3.4766845703125,-0.0032377243041992188
4,3,92,84.0,2.9870519638061523,2.984283208847046,-0.0027687549591064453
4,3,93,271.0,4.167789459228516,4.165101051330566,-0.0026884078979492188
4,3,94,226.0,3.797963857650757,3.791236639022827,-0.0067272186279296875
4,3,95,258.0,4.302313327789307,4.306510925292969,0.004197597503662109
4,3,96,86.0,4.009377479553223,4.018007755279541,0.00863027572631836
4,3,97,142.0,4.886353492736816,4.893951892852783,0.007598400115966797
4,3,98,42.0,4.73474645614624,4.730316638946533,-0.004429817199707031
4,3,99,224.0,3.053419828414917,3.048365354537964,-0.005054473876953125
4,3,100,197.0,2.6848225593566895,2.683563709259033,-0.00125885009765625
4,3,101,85.0,3.080362558364868,3.0952489376068115,0.01488637924194336
4,3,102,195.0,3.4633231163024902,3.462689161300659,-0.0006339550018310547
4,3,103,102.0,4.20768404006958,4.191293239593506,-0.01639080047607422
4,3,104,181.0,3.711848735809326,3.7069432735443115,-0.0049054622650146484
4,3,105,72.0,2.723045587539673,2.712036609649658,-0.011008977890014648
4,3,106,130.0,4.976626396179199,4.974195957183838,-0.002430438995361328
4,3,107,62.0,3.1819393634796143,3.1809067726135254,-0.0010325908660888672
4,3,108,263.0,4.0605854988098145,4.062885761260986,0.002300262451171875
4,3,109,194.0,3.1560444831848145,3.1592483520507812,0.003203868865966797
4,3,110,174.0,3.211611032485962,3.219454765319824,0.007843732833862305
4,3,111,235.0,4.168798446655273,4.172065734863281,0.0032672882080078125
4,3,112,143.0,4.279087066650391,4.281162738800049,0.002075672149658203
4,3,113,117.0,4.890145778656006,4.883755683898926,-0.006390094757080078
4,3,114,160.0,4.253233909606934,4.251761436462402,-0.00147247314453125
4,3,115,115.0,3.9266409873962402,3.9332683086395264,0.006627321243286133
4,3,116,120.0,3.8633739948272705,3.858602285385132,-0.004771709442138672
4,3,117,186.0,4.1213459968566895,4.123432159423828,0.002086162567138672
4,3,118,138.0,3.296036958694458,3.284360647201538,-0.011676311492919922
4,3,119,80.0,3.554978847503662,3.529353380203247,-0.02562546730041504
4,3,120,164.0,3.3612916469573975,3.366001844406128,0.004710197448730469
4,3,121,215.0,3.762061357498169,3.7602386474609375,-0.0018227100372314453
4,3,122,81.0,3.60632061958313,3.6144566535949707,0.00813603401184082
4,3,123,171.0,3.4178876876831055,3.4204182624816895,0.0025305747985839844
4,3,124,41.0,4.780884742736816,4.787403583526611,0.006518840789794922
4,3,125,103.0,4.1708221435546875,4.165040969848633,-0.0057811737060546875
4,3,126,145.0,3.385586977005005,3.388695001602173,0.0031080245971679688
4,3,127,102.0,3.511989116668701,3.517162322998047,0.005173206329345703
4,3,128,157.0,4.545989513397217,4.54178524017334,-0.004204273223876953
4,3,129,161.0,3.612820625305176,3.604605197906494,-0.00821542739868164
4,3,130,248.0,3.595446825027466,3.597294330596924,0.0018475055694580078
4,3,131,240.0,4.314742088317871,4.314607620239258,-0.00013446807861328125
4,3,132,284.0,3.515221118927002,3.521819591522217,0.006598472595214844
4,3,133,105.0,5.547122001647949,5.550710201263428,0.0035881996154785156
4,3,134,72.0,3.6292827129364014,3.6295313835144043,0.0002486705780029297
4,3,135,86.0,3.9638190269470215,3.967959403991699,0.004140377044677734
4,3,136,120.0,3.225938320159912,3.2344233989715576,0.008485078811645508
4,3,137,64.0,3.684243679046631,3.692960023880005,0.008716344833374023
4,3,138,220.0,2.8231959342956543,2.826108694076538,0.002912759780883789
4,3,139,92.0,2.984248638153076,2.979069471359253,-0.005179166793823242
4,3,140,180.0,3.4170660972595215,3.4186809062957764,0.0016148090362548828
4,3,141,95.0,3.5693070888519287,3.56494140625,-0.004365682601928711
4,3,142,72.0,5.436267852783203,5.441440105438232,0.005172252655029297
4,3,143,152.0,4.664964199066162,4.671176910400391,0.006212711334228516
4,3,144,170.0,3.2575697898864746,3.261146068572998,0.0035762786865234375
4,3,145,56.0,4.233151912689209,4.22313928604126,-0.010012626647949219
4,3,146,174.0,3.632305860519409,3.6372487545013428,0.004942893981933594
4,3,147,191.0,3.26232647895813,3.269345998764038,0.007019519805908203
4,3,148,279.0,3.7231252193450928,3.719261884689331,-0.0038633346557617188
4,3,149,98.0,3.6501717567443848,3.668081521987915,0.017909765243530273
4,3,150,50.0,3.987290143966675,4.005060195922852,0.017770051956176758
4,3,151,61.0,3.207566976547241,3.2125656604766846,0.004998683929443359
4,3,152,208.0,2.833768367767334,2.8350038528442383,0.0012354850769042969
4,3,153,124.0,3.7818057537078857,3.7785511016845703,-0.0032546520233154297
4,3,154,128.0,3.3032331466674805,3.3080475330352783,0.0048143863677978516
4,3,155,250.0,4.603071212768555,4.6089959144592285,0.005924701690673828
4,3,156,239.0,2.621934175491333,2.622710943222046,0.0007767677307128906
4,3,157,164.0,2.8648641109466553,2.861788511276245,-0.0030755996704101562
4,3,158,42.0,4.671477317810059,4.680206775665283,0.00872945785522461
4,3,159,200.0,4.007006645202637,4.006163597106934,-0.000843048095703125
4,3,160,209.0,3.638150215148926,3.6432247161865234,0.005074501037597656
4,3,161,206.0,3.6040756702423096,3.6179122924804688,0.01383662223815918
4,3,162,139.0,4.383498191833496,4.379348278045654,-0.004149913787841797
4,3,163,76.0,3.7987864017486572,3.789354085922241,-0.009432315826416016
4,3,164,232.0,3.892338275909424,3.8938608169555664,0.0015225410461425781
4,3,165,235.0,3.9155564308166504,3.9126174449920654,-0.002938985824584961
4,3,166,49.0,4.228317737579346,4.241390705108643,0.013072967529296875
4,3,167,138.0,3.473930835723877,3.4836440086364746,0.009713172912597656
4,3,168,60.0,3.808337450027466,3.814513921737671,0.006176471710205078
4,3,169,146.0,4.041977882385254,4.03392219543457,-0.008055686950683594
4,3,170,57.0,4.420210838317871,4.409397125244141,-0.010813713073730469
4,3,171,135.0,3.909317970275879,3.9041762351989746,-0.005141735076904297
4,3,172,113.0,3.19097638130188,3.185397148132324,-0.005579233169555664
4,3,173,208.0,4.171577453613281,4.165928363800049,-0.005649089813232422
4,3,174,195.0,2.116305112838745,2.1176910400390625,0.0013859272003173828
4,3,175,137.0,3.9520905017852783,3.9480981826782227,-0.003992319107055664
4,3,176,91.0,4.97736120223999,4.977733612060547,0.0003724098205566406
4,3,177,66.0,3.994100332260132,3.9790687561035156,-0.015031576156616211
4,3,178,173.0,3.3507070541381836,3.3470306396484375,-0.0036764144897460938
4,3,179,89.0,5.353647708892822,5.3568291664123535,0.00318145751953125
4,3,180,231.0,3.6613731384277344,3.6607158184051514,-0.0006573200225830078
4,3,181,71.0,5.397938251495361,5.39005184173584,-0.007886409759521484
4,3,182,98.0,3.963383674621582,3.972630023956299,0.009246349334716797
4,3,183,215.0,1.998246431350708,1.9965780973434448,-0.0016683340072631836
4,3,184,159.0,4.383580684661865,4.381651878356934,-0.0019288063049316406
4,3,185,86.0,3.697986602783203,3.697312831878662,-0.0006737709045410156
4,3,186,92.0,3.4445607662200928,3.4425954818725586,-0.0019652843475341797
4,3,187,51.0,5.179178714752197,5.165933609008789,-0.013245105743408203
4,3,188,86.0,4.734201908111572,4.7386860847473145,0.0044841766357421875
4,3,189,132.0,3.6938047409057617,3.695941925048828,0.0021371841430664062
4,3,190,214.0,3.9561617374420166,3.95615553855896,-6.198883056640625e-06
4,3,191,139.0,4.121965408325195,4.124996662139893,0.0030312538146972656
4,3,192,89.0,3.4952480792999268,3.496882677078247,0.0016345977783203125
4,3,193,102.0,4.782958507537842,4.777822971343994,-0.005135536193847656
4,3,194,156.0,2.6015143394470215,2.5953285694122314,-0.006185770034790039
4,3,195,87.0,3.839608669281006,3.8321547508239746,-0.00745391845703125
4,3,196,175.0,3.2536110877990723,3.2475478649139404,-0.006063222885131836
4,3,197,136.0,2.3385791778564453,2.331789255142212,-0.0067899227142333984
4,3,198,54.0,3.781459093093872,3.7813663482666016,-9.274482727050781e-05
4,3,199,71.0,4.556375980377197,4.555544376373291,-0.00083160400390625
4,3,200,43.0,4.562034606933594,4.571986675262451,0.009952068328857422
4,3,201,200.0,3.3231818675994873,3.327195405960083,0.004013538360595703
4,3,202,60.0,3.5167155265808105,3.5179474353790283,0.0012319087982177734
4,3,203,220.0,3.437206983566284,3.432859182357788,-0.004347801208496094
4,3,204,160.0,4.1729278564453125,4.1768293380737305,0.0039014816284179688
4,3,205,46.0,3.025144100189209,3.035161256790161,0.010017156600952148
4,3,206,189.0,3.507356882095337,3.5111019611358643,0.0037450790405273438
4,3,207,69.0,4.68245792388916,4.676337718963623,-0.006120204925537109
4,3,208,164.0,2.968637228012085,2.9672775268554688,-0.001359701156616211
4,3,209,121.0,3.6657907962799072,3.6642813682556152,-0.0015094280242919922
4,3,210,453.0,5.465768337249756,5.466930389404297,0.0011620521545410156
4,3,211,167.0,3.817554473876953,3.8230528831481934,0.005498409271240234
4,3,212,79.0,3.6519949436187744,3.6539669036865234,0.0019719600677490234
4,3,213,64.0,4.473271369934082,4.471628189086914,-0.0016431808471679688
4,3,214,214.0,3.5177533626556396,3.5170133113861084,-0.00074005126953125
4,3,215,42.0,4.581282615661621,4.582263946533203,0.0009813308715820312
4,3,216,85.0,4.406545639038086,4.411542892456055,0.00499725341796875
4,3,217,45.0,4.909335136413574,4.918675422668457,0.009340286254882812
4,3,218,96.0,4.346060276031494,4.342729568481445,-0.003330707550048828
4,3,219,40.0,3.466945171356201,3.4705402851104736,0.003595113754272461
4,3,220,66.0,4.6993865966796875,4.7045578956604,0.005171298980712891
4,3,221,262.0,3.4376049041748047,3.434638261795044,-0.002966642379760742
4,3,222,32.0,4.6173553466796875,4.64501428604126,0.027658939361572266
4,3,223,33.0,4.931256294250488,4.947392463684082,0.01613616943359375
4,3,224,139.0,2.1582767963409424,2.1595077514648438,0.0012309551239013672
4,3,225,84.0,4.020323753356934,4.021021842956543,0.000698089599609375
4,3,226,46.0,3.709413528442383,3.7251572608947754,0.015743732452392578
4,3,227,121.0,4.181075572967529,4.17703914642334,-0.004036426544189453
4,3,228,67.0,3.140568971633911,3.1372580528259277,-0.0033109188079833984
4,3,229,187.0,3.8881711959838867,3.8898305892944336,0.001659393310546875
4,3,230,40.0,4.873936176300049,4.8712897300720215,-0.0026464462280273438
4,3,231,91.0,3.998016119003296,4.00194787979126,0.003931760787963867
4,3,232,52.0,4.4449782371521,4.462386131286621,0.017407894134521484
4,3,233,49.0,4.133476257324219,4.1289777755737305,-0.004498481750488281
4,3,234,261.0,3.079342842102051,3.083179473876953,0.0038366317749023438
4,3,235,59.0,4.072587490081787,4.07285213470459,0.0002646446228027344
4,3,236,132.0,4.054989814758301,4.057365417480469,0.0023756027221679688
4,3,237,136.0,3.4520623683929443,3.4592318534851074,0.007169485092163086
4,3,238,210.0,3.7005720138549805,3.696382761001587,-0.004189252853393555
4,3,239,258.0,3.6856272220611572,3.681487560272217,-0.00413966178894043
4,3,240,203.0,3.5238258838653564,3.5200436115264893,-0.0037822723388671875
4,3,241,198.0,3.3618428707122803,3.360731363296509,-0.0011115074157714844
4,3,242,85.0,3.468600034713745,3.464400291442871,-0.0041997432708740234
4,3,243,85.0,2.1469109058380127,2.141470432281494,-0.005440473556518555
4,3,244,93.0,4.847414970397949,4.8496904373168945,0.0022754669189453125
4,3,245,68.0,4.8312296867370605,4.829719066619873,-0.0015106201171875
4,3,246,58.0,4.302565574645996,4.316478252410889,0.013912677764892578
4,3,247,187.0,3.1594748497009277,3.1574530601501465,-0.00202178955078125
4,3,248,64.0,2.745805263519287,2.7363200187683105,-0.009485244750976562
4,3,249,100.0,3.3120670318603516,3.320452928543091,0.008385896682739258
4,3,250,151.0,3.886031150817871,3.8852736949920654,-0.0007574558258056641
4,3,251,174.0,3.292135715484619,3.2938175201416016,0.0016818046569824219
4,3,252,126.0,4.651801109313965,4.662753105163574,0.010951995849609375
4,3,253,99.0,3.699761390686035,3.693643569946289,-0.006117820739746094
4,3,254,107.0,4.576633453369141,4.584424018859863,0.007790565490722656
4,3,255,116.0,3.825943946838379,3.8322319984436035,0.006288051605224609
4,4,0,196.0,3.98167085647583,3.9975810050964355,0.01591014862060547
4,4,1,127.0,3.705084800720215,3.723968505859375,0.018883705139160156
4,4,2,162.0,2.4317469596862793,2.4257314205169678,-0.0060155391693115234
4,4,3,92.0,5.154407501220703,5.176614284515381,0.022206783294677734
4,4,4,194.0,3.7261335849761963,3.751983880996704,0.025850296020507812
4,4,5,115.0,3.4317781925201416,3.440155506134033,0.008377313613891602
4,4,6,109.0,4.611254692077637,4.6618547439575195,0.05060005187988281
4,4,7,48.0,3.824559450149536,3.8531036376953125,0.028544187545776367
4,4,8,69.0,4.333216190338135,4.352422714233398,0.019206523895263672
4,4,9,85.0,3.4889185428619385,3.4873950481414795,-0.0015234947204589844
4,4,10,238.0,3.337062358856201,3.3561670780181885,0.019104719161987305
4,4,11,233.0,3.013906478881836,3.0510036945343018,0.03709721565246582
4,4,12,208.0,3.644038200378418,3.6626882553100586,0.018650054931640625
4,4,13,196.0,3.302739381790161,3.3222591876983643,0.019519805908203125
4,4,14,131.0,3.989900827407837,3.9840245246887207,-0.005876302719116211
4,4,15,125.0,3.2012383937835693,3.244899034500122,0.043660640716552734
4,4,16,61.0,4.757500171661377,4.758193492889404,0.0006933212280273438
4,4,17,164.0,2.6241273880004883,2.702970504760742,0.0788431167602539
4,4,18,107.0,3.8216171264648438,3.838121175765991,0.01650404930114746
4,4,19,48.0,4.036356449127197,4.1458353996276855,0.10947895050048828
4,4,20,74.0,2.6907341480255127,2.6827173233032227,-0.008016824722290039
4,4,21,103.0,2.9307749271392822,2.916715383529663,-0.01405954360961914
4,4,22,114.0,3.8854269981384277,3.8680238723754883,-0.017403125762939453
4,4,23,50.0,6.480540752410889,6.421475410461426,-0.05906534194946289
4,4,24,281.0,3.1489627361297607,3.156548500061035,0.007585763931274414
4,4,25,247.0,2.5188822746276855,2.5278749465942383,0.008992671966552734
4,4,26,173.0,4.413876056671143,4.399547100067139,-0.014328956604003906
4,4,27,166.0,3.707796812057495,3.6982028484344482,-0.009593963623046875
4,4,28,98.0,3.151510238647461,3.140782594680786,-0.010727643966674805
4,4,29,174.0,3.586359739303589,3.6233773231506348,0.0370175838470459
4,4,30,173.0,3.190525531768799,3.1805429458618164,-0.009982585906982422
4,4,31,215.0,4.340093612670898,4.310068607330322,-0.030025005340576172
4,4,32,186.0,3.4789488315582275,3.4925763607025146,0.01362752914428711
4,4,33,153.0,2.9326295852661133,2.9287102222442627,-0.003919363021850586
4,4,34,147.0,4.1311798095703125,4.107929706573486,-0.023250102996826172
4,4,35,50.0,4.620577812194824,4.654397010803223,0.03381919860839844
4,4,36,86.0,3.942690134048462,4.178299427032471,0.2356092929840088
4,4,37,154.0,4.250033378601074,4.293220043182373,0.04318666458129883
4,4,38,265.0,2.933018684387207,2.969468116760254,0.036449432373046875
4,4,39,199.0,3.941709518432617,3.9749765396118164,0.03326702117919922
4,4,40,138.0,4.430899620056152,4.450839996337891,0.01994037628173828
4,4,41,98.0,4.048152923583984,4.0764336585998535,0.02828073501586914
4,4,42,167.0,2.98820424079895,3.0117812156677246,0.023576974868774414
4,4,43,288.0,4.51556396484375,4.587954044342041,0.07239007949829102
4,4,44,225.0,3.134540557861328,3.157468795776367,0.022928237915039062
4,4,45,191.0,3.475728988647461,3.496363878250122,0.020634889602661133
4,4,46,92.0,5.071820259094238,5.071235179901123,-0.0005850791931152344
4,4,47,41.0,5.766663551330566,5.68646764755249,-0.08019590377807617
4,4,48,231.0,3.4077651500701904,3.3874130249023438,-0.02035212516784668
4,4,49,101.0,2.9521121978759766,2.9662132263183594,0.014101028442382812
4,4,50,177.0,3.6662821769714355,3.7087857723236084,0.04250359535217285
4,4,51,252.0,4.05861759185791,4.053009033203125,-0.005608558654785156
4,4,52,259.0,3.3747026920318604,3.381659746170044,0.006957054138183594
4,4,53,47.0,4.065746307373047,4.05222749710083,-0.013518810272216797
4,4,54,164.0,2.495858669281006,2.5093882083892822,0.013529539108276367
4,4,55,94.0,4.066493034362793,4.0582780838012695,-0.008214950561523438
4,4,56,103.0,4.11627721786499,4.139678001403809,0.02340078353881836
4,4,57,78.0,3.913255453109741,3.9697461128234863,0.05649065971374512
4,4,58,239.0,3.692802906036377,3.7209508419036865,0.02814793586730957
4,4,59,271.0,4.881155014038086,4.911606311798096,0.030451297760009766
4,4,60,162.0,3.3450679779052734,3.3469855785369873,0.0019176006317138672
4,4,61,179.0,3.870093584060669,3.836651563644409,-0.033442020416259766
4,4,62,218.0,3.1762454509735107,3.219289779663086,0.043044328689575195
4,4,63,81.0,3.809858798980713,3.8811352252960205,0.07127642631530762
4,4,64,93.0,4.687077522277832,4.766925811767578,0.0798482894897461
4,4,65,72.0,4.558295249938965,4.555788516998291,-0.002506732940673828
4,4,66,230.0,3.737887382507324,3.791191816329956,0.053304433822631836
4,4,67,99.0,3.1625142097473145,3.2065906524658203,0.04407644271850586
4,4,68,213.0,3.218388557434082,3.230334758758545,0.01194620132446289
4,4,69,119.0,3.072978973388672,3.091892957687378,0.018913984298706055
4,4,70,161.0,3.529710531234741,3.54085111618042,0.011140584945678711
4,4,71,90.0,4.394758224487305,4.381606578826904,-0.01315164566040039
4,4,72,181.0,3.6989989280700684,3.7165207862854004,0.01752185821533203
4,4,73,95.0,4.745315074920654,4.696190357208252,-0.049124717712402344
4,4,74,245.0,2.801177740097046,2.812192916870117,0.011015176773071289
4,4,75,93.0,2.319314956665039,2.346284866333008,0.02696990966796875
4,4,76,225.0,3.1077821254730225,3.1123642921447754,0.00458216667175293
4,4,77,61.0,4.027099132537842,4.021259784698486,-0.005839347839355469
4,4,78,257.0,4.246406078338623,4.251878261566162,0.0054721832275390625
4,4,79,165.0,3.7203760147094727,3.7520971298217773,0.03172111511230469
4,4,80,117.0,4.752804279327393,4.808493137359619,0.05568885803222656
4,4,81,89.0,4.279232025146484,4.306642532348633,0.027410507202148438
4,4,82,291.0,4.08609676361084,4.080634593963623,-0.005462169647216797
4,4,83,93.0,4.042176723480225,4.067968845367432,0.02579212188720703
4,4,84,228.0,2.8949825763702393,2.8969554901123047,0.0019729137420654297
4,4,85,131.0,3.406266927719116,3.444798231124878,0.03853130340576172
4,4,86,191.0,4.77057409286499,4.754943370819092,-0.015630722045898438
4,4,87,238.0,5.341985702514648,5.352868556976318,0.010882854461669922
4,4,88,210.0,3.7304000854492188,3.752021312713623,0.021621227264404297
4,4,89,107.0,4.658895492553711,4.658593654632568,-0.0003018379211425781
4,4,90,217.0,3.256716728210449,3.2650725841522217,0.008355855941772461
4,4,91,199.0,3.479922294616699,3.515957832336426,0.03603553771972656
4,4,92,84.0,2.9870519638061523,2.9873621463775635,0.0003101825714111328
4,4,93,271.0,4.167789459228516,4.194090843200684,0.02630138397216797
4,4,94,226.0,3.797963857650757,3.8209304809570312,0.022966623306274414
4,4,95,258.0,4.302313327789307,4.340910911560059,0.03859758377075195
4,4,96,86.0,4.009377479553223,4.079853057861328,0.07047557830810547
4,4,97,142.0,4.886353492736816,4.921134948730469,0.034781455993652344
4,4,98,42.0,4.73474645614624,4.775359153747559,0.04061269760131836
4,4,99,224.0,3.053419828414917,3.088805913925171,0.035386085510253906
4,4,100,197.0,2.6848225593566895,2.7211012840270996,0.036278724670410156
4,4,101,85.0,3.080362558364868,3.113920211791992,0.03355765342712402
4,4,102,195.0,3.4633231163024902,3.505253791809082,0.0419306755065918
4,4,103,102.0,4.20768404006958,4.177088260650635,-0.030595779418945312
4,4,104,181.0,3.711848735809326,3.735610246658325,0.023761510848999023
4,4,105,72.0,2.723045587539673,2.726529121398926,0.0034835338592529297
4,4,106,130.0,4.976626396179199,4.957650661468506,-0.01897573471069336
4,4,107,62.0,3.1819393634796143,3.262457847595215,0.08051848411560059
4,4,108,263.0,4.0605854988098145,4.068101406097412,0.007515907287597656
4,4,109,194.0,3.1560444831848145,3.1650283336639404,0.008983850479125977
4,4,110,174.0,3.211611032485962,3.2024753093719482,-0.009135723114013672
4,4,111,235.0,4.168798446655273,4.1901726722717285,0.021374225616455078
4,4,112,143.0,4.279087066650391,4.272575855255127,-0.006511211395263672
4,4,113,117.0,4.890145778656006,5.073476314544678,0.18333053588867188
4,4,114,160.0,4.253233909606934,4.22943115234375,-0.023802757263183594
4,4,115,115.0,3.9266409873962402,3.958767890930176,0.03212690353393555
4,4,116,120.0,3.8633739948272705,3.8729069232940674,0.009532928466796875
4,4,117,186.0,4.1213459968566895,4.142096042633057,0.020750045776367188
4,4,118,138.0,3.296036958694458,3.294072151184082,-0.0019648075103759766
4,4,119,80.0,3.554978847503662,3.7408509254455566,0.18587207794189453
4,4,120,164.0,3.3612916469573975,3.4011988639831543,0.039907217025756836
4,4,121,215.0,3.762061357498169,3.7643942832946777,0.002332925796508789
4,4,122,81.0,3.60632061958313,3.6698415279388428,0.06352090835571289
4,4,123,171.0,3.4178876876831055,3.4455604553222656,0.027672767639160156
4,4,124,41.0,4.780884742736816,4.820133686065674,0.03924894332885742
4,4,125,103.0,4.1708221435546875,4.192757606506348,0.021935462951660156
4,4,126,145.0,3.385586977005005,3.400869607925415,0.015282630920410156
4,4,127,102.0,3.511989116668701,3.5671489238739014,0.055159807205200195
4,4,128,157.0,4.545989513397217,4.552383899688721,0.006394386291503906
4,4,129,161.0,3.612820625305176,3.6020467281341553,-0.010773897171020508
4,4,130,248.0,3.595446825027466,3.6194329261779785,0.023986101150512695
4,4,131,240.0,4.314742088317871,4.316971302032471,0.0022292137145996094
4,4,132,284.0,3.515221118927002,3.5357117652893066,0.020490646362304688
4,4,133,105.0,5.547122001647949,5.5142927169799805,-0.03282928466796875
4,4,134,72.0,3.6292827129364014,3.589183807373047,-0.04009890556335449
4,4,135,86.0,3.9638190269470215,4.054260730743408,0.09044170379638672
4,4,136,120.0,3.225938320159912,3.2244441509246826,-0.0014941692352294922
4,4,137,64.0,3.684243679046631,3.7368881702423096,0.05264449119567871
4,4,138,220.0,2.8231959342956543,2.8601112365722656,0.03691530227661133
4,4,139,92.0,2.984248638153076,3.0263195037841797,0.042070865631103516
4,4,140,180.0,3.4170660972595215,3.4202582836151123,0.0031921863555908203
4,4,141,95.0,3.5693070888519287,3.55662202835083,-0.012685060501098633
4,4,142,72.0,5.436267852783203,5.380147933959961,-0.05611991882324219
4,4,143,152.0,4.664964199066162,4.690469741821289,0.025505542755126953
4,4,144,170.0,3.2575697898864746,3.260335683822632,0.0027658939361572266
4,4,145,56.0,4.233151912689209,4.220089435577393,-0.013062477111816406
4,4,146,174.0,3.632305860519409,3.6052699089050293,-0.027035951614379883
4,4,147,191.0,3.26232647895813,3.299971580505371,0.03764510154724121
4,4,148,279.0,3.7231252193450928,3.7077410221099854,-0.015384197235107422
4,4,149,98.0,3.6501717567443848,3.6431479454040527,-0.007023811340332031
4,4,150,50.0,3.987290143966675,3.923161029815674,-0.06412911415100098
4,4,151,61.0,3.207566976547241,3.2609825134277344,0.053415536880493164
4,4,152,208.0,2.833768367767334,2.857391834259033,0.02362346649169922
4,4,153,124.0,3.7818057537078857,3.7848448753356934,0.003039121627807617
4,4,154,128.0,3.3032331466674805,3.33681321144104,0.03358006477355957
4,4,155,250.0,4.603071212768555,4.6375322341918945,0.034461021423339844
4,4,156,239.0,2.621934175491333,2.6578562259674072,0.03592205047607422
4,4,157,164.0,2.8648641109466553,2.8731956481933594,0.008331537246704102
4,4,158,42.0,4.671477317810059,4.769275665283203,0.09779834747314453
4,4,159,200.0,4.007006645202637,4.016796112060547,0.009789466857910156
4,4,160,209.0,3.638150215148926,3.6428427696228027,0.004692554473876953
4,4,161,206.0,3.6040756702423096,3.603785276412964,-0.0002903938293457031
4,4,162,139.0,4.383498191833496,4.477790355682373,0.09429216384887695
4,4,163,76.0,3.7987864017486572,3.7863101959228516,-0.012476205825805664
4,4,164,232.0,3.892338275909424,3.9461991786956787,0.05386090278625488
4,4,165,235.0,3.9155564308166504,3.929194450378418,0.013638019561767578
4,4,166,49.0,4.228317737579346,4.268198013305664,0.03988027572631836
4,4,167,138.0,3.473930835723877,3.3957767486572266,-0.07815408706665039
4,4,168,60.0,3.808337450027466,3.895280599594116,0.08694314956665039
4,4,169,146.0,4.041977882385254,4.028160095214844,-0.013817787170410156
4,4,170,57.0,4.420210838317871,4.419768810272217,-0.0004420280456542969
4,4,171,135.0,3.909317970275879,3.8806650638580322,-0.02865290641784668
4,4,172,113.0,3.19097638130188,3.174186944961548,-0.01678943634033203
4,4,173,208.0,4.171577453613281,4.229138374328613,0.05756092071533203
4,4,174,195.0,2.116305112838745,2.097951889038086,-0.01835322380065918
4,4,175,137.0,3.9520905017852783,3.9171195030212402,-0.034970998764038086
4,4,176,91.0,4.97736120223999,5.010691165924072,0.03332996368408203
4,4,177,66.0,3.994100332260132,4.1430583000183105,0.1489579677581787
4,4,178,173.0,3.3507070541381836,3.444462537765503,0.09375548362731934
4,4,179,89.0,5.353647708892822,5.510415077209473,0.1567673683166504
4,4,180,231.0,3.6613731384277344,3.683384418487549,0.022011280059814453
4,4,181,71.0,5.397938251495361,5.409899711608887,0.01196146011352539
4,4,182,98.0,3.963383674621582,3.954360246658325,-0.009023427963256836
4,4,183,215.0,1.998246431350708,1.995930552482605,-0.0023158788681030273
4,4,184,159.0,4.383580684661865,4.448288917541504,0.06470823287963867
4,4,185,86.0,3.697986602783203,3.6862406730651855,-0.011745929718017578
4,4,186,92.0,3.4445607662200928,3.468637228012085,0.024076461791992188
4,4,187,51.0,5.179178714752197,5.105647563934326,-0.0735311508178711
4,4,188,86.0,4.734201908111572,4.719431400299072,-0.0147705078125
4,4,189,132.0,3.6938047409057617,3.730639696121216,0.0368349552154541
4,4,190,214.0,3.9561617374420166,3.9487357139587402,-0.007426023483276367
4,4,191,139.0,4.121965408325195,4.145063400268555,0.023097991943359375
4,4,192,89.0,3.4952480792999268,3.474208116531372,-0.021039962768554688
4,4,193,102.0,4.782958507537842,4.799612998962402,0.016654491424560547
4,4,194,156.0,2.6015143394470215,2.597378969192505,-0.0041353702545166016
4,4,195,87.0,3.839608669281006,3.8869524002075195,0.04734373092651367
4,4,196,175.0,3.2536110877990723,3.2480485439300537,-0.005562543869018555
4,4,197,136.0,2.3385791778564453,2.388784408569336,0.050205230712890625
4,4,198,54.0,3.781459093093872,3.7576100826263428,-0.023849010467529297
4,4,199,71.0,4.556375980377197,4.577048301696777,0.020672321319580078
4,4,200,43.0,4.562034606933594,4.562362194061279,0.0003275871276855469
4,4,201,200.0,3.3231818675994873,3.3332886695861816,0.010106801986694336
4,4,202,60.0,3.5167155265808105,3.519989013671875,0.003273487091064453
4,4,203,220.0,3.437206983566284,3.4434726238250732,0.0062656402587890625
4,4,204,160.0,4.1729278564453125,4.1565680503845215,-0.016359806060791016
4,4,205,46.0,3.025144100189209,3.121070146560669,0.09592604637145996
4,4,206,189.0,3.507356882095337,3.5427567958831787,0.0353999137878418
4,4,207,69.0,4.68245792388916,4.708120346069336,0.02566242218017578
4,4,208,164.0,2.968637228012085,2.9775919914245605,0.008954763412475586
4,4,209,121.0,3.6657907962799072,3.7448654174804688,0.07907462120056152
4,4,210,453.0,5.465768337249756,5.520677089691162,0.05490875244140625
4,4,211,167.0,3.817554473876953,3.788602113723755,-0.028952360153198242
4,4,212,79.0,3.6519949436187744,3.65439510345459,0.0024001598358154297
4,4,213,64.0,4.473271369934082,4.41152811050415,-0.06174325942993164
4,4,214,214.0,3.5177533626556396,3.5400943756103516,0.022341012954711914
4,4,215,42.0,4.581282615661621,4.624564170837402,0.04328155517578125
4,4,216,85.0,4.406545639038086,4.356490612030029,-0.05005502700805664
4,4,217,45.0,4.909335136413574,4.97166633605957,0.062331199645996094
4,4,218,96.0,4.346060276031494,4.3852410316467285,0.039180755615234375
4,4,219,40.0,3.466945171356201,3.5187225341796875,0.05177736282348633
4,4,220,66.0,4.6993865966796875,4.689930438995361,-0.009456157684326172
4,4,221,262.0,3.4376049041748047,3.4278032779693604,-0.009801626205444336
4,4,222,32.0,4.6173553466796875,4.522378921508789,-0.09497642517089844
4,4,223,33.0,4.931256294250488,5.020927429199219,0.08967113494873047
4,4,224,139.0,2.1582767963409424,2.166954517364502,0.00867772102355957
4,4,225,84.0,4.020323753356934,4.0811448097229,0.0608210563659668
4,4,226,46.0,3.709413528442383,3.720365047454834,0.010951519012451172
4,4,227,121.0,4.181075572967529,4.204738616943359,0.023663043975830078
4,4,228,67.0,3.140568971633911,3.1876964569091797,0.047127485275268555
4,4,229,187.0,3.8881711959838867,3.871070146560669,-0.017101049423217773
4,4,230,40.0,4.873936176300049,4.940943241119385,0.06700706481933594
4,4,231,91.0,3.998016119003296,4.024219036102295,0.026202917098999023
4,4,232,52.0,4.4449782371521,4.4730000495910645,0.028021812438964844
4,4,233,49.0,4.133476257324219,4.10518741607666,-0.028288841247558594
4,4,234,261.0,3.079342842102051,3.0881664752960205,0.008823633193969727
4,4,235,59.0,4.072587490081787,4.158125877380371,0.08553838729858398
4,4,236,132.0,4.054989814758301,4.0936431884765625,0.03865337371826172
4,4,237,136.0,3.4520623683929443,3.4728775024414062,0.020815134048461914
4,4,238,210.0,3.7005720138549805,3.6967458724975586,-0.003826141357421875
4,4,239,258.0,3.6856272220611572,3.7290427684783936,0.04341554641723633
4,4,240,203.0,3.5238258838653564,3.566319704055786,0.04249382019042969
4,4,241,198.0,3.3618428707122803,3.3395333290100098,-0.022309541702270508
4,4,242,85.0,3.468600034713745,3.448521137237549,-0.02007889747619629
4,4,243,85.0,2.1469109058380127,2.172640085220337,0.02572917938232422
4,4,244,93.0,4.847414970397949,4.899021148681641,0.051606178283691406
4,4,245,68.0,4.8312296867370605,4.886615753173828,0.05538606643676758
4,4,246,58.0,4.302565574645996,4.365765571594238,0.06319999694824219
4,4,247,187.0,3.1594748497009277,3.1900835037231445,0.030608654022216797
4,4,248,64.0,2.745805263519287,2.7906718254089355,0.04486656188964844
4,4,249,100.0,3.3120670318603516,3.2818734645843506,-0.030193567276000977
4,4,250,151.0,3.886031150817871,3.9034812450408936,0.01745009422302246
4,4,251,174.0,3.292135715484619,3.3242130279541016,0.03207731246948242
4,4,252,126.0,4.651801109313965,4.698780059814453,0.04697895050048828
4,4,253,99.0,3.699761390686035,3.73136305809021,0.031601667404174805
4,4,254,107.0,4.576633453369141,4.543068885803223,-0.03356456756591797
4,4,255,116.0,3.825943946838379,3.8498377799987793,0.02389383316040039
4,5,0,196.0,3.98167085647583,3.986769914627075,0.005099058151245117
4,5,1,127.0,3.705084800720215,3.7031409740448,-0.001943826675415039
4,5,2,162.0,2.4317469596862793,2.4355010986328125,0.003754138946533203
4,5,3,92.0,5.154407501220703,5.162115097045898,0.0077075958251953125
4,5,4,194.0,3.7261335849761963,3.728484869003296,0.0023512840270996094
4,5,5,115.0,3.4317781925201416,3.4321446418762207,0.00036644935607910156
4,5,6,109.0,4.611254692077637,4.609471321105957,-0.0017833709716796875
4,5,7,48.0,3.824559450149536,3.831098794937134,0.006539344787597656
4,5,8,69.0,4.333216190338135,4.335581302642822,0.0023651123046875
4,5,9,85.0,3.4889185428619385,3.488154411315918,-0.0007641315460205078
4,5,10,238.0,3.337062358856201,3.3372788429260254,0.00021648406982421875
4,5,11,233.0,3.013906478881836,3.0086677074432373,-0.005238771438598633
4,5,12,208.0,3.644038200378418,3.6399893760681152,-0.004048824310302734
4,5,13,196.0,3.302739381790161,3.291440963745117,-0.011298418045043945
4,5,14,131.0,3.989900827407837,3.996976137161255,0.007075309753417969
4,5,15,125.0,3.2012383937835693,3.2027266025543213,0.0014882087707519531
4,5,16,61.0,4.757500171661377,4.752497673034668,-0.005002498626708984
4,5,17,164.0,2.6241273880004883,2.6146023273468018,-0.009525060653686523
4,5,18,107.0,3.8216171264648438,3.8261234760284424,0.004506349563598633
4,5,19,48.0,4.036356449127197,4.047379493713379,0.01102304458618164
4,5,20,74.0,2.6907341480255127,2.697969913482666,0.00723576545715332
4,5,21,103.0,2.9307749271392822,2.9407289028167725,0.009953975677490234
4,5,22,114.0,3.8854269981384277,3.869560718536377,-0.01586627960205078
4,5,23,50.0,6.480540752410889,6.498408317565918,0.017867565155029297
4,5,24,281.0,3.1489627361297607,3.155012369155884,0.006049633026123047
4,5,25,247.0,2.5188822746276855,2.516897678375244,-0.0019845962524414062
4,5,26,173.0,4.413876056671143,4.413460731506348,-0.0004153251647949219
4,5,27,166.0,3.707796812057495,3.708418846130371,0.0006220340728759766
4,5,28,98.0,3.151510238647461,3.1563048362731934,0.004794597625732422
4,5,29,174.0,3.586359739303589,3.5720067024230957,-0.014353036880493164
4,5,30,173.0,3.190525531768799,3.202974796295166,0.012449264526367188
4,5,31,215.0,4.340093612670898,4.343423366546631,0.003329753875732422
4,5,32,186.0,3.4789488315582275,3.4662842750549316,-0.012664556503295898
4,5,33,153.0,2.9326295852661133,2.932415246963501,-0.0002143383026123047
4,5,34,147.0,4.1311798095703125,4.115609645843506,-0.01557016372680664
4,5,35,50.0,4.620577812194824,4.636630058288574,0.01605224609375
4,5,36,86.0,3.942690134048462,3.9586172103881836,0.01592707633972168
4,5,37,154.0,4.250033378601074,4.246424198150635,-0.003609180450439453
4,5,38,265.0,2.933018684387207,2.934037446975708,0.0010187625885009766
4,5,39,199.0,3.941709518432617,3.9417006969451904,-8.821487426757812e-06
4,5,40,138.0,4.430899620056152,4.4220662117004395,-0.00883340835571289
4,5,41,98.0,4.048152923583984,4.041497230529785,-0.006655693054199219
4,5,42,167.0,2.98820424079895,2.9985458850860596,0.010341644287109375
4,5,43,288.0,4.51556396484375,4.5039448738098145,-0.011619091033935547
4,5,44,225.0,3.134540557861328,3.127527952194214,-0.007012605667114258
4,5,45,191.0,3.475728988647461,3.4692554473876953,-0.006473541259765625
4,5,46,92.0,5.071820259094238,5.078596591949463,0.006776332855224609
4,5,47,41.0,5.766663551330566,5.775854110717773,0.009190559387207031
4,5,48,231.0,3.4077651500701904,3.4173145294189453,0.009549379348754883
4,5,49,101.0,2.9521121978759766,2.9497768878936768,-0.0023353099822998047
4,5,50,177.0,3.6662821769714355,3.6549506187438965,-0.011331558227539062
4,5,51,252.0,4.05861759185791,4.072122097015381,0.013504505157470703
4,5,52,259.0,3.3747026920318604,3.3730053901672363,-0.0016973018646240234
4,5,53,47.0,4.065746307373047,4.0666327476501465,0.0008864402770996094
4,5,54,164.0,2.495858669281006,2.4940600395202637,-0.0017986297607421875
4,5,55,94.0,4.066493034362793,4.0726823806762695,0.0061893463134765625
4,5,56,103.0,4.11627721786499,4.1366987228393555,0.020421504974365234
4,5,57,78.0,3.913255453109741,3.9076521396636963,-0.005603313446044922
4,5,58,239.0,3.692802906036377,3.688396453857422,-0.004406452178955078
4,5,59,271.0,4.881155014038086,4.873712062835693,-0.007442951202392578
4,5,60,162.0,3.3450679779052734,3.3469882011413574,0.0019202232360839844
4,5,61,179.0,3.870093584060669,3.8741841316223145,0.004090547561645508
4,5,62,218.0,3.1762454509735107,3.180205821990967,0.003960371017456055
4,5,63,81.0,3.809858798980713,3.8127634525299072,0.002904653549194336
4,5,64,93.0,4.687077522277832,4.689591407775879,0.002513885498046875
4,5,65,72.0,4.558295249938965,4.552670001983643,-0.005625247955322266
4,5,66,230.0,3.737887382507324,3.731355905532837,-0.006531476974487305
4,5,67,99.0,3.1625142097473145,3.166767120361328,0.004252910614013672
4,5,68,213.0,3.218388557434082,3.216489791870117,-0.0018987655639648438
4,5,69,119.0,3.072978973388672,3.071868419647217,-0.0011105537414550781
4,5,70,161.0,3.529710531234741,3.5250566005706787,-0.0046539306640625
4,5,71,90.0,4.394758224487305,4.403052806854248,0.00829458236694336
4,5,72,181.0,3.6989989280700684,3.703078508377075,0.004079580307006836
4,5,73,95.0,4.745315074920654,4.757477283477783,0.012162208557128906
4,5,74,245.0,2.801177740097046,2.8013100624084473,0.0001323223114013672
4,5,75,93.0,2.319314956665039,2.317960262298584,-0.0013546943664550781
4,5,76,225.0,3.1077821254730225,3.1096091270446777,0.0018270015716552734
4,5,77,61.0,4.027099132537842,4.019387245178223,-0.007711887359619141
4,5,78,257.0,4.246406078338623,4.243879318237305,-0.0025267601013183594
4,5,79,165.0,3.7203760147094727,3.712270975112915,-0.008105039596557617
4,5,80,117.0,4.752804279327393,4.756322383880615,0.0035181045532226562
4,5,81,89.0,4.279232025146484,4.2717204093933105,-0.007511615753173828
4,5,82,291.0,4.08609676361084,4.0826520919799805,-0.003444671630859375
4,5,83,93.0,4.042176723480225,4.041483402252197,-0.0006933212280273438
4,5,84,228.0,2.8949825763702393,2.896329641342163,0.0013470649719238281
4,5,85,131.0,3.406266927719116,3.3989458084106445,-0.00732111930847168
4,5,86,191.0,4.77057409286499,4.774721145629883,0.004147052764892578
4,5,87,238.0,5.341985702514648,5.338456153869629,-0.0035295486450195312
4,5,88,210.0,3.7304000854492188,3.7108733654022217,-0.01952672004699707
4,5,89,107.0,4.658895492553711,4.667742729187012,0.008847236633300781
4,5,90,217.0,3.256716728210449,3.259380340576172,0.0026636123657226562
4,5,91,199.0,3.479922294616699,3.4823191165924072,0.002396821975708008
4,5,92,84.0,2.9870519638061523,2.978522777557373,-0.008529186248779297
4,5,93,271.0,4.167789459228516,4.16058874130249,-0.007200717926025391
4,5,94,226.0,3.797963857650757,3.784543514251709,-0.013420343399047852
4,5,95,258.0,4.302313327789307,4.2996721267700195,-0.0026412010192871094
4,5,96,86.0,4.009377479553223,4.029499053955078,0.02012157440185547
4,5,97,142.0,4.886353492736816,4.891693592071533,0.005340099334716797
4,5,98,42.0,4.73474645614624,4.775315284729004,0.04056882858276367
4,5,99,224.0,3.053419828414917,3.0388734340667725,-0.014546394348144531
4,5,100,197.0,2.6848225593566895,2.6802902221679688,-0.004532337188720703
4,5,101,85.0,3.080362558364868,3.081727981567383,0.0013654232025146484
4,5,102,195.0,3.4633231163024902,3.463001012802124,-0.00032210350036621094
4,5,103,102.0,4.20768404006958,4.219501495361328,0.011817455291748047
4,5,104,181.0,3.711848735809326,3.7045109272003174,-0.007337808609008789
4,5,105,72.0,2.723045587539673,2.7354249954223633,0.01237940788269043
4,5,106,130.0,4.976626396179199,4.977027416229248,0.0004010200500488281
4,5,107,62.0,3.1819393634796143,3.1649062633514404,-0.017033100128173828
4,5,108,263.0,4.0605854988098145,4.05312967300415,-0.0074558258056640625
4,5,109,194.0,3.1560444831848145,3.148587226867676,-0.007457256317138672
4,5,110,174.0,3.211611032485962,3.232736825942993,0.02112579345703125
4,5,111,235.0,4.168798446655273,4.1664042472839355,-0.0023941993713378906
4,5,112,143.0,4.279087066650391,4.268841743469238,-0.010245323181152344
4,5,113,117.0,4.890145778656006,4.888744831085205,-0.0014009475708007812
4,5,114,160.0,4.253233909606934,4.252535820007324,-0.000698089599609375
4,5,115,115.0,3.9266409873962402,3.932626724243164,0.005985736846923828
4,5,116,120.0,3.8633739948272705,3.853515148162842,-0.009858846664428711
4,5,117,186.0,4.1213459968566895,4.122820854187012,0.0014748573303222656
4,5,118,138.0,3.296036958694458,3.3002214431762695,0.0041844844818115234
4,5,119,80.0,3.554978847503662,3.5364890098571777,-0.018489837646484375
4,5,120,164.0,3.3612916469573975,3.3550240993499756,-0.006267547607421875
4,5,121,215.0,3.762061357498169,3.761348009109497,-0.000713348388671875
4,5,122,81.0,3.60632061958313,3.6218819618225098,0.015561342239379883
4,5,123,171.0,3.4178876876831055,3.4136569499969482,-0.0042307376861572266
4,5,124,41.0,4.780884742736816,4.758033275604248,-0.02285146713256836
4,5,125,103.0,4.1708221435546875,4.177347660064697,0.006525516510009766
4,5,126,145.0,3.385586977005005,3.379260301589966,-0.0063266754150390625
4,5,127,102.0,3.511989116668701,3.492765188217163,-0.019223928451538086
4,5,128,157.0,4.545989513397217,4.553170680999756,0.0071811676025390625
4,5,129,161.0,3.612820625305176,3.6125495433807373,-0.00027108192443847656
4,5,130,248.0,3.595446825027466,3.6032650470733643,0.007818222045898438
4,5,131,240.0,4.314742088317871,4.320981502532959,0.006239414215087891
4,5,132,284.0,3.515221118927002,3.506201982498169,-0.009019136428833008
4,5,133,105.0,5.547122001647949,5.559324264526367,0.012202262878417969
4,5,134,72.0,3.6292827129364014,3.6299052238464355,0.0006225109100341797
4,5,135,86.0,3.9638190269470215,3.9676053524017334,0.003786325454711914
4,5,136,120.0,3.225938320159912,3.2360777854919434,0.01013946533203125
4,5,137,64.0,3.684243679046631,3.681105613708496,-0.0031380653381347656
4,5,138,220.0,2.8231959342956543,2.8262884616851807,0.003092527389526367
4,5,139,92.0,2.984248638153076,2.967477798461914,-0.01677083969116211
4,5,140,180.0,3.4170660972595215,3.4233856201171875,0.006319522857666016
4,5,141,95.0,3.5693070888519287,3.5578606128692627,-0.011446475982666016
4,5,142,72.0,5.436267852783203,5.4306111335754395,-0.005656719207763672
4,5,143,152.0,4.664964199066162,4.665253639221191,0.0002894401550292969
4,5,144,170.0,3.2575697898864746,3.258668899536133,0.0010991096496582031
4,5,145,56.0,4.233151912689209,4.2175469398498535,-0.015604972839355469
4,5,146,174.0,3.632305860519409,3.6394362449645996,0.00713038444519043
4,5,147,191.0,3.26232647895813,3.268737554550171,0.006411075592041016
4,5,148,279.0,3.7231252193450928,3.7152225971221924,-0.00790262222290039
4,5,149,98.0,3.6501717567443848,3.6637556552886963,0.013583898544311523
4,5,150,50.0,3.987290143966675,3.9902639389038086,0.002973794937133789
4,5,151,61.0,3.207566976547241,3.213270902633667,0.005703926086425781
4,5,152,208.0,2.833768367767334,2.8353588581085205,0.0015904903411865234
4,5,153,124.0,3.7818057537078857,3.7782185077667236,-0.0035872459411621094
4,5,154,128.0,3.3032331466674805,3.2995572090148926,-0.0036759376525878906
4,5,155,250.0,4.603071212768555,4.614322662353516,0.011251449584960938
4,5,156,239.0,2.621934175491333,2.621091604232788,-0.0008425712585449219
4,5,157,164.0,2.8648641109466553,2.8575499057769775,-0.007314205169677734
4,5,158,42.0,4.671477317810059,4.659511089324951,-0.011966228485107422
4,5,159,200.0,4.007006645202637,4.014533519744873,0.007526874542236328
4,5,160,209.0,3.638150215148926,3.648777723312378,0.010627508163452148
4,5,161,206.0,3.6040756702423096,3.603757381439209,-0.00031828880310058594
4,5,162,139.0,4.383498191833496,4.3824687004089355,-0.0010294914245605469
4,5,163,76.0,3.7987864017486572,3.798891544342041,0.00010514259338378906
4,5,164,232.0,3.892338275909424,3.8939409255981445,0.0016026496887207031
4,5,165,235.0,3.9155564308166504,3.9158895015716553,0.0003330707550048828
4,5,166,49.0,4.228317737579346,4.2479472160339355,0.019629478454589844
4,5,167,138.0,3.473930835723877,3.468083381652832,-0.005847454071044922
4,5,168,60.0,3.808337450027466,3.802037239074707,-0.006300210952758789
4,5,169,146.0,4.041977882385254,4.046925067901611,0.004947185516357422
4,5,170,57.0,4.420210838317871,4.433605670928955,0.013394832611083984
4,5,171,135.0,3.909317970275879,3.9154562950134277,0.006138324737548828
4,5,172,113.0,3.19097638130188,3.186655282974243,-0.004321098327636719
4,5,173,208.0,4.171577453613281,4.1688232421875,-0.00275421142578125
4,5,174,195.0,2.116305112838745,2.1158876419067383,-0.00041747093200683594
4,5,175,137.0,3.9520905017852783,3.9378137588500977,-0.014276742935180664
4,5,176,91.0,4.97736120223999,4.945361614227295,-0.03199958801269531
4,5,177,66.0,3.994100332260132,3.9750006198883057,-0.019099712371826172
4,5,178,173.0,3.3507070541381836,3.349200487136841,-0.0015065670013427734
4,5,179,89.0,5.353647708892822,5.349602699279785,-0.004045009613037109
4,5,180,231.0,3.6613731384277344,3.6611666679382324,-0.00020647048950195312
4,5,181,71.0,5.397938251495361,5.38468074798584,-0.013257503509521484
4,5,182,98.0,3.963383674621582,3.9799866676330566,0.01660299301147461
4,5,183,215.0,1.998246431350708,2.0030858516693115,0.004839420318603516
4,5,184,159.0,4.383580684661865,4.367301940917969,-0.016278743743896484
4,5,185,86.0,3.697986602783203,3.689145088195801,-0.008841514587402344
4,5,186,92.0,3.4445607662200928,3.43448543548584,-0.01007533073425293
4,5,187,51.0,5.179178714752197,5.189140796661377,0.009962081909179688
4,5,188,86.0,4.734201908111572,4.730403423309326,-0.0037984848022460938
4,5,189,132.0,3.6938047409057617,3.690734624862671,-0.0030701160430908203
4,5,190,214.0,3.9561617374420166,3.9627296924591064,0.006567955017089844
4,5,191,139.0,4.121965408325195,4.115370750427246,-0.006594657897949219
4,5,192,89.0,3.4952480792999268,3.4950082302093506,-0.00023984909057617188
4,5,193,102.0,4.782958507537842,4.783473968505859,0.0005154609680175781
4,5,194,156.0,2.6015143394470215,2.5934040546417236,-0.008110284805297852
4,5,195,87.0,3.839608669281006,3.83316707611084,-0.006441593170166016
4,5,196,175.0,3.2536110877990723,3.2513678073883057,-0.0022432804107666016
4,5,197,136.0,2.3385791778564453,2.332993268966675,-0.005585908889770508
4,5,198,54.0,3.781459093093872,3.782214403152466,0.00075531005859375
4,5,199,71.0,4.556375980377197,4.568048477172852,0.011672496795654297
4,5,200,43.0,4.562034606933594,4.563446044921875,0.00141143798828125
4,5,201,200.0,3.3231818675994873,3.3239121437072754,0.0007302761077880859
4,5,202,60.0,3.5167155265808105,3.5063042640686035,-0.010411262512207031
4,5,203,220.0,3.437206983566284,3.439889907836914,0.002682924270629883
4,5,204,160.0,4.1729278564453125,4.1813435554504395,0.008415699005126953
4,5,205,46.0,3.025144100189209,3.0140421390533447,-0.011101961135864258
4,5,206,189.0,3.507356882095337,3.5035765171051025,-0.003780364990234375
4,5,207,69.0,4.68245792388916,4.684638977050781,0.0021810531616210938
4,5,208,164.0,2.968637228012085,2.9605870246887207,-0.008050203323364258
4,5,209,121.0,3.6657907962799072,3.661266326904297,-0.0045244693756103516
4,5,210,453.0,5.465768337249756,5.463778495788574,-0.0019898414611816406
4,5,211,167.0,3.817554473876953,3.8178346157073975,0.00028014183044433594
4,5,212,79.0,3.6519949436187744,3.654385805130005,0.0023908615112304688
4,5,213,64.0,4.473271369934082,4.495243072509766,0.021971702575683594
4,5,214,214.0,3.5177533626556396,3.518167018890381,0.00041365623474121094
4,5,215,42.0,4.581282615661621,4.615437984466553,0.03415536880493164
4,5,216,85.0,4.406545639038086,4.409029960632324,0.0024843215942382812
4,5,217,45.0,4.909335136413574,4.895305156707764,-0.014029979705810547
4,5,218,96.0,4.346060276031494,4.361323356628418,0.015263080596923828
4,5,219,40.0,3.466945171356201,3.430407762527466,-0.03653740882873535
4,5,220,66.0,4.6993865966796875,4.70041561126709,0.0010290145874023438
4,5,221,262.0,3.4376049041748047,3.4442474842071533,0.006642580032348633
4,5,222,32.0,4.6173553466796875,4.629702568054199,0.012347221374511719
4,5,223,33.0,4.931256294250488,4.928228855133057,-0.0030274391174316406
4,5,224,139.0,2.1582767963409424,2.1510605812072754,-0.007216215133666992
4,5,225,84.0,4.020323753356934,4.012683868408203,-0.007639884948730469
4,5,226,46.0,3.709413528442383,3.7166097164154053,0.007196187973022461
4,5,227,121.0,4.181075572967529,4.184444904327393,0.0033693313598632812
4,5,228,67.0,3.140568971633911,3.142230987548828,0.0016620159149169922
4,5,229,187.0,3.8881711959838867,3.8877737522125244,-0.0003974437713623047
4,5,230,40.0,4.873936176300049,4.870169639587402,-0.0037665367126464844
4,5,231,91.0,3.998016119003296,4.009985446929932,0.011969327926635742
4,5,232,52.0,4.4449782371521,4.4608917236328125,0.01591348648071289
4,5,233,49.0,4.133476257324219,4.131834983825684,-0.0016412734985351562
4,5,234,261.0,3.079342842102051,3.084878444671631,0.005535602569580078
4,5,235,59.0,4.072587490081787,4.0796918869018555,0.007104396820068359
4,5,236,132.0,4.054989814758301,4.05547571182251,0.0004858970642089844
4,5,237,136.0,3.4520623683929443,3.459859609603882,0.0077972412109375
4,5,238,210.0,3.7005720138549805,3.6999776363372803,-0.0005943775177001953
4,5,239,258.0,3.6856272220611572,3.685349464416504,-0.0002777576446533203
4,5,240,203.0,3.5238258838653564,3.5273241996765137,0.0034983158111572266
4,5,241,198.0,3.3618428707122803,3.3651208877563477,0.003278017044067383
4,5,242,85.0,3.468600034713745,3.4599099159240723,-0.008690118789672852
4,5,243,85.0,2.1469109058380127,2.1663944721221924,0.019483566284179688
4,5,244,93.0,4.847414970397949,4.866184234619141,0.018769264221191406
4,5,245,68.0,4.8312296867370605,4.8388471603393555,0.007617473602294922
4,5,246,58.0,4.302565574645996,4.296685695648193,-0.005879878997802734
4,5,247,187.0,3.1594748497009277,3.1583616733551025,-0.0011131763458251953
4,5,248,64.0,2.745805263519287,2.7441465854644775,-0.0016586780548095703
4,5,249,100.0,3.3120670318603516,3.324669599533081,0.012602567672729492
4,5,250,151.0,3.886031150817871,3.8817596435546875,-0.004271507263183594
4,5,251,174.0,3.292135715484619,3.290670871734619,-0.00146484375
4,5,252,126.0,4.651801109313965,4.6531596183776855,0.0013585090637207031
4,5,253,99.0,3.699761390686035,3.7007815837860107,0.001020193099975586
4,5,254,107.0,4.576633453369141,4.591092586517334,0.01445913314819336
4,5,255,116.0,3.825943946838379,3.8274641036987305,0.0015201568603515625
4,6,0,196.0,3.98167085647583,3.976083278656006,-0.005587577819824219
4,6,1,127.0,3.705084800720215,3.708569049835205,0.0034842491149902344
4,6,2,162.0,2.4317469596862793,2.432704210281372,0.0009572505950927734
4,6,3,92.0,5.154407501220703,5.15964412689209,0.005236625671386719
4,6,4,194.0,3.7261335849761963,3.7333548069000244,0.007221221923828125
4,6,5,115.0,3.4317781925201416,3.4257631301879883,-0.00601506233215332
4,6,6,109.0,4.611254692077637,4.620453834533691,0.009199142456054688
4,6,7,48.0,3.824559450149536,3.8280773162841797,0.0035178661346435547
4,6,8,69.0,4.333216190338135,4.337761402130127,0.0045452117919921875
4,6,9,85.0,3.4889185428619385,3.4886631965637207,-0.00025534629821777344
4,6,10,238.0,3.337062358856201,3.335632562637329,-0.0014297962188720703
4,6,11,233.0,3.013906478881836,3.013758659362793,-0.00014781951904296875
4,6,12,208.0,3.644038200378418,3.6421334743499756,-0.0019047260284423828
4,6,13,196.0,3.302739381790161,3.297670364379883,-0.00506901741027832
4,6,14,131.0,3.989900827407837,3.9844160079956055,-0.005484819412231445
4,6,15,125.0,3.2012383937835693,3.2077949047088623,0.006556510925292969
4,6,16,61.0,4.757500171661377,4.768227577209473,0.010727405548095703
4,6,17,164.0,2.6241273880004883,2.6241953372955322,6.794929504394531e-05
4,6,18,107.0,3.8216171264648438,3.812354564666748,-0.009262561798095703
4,6,19,48.0,4.036356449127197,4.024116039276123,-0.012240409851074219
4,6,20,74.0,2.6907341480255127,2.6787755489349365,-0.011958599090576172
4,6,21,103.0,2.9307749271392822,2.925727605819702,-0.005047321319580078
4,6,22,114.0,3.8854269981384277,3.8897485733032227,0.004321575164794922
4,6,23,50.0,6.480540752410889,6.491464138031006,0.010923385620117188
4,6,24,281.0,3.1489627361297607,3.1513006687164307,0.002337932586669922
4,6,25,247.0,2.5188822746276855,2.5211703777313232,0.0022881031036376953
4,6,26,173.0,4.413876056671143,4.408840179443359,-0.005035877227783203
4,6,27,166.0,3.707796812057495,3.703946352005005,-0.0038504600524902344
4,6,28,98.0,3.151510238647461,3.1579301357269287,0.0064198970794677734
4,6,29,174.0,3.586359739303589,3.5835089683532715,-0.002850770950317383
4,6,30,173.0,3.190525531768799,3.199063539505005,0.008538007736206055
4,6,31,215.0,4.340093612670898,4.343980312347412,0.003886699676513672
4,6,32,186.0,3.4789488315582275,3.4832770824432373,0.004328250885009766
4,6,33,153.0,2.9326295852661133,2.9283359050750732,-0.004293680191040039
4,6,34,147.0,4.1311798095703125,4.128933429718018,-0.002246379852294922
4,6,35,50.0,4.620577812194824,4.6283135414123535,0.007735729217529297
4,6,36,86.0,3.942690134048462,3.920159339904785,-0.022530794143676758
4,6,37,154.0,4.250033378601074,4.238763332366943,-0.01127004623413086
4,6,38,265.0,2.933018684387207,2.928434133529663,-0.004584550857543945
4,6,39,199.0,3.941709518432617,3.9448211193084717,0.003111600875854492
4,6,40,138.0,4.430899620056152,4.412771701812744,-0.018127918243408203
4,6,41,98.0,4.048152923583984,4.049882411956787,0.0017294883728027344
4,6,42,167.0,2.98820424079895,2.985166311264038,-0.0030379295349121094
4,6,43,288.0,4.51556396484375,4.514552116394043,-0.0010118484497070312
4,6,44,225.0,3.134540557861328,3.1306679248809814,-0.0038726329803466797
4,6,45,191.0,3.475728988647461,3.4701027870178223,-0.005626201629638672
4,6,46,92.0,5.071820259094238,5.073797702789307,0.0019774436950683594
4,6,47,41.0,5.766663551330566,5.770813941955566,0.004150390625
4,6,48,231.0,3.4077651500701904,3.401273012161255,-0.006492137908935547
4,6,49,101.0,2.9521121978759766,2.9501335620880127,-0.001978635787963867
4,6,50,177.0,3.6662821769714355,3.6695361137390137,0.003253936767578125
4,6,51,252.0,4.05861759185791,4.059037685394287,0.0004200935363769531
4,6,52,259.0,3.3747026920318604,3.374985933303833,0.00028324127197265625
4,6,53,47.0,4.065746307373047,4.066335678100586,0.0005893707275390625
4,6,54,164.0,2.495858669281006,2.492964267730713,-0.0028944015502929688
4,6,55,94.0,4.066493034362793,4.065189361572266,-0.0013036727905273438
4,6,56,103.0,4.11627721786499,4.1141557693481445,-0.002121448516845703
4,6,57,78.0,3.913255453109741,3.925197124481201,0.011941671371459961
4,6,58,239.0,3.692802906036377,3.6962504386901855,0.0034475326538085938
4,6,59,271.0,4.881155014038086,4.87969446182251,-0.0014605522155761719
4,6,60,162.0,3.3450679779052734,3.347686290740967,0.0026183128356933594
4,6,61,179.0,3.870093584060669,3.878436326980591,0.008342742919921875
4,6,62,218.0,3.1762454509735107,3.1793010234832764,0.003055572509765625
4,6,63,81.0,3.809858798980713,3.8205318450927734,0.010673046112060547
4,6,64,93.0,4.687077522277832,4.695279121398926,0.00820159912109375
4,6,65,72.0,4.558295249938965,4.556743144989014,-0.0015521049499511719
4,6,66,230.0,3.737887382507324,3.732290744781494,-0.005596637725830078
4,6,67,99.0,3.1625142097473145,3.170032024383545,0.007517814636230469
4,6,68,213.0,3.218388557434082,3.223907232284546,0.005518674850463867
4,6,69,119.0,3.072978973388672,3.0786221027374268,0.005643129348754883
4,6,70,161.0,3.529710531234741,3.522251605987549,-0.007458925247192383
4,6,71,90.0,4.394758224487305,4.409435272216797,0.014677047729492188
4,6,72,181.0,3.6989989280700684,3.699392795562744,0.00039386749267578125
4,6,73,95.0,4.745315074920654,4.756359100341797,0.011044025421142578
4,6,74,245.0,2.801177740097046,2.8086087703704834,0.0074310302734375
4,6,75,93.0,2.319314956665039,2.324571132659912,0.005256175994873047
4,6,76,225.0,3.1077821254730225,3.110964059829712,0.003181934356689453
4,6,77,61.0,4.027099132537842,4.018083095550537,-0.009016036987304688
4,6,78,257.0,4.246406078338623,4.251710891723633,0.005304813385009766
4,6,79,165.0,3.7203760147094727,3.718376874923706,-0.0019991397857666016
4,6,80,117.0,4.752804279327393,4.754550457000732,0.0017461776733398438
4,6,81,89.0,4.279232025146484,4.285161972045898,0.0059299468994140625
4,6,82,291.0,4.08609676361084,4.086018085479736,-7.867813110351562e-05
4,6,83,93.0,4.042176723480225,4.029145240783691,-0.013031482696533203
4,6,84,228.0,2.8949825763702393,2.897914409637451,0.002931833267211914
4,6,85,131.0,3.406266927719116,3.402048349380493,-0.004218578338623047
4,6,86,191.0,4.77057409286499,4.777149677276611,0.006575584411621094
4,6,87,238.0,5.341985702514648,5.346817970275879,0.004832267761230469
4,6,88,210.0,3.7304000854492188,3.734215259552002,0.003815174102783203
4,6,89,107.0,4.658895492553711,4.657033920288086,-0.001861572265625
4,6,90,217.0,3.256716728210449,3.255502223968506,-0.0012145042419433594
4,6,91,199.0,3.479922294616699,3.478346347808838,-0.0015759468078613281
4,6,92,84.0,2.9870519638061523,2.9860622882843018,-0.000989675521850586
4,6,93,271.0,4.167789459228516,4.158068656921387,-0.009720802307128906
4,6,94,226.0,3.797963857650757,3.7886219024658203,-0.009341955184936523
4,6,95,258.0,4.302313327789307,4.300564289093018,-0.0017490386962890625
4,6,96,86.0,4.009377479553223,4.016765594482422,0.007388114929199219
4,6,97,142.0,4.886353492736816,4.888810157775879,0.0024566650390625
4,6,98,42.0,4.73474645614624,4.7381768226623535,0.0034303665161132812
4,6,99,224.0,3.053419828414917,3.059849500656128,0.0064296722412109375
4,6,100,197.0,2.6848225593566895,2.6820130348205566,-0.0028095245361328125
4,6,101,85.0,3.080362558364868,3.0870842933654785,0.0067217350006103516
4,6,102,195.0,3.4633231163024902,3.47033953666687,0.007016420364379883
4,6,103,102.0,4.20768404006958,4.212457656860352,0.004773616790771484
4,6,104,181.0,3.711848735809326,3.726059675216675,0.014210939407348633
4,6,105,72.0,2.723045587539673,2.7267329692840576,0.0036873817443847656
4,6,106,130.0,4.976626396179199,4.985235214233398,0.008608818054199219
4,6,107,62.0,3.1819393634796143,3.176607131958008,-0.005332231521606445
4,6,108,263.0,4.0605854988098145,4.06031608581543,-0.0002694129943847656
4,6,109,194.0,3.1560444831848145,3.1580593585968018,0.0020148754119873047
4,6,110,174.0,3.211611032485962,3.219271183013916,0.0076601505279541016
4,6,111,235.0,4.168798446655273,4.166154861450195,-0.002643585205078125
4,6,112,143.0,4.279087066650391,4.278152942657471,-0.0009341239929199219
4,6,113,117.0,4.890145778656006,4.874157905578613,-0.015987873077392578
4,6,114,160.0,4.253233909606934,4.249683856964111,-0.0035500526428222656
4,6,115,115.0,3.9266409873962402,3.9211559295654297,-0.005485057830810547
4,6,116,120.0,3.8633739948272705,3.8660032749176025,0.0026292800903320312
4,6,117,186.0,4.1213459968566895,4.119802951812744,-0.0015430450439453125
4,6,118,138.0,3.296036958694458,3.2939469814300537,-0.002089977264404297
4,6,119,80.0,3.554978847503662,3.5410914421081543,-0.013887405395507812
4,6,120,164.0,3.3612916469573975,3.362131357192993,0.0008397102355957031
4,6,121,215.0,3.762061357498169,3.766291618347168,0.0042302608489990234
4,6,122,81.0,3.60632061958313,3.6025571823120117,-0.003763437271118164
4,6,123,171.0,3.4178876876831055,3.4098258018493652,-0.008061885833740234
4,6,124,41.0,4.780884742736816,4.770694255828857,-0.010190486907958984
4,6,125,103.0,4.1708221435546875,4.1672515869140625,-0.003570556640625
4,6,126,145.0,3.385586977005005,3.3982434272766113,0.012656450271606445
4,6,127,102.0,3.511989116668701,3.5064826011657715,-0.0055065155029296875
4,6,128,157.0,4.545989513397217,4.544732093811035,-0.0012574195861816406
4,6,129,161.0,3.612820625305176,3.5982255935668945,-0.01459503173828125
4,6,130,248.0,3.595446825027466,3.60477876663208,0.009331941604614258
4,6,131,240.0,4.314742088317871,4.310347557067871,-0.00439453125
4,6,132,284.0,3.515221118927002,3.5150957107543945,-0.00012540817260742188
4,6,133,105.0,5.547122001647949,5.544163703918457,-0.0029582977294921875
4,6,134,72.0,3.6292827129364014,3.633124351501465,0.0038416385650634766
4,6,135,86.0,3.9638190269470215,3.955754518508911,-0.008064508438110352
4,6,136,120.0,3.225938320159912,3.233290672302246,0.007352352142333984
4,6,137,64.0,3.684243679046631,3.692797899246216,0.008554220199584961
4,6,138,220.0,2.8231959342956543,2.829763412475586,0.006567478179931641
4,6,139,92.0,2.984248638153076,2.964967727661133,-0.01928091049194336
4,6,140,180.0,3.4170660972595215,3.4119601249694824,-0.0051059722900390625
4,6,141,95.0,3.5693070888519287,3.5636067390441895,-0.005700349807739258
4,6,142,72.0,5.436267852783203,5.443984031677246,0.007716178894042969
4,6,143,152.0,4.664964199066162,4.669626235961914,0.004662036895751953
4,6,144,170.0,3.2575697898864746,3.2601046562194824,0.0025348663330078125
4,6,145,56.0,4.233151912689209,4.2221479415893555,-0.011003971099853516
4,6,146,174.0,3.632305860519409,3.6366143226623535,0.004308462142944336
4,6,147,191.0,3.26232647895813,3.2653045654296875,0.002978086471557617
4,6,148,279.0,3.7231252193450928,3.7243192195892334,0.001194000244140625
4,6,149,98.0,3.6501717567443848,3.658689022064209,0.008517265319824219
4,6,150,50.0,3.987290143966675,3.982182025909424,-0.0051081180572509766
4,6,151,61.0,3.207566976547241,3.2180469036102295,0.010479927062988281
4,6,152,208.0,2.833768367767334,2.8273568153381348,-0.006411552429199219
4,6,153,124.0,3.7818057537078857,3.778475284576416,-0.0033304691314697266
4,6,154,128.0,3.3032331466674805,3.3037028312683105,0.0004696846008300781
4,6,155,250.0,4.603071212768555,4.6041131019592285,0.0010418891906738281
4,6,156,239.0,2.621934175491333,2.6160759925842285,-0.005858182907104492
4,6,157,164.0,2.8648641109466553,2.862761974334717,-0.0021021366119384766
4,6,158,42.0,4.671477317810059,4.672300338745117,0.0008230209350585938
4,6,159,200.0,4.007006645202637,4.010159969329834,0.0031533241271972656
4,6,160,209.0,3.638150215148926,3.641181230545044,0.003031015396118164
4,6,161,206.0,3.6040756702423096,3.6054763793945312,0.0014007091522216797
4,6,162,139.0,4.383498191833496,4.388280391693115,0.004782199859619141
4,6,163,76.0,3.7987864017486572,3.787094831466675,-0.011691570281982422
4,6,164,232.0,3.892338275909424,3.894869565963745,0.002531290054321289
4,6,165,235.0,3.9155564308166504,3.9126811027526855,-0.0028753280639648438
4,6,166,49.0,4.228317737579346,4.237224578857422,0.008906841278076172
4,6,167,138.0,3.473930835723877,3.4718310832977295,-0.002099752426147461
4,6,168,60.0,3.808337450027466,3.82188081741333,0.013543367385864258
4,6,169,146.0,4.041977882385254,4.037860870361328,-0.004117012023925781
4,6,170,57.0,4.420210838317871,4.426451683044434,0.0062408447265625
4,6,171,135.0,3.909317970275879,3.9074535369873047,-0.0018644332885742188
4,6,172,113.0,3.19097638130188,3.1940691471099854,0.0030927658081054688
4,6,173,208.0,4.171577453613281,4.168488025665283,-0.003089427947998047
4,6,174,195.0,2.116305112838745,2.1165497303009033,0.0002446174621582031
4,6,175,137.0,3.9520905017852783,3.9565188884735107,0.004428386688232422
4,6,176,91.0,4.97736120223999,4.978027820587158,0.0006666183471679688
4,6,177,66.0,3.994100332260132,3.9881064891815186,-0.005993843078613281
4,6,178,173.0,3.3507070541381836,3.3488657474517822,-0.0018413066864013672
4,6,179,89.0,5.353647708892822,5.367491245269775,0.013843536376953125
4,6,180,231.0,3.6613731384277344,3.663017749786377,0.0016446113586425781
4,6,181,71.0,5.397938251495361,5.397576332092285,-0.0003619194030761719
4,6,182,98.0,3.963383674621582,3.9732186794281006,0.009835004806518555
4,6,183,215.0,1.998246431350708,1.99901282787323,0.0007663965225219727
4,6,184,159.0,4.383580684661865,4.382978916168213,-0.0006017684936523438
4,6,185,86.0,3.697986602783203,3.689850091934204,-0.008136510848999023
4,6,186,92.0,3.4445607662200928,3.4460363388061523,0.0014755725860595703
4,6,187,51.0,5.179178714752197,5.168996810913086,-0.010181903839111328
4,6,188,86.0,4.734201908111572,4.7458367347717285,0.01163482666015625
4,6,189,132.0,3.6938047409057617,3.7060158252716064,0.012211084365844727
4,6,190,214.0,3.9561617374420166,3.953979730606079,-0.0021820068359375
4,6,191,139.0,4.121965408325195,4.115379810333252,-0.006585597991943359
4,6,192,89.0,3.4952480792999268,3.470522880554199,-0.02472519874572754
4,6,193,102.0,4.782958507537842,4.77206563949585,-0.010892868041992188
4,6,194,156.0,2.6015143394470215,2.596169948577881,-0.005344390869140625
4,6,195,87.0,3.839608669281006,3.8322227001190186,-0.007385969161987305
4,6,196,175.0,3.2536110877990723,3.2514450550079346,-0.0021660327911376953
4,6,197,136.0,2.3385791778564453,2.336334466934204,-0.002244710922241211
4,6,198,54.0,3.781459093093872,3.783647060394287,0.002187967300415039
4,6,199,71.0,4.556375980377197,4.562227725982666,0.00585174560546875
4,6,200,43.0,4.562034606933594,4.551388263702393,-0.010646343231201172
4,6,201,200.0,3.3231818675994873,3.3275814056396484,0.004399538040161133
4,6,202,60.0,3.5167155265808105,3.5220861434936523,0.005370616912841797
4,6,203,220.0,3.437206983566284,3.4409632682800293,0.003756284713745117
4,6,204,160.0,4.1729278564453125,4.170638561248779,-0.002289295196533203
4,6,205,46.0,3.025144100189209,3.027458429336548,0.002314329147338867
4,6,206,189.0,3.507356882095337,3.5089633464813232,0.0016064643859863281
4,6,207,69.0,4.68245792388916,4.6737589836120605,-0.00869894027709961
4,6,208,164.0,2.968637228012085,2.962479829788208,-0.006157398223876953
4,6,209,121.0,3.6657907962799072,3.6591100692749023,-0.006680727005004883
4,6,210,453.0,5.465768337249756,5.471341133117676,0.005572795867919922
4,6,211,167.0,3.817554473876953,3.8189244270324707,0.0013699531555175781
4,6,212,79.0,3.6519949436187744,3.6494133472442627,-0.0025815963745117188
4,6,213,64.0,4.473271369934082,4.488359451293945,0.015088081359863281
4,6,214,214.0,3.5177533626556396,3.519430637359619,0.0016772747039794922
4,6,215,42.0,4.581282615661621,4.597012519836426,0.015729904174804688
4,6,216,85.0,4.406545639038086,4.413092613220215,0.006546974182128906
4,6,217,45.0,4.909335136413574,4.926342964172363,0.017007827758789062
4,6,218,96.0,4.346060276031494,4.35099983215332,0.004939556121826172
4,6,219,40.0,3.466945171356201,3.4731431007385254,0.006197929382324219
4,6,220,66.0,4.6993865966796875,4.70620059967041,0.006814002990722656
4,6,221,262.0,3.4376049041748047,3.4392168521881104,0.001611948013305664
4,6,222,32.0,4.6173553466796875,4.602191925048828,-0.015163421630859375
4,6,223,33.0,4.931256294250488,4.941481113433838,0.01022481918334961
4,6,224,139.0,2.1582767963409424,2.160062551498413,0.0017857551574707031
4,6,225,84.0,4.020323753356934,4.019437313079834,-0.0008864402770996094
4,6,226,46.0,3.709413528442383,3.721938371658325,0.012524843215942383
4,6,227,121.0,4.181075572967529,4.180127143859863,-0.0009484291076660156
4,6,228,67.0,3.140568971633911,3.1439504623413086,0.003381490707397461
4,6,229,187.0,3.8881711959838867,3.8919146060943604,0.003743410110473633
4,6,230,40.0,4.873936176300049,4.868300914764404,-0.005635261535644531
4,6,231,91.0,3.998016119003296,4.0052313804626465,0.007215261459350586
4,6,232,52.0,4.4449782371521,4.461944580078125,0.01696634292602539
4,6,233,49.0,4.133476257324219,4.136898040771484,0.003421783447265625
4,6,234,261.0,3.079342842102051,3.0797882080078125,0.00044536590576171875
4,6,235,59.0,4.072587490081787,4.085388660430908,0.012801170349121094
4,6,236,132.0,4.054989814758301,4.053759574890137,-0.0012302398681640625
4,6,237,136.0,3.4520623683929443,3.4556074142456055,0.003545045852661133
4,6,238,210.0,3.7005720138549805,3.693181037902832,-0.0073909759521484375
4,6,239,258.0,3.6856272220611572,3.6781039237976074,-0.007523298263549805
4,6,240,203.0,3.5238258838653564,3.5225014686584473,-0.0013244152069091797
4,6,241,198.0,3.3618428707122803,3.3652331829071045,0.0033903121948242188
4,6,242,85.0,3.468600034713745,3.466198444366455,-0.002401590347290039
4,6,243,85.0,2.1469109058380127,2.1461598873138428,-0.0007510185241699219
4,6,244,93.0,4.847414970397949,4.840818881988525,-0.006596088409423828
4,6,245,68.0,4.8312296867370605,4.815983772277832,-0.015245914459228516
4,6,246,58.0,4.302565574645996,4.312822341918945,0.010256767272949219
4,6,247,187.0,3.1594748497009277,3.15531063079834,-0.004164218902587891
4,6,248,64.0,2.745805263519287,2.7407491207122803,-0.005056142807006836
4,6,249,100.0,3.3120670318603516,3.301114559173584,-0.010952472686767578
4,6,250,151.0,3.886031150817871,3.8919544219970703,0.005923271179199219
4,6,251,174.0,3.292135715484619,3.2931840419769287,0.0010483264923095703
4,6,252,126.0,4.651801109313965,4.652154922485352,0.00035381317138671875
4,6,253,99.0,3.699761390686035,3.691362142562866,-0.008399248123168945
4,6,254,107.0,4.576633453369141,4.580389022827148,0.0037555694580078125
4,6,255,116.0,3.825943946838379,3.8227975368499756,-0.0031464099884033203
4,7,0,196.0,3.98167085647583,3.981849193572998,0.00017833709716796875
4,7,1,127.0,3.705084800720215,3.7045726776123047,-0.0005121231079101562
4,7,2,162.0,2.4317469596862793,2.4408552646636963,0.009108304977416992
4,7,3,92.0,5.154407501220703,5.1487298011779785,-0.005677700042724609
4,7,4,194.0,3.7261335849761963,3.7352237701416016,0.009090185165405273
4,7,5,115.0,3.4317781925201416,3.4342904090881348,0.002512216567993164
4,7,6,109.0,4.611254692077637,4.605081081390381,-0.006173610687255859
4,7,7,48.0,3.824559450149536,3.8144772052764893,-0.010082244873046875
4,7,8,69.0,4.333216190338135,4.34169340133667,0.008477210998535156
4,7,9,85.0,3.4889185428619385,3.5073063373565674,0.018387794494628906
4,7,10,238.0,3.337062358856201,3.334899425506592,-0.002162933349609375
4,7,11,233.0,3.013906478881836,3.0088155269622803,-0.005090951919555664
4,7,12,208.0,3.644038200378418,3.6336452960968018,-0.010392904281616211
4,7,13,196.0,3.302739381790161,3.3076274394989014,0.004888057708740234
4,7,14,131.0,3.989900827407837,3.9852235317230225,-0.004677295684814453
4,7,15,125.0,3.2012383937835693,3.2032766342163086,0.002038240432739258
4,7,16,61.0,4.757500171661377,4.762596607208252,0.005096435546875
4,7,17,164.0,2.6241273880004883,2.612001419067383,-0.012125968933105469
4,7,18,107.0,3.8216171264648438,3.804638385772705,-0.016978740692138672
4,7,19,48.0,4.036356449127197,4.055164337158203,0.01880788803100586
4,7,20,74.0,2.6907341480255127,2.6851840019226074,-0.0055501461029052734
4,7,21,103.0,2.9307749271392822,2.938429832458496,0.007654905319213867
4,7,22,114.0,3.8854269981384277,3.898489236831665,0.013062238693237305
4,7,23,50.0,6.480540752410889,6.5502519607543945,0.06971120834350586
4,7,24,281.0,3.1489627361297607,3.155651569366455,0.006688833236694336
4,7,25,247.0,2.5188822746276855,2.512798547744751,-0.00608372688293457
4,7,26,173.0,4.413876056671143,4.41328763961792,-0.0005884170532226562
4,7,27,166.0,3.707796812057495,3.6993298530578613,-0.008466958999633789
4,7,28,98.0,3.151510238647461,3.174591064453125,0.023080825805664062
4,7,29,174.0,3.586359739303589,3.5816218852996826,-0.00473785400390625
4,7,30,173.0,3.190525531768799,3.20257568359375,0.012050151824951172
4,7,31,215.0,4.340093612670898,4.334333896636963,-0.005759716033935547
4,7,32,186.0,3.4789488315582275,3.473101854324341,-0.005846977233886719
4,7,33,153.0,2.9326295852661133,2.9218502044677734,-0.010779380798339844
4,7,34,147.0,4.1311798095703125,4.124630451202393,-0.006549358367919922
4,7,35,50.0,4.620577812194824,4.629063606262207,0.008485794067382812
4,7,36,86.0,3.942690134048462,3.941025733947754,-0.0016644001007080078
4,7,37,154.0,4.250033378601074,4.243391990661621,-0.006641387939453125
4,7,38,265.0,2.933018684387207,2.943004608154297,0.009985923767089844
4,7,39,199.0,3.941709518432617,3.940183401107788,-0.0015261173248291016
4,7,40,138.0,4.430899620056152,4.432406425476074,0.001506805419921875
4,7,41,98.0,4.048152923583984,4.057995796203613,0.009842872619628906
4,7,42,167.0,2.98820424079895,2.99668025970459,0.008476018905639648
4,7,43,288.0,4.51556396484375,4.526117324829102,0.010553359985351562
4,7,44,225.0,3.134540557861328,3.139906883239746,0.005366325378417969
4,7,45,191.0,3.475728988647461,3.464416265487671,-0.011312723159790039
4,7,46,92.0,5.071820259094238,5.065404415130615,-0.006415843963623047
4,7,47,41.0,5.766663551330566,5.791294097900391,0.02463054656982422
4,7,48,231.0,3.4077651500701904,3.4035637378692627,-0.004201412200927734
4,7,49,101.0,2.9521121978759766,2.953657627105713,0.0015454292297363281
4,7,50,177.0,3.6662821769714355,3.6609582901000977,-0.005323886871337891
4,7,51,252.0,4.05861759185791,4.066697597503662,0.008080005645751953
4,7,52,259.0,3.3747026920318604,3.380171537399292,0.005468845367431641
4,7,53,47.0,4.065746307373047,4.0520453453063965,-0.01370096206665039
4,7,54,164.0,2.495858669281006,2.4942691326141357,-0.0015895366668701172
4,7,55,94.0,4.066493034362793,4.082902908325195,0.016409873962402344
4,7,56,103.0,4.11627721786499,4.135422706604004,0.019145488739013672
4,7,57,78.0,3.913255453109741,3.9161205291748047,0.0028650760650634766
4,7,58,239.0,3.692802906036377,3.6841938495635986,-0.00860905647277832
4,7,59,271.0,4.881155014038086,4.875125408172607,-0.006029605865478516
4,7,60,162.0,3.3450679779052734,3.348906993865967,0.0038390159606933594
4,7,61,179.0,3.870093584060669,3.861736536026001,-0.008357048034667969
4,7,62,218.0,3.1762454509735107,3.176985502243042,0.00074005126953125
4,7,63,81.0,3.809858798980713,3.8293769359588623,0.019518136978149414
4,7,64,93.0,4.687077522277832,4.6833577156066895,-0.003719806671142578
4,7,65,72.0,4.558295249938965,4.5576276779174805,-0.000667572021484375
4,7,66,230.0,3.737887382507324,3.735358953475952,-0.0025284290313720703
4,7,67,99.0,3.1625142097473145,3.173337936401367,0.010823726654052734
4,7,68,213.0,3.218388557434082,3.2218801975250244,0.003491640090942383
4,7,69,119.0,3.072978973388672,3.080935001373291,0.00795602798461914
4,7,70,161.0,3.529710531234741,3.527733564376831,-0.0019769668579101562
4,7,71,90.0,4.394758224487305,4.406805992126465,0.012047767639160156
4,7,72,181.0,3.6989989280700684,3.6922149658203125,-0.006783962249755859
4,7,73,95.0,4.745315074920654,4.732271671295166,-0.013043403625488281
4,7,74,245.0,2.801177740097046,2.7904152870178223,-0.010762453079223633
4,7,75,93.0,2.319314956665039,2.327651262283325,0.008336305618286133
4,7,76,225.0,3.1077821254730225,3.114401340484619,0.00661921501159668
4,7,77,61.0,4.027099132537842,4.014216899871826,-0.012882232666015625
4,7,78,257.0,4.246406078338623,4.240677833557129,-0.005728244781494141
4,7,79,165.0,3.7203760147094727,3.7281675338745117,0.0077915191650390625
4,7,80,117.0,4.752804279327393,4.732997894287109,-0.019806385040283203
4,7,81,89.0,4.279232025146484,4.301858425140381,0.022626399993896484
4,7,82,291.0,4.08609676361084,4.085081577301025,-0.0010151863098144531
4,7,83,93.0,4.042176723480225,4.042647838592529,0.0004711151123046875
4,7,84,228.0,2.8949825763702393,2.8945369720458984,-0.0004456043243408203
4,7,85,131.0,3.406266927719116,3.4027514457702637,-0.003515481948852539
4,7,86,191.0,4.77057409286499,4.7742180824279785,0.0036439895629882812
4,7,87,238.0,5.341985702514648,5.353036403656006,0.011050701141357422
4,7,88,210.0,3.7304000854492188,3.7364094257354736,0.006009340286254883
4,7,89,107.0,4.658895492553711,4.658230781555176,-0.0006647109985351562
4,7,90,217.0,3.256716728210449,3.251842498779297,-0.004874229431152344
4,7,91,199.0,3.479922294616699,3.4816625118255615,0.0017402172088623047
4,7,92,84.0,2.9870519638061523,2.980095624923706,-0.006956338882446289
4,7,93,271.0,4.167789459228516,4.154182434082031,-0.013607025146484375
4,7,94,226.0,3.797963857650757,3.7951881885528564,-0.0027756690979003906
4,7,95,258.0,4.302313327789307,4.304103374481201,0.0017900466918945312
4,7,96,86.0,4.009377479553223,4.034579753875732,0.025202274322509766
4,7,97,142.0,4.886353492736816,4.898637294769287,0.012283802032470703
4,7,98,42.0,4.73474645614624,4.730875492095947,-0.0038709640502929688
4,7,99,224.0,3.053419828414917,3.0488078594207764,-0.004611968994140625
4,7,100,197.0,2.6848225593566895,2.6730291843414307,-0.011793375015258789
4,7,101,85.0,3.080362558364868,3.105365753173828,0.02500319480895996
4,7,102,195.0,3.4633231163024902,3.461045742034912,-0.002277374267578125
4,7,103,102.0,4.20768404006958,4.214621067047119,0.0069370269775390625
4,7,104,181.0,3.711848735809326,3.7142701148986816,0.0024213790893554688
4,7,105,72.0,2.723045587539673,2.7243459224700928,0.0013003349304199219
4,7,106,130.0,4.976626396179199,4.983491897583008,0.006865501403808594
4,7,107,62.0,3.1819393634796143,3.168978214263916,-0.012961149215698242
4,7,108,263.0,4.0605854988098145,4.064455986022949,0.0038704872131347656
4,7,109,194.0,3.1560444831848145,3.152827262878418,-0.0032172203063964844
4,7,110,174.0,3.211611032485962,3.217877149581909,0.006266117095947266
4,7,111,235.0,4.168798446655273,4.1729865074157715,0.004188060760498047
4,7,112,143.0,4.279087066650391,4.284894943237305,0.0058078765869140625
4,7,113,117.0,4.890145778656006,4.881570339202881,-0.008575439453125
4,7,114,160.0,4.253233909606934,4.249058723449707,-0.0041751861572265625
4,7,115,115.0,3.9266409873962402,3.897861957550049,-0.028779029846191406
4,7,116,120.0,3.8633739948272705,3.8584187030792236,-0.004955291748046875
4,7,117,186.0,4.1213459968566895,4.122227191925049,0.000881195068359375
4,7,118,138.0,3.296036958694458,3.3003990650177,0.0043621063232421875
4,7,119,80.0,3.554978847503662,3.525202989578247,-0.02977585792541504
4,7,120,164.0,3.3612916469573975,3.3516807556152344,-0.009610891342163086
4,7,121,215.0,3.762061357498169,3.7669413089752197,0.004879951477050781
4,7,122,81.0,3.60632061958313,3.5881075859069824,-0.01821303367614746
4,7,123,171.0,3.4178876876831055,3.4261720180511475,0.008284330368041992
4,7,124,41.0,4.780884742736816,4.769461631774902,-0.011423110961914062
4,7,125,103.0,4.1708221435546875,4.175759792327881,0.004937648773193359
4,7,126,145.0,3.385586977005005,3.3909740447998047,0.005387067794799805
4,7,127,102.0,3.511989116668701,3.512552261352539,0.0005631446838378906
4,7,128,157.0,4.545989513397217,4.550073623657227,0.004084110260009766
4,7,129,161.0,3.612820625305176,3.6056394577026367,-0.0071811676025390625
4,7,130,248.0,3.595446825027466,3.5926995277404785,-0.0027472972869873047
4,7,131,240.0,4.314742088317871,4.320467948913574,0.005725860595703125
4,7,132,284.0,3.515221118927002,3.5138494968414307,-0.001371622085571289
4,7,133,105.0,5.547122001647949,5.563872814178467,0.016750812530517578
4,7,134,72.0,3.6292827129364014,3.6366701126098633,0.007387399673461914
4,7,135,86.0,3.9638190269470215,3.9661500453948975,0.0023310184478759766
4,7,136,120.0,3.225938320159912,3.229949951171875,0.004011631011962891
4,7,137,64.0,3.684243679046631,3.678856134414673,-0.005387544631958008
4,7,138,220.0,2.8231959342956543,2.8400096893310547,0.01681375503540039
4,7,139,92.0,2.984248638153076,2.978520631790161,-0.005728006362915039
4,7,140,180.0,3.4170660972595215,3.4117207527160645,-0.005345344543457031
4,7,141,95.0,3.5693070888519287,3.567211627960205,-0.002095460891723633
4,7,142,72.0,5.436267852783203,5.44923210144043,0.012964248657226562
4,7,143,152.0,4.664964199066162,4.674755096435547,0.009790897369384766
4,7,144,170.0,3.2575697898864746,3.2687222957611084,0.011152505874633789
4,7,145,56.0,4.233151912689209,4.239875793457031,0.006723880767822266
4,7,146,174.0,3.632305860519409,3.6375503540039062,0.00524449348449707
4,7,147,191.0,3.26232647895813,3.2668051719665527,0.0044786930084228516
4,7,148,279.0,3.7231252193450928,3.7104952335357666,-0.012629985809326172
4,7,149,98.0,3.6501717567443848,3.6640148162841797,0.013843059539794922
4,7,150,50.0,3.987290143966675,3.9920032024383545,0.0047130584716796875
4,7,151,61.0,3.207566976547241,3.198218822479248,-0.009348154067993164
4,7,152,208.0,2.833768367767334,2.832878589630127,-0.0008897781372070312
4,7,153,124.0,3.7818057537078857,3.7769150733947754,-0.0048906803131103516
4,7,154,128.0,3.3032331466674805,3.304767370223999,0.0015342235565185547
4,7,155,250.0,4.603071212768555,4.619123458862305,0.01605224609375
4,7,156,239.0,2.621934175491333,2.6337170600891113,0.01178288459777832
4,7,157,164.0,2.8648641109466553,2.8576109409332275,-0.007253170013427734
4,7,158,42.0,4.671477317810059,4.653263092041016,-0.01821422576904297
4,7,159,200.0,4.007006645202637,4.009786605834961,0.0027799606323242188
4,7,160,209.0,3.638150215148926,3.6135177612304688,-0.02463245391845703
4,7,161,206.0,3.6040756702423096,3.607837200164795,0.0037615299224853516
4,7,162,139.0,4.383498191833496,4.370870590209961,-0.012627601623535156
4,7,163,76.0,3.7987864017486572,3.8035271167755127,0.004740715026855469
4,7,164,232.0,3.892338275909424,3.8892853260040283,-0.003052949905395508
4,7,165,235.0,3.9155564308166504,3.9139180183410645,-0.0016384124755859375
4,7,166,49.0,4.228317737579346,4.233936786651611,0.005619049072265625
4,7,167,138.0,3.473930835723877,3.465484619140625,-0.008446216583251953
4,7,168,60.0,3.808337450027466,3.8047664165496826,-0.003571033477783203
4,7,169,146.0,4.041977882385254,4.04738187789917,0.005403995513916016
4,7,170,57.0,4.420210838317871,4.438085079193115,0.01787424087524414
4,7,171,135.0,3.909317970275879,3.9125168323516846,0.003198862075805664
4,7,172,113.0,3.19097638130188,3.188305377960205,-0.0026710033416748047
4,7,173,208.0,4.171577453613281,4.174777984619141,0.003200531005859375
4,7,174,195.0,2.116305112838745,2.1156699657440186,-0.0006351470947265625
4,7,175,137.0,3.9520905017852783,3.9596946239471436,0.007604122161865234
4,7,176,91.0,4.97736120223999,4.98006010055542,0.0026988983154296875
4,7,177,66.0,3.994100332260132,4.004744052886963,0.010643720626831055
4,7,178,173.0,3.3507070541381836,3.360586166381836,0.009879112243652344
4,7,179,89.0,5.353647708892822,5.367525100708008,0.013877391815185547
4,7,180,231.0,3.6613731384277344,3.6626737117767334,0.0013005733489990234
4,7,181,71.0,5.397938251495361,5.352657318115234,-0.04528093338012695
4,7,182,98.0,3.963383674621582,3.9639289379119873,0.0005452632904052734
4,7,183,215.0,1.998246431350708,2.0019357204437256,0.003689289093017578
4,7,184,159.0,4.383580684661865,4.388318061828613,0.004737377166748047
4,7,185,86.0,3.697986602783203,3.700226068496704,0.0022394657135009766
4,7,186,92.0,3.4445607662200928,3.4393465518951416,-0.005214214324951172
4,7,187,51.0,5.179178714752197,5.177579402923584,-0.0015993118286132812
4,7,188,86.0,4.734201908111572,4.73545503616333,0.0012531280517578125
4,7,189,132.0,3.6938047409057617,3.68991756439209,-0.003887176513671875
4,7,190,214.0,3.9561617374420166,3.9526424407958984,-0.003519296646118164
4,7,191,139.0,4.121965408325195,4.121914386749268,-5.1021575927734375e-05
4,7,192,89.0,3.4952480792999268,3.5026962757110596,0.0074481964111328125
4,7,193,102.0,4.782958507537842,4.782106399536133,-0.0008521080017089844
4,7,194,156.0,2.6015143394470215,2.608144998550415,0.006630659103393555
4,7,195,87.0,3.839608669281006,3.84005069732666,0.0004420280456542969
4,7,196,175.0,3.2536110877990723,3.254164934158325,0.0005538463592529297
4,7,197,136.0,2.3385791778564453,2.340545177459717,0.0019659996032714844
4,7,198,54.0,3.781459093093872,3.7749392986297607,-0.006519794464111328
4,7,199,71.0,4.556375980377197,4.556676387786865,0.00030040740966796875
4,7,200,43.0,4.562034606933594,4.545785427093506,-0.01624917984008789
4,7,201,200.0,3.3231818675994873,3.331519365310669,0.00833749771118164
4,7,202,60.0,3.5167155265808105,3.5229692459106445,0.006253719329833984
4,7,203,220.0,3.437206983566284,3.4463846683502197,0.009177684783935547
4,7,204,160.0,4.1729278564453125,4.189046382904053,0.016118526458740234
4,7,205,46.0,3.025144100189209,3.033989191055298,0.008845090866088867
4,7,206,189.0,3.507356882095337,3.5189647674560547,0.011607885360717773
4,7,207,69.0,4.68245792388916,4.697150707244873,0.01469278335571289
4,7,208,164.0,2.968637228012085,2.967559814453125,-0.001077413558959961
4,7,209,121.0,3.6657907962799072,3.675703287124634,0.009912490844726562
4,7,210,453.0,5.465768337249756,5.474616050720215,0.008847713470458984
4,7,211,167.0,3.817554473876953,3.819974184036255,0.002419710159301758
4,7,212,79.0,3.6519949436187744,3.6486635208129883,-0.003331422805786133
4,7,213,64.0,4.473271369934082,4.470432758331299,-0.002838611602783203
4,7,214,214.0,3.5177533626556396,3.5280401706695557,0.010286808013916016
4,7,215,42.0,4.581282615661621,4.593501567840576,0.012218952178955078
4,7,216,85.0,4.406545639038086,4.4047980308532715,-0.0017476081848144531
4,7,217,45.0,4.909335136413574,4.915054798126221,0.005719661712646484
4,7,218,96.0,4.346060276031494,4.344102382659912,-0.0019578933715820312
4,7,219,40.0,3.466945171356201,3.474196672439575,0.0072515010833740234
4,7,220,66.0,4.6993865966796875,4.708235740661621,0.008849143981933594
4,7,221,262.0,3.4376049041748047,3.4336118698120117,-0.003993034362792969
4,7,222,32.0,4.6173553466796875,4.626476287841797,0.009120941162109375
4,7,223,33.0,4.931256294250488,4.923192024230957,-0.00806427001953125
4,7,224,139.0,2.1582767963409424,2.1646223068237305,0.006345510482788086
4,7,225,84.0,4.020323753356934,4.01215124130249,-0.00817251205444336
4,7,226,46.0,3.709413528442383,3.7161693572998047,0.006755828857421875
4,7,227,121.0,4.181075572967529,4.182360649108887,0.0012850761413574219
4,7,228,67.0,3.140568971633911,3.141253709793091,0.0006847381591796875
4,7,229,187.0,3.8881711959838867,3.898622989654541,0.010451793670654297
4,7,230,40.0,4.873936176300049,4.873394966125488,-0.0005412101745605469
4,7,231,91.0,3.998016119003296,4.002343654632568,0.004327535629272461
4,7,232,52.0,4.4449782371521,4.443129062652588,-0.0018491744995117188
4,7,233,49.0,4.133476257324219,4.130121231079102,-0.0033550262451171875
4,7,234,261.0,3.079342842102051,3.0840203762054443,0.004677534103393555
4,7,235,59.0,4.072587490081787,4.080925464630127,0.008337974548339844
4,7,236,132.0,4.054989814758301,4.043966770172119,-0.01102304458618164
4,7,237,136.0,3.4520623683929443,3.461095094680786,0.009032726287841797
4,7,238,210.0,3.7005720138549805,3.6916427612304688,-0.008929252624511719
4,7,239,258.0,3.6856272220611572,3.6739747524261475,-0.011652469635009766
4,7,240,203.0,3.5238258838653564,3.5216281414031982,-0.002197742462158203
4,7,241,198.0,3.3618428707122803,3.3648040294647217,0.0029611587524414062
4,7,242,85.0,3.468600034713745,3.474419355392456,0.0058193206787109375
4,7,243,85.0,2.1469109058380127,2.1530961990356445,0.006185293197631836
4,7,244,93.0,4.847414970397949,4.845096588134766,-0.0023183822631835938
4,7,245,68.0,4.8312296867370605,4.837357044219971,0.006127357482910156
4,7,246,58.0,4.302565574645996,4.309800624847412,0.007235050201416016
4,7,247,187.0,3.1594748497009277,3.1583192348480225,-0.0011556148529052734
4,7,248,64.0,2.745805263519287,2.7384684085845947,-0.007336854934692383
4,7,249,100.0,3.3120670318603516,3.3254566192626953,0.01338958740234375
4,7,250,151.0,3.886031150817871,3.887953281402588,0.0019221305847167969
4,7,251,174.0,3.292135715484619,3.2927544116973877,0.0006186962127685547
4,7,252,126.0,4.651801109313965,4.653817176818848,0.0020160675048828125
4,7,253,99.0,3.699761390686035,3.7067596912384033,0.006998300552368164
4,7,254,107.0,4.576633453369141,4.582508087158203,0.0058746337890625
4,7,255,116.0,3.825943946838379,3.822389841079712,-0.003554105758666992
4,8,0,196.0,3.98167085647583,3.9852395057678223,0.0035686492919921875
4,8,1,127.0,3.705084800720215,3.703721523284912,-0.0013632774353027344
4,8,2,162.0,2.4317469596862793,2.431016445159912,-0.0007305145263671875
4,8,3,92.0,5.154407501220703,5.118577480316162,-0.035830020904541016
4,8,4,194.0,3.7261335849761963,3.7236742973327637,-0.002459287643432617
4,8,5,115.0,3.4317781925201416,3.4268970489501953,-0.004881143569946289
4,8,6,109.0,4.611254692077637,4.620535850524902,0.009281158447265625
4,8,7,48.0,3.824559450149536,3.8211677074432373,-0.003391742706298828
4,8,8,69.0,4.333216190338135,4.316686153411865,-0.01653003692626953
4,8,9,85.0,3.4889185428619385,3.487731456756592,-0.0011870861053466797
4,8,10,238.0,3.337062358856201,3.3362905979156494,-0.0007717609405517578
4,8,11,233.0,3.013906478881836,3.0145719051361084,0.0006654262542724609
4,8,12,208.0,3.644038200378418,3.625969409942627,-0.018068790435791016
4,8,13,196.0,3.302739381790161,3.3126118183135986,0.0098724365234375
4,8,14,131.0,3.989900827407837,3.98805570602417,-0.0018451213836669922
4,8,15,125.0,3.2012383937835693,3.205348014831543,0.004109621047973633
4,8,16,61.0,4.757500171661377,4.781808376312256,0.024308204650878906
4,8,17,164.0,2.6241273880004883,2.6270434856414795,0.002916097640991211
4,8,18,107.0,3.8216171264648438,3.826972723007202,0.0053555965423583984
4,8,19,48.0,4.036356449127197,4.009069919586182,-0.027286529541015625
4,8,20,74.0,2.6907341480255127,2.6948482990264893,0.0041141510009765625
4,8,21,103.0,2.9307749271392822,2.940849781036377,0.010074853897094727
4,8,22,114.0,3.8854269981384277,3.8367817401885986,-0.0486452579498291
4,8,23,50.0,6.480540752410889,6.485832691192627,0.005291938781738281
4,8,24,281.0,3.1489627361297607,3.1520464420318604,0.0030837059020996094
4,8,25,247.0,2.5188822746276855,2.522968292236328,0.004086017608642578
4,8,26,173.0,4.413876056671143,4.421322345733643,0.0074462890625
4,8,27,166.0,3.707796812057495,3.7174668312072754,0.009670019149780273
4,8,28,98.0,3.151510238647461,3.1651194095611572,0.013609170913696289
4,8,29,174.0,3.586359739303589,3.5800414085388184,-0.006318330764770508
4,8,30,173.0,3.190525531768799,3.200814723968506,0.010289192199707031
4,8,31,215.0,4.340093612670898,4.34862756729126,0.008533954620361328
4,8,32,186.0,3.4789488315582275,3.4620394706726074,-0.016909360885620117
4,8,33,153.0,2.9326295852661133,2.9377548694610596,0.005125284194946289
4,8,34,147.0,4.1311798095703125,4.129857540130615,-0.0013222694396972656
4,8,35,50.0,4.620577812194824,4.609865188598633,-0.010712623596191406
4,8,36,86.0,3.942690134048462,3.9489643573760986,0.006274223327636719
4,8,37,154.0,4.250033378601074,4.252440452575684,0.002407073974609375
4,8,38,265.0,2.933018684387207,2.9152486324310303,-0.017770051956176758
4,8,39,199.0,3.941709518432617,3.9575533866882324,0.015843868255615234
4,8,40,138.0,4.430899620056152,4.436158180236816,0.0052585601806640625
4,8,41,98.0,4.048152923583984,4.067747116088867,0.019594192504882812
4,8,42,167.0,2.98820424079895,3.0006396770477295,0.012435436248779297
4,8,43,288.0,4.51556396484375,4.496770858764648,-0.018793106079101562
4,8,44,225.0,3.134540557861328,3.1380674839019775,0.003526926040649414
4,8,45,191.0,3.475728988647461,3.4672155380249023,-0.008513450622558594
4,8,46,92.0,5.071820259094238,5.07297945022583,0.0011591911315917969
4,8,47,41.0,5.766663551330566,5.80782413482666,0.04116058349609375
4,8,48,231.0,3.4077651500701904,3.411435127258301,0.0036699771881103516
4,8,49,101.0,2.9521121978759766,2.965938091278076,0.01382589340209961
4,8,50,177.0,3.6662821769714355,3.668548822402954,0.0022666454315185547
4,8,51,252.0,4.05861759185791,4.0529046058654785,-0.005712985992431641
4,8,52,259.0,3.3747026920318604,3.3714182376861572,-0.003284454345703125
4,8,53,47.0,4.065746307373047,4.06650447845459,0.0007581710815429688
4,8,54,164.0,2.495858669281006,2.49180269241333,-0.004055976867675781
4,8,55,94.0,4.066493034362793,4.055110454559326,-0.011382579803466797
4,8,56,103.0,4.11627721786499,4.135268688201904,0.018991470336914062
4,8,57,78.0,3.913255453109741,3.9359614849090576,0.022706031799316406
4,8,58,239.0,3.692802906036377,3.696789026260376,0.0039861202239990234
4,8,59,271.0,4.881155014038086,4.874466896057129,-0.006688117980957031
4,8,60,162.0,3.3450679779052734,3.347627639770508,0.002559661865234375
4,8,61,179.0,3.870093584060669,3.867720127105713,-0.0023734569549560547
4,8,62,218.0,3.1762454509735107,3.1733882427215576,-0.002857208251953125
4,8,63,81.0,3.809858798980713,3.831404685974121,0.021545886993408203
4,8,64,93.0,4.687077522277832,4.703123569488525,0.01604604721069336
4,8,65,72.0,4.558295249938965,4.57830286026001,0.020007610321044922
4,8,66,230.0,3.737887382507324,3.736013889312744,-0.0018734931945800781
4,8,67,99.0,3.1625142097473145,3.192626953125,0.030112743377685547
4,8,68,213.0,3.218388557434082,3.2190637588500977,0.000675201416015625
4,8,69,119.0,3.072978973388672,3.080631971359253,0.007652997970581055
4,8,70,161.0,3.529710531234741,3.5416505336761475,0.01194000244140625
4,8,71,90.0,4.394758224487305,4.3993072509765625,0.0045490264892578125
4,8,72,181.0,3.6989989280700684,3.702038288116455,0.0030393600463867188
4,8,73,95.0,4.745315074920654,4.7484846115112305,0.003169536590576172
4,8,74,245.0,2.801177740097046,2.8000502586364746,-0.001127481460571289
4,8,75,93.0,2.319314956665039,2.333554744720459,0.014239788055419922
4,8,76,225.0,3.1077821254730225,3.1053147315979004,-0.0024673938751220703
4,8,77,61.0,4.027099132537842,4.026113986968994,-0.0009851455688476562
4,8,78,257.0,4.246406078338623,4.252157211303711,0.005751132965087891
4,8,79,165.0,3.7203760147094727,3.683089256286621,-0.03728675842285156
4,8,80,117.0,4.752804279327393,4.752371311187744,-0.0004329681396484375
4,8,81,89.0,4.279232025146484,4.271033763885498,-0.008198261260986328
4,8,82,291.0,4.08609676361084,4.093120574951172,0.007023811340332031
4,8,83,93.0,4.042176723480225,4.055993556976318,0.01381683349609375
4,8,84,228.0,2.8949825763702393,2.8896543979644775,-0.005328178405761719
4,8,85,131.0,3.406266927719116,3.4150753021240234,0.008808374404907227
4,8,86,191.0,4.77057409286499,4.778387546539307,0.007813453674316406
4,8,87,238.0,5.341985702514648,5.34187126159668,-0.00011444091796875
4,8,88,210.0,3.7304000854492188,3.73232102394104,0.001920938491821289
4,8,89,107.0,4.658895492553711,4.671992301940918,0.013096809387207031
4,8,90,217.0,3.256716728210449,3.2569479942321777,0.00023126602172851562
4,8,91,199.0,3.479922294616699,3.4662399291992188,-0.013682365417480469
4,8,92,84.0,2.9870519638061523,2.9803593158721924,-0.006692647933959961
4,8,93,271.0,4.167789459228516,4.171291351318359,0.00350189208984375
4,8,94,226.0,3.797963857650757,3.794279098510742,-0.0036847591400146484
4,8,95,258.0,4.302313327789307,4.295229434967041,-0.007083892822265625
4,8,96,86.0,4.009377479553223,4.001126766204834,-0.008250713348388672
4,8,97,142.0,4.886353492736816,4.89683198928833,0.010478496551513672
4,8,98,42.0,4.73474645614624,4.748215198516846,0.013468742370605469
4,8,99,224.0,3.053419828414917,3.051523208618164,-0.0018966197967529297
4,8,100,197.0,2.6848225593566895,2.691066265106201,0.006243705749511719
4,8,101,85.0,3.080362558364868,3.0646567344665527,-0.01570582389831543
4,8,102,195.0,3.4633231163024902,3.4701027870178223,0.006779670715332031
4,8,103,102.0,4.20768404006958,4.211211681365967,0.0035276412963867188
4,8,104,181.0,3.711848735809326,3.714791774749756,0.0029430389404296875
4,8,105,72.0,2.723045587539673,2.732480764389038,0.009435176849365234
4,8,106,130.0,4.976626396179199,4.957608222961426,-0.019018173217773438
4,8,107,62.0,3.1819393634796143,3.195716381072998,0.013777017593383789
4,8,108,263.0,4.0605854988098145,4.05483341217041,-0.005752086639404297
4,8,109,194.0,3.1560444831848145,3.1671929359436035,0.011148452758789062
4,8,110,174.0,3.211611032485962,3.2288269996643066,0.017215967178344727
4,8,111,235.0,4.168798446655273,4.162598609924316,-0.006199836730957031
4,8,112,143.0,4.279087066650391,4.286354064941406,0.007266998291015625
4,8,113,117.0,4.890145778656006,4.882269382476807,-0.007876396179199219
4,8,114,160.0,4.253233909606934,4.257777214050293,0.004543304443359375
4,8,115,115.0,3.9266409873962402,3.915924072265625,-0.010716915130615234
4,8,116,120.0,3.8633739948272705,3.869797706604004,0.0064237117767333984
4,8,117,186.0,4.1213459968566895,4.140781879425049,0.019435882568359375
4,8,118,138.0,3.296036958694458,3.303431749343872,0.0073947906494140625
4,8,119,80.0,3.554978847503662,3.515608310699463,-0.03937053680419922
4,8,120,164.0,3.3612916469573975,3.349716901779175,-0.011574745178222656
4,8,121,215.0,3.762061357498169,3.7541911602020264,-0.007870197296142578
4,8,122,81.0,3.60632061958313,3.6084651947021484,0.0021445751190185547
4,8,123,171.0,3.4178876876831055,3.4249796867370605,0.007091999053955078
4,8,124,41.0,4.780884742736816,4.756814956665039,-0.024069786071777344
4,8,125,103.0,4.1708221435546875,4.159850597381592,-0.010971546173095703
4,8,126,145.0,3.385586977005005,3.3871829509735107,0.0015959739685058594
4,8,127,102.0,3.511989116668701,3.508693218231201,-0.0032958984375
4,8,128,157.0,4.545989513397217,4.539920330047607,-0.006069183349609375
4,8,129,161.0,3.612820625305176,3.598280906677246,-0.014539718627929688
4,8,130,248.0,3.595446825027466,3.6109306812286377,0.015483856201171875
4,8,131,240.0,4.314742088317871,4.329144477844238,0.014402389526367188
4,8,132,284.0,3.515221118927002,3.514390230178833,-0.0008308887481689453
4,8,133,105.0,5.547122001647949,5.533502101898193,-0.01361989974975586
4,8,134,72.0,3.6292827129364014,3.631413698196411,0.0021309852600097656
4,8,135,86.0,3.9638190269470215,3.974870204925537,0.011051177978515625
4,8,136,120.0,3.225938320159912,3.242117404937744,0.01617908477783203
4,8,137,64.0,3.684243679046631,3.6834166049957275,-0.0008270740509033203
4,8,138,220.0,2.8231959342956543,2.832704544067383,0.009508609771728516
4,8,139,92.0,2.984248638153076,2.9840035438537598,-0.00024509429931640625
4,8,140,180.0,3.4170660972595215,3.4222819805145264,0.005215883255004883
4,8,141,95.0,3.5693070888519287,3.576099157333374,0.0067920684814453125
4,8,142,72.0,5.436267852783203,5.444242477416992,0.007974624633789062
4,8,143,152.0,4.664964199066162,4.670800685882568,0.00583648681640625
4,8,144,170.0,3.2575697898864746,3.2480227947235107,-0.009546995162963867
4,8,145,56.0,4.233151912689209,4.242959022521973,0.009807109832763672
4,8,146,174.0,3.632305860519409,3.634348154067993,0.0020422935485839844
4,8,147,191.0,3.26232647895813,3.2641563415527344,0.0018298625946044922
4,8,148,279.0,3.7231252193450928,3.716596841812134,-0.006528377532958984
4,8,149,98.0,3.6501717567443848,3.6551260948181152,0.004954338073730469
4,8,150,50.0,3.987290143966675,3.9745519161224365,-0.012738227844238281
4,8,151,61.0,3.207566976547241,3.235128402709961,0.027561426162719727
4,8,152,208.0,2.833768367767334,2.846632719039917,0.012864351272583008
4,8,153,124.0,3.7818057537078857,3.781477928161621,-0.00032782554626464844
4,8,154,128.0,3.3032331466674805,3.3056588172912598,0.002425670623779297
4,8,155,250.0,4.603071212768555,4.6007585525512695,-0.0023126602172851562
4,8,156,239.0,2.621934175491333,2.634702205657959,0.012768030166625977
4,8,157,164.0,2.8648641109466553,2.867615222930908,0.0027511119842529297
4,8,158,42.0,4.671477317810059,4.6843109130859375,0.012833595275878906
4,8,159,200.0,4.007006645202637,4.017528057098389,0.010521411895751953
4,8,160,209.0,3.638150215148926,3.6508991718292236,0.012748956680297852
4,8,161,206.0,3.6040756702423096,3.6153881549835205,0.011312484741210938
4,8,162,139.0,4.383498191833496,4.366674900054932,-0.016823291778564453
4,8,163,76.0,3.7987864017486572,3.7939066886901855,-0.00487971305847168
4,8,164,232.0,3.892338275909424,3.882749080657959,-0.009589195251464844
4,8,165,235.0,3.9155564308166504,3.9062278270721436,-0.009328603744506836
4,8,166,49.0,4.228317737579346,4.237709045410156,0.009391307830810547
4,8,167,138.0,3.473930835723877,3.4795351028442383,0.005604267120361328
4,8,168,60.0,3.808337450027466,3.8162481784820557,0.007910728454589844
4,8,169,146.0,4.041977882385254,4.041102886199951,-0.0008749961853027344
4,8,170,57.0,4.420210838317871,4.421947956085205,0.0017371177673339844
4,8,171,135.0,3.909317970275879,3.9160969257354736,0.0067789554595947266
4,8,172,113.0,3.19097638130188,3.189832925796509,-0.0011434555053710938
4,8,173,208.0,4.171577453613281,4.166937828063965,-0.004639625549316406
4,8,174,195.0,2.116305112838745,2.124289035797119,0.007983922958374023
4,8,175,137.0,3.9520905017852783,3.9262239933013916,-0.02586650848388672
4,8,176,91.0,4.97736120223999,4.9907307624816895,0.013369560241699219
4,8,177,66.0,3.994100332260132,4.000184059143066,0.00608372688293457
4,8,178,173.0,3.3507070541381836,3.3489298820495605,-0.0017771720886230469
4,8,179,89.0,5.353647708892822,5.35318660736084,-0.0004611015319824219
4,8,180,231.0,3.6613731384277344,3.6633901596069336,0.0020170211791992188
4,8,181,71.0,5.397938251495361,5.39460563659668,-0.0033326148986816406
4,8,182,98.0,3.963383674621582,3.958860397338867,-0.004523277282714844
4,8,183,215.0,1.998246431350708,1.9930459260940552,-0.005200505256652832
4,8,184,159.0,4.383580684661865,4.382844924926758,-0.0007357597351074219
4,8,185,86.0,3.697986602783203,3.6869475841522217,-0.011039018630981445
4,8,186,92.0,3.4445607662200928,3.4448206424713135,0.0002598762512207031
4,8,187,51.0,5.179178714752197,5.1749267578125,-0.004251956939697266
4,8,188,86.0,4.734201908111572,4.738837242126465,0.004635334014892578
4,8,189,132.0,3.6938047409057617,3.709885597229004,0.016080856323242188
4,8,190,214.0,3.9561617374420166,3.9538936614990234,-0.002268075942993164
4,8,191,139.0,4.121965408325195,4.130107402801514,0.00814199447631836
4,8,192,89.0,3.4952480792999268,3.4775054454803467,-0.017742633819580078
4,8,193,102.0,4.782958507537842,4.778625965118408,-0.004332542419433594
4,8,194,156.0,2.6015143394470215,2.59912371635437,-0.002390623092651367
4,8,195,87.0,3.839608669281006,3.815253257751465,-0.024355411529541016
4,8,196,175.0,3.2536110877990723,3.2594385147094727,0.005827426910400391
4,8,197,136.0,2.3385791778564453,2.3402140140533447,0.001634836196899414
4,8,198,54.0,3.781459093093872,3.7802586555480957,-0.0012004375457763672
4,8,199,71.0,4.556375980377197,4.544145584106445,-0.012230396270751953
4,8,200,43.0,4.562034606933594,4.580428600311279,0.018393993377685547
4,8,201,200.0,3.3231818675994873,3.3352582454681396,0.012076377868652344
4,8,202,60.0,3.5167155265808105,3.502436876296997,-0.014278650283813477
4,8,203,220.0,3.437206983566284,3.444720506668091,0.007513523101806641
4,8,204,160.0,4.1729278564453125,4.1672539710998535,-0.005673885345458984
4,8,205,46.0,3.025144100189209,3.00964617729187,-0.015497922897338867
4,8,206,189.0,3.507356882095337,3.4931931495666504,-0.014163732528686523
4,8,207,69.0,4.68245792388916,4.638091564178467,-0.04436635971069336
4,8,208,164.0,2.968637228012085,2.9737329483032227,0.005095720291137695
4,8,209,121.0,3.6657907962799072,3.6603729724884033,-0.005417823791503906
4,8,210,453.0,5.465768337249756,5.4698615074157715,0.004093170166015625
4,8,211,167.0,3.817554473876953,3.8230836391448975,0.005529165267944336
4,8,212,79.0,3.6519949436187744,3.6370365619659424,-0.014958381652832031
4,8,213,64.0,4.473271369934082,4.4759063720703125,0.0026350021362304688
4,8,214,214.0,3.5177533626556396,3.5099685192108154,-0.007784843444824219
4,8,215,42.0,4.581282615661621,4.610116958618164,0.02883434295654297
4,8,216,85.0,4.406545639038086,4.427342414855957,0.020796775817871094
4,8,217,45.0,4.909335136413574,4.962596893310547,0.053261756896972656
4,8,218,96.0,4.346060276031494,4.343454837799072,-0.002605438232421875
4,8,219,40.0,3.466945171356201,3.4800286293029785,0.013083457946777344
4,8,220,66.0,4.6993865966796875,4.730335235595703,0.030948638916015625
4,8,221,262.0,3.4376049041748047,3.4332242012023926,-0.004380702972412109
4,8,222,32.0,4.6173553466796875,4.596972465515137,-0.02038288116455078
4,8,223,33.0,4.931256294250488,4.955471515655518,0.024215221405029297
4,8,224,139.0,2.1582767963409424,2.166027545928955,0.007750749588012695
4,8,225,84.0,4.020323753356934,4.014197826385498,-0.006125926971435547
4,8,226,46.0,3.709413528442383,3.7118332386016846,0.002419710159301758
4,8,227,121.0,4.181075572967529,4.17510461807251,-0.005970954895019531
4,8,228,67.0,3.140568971633911,3.120338201522827,-0.020230770111083984
4,8,229,187.0,3.8881711959838867,3.891324996948242,0.0031538009643554688
4,8,230,40.0,4.873936176300049,4.874297142028809,0.0003609657287597656
4,8,231,91.0,3.998016119003296,3.9963908195495605,-0.0016252994537353516
4,8,232,52.0,4.4449782371521,4.47755241394043,0.03257417678833008
4,8,233,49.0,4.133476257324219,4.1227827072143555,-0.010693550109863281
4,8,234,261.0,3.079342842102051,3.089555263519287,0.010212421417236328
4,8,235,59.0,4.072587490081787,4.072212219238281,-0.0003752708435058594
4,8,236,132.0,4.054989814758301,4.0700554847717285,0.015065670013427734
4,8,237,136.0,3.4520623683929443,3.4643282890319824,0.012265920639038086
4,8,238,210.0,3.7005720138549805,3.689202308654785,-0.011369705200195312
4,8,239,258.0,3.6856272220611572,3.6628384590148926,-0.02278876304626465
4,8,240,203.0,3.5238258838653564,3.527214765548706,0.0033888816833496094
4,8,241,198.0,3.3618428707122803,3.3509886264801025,-0.010854244232177734
4,8,242,85.0,3.468600034713745,3.4702703952789307,0.0016703605651855469
4,8,243,85.0,2.1469109058380127,2.1769673824310303,0.030056476593017578
4,8,244,93.0,4.847414970397949,4.854508399963379,0.0070934295654296875
4,8,245,68.0,4.8312296867370605,4.82276725769043,-0.00846242904663086
4,8,246,58.0,4.302565574645996,4.30396842956543,0.0014028549194335938
4,8,247,187.0,3.1594748497009277,3.1479883193969727,-0.011486530303955078
4,8,248,64.0,2.745805263519287,2.763561964035034,0.01775670051574707
4,8,249,100.0,3.3120670318603516,3.314718723297119,0.002651691436767578
4,8,250,151.0,3.886031150817871,3.8987390995025635,0.012707948684692383
4,8,251,174.0,3.292135715484619,3.2893760204315186,-0.002759695053100586
4,8,252,126.0,4.651801109313965,4.659743785858154,0.007942676544189453
4,8,253,99.0,3.699761390686035,3.6955840587615967,-0.0041773319244384766
4,8,254,107.0,4.576633453369141,4.6011552810668945,0.024521827697753906
4,8,255,116.0,3.825943946838379,3.8237483501434326,-0.002195596694946289
4,9,0,196.0,3.98167085647583,3.9786152839660645,-0.003055572509765625
4,9,1,127.0,3.705084800720215,3.713871717453003,0.008786916732788086
4,9,2,162.0,2.4317469596862793,2.4336154460906982,0.0018684864044189453
4,9,3,92.0,5.154407501220703,5.171083450317383,0.016675949096679688
4,9,4,194.0,3.7261335849761963,3.739574909210205,0.013441324234008789
4,9,5,115.0,3.4317781925201416,3.432995557785034,0.0012173652648925781
4,9,6,109.0,4.611254692077637,4.606594085693359,-0.004660606384277344
4,9,7,48.0,3.824559450149536,3.8339388370513916,0.009379386901855469
4,9,8,69.0,4.333216190338135,4.345566749572754,0.01235055923461914
4,9,9,85.0,3.4889185428619385,3.4935553073883057,0.0046367645263671875
4,9,10,238.0,3.337062358856201,3.350925922393799,0.013863563537597656
4,9,11,233.0,3.013906478881836,3.017894983291626,0.003988504409790039
4,9,12,208.0,3.644038200378418,3.645432710647583,0.001394510269165039
4,9,13,196.0,3.302739381790161,3.312394142150879,0.009654760360717773
4,9,14,131.0,3.989900827407837,3.982227087020874,-0.007673740386962891
4,9,15,125.0,3.2012383937835693,3.2017734050750732,0.0005350112915039062
4,9,16,61.0,4.757500171661377,4.762753486633301,0.005253314971923828
4,9,17,164.0,2.6241273880004883,2.6204652786254883,-0.003662109375
4,9,18,107.0,3.8216171264648438,3.7939674854278564,-0.027649641036987305
4,9,19,48.0,4.036356449127197,4.040733814239502,0.0043773651123046875
4,9,20,74.0,2.6907341480255127,2.6808297634124756,-0.00990438461303711
4,9,21,103.0,2.9307749271392822,2.927983045578003,-0.002791881561279297
4,9,22,114.0,3.8854269981384277,3.898099660873413,0.012672662734985352
4,9,23,50.0,6.480540752410889,6.496262073516846,0.01572132110595703
4,9,24,281.0,3.1489627361297607,3.157939910888672,0.008977174758911133
4,9,25,247.0,2.5188822746276855,2.514650344848633,-0.004231929779052734
4,9,26,173.0,4.413876056671143,4.422159194946289,0.008283138275146484
4,9,27,166.0,3.707796812057495,3.702511787414551,-0.005285024642944336
4,9,28,98.0,3.151510238647461,3.1621181964874268,0.01060795783996582
4,9,29,174.0,3.586359739303589,3.575871706008911,-0.010488033294677734
4,9,30,173.0,3.190525531768799,3.1960537433624268,0.00552821159362793
4,9,31,215.0,4.340093612670898,4.341121673583984,0.0010280609130859375
4,9,32,186.0,3.4789488315582275,3.479834794998169,0.0008859634399414062
4,9,33,153.0,2.9326295852661133,2.928210735321045,-0.004418849945068359
4,9,34,147.0,4.1311798095703125,4.135702610015869,0.004522800445556641
4,9,35,50.0,4.620577812194824,4.622479438781738,0.0019016265869140625
4,9,36,86.0,3.942690134048462,3.965794086456299,0.023103952407836914
4,9,37,154.0,4.250033378601074,4.249746799468994,-0.0002865791320800781
4,9,38,265.0,2.933018684387207,2.940441608428955,0.007422924041748047
4,9,39,199.0,3.941709518432617,3.93768310546875,-0.0040264129638671875
4,9,40,138.0,4.430899620056152,4.422934532165527,-0.007965087890625
4,9,41,98.0,4.048152923583984,4.052046775817871,0.0038938522338867188
4,9,42,167.0,2.98820424079895,2.9899847507476807,0.0017805099487304688
4,9,43,288.0,4.51556396484375,4.516808032989502,0.0012440681457519531
4,9,44,225.0,3.134540557861328,3.1327695846557617,-0.0017709732055664062
4,9,45,191.0,3.475728988647461,3.4707648754119873,-0.004964113235473633
4,9,46,92.0,5.071820259094238,5.072474002838135,0.0006537437438964844
4,9,47,41.0,5.766663551330566,5.763084411621094,-0.0035791397094726562
4,9,48,231.0,3.4077651500701904,3.408968925476074,0.001203775405883789
4,9,49,101.0,2.9521121978759766,2.9690940380096436,0.016981840133666992
4,9,50,177.0,3.6662821769714355,3.6691770553588867,0.002894878387451172
4,9,51,252.0,4.05861759185791,4.062789440155029,0.004171848297119141
4,9,52,259.0,3.3747026920318604,3.371260643005371,-0.003442049026489258
4,9,53,47.0,4.065746307373047,4.068249225616455,0.002502918243408203
4,9,54,164.0,2.495858669281006,2.4986324310302734,0.002773761749267578
4,9,55,94.0,4.066493034362793,4.072934627532959,0.006441593170166016
4,9,56,103.0,4.11627721786499,4.104548454284668,-0.011728763580322266
4,9,57,78.0,3.913255453109741,3.877401113510132,-0.035854339599609375
4,9,58,239.0,3.692802906036377,3.69732928276062,0.004526376724243164
4,9,59,271.0,4.881155014038086,4.880242347717285,-0.0009126663208007812
4,9,60,162.0,3.3450679779052734,3.3438966274261475,-0.0011713504791259766
4,9,61,179.0,3.870093584060669,3.8684699535369873,-0.0016236305236816406
4,9,62,218.0,3.1762454509735107,3.196068525314331,0.019823074340820312
4,9,63,81.0,3.809858798980713,3.8303675651550293,0.020508766174316406
4,9,64,93.0,4.687077522277832,4.695422172546387,0.008344650268554688
4,9,65,72.0,4.558295249938965,4.553990840911865,-0.004304409027099609
4,9,66,230.0,3.737887382507324,3.7368216514587402,-0.0010657310485839844
4,9,67,99.0,3.1625142097473145,3.1516432762145996,-0.010870933532714844
4,9,68,213.0,3.218388557434082,3.2317755222320557,0.013386964797973633
4,9,69,119.0,3.072978973388672,3.0744378566741943,0.001458883285522461
4,9,70,161.0,3.529710531234741,3.536085367202759,0.006374835968017578
4,9,71,90.0,4.394758224487305,4.402890682220459,0.008132457733154297
4,9,72,181.0,3.6989989280700684,3.7033309936523438,0.004332065582275391
4,9,73,95.0,4.745315074920654,4.743372917175293,-0.0019421577453613281
4,9,74,245.0,2.801177740097046,2.8025310039520264,0.0013532638549804688
4,9,75,93.0,2.319314956665039,2.314784288406372,-0.004530668258666992
4,9,76,225.0,3.1077821254730225,3.1176183223724365,0.009836196899414062
4,9,77,61.0,4.027099132537842,4.026170253753662,-0.0009288787841796875
4,9,78,257.0,4.246406078338623,4.247613906860352,0.0012078285217285156
4,9,79,165.0,3.7203760147094727,3.7201764583587646,-0.0001995563507080078
4,9,80,117.0,4.752804279327393,4.754612445831299,0.00180816650390625
4,9,81,89.0,4.279232025146484,4.287933826446533,0.008701801300048828
4,9,82,291.0,4.08609676361084,4.083873748779297,-0.0022230148315429688
4,9,83,93.0,4.042176723480225,4.071022033691406,0.02884531021118164
4,9,84,228.0,2.8949825763702393,2.9021103382110596,0.0071277618408203125
4,9,85,131.0,3.406266927719116,3.413498640060425,0.007231712341308594
4,9,86,191.0,4.77057409286499,4.772014617919922,0.0014405250549316406
4,9,87,238.0,5.341985702514648,5.343595027923584,0.0016093254089355469
4,9,88,210.0,3.7304000854492188,3.7445714473724365,0.014171361923217773
4,9,89,107.0,4.658895492553711,4.659077167510986,0.00018167495727539062
4,9,90,217.0,3.256716728210449,3.264749050140381,0.00803232192993164
4,9,91,199.0,3.479922294616699,3.4847142696380615,0.004791975021362305
4,9,92,84.0,2.9870519638061523,2.9866015911102295,-0.00045037269592285156
4,9,93,271.0,4.167789459228516,4.164144515991211,-0.0036449432373046875
4,9,94,226.0,3.797963857650757,3.7928926944732666,-0.005071163177490234
4,9,95,258.0,4.302313327789307,4.308064937591553,0.005751609802246094
4,9,96,86.0,4.009377479553223,4.013811111450195,0.004433631896972656
4,9,97,142.0,4.886353492736816,4.89086389541626,0.004510402679443359
4,9,98,42.0,4.73474645614624,4.748648643493652,0.01390218734741211
4,9,99,224.0,3.053419828414917,3.0665435791015625,0.013123750686645508
4,9,100,197.0,2.6848225593566895,2.6848437786102295,2.1219253540039062e-05
4,9,101,85.0,3.080362558364868,3.0804316997528076,6.914138793945312e-05
4,9,102,195.0,3.4633231163024902,3.4680614471435547,0.004738330841064453
4,9,103,102.0,4.20768404006958,4.209620952606201,0.0019369125366210938
4,9,104,181.0,3.711848735809326,3.7143473625183105,0.002498626708984375
4,9,105,72.0,2.723045587539673,2.725346565246582,0.0023009777069091797
4,9,106,130.0,4.976626396179199,4.998680591583252,0.022054195404052734
4,9,107,62.0,3.1819393634796143,3.184448719024658,0.0025093555450439453
4,9,108,263.0,4.0605854988098145,4.056209087371826,-0.004376411437988281
4,9,109,194.0,3.1560444831848145,3.1610264778137207,0.00498199462890625
4,9,110,174.0,3.211611032485962,3.220332384109497,0.008721351623535156
4,9,111,235.0,4.168798446655273,4.164721965789795,-0.004076480865478516
4,9,112,143.0,4.279087066650391,4.276298999786377,-0.002788066864013672
4,9,113,117.0,4.890145778656006,4.871572971343994,-0.01857280731201172
4,9,114,160.0,4.253233909606934,4.249260902404785,-0.0039730072021484375
4,9,115,115.0,3.9266409873962402,3.924255132675171,-0.002385854721069336
4,9,116,120.0,3.8633739948272705,3.8640599250793457,0.0006859302520751953
4,9,117,186.0,4.1213459968566895,4.12614631652832,0.004800319671630859
4,9,118,138.0,3.296036958694458,3.297002077102661,0.000965118408203125
4,9,119,80.0,3.554978847503662,3.5450141429901123,-0.009964704513549805
4,9,120,164.0,3.3612916469573975,3.3598179817199707,-0.0014736652374267578
4,9,121,215.0,3.762061357498169,3.7644622325897217,0.0024008750915527344
4,9,122,81.0,3.60632061958313,3.615854501724243,0.009533882141113281
4,9,123,171.0,3.4178876876831055,3.419945478439331,0.002057790756225586
4,9,124,41.0,4.780884742736816,4.770719528198242,-0.010165214538574219
4,9,125,103.0,4.1708221435546875,4.171319961547852,0.0004978179931640625
4,9,126,145.0,3.385586977005005,3.36879825592041,-0.016788721084594727
4,9,127,102.0,3.511989116668701,3.5063726902008057,-0.005616426467895508
4,9,128,157.0,4.545989513397217,4.555738925933838,0.009749412536621094
4,9,129,161.0,3.612820625305176,3.6041676998138428,-0.008652925491333008
4,9,130,248.0,3.595446825027466,3.6049435138702393,0.009496688842773438
4,9,131,240.0,4.314742088317871,4.321522235870361,0.006780147552490234
4,9,132,284.0,3.515221118927002,3.520545721054077,0.005324602127075195
4,9,133,105.0,5.547122001647949,5.546635150909424,-0.0004868507385253906
4,9,134,72.0,3.6292827129364014,3.5974698066711426,-0.03181290626525879
4,9,135,86.0,3.9638190269470215,3.9394431114196777,-0.02437591552734375
4,9,136,120.0,3.225938320159912,3.250113010406494,0.02417469024658203
4,9,137,64.0,3.684243679046631,3.684222936630249,-2.0742416381835938e-05
4,9,138,220.0,2.8231959342956543,2.831197738647461,0.00800180435180664
4,9,139,92.0,2.984248638153076,2.971876382827759,-0.012372255325317383
4,9,140,180.0,3.4170660972595215,3.414146661758423,-0.002919435501098633
4,9,141,95.0,3.5693070888519287,3.5625877380371094,-0.006719350814819336
4,9,142,72.0,5.436267852783203,5.434050559997559,-0.0022172927856445312
4,9,143,152.0,4.664964199066162,4.685283660888672,0.020319461822509766
4,9,144,170.0,3.2575697898864746,3.2639145851135254,0.006344795227050781
4,9,145,56.0,4.233151912689209,4.223918914794922,-0.00923299789428711
4,9,146,174.0,3.632305860519409,3.639423131942749,0.007117271423339844
4,9,147,191.0,3.26232647895813,3.2719931602478027,0.009666681289672852
4,9,148,279.0,3.7231252193450928,3.7256174087524414,0.002492189407348633
4,9,149,98.0,3.6501717567443848,3.640434741973877,-0.009737014770507812
4,9,150,50.0,3.987290143966675,3.99532413482666,0.008033990859985352
4,9,151,61.0,3.207566976547241,3.218458890914917,0.010891914367675781
4,9,152,208.0,2.833768367767334,2.8347458839416504,0.0009775161743164062
4,9,153,124.0,3.7818057537078857,3.7895302772521973,0.0077245235443115234
4,9,154,128.0,3.3032331466674805,3.3032078742980957,-2.5272369384765625e-05
4,9,155,250.0,4.603071212768555,4.614022254943848,0.010951042175292969
4,9,156,239.0,2.621934175491333,2.62209153175354,0.00015735626220703125
4,9,157,164.0,2.8648641109466553,2.861886739730835,-0.0029773712158203125
4,9,158,42.0,4.671477317810059,4.700468063354492,0.028990745544433594
4,9,159,200.0,4.007006645202637,4.009859561920166,0.002852916717529297
4,9,160,209.0,3.638150215148926,3.634460687637329,-0.0036895275115966797
4,9,161,206.0,3.6040756702423096,3.605050802230835,0.0009751319885253906
4,9,162,139.0,4.383498191833496,4.360562324523926,-0.022935867309570312
4,9,163,76.0,3.7987864017486572,3.80094313621521,0.0021567344665527344
4,9,164,232.0,3.892338275909424,3.8933637142181396,0.0010254383087158203
4,9,165,235.0,3.9155564308166504,3.9172751903533936,0.001718759536743164
4,9,166,49.0,4.228317737579346,4.272104740142822,0.04378700256347656
4,9,167,138.0,3.473930835723877,3.469061851501465,-0.004868984222412109
4,9,168,60.0,3.808337450027466,3.8055033683776855,-0.0028340816497802734
4,9,169,146.0,4.041977882385254,4.05286169052124,0.010883808135986328
4,9,170,57.0,4.420210838317871,4.421696662902832,0.0014858245849609375
4,9,171,135.0,3.909317970275879,3.9040093421936035,-0.005308628082275391
4,9,172,113.0,3.19097638130188,3.1936678886413574,0.002691507339477539
4,9,173,208.0,4.171577453613281,4.177670955657959,0.006093502044677734
4,9,174,195.0,2.116305112838745,2.12121844291687,0.004913330078125
4,9,175,137.0,3.9520905017852783,3.9597814083099365,0.007690906524658203
4,9,176,91.0,4.97736120223999,4.977065563201904,-0.0002956390380859375
4,9,177,66.0,3.994100332260132,3.978208541870117,-0.01589179039001465
4,9,178,173.0,3.3507070541381836,3.3552465438842773,0.00453948974609375
4,9,179,89.0,5.353647708892822,5.345316410064697,-0.008331298828125
4,9,180,231.0,3.6613731384277344,3.673569917678833,0.012196779251098633
4,9,181,71.0,5.397938251495361,5.403783798217773,0.005845546722412109
4,9,182,98.0,3.963383674621582,3.963038921356201,-0.0003447532653808594
4,9,183,215.0,1.998246431350708,1.99517023563385,-0.00307619571685791
4,9,184,159.0,4.383580684661865,4.381503582000732,-0.0020771026611328125
4,9,185,86.0,3.697986602783203,3.708918333053589,0.010931730270385742
4,9,186,92.0,3.4445607662200928,3.455615520477295,0.011054754257202148
4,9,187,51.0,5.179178714752197,5.171075344085693,-0.008103370666503906
4,9,188,86.0,4.734201908111572,4.740837097167969,0.006635189056396484
4,9,189,132.0,3.6938047409057617,3.7018232345581055,0.00801849365234375
4,9,190,214.0,3.9561617374420166,3.965423822402954,0.0092620849609375
4,9,191,139.0,4.121965408325195,4.120677471160889,-0.0012879371643066406
4,9,192,89.0,3.4952480792999268,3.490098237991333,-0.00514984130859375
4,9,193,102.0,4.782958507537842,4.770615577697754,-0.01234292984008789
4,9,194,156.0,2.6015143394470215,2.5981712341308594,-0.0033431053161621094
4,9,195,87.0,3.839608669281006,3.8453660011291504,0.005757331848144531
4,9,196,175.0,3.2536110877990723,3.264275550842285,0.01066446304321289
4,9,197,136.0,2.3385791778564453,2.3492350578308105,0.010655879974365234
4,9,198,54.0,3.781459093093872,3.7886462211608887,0.0071871280670166016
4,9,199,71.0,4.556375980377197,4.567814826965332,0.011438846588134766
4,9,200,43.0,4.562034606933594,4.577255725860596,0.015221118927001953
4,9,201,200.0,3.3231818675994873,3.331380605697632,0.008198738098144531
4,9,202,60.0,3.5167155265808105,3.524373769760132,0.007658243179321289
4,9,203,220.0,3.437206983566284,3.447591781616211,0.010384798049926758
4,9,204,160.0,4.1729278564453125,4.173222064971924,0.0002942085266113281
4,9,205,46.0,3.025144100189209,3.0261199474334717,0.0009758472442626953
4,9,206,189.0,3.507356882095337,3.5282795429229736,0.02092266082763672
4,9,207,69.0,4.68245792388916,4.686886310577393,0.004428386688232422
4,9,208,164.0,2.968637228012085,2.9664113521575928,-0.0022258758544921875
4,9,209,121.0,3.6657907962799072,3.6611275672912598,-0.004663228988647461
4,9,210,453.0,5.465768337249756,5.467593193054199,0.0018248558044433594
4,9,211,167.0,3.817554473876953,3.806548595428467,-0.011005878448486328
4,9,212,79.0,3.6519949436187744,3.640979528427124,-0.01101541519165039
4,9,213,64.0,4.473271369934082,4.475375175476074,0.0021038055419921875
4,9,214,214.0,3.5177533626556396,3.518664598464966,0.0009112358093261719
4,9,215,42.0,4.581282615661621,4.588601112365723,0.0073184967041015625
4,9,216,85.0,4.406545639038086,4.403428554534912,-0.003117084503173828
4,9,217,45.0,4.909335136413574,4.915136337280273,0.005801200866699219
4,9,218,96.0,4.346060276031494,4.369566440582275,0.02350616455078125
4,9,219,40.0,3.466945171356201,3.4536795616149902,-0.013265609741210938
4,9,220,66.0,4.6993865966796875,4.7008771896362305,0.0014905929565429688
4,9,221,262.0,3.4376049041748047,3.4530937671661377,0.015488862991333008
4,9,222,32.0,4.6173553466796875,4.618532180786133,0.0011768341064453125
4,9,223,33.0,4.931256294250488,4.948549270629883,0.01729297637939453
4,9,224,139.0,2.1582767963409424,2.1518561840057373,-0.006420612335205078
4,9,225,84.0,4.020323753356934,4.020015716552734,-0.00030803680419921875
4,9,226,46.0,3.709413528442383,3.71022891998291,0.0008153915405273438
4,9,227,121.0,4.181075572967529,4.180043697357178,-0.0010318756103515625
4,9,228,67.0,3.140568971633911,3.1519083976745605,0.011339426040649414
4,9,229,187.0,3.8881711959838867,3.8959436416625977,0.0077724456787109375
4,9,230,40.0,4.873936176300049,4.874565124511719,0.0006289482116699219
4,9,231,91.0,3.998016119003296,4.013674736022949,0.01565861701965332
4,9,232,52.0,4.4449782371521,4.425806045532227,-0.019172191619873047
4,9,233,49.0,4.133476257324219,4.137090682983398,0.0036144256591796875
4,9,234,261.0,3.079342842102051,3.0786643028259277,-0.0006785392761230469
4,9,235,59.0,4.072587490081787,4.074790954589844,0.0022034645080566406
4,9,236,132.0,4.054989814758301,4.056320667266846,0.0013308525085449219
4,9,237,136.0,3.4520623683929443,3.4653167724609375,0.013254404067993164
4,9,238,210.0,3.7005720138549805,3.704812526702881,0.004240512847900391
4,9,239,258.0,3.6856272220611572,3.6885273456573486,0.0029001235961914062
4,9,240,203.0,3.5238258838653564,3.525178909301758,0.0013530254364013672
4,9,241,198.0,3.3618428707122803,3.3626739978790283,0.0008311271667480469
4,9,242,85.0,3.468600034713745,3.4652631282806396,-0.0033369064331054688
4,9,243,85.0,2.1469109058380127,2.152360200881958,0.0054492950439453125
4,9,244,93.0,4.847414970397949,4.848672389984131,0.0012574195861816406
4,9,245,68.0,4.8312296867370605,4.839817047119141,0.008587360382080078
4,9,246,58.0,4.302565574645996,4.305388927459717,0.002823352813720703
4,9,247,187.0,3.1594748497009277,3.166041851043701,0.0065670013427734375
4,9,248,64.0,2.745805263519287,2.7389776706695557,-0.006827592849731445
4,9,249,100.0,3.3120670318603516,3.299591064453125,-0.012475967407226562
4,9,250,151.0,3.886031150817871,3.8918368816375732,0.0058057308197021484
4,9,251,174.0,3.292135715484619,3.2984583377838135,0.006322622299194336
4,9,252,126.0,4.651801109313965,4.652785301208496,0.00098419189453125
4,9,253,99.0,3.699761390686035,3.7005369663238525,0.0007755756378173828
4,9,254,107.0,4.576633453369141,4.589107036590576,0.012473583221435547
4,9,255,116.0,3.825943946838379,3.8336098194122314,0.007665872573852539
4,10,0,196.0,3.98167085647583,3.9720990657806396,-0.00957179069519043
4,10,1,127.0,3.705084800720215,3.712592363357544,0.0075075626373291016
4,10,2,162.0,2.4317469596862793,2.4473602771759033,0.015613317489624023
4,10,3,92.0,5.154407501220703,5.261006832122803,0.10659933090209961
4,10,4,194.0,3.7261335849761963,3.7491021156311035,0.022968530654907227
4,10,5,115.0,3.4317781925201416,3.438481092453003,0.006702899932861328
4,10,6,109.0,4.611254692077637,4.6258320808410645,0.014577388763427734
4,10,7,48.0,3.824559450149536,3.806448221206665,-0.018111228942871094
4,10,8,69.0,4.333216190338135,4.329611301422119,-0.003604888916015625
4,10,9,85.0,3.4889185428619385,3.4473211765289307,-0.04159736633300781
4,10,10,238.0,3.337062358856201,3.351639986038208,0.014577627182006836
4,10,11,233.0,3.013906478881836,2.992067337036133,-0.021839141845703125
4,10,12,208.0,3.644038200378418,3.658902168273926,0.014863967895507812
4,10,13,196.0,3.302739381790161,3.3172311782836914,0.014491796493530273
4,10,14,131.0,3.989900827407837,3.9872519969940186,-0.0026488304138183594
4,10,15,125.0,3.2012383937835693,3.1994664669036865,-0.0017719268798828125
4,10,16,61.0,4.757500171661377,4.748445987701416,-0.009054183959960938
4,10,17,164.0,2.6241273880004883,2.6466128826141357,0.02248549461364746
4,10,18,107.0,3.8216171264648438,3.826916456222534,0.00529932975769043
4,10,19,48.0,4.036356449127197,4.070756912231445,0.03440046310424805
4,10,20,74.0,2.6907341480255127,2.6537225246429443,-0.03701162338256836
4,10,21,103.0,2.9307749271392822,2.919240951538086,-0.011533975601196289
4,10,22,114.0,3.8854269981384277,3.891202926635742,0.005775928497314453
4,10,23,50.0,6.480540752410889,6.556426525115967,0.07588577270507812
4,10,24,281.0,3.1489627361297607,3.160088539123535,0.011125802993774414
4,10,25,247.0,2.5188822746276855,2.5109548568725586,-0.007927417755126953
4,10,26,173.0,4.413876056671143,4.462524890899658,0.048648834228515625
4,10,27,166.0,3.707796812057495,3.70605731010437,-0.001739501953125
4,10,28,98.0,3.151510238647461,3.1631741523742676,0.01166391372680664
4,10,29,174.0,3.586359739303589,3.611187219619751,0.02482748031616211
4,10,30,173.0,3.190525531768799,3.228461265563965,0.037935733795166016
4,10,31,215.0,4.340093612670898,4.335436820983887,-0.004656791687011719
4,10,32,186.0,3.4789488315582275,3.4490764141082764,-0.029872417449951172
4,10,33,153.0,2.9326295852661133,2.957469940185547,0.024840354919433594
4,10,34,147.0,4.1311798095703125,4.111691951751709,-0.019487857818603516
4,10,35,50.0,4.620577812194824,4.645226955413818,0.02464914321899414
4,10,36,86.0,3.942690134048462,3.9345245361328125,-0.008165597915649414
4,10,37,154.0,4.250033378601074,4.266808032989502,0.016774654388427734
4,10,38,265.0,2.933018684387207,2.951591968536377,0.018573284149169922
4,10,39,199.0,3.941709518432617,3.954310178756714,0.01260066032409668
4,10,40,138.0,4.430899620056152,4.458709239959717,0.027809619903564453
4,10,41,98.0,4.048152923583984,4.070596694946289,0.022443771362304688
4,10,42,167.0,2.98820424079895,2.9901187419891357,0.0019145011901855469
4,10,43,288.0,4.51556396484375,4.555572509765625,0.040008544921875
4,10,44,225.0,3.134540557861328,3.141606330871582,0.007065773010253906
4,10,45,191.0,3.475728988647461,3.4738810062408447,-0.001847982406616211
4,10,46,92.0,5.071820259094238,5.054516792297363,-0.017303466796875
4,10,47,41.0,5.766663551330566,5.862746238708496,0.09608268737792969
4,10,48,231.0,3.4077651500701904,3.4004645347595215,-0.007300615310668945
4,10,49,101.0,2.9521121978759766,2.954693078994751,0.002580881118774414
4,10,50,177.0,3.6662821769714355,3.658763885498047,-0.007518291473388672
4,10,51,252.0,4.05861759185791,4.065093517303467,0.006475925445556641
4,10,52,259.0,3.3747026920318604,3.3734030723571777,-0.0012996196746826172
4,10,53,47.0,4.065746307373047,4.092130184173584,0.02638387680053711
4,10,54,164.0,2.495858669281006,2.5030391216278076,0.007180452346801758
4,10,55,94.0,4.066493034362793,4.067869186401367,0.0013761520385742188
4,10,56,103.0,4.11627721786499,4.142725944519043,0.026448726654052734
4,10,57,78.0,3.913255453109741,3.938913106918335,0.02565765380859375
4,10,58,239.0,3.692802906036377,3.6794350147247314,-0.013367891311645508
4,10,59,271.0,4.881155014038086,4.871537685394287,-0.009617328643798828
4,10,60,162.0,3.3450679779052734,3.3334388732910156,-0.011629104614257812
4,10,61,179.0,3.870093584060669,3.8756484985351562,0.005554914474487305
4,10,62,218.0,3.1762454509735107,3.186615228652954,0.01036977767944336
4,10,63,81.0,3.809858798980713,3.8384745121002197,0.028615713119506836
4,10,64,93.0,4.687077522277832,4.6924662590026855,0.005388736724853516
4,10,65,72.0,4.558295249938965,4.578295707702637,0.020000457763671875
4,10,66,230.0,3.737887382507324,3.7579288482666016,0.020041465759277344
4,10,67,99.0,3.1625142097473145,3.145075559616089,-0.017438650131225586
4,10,68,213.0,3.218388557434082,3.2126200199127197,-0.005768537521362305
4,10,69,119.0,3.072978973388672,3.085484027862549,0.012505054473876953
4,10,70,161.0,3.529710531234741,3.5562744140625,0.02656388282775879
4,10,71,90.0,4.394758224487305,4.437995910644531,0.04323768615722656
4,10,72,181.0,3.6989989280700684,3.7554500102996826,0.05645108222961426
4,10,73,95.0,4.745315074920654,4.7561354637146,0.010820388793945312
4,10,74,245.0,2.801177740097046,2.79193377494812,-0.009243965148925781
4,10,75,93.0,2.319314956665039,2.2800657749176025,-0.03924918174743652
4,10,76,225.0,3.1077821254730225,3.1100575923919678,0.0022754669189453125
4,10,77,61.0,4.027099132537842,3.9573986530303955,-0.06970047950744629
4,10,78,257.0,4.246406078338623,4.244287490844727,-0.0021185874938964844
4,10,79,165.0,3.7203760147094727,3.720613956451416,0.00023794174194335938
4,10,80,117.0,4.752804279327393,4.772105693817139,0.019301414489746094
4,10,81,89.0,4.279232025146484,4.214484214782715,-0.06474781036376953
4,10,82,291.0,4.08609676361084,4.086727619171143,0.0006308555603027344
4,10,83,93.0,4.042176723480225,4.053876876831055,0.011700153350830078
4,10,84,228.0,2.8949825763702393,2.913353681564331,0.018371105194091797
4,10,85,131.0,3.406266927719116,3.4176383018493652,0.011371374130249023
4,10,86,191.0,4.77057409286499,4.799492359161377,0.02891826629638672
4,10,87,238.0,5.341985702514648,5.358116149902344,0.016130447387695312
4,10,88,210.0,3.7304000854492188,3.7140445709228516,-0.016355514526367188
4,10,89,107.0,4.658895492553711,4.678122520446777,0.019227027893066406
4,10,90,217.0,3.256716728210449,3.2749698162078857,0.018253087997436523
4,10,91,199.0,3.479922294616699,3.508509397506714,0.02858710289001465
4,10,92,84.0,2.9870519638061523,3.0152087211608887,0.028156757354736328
4,10,93,271.0,4.167789459228516,4.1542887687683105,-0.013500690460205078
4,10,94,226.0,3.797963857650757,3.803938388824463,0.005974531173706055
4,10,95,258.0,4.302313327789307,4.321680068969727,0.019366741180419922
4,10,96,86.0,4.009377479553223,3.9765844345092773,-0.03279304504394531
4,10,97,142.0,4.886353492736816,4.844214916229248,-0.04213857650756836
4,10,98,42.0,4.73474645614624,4.742459774017334,0.00771331787109375
4,10,99,224.0,3.053419828414917,3.0732405185699463,0.019820690155029297
4,10,100,197.0,2.6848225593566895,2.7064061164855957,0.02158355712890625
4,10,101,85.0,3.080362558364868,3.0833470821380615,0.0029845237731933594
4,10,102,195.0,3.4633231163024902,3.4867513179779053,0.02342820167541504
4,10,103,102.0,4.20768404006958,4.228055953979492,0.02037191390991211
4,10,104,181.0,3.711848735809326,3.759528875350952,0.04768013954162598
4,10,105,72.0,2.723045587539673,2.736380100250244,0.013334512710571289
4,10,106,130.0,4.976626396179199,4.96438455581665,-0.012241840362548828
4,10,107,62.0,3.1819393634796143,3.183518886566162,0.0015795230865478516
4,10,108,263.0,4.0605854988098145,4.054809093475342,-0.005776405334472656
4,10,109,194.0,3.1560444831848145,3.137136936187744,-0.018907546997070312
4,10,110,174.0,3.211611032485962,3.2222604751586914,0.010649442672729492
4,10,111,235.0,4.168798446655273,4.141421318054199,-0.02737712860107422
4,10,112,143.0,4.279087066650391,4.275686740875244,-0.0034003257751464844
4,10,113,117.0,4.890145778656006,4.956064224243164,0.0659184455871582
4,10,114,160.0,4.253233909606934,4.232561111450195,-0.02067279815673828
4,10,115,115.0,3.9266409873962402,3.9119818210601807,-0.01465916633605957
4,10,116,120.0,3.8633739948272705,3.886967897415161,0.023593902587890625
4,10,117,186.0,4.1213459968566895,4.119685173034668,-0.0016608238220214844
4,10,118,138.0,3.296036958694458,3.3015875816345215,0.0055506229400634766
4,10,119,80.0,3.554978847503662,3.5661959648132324,0.011217117309570312
4,10,120,164.0,3.3612916469573975,3.3682727813720703,0.0069811344146728516
4,10,121,215.0,3.762061357498169,3.762812376022339,0.0007510185241699219
4,10,122,81.0,3.60632061958313,3.6159276962280273,0.009607076644897461
4,10,123,171.0,3.4178876876831055,3.4163310527801514,-0.0015566349029541016
4,10,124,41.0,4.780884742736816,4.766719341278076,-0.014165401458740234
4,10,125,103.0,4.1708221435546875,4.178555011749268,0.007732868194580078
4,10,126,145.0,3.385586977005005,3.3873515129089355,0.001764535903930664
4,10,127,102.0,3.511989116668701,3.5215728282928467,0.009583711624145508
4,10,128,157.0,4.545989513397217,4.575074195861816,0.02908468246459961
4,10,129,161.0,3.612820625305176,3.584139823913574,-0.028680801391601562
4,10,130,248.0,3.595446825027466,3.5974326133728027,0.001985788345336914
4,10,131,240.0,4.314742088317871,4.321990966796875,0.007248878479003906
4,10,132,284.0,3.515221118927002,3.5356180667877197,0.020396947860717773
4,10,133,105.0,5.547122001647949,5.575649738311768,0.02852773666381836
4,10,134,72.0,3.6292827129364014,3.6775317192077637,0.048249006271362305
4,10,135,86.0,3.9638190269470215,3.973618507385254,0.009799480438232422
4,10,136,120.0,3.225938320159912,3.278869152069092,0.05293083190917969
4,10,137,64.0,3.684243679046631,3.734496593475342,0.05025291442871094
4,10,138,220.0,2.8231959342956543,2.837088108062744,0.013892173767089844
4,10,139,92.0,2.984248638153076,3.025006055831909,0.04075741767883301
4,10,140,180.0,3.4170660972595215,3.4110257625579834,-0.006040334701538086
4,10,141,95.0,3.5693070888519287,3.609178304672241,0.0398712158203125
4,10,142,72.0,5.436267852783203,5.436332702636719,6.4849853515625e-05
4,10,143,152.0,4.664964199066162,4.683248519897461,0.018284320831298828
4,10,144,170.0,3.2575697898864746,3.2630436420440674,0.0054738521575927734
4,10,145,56.0,4.233151912689209,4.228972911834717,-0.0041790008544921875
4,10,146,174.0,3.632305860519409,3.6119792461395264,-0.020326614379882812
4,10,147,191.0,3.26232647895813,3.311318874359131,0.04899239540100098
4,10,148,279.0,3.7231252193450928,3.7368547916412354,0.013729572296142578
4,10,149,98.0,3.6501717567443848,3.73588228225708,0.08571052551269531
4,10,150,50.0,3.987290143966675,3.998307228088379,0.011017084121704102
4,10,151,61.0,3.207566976547241,3.2010717391967773,-0.006495237350463867
4,10,152,208.0,2.833768367767334,2.8190743923187256,-0.014693975448608398
4,10,153,124.0,3.7818057537078857,3.7625582218170166,-0.01924753189086914
4,10,154,128.0,3.3032331466674805,3.314143657684326,0.010910511016845703
4,10,155,250.0,4.603071212768555,4.630814075469971,0.027742862701416016
4,10,156,239.0,2.621934175491333,2.63207745552063,0.010143280029296875
4,10,157,164.0,2.8648641109466553,2.834249258041382,-0.030614852905273438
4,10,158,42.0,4.671477317810059,4.699921607971191,0.028444290161132812
4,10,159,200.0,4.007006645202637,4.000245571136475,-0.006761074066162109
4,10,160,209.0,3.638150215148926,3.6404643058776855,0.0023140907287597656
4,10,161,206.0,3.6040756702423096,3.611900568008423,0.007824897766113281
4,10,162,139.0,4.383498191833496,4.400643348693848,0.017145156860351562
4,10,163,76.0,3.7987864017486572,3.768049478530884,-0.030736923217773438
4,10,164,232.0,3.892338275909424,3.924443006515503,0.0321047306060791
4,10,165,235.0,3.9155564308166504,3.9114954471588135,-0.004060983657836914
4,10,166,49.0,4.228317737579346,4.239272594451904,0.010954856872558594
4,10,167,138.0,3.473930835723877,3.4788906574249268,0.004959821701049805
4,10,168,60.0,3.808337450027466,3.8411641120910645,0.03282666206359863
4,10,169,146.0,4.041977882385254,4.0634541511535645,0.021476268768310547
4,10,170,57.0,4.420210838317871,4.389473915100098,-0.030736923217773438
4,10,171,135.0,3.909317970275879,3.9203991889953613,0.011081218719482422
4,10,172,113.0,3.19097638130188,3.229344129562378,0.03836774826049805
4,10,173,208.0,4.171577453613281,4.193233013153076,0.021655559539794922
4,10,174,195.0,2.116305112838745,2.126577615737915,0.010272502899169922
4,10,175,137.0,3.9520905017852783,3.9374821186065674,-0.014608383178710938
4,10,176,91.0,4.97736120223999,5.011496067047119,0.034134864807128906
4,10,177,66.0,3.994100332260132,4.003988265991211,0.009887933731079102
4,10,178,173.0,3.3507070541381836,3.3832852840423584,0.032578229904174805
4,10,179,89.0,5.353647708892822,5.347177505493164,-0.006470203399658203
4,10,180,231.0,3.6613731384277344,3.683443069458008,0.022069931030273438
4,10,181,71.0,5.397938251495361,5.425097465515137,0.02715921401977539
4,10,182,98.0,3.963383674621582,3.9519166946411133,-0.01146697998046875
4,10,183,215.0,1.998246431350708,1.9909729957580566,-0.007273435592651367
4,10,184,159.0,4.383580684661865,4.429220676422119,0.045639991760253906
4,10,185,86.0,3.697986602783203,3.730503797531128,0.032517194747924805
4,10,186,92.0,3.4445607662200928,3.434335231781006,-0.010225534439086914
4,10,187,51.0,5.179178714752197,5.253189563751221,0.07401084899902344
4,10,188,86.0,4.734201908111572,4.755556106567383,0.021354198455810547
4,10,189,132.0,3.6938047409057617,3.7057480812072754,0.011943340301513672
4,10,190,214.0,3.9561617374420166,3.980809211730957,0.02464747428894043
4,10,191,139.0,4.121965408325195,4.134304523468018,0.012339115142822266
4,10,192,89.0,3.4952480792999268,3.520164966583252,0.024916887283325195
4,10,193,102.0,4.782958507537842,4.804033279418945,0.021074771881103516
4,10,194,156.0,2.6015143394470215,2.6005311012268066,-0.0009832382202148438
4,10,195,87.0,3.839608669281006,3.9141550064086914,0.07454633712768555
4,10,196,175.0,3.2536110877990723,3.2303755283355713,-0.023235559463500977
4,10,197,136.0,2.3385791778564453,2.372354507446289,0.03377532958984375
4,10,198,54.0,3.781459093093872,3.7560877799987793,-0.025371313095092773
4,10,199,71.0,4.556375980377197,4.553717136383057,-0.002658843994140625
4,10,200,43.0,4.562034606933594,4.602505683898926,0.04047107696533203
4,10,201,200.0,3.3231818675994873,3.326632499694824,0.003450632095336914
4,10,202,60.0,3.5167155265808105,3.573119640350342,0.05640411376953125
4,10,203,220.0,3.437206983566284,3.44608211517334,0.008875131607055664
4,10,204,160.0,4.1729278564453125,4.191800594329834,0.018872737884521484
4,10,205,46.0,3.025144100189209,2.99483060836792,-0.030313491821289062
4,10,206,189.0,3.507356882095337,3.5560219287872314,0.04866504669189453
4,10,207,69.0,4.68245792388916,4.682126045227051,-0.000331878662109375
4,10,208,164.0,2.968637228012085,2.95857572555542,-0.010061502456665039
4,10,209,121.0,3.6657907962799072,3.6848363876342773,0.019045591354370117
4,10,210,453.0,5.465768337249756,5.465691089630127,-7.724761962890625e-05
4,10,211,167.0,3.817554473876953,3.819370746612549,0.0018162727355957031
4,10,212,79.0,3.6519949436187744,3.6432271003723145,-0.008767843246459961
4,10,213,64.0,4.473271369934082,4.483387470245361,0.010116100311279297
4,10,214,214.0,3.5177533626556396,3.5434296131134033,0.025676250457763672
4,10,215,42.0,4.581282615661621,4.606245040893555,0.024962425231933594
4,10,216,85.0,4.406545639038086,4.479774475097656,0.07322883605957031
4,10,217,45.0,4.909335136413574,4.939874172210693,0.03053903579711914
4,10,218,96.0,4.346060276031494,4.353739261627197,0.007678985595703125
4,10,219,40.0,3.466945171356201,3.5290794372558594,0.0621342658996582
4,10,220,66.0,4.6993865966796875,4.7216901779174805,0.02230358123779297
4,10,221,262.0,3.4376049041748047,3.4495620727539062,0.011957168579101562
4,10,222,32.0,4.6173553466796875,4.647806167602539,0.030450820922851562
4,10,223,33.0,4.931256294250488,4.987532138824463,0.05627584457397461
4,10,224,139.0,2.1582767963409424,2.186159372329712,0.02788257598876953
4,10,225,84.0,4.020323753356934,4.021294116973877,0.0009703636169433594
4,10,226,46.0,3.709413528442383,3.7317867279052734,0.022373199462890625
4,10,227,121.0,4.181075572967529,4.196410179138184,0.015334606170654297
4,10,228,67.0,3.140568971633911,3.173435926437378,0.0328669548034668
4,10,229,187.0,3.8881711959838867,3.8984878063201904,0.010316610336303711
4,10,230,40.0,4.873936176300049,4.838958740234375,-0.03497743606567383
4,10,231,91.0,3.998016119003296,4.014379501342773,0.01636338233947754
4,10,232,52.0,4.4449782371521,4.453591346740723,0.008613109588623047
4,10,233,49.0,4.133476257324219,4.125795841217041,-0.007680416107177734
4,10,234,261.0,3.079342842102051,3.1044809818267822,0.025138139724731445
4,10,235,59.0,4.072587490081787,4.0996270179748535,0.027039527893066406
4,10,236,132.0,4.054989814758301,4.067831516265869,0.01284170150756836
4,10,237,136.0,3.4520623683929443,3.4589273929595947,0.006865024566650391
4,10,238,210.0,3.7005720138549805,3.688060760498047,-0.012511253356933594
4,10,239,258.0,3.6856272220611572,3.6997146606445312,0.014087438583374023
4,10,240,203.0,3.5238258838653564,3.5473597049713135,0.02353382110595703
4,10,241,198.0,3.3618428707122803,3.374945640563965,0.01310276985168457
4,10,242,85.0,3.468600034713745,3.4825565814971924,0.013956546783447266
4,10,243,85.0,2.1469109058380127,2.2333240509033203,0.08641314506530762
4,10,244,93.0,4.847414970397949,4.8795695304870605,0.03215456008911133
4,10,245,68.0,4.8312296867370605,4.826736927032471,-0.004492759704589844
4,10,246,58.0,4.302565574645996,4.321824073791504,0.019258499145507812
4,10,247,187.0,3.1594748497009277,3.1950221061706543,0.03554725646972656
4,10,248,64.0,2.745805263519287,2.7606873512268066,0.014882087707519531
4,10,249,100.0,3.3120670318603516,3.3098065853118896,-0.002260446548461914
4,10,250,151.0,3.886031150817871,3.9131674766540527,0.02713632583618164
4,10,251,174.0,3.292135715484619,3.263338327407837,-0.028797388076782227
4,10,252,126.0,4.651801109313965,4.661436080932617,0.009634971618652344
4,10,253,99.0,3.699761390686035,3.692596435546875,-0.007164955139160156
4,10,254,107.0,4.576633453369141,4.595149993896484,0.01851654052734375
4,10,255,116.0,3.825943946838379,3.8659963607788086,0.04005241394042969
4,11,0,196.0,3.98167085647583,3.9671294689178467,-0.014541387557983398
4,11,1,127.0,3.705084800720215,3.6834475994110107,-0.0216372013092041
4,11,2,162.0,2.4317469596862793,2.4355685710906982,0.0038216114044189453
4,11,3,92.0,5.154407501220703,5.130323886871338,-0.024083614349365234
4,11,4,194.0,3.7261335849761963,3.7225518226623535,-0.0035817623138427734
4,11,5,115.0,3.4317781925201416,3.4399373531341553,0.008159160614013672
4,11,6,109.0,4.611254692077637,4.601373672485352,-0.009881019592285156
4,11,7,48.0,3.824559450149536,3.8422229290008545,0.01766347885131836
4,11,8,69.0,4.333216190338135,4.331737041473389,-0.0014791488647460938
4,11,9,85.0,3.4889185428619385,3.493128538131714,0.004209995269775391
4,11,10,238.0,3.337062358856201,3.3379013538360596,0.0008389949798583984
4,11,11,233.0,3.013906478881836,3.0234737396240234,0.0095672607421875
4,11,12,208.0,3.644038200378418,3.6357245445251465,-0.008313655853271484
4,11,13,196.0,3.302739381790161,3.307849884033203,0.005110502243041992
4,11,14,131.0,3.989900827407837,3.9830780029296875,-0.006822824478149414
4,11,15,125.0,3.2012383937835693,3.215019941329956,0.013781547546386719
4,11,16,61.0,4.757500171661377,4.790316581726074,0.032816410064697266
4,11,17,164.0,2.6241273880004883,2.616682767868042,-0.007444620132446289
4,11,18,107.0,3.8216171264648438,3.8114497661590576,-0.010167360305786133
4,11,19,48.0,4.036356449127197,4.028595447540283,-0.0077610015869140625
4,11,20,74.0,2.6907341480255127,2.7021186351776123,0.01138448715209961
4,11,21,103.0,2.9307749271392822,2.9405884742736816,0.009813547134399414
4,11,22,114.0,3.8854269981384277,3.8728363513946533,-0.012590646743774414
4,11,23,50.0,6.480540752410889,6.427823066711426,-0.05271768569946289
4,11,24,281.0,3.1489627361297607,3.16461181640625,0.015649080276489258
4,11,25,247.0,2.5188822746276855,2.5221946239471436,0.003312349319458008
4,11,26,173.0,4.413876056671143,4.3940205574035645,-0.019855499267578125
4,11,27,166.0,3.707796812057495,3.6961216926574707,-0.011675119400024414
4,11,28,98.0,3.151510238647461,3.1737449169158936,0.022234678268432617
4,11,29,174.0,3.586359739303589,3.576214551925659,-0.010145187377929688
4,11,30,173.0,3.190525531768799,3.1815805435180664,-0.008944988250732422
4,11,31,215.0,4.340093612670898,4.334385395050049,-0.005708217620849609
4,11,32,186.0,3.4789488315582275,3.4829936027526855,0.004044771194458008
4,11,33,153.0,2.9326295852661133,2.950505495071411,0.01787590980529785
4,11,34,147.0,4.1311798095703125,4.1352009773254395,0.004021167755126953
4,11,35,50.0,4.620577812194824,4.638880729675293,0.01830291748046875
4,11,36,86.0,3.942690134048462,3.9397003650665283,-0.0029897689819335938
4,11,37,154.0,4.250033378601074,4.241590976715088,-0.008442401885986328
4,11,38,265.0,2.933018684387207,2.952240467071533,0.019221782684326172
4,11,39,199.0,3.941709518432617,3.9412052631378174,-0.0005042552947998047
4,11,40,138.0,4.430899620056152,4.424320220947266,-0.006579399108886719
4,11,41,98.0,4.048152923583984,4.036992073059082,-0.011160850524902344
4,11,42,167.0,2.98820424079895,2.9748871326446533,-0.013317108154296875
4,11,43,288.0,4.51556396484375,4.498354434967041,-0.017209529876708984
4,11,44,225.0,3.134540557861328,3.1293253898620605,-0.005215167999267578
4,11,45,191.0,3.475728988647461,3.4649627208709717,-0.010766267776489258
4,11,46,92.0,5.071820259094238,5.073821544647217,0.0020012855529785156
4,11,47,41.0,5.766663551330566,5.748398303985596,-0.018265247344970703
4,11,48,231.0,3.4077651500701904,3.406317949295044,-0.0014472007751464844
4,11,49,101.0,2.9521121978759766,2.9623801708221436,0.010267972946166992
4,11,50,177.0,3.6662821769714355,3.6578369140625,-0.008445262908935547
4,11,51,252.0,4.05861759185791,4.063479423522949,0.0048618316650390625
4,11,52,259.0,3.3747026920318604,3.383220672607422,0.008517980575561523
4,11,53,47.0,4.065746307373047,4.02500581741333,-0.0407404899597168
4,11,54,164.0,2.495858669281006,2.506239891052246,0.010381221771240234
4,11,55,94.0,4.066493034362793,4.057677745819092,-0.008815288543701172
4,11,56,103.0,4.11627721786499,4.117246627807617,0.0009694099426269531
4,11,57,78.0,3.913255453109741,3.9166228771209717,0.0033674240112304688
4,11,58,239.0,3.692802906036377,3.714435577392578,0.021632671356201172
4,11,59,271.0,4.881155014038086,4.88779354095459,0.006638526916503906
4,11,60,162.0,3.3450679779052734,3.3553786277770996,0.010310649871826172
4,11,61,179.0,3.870093584060669,3.8796024322509766,0.009508848190307617
4,11,62,218.0,3.1762454509735107,3.1750645637512207,-0.001180887222290039
4,11,63,81.0,3.809858798980713,3.788499355316162,-0.02135944366455078
4,11,64,93.0,4.687077522277832,4.6981425285339355,0.011065006256103516
4,11,65,72.0,4.558295249938965,4.517267227172852,-0.04102802276611328
4,11,66,230.0,3.737887382507324,3.7245898246765137,-0.013297557830810547
4,11,67,99.0,3.1625142097473145,3.166937828063965,0.004423618316650391
4,11,68,213.0,3.218388557434082,3.23728609085083,0.018897533416748047
4,11,69,119.0,3.072978973388672,3.0647177696228027,-0.00826120376586914
4,11,70,161.0,3.529710531234741,3.52652645111084,-0.003184080123901367
4,11,71,90.0,4.394758224487305,4.378742218017578,-0.016016006469726562
4,11,72,181.0,3.6989989280700684,3.6561100482940674,-0.04288887977600098
4,11,73,95.0,4.745315074920654,4.744687557220459,-0.0006275177001953125
4,11,74,245.0,2.801177740097046,2.8041844367980957,0.0030066967010498047
4,11,75,93.0,2.319314956665039,2.348597526550293,0.029282569885253906
4,11,76,225.0,3.1077821254730225,3.112757444381714,0.004975318908691406
4,11,77,61.0,4.027099132537842,4.023191452026367,-0.003907680511474609
4,11,78,257.0,4.246406078338623,4.243587493896484,-0.002818584442138672
4,11,79,165.0,3.7203760147094727,3.746962308883667,0.026586294174194336
4,11,80,117.0,4.752804279327393,4.748378753662109,-0.004425525665283203
4,11,81,89.0,4.279232025146484,4.312479019165039,0.03324699401855469
4,11,82,291.0,4.08609676361084,4.088261604309082,0.0021648406982421875
4,11,83,93.0,4.042176723480225,4.036738395690918,-0.005438327789306641
4,11,84,228.0,2.8949825763702393,2.895033359527588,5.078315734863281e-05
4,11,85,131.0,3.406266927719116,3.3844950199127197,-0.021771907806396484
4,11,86,191.0,4.77057409286499,4.770549297332764,-2.47955322265625e-05
4,11,87,238.0,5.341985702514648,5.346169948577881,0.004184246063232422
4,11,88,210.0,3.7304000854492188,3.7415719032287598,0.011171817779541016
4,11,89,107.0,4.658895492553711,4.655895709991455,-0.0029997825622558594
4,11,90,217.0,3.256716728210449,3.2596044540405273,0.002887725830078125
4,11,91,199.0,3.479922294616699,3.477558135986328,-0.0023641586303710938
4,11,92,84.0,2.9870519638061523,2.9783153533935547,-0.008736610412597656
4,11,93,271.0,4.167789459228516,4.175903797149658,0.008114337921142578
4,11,94,226.0,3.797963857650757,3.79278302192688,-0.005180835723876953
4,11,95,258.0,4.302313327789307,4.301237106323242,-0.0010762214660644531
4,11,96,86.0,4.009377479553223,4.002796173095703,-0.006581306457519531
4,11,97,142.0,4.886353492736816,4.893538475036621,0.0071849822998046875
4,11,98,42.0,4.73474645614624,4.733468055725098,-0.0012784004211425781
4,11,99,224.0,3.053419828414917,3.0555179119110107,0.00209808349609375
4,11,100,197.0,2.6848225593566895,2.6812567710876465,-0.0035657882690429688
4,11,101,85.0,3.080362558364868,3.0879366397857666,0.0075740814208984375
4,11,102,195.0,3.4633231163024902,3.4706099033355713,0.007286787033081055
4,11,103,102.0,4.20768404006958,4.207597255706787,-8.678436279296875e-05
4,11,104,181.0,3.711848735809326,3.700002431869507,-0.011846303939819336
4,11,105,72.0,2.723045587539673,2.753901958465576,0.03085637092590332
4,11,106,130.0,4.976626396179199,4.980888843536377,0.004262447357177734
4,11,107,62.0,3.1819393634796143,3.21712327003479,0.03518390655517578
4,11,108,263.0,4.0605854988098145,4.048759937286377,-0.0118255615234375
4,11,109,194.0,3.1560444831848145,3.164060592651367,0.008016109466552734
4,11,110,174.0,3.211611032485962,3.217595338821411,0.005984306335449219
4,11,111,235.0,4.168798446655273,4.168829441070557,3.0994415283203125e-05
4,11,112,143.0,4.279087066650391,4.277008056640625,-0.002079010009765625
4,11,113,117.0,4.890145778656006,4.848202228546143,-0.04194355010986328
4,11,114,160.0,4.253233909606934,4.259770393371582,0.0065364837646484375
4,11,115,115.0,3.9266409873962402,3.9010353088378906,-0.02560567855834961
4,11,116,120.0,3.8633739948272705,3.848282814025879,-0.015091180801391602
4,11,117,186.0,4.1213459968566895,4.127735614776611,0.006389617919921875
4,11,118,138.0,3.296036958694458,3.2871274948120117,-0.008909463882446289
4,11,119,80.0,3.554978847503662,3.5948894023895264,0.03991055488586426
4,11,120,164.0,3.3612916469573975,3.353756904602051,-0.00753474235534668
4,11,121,215.0,3.762061357498169,3.7537052631378174,-0.008356094360351562
4,11,122,81.0,3.60632061958313,3.6008646488189697,-0.005455970764160156
4,11,123,171.0,3.4178876876831055,3.425166368484497,0.0072786808013916016
4,11,124,41.0,4.780884742736816,4.7855095863342285,0.004624843597412109
4,11,125,103.0,4.1708221435546875,4.1595258712768555,-0.011296272277832031
4,11,126,145.0,3.385586977005005,3.398430824279785,0.012843847274780273
4,11,127,102.0,3.511989116668701,3.5137383937835693,0.001749277114868164
4,11,128,157.0,4.545989513397217,4.544464111328125,-0.0015254020690917969
4,11,129,161.0,3.612820625305176,3.6134417057037354,0.0006210803985595703
4,11,130,248.0,3.595446825027466,3.5841164588928223,-0.011330366134643555
4,11,131,240.0,4.314742088317871,4.322198390960693,0.007456302642822266
4,11,132,284.0,3.515221118927002,3.5149831771850586,-0.00023794174194335938
4,11,133,105.0,5.547122001647949,5.56930685043335,0.02218484878540039
4,11,134,72.0,3.6292827129364014,3.5976083278656006,-0.03167438507080078
4,11,135,86.0,3.9638190269470215,3.9701056480407715,0.00628662109375
4,11,136,120.0,3.225938320159912,3.229462146759033,0.0035238265991210938
4,11,137,64.0,3.684243679046631,3.7010247707366943,0.016781091690063477
4,11,138,220.0,2.8231959342956543,2.8443045616149902,0.021108627319335938
4,11,139,92.0,2.984248638153076,2.9469807147979736,-0.03726792335510254
4,11,140,180.0,3.4170660972595215,3.4241645336151123,0.00709843635559082
4,11,141,95.0,3.5693070888519287,3.5477685928344727,-0.021538496017456055
4,11,142,72.0,5.436267852783203,5.416061878204346,-0.020205974578857422
4,11,143,152.0,4.664964199066162,4.663735866546631,-0.00122833251953125
4,11,144,170.0,3.2575697898864746,3.261355400085449,0.0037856101989746094
4,11,145,56.0,4.233151912689209,4.211892604827881,-0.021259307861328125
4,11,146,174.0,3.632305860519409,3.6526577472686768,0.020351886749267578
4,11,147,191.0,3.26232647895813,3.2502903938293457,-0.01203608512878418
4,11,148,279.0,3.7231252193450928,3.720165491104126,-0.002959728240966797
4,11,149,98.0,3.6501717567443848,3.6393024921417236,-0.010869264602661133
4,11,150,50.0,3.987290143966675,3.988771915435791,0.001481771469116211
4,11,151,61.0,3.207566976547241,3.243520736694336,0.03595376014709473
4,11,152,208.0,2.833768367767334,2.8322794437408447,-0.0014889240264892578
4,11,153,124.0,3.7818057537078857,3.794358730316162,0.012552976608276367
4,11,154,128.0,3.3032331466674805,3.309074878692627,0.005841732025146484
4,11,155,250.0,4.603071212768555,4.642098903656006,0.03902769088745117
4,11,156,239.0,2.621934175491333,2.6197071075439453,-0.0022270679473876953
4,11,157,164.0,2.8648641109466553,2.8595190048217773,-0.00534510612487793
4,11,158,42.0,4.671477317810059,4.701023101806641,0.02954578399658203
4,11,159,200.0,4.007006645202637,4.0196099281311035,0.012603282928466797
4,11,160,209.0,3.638150215148926,3.6455399990081787,0.00738978385925293
4,11,161,206.0,3.6040756702423096,3.6145315170288086,0.010455846786499023
4,11,162,139.0,4.383498191833496,4.393381595611572,0.009883403778076172
4,11,163,76.0,3.7987864017486572,3.852250814437866,0.053464412689208984
4,11,164,232.0,3.892338275909424,3.8921239376068115,-0.0002143383026123047
4,11,165,235.0,3.9155564308166504,3.9142160415649414,-0.0013403892517089844
4,11,166,49.0,4.228317737579346,4.214272975921631,-0.014044761657714844
4,11,167,138.0,3.473930835723877,3.485368251800537,0.011437416076660156
4,11,168,60.0,3.808337450027466,3.801182746887207,-0.007154703140258789
4,11,169,146.0,4.041977882385254,4.061478137969971,0.019500255584716797
4,11,170,57.0,4.420210838317871,4.446977615356445,0.02676677703857422
4,11,171,135.0,3.909317970275879,3.9176812171936035,0.00836324691772461
4,11,172,113.0,3.19097638130188,3.161426067352295,-0.02955031394958496
4,11,173,208.0,4.171577453613281,4.1654953956604,-0.006082057952880859
4,11,174,195.0,2.116305112838745,2.1175577640533447,0.0012526512145996094
4,11,175,137.0,3.9520905017852783,3.9379663467407227,-0.014124155044555664
4,11,176,91.0,4.97736120223999,4.990421295166016,0.01306009292602539
4,11,177,66.0,3.994100332260132,3.97080659866333,-0.023293733596801758
4,11,178,173.0,3.3507070541381836,3.349583864212036,-0.001123189926147461
4,11,179,89.0,5.353647708892822,5.370334625244141,0.01668691635131836
4,11,180,231.0,3.6613731384277344,3.658704996109009,-0.002668142318725586
4,11,181,71.0,5.397938251495361,5.397062301635742,-0.0008759498596191406
4,11,182,98.0,3.963383674621582,3.9644508361816406,0.0010671615600585938
4,11,183,215.0,1.998246431350708,1.9988032579421997,0.0005568265914916992
4,11,184,159.0,4.383580684661865,4.381590366363525,-0.0019903182983398438
4,11,185,86.0,3.697986602783203,3.690035104751587,-0.007951498031616211
4,11,186,92.0,3.4445607662200928,3.4697022438049316,0.025141477584838867
4,11,187,51.0,5.179178714752197,5.117658615112305,-0.06152009963989258
4,11,188,86.0,4.734201908111572,4.76267671585083,0.028474807739257812
4,11,189,132.0,3.6938047409057617,3.696272850036621,0.002468109130859375
4,11,190,214.0,3.9561617374420166,3.94956111907959,-0.006600618362426758
4,11,191,139.0,4.121965408325195,4.112360954284668,-0.009604454040527344
4,11,192,89.0,3.4952480792999268,3.4970200061798096,0.0017719268798828125
4,11,193,102.0,4.782958507537842,4.77944803237915,-0.0035104751586914062
4,11,194,156.0,2.6015143394470215,2.593670129776001,-0.007844209671020508
4,11,195,87.0,3.839608669281006,3.8511195182800293,0.011510848999023438
4,11,196,175.0,3.2536110877990723,3.2271666526794434,-0.026444435119628906
4,11,197,136.0,2.3385791778564453,2.34407114982605,0.005491971969604492
4,11,198,54.0,3.781459093093872,3.766515016555786,-0.014944076538085938
4,11,199,71.0,4.556375980377197,4.570129871368408,0.013753890991210938
4,11,200,43.0,4.562034606933594,4.545551300048828,-0.016483306884765625
4,11,201,200.0,3.3231818675994873,3.324187994003296,0.0010061264038085938
4,11,202,60.0,3.5167155265808105,3.548353433609009,0.03163790702819824
4,11,203,220.0,3.437206983566284,3.4364874362945557,-0.0007195472717285156
4,11,204,160.0,4.1729278564453125,4.161750793457031,-0.01117706298828125
4,11,205,46.0,3.025144100189209,3.060368061065674,0.035223960876464844
4,11,206,189.0,3.507356882095337,3.5162618160247803,0.00890493392944336
4,11,207,69.0,4.68245792388916,4.687837600708008,0.005379676818847656
4,11,208,164.0,2.968637228012085,2.9628212451934814,-0.005815982818603516
4,11,209,121.0,3.6657907962799072,3.6747353076934814,0.008944511413574219
4,11,210,453.0,5.465768337249756,5.468815803527832,0.003047466278076172
4,11,211,167.0,3.817554473876953,3.8126509189605713,-0.004903554916381836
4,11,212,79.0,3.6519949436187744,3.6418986320495605,-0.010096311569213867
4,11,213,64.0,4.473271369934082,4.4700727462768555,-0.0031986236572265625
4,11,214,214.0,3.5177533626556396,3.5350730419158936,0.017319679260253906
4,11,215,42.0,4.581282615661621,4.541193008422852,-0.04008960723876953
4,11,216,85.0,4.406545639038086,4.374238014221191,-0.03230762481689453
4,11,217,45.0,4.909335136413574,4.900362014770508,-0.008973121643066406
4,11,218,96.0,4.346060276031494,4.355185031890869,0.009124755859375
4,11,219,40.0,3.466945171356201,3.486391544342041,0.019446372985839844
4,11,220,66.0,4.6993865966796875,4.694227695465088,-0.005158901214599609
4,11,221,262.0,3.4376049041748047,3.433194398880005,-0.004410505294799805
4,11,222,32.0,4.6173553466796875,4.62176513671875,0.0044097900390625
4,11,223,33.0,4.931256294250488,4.91433048248291,-0.016925811767578125
4,11,224,139.0,2.1582767963409424,2.164374589920044,0.0060977935791015625
4,11,225,84.0,4.020323753356934,4.014812469482422,-0.005511283874511719
4,11,226,46.0,3.709413528442383,3.7106473445892334,0.001233816146850586
4,11,227,121.0,4.181075572967529,4.175665378570557,-0.005410194396972656
4,11,228,67.0,3.140568971633911,3.1346044540405273,-0.005964517593383789
4,11,229,187.0,3.8881711959838867,3.889235258102417,0.0010640621185302734
4,11,230,40.0,4.873936176300049,4.853818416595459,-0.020117759704589844
4,11,231,91.0,3.998016119003296,3.99988055229187,0.0018644332885742188
4,11,232,52.0,4.4449782371521,4.4625115394592285,0.017533302307128906
4,11,233,49.0,4.133476257324219,4.132812023162842,-0.0006642341613769531
4,11,234,261.0,3.079342842102051,3.0816619396209717,0.0023190975189208984
4,11,235,59.0,4.072587490081787,4.052073955535889,-0.020513534545898438
4,11,236,132.0,4.054989814758301,4.069819927215576,0.01483011245727539
4,11,237,136.0,3.4520623683929443,3.461245059967041,0.00918269157409668
4,11,238,210.0,3.7005720138549805,3.6904804706573486,-0.010091543197631836
4,11,239,258.0,3.6856272220611572,3.677551507949829,-0.008075714111328125
4,11,240,203.0,3.5238258838653564,3.519991874694824,-0.0038340091705322266
4,11,241,198.0,3.3618428707122803,3.360781669616699,-0.0010612010955810547
4,11,242,85.0,3.468600034713745,3.4539873600006104,-0.014612674713134766
4,11,243,85.0,2.1469109058380127,2.1204326152801514,-0.026478290557861328
4,11,244,93.0,4.847414970397949,4.862549781799316,0.015134811401367188
4,11,245,68.0,4.8312296867370605,4.841403961181641,0.010174274444580078
4,11,246,58.0,4.302565574645996,4.330843448638916,0.028277873992919922
4,11,247,187.0,3.1594748497009277,3.139108896255493,-0.02036595344543457
4,11,248,64.0,2.745805263519287,2.742431402206421,-0.003373861312866211
4,11,249,100.0,3.3120670318603516,3.326420307159424,0.014353275299072266
4,11,250,151.0,3.886031150817871,3.8674159049987793,-0.018615245819091797
4,11,251,174.0,3.292135715484619,3.304353952407837,0.012218236923217773
4,11,252,126.0,4.651801109313965,4.645498275756836,-0.006302833557128906
4,11,253,99.0,3.699761390686035,3.7312066555023193,0.03144526481628418
4,11,254,107.0,4.576633453369141,4.5901899337768555,0.013556480407714844
4,11,255,116.0,3.825943946838379,3.8024184703826904,-0.023525476455688477
4,12,0,196.0,3.98167085647583,3.9861812591552734,0.004510402679443359
4,12,1,127.0,3.705084800720215,3.7018091678619385,-0.003275632858276367
4,12,2,162.0,2.4317469596862793,2.430446147918701,-0.001300811767578125
4,12,3,92.0,5.154407501220703,5.147408962249756,-0.006998538970947266
4,12,4,194.0,3.7261335849761963,3.7227389812469482,-0.003394603729248047
4,12,5,115.0,3.4317781925201416,3.4276163578033447,-0.004161834716796875
4,12,6,109.0,4.611254692077637,4.609451770782471,-0.0018029212951660156
4,12,7,48.0,3.824559450149536,3.820791244506836,-0.0037682056427001953
4,12,8,69.0,4.333216190338135,4.332937240600586,-0.0002789497375488281
4,12,9,85.0,3.4889185428619385,3.4849283695220947,-0.00399017333984375
4,12,10,238.0,3.337062358856201,3.333456516265869,-0.0036058425903320312
4,12,11,233.0,3.013906478881836,3.0130720138549805,-0.0008344650268554688
4,12,12,208.0,3.644038200378418,3.640732765197754,-0.0033054351806640625
4,12,13,196.0,3.302739381790161,3.3078880310058594,0.005148649215698242
4,12,14,131.0,3.989900827407837,3.9911186695098877,0.0012178421020507812
4,12,15,125.0,3.2012383937835693,3.2088372707366943,0.007598876953125
4,12,16,61.0,4.757500171661377,4.74174165725708,-0.015758514404296875
4,12,17,164.0,2.6241273880004883,2.6272430419921875,0.0031156539916992188
4,12,18,107.0,3.8216171264648438,3.8084561824798584,-0.013160943984985352
4,12,19,48.0,4.036356449127197,4.04428243637085,0.007925987243652344
4,12,20,74.0,2.6907341480255127,2.684218645095825,-0.0065155029296875
4,12,21,103.0,2.9307749271392822,2.9422860145568848,0.011511087417602539
4,12,22,114.0,3.8854269981384277,3.8866477012634277,0.001220703125
4,12,23,50.0,6.480540752410889,6.5026421546936035,0.022101402282714844
4,12,24,281.0,3.1489627361297607,3.1575841903686523,0.008621454238891602
4,12,25,247.0,2.5188822746276855,2.521369218826294,0.0024869441986083984
4,12,26,173.0,4.413876056671143,4.415297508239746,0.0014214515686035156
4,12,27,166.0,3.707796812057495,3.7056171894073486,-0.0021796226501464844
4,12,28,98.0,3.151510238647461,3.1531898975372314,0.0016796588897705078
4,12,29,174.0,3.586359739303589,3.5775651931762695,-0.008794546127319336
4,12,30,173.0,3.190525531768799,3.1940557956695557,0.003530263900756836
4,12,31,215.0,4.340093612670898,4.342686176300049,0.0025925636291503906
4,12,32,186.0,3.4789488315582275,3.4842522144317627,0.005303382873535156
4,12,33,153.0,2.9326295852661133,2.9321441650390625,-0.00048542022705078125
4,12,34,147.0,4.1311798095703125,4.124703407287598,-0.006476402282714844
4,12,35,50.0,4.620577812194824,4.641231060028076,0.020653247833251953
4,12,36,86.0,3.942690134048462,3.955552816390991,0.012862682342529297
4,12,37,154.0,4.250033378601074,4.26046895980835,0.01043558120727539
4,12,38,265.0,2.933018684387207,2.9406979084014893,0.0076792240142822266
4,12,39,199.0,3.941709518432617,3.929931402206421,-0.011778116226196289
4,12,40,138.0,4.430899620056152,4.424238681793213,-0.006660938262939453
4,12,41,98.0,4.048152923583984,4.043764591217041,-0.004388332366943359
4,12,42,167.0,2.98820424079895,2.989093065261841,0.000888824462890625
4,12,43,288.0,4.51556396484375,4.518707752227783,0.003143787384033203
4,12,44,225.0,3.134540557861328,3.1339778900146484,-0.0005626678466796875
4,12,45,191.0,3.475728988647461,3.4685027599334717,-0.007226228713989258
4,12,46,92.0,5.071820259094238,5.067623615264893,-0.004196643829345703
4,12,47,41.0,5.766663551330566,5.786679267883301,0.020015716552734375
4,12,48,231.0,3.4077651500701904,3.4095096588134766,0.0017445087432861328
4,12,49,101.0,2.9521121978759766,2.9512455463409424,-0.0008666515350341797
4,12,50,177.0,3.6662821769714355,3.6529319286346436,-0.013350248336791992
4,12,51,252.0,4.05861759185791,4.056831359863281,-0.0017862319946289062
4,12,52,259.0,3.3747026920318604,3.3748459815979004,0.00014328956604003906
4,12,53,47.0,4.065746307373047,4.069999694824219,0.004253387451171875
4,12,54,164.0,2.495858669281006,2.5006966590881348,0.004837989807128906
4,12,55,94.0,4.066493034362793,4.0620012283325195,-0.0044918060302734375
4,12,56,103.0,4.11627721786499,4.11251163482666,-0.003765583038330078
4,12,57,78.0,3.913255453109741,3.9338269233703613,0.020571470260620117
4,12,58,239.0,3.692802906036377,3.688141107559204,-0.0046617984771728516
4,12,59,271.0,4.881155014038086,4.881187438964844,3.24249267578125e-05
4,12,60,162.0,3.3450679779052734,3.3373289108276367,-0.007739067077636719
4,12,61,179.0,3.870093584060669,3.8694679737091064,-0.0006256103515625
4,12,62,218.0,3.1762454509735107,3.1727333068847656,-0.003512144088745117
4,12,63,81.0,3.809858798980713,3.809774875640869,-8.392333984375e-05
4,12,64,93.0,4.687077522277832,4.689554691314697,0.0024771690368652344
4,12,65,72.0,4.558295249938965,4.553818702697754,-0.0044765472412109375
4,12,66,230.0,3.737887382507324,3.732578992843628,-0.005308389663696289
4,12,67,99.0,3.1625142097473145,3.1650168895721436,0.0025026798248291016
4,12,68,213.0,3.218388557434082,3.220864772796631,0.002476215362548828
4,12,69,119.0,3.072978973388672,3.0731799602508545,0.0002009868621826172
4,12,70,161.0,3.529710531234741,3.524609327316284,-0.005101203918457031
4,12,71,90.0,4.394758224487305,4.409422874450684,0.014664649963378906
4,12,72,181.0,3.6989989280700684,3.6935832500457764,-0.005415678024291992
4,12,73,95.0,4.745315074920654,4.746310710906982,0.000995635986328125
4,12,74,245.0,2.801177740097046,2.7966628074645996,-0.004514932632446289
4,12,75,93.0,2.319314956665039,2.3221852779388428,0.002870321273803711
4,12,76,225.0,3.1077821254730225,3.112499713897705,0.004717588424682617
4,12,77,61.0,4.027099132537842,4.022493839263916,-0.004605293273925781
4,12,78,257.0,4.246406078338623,4.2398457527160645,-0.006560325622558594
4,12,79,165.0,3.7203760147094727,3.7228827476501465,0.002506732940673828
4,12,80,117.0,4.752804279327393,4.745578289031982,-0.007225990295410156
4,12,81,89.0,4.279232025146484,4.28273344039917,0.003501415252685547
4,12,82,291.0,4.08609676361084,4.082108020782471,-0.003988742828369141
4,12,83,93.0,4.042176723480225,4.034307479858398,-0.007869243621826172
4,12,84,228.0,2.8949825763702393,2.8879997730255127,-0.0069828033447265625
4,12,85,131.0,3.406266927719116,3.403712749481201,-0.002554178237915039
4,12,86,191.0,4.77057409286499,4.770813465118408,0.00023937225341796875
4,12,87,238.0,5.341985702514648,5.336730480194092,-0.005255222320556641
4,12,88,210.0,3.7304000854492188,3.7269835472106934,-0.0034165382385253906
4,12,89,107.0,4.658895492553711,4.658427715301514,-0.0004677772521972656
4,12,90,217.0,3.256716728210449,3.2570862770080566,0.0003695487976074219
4,12,91,199.0,3.479922294616699,3.476090669631958,-0.003831624984741211
4,12,92,84.0,2.9870519638061523,2.9828076362609863,-0.004244327545166016
4,12,93,271.0,4.167789459228516,4.1642374992370605,-0.003551959991455078
4,12,94,226.0,3.797963857650757,3.79742693901062,-0.0005369186401367188
4,12,95,258.0,4.302313327789307,4.308489799499512,0.006176471710205078
4,12,96,86.0,4.009377479553223,4.013971328735352,0.004593849182128906
4,12,97,142.0,4.886353492736816,4.885286808013916,-0.0010666847229003906
4,12,98,42.0,4.73474645614624,4.736464023590088,0.0017175674438476562
4,12,99,224.0,3.053419828414917,3.0604307651519775,0.007010936737060547
4,12,100,197.0,2.6848225593566895,2.682452917098999,-0.0023696422576904297
4,12,101,85.0,3.080362558364868,3.0857608318328857,0.005398273468017578
4,12,102,195.0,3.4633231163024902,3.4613864421844482,-0.0019366741180419922
4,12,103,102.0,4.20768404006958,4.21563720703125,0.007953166961669922
4,12,104,181.0,3.711848735809326,3.708645820617676,-0.0032029151916503906
4,12,105,72.0,2.723045587539673,2.728783369064331,0.005737781524658203
4,12,106,130.0,4.976626396179199,4.967902183532715,-0.008724212646484375
4,12,107,62.0,3.1819393634796143,3.1828367710113525,0.0008974075317382812
4,12,108,263.0,4.0605854988098145,4.061041831970215,0.0004563331604003906
4,12,109,194.0,3.1560444831848145,3.157783031463623,0.0017385482788085938
4,12,110,174.0,3.211611032485962,3.2135612964630127,0.0019502639770507812
4,12,111,235.0,4.168798446655273,4.164557933807373,-0.004240512847900391
4,12,112,143.0,4.279087066650391,4.278138637542725,-0.0009484291076660156
4,12,113,117.0,4.890145778656006,4.8876118659973145,-0.0025339126586914062
4,12,114,160.0,4.253233909606934,4.260735988616943,0.007502079010009766
4,12,115,115.0,3.9266409873962402,3.922633647918701,-0.0040073394775390625
4,12,116,120.0,3.8633739948272705,3.8589413166046143,-0.00443267822265625
4,12,117,186.0,4.1213459968566895,4.123181343078613,0.0018353462219238281
4,12,118,138.0,3.296036958694458,3.2965264320373535,0.0004894733428955078
4,12,119,80.0,3.554978847503662,3.5513229370117188,-0.0036559104919433594
4,12,120,164.0,3.3612916469573975,3.3558382987976074,-0.005453348159790039
4,12,121,215.0,3.762061357498169,3.757824420928955,-0.004236936569213867
4,12,122,81.0,3.60632061958313,3.601062059402466,-0.0052585601806640625
4,12,123,171.0,3.4178876876831055,3.421250343322754,0.0033626556396484375
4,12,124,41.0,4.780884742736816,4.775443077087402,-0.0054416656494140625
4,12,125,103.0,4.1708221435546875,4.165308475494385,-0.005513668060302734
4,12,126,145.0,3.385586977005005,3.3845715522766113,-0.0010154247283935547
4,12,127,102.0,3.511989116668701,3.498422622680664,-0.01356649398803711
4,12,128,157.0,4.545989513397217,4.542991638183594,-0.002997875213623047
4,12,129,161.0,3.612820625305176,3.606907844543457,-0.00591278076171875
4,12,130,248.0,3.595446825027466,3.602700710296631,0.007253885269165039
4,12,131,240.0,4.314742088317871,4.309847354888916,-0.004894733428955078
4,12,132,284.0,3.515221118927002,3.517207622528076,0.0019865036010742188
4,12,133,105.0,5.547122001647949,5.556051254272461,0.008929252624511719
4,12,134,72.0,3.6292827129364014,3.6310949325561523,0.0018122196197509766
4,12,135,86.0,3.9638190269470215,3.9670445919036865,0.003225564956665039
4,12,136,120.0,3.225938320159912,3.2346065044403076,0.008668184280395508
4,12,137,64.0,3.684243679046631,3.683863639831543,-0.0003800392150878906
4,12,138,220.0,2.8231959342956543,2.8357489109039307,0.012552976608276367
4,12,139,92.0,2.984248638153076,2.983546733856201,-0.000701904296875
4,12,140,180.0,3.4170660972595215,3.400930881500244,-0.016135215759277344
4,12,141,95.0,3.5693070888519287,3.569343328475952,3.62396240234375e-05
4,12,142,72.0,5.436267852783203,5.436015605926514,-0.0002522468566894531
4,12,143,152.0,4.664964199066162,4.66774320602417,0.0027790069580078125
4,12,144,170.0,3.2575697898864746,3.258148670196533,0.0005788803100585938
4,12,145,56.0,4.233151912689209,4.226437568664551,-0.006714344024658203
4,12,146,174.0,3.632305860519409,3.633941411972046,0.0016355514526367188
4,12,147,191.0,3.26232647895813,3.268007278442383,0.00568079948425293
4,12,148,279.0,3.7231252193450928,3.7173709869384766,-0.005754232406616211
4,12,149,98.0,3.6501717567443848,3.6587414741516113,0.008569717407226562
4,12,150,50.0,3.987290143966675,3.985989570617676,-0.0013005733489990234
4,12,151,61.0,3.207566976547241,3.213210105895996,0.005643129348754883
4,12,152,208.0,2.833768367767334,2.832653284072876,-0.0011150836944580078
4,12,153,124.0,3.7818057537078857,3.7811691761016846,-0.0006365776062011719
4,12,154,128.0,3.3032331466674805,3.306940793991089,0.0037076473236083984
4,12,155,250.0,4.603071212768555,4.609014511108398,0.00594329833984375
4,12,156,239.0,2.621934175491333,2.6258046627044678,0.0038704872131347656
4,12,157,164.0,2.8648641109466553,2.8727235794067383,0.007859468460083008
4,12,158,42.0,4.671477317810059,4.67891263961792,0.007435321807861328
4,12,159,200.0,4.007006645202637,4.007624626159668,0.00061798095703125
4,12,160,209.0,3.638150215148926,3.634396553039551,-0.003753662109375
4,12,161,206.0,3.6040756702423096,3.6130175590515137,0.008941888809204102
4,12,162,139.0,4.383498191833496,4.384533882141113,0.0010356903076171875
4,12,163,76.0,3.7987864017486572,3.7905924320220947,-0.0081939697265625
4,12,164,232.0,3.892338275909424,3.8822031021118164,-0.010135173797607422
4,12,165,235.0,3.9155564308166504,3.9130148887634277,-0.0025415420532226562
4,12,166,49.0,4.228317737579346,4.2437639236450195,0.015446186065673828
4,12,167,138.0,3.473930835723877,3.479904890060425,0.0059740543365478516
4,12,168,60.0,3.808337450027466,3.806617259979248,-0.0017201900482177734
4,12,169,146.0,4.041977882385254,4.034713268280029,-0.007264614105224609
4,12,170,57.0,4.420210838317871,4.419973373413086,-0.00023746490478515625
4,12,171,135.0,3.909317970275879,3.9018568992614746,-0.007461071014404297
4,12,172,113.0,3.19097638130188,3.1857855319976807,-0.005190849304199219
4,12,173,208.0,4.171577453613281,4.172613620758057,0.0010361671447753906
4,12,174,195.0,2.116305112838745,2.11916446685791,0.002859354019165039
4,12,175,137.0,3.9520905017852783,3.954507827758789,0.002417325973510742
4,12,176,91.0,4.97736120223999,4.987914085388184,0.01055288314819336
4,12,177,66.0,3.994100332260132,3.983518600463867,-0.010581731796264648
4,12,178,173.0,3.3507070541381836,3.3581607341766357,0.0074536800384521484
4,12,179,89.0,5.353647708892822,5.345945835113525,-0.007701873779296875
4,12,180,231.0,3.6613731384277344,3.6683008670806885,0.0069277286529541016
4,12,181,71.0,5.397938251495361,5.387880802154541,-0.010057449340820312
4,12,182,98.0,3.963383674621582,3.9732635021209717,0.009879827499389648
4,12,183,215.0,1.998246431350708,1.9977127313613892,-0.0005336999893188477
4,12,184,159.0,4.383580684661865,4.389105796813965,0.005525112152099609
4,12,185,86.0,3.697986602783203,3.6886465549468994,-0.009340047836303711
4,12,186,92.0,3.4445607662200928,3.4362683296203613,-0.008292436599731445
4,12,187,51.0,5.179178714752197,5.176779747009277,-0.002398967742919922
4,12,188,86.0,4.734201908111572,4.732770919799805,-0.0014309883117675781
4,12,189,132.0,3.6938047409057617,3.6909751892089844,-0.0028295516967773438
4,12,190,214.0,3.9561617374420166,3.954590082168579,-0.0015716552734375
4,12,191,139.0,4.121965408325195,4.126579761505127,0.004614353179931641
4,12,192,89.0,3.4952480792999268,3.489211082458496,-0.006036996841430664
4,12,193,102.0,4.782958507537842,4.779226779937744,-0.0037317276000976562
4,12,194,156.0,2.6015143394470215,2.604738235473633,0.003223896026611328
4,12,195,87.0,3.839608669281006,3.837177038192749,-0.002431631088256836
4,12,196,175.0,3.2536110877990723,3.26023268699646,0.006621599197387695
4,12,197,136.0,2.3385791778564453,2.3452281951904297,0.006649017333984375
4,12,198,54.0,3.781459093093872,3.7806944847106934,-0.0007646083831787109
4,12,199,71.0,4.556375980377197,4.558938980102539,0.002562999725341797
4,12,200,43.0,4.562034606933594,4.5567193031311035,-0.005315303802490234
4,12,201,200.0,3.3231818675994873,3.329935073852539,0.006753206253051758
4,12,202,60.0,3.5167155265808105,3.521543264389038,0.004827737808227539
4,12,203,220.0,3.437206983566284,3.4354074001312256,-0.0017995834350585938
4,12,204,160.0,4.1729278564453125,4.168271064758301,-0.004656791687011719
4,12,205,46.0,3.025144100189209,3.0251448154449463,7.152557373046875e-07
4,12,206,189.0,3.507356882095337,3.5007336139678955,-0.006623268127441406
4,12,207,69.0,4.68245792388916,4.679886341094971,-0.002571582794189453
4,12,208,164.0,2.968637228012085,2.9671108722686768,-0.0015263557434082031
4,12,209,121.0,3.6657907962799072,3.6672921180725098,0.001501321792602539
4,12,210,453.0,5.465768337249756,5.457698822021484,-0.008069515228271484
4,12,211,167.0,3.817554473876953,3.823974132537842,0.006419658660888672
4,12,212,79.0,3.6519949436187744,3.6457300186157227,-0.006264925003051758
4,12,213,64.0,4.473271369934082,4.468467712402344,-0.004803657531738281
4,12,214,214.0,3.5177533626556396,3.5224449634552,0.004691600799560547
4,12,215,42.0,4.581282615661621,4.5966715812683105,0.015388965606689453
4,12,216,85.0,4.406545639038086,4.416847229003906,0.010301589965820312
4,12,217,45.0,4.909335136413574,4.911760330200195,0.0024251937866210938
4,12,218,96.0,4.346060276031494,4.332390308380127,-0.013669967651367188
4,12,219,40.0,3.466945171356201,3.4635531902313232,-0.0033919811248779297
4,12,220,66.0,4.6993865966796875,4.702829837799072,0.0034432411193847656
4,12,221,262.0,3.4376049041748047,3.439704418182373,0.0020995140075683594
4,12,222,32.0,4.6173553466796875,4.613100528717041,-0.004254817962646484
4,12,223,33.0,4.931256294250488,4.9425482749938965,0.011291980743408203
4,12,224,139.0,2.1582767963409424,2.1472597122192383,-0.011017084121704102
4,12,225,84.0,4.020323753356934,4.011431694030762,-0.008892059326171875
4,12,226,46.0,3.709413528442383,3.716843366622925,0.007429838180541992
4,12,227,121.0,4.181075572967529,4.184130668640137,0.003055095672607422
4,12,228,67.0,3.140568971633911,3.1453850269317627,0.0048160552978515625
4,12,229,187.0,3.8881711959838867,3.8958897590637207,0.007718563079833984
4,12,230,40.0,4.873936176300049,4.872309684753418,-0.0016264915466308594
4,12,231,91.0,3.998016119003296,4.0076375007629395,0.009621381759643555
4,12,232,52.0,4.4449782371521,4.455743312835693,0.01076507568359375
4,12,233,49.0,4.133476257324219,4.147656440734863,0.014180183410644531
4,12,234,261.0,3.079342842102051,3.0840911865234375,0.004748344421386719
4,12,235,59.0,4.072587490081787,4.076946258544922,0.004358768463134766
4,12,236,132.0,4.054989814758301,4.067173957824707,0.01218414306640625
4,12,237,136.0,3.4520623683929443,3.4522576332092285,0.0001952648162841797
4,12,238,210.0,3.7005720138549805,3.697100877761841,-0.0034711360931396484
4,12,239,258.0,3.6856272220611572,3.676419496536255,-0.009207725524902344
4,12,240,203.0,3.5238258838653564,3.530238628387451,0.0064127445220947266
4,12,241,198.0,3.3618428707122803,3.362133026123047,0.00029015541076660156
4,12,242,85.0,3.468600034713745,3.467541456222534,-0.0010585784912109375
4,12,243,85.0,2.1469109058380127,2.1716578006744385,0.02474689483642578
4,12,244,93.0,4.847414970397949,4.85623025894165,0.008815288543701172
4,12,245,68.0,4.8312296867370605,4.834953784942627,0.0037240982055664062
4,12,246,58.0,4.302565574645996,4.311981201171875,0.009415626525878906
4,12,247,187.0,3.1594748497009277,3.147524833679199,-0.011950016021728516
4,12,248,64.0,2.745805263519287,2.746063470840454,0.0002582073211669922
4,12,249,100.0,3.3120670318603516,3.3047797679901123,-0.007287263870239258
4,12,250,151.0,3.886031150817871,3.8935012817382812,0.007470130920410156
4,12,251,174.0,3.292135715484619,3.2914631366729736,-0.0006725788116455078
4,12,252,126.0,4.651801109313965,4.654565811157227,0.0027647018432617188
4,12,253,99.0,3.699761390686035,3.694704532623291,-0.005056858062744141
4,12,254,107.0,4.576633453369141,4.581973552703857,0.005340099334716797
4,12,255,116.0,3.825943946838379,3.826800584793091,0.0008566379547119141
4,13,0,196.0,3.98167085647583,3.97751784324646,-0.004153013229370117
4,13,1,127.0,3.705084800720215,3.705749034881592,0.0006642341613769531
4,13,2,162.0,2.4317469596862793,2.4442694187164307,0.012522459030151367
4,13,3,92.0,5.154407501220703,5.167288303375244,0.012880802154541016
4,13,4,194.0,3.7261335849761963,3.732304811477661,0.006171226501464844
4,13,5,115.0,3.4317781925201416,3.4290223121643066,-0.002755880355834961
4,13,6,109.0,4.611254692077637,4.614270210266113,0.0030155181884765625
4,13,7,48.0,3.824559450149536,3.827364206314087,0.0028047561645507812
4,13,8,69.0,4.333216190338135,4.33038330078125,-0.0028328895568847656
4,13,9,85.0,3.4889185428619385,3.4797115325927734,-0.009207010269165039
4,13,10,238.0,3.337062358856201,3.33117413520813,-0.005888223648071289
4,13,11,233.0,3.013906478881836,3.017313003540039,0.003406524658203125
4,13,12,208.0,3.644038200378418,3.639301061630249,-0.004737138748168945
4,13,13,196.0,3.302739381790161,3.292983293533325,-0.009756088256835938
4,13,14,131.0,3.989900827407837,3.9783358573913574,-0.011564970016479492
4,13,15,125.0,3.2012383937835693,3.182863712310791,-0.01837468147277832
4,13,16,61.0,4.757500171661377,4.768342018127441,0.010841846466064453
4,13,17,164.0,2.6241273880004883,2.621645212173462,-0.002482175827026367
4,13,18,107.0,3.8216171264648438,3.817101001739502,-0.004516124725341797
4,13,19,48.0,4.036356449127197,4.029903888702393,-0.0064525604248046875
4,13,20,74.0,2.6907341480255127,2.692833662033081,0.0020995140075683594
4,13,21,103.0,2.9307749271392822,2.955526113510132,0.02475118637084961
4,13,22,114.0,3.8854269981384277,3.8852381706237793,-0.0001888275146484375
4,13,23,50.0,6.480540752410889,6.478412628173828,-0.002128124237060547
4,13,24,281.0,3.1489627361297607,3.1548168659210205,0.005854129791259766
4,13,25,247.0,2.5188822746276855,2.516165018081665,-0.002717256546020508
4,13,26,173.0,4.413876056671143,4.413679599761963,-0.0001964569091796875
4,13,27,166.0,3.707796812057495,3.7023513317108154,-0.0054454803466796875
4,13,28,98.0,3.151510238647461,3.154453754425049,0.0029435157775878906
4,13,29,174.0,3.586359739303589,3.5860321521759033,-0.0003275871276855469
4,13,30,173.0,3.190525531768799,3.2192866802215576,0.02876114845275879
4,13,31,215.0,4.340093612670898,4.3408050537109375,0.0007114410400390625
4,13,32,186.0,3.4789488315582275,3.4823050498962402,0.0033562183380126953
4,13,33,153.0,2.9326295852661133,2.9337167739868164,0.001087188720703125
4,13,34,147.0,4.1311798095703125,4.136232852935791,0.005053043365478516
4,13,35,50.0,4.620577812194824,4.611314296722412,-0.00926351547241211
4,13,36,86.0,3.942690134048462,3.9407448768615723,-0.0019452571868896484
4,13,37,154.0,4.250033378601074,4.233271598815918,-0.01676177978515625
4,13,38,265.0,2.933018684387207,2.938650131225586,0.005631446838378906
4,13,39,199.0,3.941709518432617,3.9465484619140625,0.0048389434814453125
4,13,40,138.0,4.430899620056152,4.4195098876953125,-0.011389732360839844
4,13,41,98.0,4.048152923583984,4.051170349121094,0.003017425537109375
4,13,42,167.0,2.98820424079895,2.9570021629333496,-0.031202077865600586
4,13,43,288.0,4.51556396484375,4.507375240325928,-0.008188724517822266
4,13,44,225.0,3.134540557861328,3.1362271308898926,0.0016865730285644531
4,13,45,191.0,3.475728988647461,3.470604181289673,-0.005124807357788086
4,13,46,92.0,5.071820259094238,5.077096462249756,0.005276203155517578
4,13,47,41.0,5.766663551330566,5.755583763122559,-0.011079788208007812
4,13,48,231.0,3.4077651500701904,3.40183162689209,-0.005933523178100586
4,13,49,101.0,2.9521121978759766,2.9584386348724365,0.006326436996459961
4,13,50,177.0,3.6662821769714355,3.656562328338623,-0.0097198486328125
4,13,51,252.0,4.05861759185791,4.062281608581543,0.0036640167236328125
4,13,52,259.0,3.3747026920318604,3.378075361251831,0.003372669219970703
4,13,53,47.0,4.065746307373047,4.055431842803955,-0.010314464569091797
4,13,54,164.0,2.495858669281006,2.4980075359344482,0.002148866653442383
4,13,55,94.0,4.066493034362793,4.074890613555908,0.008397579193115234
4,13,56,103.0,4.11627721786499,4.138662815093994,0.022385597229003906
4,13,57,78.0,3.913255453109741,3.911824941635132,-0.001430511474609375
4,13,58,239.0,3.692802906036377,3.6834874153137207,-0.00931549072265625
4,13,59,271.0,4.881155014038086,4.879631042480469,-0.0015239715576171875
4,13,60,162.0,3.3450679779052734,3.348947048187256,0.003879070281982422
4,13,61,179.0,3.870093584060669,3.8683338165283203,-0.0017597675323486328
4,13,62,218.0,3.1762454509735107,3.1721010208129883,-0.004144430160522461
4,13,63,81.0,3.809858798980713,3.848008871078491,0.03815007209777832
4,13,64,93.0,4.687077522277832,4.70242977142334,0.015352249145507812
4,13,65,72.0,4.558295249938965,4.543461799621582,-0.014833450317382812
4,13,66,230.0,3.737887382507324,3.7381114959716797,0.00022411346435546875
4,13,67,99.0,3.1625142097473145,3.2088546752929688,0.0463404655456543
4,13,68,213.0,3.218388557434082,3.2225587368011475,0.00417017936706543
4,13,69,119.0,3.072978973388672,3.0717122554779053,-0.0012667179107666016
4,13,70,161.0,3.529710531234741,3.5292210578918457,-0.0004894733428955078
4,13,71,90.0,4.394758224487305,4.38041877746582,-0.014339447021484375
4,13,72,181.0,3.6989989280700684,3.697760581970215,-0.0012383460998535156
4,13,73,95.0,4.745315074920654,4.734513282775879,-0.01080179214477539
4,13,74,245.0,2.801177740097046,2.802777051925659,0.0015993118286132812
4,13,75,93.0,2.319314956665039,2.3069586753845215,-0.012356281280517578
4,13,76,225.0,3.1077821254730225,3.11373233795166,0.005950212478637695
4,13,77,61.0,4.027099132537842,4.021859645843506,-0.0052394866943359375
4,13,78,257.0,4.246406078338623,4.2471394538879395,0.0007333755493164062
4,13,79,165.0,3.7203760147094727,3.7074267864227295,-0.012949228286743164
4,13,80,117.0,4.752804279327393,4.747523307800293,-0.005280971527099609
4,13,81,89.0,4.279232025146484,4.2883405685424805,0.009108543395996094
4,13,82,291.0,4.08609676361084,4.087997913360596,0.0019011497497558594
4,13,83,93.0,4.042176723480225,4.031054496765137,-0.01112222671508789
4,13,84,228.0,2.8949825763702393,2.920991897583008,0.026009321212768555
4,13,85,131.0,3.406266927719116,3.4047749042510986,-0.0014920234680175781
4,13,86,191.0,4.77057409286499,4.779021263122559,0.00844717025756836
4,13,87,238.0,5.341985702514648,5.356127738952637,0.014142036437988281
4,13,88,210.0,3.7304000854492188,3.733764171600342,0.003364086151123047
4,13,89,107.0,4.658895492553711,4.667138576507568,0.008243083953857422
4,13,90,217.0,3.256716728210449,3.2680141925811768,0.011297464370727539
4,13,91,199.0,3.479922294616699,3.4832167625427246,0.0032944679260253906
4,13,92,84.0,2.9870519638061523,2.991161823272705,0.004109859466552734
4,13,93,271.0,4.167789459228516,4.159591197967529,-0.008198261260986328
4,13,94,226.0,3.797963857650757,3.7870991230010986,-0.010864734649658203
4,13,95,258.0,4.302313327789307,4.305130481719971,0.0028171539306640625
4,13,96,86.0,4.009377479553223,3.988734483718872,-0.020642995834350586
4,13,97,142.0,4.886353492736816,4.912332057952881,0.025978565216064453
4,13,98,42.0,4.73474645614624,4.770388126373291,0.03564167022705078
4,13,99,224.0,3.053419828414917,3.052299976348877,-0.001119852066040039
4,13,100,197.0,2.6848225593566895,2.6804797649383545,-0.004342794418334961
4,13,101,85.0,3.080362558364868,3.0830981731414795,0.002735614776611328
4,13,102,195.0,3.4633231163024902,3.4713211059570312,0.007997989654541016
4,13,103,102.0,4.20768404006958,4.202075958251953,-0.005608081817626953
4,13,104,181.0,3.711848735809326,3.7228143215179443,0.010965585708618164
4,13,105,72.0,2.723045587539673,2.7195792198181152,-0.003466367721557617
4,13,106,130.0,4.976626396179199,4.966428756713867,-0.010197639465332031
4,13,107,62.0,3.1819393634796143,3.1736912727355957,-0.008248090744018555
4,13,108,263.0,4.0605854988098145,4.0560736656188965,-0.004511833190917969
4,13,109,194.0,3.1560444831848145,3.165689706802368,0.009645223617553711
4,13,110,174.0,3.211611032485962,3.240236520767212,0.02862548828125
4,13,111,235.0,4.168798446655273,4.1799702644348145,0.011171817779541016
4,13,112,143.0,4.279087066650391,4.285454273223877,0.006367206573486328
4,13,113,117.0,4.890145778656006,4.888860702514648,-0.0012850761413574219
4,13,114,160.0,4.253233909606934,4.264691352844238,0.011457443237304688
4,13,115,115.0,3.9266409873962402,3.9411673545837402,0.0145263671875
4,13,116,120.0,3.8633739948272705,3.8534626960754395,-0.009911298751831055
4,13,117,186.0,4.1213459968566895,4.123429298400879,0.002083301544189453
4,13,118,138.0,3.296036958694458,3.2852938175201416,-0.010743141174316406
4,13,119,80.0,3.554978847503662,3.553809404373169,-0.001169443130493164
4,13,120,164.0,3.3612916469573975,3.367838144302368,0.006546497344970703
4,13,121,215.0,3.762061357498169,3.7621865272521973,0.0001251697540283203
4,13,122,81.0,3.60632061958313,3.6150662899017334,0.008745670318603516
4,13,123,171.0,3.4178876876831055,3.4098002910614014,-0.008087396621704102
4,13,124,41.0,4.780884742736816,4.780023097991943,-0.0008616447448730469
4,13,125,103.0,4.1708221435546875,4.179551124572754,0.008728981018066406
4,13,126,145.0,3.385586977005005,3.3977363109588623,0.012149333953857422
4,13,127,102.0,3.511989116668701,3.509620189666748,-0.002368927001953125
4,13,128,157.0,4.545989513397217,4.550328731536865,0.0043392181396484375
4,13,129,161.0,3.612820625305176,3.5957281589508057,-0.017092466354370117
4,13,130,248.0,3.595446825027466,3.6024012565612793,0.0069544315338134766
4,13,131,240.0,4.314742088317871,4.304509162902832,-0.010232925415039062
4,13,132,284.0,3.515221118927002,3.505335807800293,-0.009885311126708984
4,13,133,105.0,5.547122001647949,5.56051778793335,0.01339578628540039
4,13,134,72.0,3.6292827129364014,3.6317977905273438,0.002515077590942383
4,13,135,86.0,3.9638190269470215,3.9728875160217285,0.009068489074707031
4,13,136,120.0,3.225938320159912,3.227051258087158,0.0011129379272460938
4,13,137,64.0,3.684243679046631,3.6876754760742188,0.0034317970275878906
4,13,138,220.0,2.8231959342956543,2.818997383117676,-0.004198551177978516
4,13,139,92.0,2.984248638153076,2.967594861984253,-0.016653776168823242
4,13,140,180.0,3.4170660972595215,3.415078639984131,-0.001987457275390625
4,13,141,95.0,3.5693070888519287,3.568937301635742,-0.00036978721618652344
4,13,142,72.0,5.436267852783203,5.43769645690918,0.0014286041259765625
4,13,143,152.0,4.664964199066162,4.691243648529053,0.026279449462890625
4,13,144,170.0,3.2575697898864746,3.255061626434326,-0.0025081634521484375
4,13,145,56.0,4.233151912689209,4.223648548126221,-0.009503364562988281
4,13,146,174.0,3.632305860519409,3.6300652027130127,-0.0022406578063964844
4,13,147,191.0,3.26232647895813,3.2603273391723633,-0.0019991397857666016
4,13,148,279.0,3.7231252193450928,3.7333109378814697,0.010185718536376953
4,13,149,98.0,3.6501717567443848,3.6634578704833984,0.013286113739013672
4,13,150,50.0,3.987290143966675,3.9829587936401367,-0.004331350326538086
4,13,151,61.0,3.207566976547241,3.2113423347473145,0.003775358200073242
4,13,152,208.0,2.833768367767334,2.82944655418396,-0.0043218135833740234
4,13,153,124.0,3.7818057537078857,3.783358573913574,0.0015528202056884766
4,13,154,128.0,3.3032331466674805,3.297022819519043,-0.0062103271484375
4,13,155,250.0,4.603071212768555,4.615111351013184,0.012040138244628906
4,13,156,239.0,2.621934175491333,2.624591588973999,0.0026574134826660156
4,13,157,164.0,2.8648641109466553,2.8550937175750732,-0.009770393371582031
4,13,158,42.0,4.671477317810059,4.675136566162109,0.0036592483520507812
4,13,159,200.0,4.007006645202637,4.0061187744140625,-0.0008878707885742188
4,13,160,209.0,3.638150215148926,3.6239664554595947,-0.014183759689331055
4,13,161,206.0,3.6040756702423096,3.6028659343719482,-0.0012097358703613281
4,13,162,139.0,4.383498191833496,4.368686676025391,-0.014811515808105469
4,13,163,76.0,3.7987864017486572,3.802856922149658,0.0040705204010009766
4,13,164,232.0,3.892338275909424,3.8979616165161133,0.005623340606689453
4,13,165,235.0,3.9155564308166504,3.9068565368652344,-0.008699893951416016
4,13,166,49.0,4.228317737579346,4.248991966247559,0.02067422866821289
4,13,167,138.0,3.473930835723877,3.464228630065918,-0.009702205657958984
4,13,168,60.0,3.808337450027466,3.832566738128662,0.02422928810119629
4,13,169,146.0,4.041977882385254,4.052854061126709,0.010876178741455078
4,13,170,57.0,4.420210838317871,4.42182731628418,0.0016164779663085938
4,13,171,135.0,3.909317970275879,3.9077301025390625,-0.0015878677368164062
4,13,172,113.0,3.19097638130188,3.1865031719207764,-0.004473209381103516
4,13,173,208.0,4.171577453613281,4.188846588134766,0.017269134521484375
4,13,174,195.0,2.116305112838745,2.113563299179077,-0.0027418136596679688
4,13,175,137.0,3.9520905017852783,3.928407907485962,-0.023682594299316406
4,13,176,91.0,4.97736120223999,5.000616550445557,0.023255348205566406
4,13,177,66.0,3.994100332260132,3.9839906692504883,-0.010109663009643555
4,13,178,173.0,3.3507070541381836,3.3519535064697266,0.0012464523315429688
4,13,179,89.0,5.353647708892822,5.380838871002197,0.027191162109375
4,13,180,231.0,3.6613731384277344,3.659163236618042,-0.002209901809692383
4,13,181,71.0,5.397938251495361,5.4139628410339355,0.01602458953857422
4,13,182,98.0,3.963383674621582,3.9676928520202637,0.004309177398681641
4,13,183,215.0,1.998246431350708,2.00299334526062,0.004746913909912109
4,13,184,159.0,4.383580684661865,4.382025718688965,-0.0015549659729003906
4,13,185,86.0,3.697986602783203,3.7032480239868164,0.005261421203613281
4,13,186,92.0,3.4445607662200928,3.4665451049804688,0.021984338760375977
4,13,187,51.0,5.179178714752197,5.146143913269043,-0.0330348014831543
4,13,188,86.0,4.734201908111572,4.752023696899414,0.017821788787841797
4,13,189,132.0,3.6938047409057617,3.703930377960205,0.01012563705444336
4,13,190,214.0,3.9561617374420166,3.951057195663452,-0.005104541778564453
4,13,191,139.0,4.121965408325195,4.115619659423828,-0.0063457489013671875
4,13,192,89.0,3.4952480792999268,3.4931883811950684,-0.0020596981048583984
4,13,193,102.0,4.782958507537842,4.808267116546631,0.025308609008789062
4,13,194,156.0,2.6015143394470215,2.6064188480377197,0.004904508590698242
4,13,195,87.0,3.839608669281006,3.8314952850341797,-0.008113384246826172
4,13,196,175.0,3.2536110877990723,3.2572381496429443,0.0036270618438720703
4,13,197,136.0,2.3385791778564453,2.3270223140716553,-0.011556863784790039
4,13,198,54.0,3.781459093093872,3.7622454166412354,-0.01921367645263672
4,13,199,71.0,4.556375980377197,4.565927028656006,0.009551048278808594
4,13,200,43.0,4.562034606933594,4.556713581085205,-0.005321025848388672
4,13,201,200.0,3.3231818675994873,3.3215198516845703,-0.0016620159149169922
4,13,202,60.0,3.5167155265808105,3.5124735832214355,-0.004241943359375
4,13,203,220.0,3.437206983566284,3.4343068599700928,-0.0029001235961914062
4,13,204,160.0,4.1729278564453125,4.165380001068115,-0.007547855377197266
4,13,205,46.0,3.025144100189209,3.0363030433654785,0.011158943176269531
4,13,206,189.0,3.507356882095337,3.5634372234344482,0.05608034133911133
4,13,207,69.0,4.68245792388916,4.6677117347717285,-0.01474618911743164
4,13,208,164.0,2.968637228012085,2.96138596534729,-0.007251262664794922
4,13,209,121.0,3.6657907962799072,3.665558338165283,-0.00023245811462402344
4,13,210,453.0,5.465768337249756,5.5079851150512695,0.04221677780151367
4,13,211,167.0,3.817554473876953,3.819645881652832,0.0020914077758789062
4,13,212,79.0,3.6519949436187744,3.6472764015197754,-0.0047185420989990234
4,13,213,64.0,4.473271369934082,4.499119281768799,0.025847911834716797
4,13,214,214.0,3.5177533626556396,3.503790855407715,-0.013962507247924805
4,13,215,42.0,4.581282615661621,4.587122440338135,0.005839824676513672
4,13,216,85.0,4.406545639038086,4.416788101196289,0.010242462158203125
4,13,217,45.0,4.909335136413574,4.912596225738525,0.003261089324951172
4,13,218,96.0,4.346060276031494,4.360197067260742,0.014136791229248047
4,13,219,40.0,3.466945171356201,3.4703636169433594,0.003418445587158203
4,13,220,66.0,4.6993865966796875,4.706076145172119,0.006689548492431641
4,13,221,262.0,3.4376049041748047,3.444305181503296,0.006700277328491211
4,13,222,32.0,4.6173553466796875,4.606513977050781,-0.01084136962890625
4,13,223,33.0,4.931256294250488,4.927314281463623,-0.003942012786865234
4,13,224,139.0,2.1582767963409424,2.157846212387085,-0.0004305839538574219
4,13,225,84.0,4.020323753356934,4.0128045082092285,-0.007519245147705078
4,13,226,46.0,3.709413528442383,3.712877035140991,0.0034635066986083984
4,13,227,121.0,4.181075572967529,4.187087059020996,0.006011486053466797
4,13,228,67.0,3.140568971633911,3.1328248977661133,-0.0077440738677978516
4,13,229,187.0,3.8881711959838867,3.8847975730895996,-0.0033736228942871094
4,13,230,40.0,4.873936176300049,4.849239349365234,-0.024696826934814453
4,13,231,91.0,3.998016119003296,4.022823810577393,0.02480769157409668
4,13,232,52.0,4.4449782371521,4.460660934448242,0.015682697296142578
4,13,233,49.0,4.133476257324219,4.131570816040039,-0.0019054412841796875
4,13,234,261.0,3.079342842102051,3.080709934234619,0.0013670921325683594
4,13,235,59.0,4.072587490081787,4.081903457641602,0.009315967559814453
4,13,236,132.0,4.054989814758301,4.041793346405029,-0.013196468353271484
4,13,237,136.0,3.4520623683929443,3.4623935222625732,0.010331153869628906
4,13,238,210.0,3.7005720138549805,3.714585542678833,0.014013528823852539
4,13,239,258.0,3.6856272220611572,3.679759979248047,-0.0058672428131103516
4,13,240,203.0,3.5238258838653564,3.539013385772705,0.015187501907348633
4,13,241,198.0,3.3618428707122803,3.359882354736328,-0.0019605159759521484
4,13,242,85.0,3.468600034713745,3.461726665496826,-0.006873369216918945
4,13,243,85.0,2.1469109058380127,2.127009868621826,-0.019901037216186523
4,13,244,93.0,4.847414970397949,4.8375983238220215,-0.009816646575927734
4,13,245,68.0,4.8312296867370605,4.857943534851074,0.026713848114013672
4,13,246,58.0,4.302565574645996,4.309067249298096,0.006501674652099609
4,13,247,187.0,3.1594748497009277,3.16911244392395,0.009637594223022461
4,13,248,64.0,2.745805263519287,2.7337093353271484,-0.012095928192138672
4,13,249,100.0,3.3120670318603516,3.3251726627349854,0.013105630874633789
4,13,250,151.0,3.886031150817871,3.885510206222534,-0.0005209445953369141
4,13,251,174.0,3.292135715484619,3.3089005947113037,0.01676487922668457
4,13,252,126.0,4.651801109313965,4.6407599449157715,-0.01104116439819336
4,13,253,99.0,3.699761390686035,3.7092840671539307,0.009522676467895508
4,13,254,107.0,4.576633453369141,4.611485481262207,0.034852027893066406
4,13,255,116.0,3.825943946838379,3.825871229171753,-7.271766662597656e-05
4,14,0,196.0,3.98167085647583,3.982100486755371,0.0004296302795410156
4,14,1,127.0,3.705084800720215,3.700434684753418,-0.004650115966796875
4,14,2,162.0,2.4317469596862793,2.4336366653442383,0.0018897056579589844
4,14,3,92.0,5.154407501220703,5.139291286468506,-0.015116214752197266
4,14,4,194.0,3.7261335849761963,3.7350785732269287,0.008944988250732422
4,14,5,115.0,3.4317781925201416,3.4282407760620117,-0.003537416458129883
4,14,6,109.0,4.611254692077637,4.612347602844238,0.0010929107666015625
4,14,7,48.0,3.824559450149536,3.8279826641082764,0.0034232139587402344
4,14,8,69.0,4.333216190338135,4.342466354370117,0.009250164031982422
4,14,9,85.0,3.4889185428619385,3.4741721153259277,-0.014746427536010742
4,14,10,238.0,3.337062358856201,3.3462069034576416,0.00914454460144043
4,14,11,233.0,3.013906478881836,3.0119428634643555,-0.0019636154174804688
4,14,12,208.0,3.644038200378418,3.636988639831543,-0.007049560546875
4,14,13,196.0,3.302739381790161,3.313636064529419,0.010896682739257812
4,14,14,131.0,3.989900827407837,3.9936845302581787,0.003783702850341797
4,14,15,125.0,3.2012383937835693,3.2184805870056152,0.0172421932220459
4,14,16,61.0,4.757500171661377,4.764525413513184,0.007025241851806641
4,14,17,164.0,2.6241273880004883,2.6082849502563477,-0.015842437744140625
4,14,18,107.0,3.8216171264648438,3.811357259750366,-0.010259866714477539
4,14,19,48.0,4.036356449127197,4.0117363929748535,-0.02462005615234375
4,14,20,74.0,2.6907341480255127,2.683401107788086,-0.007333040237426758
4,14,21,103.0,2.9307749271392822,2.9436142444610596,0.012839317321777344
4,14,22,114.0,3.8854269981384277,3.902308940887451,0.016881942749023438
4,14,23,50.0,6.480540752410889,6.4752888679504395,-0.005251884460449219
4,14,24,281.0,3.1489627361297607,3.153378963470459,0.004416227340698242
4,14,25,247.0,2.5188822746276855,2.521491289138794,0.0026090145111083984
4,14,26,173.0,4.413876056671143,4.440260887145996,0.026384830474853516
4,14,27,166.0,3.707796812057495,3.7131335735321045,0.005336761474609375
4,14,28,98.0,3.151510238647461,3.1510114669799805,-0.0004987716674804688
4,14,29,174.0,3.586359739303589,3.5877909660339355,0.0014312267303466797
4,14,30,173.0,3.190525531768799,3.1982569694519043,0.007731437683105469
4,14,31,215.0,4.340093612670898,4.337383270263672,-0.0027103424072265625
4,14,32,186.0,3.4789488315582275,3.4790327548980713,8.392333984375e-05
4,14,33,153.0,2.9326295852661133,2.9324727058410645,-0.00015687942504882812
4,14,34,147.0,4.1311798095703125,4.138129234313965,0.006949424743652344
4,14,35,50.0,4.620577812194824,4.636054039001465,0.015476226806640625
4,14,36,86.0,3.942690134048462,3.9553563594818115,0.01266622543334961
4,14,37,154.0,4.250033378601074,4.234536170959473,-0.015497207641601562
4,14,38,265.0,2.933018684387207,2.9305837154388428,-0.002434968948364258
4,14,39,199.0,3.941709518432617,3.9401423931121826,-0.0015671253204345703
4,14,40,138.0,4.430899620056152,4.441562652587891,0.010663032531738281
4,14,41,98.0,4.048152923583984,4.054821968078613,0.006669044494628906
4,14,42,167.0,2.98820424079895,2.9952244758605957,0.007020235061645508
4,14,43,288.0,4.51556396484375,4.523063659667969,0.00749969482421875
4,14,44,225.0,3.134540557861328,3.1300151348114014,-0.004525423049926758
4,14,45,191.0,3.475728988647461,3.4696664810180664,-0.006062507629394531
4,14,46,92.0,5.071820259094238,5.081515789031982,0.00969552993774414
4,14,47,41.0,5.766663551330566,5.708806991577148,-0.05785655975341797
4,14,48,231.0,3.4077651500701904,3.3970160484313965,-0.010749101638793945
4,14,49,101.0,2.9521121978759766,2.963005542755127,0.01089334487915039
4,14,50,177.0,3.6662821769714355,3.65278959274292,-0.013492584228515625
4,14,51,252.0,4.05861759185791,4.054558277130127,-0.004059314727783203
4,14,52,259.0,3.3747026920318604,3.370232105255127,-0.0044705867767333984
4,14,53,47.0,4.065746307373047,4.067852020263672,0.002105712890625
4,14,54,164.0,2.495858669281006,2.495634078979492,-0.00022459030151367188
4,14,55,94.0,4.066493034362793,4.079919815063477,0.013426780700683594
4,14,56,103.0,4.11627721786499,4.124278545379639,0.008001327514648438
4,14,57,78.0,3.913255453109741,3.9120161533355713,-0.0012392997741699219
4,14,58,239.0,3.692802906036377,3.688896417617798,-0.0039064884185791016
4,14,59,271.0,4.881155014038086,4.884793281555176,0.0036382675170898438
4,14,60,162.0,3.3450679779052734,3.338021755218506,-0.007046222686767578
4,14,61,179.0,3.870093584060669,3.875361442565918,0.0052678585052490234
4,14,62,218.0,3.1762454509735107,3.1691579818725586,-0.0070874691009521484
4,14,63,81.0,3.809858798980713,3.8111488819122314,0.0012900829315185547
4,14,64,93.0,4.687077522277832,4.682201862335205,-0.004875659942626953
4,14,65,72.0,4.558295249938965,4.558468341827393,0.00017309188842773438
4,14,66,230.0,3.737887382507324,3.726187229156494,-0.011700153350830078
4,14,67,99.0,3.1625142097473145,3.167593240737915,0.005079030990600586
4,14,68,213.0,3.218388557434082,3.224970817565918,0.0065822601318359375
4,14,69,119.0,3.072978973388672,3.066981315612793,-0.005997657775878906
4,14,70,161.0,3.529710531234741,3.522782325744629,-0.006928205490112305
4,14,71,90.0,4.394758224487305,4.399523735046387,0.004765510559082031
4,14,72,181.0,3.6989989280700684,3.6970033645629883,-0.001995563507080078
4,14,73,95.0,4.745315074920654,4.761761665344238,0.016446590423583984
4,14,74,245.0,2.801177740097046,2.788147211074829,-0.013030529022216797
4,14,75,93.0,2.319314956665039,2.3325905799865723,0.013275623321533203
4,14,76,225.0,3.1077821254730225,3.1209516525268555,0.013169527053833008
4,14,77,61.0,4.027099132537842,4.017235279083252,-0.009863853454589844
4,14,78,257.0,4.246406078338623,4.238731861114502,-0.007674217224121094
4,14,79,165.0,3.7203760147094727,3.728717565536499,0.008341550827026367
4,14,80,117.0,4.752804279327393,4.75484037399292,0.0020360946655273438
4,14,81,89.0,4.279232025146484,4.284074306488037,0.004842281341552734
4,14,82,291.0,4.08609676361084,4.0882248878479,0.002128124237060547
4,14,83,93.0,4.042176723480225,4.06295919418335,0.020782470703125
4,14,84,228.0,2.8949825763702393,2.9016780853271484,0.00669550895690918
4,14,85,131.0,3.406266927719116,3.400911569595337,-0.005355358123779297
4,14,86,191.0,4.77057409286499,4.76937198638916,-0.0012021064758300781
4,14,87,238.0,5.341985702514648,5.343662738800049,0.0016770362854003906
4,14,88,210.0,3.7304000854492188,3.7283077239990234,-0.0020923614501953125
4,14,89,107.0,4.658895492553711,4.6792144775390625,0.020318984985351562
4,14,90,217.0,3.256716728210449,3.260213851928711,0.0034971237182617188
4,14,91,199.0,3.479922294616699,3.4753289222717285,-0.004593372344970703
4,14,92,84.0,2.9870519638061523,2.9872190952301025,0.0001671314239501953
4,14,93,271.0,4.167789459228516,4.162576198577881,-0.005213260650634766
4,14,94,226.0,3.797963857650757,3.7890467643737793,-0.008917093276977539
4,14,95,258.0,4.302313327789307,4.297159671783447,-0.005153656005859375
4,14,96,86.0,4.009377479553223,4.014162540435791,0.004785060882568359
4,14,97,142.0,4.886353492736816,4.884706974029541,-0.0016465187072753906
4,14,98,42.0,4.73474645614624,4.738526344299316,0.003779888153076172
4,14,99,224.0,3.053419828414917,3.061807870864868,0.008388042449951172
4,14,100,197.0,2.6848225593566895,2.6821837425231934,-0.0026388168334960938
4,14,101,85.0,3.080362558364868,3.0841071605682373,0.0037446022033691406
4,14,102,195.0,3.4633231163024902,3.473639726638794,0.010316610336303711
4,14,103,102.0,4.20768404006958,4.213634490966797,0.005950450897216797
4,14,104,181.0,3.711848735809326,3.710402727127075,-0.0014460086822509766
4,14,105,72.0,2.723045587539673,2.734503984451294,0.011458396911621094
4,14,106,130.0,4.976626396179199,4.966927528381348,-0.009698867797851562
4,14,107,62.0,3.1819393634796143,3.187777042388916,0.005837678909301758
4,14,108,263.0,4.0605854988098145,4.054468631744385,-0.0061168670654296875
4,14,109,194.0,3.1560444831848145,3.153594970703125,-0.002449512481689453
4,14,110,174.0,3.211611032485962,3.2204833030700684,0.008872270584106445
4,14,111,235.0,4.168798446655273,4.168678283691406,-0.0001201629638671875
4,14,112,143.0,4.279087066650391,4.271145820617676,-0.007941246032714844
4,14,113,117.0,4.890145778656006,4.882777690887451,-0.0073680877685546875
4,14,114,160.0,4.253233909606934,4.2447190284729,-0.008514881134033203
4,14,115,115.0,3.9266409873962402,3.930039882659912,0.003398895263671875
4,14,116,120.0,3.8633739948272705,3.8676488399505615,0.004274845123291016
4,14,117,186.0,4.1213459968566895,4.123534202575684,0.0021882057189941406
4,14,118,138.0,3.296036958694458,3.2961368560791016,9.989738464355469e-05
4,14,119,80.0,3.554978847503662,3.5727627277374268,0.01778388023376465
4,14,120,164.0,3.3612916469573975,3.3538413047790527,-0.0074503421783447266
4,14,121,215.0,3.762061357498169,3.756281852722168,-0.0057795047760009766
4,14,122,81.0,3.60632061958313,3.6041083335876465,-0.0022122859954833984
4,14,123,171.0,3.4178876876831055,3.421880006790161,0.003992319107055664
4,14,124,41.0,4.780884742736816,4.7715044021606445,-0.009380340576171875
4,14,125,103.0,4.1708221435546875,4.176023006439209,0.005200862884521484
4,14,126,145.0,3.385586977005005,3.3884408473968506,0.002853870391845703
4,14,127,102.0,3.511989116668701,3.51385498046875,0.0018658638000488281
4,14,128,157.0,4.545989513397217,4.550670623779297,0.004681110382080078
4,14,129,161.0,3.612820625305176,3.6118202209472656,-0.0010004043579101562
4,14,130,248.0,3.595446825027466,3.5966107845306396,0.0011639595031738281
4,14,131,240.0,4.314742088317871,4.320815086364746,0.006072998046875
4,14,132,284.0,3.515221118927002,3.5189900398254395,0.0037689208984375
4,14,133,105.0,5.547122001647949,5.50540828704834,-0.041713714599609375
4,14,134,72.0,3.6292827129364014,3.6246020793914795,-0.004680633544921875
4,14,135,86.0,3.9638190269470215,3.9667513370513916,0.002932310104370117
4,14,136,120.0,3.225938320159912,3.2280516624450684,0.00211334228515625
4,14,137,64.0,3.684243679046631,3.681718587875366,-0.0025250911712646484
4,14,138,220.0,2.8231959342956543,2.8191492557525635,-0.00404667854309082
4,14,139,92.0,2.984248638153076,2.9944703578948975,0.010221719741821289
4,14,140,180.0,3.4170660972595215,3.4181416034698486,0.0010755062103271484
4,14,141,95.0,3.5693070888519287,3.5548956394195557,-0.014411449432373047
4,14,142,72.0,5.436267852783203,5.428646087646484,-0.00762176513671875
4,14,143,152.0,4.664964199066162,4.668913841247559,0.003949642181396484
4,14,144,170.0,3.2575697898864746,3.2570865154266357,-0.0004832744598388672
4,14,145,56.0,4.233151912689209,4.2346343994140625,0.0014824867248535156
4,14,146,174.0,3.632305860519409,3.6480846405029297,0.015778779983520508
4,14,147,191.0,3.26232647895813,3.27323842048645,0.010911941528320312
4,14,148,279.0,3.7231252193450928,3.7220332622528076,-0.0010919570922851562
4,14,149,98.0,3.6501717567443848,3.663836717605591,0.013664960861206055
4,14,150,50.0,3.987290143966675,3.995298147201538,0.008008003234863281
4,14,151,61.0,3.207566976547241,3.217965602874756,0.010398626327514648
4,14,152,208.0,2.833768367767334,2.834872245788574,0.0011038780212402344
4,14,153,124.0,3.7818057537078857,3.7830629348754883,0.001257181167602539
4,14,154,128.0,3.3032331466674805,3.3045361042022705,0.001302957534790039
4,14,155,250.0,4.603071212768555,4.6141157150268555,0.011044502258300781
4,14,156,239.0,2.621934175491333,2.6258952617645264,0.003961086273193359
4,14,157,164.0,2.8648641109466553,2.8602380752563477,-0.004626035690307617
4,14,158,42.0,4.671477317810059,4.67896032333374,0.007483005523681641
4,14,159,200.0,4.007006645202637,4.0073394775390625,0.00033283233642578125
4,14,160,209.0,3.638150215148926,3.6475324630737305,0.009382247924804688
4,14,161,206.0,3.6040756702423096,3.6068434715270996,0.002767801284790039
4,14,162,139.0,4.383498191833496,4.3816657066345215,-0.0018324851989746094
4,14,163,76.0,3.7987864017486572,3.801632881164551,0.0028464794158935547
4,14,164,232.0,3.892338275909424,3.8990283012390137,0.006690025329589844
4,14,165,235.0,3.9155564308166504,3.9134018421173096,-0.0021545886993408203
4,14,166,49.0,4.228317737579346,4.211440086364746,-0.01687765121459961
4,14,167,138.0,3.473930835723877,3.4808883666992188,0.006957530975341797
4,14,168,60.0,3.808337450027466,3.8272502422332764,0.018912792205810547
4,14,169,146.0,4.041977882385254,4.049882888793945,0.007905006408691406
4,14,170,57.0,4.420210838317871,4.4258246421813965,0.005613803863525391
4,14,171,135.0,3.909317970275879,3.9080870151519775,-0.0012309551239013672
4,14,172,113.0,3.19097638130188,3.1795387268066406,-0.011437654495239258
4,14,173,208.0,4.171577453613281,4.165178298950195,-0.0063991546630859375
4,14,174,195.0,2.116305112838745,2.1159467697143555,-0.00035834312438964844
4,14,175,137.0,3.9520905017852783,3.9509241580963135,-0.0011663436889648438
4,14,176,91.0,4.97736120223999,4.963861465454102,-0.013499736785888672
4,14,177,66.0,3.994100332260132,4.002562046051025,0.008461713790893555
4,14,178,173.0,3.3507070541381836,3.359520435333252,0.00881338119506836
4,14,179,89.0,5.353647708892822,5.380338191986084,0.02669048309326172
4,14,180,231.0,3.6613731384277344,3.6498191356658936,-0.01155400276184082
4,14,181,71.0,5.397938251495361,5.412704944610596,0.014766693115234375
4,14,182,98.0,3.963383674621582,3.975537061691284,0.012153387069702148
4,14,183,215.0,1.998246431350708,2.0010087490081787,0.002762317657470703
4,14,184,159.0,4.383580684661865,4.393843650817871,0.01026296615600586
4,14,185,86.0,3.697986602783203,3.694075107574463,-0.003911495208740234
4,14,186,92.0,3.4445607662200928,3.4438157081604004,-0.0007450580596923828
4,14,187,51.0,5.179178714752197,5.178820610046387,-0.0003581047058105469
4,14,188,86.0,4.734201908111572,4.721874713897705,-0.012327194213867188
4,14,189,132.0,3.6938047409057617,3.698064088821411,0.004259347915649414
4,14,190,214.0,3.9561617374420166,3.962207794189453,0.0060460567474365234
4,14,191,139.0,4.121965408325195,4.1149702072143555,-0.006995201110839844
4,14,192,89.0,3.4952480792999268,3.5064053535461426,0.01115727424621582
4,14,193,102.0,4.782958507537842,4.793001174926758,0.010042667388916016
4,14,194,156.0,2.6015143394470215,2.5956804752349854,-0.005833864212036133
4,14,195,87.0,3.839608669281006,3.8389506340026855,-0.0006580352783203125
4,14,196,175.0,3.2536110877990723,3.2593603134155273,0.005749225616455078
4,14,197,136.0,2.3385791778564453,2.3289783000946045,-0.00960087776184082
4,14,198,54.0,3.781459093093872,3.772710084915161,-0.008749008178710938
4,14,199,71.0,4.556375980377197,4.5518364906311035,-0.00453948974609375
4,14,200,43.0,4.562034606933594,4.57185173034668,0.009817123413085938
4,14,201,200.0,3.3231818675994873,3.3274734020233154,0.004291534423828125
4,14,202,60.0,3.5167155265808105,3.5222787857055664,0.005563259124755859
4,14,203,220.0,3.437206983566284,3.4340877532958984,-0.003119230270385742
4,14,204,160.0,4.1729278564453125,4.16745662689209,-0.005471229553222656
4,14,205,46.0,3.025144100189209,3.027597427368164,0.002453327178955078
4,14,206,189.0,3.507356882095337,3.5156683921813965,0.00831151008605957
4,14,207,69.0,4.68245792388916,4.675992965698242,-0.006464958190917969
4,14,208,164.0,2.968637228012085,2.9630367755889893,-0.005600452423095703
4,14,209,121.0,3.6657907962799072,3.6624600887298584,-0.003330707550048828
4,14,210,453.0,5.465768337249756,5.475388526916504,0.009620189666748047
4,14,211,167.0,3.817554473876953,3.813666343688965,-0.0038881301879882812
4,14,212,79.0,3.6519949436187744,3.6473805904388428,-0.004614353179931641
4,14,213,64.0,4.473271369934082,4.455451011657715,-0.017820358276367188
4,14,214,214.0,3.5177533626556396,3.515270709991455,-0.0024826526641845703
4,14,215,42.0,4.581282615661621,4.598641395568848,0.017358779907226562
4,14,216,85.0,4.406545639038086,4.399571418762207,-0.006974220275878906
4,14,217,45.0,4.909335136413574,4.902453422546387,-0.0068817138671875
4,14,218,96.0,4.346060276031494,4.342200756072998,-0.0038595199584960938
4,14,219,40.0,3.466945171356201,3.4837594032287598,0.016814231872558594
4,14,220,66.0,4.6993865966796875,4.696346282958984,-0.003040313720703125
4,14,221,262.0,3.4376049041748047,3.441584825515747,0.003979921340942383
4,14,222,32.0,4.6173553466796875,4.595157146453857,-0.022198200225830078
4,14,223,33.0,4.931256294250488,4.954282283782959,0.023025989532470703
4,14,224,139.0,2.1582767963409424,2.161503314971924,0.0032265186309814453
4,14,225,84.0,4.020323753356934,4.015981197357178,-0.004342555999755859
4,14,226,46.0,3.709413528442383,3.7200543880462646,0.010640859603881836
4,14,227,121.0,4.181075572967529,4.171847343444824,-0.009228229522705078
4,14,228,67.0,3.140568971633911,3.1359176635742188,-0.004651308059692383
4,14,229,187.0,3.8881711959838867,3.8914802074432373,0.003309011459350586
4,14,230,40.0,4.873936176300049,4.888559818267822,0.014623641967773438
4,14,231,91.0,3.998016119003296,4.006840229034424,0.00882411003112793
4,14,232,52.0,4.4449782371521,4.452811241149902,0.007833003997802734
4,14,233,49.0,4.133476257324219,4.1189069747924805,-0.014569282531738281
4,14,234,261.0,3.079342842102051,3.068279504776001,-0.011063337326049805
4,14,235,59.0,4.072587490081787,4.107782363891602,0.03519487380981445
4,14,236,132.0,4.054989814758301,4.04803466796875,-0.006955146789550781
4,14,237,136.0,3.4520623683929443,3.4608983993530273,0.008836030960083008
4,14,238,210.0,3.7005720138549805,3.6917591094970703,-0.008812904357910156
4,14,239,258.0,3.6856272220611572,3.679445743560791,-0.006181478500366211
4,14,240,203.0,3.5238258838653564,3.5301568508148193,0.006330966949462891
4,14,241,198.0,3.3618428707122803,3.366549015045166,0.004706144332885742
4,14,242,85.0,3.468600034713745,3.465528726577759,-0.003071308135986328
4,14,243,85.0,2.1469109058380127,2.166969060897827,0.020058155059814453
4,14,244,93.0,4.847414970397949,4.855657577514648,0.008242607116699219
4,14,245,68.0,4.8312296867370605,4.823246955871582,-0.007982730865478516
4,14,246,58.0,4.302565574645996,4.313464164733887,0.010898590087890625
4,14,247,187.0,3.1594748497009277,3.174912452697754,0.015437602996826172
4,14,248,64.0,2.745805263519287,2.7334461212158203,-0.012359142303466797
4,14,249,100.0,3.3120670318603516,3.319770574569702,0.007703542709350586
4,14,250,151.0,3.886031150817871,3.887052297592163,0.0010211467742919922
4,14,251,174.0,3.292135715484619,3.295628070831299,0.0034923553466796875
4,14,252,126.0,4.651801109313965,4.638371467590332,-0.013429641723632812
4,14,253,99.0,3.699761390686035,3.7004554271698,0.0006940364837646484
4,14,254,107.0,4.576633453369141,4.59527063369751,0.01863718032836914
4,14,255,116.0,3.825943946838379,3.8195884227752686,-0.0063555240631103516
4,15,0,196.0,3.98167085647583,4.004450798034668,0.02277994155883789
4,15,1,127.0,3.705084800720215,3.739969491958618,0.03488469123840332
4,15,2,162.0,2.4317469596862793,2.4467339515686035,0.014986991882324219
4,15,3,92.0,5.154407501220703,5.187893867492676,0.033486366271972656
4,15,4,194.0,3.7261335849761963,3.742377519607544,0.016243934631347656
4,15,5,115.0,3.4317781925201416,3.4337716102600098,0.001993417739868164
4,15,6,109.0,4.611254692077637,4.596347332000732,-0.014907360076904297
4,15,7,48.0,3.824559450149536,3.83351731300354,0.008957862854003906
4,15,8,69.0,4.333216190338135,4.310354709625244,-0.022861480712890625
4,15,9,85.0,3.4889185428619385,3.502530813217163,0.01361227035522461
4,15,10,238.0,3.337062358856201,3.339672327041626,0.0026099681854248047
4,15,11,233.0,3.013906478881836,2.9953315258026123,-0.018574953079223633
4,15,12,208.0,3.644038200378418,3.643446207046509,-0.0005919933319091797
4,15,13,196.0,3.302739381790161,3.308962821960449,0.006223440170288086
4,15,14,131.0,3.989900827407837,3.983142614364624,-0.006758213043212891
4,15,15,125.0,3.2012383937835693,3.2454917430877686,0.04425334930419922
4,15,16,61.0,4.757500171661377,4.734312057495117,-0.023188114166259766
4,15,17,164.0,2.6241273880004883,2.6569361686706543,0.032808780670166016
4,15,18,107.0,3.8216171264648438,3.8470168113708496,0.02539968490600586
4,15,19,48.0,4.036356449127197,4.082789421081543,0.0464329719543457
4,15,20,74.0,2.6907341480255127,2.683284044265747,-0.007450103759765625
4,15,21,103.0,2.9307749271392822,2.9654123783111572,0.034637451171875
4,15,22,114.0,3.8854269981384277,3.8963968753814697,0.010969877243041992
4,15,23,50.0,6.480540752410889,6.499863147735596,0.01932239532470703
4,15,24,281.0,3.1489627361297607,3.1564393043518066,0.0074765682220458984
4,15,25,247.0,2.5188822746276855,2.528855323791504,0.00997304916381836
4,15,26,173.0,4.413876056671143,4.41516637802124,0.0012903213500976562
4,15,27,166.0,3.707796812057495,3.6766321659088135,-0.03116464614868164
4,15,28,98.0,3.151510238647461,3.1403322219848633,-0.011178016662597656
4,15,29,174.0,3.586359739303589,3.594494342803955,0.008134603500366211
4,15,30,173.0,3.190525531768799,3.2044057846069336,0.013880252838134766
4,15,31,215.0,4.340093612670898,4.325362205505371,-0.014731407165527344
4,15,32,186.0,3.4789488315582275,3.5458085536956787,0.06685972213745117
4,15,33,153.0,2.9326295852661133,2.9336254596710205,0.0009958744049072266
4,15,34,147.0,4.1311798095703125,4.098764896392822,-0.032414913177490234
4,15,35,50.0,4.620577812194824,4.620206356048584,-0.0003714561462402344
4,15,36,86.0,3.942690134048462,3.952960968017578,0.010270833969116211
4,15,37,154.0,4.250033378601074,4.243838787078857,-0.006194591522216797
4,15,38,265.0,2.933018684387207,2.9290273189544678,-0.003991365432739258
4,15,39,199.0,3.941709518432617,3.9400806427001953,-0.001628875732421875
4,15,40,138.0,4.430899620056152,4.429887771606445,-0.0010118484497070312
4,15,41,98.0,4.048152923583984,4.073389053344727,0.025236129760742188
4,15,42,167.0,2.98820424079895,2.982224225997925,-0.005980014801025391
4,15,43,288.0,4.51556396484375,4.524405002593994,0.00884103775024414
4,15,44,225.0,3.134540557861328,3.158388614654541,0.02384805679321289
4,15,45,191.0,3.475728988647461,3.4785966873168945,0.0028676986694335938
4,15,46,92.0,5.071820259094238,5.053546905517578,-0.018273353576660156
4,15,47,41.0,5.766663551330566,5.759359359741211,-0.007304191589355469
4,15,48,231.0,3.4077651500701904,3.4070615768432617,-0.0007035732269287109
4,15,49,101.0,2.9521121978759766,2.954559087753296,0.002446889877319336
4,15,50,177.0,3.6662821769714355,3.6640560626983643,-0.002226114273071289
4,15,51,252.0,4.05861759185791,4.0725321769714355,0.01391458511352539
4,15,52,259.0,3.3747026920318604,3.374885082244873,0.0001823902130126953
4,15,53,47.0,4.065746307373047,4.048680305480957,-0.017066001892089844
4,15,54,164.0,2.495858669281006,2.498908281326294,0.003049612045288086
4,15,55,94.0,4.066493034362793,4.006141662597656,-0.06035137176513672
4,15,56,103.0,4.11627721786499,4.107773780822754,-0.008503437042236328
4,15,57,78.0,3.913255453109741,3.8887085914611816,-0.02454686164855957
4,15,58,239.0,3.692802906036377,3.691145420074463,-0.0016574859619140625
4,15,59,271.0,4.881155014038086,4.876255035400391,-0.0048999786376953125
4,15,60,162.0,3.3450679779052734,3.3422091007232666,-0.002858877182006836
4,15,61,179.0,3.870093584060669,3.8842248916625977,0.014131307601928711
4,15,62,218.0,3.1762454509735107,3.2064175605773926,0.030172109603881836
4,15,63,81.0,3.809858798980713,3.8298866748809814,0.020027875900268555
4,15,64,93.0,4.687077522277832,4.70211124420166,0.015033721923828125
4,15,65,72.0,4.558295249938965,4.5649566650390625,0.006661415100097656
4,15,66,230.0,3.737887382507324,3.7503867149353027,0.012499332427978516
4,15,67,99.0,3.1625142097473145,3.1823952198028564,0.019881010055541992
4,15,68,213.0,3.218388557434082,3.2264416217803955,0.008053064346313477
4,15,69,119.0,3.072978973388672,3.0665225982666016,-0.0064563751220703125
4,15,70,161.0,3.529710531234741,3.5319225788116455,0.002212047576904297
4,15,71,90.0,4.394758224487305,4.383584022521973,-0.011174201965332031
4,15,72,181.0,3.6989989280700684,3.6800713539123535,-0.018927574157714844
4,15,73,95.0,4.745315074920654,4.750284194946289,0.004969120025634766
4,15,74,245.0,2.801177740097046,2.8040637969970703,0.002886056900024414
4,15,75,93.0,2.319314956665039,2.3254683017730713,0.0061533451080322266
4,15,76,225.0,3.1077821254730225,3.1266183853149414,0.018836259841918945
4,15,77,61.0,4.027099132537842,4.040765762329102,0.013666629791259766
4,15,78,257.0,4.246406078338623,4.2570085525512695,0.010602474212646484
4,15,79,165.0,3.7203760147094727,3.723559617996216,0.003183603286743164
4,15,80,117.0,4.752804279327393,4.74398136138916,-0.008822917938232422
4,15,81,89.0,4.279232025146484,4.248019218444824,-0.031212806701660156
4,15,82,291.0,4.08609676361084,4.066995143890381,-0.019101619720458984
4,15,83,93.0,4.042176723480225,4.032177925109863,-0.009998798370361328
4,15,84,228.0,2.8949825763702393,2.908460855484009,0.013478279113769531
4,15,85,131.0,3.406266927719116,3.409130811691284,0.0028638839721679688
4,15,86,191.0,4.77057409286499,4.780962944030762,0.010388851165771484
4,15,87,238.0,5.341985702514648,5.3362956047058105,-0.005690097808837891
4,15,88,210.0,3.7304000854492188,3.750450611114502,0.020050525665283203
4,15,89,107.0,4.658895492553711,4.633328914642334,-0.025566577911376953
4,15,90,217.0,3.256716728210449,3.2477433681488037,-0.008973360061645508
4,15,91,199.0,3.479922294616699,3.49495267868042,0.015030384063720703
4,15,92,84.0,2.9870519638061523,2.9694056510925293,-0.017646312713623047
4,15,93,271.0,4.167789459228516,4.166523456573486,-0.0012660026550292969
4,15,94,226.0,3.797963857650757,3.793088912963867,-0.0048749446868896484
4,15,95,258.0,4.302313327789307,4.322691440582275,0.02037811279296875
4,15,96,86.0,4.009377479553223,4.034518241882324,0.025140762329101562
4,15,97,142.0,4.886353492736816,4.914449691772461,0.02809619903564453
4,15,98,42.0,4.73474645614624,4.751087188720703,0.01634073257446289
4,15,99,224.0,3.053419828414917,3.026057720184326,-0.02736210823059082
4,15,100,197.0,2.6848225593566895,2.6837875843048096,-0.0010349750518798828
4,15,101,85.0,3.080362558364868,3.07456636428833,-0.005796194076538086
4,15,102,195.0,3.4633231163024902,3.4805068969726562,0.017183780670166016
4,15,103,102.0,4.20768404006958,4.178403377532959,-0.029280662536621094
4,15,104,181.0,3.711848735809326,3.7444002628326416,0.03255152702331543
4,15,105,72.0,2.723045587539673,2.7092177867889404,-0.013827800750732422
4,15,106,130.0,4.976626396179199,4.971534252166748,-0.005092144012451172
4,15,107,62.0,3.1819393634796143,3.1778640747070312,-0.004075288772583008
4,15,108,263.0,4.0605854988098145,4.069666862487793,0.009081363677978516
4,15,109,194.0,3.1560444831848145,3.1311070919036865,-0.02493739128112793
4,15,110,174.0,3.211611032485962,3.2171785831451416,0.0055675506591796875
4,15,111,235.0,4.168798446655273,4.137519836425781,-0.03127861022949219
4,15,112,143.0,4.279087066650391,4.2910027503967285,0.01191568374633789
4,15,113,117.0,4.890145778656006,4.870577335357666,-0.019568443298339844
4,15,114,160.0,4.253233909606934,4.231199741363525,-0.022034168243408203
4,15,115,115.0,3.9266409873962402,3.931596517562866,0.0049555301666259766
4,15,116,120.0,3.8633739948272705,3.8761491775512695,0.012775182723999023
4,15,117,186.0,4.1213459968566895,4.1182732582092285,-0.0030727386474609375
4,15,118,138.0,3.296036958694458,3.3034958839416504,0.007458925247192383
4,15,119,80.0,3.554978847503662,3.489259719848633,-0.0657191276550293
4,15,120,164.0,3.3612916469573975,3.355696439743042,-0.005595207214355469
4,15,121,215.0,3.762061357498169,3.7671265602111816,0.005065202713012695
4,15,122,81.0,3.60632061958313,3.655461549758911,0.04914093017578125
4,15,123,171.0,3.4178876876831055,3.395660638809204,-0.022227048873901367
4,15,124,41.0,4.780884742736816,4.824887752532959,0.04400300979614258
4,15,125,103.0,4.1708221435546875,4.141674041748047,-0.029148101806640625
4,15,126,145.0,3.385586977005005,3.4135372638702393,0.027950286865234375
4,15,127,102.0,3.511989116668701,3.506525993347168,-0.005463123321533203
4,15,128,157.0,4.545989513397217,4.568719863891602,0.022730350494384766
4,15,129,161.0,3.612820625305176,3.6161458492279053,0.003325223922729492
4,15,130,248.0,3.595446825027466,3.617703914642334,0.022257089614868164
4,15,131,240.0,4.314742088317871,4.287818908691406,-0.026923179626464844
4,15,132,284.0,3.515221118927002,3.5045573711395264,-0.010663747787475586
4,15,133,105.0,5.547122001647949,5.577968120574951,0.030846118927001953
4,15,134,72.0,3.6292827129364014,3.6229302883148193,-0.006352424621582031
4,15,135,86.0,3.9638190269470215,3.9815025329589844,0.01768350601196289
4,15,136,120.0,3.225938320159912,3.244878053665161,0.018939733505249023
4,15,137,64.0,3.684243679046631,3.670182228088379,-0.014061450958251953
4,15,138,220.0,2.8231959342956543,2.817751884460449,-0.005444049835205078
4,15,139,92.0,2.984248638153076,2.9466936588287354,-0.03755497932434082
4,15,140,180.0,3.4170660972595215,3.391622304916382,-0.02544379234313965
4,15,141,95.0,3.5693070888519287,3.538778305053711,-0.030528783798217773
4,15,142,72.0,5.436267852783203,5.474394798278809,0.03812694549560547
4,15,143,152.0,4.664964199066162,4.671163558959961,0.006199359893798828
4,15,144,170.0,3.2575697898864746,3.283560037612915,0.02599024772644043
4,15,145,56.0,4.233151912689209,4.243821144104004,0.010669231414794922
4,15,146,174.0,3.632305860519409,3.620957612991333,-0.011348247528076172
4,15,147,191.0,3.26232647895813,3.262796640396118,0.00047016143798828125
4,15,148,279.0,3.7231252193450928,3.73469614982605,0.011570930480957031
4,15,149,98.0,3.6501717567443848,3.6654233932495117,0.015251636505126953
4,15,150,50.0,3.987290143966675,3.957078456878662,-0.030211687088012695
4,15,151,61.0,3.207566976547241,3.2157678604125977,0.008200883865356445
4,15,152,208.0,2.833768367767334,2.8200225830078125,-0.013745784759521484
4,15,153,124.0,3.7818057537078857,3.787774085998535,0.005968332290649414
4,15,154,128.0,3.3032331466674805,3.337155818939209,0.033922672271728516
4,15,155,250.0,4.603071212768555,4.595247268676758,-0.007823944091796875
4,15,156,239.0,2.621934175491333,2.6462864875793457,0.024352312088012695
4,15,157,164.0,2.8648641109466553,2.8463339805603027,-0.01853013038635254
4,15,158,42.0,4.671477317810059,4.694049835205078,0.02257251739501953
4,15,159,200.0,4.007006645202637,4.013852596282959,0.006845951080322266
4,15,160,209.0,3.638150215148926,3.642484188079834,0.004333972930908203
4,15,161,206.0,3.6040756702423096,3.6127917766571045,0.008716106414794922
4,15,162,139.0,4.383498191833496,4.405457019805908,0.02195882797241211
4,15,163,76.0,3.7987864017486572,3.759542465209961,-0.03924393653869629
4,15,164,232.0,3.892338275909424,3.886697769165039,-0.005640506744384766
4,15,165,235.0,3.9155564308166504,3.9163095951080322,0.0007531642913818359
4,15,166,49.0,4.228317737579346,4.228060245513916,-0.0002574920654296875
4,15,167,138.0,3.473930835723877,3.462625741958618,-0.011305093765258789
4,15,168,60.0,3.808337450027466,3.821197032928467,0.012859582901000977
4,15,169,146.0,4.041977882385254,4.030341625213623,-0.01163625717163086
4,15,170,57.0,4.420210838317871,4.414031505584717,-0.006179332733154297
4,15,171,135.0,3.909317970275879,3.929306745529175,0.0199887752532959
4,15,172,113.0,3.19097638130188,3.2269437313079834,0.035967350006103516
4,15,173,208.0,4.171577453613281,4.1697258949279785,-0.0018515586853027344
4,15,174,195.0,2.116305112838745,2.1232638359069824,0.006958723068237305
4,15,175,137.0,3.9520905017852783,3.9569215774536133,0.004831075668334961
4,15,176,91.0,4.97736120223999,5.012825012207031,0.035463809967041016
4,15,177,66.0,3.994100332260132,3.9735934734344482,-0.020506858825683594
4,15,178,173.0,3.3507070541381836,3.366619825363159,0.015912771224975586
4,15,179,89.0,5.353647708892822,5.366915702819824,0.013267993927001953
4,15,180,231.0,3.6613731384277344,3.6571357250213623,-0.00423741340637207
4,15,181,71.0,5.397938251495361,5.3752241134643555,-0.02271413803100586
4,15,182,98.0,3.963383674621582,3.911114454269409,-0.05226922035217285
4,15,183,215.0,1.998246431350708,1.994653582572937,-0.003592848777770996
4,15,184,159.0,4.383580684661865,4.384600639343262,0.0010199546813964844
4,15,185,86.0,3.697986602783203,3.687962770462036,-0.010023832321166992
4,15,186,92.0,3.4445607662200928,3.409668207168579,-0.03489255905151367
4,15,187,51.0,5.179178714752197,5.15804386138916,-0.02113485336303711
4,15,188,86.0,4.734201908111572,4.778616428375244,0.044414520263671875
4,15,189,132.0,3.6938047409057617,3.6994454860687256,0.005640745162963867
4,15,190,214.0,3.9561617374420166,3.982971668243408,0.0268099308013916
4,15,191,139.0,4.121965408325195,4.095444679260254,-0.026520729064941406
4,15,192,89.0,3.4952480792999268,3.530620813369751,0.03537273406982422
4,15,193,102.0,4.782958507537842,4.80994987487793,0.02699136734008789
4,15,194,156.0,2.6015143394470215,2.5709686279296875,-0.030545711517333984
4,15,195,87.0,3.839608669281006,3.8353755474090576,-0.004233121871948242
4,15,196,175.0,3.2536110877990723,3.248053550720215,-0.005557537078857422
4,15,197,136.0,2.3385791778564453,2.3304786682128906,-0.008100509643554688
4,15,198,54.0,3.781459093093872,3.7714762687683105,-0.009982824325561523
4,15,199,71.0,4.556375980377197,4.563992023468018,0.0076160430908203125
4,15,200,43.0,4.562034606933594,4.568267822265625,0.00623321533203125
4,15,201,200.0,3.3231818675994873,3.32608699798584,0.002905130386352539
4,15,202,60.0,3.5167155265808105,3.5138649940490723,-0.0028505325317382812
4,15,203,220.0,3.437206983566284,3.481808662414551,0.0446016788482666
4,15,204,160.0,4.1729278564453125,4.186989784240723,0.014061927795410156
4,15,205,46.0,3.025144100189209,3.0397534370422363,0.014609336853027344
4,15,206,189.0,3.507356882095337,3.51592755317688,0.008570671081542969
4,15,207,69.0,4.68245792388916,4.652798652648926,-0.029659271240234375
4,15,208,164.0,2.968637228012085,2.983673572540283,0.015036344528198242
4,15,209,121.0,3.6657907962799072,3.6646242141723633,-0.0011665821075439453
4,15,210,453.0,5.465768337249756,5.464821815490723,-0.0009465217590332031
4,15,211,167.0,3.817554473876953,3.8004162311553955,-0.017138242721557617
4,15,212,79.0,3.6519949436187744,3.5932810306549072,-0.05871391296386719
4,15,213,64.0,4.473271369934082,4.487092018127441,0.013820648193359375
4,15,214,214.0,3.5177533626556396,3.5351545810699463,0.01740121841430664
4,15,215,42.0,4.581282615661621,4.645832538604736,0.06454992294311523
4,15,216,85.0,4.406545639038086,4.392459869384766,-0.014085769653320312
4,15,217,45.0,4.909335136413574,4.944100379943848,0.03476524353027344
4,15,218,96.0,4.346060276031494,4.385885715484619,0.039825439453125
4,15,219,40.0,3.466945171356201,3.48097562789917,0.01403045654296875
4,15,220,66.0,4.6993865966796875,4.713305950164795,0.013919353485107422
4,15,221,262.0,3.4376049041748047,3.4642412662506104,0.026636362075805664
4,15,222,32.0,4.6173553466796875,4.598504066467285,-0.018851280212402344
4,15,223,33.0,4.931256294250488,4.907259941101074,-0.023996353149414062
4,15,224,139.0,2.1582767963409424,2.1651041507720947,0.006827354431152344
4,15,225,84.0,4.020323753356934,4.025775909423828,0.005452156066894531
4,15,226,46.0,3.709413528442383,3.706483840942383,-0.0029296875
4,15,227,121.0,4.181075572967529,4.162797927856445,-0.018277645111083984
4,15,228,67.0,3.140568971633911,3.1602656841278076,0.019696712493896484
4,15,229,187.0,3.8881711959838867,3.879300594329834,-0.008870601654052734
4,15,230,40.0,4.873936176300049,4.889955997467041,0.016019821166992188
4,15,231,91.0,3.998016119003296,3.99908447265625,0.0010683536529541016
4,15,232,52.0,4.4449782371521,4.507772445678711,0.06279420852661133
4,15,233,49.0,4.133476257324219,4.111666202545166,-0.021810054779052734
4,15,234,261.0,3.079342842102051,3.0475878715515137,-0.03175497055053711
4,15,235,59.0,4.072587490081787,4.031484603881836,-0.04110288619995117
4,15,236,132.0,4.054989814758301,4.067142486572266,0.012152671813964844
4,15,237,136.0,3.4520623683929443,3.4728901386260986,0.020827770233154297
4,15,238,210.0,3.7005720138549805,3.6936421394348145,-0.006929874420166016
4,15,239,258.0,3.6856272220611572,3.7208218574523926,0.03519463539123535
4,15,240,203.0,3.5238258838653564,3.527744770050049,0.003918886184692383
4,15,241,198.0,3.3618428707122803,3.3690309524536133,0.007188081741333008
4,15,242,85.0,3.468600034713745,3.444930076599121,-0.023669958114624023
4,15,243,85.0,2.1469109058380127,2.1320247650146484,-0.014886140823364258
4,15,244,93.0,4.847414970397949,4.841735363006592,-0.005679607391357422
4,15,245,68.0,4.8312296867370605,4.848435401916504,0.01720571517944336
4,15,246,58.0,4.302565574645996,4.300693035125732,-0.0018725395202636719
4,15,247,187.0,3.1594748497009277,3.165492534637451,0.0060176849365234375
4,15,248,64.0,2.745805263519287,2.763244867324829,0.017439603805541992
4,15,249,100.0,3.3120670318603516,3.3132030963897705,0.0011360645294189453
4,15,250,151.0,3.886031150817871,3.902883768081665,0.016852617263793945
4,15,251,174.0,3.292135715484619,3.3030219078063965,0.010886192321777344
4,15,252,126.0,4.651801109313965,4.665283679962158,0.01348257064819336
4,15,253,99.0,3.699761390686035,3.6681549549102783,-0.031606435775756836
4,15,254,107.0,4.576633453369141,4.57193660736084,-0.004696846008300781
4,15,255,116.0,3.825943946838379,3.8739235401153564,0.04797959327697754
13,0,0,196.0,3.98167085647583,3.9772708415985107,-0.004400014877319336
13,0,1,127.0,3.705084800720215,3.7022721767425537,-0.002812623977661133
13,0,2,162.0,2.4317469596862793,2.4309897422790527,-0.0007572174072265625
13,0,3,92.0,5.154407501220703,5.161996364593506,0.007588863372802734
13,0,4,194.0,3.7261335849761963,3.719334602355957,-0.006798982620239258
13,0,5,115.0,3.4317781925201416,3.427544355392456,-0.004233837127685547
13,0,6,109.0,4.611254692077637,4.616557598114014,0.005302906036376953
13,0,7,48.0,3.824559450149536,3.833796739578247,0.009237289428710938
13,0,8,69.0,4.333216190338135,4.339650630950928,0.006434440612792969
13,0,9,85.0,3.4889185428619385,3.4840781688690186,-0.004840373992919922
13,0,10,238.0,3.337062358856201,3.332162618637085,-0.004899740219116211
13,0,11,233.0,3.013906478881836,3.0097692012786865,-0.004137277603149414
13,0,12,208.0,3.644038200378418,3.633117198944092,-0.010921001434326172
13,0,13,196.0,3.302739381790161,3.2965891361236572,-0.006150245666503906
13,0,14,131.0,3.989900827407837,3.9721689224243164,-0.017731904983520508
13,0,15,125.0,3.2012383937835693,3.203522205352783,0.002283811569213867
13,0,16,61.0,4.757500171661377,4.742660045623779,-0.014840126037597656
13,0,17,164.0,2.6241273880004883,2.619300365447998,-0.004827022552490234
13,0,18,107.0,3.8216171264648438,3.8080949783325195,-0.013522148132324219
13,0,19,48.0,4.036356449127197,4.040912628173828,0.004556179046630859
13,0,20,74.0,2.6907341480255127,2.6924092769622803,0.0016751289367675781
13,0,21,103.0,2.9307749271392822,2.9366836547851562,0.0059087276458740234
13,0,22,114.0,3.8854269981384277,3.884178876876831,-0.0012481212615966797
13,0,23,50.0,6.480540752410889,6.495095252990723,0.014554500579833984
13,0,24,281.0,3.1489627361297607,3.146017074584961,-0.0029456615447998047
13,0,25,247.0,2.5188822746276855,2.5241007804870605,0.005218505859375
13,0,26,173.0,4.413876056671143,4.4126386642456055,-0.0012373924255371094
13,0,27,166.0,3.707796812057495,3.694634437561035,-0.013162374496459961
13,0,28,98.0,3.151510238647461,3.1385223865509033,-0.012987852096557617
13,0,29,174.0,3.586359739303589,3.5704329013824463,-0.015926837921142578
13,0,30,173.0,3.190525531768799,3.194774866104126,0.0042493343353271484
13,0,31,215.0,4.340093612670898,4.337234020233154,-0.0028595924377441406
13,0,32,186.0,3.4789488315582275,3.466836929321289,-0.012111902236938477
13,0,33,153.0,2.9326295852661133,2.926126003265381,-0.006503582000732422
13,0,34,147.0,4.1311798095703125,4.136645793914795,0.005465984344482422
13,0,35,50.0,4.620577812194824,4.620099067687988,-0.0004787445068359375
13,0,36,86.0,3.942690134048462,3.9174864292144775,-0.025203704833984375
13,0,37,154.0,4.250033378601074,4.243693828582764,-0.006339550018310547
13,0,38,265.0,2.933018684387207,2.9359452724456787,0.0029265880584716797
13,0,39,199.0,3.941709518432617,3.9422595500946045,0.0005500316619873047
13,0,40,138.0,4.430899620056152,4.408239841461182,-0.022659778594970703
13,0,41,98.0,4.048152923583984,4.04085636138916,-0.007296562194824219
13,0,42,167.0,2.98820424079895,2.9961795806884766,0.007975339889526367
13,0,43,288.0,4.51556396484375,4.516546726226807,0.0009827613830566406
13,0,44,225.0,3.134540557861328,3.130434036254883,-0.0041065216064453125
13,0,45,191.0,3.475728988647461,3.471595048904419,-0.004133939743041992
13,0,46,92.0,5.071820259094238,5.069610595703125,-0.0022096633911132812
13,0,47,41.0,5.766663551330566,5.755411148071289,-0.011252403259277344
13,0,48,231.0,3.4077651500701904,3.393022298812866,-0.014742851257324219
13,0,49,101.0,2.9521121978759766,2.951312780380249,-0.0007994174957275391
13,0,50,177.0,3.6662821769714355,3.661071538925171,-0.0052106380462646484
13,0,51,252.0,4.05861759185791,4.0563645362854,-0.0022530555725097656
13,0,52,259.0,3.3747026920318604,3.3763790130615234,0.001676321029663086
13,0,53,47.0,4.065746307373047,4.059686183929443,-0.006060123443603516
13,0,54,164.0,2.495858669281006,2.4925827980041504,-0.0032758712768554688
13,0,55,94.0,4.066493034362793,4.066004753112793,-0.00048828125
13,0,56,103.0,4.11627721786499,4.117429256439209,0.00115203857421875
13,0,57,78.0,3.913255453109741,3.906928539276123,-0.006326913833618164
13,0,58,239.0,3.692802906036377,3.6877663135528564,-0.005036592483520508
13,0,59,271.0,4.881155014038086,4.879487991333008,-0.001667022705078125
13,0,60,162.0,3.3450679779052734,3.3450887203216553,2.0742416381835938e-05
13,0,61,179.0,3.870093584060669,3.868274450302124,-0.0018191337585449219
13,0,62,218.0,3.1762454509735107,3.1861233711242676,0.009877920150756836
13,0,63,81.0,3.809858798980713,3.8144211769104004,0.0045623779296875
13,0,64,93.0,4.687077522277832,4.693482875823975,0.006405353546142578
13,0,65,72.0,4.558295249938965,4.558143615722656,-0.00015163421630859375
13,0,66,230.0,3.737887382507324,3.7229225635528564,-0.014964818954467773
13,0,67,99.0,3.1625142097473145,3.160398244857788,-0.002115964889526367
13,0,68,213.0,3.218388557434082,3.216066837310791,-0.0023217201232910156
13,0,69,119.0,3.072978973388672,3.0656917095184326,-0.007287263870239258
13,0,70,161.0,3.529710531234741,3.5209460258483887,-0.008764505386352539
13,0,71,90.0,4.394758224487305,4.391615390777588,-0.003142833709716797
13,0,72,181.0,3.6989989280700684,3.6930248737335205,-0.0059740543365478516
13,0,73,95.0,4.745315074920654,4.7424821853637695,-0.0028328895568847656
13,0,74,245.0,2.801177740097046,2.8012380599975586,6.031990051269531e-05
13,0,75,93.0,2.319314956665039,2.315354824066162,-0.003960132598876953
13,0,76,225.0,3.1077821254730225,3.1161515712738037,0.00836944580078125
13,0,77,61.0,4.027099132537842,4.014553546905518,-0.012545585632324219
13,0,78,257.0,4.246406078338623,4.245030403137207,-0.0013756752014160156
13,0,79,165.0,3.7203760147094727,3.7194366455078125,-0.0009393692016601562
13,0,80,117.0,4.752804279327393,4.75382137298584,0.0010170936584472656
13,0,81,89.0,4.279232025146484,4.274906635284424,-0.004325389862060547
13,0,82,291.0,4.08609676361084,4.075133323669434,-0.01096343994140625
13,0,83,93.0,4.042176723480225,4.043401718139648,0.0012249946594238281
13,0,84,228.0,2.8949825763702393,2.8966734409332275,0.0016908645629882812
13,0,85,131.0,3.406266927719116,3.404474973678589,-0.0017919540405273438
13,0,86,191.0,4.77057409286499,4.765460014343262,-0.005114078521728516
13,0,87,238.0,5.341985702514648,5.331613540649414,-0.010372161865234375
13,0,88,210.0,3.7304000854492188,3.72426700592041,-0.006133079528808594
13,0,89,107.0,4.658895492553711,4.6658616065979,0.006966114044189453
13,0,90,217.0,3.256716728210449,3.2499501705169678,-0.006766557693481445
13,0,91,199.0,3.479922294616699,3.4818766117095947,0.001954317092895508
13,0,92,84.0,2.9870519638061523,2.9731786251068115,-0.01387333869934082
13,0,93,271.0,4.167789459228516,4.151770114898682,-0.016019344329833984
13,0,94,226.0,3.797963857650757,3.7953925132751465,-0.0025713443756103516
13,0,95,258.0,4.302313327789307,4.30300235748291,0.0006890296936035156
13,0,96,86.0,4.009377479553223,4.038766384124756,0.029388904571533203
13,0,97,142.0,4.886353492736816,4.878141403198242,-0.008212089538574219
13,0,98,42.0,4.73474645614624,4.738781452178955,0.004034996032714844
13,0,99,224.0,3.053419828414917,3.0533359050750732,-8.392333984375e-05
13,0,100,197.0,2.6848225593566895,2.682729721069336,-0.0020928382873535156
13,0,101,85.0,3.080362558364868,3.086681842803955,0.006319284439086914
13,0,102,195.0,3.4633231163024902,3.4718966484069824,0.008573532104492188
13,0,103,102.0,4.20768404006958,4.203006744384766,-0.004677295684814453
13,0,104,181.0,3.711848735809326,3.7116472721099854,-0.0002014636993408203
13,0,105,72.0,2.723045587539673,2.7259202003479004,0.002874612808227539
13,0,106,130.0,4.976626396179199,4.977301597595215,0.000675201416015625
13,0,107,62.0,3.1819393634796143,3.173290729522705,-0.00864863395690918
13,0,108,263.0,4.0605854988098145,4.0515899658203125,-0.008995532989501953
13,0,109,194.0,3.1560444831848145,3.153881072998047,-0.002163410186767578
13,0,110,174.0,3.211611032485962,3.211200475692749,-0.0004105567932128906
13,0,111,235.0,4.168798446655273,4.157763481140137,-0.011034965515136719
13,0,112,143.0,4.279087066650391,4.267347812652588,-0.011739253997802734
13,0,113,117.0,4.890145778656006,4.886273384094238,-0.003872394561767578
13,0,114,160.0,4.253233909606934,4.257691383361816,0.0044574737548828125
13,0,115,115.0,3.9266409873962402,3.9193434715270996,-0.007297515869140625
13,0,116,120.0,3.8633739948272705,3.8609206676483154,-0.002453327178955078
13,0,117,186.0,4.1213459968566895,4.1216206550598145,0.000274658203125
13,0,118,138.0,3.296036958694458,3.2923474311828613,-0.0036895275115966797
13,0,119,80.0,3.554978847503662,3.5382518768310547,-0.016726970672607422
13,0,120,164.0,3.3612916469573975,3.355361223220825,-0.005930423736572266
13,0,121,215.0,3.762061357498169,3.756714105606079,-0.005347251892089844
13,0,122,81.0,3.60632061958313,3.5982327461242676,-0.008087873458862305
13,0,123,171.0,3.4178876876831055,3.4077670574188232,-0.010120630264282227
13,0,124,41.0,4.780884742736816,4.770277976989746,-0.010606765747070312
13,0,125,103.0,4.1708221435546875,4.165297985076904,-0.005524158477783203
13,0,126,145.0,3.385586977005005,3.3832638263702393,-0.002323150634765625
13,0,127,102.0,3.511989116668701,3.5107245445251465,-0.0012645721435546875
13,0,128,157.0,4.545989513397217,4.541810989379883,-0.004178524017333984
13,0,129,161.0,3.612820625305176,3.607818365097046,-0.005002260208129883
13,0,130,248.0,3.595446825027466,3.6020238399505615,0.006577014923095703
13,0,131,240.0,4.314742088317871,4.3091511726379395,-0.005590915679931641
13,0,132,284.0,3.515221118927002,3.5095038414001465,-0.005717277526855469
13,0,133,105.0,5.547122001647949,5.548301696777344,0.0011796951293945312
13,0,134,72.0,3.6292827129364014,3.621225118637085,-0.008057594299316406
13,0,135,86.0,3.9638190269470215,3.9790003299713135,0.015181303024291992
13,0,136,120.0,3.225938320159912,3.225907325744629,-3.0994415283203125e-05
13,0,137,64.0,3.684243679046631,3.6890385150909424,0.0047948360443115234
13,0,138,220.0,2.8231959342956543,2.8307814598083496,0.0075855255126953125
13,0,139,92.0,2.984248638153076,2.9679601192474365,-0.01628851890563965
13,0,140,180.0,3.4170660972595215,3.4056475162506104,-0.011418581008911133
13,0,141,95.0,3.5693070888519287,3.5634124279022217,-0.005894660949707031
13,0,142,72.0,5.436267852783203,5.424572944641113,-0.011694908142089844
13,0,143,152.0,4.664964199066162,4.667039394378662,0.0020751953125
13,0,144,170.0,3.2575697898864746,3.256211280822754,-0.0013585090637207031
13,0,145,56.0,4.233151912689209,4.244342803955078,0.01119089126586914
13,0,146,174.0,3.632305860519409,3.6233856678009033,-0.00892019271850586
13,0,147,191.0,3.26232647895813,3.2652008533477783,0.0028743743896484375
13,0,148,279.0,3.7231252193450928,3.7080330848693848,-0.015092134475708008
13,0,149,98.0,3.6501717567443848,3.6595427989959717,0.009371042251586914
13,0,150,50.0,3.987290143966675,3.9729976654052734,-0.014292478561401367
13,0,151,61.0,3.207566976547241,3.210783004760742,0.0032160282135009766
13,0,152,208.0,2.833768367767334,2.826152801513672,-0.007615566253662109
13,0,153,124.0,3.7818057537078857,3.7725772857666016,-0.00922846794128418
13,0,154,128.0,3.3032331466674805,3.3114631175994873,0.008229970932006836
13,0,155,250.0,4.603071212768555,4.610208988189697,0.007137775421142578
13,0,156,239.0,2.621934175491333,2.6212377548217773,-0.0006964206695556641
13,0,157,164.0,2.8648641109466553,2.8576488494873047,-0.007215261459350586
13,0,158,42.0,4.671477317810059,4.672352313995361,0.0008749961853027344
13,0,159,200.0,4.007006645202637,3.99906587600708,-0.00794076919555664
13,0,160,209.0,3.638150215148926,3.6402456760406494,0.002095460891723633
13,0,161,206.0,3.6040756702423096,3.597374677658081,-0.006700992584228516
13,0,162,139.0,4.383498191833496,4.386157989501953,0.0026597976684570312
13,0,163,76.0,3.7987864017486572,3.806212902069092,0.00742650032043457
13,0,164,232.0,3.892338275909424,3.887019634246826,-0.005318641662597656
13,0,165,235.0,3.9155564308166504,3.9043500423431396,-0.011206388473510742
13,0,166,49.0,4.228317737579346,4.228094100952148,-0.00022363662719726562
13,0,167,138.0,3.473930835723877,3.47141432762146,-0.002516508102416992
13,0,168,60.0,3.808337450027466,3.8032023906707764,-0.005135059356689453
13,0,169,146.0,4.041977882385254,4.041587829589844,-0.00039005279541015625
13,0,170,57.0,4.420210838317871,4.413919925689697,-0.006290912628173828
13,0,171,135.0,3.909317970275879,3.9079771041870117,-0.0013408660888671875
13,0,172,113.0,3.19097638130188,3.183990716934204,-0.006985664367675781
13,0,173,208.0,4.171577453613281,4.168657302856445,-0.0029201507568359375
13,0,174,195.0,2.116305112838745,2.1183159351348877,0.002010822296142578
13,0,175,137.0,3.9520905017852783,3.938497543334961,-0.013592958450317383
13,0,176,91.0,4.97736120223999,4.97138786315918,-0.005973339080810547
13,0,177,66.0,3.994100332260132,3.9890480041503906,-0.005052328109741211
13,0,178,173.0,3.3507070541381836,3.3523852825164795,0.0016782283782958984
13,0,179,89.0,5.353647708892822,5.350490570068359,-0.0031571388244628906
13,0,180,231.0,3.6613731384277344,3.660132646560669,-0.0012404918670654297
13,0,181,71.0,5.397938251495361,5.395658016204834,-0.0022802352905273438
13,0,182,98.0,3.963383674621582,3.9721007347106934,0.008717060089111328
13,0,183,215.0,1.998246431350708,1.9909812211990356,-0.007265210151672363
13,0,184,159.0,4.383580684661865,4.382358074188232,-0.0012226104736328125
13,0,185,86.0,3.697986602783203,3.6731460094451904,-0.024840593338012695
13,0,186,92.0,3.4445607662200928,3.441215753555298,-0.003345012664794922
13,0,187,51.0,5.179178714752197,5.16261100769043,-0.016567707061767578
13,0,188,86.0,4.734201908111572,4.7444868087768555,0.010284900665283203
13,0,189,132.0,3.6938047409057617,3.6946680545806885,0.0008633136749267578
13,0,190,214.0,3.9561617374420166,3.9553253650665283,-0.0008363723754882812
13,0,191,139.0,4.121965408325195,4.115345001220703,-0.0066204071044921875
13,0,192,89.0,3.4952480792999268,3.485198736190796,-0.01004934310913086
13,0,193,102.0,4.782958507537842,4.780496597290039,-0.0024619102478027344
13,0,194,156.0,2.6015143394470215,2.5847575664520264,-0.016756772994995117
13,0,195,87.0,3.839608669281006,3.838604688644409,-0.0010039806365966797
13,0,196,175.0,3.2536110877990723,3.2456440925598145,-0.007966995239257812
13,0,197,136.0,2.3385791778564453,2.328474998474121,-0.010104179382324219
13,0,198,54.0,3.781459093093872,3.777266263961792,-0.004192829132080078
13,0,199,71.0,4.556375980377197,4.554210186004639,-0.0021657943725585938
13,0,200,43.0,4.562034606933594,4.558424949645996,-0.0036096572875976562
13,0,201,200.0,3.3231818675994873,3.3185479640960693,-0.004633903503417969
13,0,202,60.0,3.5167155265808105,3.526109218597412,0.009393692016601562
13,0,203,220.0,3.437206983566284,3.4481308460235596,0.01092386245727539
13,0,204,160.0,4.1729278564453125,4.175873756408691,0.0029458999633789062
13,0,205,46.0,3.025144100189209,3.04797101020813,0.0228269100189209
13,0,206,189.0,3.507356882095337,3.504979372024536,-0.0023775100708007812
13,0,207,69.0,4.68245792388916,4.669668197631836,-0.012789726257324219
13,0,208,164.0,2.968637228012085,2.9708774089813232,0.0022401809692382812
13,0,209,121.0,3.6657907962799072,3.654529094696045,-0.011261701583862305
13,0,210,453.0,5.465768337249756,5.465407371520996,-0.0003609657287597656
13,0,211,167.0,3.817554473876953,3.8171470165252686,-0.0004074573516845703
13,0,212,79.0,3.6519949436187744,3.6443145275115967,-0.007680416107177734
13,0,213,64.0,4.473271369934082,4.469698429107666,-0.0035729408264160156
13,0,214,214.0,3.5177533626556396,3.515493869781494,-0.002259492874145508
13,0,215,42.0,4.581282615661621,4.579665184020996,-0.001617431640625
13,0,216,85.0,4.406545639038086,4.407214164733887,0.0006685256958007812
13,0,217,45.0,4.909335136413574,4.904165267944336,-0.005169868469238281
13,0,218,96.0,4.346060276031494,4.337402820587158,-0.008657455444335938
13,0,219,40.0,3.466945171356201,3.4667649269104004,-0.00018024444580078125
13,0,220,66.0,4.6993865966796875,4.70944881439209,0.010062217712402344
13,0,221,262.0,3.4376049041748047,3.437771797180176,0.00016689300537109375
13,0,222,32.0,4.6173553466796875,4.607741355895996,-0.009613990783691406
13,0,223,33.0,4.931256294250488,4.937198638916016,0.005942344665527344
13,0,224,139.0,2.1582767963409424,2.155036449432373,-0.003240346908569336
13,0,225,84.0,4.020323753356934,4.013618469238281,-0.006705284118652344
13,0,226,46.0,3.709413528442383,3.7207164764404297,0.011302947998046875
13,0,227,121.0,4.181075572967529,4.182879447937012,0.0018038749694824219
13,0,228,67.0,3.140568971633911,3.140826940536499,0.0002579689025878906
13,0,229,187.0,3.8881711959838867,3.884783983230591,-0.0033872127532958984
13,0,230,40.0,4.873936176300049,4.861746311187744,-0.012189865112304688
13,0,231,91.0,3.998016119003296,3.9944589138031006,-0.0035572052001953125
13,0,232,52.0,4.4449782371521,4.452425003051758,0.007446765899658203
13,0,233,49.0,4.133476257324219,4.126134395599365,-0.007341861724853516
13,0,234,261.0,3.079342842102051,3.0774986743927,-0.001844167709350586
13,0,235,59.0,4.072587490081787,4.058719158172607,-0.013868331909179688
13,0,236,132.0,4.054989814758301,4.057337760925293,0.0023479461669921875
13,0,237,136.0,3.4520623683929443,3.459120273590088,0.007057905197143555
13,0,238,210.0,3.7005720138549805,3.697136402130127,-0.0034356117248535156
13,0,239,258.0,3.6856272220611572,3.6713531017303467,-0.014274120330810547
13,0,240,203.0,3.5238258838653564,3.515383005142212,-0.008442878723144531
13,0,241,198.0,3.3618428707122803,3.368089199066162,0.006246328353881836
13,0,242,85.0,3.468600034713745,3.4702000617980957,0.001600027084350586
13,0,243,85.0,2.1469109058380127,2.134793519973755,-0.012117385864257812
13,0,244,93.0,4.847414970397949,4.848458290100098,0.0010433197021484375
13,0,245,68.0,4.8312296867370605,4.827414512634277,-0.003815174102783203
13,0,246,58.0,4.302565574645996,4.301849842071533,-0.0007157325744628906
13,0,247,187.0,3.1594748497009277,3.1569266319274902,-0.0025482177734375
13,0,248,64.0,2.745805263519287,2.7430059909820557,-0.0027992725372314453
13,0,249,100.0,3.3120670318603516,3.317293167114258,0.00522613525390625
13,0,250,151.0,3.886031150817871,3.8879411220550537,0.0019099712371826172
13,0,251,174.0,3.292135715484619,3.284029483795166,-0.008106231689453125
13,0,252,126.0,4.651801109313965,4.650479793548584,-0.0013213157653808594
13,0,253,99.0,3.699761390686035,3.7030904293060303,0.003329038619995117
13,0,254,107.0,4.576633453369141,4.583961009979248,0.007327556610107422
13,0,255,116.0,3.825943946838379,3.8237645626068115,-0.002179384231567383
13,1,0,196.0,3.98167085647583,3.9812092781066895,-0.000461578369140625
13,1,1,127.0,3.705084800720215,3.696471929550171,-0.008612871170043945
13,1,2,162.0,2.4317469596862793,2.4358246326446533,0.0040776729583740234
13,1,3,92.0,5.154407501220703,5.164060115814209,0.00965261459350586
13,1,4,194.0,3.7261335849761963,3.734412670135498,0.008279085159301758
13,1,5,115.0,3.4317781925201416,3.4279916286468506,-0.0037865638732910156
13,1,6,109.0,4.611254692077637,4.6098480224609375,-0.0014066696166992188
13,1,7,48.0,3.824559450149536,3.828641891479492,0.004082441329956055
13,1,8,69.0,4.333216190338135,4.332618236541748,-0.0005979537963867188
13,1,9,85.0,3.4889185428619385,3.485905647277832,-0.0030128955841064453
13,1,10,238.0,3.337062358856201,3.33892822265625,0.0018658638000488281
13,1,11,233.0,3.013906478881836,3.0159902572631836,0.0020837783813476562
13,1,12,208.0,3.644038200378418,3.6402130126953125,-0.0038251876831054688
13,1,13,196.0,3.302739381790161,3.315793991088867,0.013054609298706055
13,1,14,131.0,3.989900827407837,4.001638889312744,0.011738061904907227
13,1,15,125.0,3.2012383937835693,3.195591688156128,-0.005646705627441406
13,1,16,61.0,4.757500171661377,4.7541022300720215,-0.0033979415893554688
13,1,17,164.0,2.6241273880004883,2.6236021518707275,-0.0005252361297607422
13,1,18,107.0,3.8216171264648438,3.813671350479126,-0.007945775985717773
13,1,19,48.0,4.036356449127197,4.019457817077637,-0.016898632049560547
13,1,20,74.0,2.6907341480255127,2.686305284500122,-0.004428863525390625
13,1,21,103.0,2.9307749271392822,2.9331486225128174,0.0023736953735351562
13,1,22,114.0,3.8854269981384277,3.882793426513672,-0.0026335716247558594
13,1,23,50.0,6.480540752410889,6.481513023376465,0.0009722709655761719
13,1,24,281.0,3.1489627361297607,3.148021697998047,-0.0009410381317138672
13,1,25,247.0,2.5188822746276855,2.5197393894195557,0.0008571147918701172
13,1,26,173.0,4.413876056671143,4.415427207946777,0.0015511512756347656
13,1,27,166.0,3.707796812057495,3.69940185546875,-0.008394956588745117
13,1,28,98.0,3.151510238647461,3.147341012954712,-0.0041692256927490234
13,1,29,174.0,3.586359739303589,3.5855305194854736,-0.0008292198181152344
13,1,30,173.0,3.190525531768799,3.2023115158081055,0.01178598403930664
13,1,31,215.0,4.340093612670898,4.3335347175598145,-0.006558895111083984
13,1,32,186.0,3.4789488315582275,3.4701504707336426,-0.008798360824584961
13,1,33,153.0,2.9326295852661133,2.930788516998291,-0.0018410682678222656
13,1,34,147.0,4.1311798095703125,4.130871772766113,-0.00030803680419921875
13,1,35,50.0,4.620577812194824,4.6172051429748535,-0.003372669219970703
13,1,36,86.0,3.942690134048462,3.9338619709014893,-0.008828163146972656
13,1,37,154.0,4.250033378601074,4.2346577644348145,-0.015375614166259766
13,1,38,265.0,2.933018684387207,2.9375433921813965,0.004524707794189453
13,1,39,199.0,3.941709518432617,3.9334945678710938,-0.008214950561523438
13,1,40,138.0,4.430899620056152,4.420114040374756,-0.010785579681396484
13,1,41,98.0,4.048152923583984,4.044937610626221,-0.003215312957763672
13,1,42,167.0,2.98820424079895,2.9822733402252197,-0.005930900573730469
13,1,43,288.0,4.51556396484375,4.515710830688477,0.0001468658447265625
13,1,44,225.0,3.134540557861328,3.1329543590545654,-0.0015861988067626953
13,1,45,191.0,3.475728988647461,3.466980218887329,-0.008748769760131836
13,1,46,92.0,5.071820259094238,5.069647312164307,-0.0021729469299316406
13,1,47,41.0,5.766663551330566,5.7706170082092285,0.003953456878662109
13,1,48,231.0,3.4077651500701904,3.4104433059692383,0.0026781558990478516
13,1,49,101.0,2.9521121978759766,2.9578006267547607,0.00568842887878418
13,1,50,177.0,3.6662821769714355,3.6688425540924072,0.0025603771209716797
13,1,51,252.0,4.05861759185791,4.057178497314453,-0.0014390945434570312
13,1,52,259.0,3.3747026920318604,3.370413064956665,-0.0042896270751953125
13,1,53,47.0,4.065746307373047,4.082822322845459,0.01707601547241211
13,1,54,164.0,2.495858669281006,2.4974591732025146,0.001600503921508789
13,1,55,94.0,4.066493034362793,4.072385311126709,0.005892276763916016
13,1,56,103.0,4.11627721786499,4.1166815757751465,0.00040435791015625
13,1,57,78.0,3.913255453109741,3.9197325706481934,0.0064771175384521484
13,1,58,239.0,3.692802906036377,3.6936049461364746,0.0008020401000976562
13,1,59,271.0,4.881155014038086,4.879478931427002,-0.0016760826110839844
13,1,60,162.0,3.3450679779052734,3.349989891052246,0.004921913146972656
13,1,61,179.0,3.870093584060669,3.867465019226074,-0.0026285648345947266
13,1,62,218.0,3.1762454509735107,3.175363302230835,-0.0008821487426757812
13,1,63,81.0,3.809858798980713,3.8045108318328857,-0.0053479671478271484
13,1,64,93.0,4.687077522277832,4.686035633087158,-0.0010418891906738281
13,1,65,72.0,4.558295249938965,4.557856559753418,-0.000438690185546875
13,1,66,230.0,3.737887382507324,3.7307863235473633,-0.0071010589599609375
13,1,67,99.0,3.1625142097473145,3.1622111797332764,-0.00030303001403808594
13,1,68,213.0,3.218388557434082,3.2198212146759033,0.001432657241821289
13,1,69,119.0,3.072978973388672,3.076749086380005,0.003770112991333008
13,1,70,161.0,3.529710531234741,3.526489734649658,-0.003220796585083008
13,1,71,90.0,4.394758224487305,4.395465850830078,0.0007076263427734375
13,1,72,181.0,3.6989989280700684,3.70454740524292,0.0055484771728515625
13,1,73,95.0,4.745315074920654,4.7327423095703125,-0.012572765350341797
13,1,74,245.0,2.801177740097046,2.7998416423797607,-0.0013360977172851562
13,1,75,93.0,2.319314956665039,2.3213226795196533,0.002007722854614258
13,1,76,225.0,3.1077821254730225,3.1077609062194824,-2.1219253540039062e-05
13,1,77,61.0,4.027099132537842,4.029517650604248,0.00241851806640625
13,1,78,257.0,4.246406078338623,4.248740196228027,0.002334117889404297
13,1,79,165.0,3.7203760147094727,3.720728635787964,0.00035262107849121094
13,1,80,117.0,4.752804279327393,4.754909992218018,0.002105712890625
13,1,81,89.0,4.279232025146484,4.274752616882324,-0.004479408264160156
13,1,82,291.0,4.08609676361084,4.089102745056152,0.0030059814453125
13,1,83,93.0,4.042176723480225,4.038261890411377,-0.003914833068847656
13,1,84,228.0,2.8949825763702393,2.8991923332214355,0.004209756851196289
13,1,85,131.0,3.406266927719116,3.4034359455108643,-0.002830982208251953
13,1,86,191.0,4.77057409286499,4.773031711578369,0.0024576187133789062
13,1,87,238.0,5.341985702514648,5.338670253753662,-0.003315448760986328
13,1,88,210.0,3.7304000854492188,3.725313425064087,-0.005086660385131836
13,1,89,107.0,4.658895492553711,4.668266296386719,0.009370803833007812
13,1,90,217.0,3.256716728210449,3.2576956748962402,0.0009789466857910156
13,1,91,199.0,3.479922294616699,3.4857587814331055,0.00583648681640625
13,1,92,84.0,2.9870519638061523,2.988738536834717,0.0016865730285644531
13,1,93,271.0,4.167789459228516,4.159888744354248,-0.007900714874267578
13,1,94,226.0,3.797963857650757,3.795197010040283,-0.002766847610473633
13,1,95,258.0,4.302313327789307,4.303494453430176,0.0011811256408691406
13,1,96,86.0,4.009377479553223,4.0094499588012695,7.2479248046875e-05
13,1,97,142.0,4.886353492736816,4.8866424560546875,0.00028896331787109375
13,1,98,42.0,4.73474645614624,4.736239910125732,0.0014934539794921875
13,1,99,224.0,3.053419828414917,3.051513671875,-0.0019061565399169922
13,1,100,197.0,2.6848225593566895,2.6837244033813477,-0.0010981559753417969
13,1,101,85.0,3.080362558364868,3.092334747314453,0.011972188949584961
13,1,102,195.0,3.4633231163024902,3.4648079872131348,0.0014848709106445312
13,1,103,102.0,4.20768404006958,4.205293655395508,-0.0023903846740722656
13,1,104,181.0,3.711848735809326,3.7124030590057373,0.0005543231964111328
13,1,105,72.0,2.723045587539673,2.720442295074463,-0.002603292465209961
13,1,106,130.0,4.976626396179199,4.977262020111084,0.0006356239318847656
13,1,107,62.0,3.1819393634796143,3.1675174236297607,-0.014421939849853516
13,1,108,263.0,4.0605854988098145,4.058587074279785,-0.001998424530029297
13,1,109,194.0,3.1560444831848145,3.152906894683838,-0.0031375885009765625
13,1,110,174.0,3.211611032485962,3.2113704681396484,-0.00024056434631347656
13,1,111,235.0,4.168798446655273,4.1655049324035645,-0.0032935142517089844
13,1,112,143.0,4.279087066650391,4.272917747497559,-0.006169319152832031
13,1,113,117.0,4.890145778656006,4.8892436027526855,-0.0009021759033203125
13,1,114,160.0,4.253233909606934,4.253584384918213,0.0003504753112792969
13,1,115,115.0,3.9266409873962402,3.9251015186309814,-0.001539468765258789
13,1,116,120.0,3.8633739948272705,3.8627333641052246,-0.0006406307220458984
13,1,117,186.0,4.1213459968566895,4.1153564453125,-0.005989551544189453
13,1,118,138.0,3.296036958694458,3.2870230674743652,-0.009013891220092773
13,1,119,80.0,3.554978847503662,3.5531928539276123,-0.0017859935760498047
13,1,120,164.0,3.3612916469573975,3.3583076000213623,-0.0029840469360351562
13,1,121,215.0,3.762061357498169,3.7590396404266357,-0.003021717071533203
13,1,122,81.0,3.60632061958313,3.6030001640319824,-0.003320455551147461
13,1,123,171.0,3.4178876876831055,3.4198782444000244,0.0019905567169189453
13,1,124,41.0,4.780884742736816,4.783105850219727,0.0022211074829101562
13,1,125,103.0,4.1708221435546875,4.167248725891113,-0.0035734176635742188
13,1,126,145.0,3.385586977005005,3.393721342086792,0.00813436508178711
13,1,127,102.0,3.511989116668701,3.5122082233428955,0.00021910667419433594
13,1,128,157.0,4.545989513397217,4.543887138366699,-0.002102375030517578
13,1,129,161.0,3.612820625305176,3.6065821647644043,-0.006238460540771484
13,1,130,248.0,3.595446825027466,3.592073678970337,-0.0033731460571289062
13,1,131,240.0,4.314742088317871,4.310051441192627,-0.004690647125244141
13,1,132,284.0,3.515221118927002,3.5129737854003906,-0.002247333526611328
13,1,133,105.0,5.547122001647949,5.542632579803467,-0.004489421844482422
13,1,134,72.0,3.6292827129364014,3.6257073879241943,-0.0035753250122070312
13,1,135,86.0,3.9638190269470215,3.9682092666625977,0.004390239715576172
13,1,136,120.0,3.225938320159912,3.2313318252563477,0.005393505096435547
13,1,137,64.0,3.684243679046631,3.6883883476257324,0.0041446685791015625
13,1,138,220.0,2.8231959342956543,2.8220913410186768,-0.001104593276977539
13,1,139,92.0,2.984248638153076,2.987065076828003,0.002816438674926758
13,1,140,180.0,3.4170660972595215,3.4089908599853516,-0.008075237274169922
13,1,141,95.0,3.5693070888519287,3.5521798133850098,-0.017127275466918945
13,1,142,72.0,5.436267852783203,5.426014423370361,-0.010253429412841797
13,1,143,152.0,4.664964199066162,4.662044525146484,-0.0029196739196777344
13,1,144,170.0,3.2575697898864746,3.2557549476623535,-0.0018148422241210938
13,1,145,56.0,4.233151912689209,4.2135820388793945,-0.019569873809814453
13,1,146,174.0,3.632305860519409,3.629962682723999,-0.0023431777954101562
13,1,147,191.0,3.26232647895813,3.2736458778381348,0.011319398880004883
13,1,148,279.0,3.7231252193450928,3.725613594055176,0.002488374710083008
13,1,149,98.0,3.6501717567443848,3.6578714847564697,0.007699728012084961
13,1,150,50.0,3.987290143966675,3.9740209579467773,-0.013269186019897461
13,1,151,61.0,3.207566976547241,3.2136878967285156,0.006120920181274414
13,1,152,208.0,2.833768367767334,2.8293955326080322,-0.004372835159301758
13,1,153,124.0,3.7818057537078857,3.7680726051330566,-0.013733148574829102
13,1,154,128.0,3.3032331466674805,3.297961711883545,-0.005271434783935547
13,1,155,250.0,4.603071212768555,4.6096320152282715,0.006560802459716797
13,1,156,239.0,2.621934175491333,2.616929054260254,-0.0050051212310791016
13,1,157,164.0,2.8648641109466553,2.861830472946167,-0.0030336380004882812
13,1,158,42.0,4.671477317810059,4.66629695892334,-0.00518035888671875
13,1,159,200.0,4.007006645202637,3.9971914291381836,-0.009815216064453125
13,1,160,209.0,3.638150215148926,3.638474941253662,0.0003247261047363281
13,1,161,206.0,3.6040756702423096,3.6082448959350586,0.0041692256927490234
13,1,162,139.0,4.383498191833496,4.386607646942139,0.003109455108642578
13,1,163,76.0,3.7987864017486572,3.8034064769744873,0.004620075225830078
13,1,164,232.0,3.892338275909424,3.887742042541504,-0.004596233367919922
13,1,165,235.0,3.9155564308166504,3.9125328063964844,-0.0030236244201660156
13,1,166,49.0,4.228317737579346,4.241089344024658,0.0127716064453125
13,1,167,138.0,3.473930835723877,3.479099750518799,0.005168914794921875
13,1,168,60.0,3.808337450027466,3.81852650642395,0.010189056396484375
13,1,169,146.0,4.041977882385254,4.04209566116333,0.00011777877807617188
13,1,170,57.0,4.420210838317871,4.417913913726807,-0.002296924591064453
13,1,171,135.0,3.909317970275879,3.9116337299346924,0.0023157596588134766
13,1,172,113.0,3.19097638130188,3.18434739112854,-0.006628990173339844
13,1,173,208.0,4.171577453613281,4.162032127380371,-0.009545326232910156
13,1,174,195.0,2.116305112838745,2.112480640411377,-0.003824472427368164
13,1,175,137.0,3.9520905017852783,3.9448206424713135,-0.007269859313964844
13,1,176,91.0,4.97736120223999,4.980531692504883,0.003170490264892578
13,1,177,66.0,3.994100332260132,3.9971442222595215,0.0030438899993896484
13,1,178,173.0,3.3507070541381836,3.351222515106201,0.0005154609680175781
13,1,179,89.0,5.353647708892822,5.352108955383301,-0.0015387535095214844
13,1,180,231.0,3.6613731384277344,3.6699554920196533,0.008582353591918945
13,1,181,71.0,5.397938251495361,5.383120059967041,-0.014818191528320312
13,1,182,98.0,3.963383674621582,3.9703025817871094,0.006918907165527344
13,1,183,215.0,1.998246431350708,2.002617597579956,0.004371166229248047
13,1,184,159.0,4.383580684661865,4.381887435913086,-0.0016932487487792969
13,1,185,86.0,3.697986602783203,3.6972765922546387,-0.0007100105285644531
13,1,186,92.0,3.4445607662200928,3.436784505844116,-0.0077762603759765625
13,1,187,51.0,5.179178714752197,5.176149845123291,-0.00302886962890625
13,1,188,86.0,4.734201908111572,4.73726224899292,0.0030603408813476562
13,1,189,132.0,3.6938047409057617,3.697962522506714,0.0041577816009521484
13,1,190,214.0,3.9561617374420166,3.952244758605957,-0.00391697883605957
13,1,191,139.0,4.121965408325195,4.128512382507324,0.006546974182128906
13,1,192,89.0,3.4952480792999268,3.4893314838409424,-0.005916595458984375
13,1,193,102.0,4.782958507537842,4.780605316162109,-0.002353191375732422
13,1,194,156.0,2.6015143394470215,2.603282928466797,0.0017685890197753906
13,1,195,87.0,3.839608669281006,3.8363916873931885,-0.003216981887817383
13,1,196,175.0,3.2536110877990723,3.2514820098876953,-0.002129077911376953
13,1,197,136.0,2.3385791778564453,2.3352670669555664,-0.0033121109008789062
13,1,198,54.0,3.781459093093872,3.7879490852355957,0.006489992141723633
13,1,199,71.0,4.556375980377197,4.557895660400391,0.0015196800231933594
13,1,200,43.0,4.562034606933594,4.552400588989258,-0.009634017944335938
13,1,201,200.0,3.3231818675994873,3.31790828704834,-0.005273580551147461
13,1,202,60.0,3.5167155265808105,3.51305890083313,-0.003656625747680664
13,1,203,220.0,3.437206983566284,3.43998646736145,0.0027794837951660156
13,1,204,160.0,4.1729278564453125,4.1743268966674805,0.0013990402221679688
13,1,205,46.0,3.025144100189209,3.020188808441162,-0.004955291748046875
13,1,206,189.0,3.507356882095337,3.502105474472046,-0.005251407623291016
13,1,207,69.0,4.68245792388916,4.686751842498779,0.004293918609619141
13,1,208,164.0,2.968637228012085,2.9673261642456055,-0.0013110637664794922
13,1,209,121.0,3.6657907962799072,3.6571691036224365,-0.008621692657470703
13,1,210,453.0,5.465768337249756,5.475020408630371,0.009252071380615234
13,1,211,167.0,3.817554473876953,3.824359893798828,0.006805419921875
13,1,212,79.0,3.6519949436187744,3.647925615310669,-0.004069328308105469
13,1,213,64.0,4.473271369934082,4.476350784301758,0.0030794143676757812
13,1,214,214.0,3.5177533626556396,3.519477128982544,0.0017237663269042969
13,1,215,42.0,4.581282615661621,4.583575248718262,0.002292633056640625
13,1,216,85.0,4.406545639038086,4.403419494628906,-0.0031261444091796875
13,1,217,45.0,4.909335136413574,4.921718597412109,0.012383460998535156
13,1,218,96.0,4.346060276031494,4.348237991333008,0.002177715301513672
13,1,219,40.0,3.466945171356201,3.4748191833496094,0.007874011993408203
13,1,220,66.0,4.6993865966796875,4.695914268493652,-0.0034723281860351562
13,1,221,262.0,3.4376049041748047,3.432802677154541,-0.004802227020263672
13,1,222,32.0,4.6173553466796875,4.622166633605957,0.004811286926269531
13,1,223,33.0,4.931256294250488,4.932804584503174,0.0015482902526855469
13,1,224,139.0,2.1582767963409424,2.154775857925415,-0.0035009384155273438
13,1,225,84.0,4.020323753356934,4.025961875915527,0.00563812255859375
13,1,226,46.0,3.709413528442383,3.7094032764434814,-1.0251998901367188e-05
13,1,227,121.0,4.181075572967529,4.175821304321289,-0.005254268646240234
13,1,228,67.0,3.140568971633911,3.146332025527954,0.005763053894042969
13,1,229,187.0,3.8881711959838867,3.884868860244751,-0.003302335739135742
13,1,230,40.0,4.873936176300049,4.87196159362793,-0.0019745826721191406
13,1,231,91.0,3.998016119003296,4.016152858734131,0.01813673973083496
13,1,232,52.0,4.4449782371521,4.447422981262207,0.002444744110107422
13,1,233,49.0,4.133476257324219,4.13857364654541,0.005097389221191406
13,1,234,261.0,3.079342842102051,3.083677053451538,0.004334211349487305
13,1,235,59.0,4.072587490081787,4.077370643615723,0.004783153533935547
13,1,236,132.0,4.054989814758301,4.061237812042236,0.006247997283935547
13,1,237,136.0,3.4520623683929443,3.4518022537231445,-0.0002601146697998047
13,1,238,210.0,3.7005720138549805,3.7005014419555664,-7.05718994140625e-05
13,1,239,258.0,3.6856272220611572,3.6857566833496094,0.00012946128845214844
13,1,240,203.0,3.5238258838653564,3.52030873298645,-0.00351715087890625
13,1,241,198.0,3.3618428707122803,3.3592283725738525,-0.0026144981384277344
13,1,242,85.0,3.468600034713745,3.456761598587036,-0.011838436126708984
13,1,243,85.0,2.1469109058380127,2.1267783641815186,-0.02013254165649414
13,1,244,93.0,4.847414970397949,4.846817970275879,-0.0005970001220703125
13,1,245,68.0,4.8312296867370605,4.830367565155029,-0.00086212158203125
13,1,246,58.0,4.302565574645996,4.307194232940674,0.004628658294677734
13,1,247,187.0,3.1594748497009277,3.15474271774292,-0.0047321319580078125
13,1,248,64.0,2.745805263519287,2.745861053466797,5.5789947509765625e-05
13,1,249,100.0,3.3120670318603516,3.314985752105713,0.002918720245361328
13,1,250,151.0,3.886031150817871,3.882572889328003,-0.003458261489868164
13,1,251,174.0,3.292135715484619,3.2920525074005127,-8.320808410644531e-05
13,1,252,126.0,4.651801109313965,4.64999532699585,-0.0018057823181152344
13,1,253,99.0,3.699761390686035,3.696636438369751,-0.0031249523162841797
13,1,254,107.0,4.576633453369141,4.5835652351379395,0.006931781768798828
13,1,255,116.0,3.825943946838379,3.8198835849761963,-0.006060361862182617
13,2,0,196.0,3.98167085647583,3.972221851348877,-0.009449005126953125
13,2,1,127.0,3.705084800720215,3.698195457458496,-0.00688934326171875
13,2,2,162.0,2.4317469596862793,2.4368515014648438,0.005104541778564453
13,2,3,92.0,5.154407501220703,5.156639099121094,0.002231597900390625
13,2,4,194.0,3.7261335849761963,3.7286524772644043,0.002518892288208008
13,2,5,115.0,3.4317781925201416,3.4289822578430176,-0.0027959346771240234
13,2,6,109.0,4.611254692077637,4.616678714752197,0.005424022674560547
13,2,7,48.0,3.824559450149536,3.8343467712402344,0.009787321090698242
13,2,8,69.0,4.333216190338135,4.343614101409912,0.010397911071777344
13,2,9,85.0,3.4889185428619385,3.50002121925354,0.011102676391601562
13,2,10,238.0,3.337062358856201,3.343658208847046,0.0065958499908447266
13,2,11,233.0,3.013906478881836,3.011547327041626,-0.002359151840209961
13,2,12,208.0,3.644038200378418,3.633836507797241,-0.010201692581176758
13,2,13,196.0,3.302739381790161,3.3002912998199463,-0.0024480819702148438
13,2,14,131.0,3.989900827407837,3.9989781379699707,0.009077310562133789
13,2,15,125.0,3.2012383937835693,3.194032669067383,-0.0072057247161865234
13,2,16,61.0,4.757500171661377,4.752943992614746,-0.004556179046630859
13,2,17,164.0,2.6241273880004883,2.6186375617980957,-0.005489826202392578
13,2,18,107.0,3.8216171264648438,3.84012770652771,0.01851058006286621
13,2,19,48.0,4.036356449127197,4.018398761749268,-0.017957687377929688
13,2,20,74.0,2.6907341480255127,2.6942191123962402,0.003484964370727539
13,2,21,103.0,2.9307749271392822,2.938110589981079,0.007335662841796875
13,2,22,114.0,3.8854269981384277,3.8920021057128906,0.006575107574462891
13,2,23,50.0,6.480540752410889,6.497343063354492,0.016802310943603516
13,2,24,281.0,3.1489627361297607,3.1508588790893555,0.0018961429595947266
13,2,25,247.0,2.5188822746276855,2.51658296585083,-0.0022993087768554688
13,2,26,173.0,4.413876056671143,4.4227190017700195,0.008842945098876953
13,2,27,166.0,3.707796812057495,3.6972105503082275,-0.010586261749267578
13,2,28,98.0,3.151510238647461,3.150407075881958,-0.0011031627655029297
13,2,29,174.0,3.586359739303589,3.5814030170440674,-0.004956722259521484
13,2,30,173.0,3.190525531768799,3.205066442489624,0.014540910720825195
13,2,31,215.0,4.340093612670898,4.3369269371032715,-0.003166675567626953
13,2,32,186.0,3.4789488315582275,3.4752395153045654,-0.0037093162536621094
13,2,33,153.0,2.9326295852661133,2.936107873916626,0.0034782886505126953
13,2,34,147.0,4.1311798095703125,4.1260986328125,-0.0050811767578125
13,2,35,50.0,4.620577812194824,4.6527018547058105,0.03212404251098633
13,2,36,86.0,3.942690134048462,3.939483642578125,-0.003206491470336914
13,2,37,154.0,4.250033378601074,4.237747669219971,-0.012285709381103516
13,2,38,265.0,2.933018684387207,2.92704439163208,-0.005974292755126953
13,2,39,199.0,3.941709518432617,3.9324398040771484,-0.00926971435546875
13,2,40,138.0,4.430899620056152,4.420804023742676,-0.010095596313476562
13,2,41,98.0,4.048152923583984,4.053248882293701,0.005095958709716797
13,2,42,167.0,2.98820424079895,2.983570098876953,-0.00463414192199707
13,2,43,288.0,4.51556396484375,4.521188259124756,0.005624294281005859
13,2,44,225.0,3.134540557861328,3.1408252716064453,0.0062847137451171875
13,2,45,191.0,3.475728988647461,3.4792938232421875,0.0035648345947265625
13,2,46,92.0,5.071820259094238,5.071296215057373,-0.0005240440368652344
13,2,47,41.0,5.766663551330566,5.7640767097473145,-0.002586841583251953
13,2,48,231.0,3.4077651500701904,3.404330253601074,-0.003434896469116211
13,2,49,101.0,2.9521121978759766,2.953810214996338,0.0016980171203613281
13,2,50,177.0,3.6662821769714355,3.664522886276245,-0.0017592906951904297
13,2,51,252.0,4.05861759185791,4.059068202972412,0.0004506111145019531
13,2,52,259.0,3.3747026920318604,3.375112533569336,0.00040984153747558594
13,2,53,47.0,4.065746307373047,4.0956220626831055,0.029875755310058594
13,2,54,164.0,2.495858669281006,2.493621349334717,-0.0022373199462890625
13,2,55,94.0,4.066493034362793,4.075177192687988,0.008684158325195312
13,2,56,103.0,4.11627721786499,4.111607074737549,-0.004670143127441406
13,2,57,78.0,3.913255453109741,3.9002363681793213,-0.013019084930419922
13,2,58,239.0,3.692802906036377,3.696981430053711,0.004178524017333984
13,2,59,271.0,4.881155014038086,4.885474681854248,0.004319667816162109
13,2,60,162.0,3.3450679779052734,3.3517990112304688,0.0067310333251953125
13,2,61,179.0,3.870093584060669,3.8757412433624268,0.0056476593017578125
13,2,62,218.0,3.1762454509735107,3.173579216003418,-0.0026662349700927734
13,2,63,81.0,3.809858798980713,3.8144071102142334,0.004548311233520508
13,2,64,93.0,4.687077522277832,4.697895526885986,0.010818004608154297
13,2,65,72.0,4.558295249938965,4.5678887367248535,0.009593486785888672
13,2,66,230.0,3.737887382507324,3.729764938354492,-0.008122444152832031
13,2,67,99.0,3.1625142097473145,3.1675758361816406,0.005061626434326172
13,2,68,213.0,3.218388557434082,3.2188262939453125,0.00043773651123046875
13,2,69,119.0,3.072978973388672,3.0759921073913574,0.003013134002685547
13,2,70,161.0,3.529710531234741,3.534701347351074,0.004990816116333008
13,2,71,90.0,4.394758224487305,4.402001857757568,0.007243633270263672
13,2,72,181.0,3.6989989280700684,3.7017195224761963,0.0027205944061279297
13,2,73,95.0,4.745315074920654,4.753177165985107,0.007862091064453125
13,2,74,245.0,2.801177740097046,2.7960212230682373,-0.005156517028808594
13,2,75,93.0,2.319314956665039,2.3199031352996826,0.0005881786346435547
13,2,76,225.0,3.1077821254730225,3.1146490573883057,0.006866931915283203
13,2,77,61.0,4.027099132537842,4.040351867675781,0.013252735137939453
13,2,78,257.0,4.246406078338623,4.250985145568848,0.004579067230224609
13,2,79,165.0,3.7203760147094727,3.727757215499878,0.0073812007904052734
13,2,80,117.0,4.752804279327393,4.751176834106445,-0.0016274452209472656
13,2,81,89.0,4.279232025146484,4.282928943634033,0.003696918487548828
13,2,82,291.0,4.08609676361084,4.09266996383667,0.006573200225830078
13,2,83,93.0,4.042176723480225,4.04328727722168,0.0011105537414550781
13,2,84,228.0,2.8949825763702393,2.896167516708374,0.0011849403381347656
13,2,85,131.0,3.406266927719116,3.3878471851348877,-0.018419742584228516
13,2,86,191.0,4.77057409286499,4.773792266845703,0.0032181739807128906
13,2,87,238.0,5.341985702514648,5.343745708465576,0.0017600059509277344
13,2,88,210.0,3.7304000854492188,3.7333860397338867,0.0029859542846679688
13,2,89,107.0,4.658895492553711,4.671159267425537,0.012263774871826172
13,2,90,217.0,3.256716728210449,3.2641427516937256,0.007426023483276367
13,2,91,199.0,3.479922294616699,3.4674646854400635,-0.012457609176635742
13,2,92,84.0,2.9870519638061523,2.9859352111816406,-0.0011167526245117188
13,2,93,271.0,4.167789459228516,4.170749664306641,0.002960205078125
13,2,94,226.0,3.797963857650757,3.7994351387023926,0.0014712810516357422
13,2,95,258.0,4.302313327789307,4.306013107299805,0.003699779510498047
13,2,96,86.0,4.009377479553223,3.9916818141937256,-0.01769566535949707
13,2,97,142.0,4.886353492736816,4.884280681610107,-0.0020728111267089844
13,2,98,42.0,4.73474645614624,4.727149486541748,-0.0075969696044921875
13,2,99,224.0,3.053419828414917,3.05881929397583,0.005399465560913086
13,2,100,197.0,2.6848225593566895,2.6893301010131836,0.004507541656494141
13,2,101,85.0,3.080362558364868,3.082676410675049,0.002313852310180664
13,2,102,195.0,3.4633231163024902,3.463165521621704,-0.0001575946807861328
13,2,103,102.0,4.20768404006958,4.202892303466797,-0.004791736602783203
13,2,104,181.0,3.711848735809326,3.7230894565582275,0.011240720748901367
13,2,105,72.0,2.723045587539673,2.735128879547119,0.012083292007446289
13,2,106,130.0,4.976626396179199,4.967277526855469,-0.009348869323730469
13,2,107,62.0,3.1819393634796143,3.188973903656006,0.0070345401763916016
13,2,108,263.0,4.0605854988098145,4.05230712890625,-0.008278369903564453
13,2,109,194.0,3.1560444831848145,3.1629350185394287,0.006890535354614258
13,2,110,174.0,3.211611032485962,3.2285282611846924,0.01691722869873047
13,2,111,235.0,4.168798446655273,4.167023658752441,-0.0017747879028320312
13,2,112,143.0,4.279087066650391,4.288806438446045,0.009719371795654297
13,2,113,117.0,4.890145778656006,4.892955780029297,0.0028100013732910156
13,2,114,160.0,4.253233909606934,4.24289608001709,-0.01033782958984375
13,2,115,115.0,3.9266409873962402,3.9290809631347656,0.0024399757385253906
13,2,116,120.0,3.8633739948272705,3.873932361602783,0.010558366775512695
13,2,117,186.0,4.1213459968566895,4.110187530517578,-0.011158466339111328
13,2,118,138.0,3.296036958694458,3.3061912059783936,0.010154247283935547
13,2,119,80.0,3.554978847503662,3.5580508708953857,0.003072023391723633
13,2,120,164.0,3.3612916469573975,3.366518020629883,0.0052263736724853516
13,2,121,215.0,3.762061357498169,3.7608492374420166,-0.0012121200561523438
13,2,122,81.0,3.60632061958313,3.6062769889831543,-4.363059997558594e-05
13,2,123,171.0,3.4178876876831055,3.4194366931915283,0.0015490055084228516
13,2,124,41.0,4.780884742736816,4.7827019691467285,0.0018172264099121094
13,2,125,103.0,4.1708221435546875,4.172731399536133,0.0019092559814453125
13,2,126,145.0,3.385586977005005,3.4061439037323,0.020556926727294922
13,2,127,102.0,3.511989116668701,3.503066062927246,-0.008923053741455078
13,2,128,157.0,4.545989513397217,4.549700736999512,0.003711223602294922
13,2,129,161.0,3.612820625305176,3.611520767211914,-0.0012998580932617188
13,2,130,248.0,3.595446825027466,3.601083517074585,0.005636692047119141
13,2,131,240.0,4.314742088317871,4.321991443634033,0.007249355316162109
13,2,132,284.0,3.515221118927002,3.5164003372192383,0.0011792182922363281
13,2,133,105.0,5.547122001647949,5.547060966491699,-6.103515625e-05
13,2,134,72.0,3.6292827129364014,3.6250321865081787,-0.004250526428222656
13,2,135,86.0,3.9638190269470215,3.971263885498047,0.007444858551025391
13,2,136,120.0,3.225938320159912,3.224860191345215,-0.0010781288146972656
13,2,137,64.0,3.684243679046631,3.7135746479034424,0.029330968856811523
13,2,138,220.0,2.8231959342956543,2.8183255195617676,-0.004870414733886719
13,2,139,92.0,2.984248638153076,2.9783217906951904,-0.005926847457885742
13,2,140,180.0,3.4170660972595215,3.410191059112549,-0.006875038146972656
13,2,141,95.0,3.5693070888519287,3.564491033554077,-0.0048160552978515625
13,2,142,72.0,5.436267852783203,5.431764125823975,-0.004503726959228516
13,2,143,152.0,4.664964199066162,4.681760787963867,0.016796588897705078
13,2,144,170.0,3.2575697898864746,3.264291524887085,0.0067217350006103516
13,2,145,56.0,4.233151912689209,4.2514801025390625,0.018328189849853516
13,2,146,174.0,3.632305860519409,3.635582685470581,0.003276824951171875
13,2,147,191.0,3.26232647895813,3.2616190910339355,-0.0007073879241943359
13,2,148,279.0,3.7231252193450928,3.7180070877075195,-0.005118131637573242
13,2,149,98.0,3.6501717567443848,3.6608314514160156,0.01065969467163086
13,2,150,50.0,3.987290143966675,3.977433443069458,-0.009856700897216797
13,2,151,61.0,3.207566976547241,3.207726240158081,0.00015926361083984375
13,2,152,208.0,2.833768367767334,2.8331708908081055,-0.0005974769592285156
13,2,153,124.0,3.7818057537078857,3.780738353729248,-0.0010673999786376953
13,2,154,128.0,3.3032331466674805,3.301039695739746,-0.002193450927734375
13,2,155,250.0,4.603071212768555,4.606581687927246,0.0035104751586914062
13,2,156,239.0,2.621934175491333,2.6243460178375244,0.0024118423461914062
13,2,157,164.0,2.8648641109466553,2.8606648445129395,-0.00419926643371582
13,2,158,42.0,4.671477317810059,4.68614387512207,0.014666557312011719
13,2,159,200.0,4.007006645202637,3.9982681274414062,-0.008738517761230469
13,2,160,209.0,3.638150215148926,3.6411688327789307,0.003018617630004883
13,2,161,206.0,3.6040756702423096,3.608544111251831,0.004468441009521484
13,2,162,139.0,4.383498191833496,4.394493579864502,0.01099538803100586
13,2,163,76.0,3.7987864017486572,3.80959153175354,0.010805130004882812
13,2,164,232.0,3.892338275909424,3.8952412605285645,0.002902984619140625
13,2,165,235.0,3.9155564308166504,3.916513442993164,0.0009570121765136719
13,2,166,49.0,4.228317737579346,4.257838249206543,0.029520511627197266
13,2,167,138.0,3.473930835723877,3.482313871383667,0.008383035659790039
13,2,168,60.0,3.808337450027466,3.822793483734131,0.014456033706665039
13,2,169,146.0,4.041977882385254,4.033852577209473,-0.00812530517578125
13,2,170,57.0,4.420210838317871,4.44317626953125,0.022965431213378906
13,2,171,135.0,3.909317970275879,3.902372121810913,-0.00694584846496582
13,2,172,113.0,3.19097638130188,3.1875901222229004,-0.003386259078979492
13,2,173,208.0,4.171577453613281,4.171360492706299,-0.00021696090698242188
13,2,174,195.0,2.116305112838745,2.118182897567749,0.0018777847290039062
13,2,175,137.0,3.9520905017852783,3.952176094055176,8.559226989746094e-05
13,2,176,91.0,4.97736120223999,4.979104042053223,0.0017428398132324219
13,2,177,66.0,3.994100332260132,3.99043869972229,-0.003661632537841797
13,2,178,173.0,3.3507070541381836,3.363314390182495,0.012607336044311523
13,2,179,89.0,5.353647708892822,5.356962203979492,0.003314495086669922
13,2,180,231.0,3.6613731384277344,3.659227132797241,-0.002146005630493164
13,2,181,71.0,5.397938251495361,5.391164779663086,-0.006773471832275391
13,2,182,98.0,3.963383674621582,3.9695894718170166,0.00620579719543457
13,2,183,215.0,1.998246431350708,2.0019819736480713,0.0037355422973632812
13,2,184,159.0,4.383580684661865,4.395749568939209,0.01216888427734375
13,2,185,86.0,3.697986602783203,3.6676862239837646,-0.030300378799438477
13,2,186,92.0,3.4445607662200928,3.444992780685425,0.00043201446533203125
13,2,187,51.0,5.179178714752197,5.181952953338623,0.0027742385864257812
13,2,188,86.0,4.734201908111572,4.739621162414551,0.005419254302978516
13,2,189,132.0,3.6938047409057617,3.7002596855163574,0.006454944610595703
13,2,190,214.0,3.9561617374420166,3.957695722579956,0.0015339851379394531
13,2,191,139.0,4.121965408325195,4.127481937408447,0.005516529083251953
13,2,192,89.0,3.4952480792999268,3.4889848232269287,-0.006263256072998047
13,2,193,102.0,4.782958507537842,4.797391891479492,0.01443338394165039
13,2,194,156.0,2.6015143394470215,2.6159679889678955,0.014453649520874023
13,2,195,87.0,3.839608669281006,3.824355125427246,-0.015253543853759766
13,2,196,175.0,3.2536110877990723,3.2537577152252197,0.00014662742614746094
13,2,197,136.0,2.3385791778564453,2.3217132091522217,-0.016865968704223633
13,2,198,54.0,3.781459093093872,3.7997350692749023,0.018275976181030273
13,2,199,71.0,4.556375980377197,4.556936740875244,0.000560760498046875
13,2,200,43.0,4.562034606933594,4.561352252960205,-0.0006823539733886719
13,2,201,200.0,3.3231818675994873,3.321471929550171,-0.0017099380493164062
13,2,202,60.0,3.5167155265808105,3.5110397338867188,-0.005675792694091797
13,2,203,220.0,3.437206983566284,3.451916456222534,0.01470947265625
13,2,204,160.0,4.1729278564453125,4.173975944519043,0.0010480880737304688
13,2,205,46.0,3.025144100189209,3.037254571914673,0.012110471725463867
13,2,206,189.0,3.507356882095337,3.486459493637085,-0.020897388458251953
13,2,207,69.0,4.68245792388916,4.685648441314697,0.0031905174255371094
13,2,208,164.0,2.968637228012085,2.96616268157959,-0.002474546432495117
13,2,209,121.0,3.6657907962799072,3.6682941913604736,0.0025033950805664062
13,2,210,453.0,5.465768337249756,5.466365814208984,0.0005974769592285156
13,2,211,167.0,3.817554473876953,3.8181145191192627,0.0005600452423095703
13,2,212,79.0,3.6519949436187744,3.640883445739746,-0.01111149787902832
13,2,213,64.0,4.473271369934082,4.486450672149658,0.013179302215576172
13,2,214,214.0,3.5177533626556396,3.509392023086548,-0.008361339569091797
13,2,215,42.0,4.581282615661621,4.596468925476074,0.015186309814453125
13,2,216,85.0,4.406545639038086,4.422528266906738,0.015982627868652344
13,2,217,45.0,4.909335136413574,4.931549549102783,0.022214412689208984
13,2,218,96.0,4.346060276031494,4.343016624450684,-0.003043651580810547
13,2,219,40.0,3.466945171356201,3.4712162017822266,0.004271030426025391
13,2,220,66.0,4.6993865966796875,4.694643974304199,-0.004742622375488281
13,2,221,262.0,3.4376049041748047,3.448796272277832,0.011191368103027344
13,2,222,32.0,4.6173553466796875,4.657027244567871,0.039671897888183594
13,2,223,33.0,4.931256294250488,4.956299781799316,0.025043487548828125
13,2,224,139.0,2.1582767963409424,2.161058187484741,0.002781391143798828
13,2,225,84.0,4.020323753356934,4.020076751708984,-0.00024700164794921875
13,2,226,46.0,3.709413528442383,3.726114273071289,0.01670074462890625
13,2,227,121.0,4.181075572967529,4.188741683959961,0.007666110992431641
13,2,228,67.0,3.140568971633911,3.1339271068573,-0.006641864776611328
13,2,229,187.0,3.8881711959838867,3.8926641941070557,0.004492998123168945
13,2,230,40.0,4.873936176300049,4.8622727394104,-0.011663436889648438
13,2,231,91.0,3.998016119003296,4.006558895111084,0.008542776107788086
13,2,232,52.0,4.4449782371521,4.457426071166992,0.012447834014892578
13,2,233,49.0,4.133476257324219,4.134902477264404,0.0014262199401855469
13,2,234,261.0,3.079342842102051,3.076606273651123,-0.0027365684509277344
13,2,235,59.0,4.072587490081787,4.071061134338379,-0.0015263557434082031
13,2,236,132.0,4.054989814758301,4.058115482330322,0.0031256675720214844
13,2,237,136.0,3.4520623683929443,3.455143928527832,0.0030815601348876953
13,2,238,210.0,3.7005720138549805,3.6949009895324707,-0.005671024322509766
13,2,239,258.0,3.6856272220611572,3.6802806854248047,-0.005346536636352539
13,2,240,203.0,3.5238258838653564,3.520988941192627,-0.002836942672729492
13,2,241,198.0,3.3618428707122803,3.3659636974334717,0.004120826721191406
13,2,242,85.0,3.468600034713745,3.4712750911712646,0.0026750564575195312
13,2,243,85.0,2.1469109058380127,2.166226625442505,0.019315719604492188
13,2,244,93.0,4.847414970397949,4.855276584625244,0.007861614227294922
13,2,245,68.0,4.8312296867370605,4.836177349090576,0.004947662353515625
13,2,246,58.0,4.302565574645996,4.305168628692627,0.0026030540466308594
13,2,247,187.0,3.1594748497009277,3.1549534797668457,-0.004521369934082031
13,2,248,64.0,2.745805263519287,2.753415822982788,0.0076105594635009766
13,2,249,100.0,3.3120670318603516,3.3201565742492676,0.008089542388916016
13,2,250,151.0,3.886031150817871,3.899268627166748,0.013237476348876953
13,2,251,174.0,3.292135715484619,3.2991442680358887,0.007008552551269531
13,2,252,126.0,4.651801109313965,4.656533241271973,0.0047321319580078125
13,2,253,99.0,3.699761390686035,3.70512318611145,0.005361795425415039
13,2,254,107.0,4.576633453369141,4.576592445373535,-4.100799560546875e-05
13,2,255,116.0,3.825943946838379,3.8118748664855957,-0.014069080352783203
13,3,0,196.0,3.98167085647583,3.976844549179077,-0.00482630729675293
13,3,1,127.0,3.705084800720215,3.697068452835083,-0.008016347885131836
13,3,2,162.0,2.4317469596862793,2.4289331436157227,-0.0028138160705566406
13,3,3,92.0,5.154407501220703,5.155167102813721,0.0007596015930175781
13,3,4,194.0,3.7261335849761963,3.7277302742004395,0.001596689224243164
13,3,5,115.0,3.4317781925201416,3.4297289848327637,-0.0020492076873779297
13,3,6,109.0,4.611254692077637,4.607621192932129,-0.0036334991455078125
13,3,7,48.0,3.824559450149536,3.8304293155670166,0.005869865417480469
13,3,8,69.0,4.333216190338135,4.325275421142578,-0.00794076919555664
13,3,9,85.0,3.4889185428619385,3.4818575382232666,-0.007061004638671875
13,3,10,238.0,3.337062358856201,3.3405213356018066,0.0034589767456054688
13,3,11,233.0,3.013906478881836,3.0114169120788574,-0.0024895668029785156
13,3,12,208.0,3.644038200378418,3.641218900680542,-0.0028192996978759766
13,3,13,196.0,3.302739381790161,3.3172008991241455,0.014461517333984375
13,3,14,131.0,3.989900827407837,3.986945867538452,-0.0029549598693847656
13,3,15,125.0,3.2012383937835693,3.2147650718688965,0.013526678085327148
13,3,16,61.0,4.757500171661377,4.756808757781982,-0.0006914138793945312
13,3,17,164.0,2.6241273880004883,2.6318840980529785,0.007756710052490234
13,3,18,107.0,3.8216171264648438,3.807222366333008,-0.014394760131835938
13,3,19,48.0,4.036356449127197,4.031432628631592,-0.004923820495605469
13,3,20,74.0,2.6907341480255127,2.6811792850494385,-0.009554862976074219
13,3,21,103.0,2.9307749271392822,2.9375522136688232,0.006777286529541016
13,3,22,114.0,3.8854269981384277,3.8758208751678467,-0.009606122970581055
13,3,23,50.0,6.480540752410889,6.47296142578125,-0.007579326629638672
13,3,24,281.0,3.1489627361297607,3.151416301727295,0.0024535655975341797
13,3,25,247.0,2.5188822746276855,2.518049716949463,-0.0008325576782226562
13,3,26,173.0,4.413876056671143,4.411159992218018,-0.002716064453125
13,3,27,166.0,3.707796812057495,3.697709798812866,-0.010087013244628906
13,3,28,98.0,3.151510238647461,3.156032085418701,0.004521846771240234
13,3,29,174.0,3.586359739303589,3.584470510482788,-0.0018892288208007812
13,3,30,173.0,3.190525531768799,3.176305055618286,-0.014220476150512695
13,3,31,215.0,4.340093612670898,4.338104248046875,-0.0019893646240234375
13,3,32,186.0,3.4789488315582275,3.4617538452148438,-0.01719498634338379
13,3,33,153.0,2.9326295852661133,2.917807102203369,-0.01482248306274414
13,3,34,147.0,4.1311798095703125,4.1262664794921875,-0.004913330078125
13,3,35,50.0,4.620577812194824,4.629982948303223,0.009405136108398438
13,3,36,86.0,3.942690134048462,3.9336538314819336,-0.00903630256652832
13,3,37,154.0,4.250033378601074,4.247351169586182,-0.002682209014892578
13,3,38,265.0,2.933018684387207,2.9388670921325684,0.005848407745361328
13,3,39,199.0,3.941709518432617,3.945554256439209,0.003844738006591797
13,3,40,138.0,4.430899620056152,4.428018093109131,-0.0028815269470214844
13,3,41,98.0,4.048152923583984,4.0533270835876465,0.005174160003662109
13,3,42,167.0,2.98820424079895,2.98842716217041,0.00022292137145996094
13,3,43,288.0,4.51556396484375,4.514376640319824,-0.0011873245239257812
13,3,44,225.0,3.134540557861328,3.132981538772583,-0.0015590190887451172
13,3,45,191.0,3.475728988647461,3.473341464996338,-0.002387523651123047
13,3,46,92.0,5.071820259094238,5.074359893798828,0.0025396347045898438
13,3,47,41.0,5.766663551330566,5.753568172454834,-0.013095378875732422
13,3,48,231.0,3.4077651500701904,3.413874864578247,0.006109714508056641
13,3,49,101.0,2.9521121978759766,2.958421468734741,0.0063092708587646484
13,3,50,177.0,3.6662821769714355,3.661295175552368,-0.004987001419067383
13,3,51,252.0,4.05861759185791,4.056987285614014,-0.0016303062438964844
13,3,52,259.0,3.3747026920318604,3.37314510345459,-0.0015575885772705078
13,3,53,47.0,4.065746307373047,4.059342861175537,-0.006403446197509766
13,3,54,164.0,2.495858669281006,2.4957847595214844,-7.390975952148438e-05
13,3,55,94.0,4.066493034362793,4.061700820922852,-0.004792213439941406
13,3,56,103.0,4.11627721786499,4.126292705535889,0.010015487670898438
13,3,57,78.0,3.913255453109741,3.9113099575042725,-0.00194549560546875
13,3,58,239.0,3.692802906036377,3.68977689743042,-0.0030260086059570312
13,3,59,271.0,4.881155014038086,4.875113487243652,-0.006041526794433594
13,3,60,162.0,3.3450679779052734,3.3340816497802734,-0.010986328125
13,3,61,179.0,3.870093584060669,3.868626356124878,-0.0014672279357910156
13,3,62,218.0,3.1762454509735107,3.174095869064331,-0.0021495819091796875
13,3,63,81.0,3.809858798980713,3.80322265625,-0.006636142730712891
13,3,64,93.0,4.687077522277832,4.686143398284912,-0.0009341239929199219
13,3,65,72.0,4.558295249938965,4.547024250030518,-0.011270999908447266
13,3,66,230.0,3.737887382507324,3.733111619949341,-0.0047757625579833984
13,3,67,99.0,3.1625142097473145,3.1599183082580566,-0.0025959014892578125
13,3,68,213.0,3.218388557434082,3.2279067039489746,0.009518146514892578
13,3,69,119.0,3.072978973388672,3.0737223625183105,0.0007433891296386719
13,3,70,161.0,3.529710531234741,3.531607151031494,0.0018966197967529297
13,3,71,90.0,4.394758224487305,4.3960137367248535,0.0012555122375488281
13,3,72,181.0,3.6989989280700684,3.691678047180176,-0.007320880889892578
13,3,73,95.0,4.745315074920654,4.728912830352783,-0.016402244567871094
13,3,74,245.0,2.801177740097046,2.803081750869751,0.0019040107727050781
13,3,75,93.0,2.319314956665039,2.316775321960449,-0.0025396347045898438
13,3,76,225.0,3.1077821254730225,3.1118316650390625,0.004049539566040039
13,3,77,61.0,4.027099132537842,4.020877838134766,-0.006221294403076172
13,3,78,257.0,4.246406078338623,4.235328674316406,-0.011077404022216797
13,3,79,165.0,3.7203760147094727,3.714466094970703,-0.005909919738769531
13,3,80,117.0,4.752804279327393,4.749143600463867,-0.0036606788635253906
13,3,81,89.0,4.279232025146484,4.287671089172363,0.008439064025878906
13,3,82,291.0,4.08609676361084,4.085176944732666,-0.0009198188781738281
13,3,83,93.0,4.042176723480225,4.051069259643555,0.008892536163330078
13,3,84,228.0,2.8949825763702393,2.896110773086548,0.0011281967163085938
13,3,85,131.0,3.406266927719116,3.4072539806365967,0.0009870529174804688
13,3,86,191.0,4.77057409286499,4.765322685241699,-0.005251407623291016
13,3,87,238.0,5.341985702514648,5.331650733947754,-0.010334968566894531
13,3,88,210.0,3.7304000854492188,3.7312545776367188,0.0008544921875
13,3,89,107.0,4.658895492553711,4.661016464233398,0.0021209716796875
13,3,90,217.0,3.256716728210449,3.25451922416687,-0.0021975040435791016
13,3,91,199.0,3.479922294616699,3.4806690216064453,0.0007467269897460938
13,3,92,84.0,2.9870519638061523,2.9810633659362793,-0.005988597869873047
13,3,93,271.0,4.167789459228516,4.15941047668457,-0.008378982543945312
13,3,94,226.0,3.797963857650757,3.7818257808685303,-0.016138076782226562
13,3,95,258.0,4.302313327789307,4.301143169403076,-0.0011701583862304688
13,3,96,86.0,4.009377479553223,4.003491401672363,-0.005886077880859375
13,3,97,142.0,4.886353492736816,4.883524417877197,-0.0028290748596191406
13,3,98,42.0,4.73474645614624,4.734574317932129,-0.00017213821411132812
13,3,99,224.0,3.053419828414917,3.0528509616851807,-0.0005688667297363281
13,3,100,197.0,2.6848225593566895,2.6820790767669678,-0.0027434825897216797
13,3,101,85.0,3.080362558364868,3.0784358978271484,-0.0019266605377197266
13,3,102,195.0,3.4633231163024902,3.457913637161255,-0.0054094791412353516
13,3,103,102.0,4.20768404006958,4.207092761993408,-0.000591278076171875
13,3,104,181.0,3.711848735809326,3.7134032249450684,0.0015544891357421875
13,3,105,72.0,2.723045587539673,2.7308120727539062,0.0077664852142333984
13,3,106,130.0,4.976626396179199,4.971630573272705,-0.004995822906494141
13,3,107,62.0,3.1819393634796143,3.173668146133423,-0.008271217346191406
13,3,108,263.0,4.0605854988098145,4.055326461791992,-0.005259037017822266
13,3,109,194.0,3.1560444831848145,3.153675079345703,-0.002369403839111328
13,3,110,174.0,3.211611032485962,3.2211310863494873,0.00952005386352539
13,3,111,235.0,4.168798446655273,4.161167144775391,-0.0076313018798828125
13,3,112,143.0,4.279087066650391,4.264286994934082,-0.014800071716308594
13,3,113,117.0,4.890145778656006,4.888083457946777,-0.0020623207092285156
13,3,114,160.0,4.253233909606934,4.246884822845459,-0.006349086761474609
13,3,115,115.0,3.9266409873962402,3.9164719581604004,-0.010169029235839844
13,3,116,120.0,3.8633739948272705,3.85662579536438,-0.006748199462890625
13,3,117,186.0,4.1213459968566895,4.127575397491455,0.006229400634765625
13,3,118,138.0,3.296036958694458,3.290208339691162,-0.0058286190032958984
13,3,119,80.0,3.554978847503662,3.5397861003875732,-0.015192747116088867
13,3,120,164.0,3.3612916469573975,3.3549938201904297,-0.0062978267669677734
13,3,121,215.0,3.762061357498169,3.7605278491973877,-0.00153350830078125
13,3,122,81.0,3.60632061958313,3.608142137527466,0.0018215179443359375
13,3,123,171.0,3.4178876876831055,3.406522750854492,-0.011364936828613281
13,3,124,41.0,4.780884742736816,4.780050277709961,-0.0008344650268554688
13,3,125,103.0,4.1708221435546875,4.180848121643066,0.010025978088378906
13,3,126,145.0,3.385586977005005,3.3950893878936768,0.009502410888671875
13,3,127,102.0,3.511989116668701,3.5129826068878174,0.000993490219116211
13,3,128,157.0,4.545989513397217,4.535609722137451,-0.010379791259765625
13,3,129,161.0,3.612820625305176,3.6047627925872803,-0.008057832717895508
13,3,130,248.0,3.595446825027466,3.5938711166381836,-0.0015757083892822266
13,3,131,240.0,4.314742088317871,4.310841083526611,-0.0039010047912597656
13,3,132,284.0,3.515221118927002,3.51298189163208,-0.002239227294921875
13,3,133,105.0,5.547122001647949,5.537747859954834,-0.009374141693115234
13,3,134,72.0,3.6292827129364014,3.629716634750366,0.00043392181396484375
13,3,135,86.0,3.9638190269470215,3.9489736557006836,-0.01484537124633789
13,3,136,120.0,3.225938320159912,3.2252981662750244,-0.0006401538848876953
13,3,137,64.0,3.684243679046631,3.6754915714263916,-0.008752107620239258
13,3,138,220.0,2.8231959342956543,2.8255393505096436,0.002343416213989258
13,3,139,92.0,2.984248638153076,2.9660227298736572,-0.018225908279418945
13,3,140,180.0,3.4170660972595215,3.405745506286621,-0.01132059097290039
13,3,141,95.0,3.5693070888519287,3.5616369247436523,-0.007670164108276367
13,3,142,72.0,5.436267852783203,5.428162574768066,-0.008105278015136719
13,3,143,152.0,4.664964199066162,4.668688774108887,0.0037245750427246094
13,3,144,170.0,3.2575697898864746,3.2545008659362793,-0.0030689239501953125
13,3,145,56.0,4.233151912689209,4.215211391448975,-0.017940521240234375
13,3,146,174.0,3.632305860519409,3.638763427734375,0.00645756721496582
13,3,147,191.0,3.26232647895813,3.264004945755005,0.001678466796875
13,3,148,279.0,3.7231252193450928,3.7130796909332275,-0.010045528411865234
13,3,149,98.0,3.6501717567443848,3.6631205081939697,0.012948751449584961
13,3,150,50.0,3.987290143966675,3.984898090362549,-0.0023920536041259766
13,3,151,61.0,3.207566976547241,3.2159643173217773,0.008397340774536133
13,3,152,208.0,2.833768367767334,2.8324408531188965,-0.0013275146484375
13,3,153,124.0,3.7818057537078857,3.779614210128784,-0.0021915435791015625
13,3,154,128.0,3.3032331466674805,3.305860996246338,0.002627849578857422
13,3,155,250.0,4.603071212768555,4.607790946960449,0.004719734191894531
13,3,156,239.0,2.621934175491333,2.629162073135376,0.007227897644042969
13,3,157,164.0,2.8648641109466553,2.86409854888916,-0.0007655620574951172
13,3,158,42.0,4.671477317810059,4.666515350341797,-0.004961967468261719
13,3,159,200.0,4.007006645202637,4.006309986114502,-0.0006966590881347656
13,3,160,209.0,3.638150215148926,3.637122392654419,-0.001027822494506836
13,3,161,206.0,3.6040756702423096,3.6015477180480957,-0.002527952194213867
13,3,162,139.0,4.383498191833496,4.377041816711426,-0.0064563751220703125
13,3,163,76.0,3.7987864017486572,3.7916646003723145,-0.0071218013763427734
13,3,164,232.0,3.892338275909424,3.8785054683685303,-0.013832807540893555
13,3,165,235.0,3.9155564308166504,3.9079973697662354,-0.007559061050415039
13,3,166,49.0,4.228317737579346,4.256011486053467,0.027693748474121094
13,3,167,138.0,3.473930835723877,3.4803426265716553,0.00641179084777832
13,3,168,60.0,3.808337450027466,3.8163609504699707,0.008023500442504883
13,3,169,146.0,4.041977882385254,4.032736778259277,-0.009241104125976562
13,3,170,57.0,4.420210838317871,4.418312072753906,-0.0018987655639648438
13,3,171,135.0,3.909317970275879,3.9171338081359863,0.007815837860107422
13,3,172,113.0,3.19097638130188,3.1930158138275146,0.0020394325256347656
13,3,173,208.0,4.171577453613281,4.169772148132324,-0.0018053054809570312
13,3,174,195.0,2.116305112838745,2.1067686080932617,-0.009536504745483398
13,3,175,137.0,3.9520905017852783,3.9354074001312256,-0.016683101654052734
13,3,176,91.0,4.97736120223999,4.983237266540527,0.005876064300537109
13,3,177,66.0,3.994100332260132,3.993135929107666,-0.0009644031524658203
13,3,178,173.0,3.3507070541381836,3.3575334548950195,0.0068264007568359375
13,3,179,89.0,5.353647708892822,5.350463390350342,-0.0031843185424804688
13,3,180,231.0,3.6613731384277344,3.662769079208374,0.0013959407806396484
13,3,181,71.0,5.397938251495361,5.4062395095825195,0.008301258087158203
13,3,182,98.0,3.963383674621582,3.9764885902404785,0.013104915618896484
13,3,183,215.0,1.998246431350708,2.000962734222412,0.0027163028717041016
13,3,184,159.0,4.383580684661865,4.377198219299316,-0.006382465362548828
13,3,185,86.0,3.697986602783203,3.702090263366699,0.004103660583496094
13,3,186,92.0,3.4445607662200928,3.4441730976104736,-0.0003876686096191406
13,3,187,51.0,5.179178714752197,5.173731327056885,-0.0054473876953125
13,3,188,86.0,4.734201908111572,4.723200798034668,-0.011001110076904297
13,3,189,132.0,3.6938047409057617,3.694359064102173,0.0005543231964111328
13,3,190,214.0,3.9561617374420166,3.9424405097961426,-0.013721227645874023
13,3,191,139.0,4.121965408325195,4.11539363861084,-0.006571769714355469
13,3,192,89.0,3.4952480792999268,3.5038599967956543,0.008611917495727539
13,3,193,102.0,4.782958507537842,4.7762603759765625,-0.006698131561279297
13,3,194,156.0,2.6015143394470215,2.600877523422241,-0.0006368160247802734
13,3,195,87.0,3.839608669281006,3.828735589981079,-0.010873079299926758
13,3,196,175.0,3.2536110877990723,3.2487869262695312,-0.004824161529541016
13,3,197,136.0,2.3385791778564453,2.345593214035034,0.007014036178588867
13,3,198,54.0,3.781459093093872,3.7823779582977295,0.0009188652038574219
13,3,199,71.0,4.556375980377197,4.55560302734375,-0.0007729530334472656
13,3,200,43.0,4.562034606933594,4.550879955291748,-0.011154651641845703
13,3,201,200.0,3.3231818675994873,3.324214220046997,0.0010323524475097656
13,3,202,60.0,3.5167155265808105,3.5256454944610596,0.008929967880249023
13,3,203,220.0,3.437206983566284,3.4290833473205566,-0.008123636245727539
13,3,204,160.0,4.1729278564453125,4.1724138259887695,-0.0005140304565429688
13,3,205,46.0,3.025144100189209,3.032658338546753,0.007514238357543945
13,3,206,189.0,3.507356882095337,3.5121307373046875,0.004773855209350586
13,3,207,69.0,4.68245792388916,4.679628372192383,-0.0028295516967773438
13,3,208,164.0,2.968637228012085,2.9678256511688232,-0.0008115768432617188
13,3,209,121.0,3.6657907962799072,3.656909227371216,-0.008881568908691406
13,3,210,453.0,5.465768337249756,5.466005802154541,0.00023746490478515625
13,3,211,167.0,3.817554473876953,3.809022903442383,-0.008531570434570312
13,3,212,79.0,3.6519949436187744,3.656886339187622,0.004891395568847656
13,3,213,64.0,4.473271369934082,4.465374946594238,-0.00789642333984375
13,3,214,214.0,3.5177533626556396,3.5245580673217773,0.006804704666137695
13,3,215,42.0,4.581282615661621,4.585249900817871,0.00396728515625
13,3,216,85.0,4.406545639038086,4.392576694488525,-0.013968944549560547
13,3,217,45.0,4.909335136413574,4.8980393409729,-0.011295795440673828
13,3,218,96.0,4.346060276031494,4.342602252960205,-0.0034580230712890625
13,3,219,40.0,3.466945171356201,3.4613423347473145,-0.005602836608886719
13,3,220,66.0,4.6993865966796875,4.698014736175537,-0.0013718605041503906
13,3,221,262.0,3.4376049041748047,3.4298157691955566,-0.007789134979248047
13,3,222,32.0,4.6173553466796875,4.6088104248046875,-0.008544921875
13,3,223,33.0,4.931256294250488,4.932971477508545,0.0017151832580566406
13,3,224,139.0,2.1582767963409424,2.153449296951294,-0.0048274993896484375
13,3,225,84.0,4.020323753356934,4.011299133300781,-0.009024620056152344
13,3,226,46.0,3.709413528442383,3.7262580394744873,0.016844511032104492
13,3,227,121.0,4.181075572967529,4.169628143310547,-0.011447429656982422
13,3,228,67.0,3.140568971633911,3.1370644569396973,-0.003504514694213867
13,3,229,187.0,3.8881711959838867,3.883443832397461,-0.004727363586425781
13,3,230,40.0,4.873936176300049,4.892596244812012,0.01866006851196289
13,3,231,91.0,3.998016119003296,4.00493049621582,0.006914377212524414
13,3,232,52.0,4.4449782371521,4.438112258911133,-0.006865978240966797
13,3,233,49.0,4.133476257324219,4.12863826751709,-0.004837989807128906
13,3,234,261.0,3.079342842102051,3.086230993270874,0.006888151168823242
13,3,235,59.0,4.072587490081787,4.071669578552246,-0.0009179115295410156
13,3,236,132.0,4.054989814758301,4.052722454071045,-0.0022673606872558594
13,3,237,136.0,3.4520623683929443,3.458470582962036,0.006408214569091797
13,3,238,210.0,3.7005720138549805,3.6984031200408936,-0.002168893814086914
13,3,239,258.0,3.6856272220611572,3.6891915798187256,0.0035643577575683594
13,3,240,203.0,3.5238258838653564,3.5255722999572754,0.0017464160919189453
13,3,241,198.0,3.3618428707122803,3.3491013050079346,-0.012741565704345703
13,3,242,85.0,3.468600034713745,3.464193105697632,-0.004406929016113281
13,3,243,85.0,2.1469109058380127,2.1402134895324707,-0.006697416305541992
13,3,244,93.0,4.847414970397949,4.8517842292785645,0.004369258880615234
13,3,245,68.0,4.8312296867370605,4.827084541320801,-0.004145145416259766
13,3,246,58.0,4.302565574645996,4.284420013427734,-0.01814556121826172
13,3,247,187.0,3.1594748497009277,3.1575937271118164,-0.0018811225891113281
13,3,248,64.0,2.745805263519287,2.735287666320801,-0.010517597198486328
13,3,249,100.0,3.3120670318603516,3.3074817657470703,-0.00458526611328125
13,3,250,151.0,3.886031150817871,3.880943536758423,-0.005087614059448242
13,3,251,174.0,3.292135715484619,3.2924559116363525,0.00032019615173339844
13,3,252,126.0,4.651801109313965,4.6438093185424805,-0.007991790771484375
13,3,253,99.0,3.699761390686035,3.700014352798462,0.0002529621124267578
13,3,254,107.0,4.576633453369141,4.582033634185791,0.005400180816650391
13,3,255,116.0,3.825943946838379,3.828712224960327,0.002768278121948242
13,4,0,196.0,3.98167085647583,3.9827492237091064,0.0010783672332763672
13,4,1,127.0,3.705084800720215,3.700911283493042,-0.0041735172271728516
13,4,2,162.0,2.4317469596862793,2.4305622577667236,-0.001184701919555664
13,4,3,92.0,5.154407501220703,5.1699724197387695,0.015564918518066406
13,4,4,194.0,3.7261335849761963,3.728898286819458,0.0027647018432617188
13,4,5,115.0,3.4317781925201416,3.4323127269744873,0.0005345344543457031
13,4,6,109.0,4.611254692077637,4.621889591217041,0.010634899139404297
13,4,7,48.0,3.824559450149536,3.819279670715332,-0.0052797794342041016
13,4,8,69.0,4.333216190338135,4.32948637008667,-0.0037298202514648438
13,4,9,85.0,3.4889185428619385,3.5036351680755615,0.014716625213623047
13,4,10,238.0,3.337062358856201,3.3357999324798584,-0.0012624263763427734
13,4,11,233.0,3.013906478881836,3.009775161743164,-0.004131317138671875
13,4,12,208.0,3.644038200378418,3.6455330848693848,0.0014948844909667969
13,4,13,196.0,3.302739381790161,3.309788227081299,0.007048845291137695
13,4,14,131.0,3.989900827407837,3.9805424213409424,-0.009358406066894531
13,4,15,125.0,3.2012383937835693,3.1920368671417236,-0.009201526641845703
13,4,16,61.0,4.757500171661377,4.76390266418457,0.006402492523193359
13,4,17,164.0,2.6241273880004883,2.620760202407837,-0.003367185592651367
13,4,18,107.0,3.8216171264648438,3.814302444458008,-0.0073146820068359375
13,4,19,48.0,4.036356449127197,4.027126789093018,-0.009229660034179688
13,4,20,74.0,2.6907341480255127,2.6975977420806885,0.006863594055175781
13,4,21,103.0,2.9307749271392822,2.934628486633301,0.0038535594940185547
13,4,22,114.0,3.8854269981384277,3.8952293395996094,0.00980234146118164
13,4,23,50.0,6.480540752410889,6.4907755851745605,0.010234832763671875
13,4,24,281.0,3.1489627361297607,3.145362615585327,-0.0036001205444335938
13,4,25,247.0,2.5188822746276855,2.519643545150757,0.0007612705230712891
13,4,26,173.0,4.413876056671143,4.425310134887695,0.011434078216552734
13,4,27,166.0,3.707796812057495,3.707716703414917,-8.0108642578125e-05
13,4,28,98.0,3.151510238647461,3.1547651290893555,0.0032548904418945312
13,4,29,174.0,3.586359739303589,3.5793280601501465,-0.007031679153442383
13,4,30,173.0,3.190525531768799,3.202287435531616,0.011761903762817383
13,4,31,215.0,4.340093612670898,4.340298175811768,0.00020456314086914062
13,4,32,186.0,3.4789488315582275,3.4771230220794678,-0.0018258094787597656
13,4,33,153.0,2.9326295852661133,2.927496910095215,-0.0051326751708984375
13,4,34,147.0,4.1311798095703125,4.124751091003418,-0.006428718566894531
13,4,35,50.0,4.620577812194824,4.627104759216309,0.006526947021484375
13,4,36,86.0,3.942690134048462,3.9444992542266846,0.0018091201782226562
13,4,37,154.0,4.250033378601074,4.240861415863037,-0.00917196273803711
13,4,38,265.0,2.933018684387207,2.943206787109375,0.010188102722167969
13,4,39,199.0,3.941709518432617,3.9482526779174805,0.006543159484863281
13,4,40,138.0,4.430899620056152,4.424294948577881,-0.006604671478271484
13,4,41,98.0,4.048152923583984,4.05379581451416,0.005642890930175781
13,4,42,167.0,2.98820424079895,2.988595485687256,0.00039124488830566406
13,4,43,288.0,4.51556396484375,4.526922225952148,0.011358261108398438
13,4,44,225.0,3.134540557861328,3.1402783393859863,0.005737781524658203
13,4,45,191.0,3.475728988647461,3.4639103412628174,-0.011818647384643555
13,4,46,92.0,5.071820259094238,5.066453456878662,-0.005366802215576172
13,4,47,41.0,5.766663551330566,5.775949001312256,0.009285449981689453
13,4,48,231.0,3.4077651500701904,3.4098262786865234,0.002061128616333008
13,4,49,101.0,2.9521121978759766,2.9623188972473145,0.01020669937133789
13,4,50,177.0,3.6662821769714355,3.6642396450042725,-0.002042531967163086
13,4,51,252.0,4.05861759185791,4.061840534210205,0.003222942352294922
13,4,52,259.0,3.3747026920318604,3.3739585876464844,-0.0007441043853759766
13,4,53,47.0,4.065746307373047,4.057604789733887,-0.008141517639160156
13,4,54,164.0,2.495858669281006,2.494936227798462,-0.0009224414825439453
13,4,55,94.0,4.066493034362793,4.064640998840332,-0.0018520355224609375
13,4,56,103.0,4.11627721786499,4.1224470138549805,0.006169795989990234
13,4,57,78.0,3.913255453109741,3.9225142002105713,0.009258747100830078
13,4,58,239.0,3.692802906036377,3.689669132232666,-0.0031337738037109375
13,4,59,271.0,4.881155014038086,4.882850646972656,0.0016956329345703125
13,4,60,162.0,3.3450679779052734,3.344648838043213,-0.0004191398620605469
13,4,61,179.0,3.870093584060669,3.8784329891204834,0.008339405059814453
13,4,62,218.0,3.1762454509735107,3.180051565170288,0.0038061141967773438
13,4,63,81.0,3.809858798980713,3.8184821605682373,0.008623361587524414
13,4,64,93.0,4.687077522277832,4.7069621086120605,0.019884586334228516
13,4,65,72.0,4.558295249938965,4.535886287689209,-0.02240896224975586
13,4,66,230.0,3.737887382507324,3.735666513442993,-0.0022208690643310547
13,4,67,99.0,3.1625142097473145,3.1554110050201416,-0.0071032047271728516
13,4,68,213.0,3.218388557434082,3.216298818588257,-0.0020897388458251953
13,4,69,119.0,3.072978973388672,3.075563907623291,0.0025849342346191406
13,4,70,161.0,3.529710531234741,3.5367021560668945,0.00699162483215332
13,4,71,90.0,4.394758224487305,4.418472766876221,0.023714542388916016
13,4,72,181.0,3.6989989280700684,3.704446792602539,0.005447864532470703
13,4,73,95.0,4.745315074920654,4.742806434631348,-0.0025086402893066406
13,4,74,245.0,2.801177740097046,2.796470880508423,-0.004706859588623047
13,4,75,93.0,2.319314956665039,2.316706895828247,-0.002608060836791992
13,4,76,225.0,3.1077821254730225,3.117528200149536,0.009746074676513672
13,4,77,61.0,4.027099132537842,4.033173561096191,0.006074428558349609
13,4,78,257.0,4.246406078338623,4.252496242523193,0.0060901641845703125
13,4,79,165.0,3.7203760147094727,3.7261149883270264,0.005738973617553711
13,4,80,117.0,4.752804279327393,4.741818904876709,-0.010985374450683594
13,4,81,89.0,4.279232025146484,4.280512809753418,0.0012807846069335938
13,4,82,291.0,4.08609676361084,4.088606357574463,0.002509593963623047
13,4,83,93.0,4.042176723480225,4.043994426727295,0.0018177032470703125
13,4,84,228.0,2.8949825763702393,2.9004387855529785,0.005456209182739258
13,4,85,131.0,3.406266927719116,3.4061481952667236,-0.00011873245239257812
13,4,86,191.0,4.77057409286499,4.772120952606201,0.0015468597412109375
13,4,87,238.0,5.341985702514648,5.344741344451904,0.0027556419372558594
13,4,88,210.0,3.7304000854492188,3.726191282272339,-0.004208803176879883
13,4,89,107.0,4.658895492553711,4.672887325286865,0.013991832733154297
13,4,90,217.0,3.256716728210449,3.25278377532959,-0.003932952880859375
13,4,91,199.0,3.479922294616699,3.496034622192383,0.016112327575683594
13,4,92,84.0,2.9870519638061523,2.99043869972229,0.0033867359161376953
13,4,93,271.0,4.167789459228516,4.169177532196045,0.0013880729675292969
13,4,94,226.0,3.797963857650757,3.7971439361572266,-0.0008199214935302734
13,4,95,258.0,4.302313327789307,4.301492691040039,-0.0008206367492675781
13,4,96,86.0,4.009377479553223,4.015186309814453,0.005808830261230469
13,4,97,142.0,4.886353492736816,4.885108470916748,-0.0012450218200683594
13,4,98,42.0,4.73474645614624,4.749075889587402,0.01432943344116211
13,4,99,224.0,3.053419828414917,3.072514772415161,0.01909494400024414
13,4,100,197.0,2.6848225593566895,2.6765670776367188,-0.008255481719970703
13,4,101,85.0,3.080362558364868,3.090385913848877,0.010023355484008789
13,4,102,195.0,3.4633231163024902,3.4632630348205566,-6.008148193359375e-05
13,4,103,102.0,4.20768404006958,4.20559024810791,-0.002093791961669922
13,4,104,181.0,3.711848735809326,3.716892719268799,0.005043983459472656
13,4,105,72.0,2.723045587539673,2.7138144969940186,-0.009231090545654297
13,4,106,130.0,4.976626396179199,4.968693733215332,-0.007932662963867188
13,4,107,62.0,3.1819393634796143,3.182229518890381,0.00029015541076660156
13,4,108,263.0,4.0605854988098145,4.057720184326172,-0.002865314483642578
13,4,109,194.0,3.1560444831848145,3.152174472808838,-0.0038700103759765625
13,4,110,174.0,3.211611032485962,3.2151427268981934,0.0035316944122314453
13,4,111,235.0,4.168798446655273,4.163329601287842,-0.005468845367431641
13,4,112,143.0,4.279087066650391,4.281310558319092,0.002223491668701172
13,4,113,117.0,4.890145778656006,4.896353721618652,0.006207942962646484
13,4,114,160.0,4.253233909606934,4.272965908050537,0.019731998443603516
13,4,115,115.0,3.9266409873962402,3.916252374649048,-0.010388612747192383
13,4,116,120.0,3.8633739948272705,3.8637986183166504,0.0004246234893798828
13,4,117,186.0,4.1213459968566895,4.123442649841309,0.0020966529846191406
13,4,118,138.0,3.296036958694458,3.288275718688965,-0.007761240005493164
13,4,119,80.0,3.554978847503662,3.5508873462677,-0.004091501235961914
13,4,120,164.0,3.3612916469573975,3.3635268211364746,0.0022351741790771484
13,4,121,215.0,3.762061357498169,3.7584993839263916,-0.0035619735717773438
13,4,122,81.0,3.60632061958313,3.614375352859497,0.008054733276367188
13,4,123,171.0,3.4178876876831055,3.409954309463501,-0.007933378219604492
13,4,124,41.0,4.780884742736816,4.7514495849609375,-0.029435157775878906
13,4,125,103.0,4.1708221435546875,4.172577381134033,0.0017552375793457031
13,4,126,145.0,3.385586977005005,3.381743907928467,-0.003843069076538086
13,4,127,102.0,3.511989116668701,3.514667272567749,0.0026781558990478516
13,4,128,157.0,4.545989513397217,4.545562744140625,-0.0004267692565917969
13,4,129,161.0,3.612820625305176,3.6139039993286133,0.0010833740234375
13,4,130,248.0,3.595446825027466,3.6059136390686035,0.010466814041137695
13,4,131,240.0,4.314742088317871,4.319952487945557,0.005210399627685547
13,4,132,284.0,3.515221118927002,3.51359486579895,-0.0016262531280517578
13,4,133,105.0,5.547122001647949,5.540963172912598,-0.0061588287353515625
13,4,134,72.0,3.6292827129364014,3.6311514377593994,0.0018687248229980469
13,4,135,86.0,3.9638190269470215,3.9769585132598877,0.013139486312866211
13,4,136,120.0,3.225938320159912,3.22821307182312,0.002274751663208008
13,4,137,64.0,3.684243679046631,3.6902875900268555,0.006043910980224609
13,4,138,220.0,2.8231959342956543,2.83428955078125,0.011093616485595703
13,4,139,92.0,2.984248638153076,2.9912188053131104,0.00697016716003418
13,4,140,180.0,3.4170660972595215,3.4245495796203613,0.007483482360839844
13,4,141,95.0,3.5693070888519287,3.5733320713043213,0.004024982452392578
13,4,142,72.0,5.436267852783203,5.435963153839111,-0.0003046989440917969
13,4,143,152.0,4.664964199066162,4.672286510467529,0.0073223114013671875
13,4,144,170.0,3.2575697898864746,3.2595341205596924,0.0019643306732177734
13,4,145,56.0,4.233151912689209,4.236063480377197,0.0029115676879882812
13,4,146,174.0,3.632305860519409,3.6318612098693848,-0.00044465065002441406
13,4,147,191.0,3.26232647895813,3.2699952125549316,0.007668733596801758
13,4,148,279.0,3.7231252193450928,3.7131409645080566,-0.009984254837036133
13,4,149,98.0,3.6501717567443848,3.6573243141174316,0.007152557373046875
13,4,150,50.0,3.987290143966675,3.983306646347046,-0.003983497619628906
13,4,151,61.0,3.207566976547241,3.2166106700897217,0.009043693542480469
13,4,152,208.0,2.833768367767334,2.833735227584839,-3.314018249511719e-05
13,4,153,124.0,3.7818057537078857,3.7631587982177734,-0.018646955490112305
13,4,154,128.0,3.3032331466674805,3.3070783615112305,0.00384521484375
13,4,155,250.0,4.603071212768555,4.610562324523926,0.007491111755371094
13,4,156,239.0,2.621934175491333,2.6297924518585205,0.0078582763671875
13,4,157,164.0,2.8648641109466553,2.8506100177764893,-0.014254093170166016
13,4,158,42.0,4.671477317810059,4.677671432495117,0.006194114685058594
13,4,159,200.0,4.007006645202637,4.01327657699585,0.006269931793212891
13,4,160,209.0,3.638150215148926,3.63293194770813,-0.0052182674407958984
13,4,161,206.0,3.6040756702423096,3.604212522506714,0.00013685226440429688
13,4,162,139.0,4.383498191833496,4.375693321228027,-0.00780487060546875
13,4,163,76.0,3.7987864017486572,3.790616035461426,-0.008170366287231445
13,4,164,232.0,3.892338275909424,3.8947670459747314,0.002428770065307617
13,4,165,235.0,3.9155564308166504,3.9119794368743896,-0.003576993942260742
13,4,166,49.0,4.228317737579346,4.239694595336914,0.01137685775756836
13,4,167,138.0,3.473930835723877,3.471997022628784,-0.0019338130950927734
13,4,168,60.0,3.808337450027466,3.799532651901245,-0.008804798126220703
13,4,169,146.0,4.041977882385254,4.043220043182373,0.0012421607971191406
13,4,170,57.0,4.420210838317871,4.4071502685546875,-0.013060569763183594
13,4,171,135.0,3.909317970275879,3.9179506301879883,0.008632659912109375
13,4,172,113.0,3.19097638130188,3.189326763153076,-0.001649618148803711
13,4,173,208.0,4.171577453613281,4.175176620483398,0.0035991668701171875
13,4,174,195.0,2.116305112838745,2.1298296451568604,0.013524532318115234
13,4,175,137.0,3.9520905017852783,3.949418783187866,-0.0026717185974121094
13,4,176,91.0,4.97736120223999,4.973855018615723,-0.003506183624267578
13,4,177,66.0,3.994100332260132,3.9877171516418457,-0.006383180618286133
13,4,178,173.0,3.3507070541381836,3.353362798690796,0.0026557445526123047
13,4,179,89.0,5.353647708892822,5.358090400695801,0.004442691802978516
13,4,180,231.0,3.6613731384277344,3.666912317276001,0.0055391788482666016
13,4,181,71.0,5.397938251495361,5.3972039222717285,-0.0007343292236328125
13,4,182,98.0,3.963383674621582,3.975313663482666,0.011929988861083984
13,4,183,215.0,1.998246431350708,1.9986422061920166,0.00039577484130859375
13,4,184,159.0,4.383580684661865,4.387368679046631,0.003787994384765625
13,4,185,86.0,3.697986602783203,3.710361957550049,0.012375354766845703
13,4,186,92.0,3.4445607662200928,3.4230473041534424,-0.02151346206665039
13,4,187,51.0,5.179178714752197,5.16517448425293,-0.014004230499267578
13,4,188,86.0,4.734201908111572,4.737875461578369,0.003673553466796875
13,4,189,132.0,3.6938047409057617,3.693770170211792,-3.457069396972656e-05
13,4,190,214.0,3.9561617374420166,3.9524056911468506,-0.0037560462951660156
13,4,191,139.0,4.121965408325195,4.1239013671875,0.0019359588623046875
13,4,192,89.0,3.4952480792999268,3.5058608055114746,0.010612726211547852
13,4,193,102.0,4.782958507537842,4.787435054779053,0.0044765472412109375
13,4,194,156.0,2.6015143394470215,2.5903878211975098,-0.011126518249511719
13,4,195,87.0,3.839608669281006,3.8313591480255127,-0.008249521255493164
13,4,196,175.0,3.2536110877990723,3.252079963684082,-0.0015311241149902344
13,4,197,136.0,2.3385791778564453,2.3437795639038086,0.005200386047363281
13,4,198,54.0,3.781459093093872,3.786619186401367,0.005160093307495117
13,4,199,71.0,4.556375980377197,4.5555033683776855,-0.0008726119995117188
13,4,200,43.0,4.562034606933594,4.559577941894531,-0.0024566650390625
13,4,201,200.0,3.3231818675994873,3.32666015625,0.0034782886505126953
13,4,202,60.0,3.5167155265808105,3.5202505588531494,0.003535032272338867
13,4,203,220.0,3.437206983566284,3.4364371299743652,-0.0007698535919189453
13,4,204,160.0,4.1729278564453125,4.194904327392578,0.021976470947265625
13,4,205,46.0,3.025144100189209,3.031742572784424,0.006598472595214844
13,4,206,189.0,3.507356882095337,3.5123183727264404,0.004961490631103516
13,4,207,69.0,4.68245792388916,4.681337356567383,-0.0011205673217773438
13,4,208,164.0,2.968637228012085,2.9659276008605957,-0.002709627151489258
13,4,209,121.0,3.6657907962799072,3.652191638946533,-0.013599157333374023
13,4,210,453.0,5.465768337249756,5.47820520401001,0.012436866760253906
13,4,211,167.0,3.817554473876953,3.809337615966797,-0.00821685791015625
13,4,212,79.0,3.6519949436187744,3.652488946914673,0.0004940032958984375
13,4,213,64.0,4.473271369934082,4.465569019317627,-0.007702350616455078
13,4,214,214.0,3.5177533626556396,3.519167900085449,0.0014145374298095703
13,4,215,42.0,4.581282615661621,4.582233905792236,0.0009512901306152344
13,4,216,85.0,4.406545639038086,4.399058818817139,-0.007486820220947266
13,4,217,45.0,4.909335136413574,4.934476852416992,0.02514171600341797
13,4,218,96.0,4.346060276031494,4.365119934082031,0.01905965805053711
13,4,219,40.0,3.466945171356201,3.4751553535461426,0.008210182189941406
13,4,220,66.0,4.6993865966796875,4.6851043701171875,-0.0142822265625
13,4,221,262.0,3.4376049041748047,3.4432787895202637,0.005673885345458984
13,4,222,32.0,4.6173553466796875,4.623751640319824,0.006396293640136719
13,4,223,33.0,4.931256294250488,4.936187744140625,0.004931449890136719
13,4,224,139.0,2.1582767963409424,2.145862340927124,-0.01241445541381836
13,4,225,84.0,4.020323753356934,4.01812744140625,-0.0021963119506835938
13,4,226,46.0,3.709413528442383,3.7250630855560303,0.01564955711364746
13,4,227,121.0,4.181075572967529,4.183905124664307,0.0028295516967773438
13,4,228,67.0,3.140568971633911,3.1476564407348633,0.0070874691009521484
13,4,229,187.0,3.8881711959838867,3.890044689178467,0.0018734931945800781
13,4,230,40.0,4.873936176300049,4.875925064086914,0.0019888877868652344
13,4,231,91.0,3.998016119003296,4.008975982666016,0.010959863662719727
13,4,232,52.0,4.4449782371521,4.460940837860107,0.015962600708007812
13,4,233,49.0,4.133476257324219,4.1474504470825195,0.013974189758300781
13,4,234,261.0,3.079342842102051,3.074164867401123,-0.005177974700927734
13,4,235,59.0,4.072587490081787,4.068474292755127,-0.004113197326660156
13,4,236,132.0,4.054989814758301,4.06446647644043,0.009476661682128906
13,4,237,136.0,3.4520623683929443,3.471111536026001,0.01904916763305664
13,4,238,210.0,3.7005720138549805,3.690662145614624,-0.009909868240356445
13,4,239,258.0,3.6856272220611572,3.68304181098938,-0.0025854110717773438
13,4,240,203.0,3.5238258838653564,3.507293939590454,-0.016531944274902344
13,4,241,198.0,3.3618428707122803,3.3680405616760254,0.006197690963745117
13,4,242,85.0,3.468600034713745,3.4699740409851074,0.0013740062713623047
13,4,243,85.0,2.1469109058380127,2.1256766319274902,-0.02123427391052246
13,4,244,93.0,4.847414970397949,4.858763217926025,0.011348247528076172
13,4,245,68.0,4.8312296867370605,4.834253787994385,0.0030241012573242188
13,4,246,58.0,4.302565574645996,4.314253807067871,0.011688232421875
13,4,247,187.0,3.1594748497009277,3.153053045272827,-0.006421804428100586
13,4,248,64.0,2.745805263519287,2.747166872024536,0.0013616085052490234
13,4,249,100.0,3.3120670318603516,3.306973934173584,-0.005093097686767578
13,4,250,151.0,3.886031150817871,3.8869993686676025,0.0009682178497314453
13,4,251,174.0,3.292135715484619,3.303645610809326,0.011509895324707031
13,4,252,126.0,4.651801109313965,4.646052360534668,-0.005748748779296875
13,4,253,99.0,3.699761390686035,3.7035908699035645,0.003829479217529297
13,4,254,107.0,4.576633453369141,4.591794013977051,0.015160560607910156
13,4,255,116.0,3.825943946838379,3.8402042388916016,0.014260292053222656
13,5,0,196.0,3.98167085647583,3.9777350425720215,-0.003935813903808594
13,5,1,127.0,3.705084800720215,3.704019784927368,-0.0010650157928466797
13,5,2,162.0,2.4317469596862793,2.4409241676330566,0.009177207946777344
13,5,3,92.0,5.154407501220703,5.141653537750244,-0.012753963470458984
13,5,4,194.0,3.7261335849761963,3.729724168777466,0.0035905838012695312
13,5,5,115.0,3.4317781925201416,3.4213757514953613,-0.010402441024780273
13,5,6,109.0,4.611254692077637,4.60310173034668,-0.008152961730957031
13,5,7,48.0,3.824559450149536,3.821413040161133,-0.0031464099884033203
13,5,8,69.0,4.333216190338135,4.331935882568359,-0.0012803077697753906
13,5,9,85.0,3.4889185428619385,3.4963622093200684,0.007443666458129883
13,5,10,238.0,3.337062358856201,3.3405232429504395,0.0034608840942382812
13,5,11,233.0,3.013906478881836,3.019188642501831,0.005282163619995117
13,5,12,208.0,3.644038200378418,3.6471593379974365,0.0031211376190185547
13,5,13,196.0,3.302739381790161,3.3246543407440186,0.021914958953857422
13,5,14,131.0,3.989900827407837,3.981336832046509,-0.008563995361328125
13,5,15,125.0,3.2012383937835693,3.204446315765381,0.0032079219818115234
13,5,16,61.0,4.757500171661377,4.746089935302734,-0.011410236358642578
13,5,17,164.0,2.6241273880004883,2.610569477081299,-0.013557910919189453
13,5,18,107.0,3.8216171264648438,3.835378408432007,0.013761281967163086
13,5,19,48.0,4.036356449127197,4.039466857910156,0.0031104087829589844
13,5,20,74.0,2.6907341480255127,2.6954216957092285,0.00468754768371582
13,5,21,103.0,2.9307749271392822,2.9641871452331543,0.03341221809387207
13,5,22,114.0,3.8854269981384277,3.8900461196899414,0.004619121551513672
13,5,23,50.0,6.480540752410889,6.493758678436279,0.013217926025390625
13,5,24,281.0,3.1489627361297607,3.152406692504883,0.0034439563751220703
13,5,25,247.0,2.5188822746276855,2.5107674598693848,-0.008114814758300781
13,5,26,173.0,4.413876056671143,4.421823501586914,0.007947444915771484
13,5,27,166.0,3.707796812057495,3.7103726863861084,0.0025758743286132812
13,5,28,98.0,3.151510238647461,3.160825729370117,0.00931549072265625
13,5,29,174.0,3.586359739303589,3.5964765548706055,0.010116815567016602
13,5,30,173.0,3.190525531768799,3.207040786743164,0.016515254974365234
13,5,31,215.0,4.340093612670898,4.33622407913208,-0.0038695335388183594
13,5,32,186.0,3.4789488315582275,3.473337411880493,-0.005611419677734375
13,5,33,153.0,2.9326295852661133,2.931370496749878,-0.0012590885162353516
13,5,34,147.0,4.1311798095703125,4.134486675262451,0.003306865692138672
13,5,35,50.0,4.620577812194824,4.627523899078369,0.006946086883544922
13,5,36,86.0,3.942690134048462,3.9516353607177734,0.008945226669311523
13,5,37,154.0,4.250033378601074,4.256532192230225,0.006498813629150391
13,5,38,265.0,2.933018684387207,2.9431087970733643,0.010090112686157227
13,5,39,199.0,3.941709518432617,3.94345760345459,0.0017480850219726562
13,5,40,138.0,4.430899620056152,4.420979976654053,-0.00991964340209961
13,5,41,98.0,4.048152923583984,4.054206848144531,0.006053924560546875
13,5,42,167.0,2.98820424079895,3.0029947757720947,0.014790534973144531
13,5,43,288.0,4.51556396484375,4.525884628295898,0.010320663452148438
13,5,44,225.0,3.134540557861328,3.127896547317505,-0.006644010543823242
13,5,45,191.0,3.475728988647461,3.4785025119781494,0.0027735233306884766
13,5,46,92.0,5.071820259094238,5.070376396179199,-0.0014438629150390625
13,5,47,41.0,5.766663551330566,5.770111083984375,0.0034475326538085938
13,5,48,231.0,3.4077651500701904,3.4108963012695312,0.0031311511993408203
13,5,49,101.0,2.9521121978759766,2.948410749435425,-0.003701448440551758
13,5,50,177.0,3.6662821769714355,3.66978120803833,0.0034990310668945312
13,5,51,252.0,4.05861759185791,4.054383277893066,-0.00423431396484375
13,5,52,259.0,3.3747026920318604,3.365532636642456,-0.009170055389404297
13,5,53,47.0,4.065746307373047,4.07671594619751,0.01096963882446289
13,5,54,164.0,2.495858669281006,2.505281448364258,0.009422779083251953
13,5,55,94.0,4.066493034362793,4.067488670349121,0.000995635986328125
13,5,56,103.0,4.11627721786499,4.121221542358398,0.004944324493408203
13,5,57,78.0,3.913255453109741,3.918832302093506,0.0055768489837646484
13,5,58,239.0,3.692802906036377,3.685565948486328,-0.007236957550048828
13,5,59,271.0,4.881155014038086,4.87906551361084,-0.0020895004272460938
13,5,60,162.0,3.3450679779052734,3.3343260288238525,-0.010741949081420898
13,5,61,179.0,3.870093584060669,3.867471218109131,-0.002622365951538086
13,5,62,218.0,3.1762454509735107,3.169750452041626,-0.006494998931884766
13,5,63,81.0,3.809858798980713,3.860677719116211,0.05081892013549805
13,5,64,93.0,4.687077522277832,4.695155620574951,0.00807809829711914
13,5,65,72.0,4.558295249938965,4.546787738800049,-0.011507511138916016
13,5,66,230.0,3.737887382507324,3.729278087615967,-0.008609294891357422
13,5,67,99.0,3.1625142097473145,3.1787807941436768,0.016266584396362305
13,5,68,213.0,3.218388557434082,3.2154529094696045,-0.002935647964477539
13,5,69,119.0,3.072978973388672,3.067939519882202,-0.0050394535064697266
13,5,70,161.0,3.529710531234741,3.5208630561828613,-0.008847475051879883
13,5,71,90.0,4.394758224487305,4.407424449920654,0.01266622543334961
13,5,72,181.0,3.6989989280700684,3.692653179168701,-0.0063457489013671875
13,5,73,95.0,4.745315074920654,4.755288124084473,0.00997304916381836
13,5,74,245.0,2.801177740097046,2.8088605403900146,0.00768280029296875
13,5,75,93.0,2.319314956665039,2.3358473777770996,0.016532421112060547
13,5,76,225.0,3.1077821254730225,3.1123180389404297,0.0045359134674072266
13,5,77,61.0,4.027099132537842,4.0594353675842285,0.03233623504638672
13,5,78,257.0,4.246406078338623,4.259397983551025,0.012991905212402344
13,5,79,165.0,3.7203760147094727,3.713503837585449,-0.0068721771240234375
13,5,80,117.0,4.752804279327393,4.757211685180664,0.004407405853271484
13,5,81,89.0,4.279232025146484,4.294034004211426,0.014801979064941406
13,5,82,291.0,4.08609676361084,4.089253902435303,0.0031571388244628906
13,5,83,93.0,4.042176723480225,4.05026388168335,0.008087158203125
13,5,84,228.0,2.8949825763702393,2.9039435386657715,0.008960962295532227
13,5,85,131.0,3.406266927719116,3.4072864055633545,0.0010194778442382812
13,5,86,191.0,4.77057409286499,4.78760290145874,0.01702880859375
13,5,87,238.0,5.341985702514648,5.3373613357543945,-0.004624366760253906
13,5,88,210.0,3.7304000854492188,3.748267650604248,0.017867565155029297
13,5,89,107.0,4.658895492553711,4.674086093902588,0.015190601348876953
13,5,90,217.0,3.256716728210449,3.2445034980773926,-0.01221323013305664
13,5,91,199.0,3.479922294616699,3.453160524368286,-0.026761770248413086
13,5,92,84.0,2.9870519638061523,2.989426851272583,0.002374887466430664
13,5,93,271.0,4.167789459228516,4.1574273109436035,-0.01036214828491211
13,5,94,226.0,3.797963857650757,3.807643175125122,0.009679317474365234
13,5,95,258.0,4.302313327789307,4.32578706741333,0.023473739624023438
13,5,96,86.0,4.009377479553223,4.012886047363281,0.0035085678100585938
13,5,97,142.0,4.886353492736816,4.901542663574219,0.015189170837402344
13,5,98,42.0,4.73474645614624,4.752377510070801,0.017631053924560547
13,5,99,224.0,3.053419828414917,3.064274549484253,0.010854721069335938
13,5,100,197.0,2.6848225593566895,2.6966772079467773,0.01185464859008789
13,5,101,85.0,3.080362558364868,3.0994327068328857,0.019070148468017578
13,5,102,195.0,3.4633231163024902,3.468822717666626,0.005499601364135742
13,5,103,102.0,4.20768404006958,4.197846412658691,-0.009837627410888672
13,5,104,181.0,3.711848735809326,3.711886167526245,3.743171691894531e-05
13,5,105,72.0,2.723045587539673,2.7305104732513428,0.007464885711669922
13,5,106,130.0,4.976626396179199,4.9785475730896,0.0019211769104003906
13,5,107,62.0,3.1819393634796143,3.1946942806243896,0.01275491714477539
13,5,108,263.0,4.0605854988098145,4.065282821655273,0.004697322845458984
13,5,109,194.0,3.1560444831848145,3.156216621398926,0.00017213821411132812
13,5,110,174.0,3.211611032485962,3.232034683227539,0.02042365074157715
13,5,111,235.0,4.168798446655273,4.1633758544921875,-0.0054225921630859375
13,5,112,143.0,4.279087066650391,4.288345813751221,0.009258747100830078
13,5,113,117.0,4.890145778656006,4.9034423828125,0.01329660415649414
13,5,114,160.0,4.253233909606934,4.248797416687012,-0.004436492919921875
13,5,115,115.0,3.9266409873962402,3.928757905960083,0.0021169185638427734
13,5,116,120.0,3.8633739948272705,3.880589246749878,0.017215251922607422
13,5,117,186.0,4.1213459968566895,4.123961925506592,0.0026159286499023438
13,5,118,138.0,3.296036958694458,3.305636405944824,0.009599447250366211
13,5,119,80.0,3.554978847503662,3.5553061962127686,0.0003273487091064453
13,5,120,164.0,3.3612916469573975,3.360029935836792,-0.0012617111206054688
13,5,121,215.0,3.762061357498169,3.757133960723877,-0.004927396774291992
13,5,122,81.0,3.60632061958313,3.5881969928741455,-0.018123626708984375
13,5,123,171.0,3.4178876876831055,3.4181621074676514,0.00027441978454589844
13,5,124,41.0,4.780884742736816,4.77835750579834,-0.0025272369384765625
13,5,125,103.0,4.1708221435546875,4.175694465637207,0.004872322082519531
13,5,126,145.0,3.385586977005005,3.4156126976013184,0.030025720596313477
13,5,127,102.0,3.511989116668701,3.523977279663086,0.011988162994384766
13,5,128,157.0,4.545989513397217,4.553414821624756,0.0074253082275390625
13,5,129,161.0,3.612820625305176,3.604630470275879,-0.008190155029296875
13,5,130,248.0,3.595446825027466,3.602729082107544,0.007282257080078125
13,5,131,240.0,4.314742088317871,4.31599235534668,0.0012502670288085938
13,5,132,284.0,3.515221118927002,3.5231873989105225,0.007966279983520508
13,5,133,105.0,5.547122001647949,5.5494513511657715,0.0023293495178222656
13,5,134,72.0,3.6292827129364014,3.634861469268799,0.005578756332397461
13,5,135,86.0,3.9638190269470215,3.978984832763672,0.01516580581665039
13,5,136,120.0,3.225938320159912,3.224454164505005,-0.0014841556549072266
13,5,137,64.0,3.684243679046631,3.693108558654785,0.008864879608154297
13,5,138,220.0,2.8231959342956543,2.825122594833374,0.0019266605377197266
13,5,139,92.0,2.984248638153076,2.964874029159546,-0.019374608993530273
13,5,140,180.0,3.4170660972595215,3.4076240062713623,-0.00944209098815918
13,5,141,95.0,3.5693070888519287,3.5686869621276855,-0.0006201267242431641
13,5,142,72.0,5.436267852783203,5.42771053314209,-0.008557319641113281
13,5,143,152.0,4.664964199066162,4.667423248291016,0.0024590492248535156
13,5,144,170.0,3.2575697898864746,3.258331775665283,0.0007619857788085938
13,5,145,56.0,4.233151912689209,4.221496105194092,-0.011655807495117188
13,5,146,174.0,3.632305860519409,3.626265287399292,-0.0060405731201171875
13,5,147,191.0,3.26232647895813,3.2623932361602783,6.67572021484375e-05
13,5,148,279.0,3.7231252193450928,3.7307968139648438,0.0076715946197509766
13,5,149,98.0,3.6501717567443848,3.6597514152526855,0.009579658508300781
13,5,150,50.0,3.987290143966675,3.975137948989868,-0.01215219497680664
13,5,151,61.0,3.207566976547241,3.2191972732543945,0.01163029670715332
13,5,152,208.0,2.833768367767334,2.8289315700531006,-0.0048367977142333984
13,5,153,124.0,3.7818057537078857,3.7817835807800293,-2.2172927856445312e-05
13,5,154,128.0,3.3032331466674805,3.321232318878174,0.01799917221069336
13,5,155,250.0,4.603071212768555,4.616778373718262,0.013707160949707031
13,5,156,239.0,2.621934175491333,2.6299777030944824,0.008043527603149414
13,5,157,164.0,2.8648641109466553,2.866748332977295,0.0018842220306396484
13,5,158,42.0,4.671477317810059,4.6797099113464355,0.008232593536376953
13,5,159,200.0,4.007006645202637,4.012683868408203,0.005677223205566406
13,5,160,209.0,3.638150215148926,3.642063617706299,0.003913402557373047
13,5,161,206.0,3.6040756702423096,3.625267505645752,0.021191835403442383
13,5,162,139.0,4.383498191833496,4.379715919494629,-0.0037822723388671875
13,5,163,76.0,3.7987864017486572,3.8040783405303955,0.005291938781738281
13,5,164,232.0,3.892338275909424,3.886598587036133,-0.005739688873291016
13,5,165,235.0,3.9155564308166504,3.911302328109741,-0.00425410270690918
13,5,166,49.0,4.228317737579346,4.236995697021484,0.008677959442138672
13,5,167,138.0,3.473930835723877,3.4661762714385986,-0.00775456428527832
13,5,168,60.0,3.808337450027466,3.81219220161438,0.0038547515869140625
13,5,169,146.0,4.041977882385254,4.045686721801758,0.0037088394165039062
13,5,170,57.0,4.420210838317871,4.4091267585754395,-0.01108407974243164
13,5,171,135.0,3.909317970275879,3.9016854763031006,-0.00763249397277832
13,5,172,113.0,3.19097638130188,3.19368839263916,0.0027120113372802734
13,5,173,208.0,4.171577453613281,4.183806419372559,0.012228965759277344
13,5,174,195.0,2.116305112838745,2.0896108150482178,-0.026694297790527344
13,5,175,137.0,3.9520905017852783,3.9380314350128174,-0.014059066772460938
13,5,176,91.0,4.97736120223999,4.987353801727295,0.009992599487304688
13,5,177,66.0,3.994100332260132,3.997288465499878,0.0031881332397460938
13,5,178,173.0,3.3507070541381836,3.3642563819885254,0.013549327850341797
13,5,179,89.0,5.353647708892822,5.34805965423584,-0.005588054656982422
13,5,180,231.0,3.6613731384277344,3.6573948860168457,-0.003978252410888672
13,5,181,71.0,5.397938251495361,5.382747650146484,-0.015190601348876953
13,5,182,98.0,3.963383674621582,3.981174945831299,0.017791271209716797
13,5,183,215.0,1.998246431350708,2.0229339599609375,0.024687528610229492
13,5,184,159.0,4.383580684661865,4.391234397888184,0.007653713226318359
13,5,185,86.0,3.697986602783203,3.6720073223114014,-0.025979280471801758
13,5,186,92.0,3.4445607662200928,3.4687044620513916,0.024143695831298828
13,5,187,51.0,5.179178714752197,5.179958343505859,0.0007796287536621094
13,5,188,86.0,4.734201908111572,4.737265586853027,0.003063678741455078
13,5,189,132.0,3.6938047409057617,3.6992530822753906,0.005448341369628906
13,5,190,214.0,3.9561617374420166,3.94930100440979,-0.0068607330322265625
13,5,191,139.0,4.121965408325195,4.1114397048950195,-0.010525703430175781
13,5,192,89.0,3.4952480792999268,3.5045416355133057,0.009293556213378906
13,5,193,102.0,4.782958507537842,4.77396297454834,-0.008995532989501953
13,5,194,156.0,2.6015143394470215,2.622492790222168,0.020978450775146484
13,5,195,87.0,3.839608669281006,3.8493382930755615,0.009729623794555664
13,5,196,175.0,3.2536110877990723,3.2547545433044434,0.0011434555053710938
13,5,197,136.0,2.3385791778564453,2.333425998687744,-0.005153179168701172
13,5,198,54.0,3.781459093093872,3.7835962772369385,0.0021371841430664062
13,5,199,71.0,4.556375980377197,4.554058074951172,-0.0023179054260253906
13,5,200,43.0,4.562034606933594,4.581122398376465,0.019087791442871094
13,5,201,200.0,3.3231818675994873,3.3300342559814453,0.006852388381958008
13,5,202,60.0,3.5167155265808105,3.5099785327911377,-0.0067369937896728516
13,5,203,220.0,3.437206983566284,3.448367118835449,0.011160135269165039
13,5,204,160.0,4.1729278564453125,4.185744285583496,0.012816429138183594
13,5,205,46.0,3.025144100189209,3.0284039974212646,0.003259897232055664
13,5,206,189.0,3.507356882095337,3.509064197540283,0.001707315444946289
13,5,207,69.0,4.68245792388916,4.674332618713379,-0.00812530517578125
13,5,208,164.0,2.968637228012085,2.9706108570098877,0.0019736289978027344
13,5,209,121.0,3.6657907962799072,3.67476487159729,0.008974075317382812
13,5,210,453.0,5.465768337249756,5.443418979644775,-0.02234935760498047
13,5,211,167.0,3.817554473876953,3.813861131668091,-0.0036933422088623047
13,5,212,79.0,3.6519949436187744,3.6582067012786865,0.006211757659912109
13,5,213,64.0,4.473271369934082,4.472367763519287,-0.0009036064147949219
13,5,214,214.0,3.5177533626556396,3.522998809814453,0.0052454471588134766
13,5,215,42.0,4.581282615661621,4.582433223724365,0.0011506080627441406
13,5,216,85.0,4.406545639038086,4.428098201751709,0.021552562713623047
13,5,217,45.0,4.909335136413574,4.918856620788574,0.009521484375
13,5,218,96.0,4.346060276031494,4.337630748748779,-0.008429527282714844
13,5,219,40.0,3.466945171356201,3.461888074874878,-0.005057096481323242
13,5,220,66.0,4.6993865966796875,4.7092390060424805,0.009852409362792969
13,5,221,262.0,3.4376049041748047,3.4328036308288574,-0.004801273345947266
13,5,222,32.0,4.6173553466796875,4.630310535430908,0.012955188751220703
13,5,223,33.0,4.931256294250488,4.939876079559326,0.00861978530883789
13,5,224,139.0,2.1582767963409424,2.1515932083129883,-0.0066835880279541016
13,5,225,84.0,4.020323753356934,4.021687984466553,0.0013642311096191406
13,5,226,46.0,3.709413528442383,3.739229202270508,0.029815673828125
13,5,227,121.0,4.181075572967529,4.178036689758301,-0.0030388832092285156
13,5,228,67.0,3.140568971633911,3.149881601333618,0.009312629699707031
13,5,229,187.0,3.8881711959838867,3.892080783843994,0.003909587860107422
13,5,230,40.0,4.873936176300049,4.8683929443359375,-0.005543231964111328
13,5,231,91.0,3.998016119003296,4.003152847290039,0.005136728286743164
13,5,232,52.0,4.4449782371521,4.48020076751709,0.035222530364990234
13,5,233,49.0,4.133476257324219,4.133718967437744,0.00024271011352539062
13,5,234,261.0,3.079342842102051,3.0893967151641846,0.010053873062133789
13,5,235,59.0,4.072587490081787,4.064241409301758,-0.008346080780029297
13,5,236,132.0,4.054989814758301,4.067328929901123,0.012339115142822266
13,5,237,136.0,3.4520623683929443,3.4715445041656494,0.019482135772705078
13,5,238,210.0,3.7005720138549805,3.7126715183258057,0.012099504470825195
13,5,239,258.0,3.6856272220611572,3.6850132942199707,-0.0006139278411865234
13,5,240,203.0,3.5238258838653564,3.5280420780181885,0.004216194152832031
13,5,241,198.0,3.3618428707122803,3.3630611896514893,0.0012183189392089844
13,5,242,85.0,3.468600034713745,3.4601526260375977,-0.008447408676147461
13,5,243,85.0,2.1469109058380127,2.11529541015625,-0.031615495681762695
13,5,244,93.0,4.847414970397949,4.849652290344238,0.0022373199462890625
13,5,245,68.0,4.8312296867370605,4.8350372314453125,0.003807544708251953
13,5,246,58.0,4.302565574645996,4.309835433959961,0.007269859313964844
13,5,247,187.0,3.1594748497009277,3.1547491550445557,-0.00472569465637207
13,5,248,64.0,2.745805263519287,2.752293825149536,0.0064885616302490234
13,5,249,100.0,3.3120670318603516,3.3123507499694824,0.0002837181091308594
13,5,250,151.0,3.886031150817871,3.886882781982422,0.0008516311645507812
13,5,251,174.0,3.292135715484619,3.289113759994507,-0.0030219554901123047
13,5,252,126.0,4.651801109313965,4.645753860473633,-0.006047248840332031
13,5,253,99.0,3.699761390686035,3.6800506114959717,-0.019710779190063477
13,5,254,107.0,4.576633453369141,4.594922065734863,0.018288612365722656
13,5,255,116.0,3.825943946838379,3.8344030380249023,0.008459091186523438
13,6,0,196.0,3.98167085647583,3.9347877502441406,-0.04688310623168945
13,6,1,127.0,3.705084800720215,3.7053115367889404,0.00022673606872558594
13,6,2,162.0,2.4317469596862793,2.425729274749756,-0.0060176849365234375
13,6,3,92.0,5.154407501220703,5.162194728851318,0.007787227630615234
13,6,4,194.0,3.7261335849761963,3.7125093936920166,-0.013624191284179688
13,6,5,115.0,3.4317781925201416,3.4383304119110107,0.006552219390869141
13,6,6,109.0,4.611254692077637,4.568130970001221,-0.043123722076416016
13,6,7,48.0,3.824559450149536,3.8355112075805664,0.010951757431030273
13,6,8,69.0,4.333216190338135,4.2997870445251465,-0.03342914581298828
13,6,9,85.0,3.4889185428619385,3.466952085494995,-0.02196645736694336
13,6,10,238.0,3.337062358856201,3.3377890586853027,0.0007266998291015625
13,6,11,233.0,3.013906478881836,2.999342679977417,-0.014563798904418945
13,6,12,208.0,3.644038200378418,3.6289913654327393,-0.015046834945678711
13,6,13,196.0,3.302739381790161,3.3458170890808105,0.043077707290649414
13,6,14,131.0,3.989900827407837,3.962209463119507,-0.027691364288330078
13,6,15,125.0,3.2012383937835693,3.157341241836548,-0.043897151947021484
13,6,16,61.0,4.757500171661377,4.7214860916137695,-0.03601408004760742
13,6,17,164.0,2.6241273880004883,2.6284379959106445,0.00431060791015625
13,6,18,107.0,3.8216171264648438,3.788320302963257,-0.033296823501586914
13,6,19,48.0,4.036356449127197,4.061523914337158,0.025167465209960938
13,6,20,74.0,2.6907341480255127,2.703073263168335,0.012339115142822266
13,6,21,103.0,2.9307749271392822,2.942039728164673,0.011264801025390625
13,6,22,114.0,3.8854269981384277,3.8399224281311035,-0.04550457000732422
13,6,23,50.0,6.480540752410889,6.428228855133057,-0.05231189727783203
13,6,24,281.0,3.1489627361297607,3.1630899906158447,0.014127254486083984
13,6,25,247.0,2.5188822746276855,2.50720477104187,-0.01167750358581543
13,6,26,173.0,4.413876056671143,4.392019271850586,-0.02185678482055664
13,6,27,166.0,3.707796812057495,3.6898581981658936,-0.017938613891601562
13,6,28,98.0,3.151510238647461,3.167102813720703,0.015592575073242188
13,6,29,174.0,3.586359739303589,3.5733985900878906,-0.012961149215698242
13,6,30,173.0,3.190525531768799,3.165738582611084,-0.024786949157714844
13,6,31,215.0,4.340093612670898,4.3682966232299805,0.02820301055908203
13,6,32,186.0,3.4789488315582275,3.453270673751831,-0.025678157806396484
13,6,33,153.0,2.9326295852661133,2.899080991744995,-0.033548593521118164
13,6,34,147.0,4.1311798095703125,4.0696330070495605,-0.06154680252075195
13,6,35,50.0,4.620577812194824,4.615420341491699,-0.005157470703125
13,6,36,86.0,3.942690134048462,3.883188247680664,-0.05950188636779785
13,6,37,154.0,4.250033378601074,4.219687461853027,-0.030345916748046875
13,6,38,265.0,2.933018684387207,2.960463047027588,0.02744436264038086
13,6,39,199.0,3.941709518432617,3.9571187496185303,0.015409231185913086
13,6,40,138.0,4.430899620056152,4.4336838722229,0.002784252166748047
13,6,41,98.0,4.048152923583984,3.999582052230835,-0.048570871353149414
13,6,42,167.0,2.98820424079895,2.9773876667022705,-0.010816574096679688
13,6,43,288.0,4.51556396484375,4.48988676071167,-0.025677204132080078
13,6,44,225.0,3.134540557861328,3.1680593490600586,0.03351879119873047
13,6,45,191.0,3.475728988647461,3.473259210586548,-0.002469778060913086
13,6,46,92.0,5.071820259094238,5.049152374267578,-0.022667884826660156
13,6,47,41.0,5.766663551330566,5.708871841430664,-0.057791709899902344
13,6,48,231.0,3.4077651500701904,3.401930332183838,-0.005834817886352539
13,6,49,101.0,2.9521121978759766,3.0242011547088623,0.07208895683288574
13,6,50,177.0,3.6662821769714355,3.657756805419922,-0.008525371551513672
13,6,51,252.0,4.05861759185791,4.037115573883057,-0.021502017974853516
13,6,52,259.0,3.3747026920318604,3.360917329788208,-0.013785362243652344
13,6,53,47.0,4.065746307373047,3.9907784461975098,-0.07496786117553711
13,6,54,164.0,2.495858669281006,2.5031135082244873,0.007254838943481445
13,6,55,94.0,4.066493034362793,4.133558750152588,0.06706571578979492
13,6,56,103.0,4.11627721786499,4.170527935028076,0.05425071716308594
13,6,57,78.0,3.913255453109741,3.9350407123565674,0.021785259246826172
13,6,58,239.0,3.692802906036377,3.706829786300659,0.014026880264282227
13,6,59,271.0,4.881155014038086,4.925412178039551,0.044257164001464844
13,6,60,162.0,3.3450679779052734,3.322885036468506,-0.022182941436767578
13,6,61,179.0,3.870093584060669,3.868856191635132,-0.0012373924255371094
13,6,62,218.0,3.1762454509735107,3.1402971744537354,-0.03594827651977539
13,6,63,81.0,3.809858798980713,3.8222498893737793,0.012391090393066406
13,6,64,93.0,4.687077522277832,4.703794002532959,0.016716480255126953
13,6,65,72.0,4.558295249938965,4.524129867553711,-0.034165382385253906
13,6,66,230.0,3.737887382507324,3.752147912979126,0.014260530471801758
13,6,67,99.0,3.1625142097473145,3.1600940227508545,-0.002420186996459961
13,6,68,213.0,3.218388557434082,3.2139148712158203,-0.004473686218261719
13,6,69,119.0,3.072978973388672,3.1001644134521484,0.027185440063476562
13,6,70,161.0,3.529710531234741,3.5282771587371826,-0.0014333724975585938
13,6,71,90.0,4.394758224487305,4.367216110229492,-0.0275421142578125
13,6,72,181.0,3.6989989280700684,3.6169238090515137,-0.08207511901855469
13,6,73,95.0,4.745315074920654,4.686450004577637,-0.05886507034301758
13,6,74,245.0,2.801177740097046,2.809657335281372,0.008479595184326172
13,6,75,93.0,2.319314956665039,2.281909227371216,-0.03740572929382324
13,6,76,225.0,3.1077821254730225,3.1896536350250244,0.08187150955200195
13,6,77,61.0,4.027099132537842,4.001593589782715,-0.025505542755126953
13,6,78,257.0,4.246406078338623,4.209068775177002,-0.037337303161621094
13,6,79,165.0,3.7203760147094727,3.712161064147949,-0.008214950561523438
13,6,80,117.0,4.752804279327393,4.739741325378418,-0.01306295394897461
13,6,81,89.0,4.279232025146484,4.184520721435547,-0.0947113037109375
13,6,82,291.0,4.08609676361084,4.070068359375,-0.016028404235839844
13,6,83,93.0,4.042176723480225,4.030588150024414,-0.011588573455810547
13,6,84,228.0,2.8949825763702393,2.8862407207489014,-0.00874185562133789
13,6,85,131.0,3.406266927719116,3.4257187843322754,0.01945185661315918
13,6,86,191.0,4.77057409286499,4.771208763122559,0.0006346702575683594
13,6,87,238.0,5.341985702514648,5.31872034072876,-0.023265361785888672
13,6,88,210.0,3.7304000854492188,3.7433342933654785,0.012934207916259766
13,6,89,107.0,4.658895492553711,4.635622978210449,-0.02327251434326172
13,6,90,217.0,3.256716728210449,3.237051486968994,-0.019665241241455078
13,6,91,199.0,3.479922294616699,3.457139730453491,-0.022782564163208008
13,6,92,84.0,2.9870519638061523,2.96528697013855,-0.02176499366760254
13,6,93,271.0,4.167789459228516,4.143730640411377,-0.024058818817138672
13,6,94,226.0,3.797963857650757,3.76405668258667,-0.033907175064086914
13,6,95,258.0,4.302313327789307,4.3291168212890625,0.02680349349975586
13,6,96,86.0,4.009377479553223,3.9753854274749756,-0.03399205207824707
13,6,97,142.0,4.886353492736816,4.890793323516846,0.004439830780029297
13,6,98,42.0,4.73474645614624,4.778303623199463,0.043557167053222656
13,6,99,224.0,3.053419828414917,3.0474250316619873,-0.0059947967529296875
13,6,100,197.0,2.6848225593566895,2.6768884658813477,-0.007934093475341797
13,6,101,85.0,3.080362558364868,3.0272955894470215,-0.05306696891784668
13,6,102,195.0,3.4633231163024902,3.481903314590454,0.018580198287963867
13,6,103,102.0,4.20768404006958,4.187318325042725,-0.02036571502685547
13,6,104,181.0,3.711848735809326,3.7382712364196777,0.026422500610351562
13,6,105,72.0,2.723045587539673,2.7561850547790527,0.03313946723937988
13,6,106,130.0,4.976626396179199,4.945420742034912,-0.03120565414428711
13,6,107,62.0,3.1819393634796143,3.145562171936035,-0.0363771915435791
13,6,108,263.0,4.0605854988098145,4.048332214355469,-0.012253284454345703
13,6,109,194.0,3.1560444831848145,3.161449909210205,0.005405426025390625
13,6,110,174.0,3.211611032485962,3.2396018505096436,0.02799081802368164
13,6,111,235.0,4.168798446655273,4.258519172668457,0.0897207260131836
13,6,112,143.0,4.279087066650391,4.2197723388671875,-0.059314727783203125
13,6,113,117.0,4.890145778656006,4.858121395111084,-0.032024383544921875
13,6,114,160.0,4.253233909606934,4.205812931060791,-0.04742097854614258
13,6,115,115.0,3.9266409873962402,3.896723747253418,-0.029917240142822266
13,6,116,120.0,3.8633739948272705,3.861178159713745,-0.0021958351135253906
13,6,117,186.0,4.1213459968566895,4.103637218475342,-0.017708778381347656
13,6,118,138.0,3.296036958694458,3.2705178260803223,-0.025519132614135742
13,6,119,80.0,3.554978847503662,3.54266619682312,-0.012312650680541992
13,6,120,164.0,3.3612916469573975,3.3731436729431152,0.011852025985717773
13,6,121,215.0,3.762061357498169,3.7553327083587646,-0.006728649139404297
13,6,122,81.0,3.60632061958313,3.631185293197632,0.024864673614501953
13,6,123,171.0,3.4178876876831055,3.3668222427368164,-0.05106544494628906
13,6,124,41.0,4.780884742736816,4.805784225463867,0.02489948272705078
13,6,125,103.0,4.1708221435546875,4.182797908782959,0.011975765228271484
13,6,126,145.0,3.385586977005005,3.3592915534973145,-0.02629542350769043
13,6,127,102.0,3.511989116668701,3.5400965213775635,0.028107404708862305
13,6,128,157.0,4.545989513397217,4.529893398284912,-0.016096115112304688
13,6,129,161.0,3.612820625305176,3.54884672164917,-0.06397390365600586
13,6,130,248.0,3.595446825027466,3.5853829383850098,-0.010063886642456055
13,6,131,240.0,4.314742088317871,4.31264591217041,-0.0020961761474609375
13,6,132,284.0,3.515221118927002,3.512150526046753,-0.0030705928802490234
13,6,133,105.0,5.547122001647949,5.508708953857422,-0.038413047790527344
13,6,134,72.0,3.6292827129364014,3.6245694160461426,-0.004713296890258789
13,6,135,86.0,3.9638190269470215,3.942897319793701,-0.020921707153320312
13,6,136,120.0,3.225938320159912,3.250483751296997,0.02454543113708496
13,6,137,64.0,3.684243679046631,3.6807427406311035,-0.0035009384155273438
13,6,138,220.0,2.8231959342956543,2.8147926330566406,-0.008403301239013672
13,6,139,92.0,2.984248638153076,2.913861036300659,-0.07038760185241699
13,6,140,180.0,3.4170660972595215,3.3994245529174805,-0.017641544342041016
13,6,141,95.0,3.5693070888519287,3.567650079727173,-0.0016570091247558594
13,6,142,72.0,5.436267852783203,5.418374538421631,-0.017893314361572266
13,6,143,152.0,4.664964199066162,4.662121295928955,-0.0028429031372070312
13,6,144,170.0,3.2575697898864746,3.2621254920959473,0.004555702209472656
13,6,145,56.0,4.233151912689209,4.1800642013549805,-0.053087711334228516
13,6,146,174.0,3.632305860519409,3.6388797760009766,0.006573915481567383
13,6,147,191.0,3.26232647895813,3.2784979343414307,0.01617145538330078
13,6,148,279.0,3.7231252193450928,3.7405197620391846,0.017394542694091797
13,6,149,98.0,3.6501717567443848,3.68648099899292,0.036309242248535156
13,6,150,50.0,3.987290143966675,3.9954168796539307,0.00812673568725586
13,6,151,61.0,3.207566976547241,3.286006212234497,0.07843923568725586
13,6,152,208.0,2.833768367767334,2.8007102012634277,-0.03305816650390625
13,6,153,124.0,3.7818057537078857,3.7389180660247803,-0.04288768768310547
13,6,154,128.0,3.3032331466674805,3.3072595596313477,0.0040264129638671875
13,6,155,250.0,4.603071212768555,4.6114678382873535,0.008396625518798828
13,6,156,239.0,2.621934175491333,2.655118942260742,0.03318476676940918
13,6,157,164.0,2.8648641109466553,2.8541769981384277,-0.010687112808227539
13,6,158,42.0,4.671477317810059,4.669078826904297,-0.0023984909057617188
13,6,159,200.0,4.007006645202637,3.976466417312622,-0.03054022789001465
13,6,160,209.0,3.638150215148926,3.657217264175415,0.019067049026489258
13,6,161,206.0,3.6040756702423096,3.5814857482910156,-0.022589921951293945
13,6,162,139.0,4.383498191833496,4.36086893081665,-0.022629261016845703
13,6,163,76.0,3.7987864017486572,3.7524096965789795,-0.046376705169677734
13,6,164,232.0,3.892338275909424,3.8601667881011963,-0.03217148780822754
13,6,165,235.0,3.9155564308166504,3.8693227767944336,-0.0462336540222168
13,6,166,49.0,4.228317737579346,4.257436275482178,0.02911853790283203
13,6,167,138.0,3.473930835723877,3.4740841388702393,0.0001533031463623047
13,6,168,60.0,3.808337450027466,3.8745172023773193,0.06617975234985352
13,6,169,146.0,4.041977882385254,4.024974822998047,-0.01700305938720703
13,6,170,57.0,4.420210838317871,4.425277233123779,0.005066394805908203
13,6,171,135.0,3.909317970275879,3.9776837825775146,0.06836581230163574
13,6,172,113.0,3.19097638130188,3.1351723670959473,-0.05580401420593262
13,6,173,208.0,4.171577453613281,4.187138557434082,0.015561103820800781
13,6,174,195.0,2.116305112838745,2.0462944507598877,-0.07001066207885742
13,6,175,137.0,3.9520905017852783,3.899519205093384,-0.05257129669189453
13,6,176,91.0,4.97736120223999,4.939981460571289,-0.03737974166870117
13,6,177,66.0,3.994100332260132,3.997054100036621,0.002953767776489258
13,6,178,173.0,3.3507070541381836,3.357625722885132,0.006918668746948242
13,6,179,89.0,5.353647708892822,5.324826240539551,-0.028821468353271484
13,6,180,231.0,3.6613731384277344,3.6568593978881836,-0.004513740539550781
13,6,181,71.0,5.397938251495361,5.331141471862793,-0.06679677963256836
13,6,182,98.0,3.963383674621582,3.939478635787964,-0.023905038833618164
13,6,183,215.0,1.998246431350708,2.009787082672119,0.011540651321411133
13,6,184,159.0,4.383580684661865,4.394255638122559,0.01067495346069336
13,6,185,86.0,3.697986602783203,3.7032454013824463,0.005258798599243164
13,6,186,92.0,3.4445607662200928,3.425894021987915,-0.018666744232177734
13,6,187,51.0,5.179178714752197,5.213826656341553,0.03464794158935547
13,6,188,86.0,4.734201908111572,4.740111827850342,0.005909919738769531
13,6,189,132.0,3.6938047409057617,3.6942503452301025,0.0004456043243408203
13,6,190,214.0,3.9561617374420166,3.9334423542022705,-0.022719383239746094
13,6,191,139.0,4.121965408325195,4.071958065032959,-0.05000734329223633
13,6,192,89.0,3.4952480792999268,3.526761770248413,0.03151369094848633
13,6,193,102.0,4.782958507537842,4.756567478179932,-0.026391029357910156
13,6,194,156.0,2.6015143394470215,2.590071201324463,-0.011443138122558594
13,6,195,87.0,3.839608669281006,3.8062632083892822,-0.03334546089172363
13,6,196,175.0,3.2536110877990723,3.1984364986419678,-0.05517458915710449
13,6,197,136.0,2.3385791778564453,2.388381004333496,0.04980182647705078
13,6,198,54.0,3.781459093093872,3.8144519329071045,0.03299283981323242
13,6,199,71.0,4.556375980377197,4.543485164642334,-0.012890815734863281
13,6,200,43.0,4.562034606933594,4.557461738586426,-0.004572868347167969
13,6,201,200.0,3.3231818675994873,3.336796760559082,0.013614892959594727
13,6,202,60.0,3.5167155265808105,3.5864968299865723,0.06978130340576172
13,6,203,220.0,3.437206983566284,3.413623332977295,-0.023583650588989258
13,6,204,160.0,4.1729278564453125,4.1972975730896,0.02436971664428711
13,6,205,46.0,3.025144100189209,3.062145709991455,0.037001609802246094
13,6,206,189.0,3.507356882095337,3.5455851554870605,0.03822827339172363
13,6,207,69.0,4.68245792388916,4.593846797943115,-0.08861112594604492
13,6,208,164.0,2.968637228012085,2.9930450916290283,0.02440786361694336
13,6,209,121.0,3.6657907962799072,3.6695168018341064,0.0037260055541992188
13,6,210,453.0,5.465768337249756,5.51345682144165,0.04768848419189453
13,6,211,167.0,3.817554473876953,3.8178558349609375,0.000301361083984375
13,6,212,79.0,3.6519949436187744,3.615995407104492,-0.03599953651428223
13,6,213,64.0,4.473271369934082,4.472992897033691,-0.000278472900390625
13,6,214,214.0,3.5177533626556396,3.553469657897949,0.03571629524230957
13,6,215,42.0,4.581282615661621,4.582645416259766,0.0013628005981445312
13,6,216,85.0,4.406545639038086,4.366062641143799,-0.04048299789428711
13,6,217,45.0,4.909335136413574,4.864401817321777,-0.044933319091796875
13,6,218,96.0,4.346060276031494,4.3192572593688965,-0.026803016662597656
13,6,219,40.0,3.466945171356201,3.4779326915740967,0.010987520217895508
13,6,220,66.0,4.6993865966796875,4.636416912078857,-0.06296968460083008
13,6,221,262.0,3.4376049041748047,3.410098075866699,-0.02750682830810547
13,6,222,32.0,4.6173553466796875,4.6021881103515625,-0.015167236328125
13,6,223,33.0,4.931256294250488,4.926299571990967,-0.004956722259521484
13,6,224,139.0,2.1582767963409424,2.1657652854919434,0.0074884891510009766
13,6,225,84.0,4.020323753356934,4.023937702178955,0.0036139488220214844
13,6,226,46.0,3.709413528442383,3.766584634780884,0.05717110633850098
13,6,227,121.0,4.181075572967529,4.1923418045043945,0.011266231536865234
13,6,228,67.0,3.140568971633911,3.1528329849243164,0.012264013290405273
13,6,229,187.0,3.8881711959838867,3.8954014778137207,0.007230281829833984
13,6,230,40.0,4.873936176300049,4.878973484039307,0.0050373077392578125
13,6,231,91.0,3.998016119003296,3.9860899448394775,-0.01192617416381836
13,6,232,52.0,4.4449782371521,4.405029773712158,-0.039948463439941406
13,6,233,49.0,4.133476257324219,4.060730934143066,-0.07274532318115234
13,6,234,261.0,3.079342842102051,3.0751662254333496,-0.004176616668701172
13,6,235,59.0,4.072587490081787,4.062878608703613,-0.009708881378173828
13,6,236,132.0,4.054989814758301,4.036806106567383,-0.01818370819091797
13,6,237,136.0,3.4520623683929443,3.4370875358581543,-0.014974832534790039
13,6,238,210.0,3.7005720138549805,3.6962013244628906,-0.004370689392089844
13,6,239,258.0,3.6856272220611572,3.6952834129333496,0.009656190872192383
13,6,240,203.0,3.5238258838653564,3.5854318141937256,0.06160593032836914
13,6,241,198.0,3.3618428707122803,3.3455629348754883,-0.016279935836791992
13,6,242,85.0,3.468600034713745,3.4399592876434326,-0.0286407470703125
13,6,243,85.0,2.1469109058380127,2.204583168029785,0.05767226219177246
13,6,244,93.0,4.847414970397949,4.792625427246094,-0.05478954315185547
13,6,245,68.0,4.8312296867370605,4.882887363433838,0.051657676696777344
13,6,246,58.0,4.302565574645996,4.292597770690918,-0.009967803955078125
13,6,247,187.0,3.1594748497009277,3.179863214492798,0.020388364791870117
13,6,248,64.0,2.745805263519287,2.7363107204437256,-0.009494543075561523
13,6,249,100.0,3.3120670318603516,3.3189492225646973,0.006882190704345703
13,6,250,151.0,3.886031150817871,3.904115676879883,0.01808452606201172
13,6,251,174.0,3.292135715484619,3.3213775157928467,0.02924180030822754
13,6,252,126.0,4.651801109313965,4.588742733001709,-0.06305837631225586
13,6,253,99.0,3.699761390686035,3.700080633163452,0.0003192424774169922
13,6,254,107.0,4.576633453369141,4.545047283172607,-0.0315861701965332
13,6,255,116.0,3.825943946838379,3.8464560508728027,0.020512104034423828
13,7,0,196.0,3.98167085647583,4.011070251464844,0.029399394989013672
13,7,1,127.0,3.705084800720215,3.7276723384857178,0.02258753776550293
13,7,2,162.0,2.4317469596862793,2.4669992923736572,0.03525233268737793
13,7,3,92.0,5.154407501220703,5.189602375030518,0.03519487380981445
13,7,4,194.0,3.7261335849761963,3.763446092605591,0.03731250762939453
13,7,5,115.0,3.4317781925201416,3.4606072902679443,0.028829097747802734
13,7,6,109.0,4.611254692077637,4.616813659667969,0.005558967590332031
13,7,7,48.0,3.824559450149536,3.819631576538086,-0.004927873611450195
13,7,8,69.0,4.333216190338135,4.38532018661499,0.05210399627685547
13,7,9,85.0,3.4889185428619385,3.5317015647888184,0.04278302192687988
13,7,10,238.0,3.337062358856201,3.3549509048461914,0.017888545989990234
13,7,11,233.0,3.013906478881836,3.0590426921844482,0.045136213302612305
13,7,12,208.0,3.644038200378418,3.6690657138824463,0.02502751350402832
13,7,13,196.0,3.302739381790161,3.380662679672241,0.07792329788208008
13,7,14,131.0,3.989900827407837,4.082493782043457,0.09259295463562012
13,7,15,125.0,3.2012383937835693,3.2187206745147705,0.017482280731201172
13,7,16,61.0,4.757500171661377,4.8159661293029785,0.05846595764160156
13,7,17,164.0,2.6241273880004883,2.6661458015441895,0.04201841354370117
13,7,18,107.0,3.8216171264648438,3.8637866973876953,0.04216957092285156
13,7,19,48.0,4.036356449127197,4.024167537689209,-0.012188911437988281
13,7,20,74.0,2.6907341480255127,2.734708070755005,0.04397392272949219
13,7,21,103.0,2.9307749271392822,2.9300949573516846,-0.0006799697875976562
13,7,22,114.0,3.8854269981384277,3.9462525844573975,0.06082558631896973
13,7,23,50.0,6.480540752410889,6.494696140289307,0.014155387878417969
13,7,24,281.0,3.1489627361297607,3.2083561420440674,0.05939340591430664
13,7,25,247.0,2.5188822746276855,2.547518491744995,0.02863621711730957
13,7,26,173.0,4.413876056671143,4.43844747543335,0.02457141876220703
13,7,27,166.0,3.707796812057495,3.736447334289551,0.028650522232055664
13,7,28,98.0,3.151510238647461,3.184828519821167,0.033318281173706055
13,7,29,174.0,3.586359739303589,3.5912764072418213,0.004916667938232422
13,7,30,173.0,3.190525531768799,3.279857873916626,0.08933234214782715
13,7,31,215.0,4.340093612670898,4.342006683349609,0.0019130706787109375
13,7,32,186.0,3.4789488315582275,3.502368450164795,0.023419618606567383
13,7,33,153.0,2.9326295852661133,2.9739291667938232,0.04129958152770996
13,7,34,147.0,4.1311798095703125,4.223862648010254,0.0926828384399414
13,7,35,50.0,4.620577812194824,4.634800910949707,0.014223098754882812
13,7,36,86.0,3.942690134048462,4.040510177612305,0.09782004356384277
13,7,37,154.0,4.250033378601074,4.289837837219238,0.03980445861816406
13,7,38,265.0,2.933018684387207,2.949579954147339,0.016561269760131836
13,7,39,199.0,3.941709518432617,3.9685261249542236,0.026816606521606445
13,7,40,138.0,4.430899620056152,4.458345413208008,0.02744579315185547
13,7,41,98.0,4.048152923583984,4.1056952476501465,0.05754232406616211
13,7,42,167.0,2.98820424079895,2.9965567588806152,0.008352518081665039
13,7,43,288.0,4.51556396484375,4.585732936859131,0.07016897201538086
13,7,44,225.0,3.134540557861328,3.1630332469940186,0.02849268913269043
13,7,45,191.0,3.475728988647461,3.475836753845215,0.00010776519775390625
13,7,46,92.0,5.071820259094238,5.128808498382568,0.05698823928833008
13,7,47,41.0,5.766663551330566,5.79080867767334,0.024145126342773438
13,7,48,231.0,3.4077651500701904,3.457655191421509,0.04989004135131836
13,7,49,101.0,2.9521121978759766,2.9611809253692627,0.009068727493286133
13,7,50,177.0,3.6662821769714355,3.6818625926971436,0.015580415725708008
13,7,51,252.0,4.05861759185791,4.1096882820129395,0.0510706901550293
13,7,52,259.0,3.3747026920318604,3.3846182823181152,0.009915590286254883
13,7,53,47.0,4.065746307373047,4.113372325897217,0.04762601852416992
13,7,54,164.0,2.495858669281006,2.516423225402832,0.020564556121826172
13,7,55,94.0,4.066493034362793,4.1065354347229,0.04004240036010742
13,7,56,103.0,4.11627721786499,4.147459030151367,0.031181812286376953
13,7,57,78.0,3.913255453109741,3.92289137840271,0.00963592529296875
13,7,58,239.0,3.692802906036377,3.7025632858276367,0.009760379791259766
13,7,59,271.0,4.881155014038086,4.9042863845825195,0.023131370544433594
13,7,60,162.0,3.3450679779052734,3.3953933715820312,0.05032539367675781
13,7,61,179.0,3.870093584060669,3.9161717891693115,0.04607820510864258
13,7,62,218.0,3.1762454509735107,3.187147855758667,0.01090240478515625
13,7,63,81.0,3.809858798980713,3.8710105419158936,0.061151742935180664
13,7,64,93.0,4.687077522277832,4.712225914001465,0.025148391723632812
13,7,65,72.0,4.558295249938965,4.634459018707275,0.07616376876831055
13,7,66,230.0,3.737887382507324,3.772003412246704,0.03411602973937988
13,7,67,99.0,3.1625142097473145,3.1740598678588867,0.011545658111572266
13,7,68,213.0,3.218388557434082,3.2582523822784424,0.03986382484436035
13,7,69,119.0,3.072978973388672,3.0678024291992188,-0.005176544189453125
13,7,70,161.0,3.529710531234741,3.533869981765747,0.004159450531005859
13,7,71,90.0,4.394758224487305,4.3922343254089355,-0.0025238990783691406
13,7,72,181.0,3.6989989280700684,3.7459702491760254,0.04697132110595703
13,7,73,95.0,4.745315074920654,4.809223175048828,0.06390810012817383
13,7,74,245.0,2.801177740097046,2.835723400115967,0.0345456600189209
13,7,75,93.0,2.319314956665039,2.332064390182495,0.012749433517456055
13,7,76,225.0,3.1077821254730225,3.183785915374756,0.0760037899017334
13,7,77,61.0,4.027099132537842,4.088650226593018,0.06155109405517578
13,7,78,257.0,4.246406078338623,4.293645858764648,0.04723978042602539
13,7,79,165.0,3.7203760147094727,3.685075521469116,-0.035300493240356445
13,7,80,117.0,4.752804279327393,4.762635707855225,0.009831428527832031
13,7,81,89.0,4.279232025146484,4.2973527908325195,0.018120765686035156
13,7,82,291.0,4.08609676361084,4.108279228210449,0.022182464599609375
13,7,83,93.0,4.042176723480225,4.082884311676025,0.04070758819580078
13,7,84,228.0,2.8949825763702393,2.9398834705352783,0.04490089416503906
13,7,85,131.0,3.406266927719116,3.4216020107269287,0.0153350830078125
13,7,86,191.0,4.77057409286499,4.79017972946167,0.019605636596679688
13,7,87,238.0,5.341985702514648,5.3837666511535645,0.041780948638916016
13,7,88,210.0,3.7304000854492188,3.7695155143737793,0.03911542892456055
13,7,89,107.0,4.658895492553711,4.7339277267456055,0.07503223419189453
13,7,90,217.0,3.256716728210449,3.2871012687683105,0.030384540557861328
13,7,91,199.0,3.479922294616699,3.4713213443756104,-0.008600950241088867
13,7,92,84.0,2.9870519638061523,3.0267229080200195,0.03967094421386719
13,7,93,271.0,4.167789459228516,4.151238441467285,-0.01655101776123047
13,7,94,226.0,3.797963857650757,3.7978169918060303,-0.0001468658447265625
13,7,95,258.0,4.302313327789307,4.328603744506836,0.026290416717529297
13,7,96,86.0,4.009377479553223,4.022620677947998,0.01324319839477539
13,7,97,142.0,4.886353492736816,4.948909282684326,0.06255578994750977
13,7,98,42.0,4.73474645614624,4.7321696281433105,-0.0025768280029296875
13,7,99,224.0,3.053419828414917,3.0968897342681885,0.043469905853271484
13,7,100,197.0,2.6848225593566895,2.7043726444244385,0.019550085067749023
13,7,101,85.0,3.080362558364868,3.180325746536255,0.09996318817138672
13,7,102,195.0,3.4633231163024902,3.4895520210266113,0.026228904724121094
13,7,103,102.0,4.20768404006958,4.25581693649292,0.048132896423339844
13,7,104,181.0,3.711848735809326,3.735370397567749,0.02352166175842285
13,7,105,72.0,2.723045587539673,2.7819950580596924,0.05894947052001953
13,7,106,130.0,4.976626396179199,5.035119533538818,0.05849313735961914
13,7,107,62.0,3.1819393634796143,3.2365963459014893,0.054656982421875
13,7,108,263.0,4.0605854988098145,4.081400394439697,0.020814895629882812
13,7,109,194.0,3.1560444831848145,3.2047088146209717,0.04866433143615723
13,7,110,174.0,3.211611032485962,3.2215449810028076,0.009933948516845703
13,7,111,235.0,4.168798446655273,4.215347766876221,0.046549320220947266
13,7,112,143.0,4.279087066650391,4.330705642700195,0.05161857604980469
13,7,113,117.0,4.890145778656006,4.935733795166016,0.045588016510009766
13,7,114,160.0,4.253233909606934,4.27578067779541,0.022546768188476562
13,7,115,115.0,3.9266409873962402,3.953862190246582,0.027221202850341797
13,7,116,120.0,3.8633739948272705,3.867663621902466,0.0042896270751953125
13,7,117,186.0,4.1213459968566895,4.157939910888672,0.03659391403198242
13,7,118,138.0,3.296036958694458,3.341707468032837,0.045670509338378906
13,7,119,80.0,3.554978847503662,3.5927886962890625,0.03780984878540039
13,7,120,164.0,3.3612916469573975,3.4099371433258057,0.0486454963684082
13,7,121,215.0,3.762061357498169,3.774005651473999,0.011944293975830078
13,7,122,81.0,3.60632061958313,3.7213892936706543,0.11506867408752441
13,7,123,171.0,3.4178876876831055,3.456181049346924,0.03829336166381836
13,7,124,41.0,4.780884742736816,4.818781852722168,0.03789710998535156
13,7,125,103.0,4.1708221435546875,4.186101913452148,0.015279769897460938
13,7,126,145.0,3.385586977005005,3.4482226371765137,0.06263566017150879
13,7,127,102.0,3.511989116668701,3.5440709590911865,0.03208184242248535
13,7,128,157.0,4.545989513397217,4.555180549621582,0.009191036224365234
13,7,129,161.0,3.612820625305176,3.6464896202087402,0.03366899490356445
13,7,130,248.0,3.595446825027466,3.6221213340759277,0.026674509048461914
13,7,131,240.0,4.314742088317871,4.3397955894470215,0.02505350112915039
13,7,132,284.0,3.515221118927002,3.563016891479492,0.047795772552490234
13,7,133,105.0,5.547122001647949,5.570804119110107,0.023682117462158203
13,7,134,72.0,3.6292827129364014,3.607693672180176,-0.021589040756225586
13,7,135,86.0,3.9638190269470215,4.016575813293457,0.05275678634643555
13,7,136,120.0,3.225938320159912,3.2663638591766357,0.04042553901672363
13,7,137,64.0,3.684243679046631,3.7362141609191895,0.051970481872558594
13,7,138,220.0,2.8231959342956543,2.860865354537964,0.03766942024230957
13,7,139,92.0,2.984248638153076,3.03338885307312,0.049140214920043945
13,7,140,180.0,3.4170660972595215,3.440778970718384,0.023712873458862305
13,7,141,95.0,3.5693070888519287,3.5456433296203613,-0.023663759231567383
13,7,142,72.0,5.436267852783203,5.460371494293213,0.024103641510009766
13,7,143,152.0,4.664964199066162,4.689706325531006,0.02474212646484375
13,7,144,170.0,3.2575697898864746,3.2809674739837646,0.02339768409729004
13,7,145,56.0,4.233151912689209,4.242819309234619,0.009667396545410156
13,7,146,174.0,3.632305860519409,3.6852283477783203,0.05292248725891113
13,7,147,191.0,3.26232647895813,3.337779998779297,0.07545351982116699
13,7,148,279.0,3.7231252193450928,3.7476744651794434,0.024549245834350586
13,7,149,98.0,3.6501717567443848,3.665372371673584,0.015200614929199219
13,7,150,50.0,3.987290143966675,3.970982074737549,-0.016308069229125977
13,7,151,61.0,3.207566976547241,3.2366697788238525,0.029102802276611328
13,7,152,208.0,2.833768367767334,2.875286102294922,0.04151773452758789
13,7,153,124.0,3.7818057537078857,3.8653249740600586,0.08351922035217285
13,7,154,128.0,3.3032331466674805,3.337857246398926,0.03462409973144531
13,7,155,250.0,4.603071212768555,4.649199962615967,0.04612874984741211
13,7,156,239.0,2.621934175491333,2.6583471298217773,0.036412954330444336
13,7,157,164.0,2.8648641109466553,2.867403507232666,0.002539396286010742
13,7,158,42.0,4.671477317810059,4.702059745788574,0.030582427978515625
13,7,159,200.0,4.007006645202637,4.012917995452881,0.005911350250244141
13,7,160,209.0,3.638150215148926,3.679556369781494,0.04140615463256836
13,7,161,206.0,3.6040756702423096,3.6653494834899902,0.061273813247680664
13,7,162,139.0,4.383498191833496,4.41176700592041,0.028268814086914062
13,7,163,76.0,3.7987864017486572,3.855137825012207,0.056351423263549805
13,7,164,232.0,3.892338275909424,3.9054949283599854,0.013156652450561523
13,7,165,235.0,3.9155564308166504,3.9571616649627686,0.041605234146118164
13,7,166,49.0,4.228317737579346,4.2694091796875,0.0410914421081543
13,7,167,138.0,3.473930835723877,3.508129596710205,0.034198760986328125
13,7,168,60.0,3.808337450027466,3.796433687210083,-0.011903762817382812
13,7,169,146.0,4.041977882385254,4.071019172668457,0.029041290283203125
13,7,170,57.0,4.420210838317871,4.429182529449463,0.008971691131591797
13,7,171,135.0,3.909317970275879,3.907522678375244,-0.0017952919006347656
13,7,172,113.0,3.19097638130188,3.2693355083465576,0.07835912704467773
13,7,173,208.0,4.171577453613281,4.23620080947876,0.06462335586547852
13,7,174,195.0,2.116305112838745,2.1241581439971924,0.007853031158447266
13,7,175,137.0,3.9520905017852783,3.969733238220215,0.017642736434936523
13,7,176,91.0,4.97736120223999,5.001926898956299,0.024565696716308594
13,7,177,66.0,3.994100332260132,4.065284729003906,0.07118439674377441
13,7,178,173.0,3.3507070541381836,3.3952784538269043,0.0445713996887207
13,7,179,89.0,5.353647708892822,5.434264659881592,0.08061695098876953
13,7,180,231.0,3.6613731384277344,3.7079756259918213,0.046602487564086914
13,7,181,71.0,5.397938251495361,5.4420366287231445,0.0440983772277832
13,7,182,98.0,3.963383674621582,4.041501522064209,0.07811784744262695
13,7,183,215.0,1.998246431350708,2.028136730194092,0.02989029884338379
13,7,184,159.0,4.383580684661865,4.378608226776123,-0.0049724578857421875
13,7,185,86.0,3.697986602783203,3.736544609069824,0.038558006286621094
13,7,186,92.0,3.4445607662200928,3.46431827545166,0.019757509231567383
13,7,187,51.0,5.179178714752197,5.282137393951416,0.10295867919921875
13,7,188,86.0,4.734201908111572,4.74943733215332,0.015235424041748047
13,7,189,132.0,3.6938047409057617,3.7126801013946533,0.0188753604888916
13,7,190,214.0,3.9561617374420166,3.9938931465148926,0.03773140907287598
13,7,191,139.0,4.121965408325195,4.178379535675049,0.056414127349853516
13,7,192,89.0,3.4952480792999268,3.5277926921844482,0.032544612884521484
13,7,193,102.0,4.782958507537842,4.839828968048096,0.056870460510253906
13,7,194,156.0,2.6015143394470215,2.6346898078918457,0.03317546844482422
13,7,195,87.0,3.839608669281006,3.8597397804260254,0.02013111114501953
13,7,196,175.0,3.2536110877990723,3.3144631385803223,0.06085205078125
13,7,197,136.0,2.3385791778564453,2.3310725688934326,-0.007506608963012695
13,7,198,54.0,3.781459093093872,3.8039188385009766,0.022459745407104492
13,7,199,71.0,4.556375980377197,4.57205867767334,0.015682697296142578
13,7,200,43.0,4.562034606933594,4.589169979095459,0.027135372161865234
13,7,201,200.0,3.3231818675994873,3.3508358001708984,0.027653932571411133
13,7,202,60.0,3.5167155265808105,3.4297292232513428,-0.08698630332946777
13,7,203,220.0,3.437206983566284,3.4796969890594482,0.04249000549316406
13,7,204,160.0,4.1729278564453125,4.234775543212891,0.061847686767578125
13,7,205,46.0,3.025144100189209,3.0411276817321777,0.01598358154296875
13,7,206,189.0,3.507356882095337,3.5599582195281982,0.05260133743286133
13,7,207,69.0,4.68245792388916,4.711169719696045,0.028711795806884766
13,7,208,164.0,2.968637228012085,2.976785182952881,0.008147954940795898
13,7,209,121.0,3.6657907962799072,3.7428982257843018,0.07710742950439453
13,7,210,453.0,5.465768337249756,5.616968631744385,0.1512002944946289
13,7,211,167.0,3.817554473876953,3.8358957767486572,0.0183413028717041
13,7,212,79.0,3.6519949436187744,3.684600830078125,0.032605886459350586
13,7,213,64.0,4.473271369934082,4.557744026184082,0.08447265625
13,7,214,214.0,3.5177533626556396,3.5341124534606934,0.01635909080505371
13,7,215,42.0,4.581282615661621,4.670490741729736,0.08920812606811523
13,7,216,85.0,4.406545639038086,4.465768337249756,0.05922269821166992
13,7,217,45.0,4.909335136413574,4.90667200088501,-0.002663135528564453
13,7,218,96.0,4.346060276031494,4.377656936645508,0.03159666061401367
13,7,219,40.0,3.466945171356201,3.4330368041992188,-0.03390836715698242
13,7,220,66.0,4.6993865966796875,4.775879383087158,0.0764927864074707
13,7,221,262.0,3.4376049041748047,3.4530704021453857,0.015465497970581055
13,7,222,32.0,4.6173553466796875,4.6282525062561035,0.010897159576416016
13,7,223,33.0,4.931256294250488,4.907171249389648,-0.024085044860839844
13,7,224,139.0,2.1582767963409424,2.187260866165161,0.02898406982421875
13,7,225,84.0,4.020323753356934,4.068786144256592,0.0484623908996582
13,7,226,46.0,3.709413528442383,3.705735206604004,-0.0036783218383789062
13,7,227,121.0,4.181075572967529,4.189184188842773,0.00810861587524414
13,7,228,67.0,3.140568971633911,3.150878429412842,0.010309457778930664
13,7,229,187.0,3.8881711959838867,3.8903234004974365,0.0021522045135498047
13,7,230,40.0,4.873936176300049,4.934109210968018,0.06017303466796875
13,7,231,91.0,3.998016119003296,4.029530048370361,0.03151392936706543
13,7,232,52.0,4.4449782371521,4.495058536529541,0.050080299377441406
13,7,233,49.0,4.133476257324219,4.182744026184082,0.04926776885986328
13,7,234,261.0,3.079342842102051,3.112335205078125,0.03299236297607422
13,7,235,59.0,4.072587490081787,4.148380279541016,0.07579278945922852
13,7,236,132.0,4.054989814758301,4.057608127593994,0.0026183128356933594
13,7,237,136.0,3.4520623683929443,3.4800760746002197,0.02801370620727539
13,7,238,210.0,3.7005720138549805,3.7155258655548096,0.014953851699829102
13,7,239,258.0,3.6856272220611572,3.715855836868286,0.030228614807128906
13,7,240,203.0,3.5238258838653564,3.638321876525879,0.11449599266052246
13,7,241,198.0,3.3618428707122803,3.388479232788086,0.026636362075805664
13,7,242,85.0,3.468600034713745,3.525725841522217,0.05712580680847168
13,7,243,85.0,2.1469109058380127,2.135009288787842,-0.011901617050170898
13,7,244,93.0,4.847414970397949,4.897442817687988,0.05002784729003906
13,7,245,68.0,4.8312296867370605,4.842008590698242,0.01077890396118164
13,7,246,58.0,4.302565574645996,4.318563461303711,0.015997886657714844
13,7,247,187.0,3.1594748497009277,3.2176551818847656,0.05818033218383789
13,7,248,64.0,2.745805263519287,2.7959132194519043,0.05010795593261719
13,7,249,100.0,3.3120670318603516,3.3066179752349854,-0.005449056625366211
13,7,250,151.0,3.886031150817871,3.92124605178833,0.035214900970458984
13,7,251,174.0,3.292135715484619,3.2948055267333984,0.002669811248779297
13,7,252,126.0,4.651801109313965,4.699255466461182,0.0474543571472168
13,7,253,99.0,3.699761390686035,3.7486002445220947,0.04883885383605957
13,7,254,107.0,4.576633453369141,4.637931823730469,0.061298370361328125
13,7,255,116.0,3.825943946838379,3.853708267211914,0.027764320373535156
13,8,0,196.0,3.98167085647583,3.9829840660095215,0.0013132095336914062
13,8,1,127.0,3.705084800720215,3.7013158798217773,-0.0037689208984375
13,8,2,162.0,2.4317469596862793,2.434314012527466,0.0025670528411865234
13,8,3,92.0,5.154407501220703,5.146439075469971,-0.007968425750732422
13,8,4,194.0,3.7261335849761963,3.732107162475586,0.0059735774993896484
13,8,5,115.0,3.4317781925201416,3.431230306625366,-0.0005478858947753906
13,8,6,109.0,4.611254692077637,4.605401515960693,-0.005853176116943359
13,8,7,48.0,3.824559450149536,3.826075792312622,0.0015163421630859375
13,8,8,69.0,4.333216190338135,4.333981037139893,0.0007648468017578125
13,8,9,85.0,3.4889185428619385,3.4826595783233643,-0.006258964538574219
13,8,10,238.0,3.337062358856201,3.342966318130493,0.005903959274291992
13,8,11,233.0,3.013906478881836,3.0167689323425293,0.0028624534606933594
13,8,12,208.0,3.644038200378418,3.6400339603424072,-0.004004240036010742
13,8,13,196.0,3.302739381790161,3.3039886951446533,0.0012493133544921875
13,8,14,131.0,3.989900827407837,3.983165979385376,-0.0067348480224609375
13,8,15,125.0,3.2012383937835693,3.2035951614379883,0.0023567676544189453
13,8,16,61.0,4.757500171661377,4.754971981048584,-0.0025281906127929688
13,8,17,164.0,2.6241273880004883,2.6197760105133057,-0.004351377487182617
13,8,18,107.0,3.8216171264648438,3.8024303913116455,-0.019186735153198242
13,8,19,48.0,4.036356449127197,4.036299705505371,-5.6743621826171875e-05
13,8,20,74.0,2.6907341480255127,2.6872243881225586,-0.0035097599029541016
13,8,21,103.0,2.9307749271392822,2.9444172382354736,0.013642311096191406
13,8,22,114.0,3.8854269981384277,3.891768455505371,0.006341457366943359
13,8,23,50.0,6.480540752410889,6.483865261077881,0.0033245086669921875
13,8,24,281.0,3.1489627361297607,3.1420350074768066,-0.0069277286529541016
13,8,25,247.0,2.5188822746276855,2.5170302391052246,-0.0018520355224609375
13,8,26,173.0,4.413876056671143,4.419453144073486,0.00557708740234375
13,8,27,166.0,3.707796812057495,3.6910693645477295,-0.016727447509765625
13,8,28,98.0,3.151510238647461,3.154189348220825,0.002679109573364258
13,8,29,174.0,3.586359739303589,3.578568696975708,-0.007791042327880859
13,8,30,173.0,3.190525531768799,3.192678213119507,0.002152681350708008
13,8,31,215.0,4.340093612670898,4.3278398513793945,-0.012253761291503906
13,8,32,186.0,3.4789488315582275,3.4748106002807617,-0.00413823127746582
13,8,33,153.0,2.9326295852661133,2.930288553237915,-0.002341032028198242
13,8,34,147.0,4.1311798095703125,4.137933254241943,0.006753444671630859
13,8,35,50.0,4.620577812194824,4.622257709503174,0.0016798973083496094
13,8,36,86.0,3.942690134048462,3.9176454544067383,-0.025044679641723633
13,8,37,154.0,4.250033378601074,4.23976469039917,-0.010268688201904297
13,8,38,265.0,2.933018684387207,2.927079916000366,-0.00593876838684082
13,8,39,199.0,3.941709518432617,3.9418087005615234,9.918212890625e-05
13,8,40,138.0,4.430899620056152,4.4189276695251465,-0.01197195053100586
13,8,41,98.0,4.048152923583984,4.035783767700195,-0.012369155883789062
13,8,42,167.0,2.98820424079895,2.977806329727173,-0.010397911071777344
13,8,43,288.0,4.51556396484375,4.51418399810791,-0.0013799667358398438
13,8,44,225.0,3.134540557861328,3.1314072608947754,-0.0031332969665527344
13,8,45,191.0,3.475728988647461,3.471967935562134,-0.0037610530853271484
13,8,46,92.0,5.071820259094238,5.07996940612793,0.008149147033691406
13,8,47,41.0,5.766663551330566,5.770238399505615,0.003574848175048828
13,8,48,231.0,3.4077651500701904,3.4116110801696777,0.0038459300994873047
13,8,49,101.0,2.9521121978759766,2.9569950103759766,0.0048828125
13,8,50,177.0,3.6662821769714355,3.665560007095337,-0.0007221698760986328
13,8,51,252.0,4.05861759185791,4.055225372314453,-0.0033922195434570312
13,8,52,259.0,3.3747026920318604,3.3716249465942383,-0.0030777454376220703
13,8,53,47.0,4.065746307373047,4.054360866546631,-0.011385440826416016
13,8,54,164.0,2.495858669281006,2.4923577308654785,-0.0035009384155273438
13,8,55,94.0,4.066493034362793,4.075542449951172,0.009049415588378906
13,8,56,103.0,4.11627721786499,4.121817111968994,0.005539894104003906
13,8,57,78.0,3.913255453109741,3.9262139797210693,0.012958526611328125
13,8,58,239.0,3.692802906036377,3.692986249923706,0.00018334388732910156
13,8,59,271.0,4.881155014038086,4.879398822784424,-0.0017561912536621094
13,8,60,162.0,3.3450679779052734,3.3284637928009033,-0.016604185104370117
13,8,61,179.0,3.870093584060669,3.8747525215148926,0.004658937454223633
13,8,62,218.0,3.1762454509735107,3.1786961555480957,0.002450704574584961
13,8,63,81.0,3.809858798980713,3.8157100677490234,0.005851268768310547
13,8,64,93.0,4.687077522277832,4.691422462463379,0.004344940185546875
13,8,65,72.0,4.558295249938965,4.54064416885376,-0.017651081085205078
13,8,66,230.0,3.737887382507324,3.7363600730895996,-0.0015273094177246094
13,8,67,99.0,3.1625142097473145,3.1739211082458496,0.011406898498535156
13,8,68,213.0,3.218388557434082,3.2173328399658203,-0.0010557174682617188
13,8,69,119.0,3.072978973388672,3.076517343521118,0.003538370132446289
13,8,70,161.0,3.529710531234741,3.5368595123291016,0.0071489810943603516
13,8,71,90.0,4.394758224487305,4.380262851715088,-0.014495372772216797
13,8,72,181.0,3.6989989280700684,3.7072792053222656,0.008280277252197266
13,8,73,95.0,4.745315074920654,4.744736194610596,-0.0005788803100585938
13,8,74,245.0,2.801177740097046,2.8013060092926025,0.00012826919555664062
13,8,75,93.0,2.319314956665039,2.3120710849761963,-0.0072438716888427734
13,8,76,225.0,3.1077821254730225,3.1047000885009766,-0.0030820369720458984
13,8,77,61.0,4.027099132537842,4.021437168121338,-0.005661964416503906
13,8,78,257.0,4.246406078338623,4.240938186645508,-0.005467891693115234
13,8,79,165.0,3.7203760147094727,3.7206432819366455,0.00026726722717285156
13,8,80,117.0,4.752804279327393,4.743983268737793,-0.00882101058959961
13,8,81,89.0,4.279232025146484,4.2836174964904785,0.004385471343994141
13,8,82,291.0,4.08609676361084,4.0821638107299805,-0.003932952880859375
13,8,83,93.0,4.042176723480225,4.039583683013916,-0.0025930404663085938
13,8,84,228.0,2.8949825763702393,2.8949692249298096,-1.33514404296875e-05
13,8,85,131.0,3.406266927719116,3.409132242202759,0.002865314483642578
13,8,86,191.0,4.77057409286499,4.768073081970215,-0.0025010108947753906
13,8,87,238.0,5.341985702514648,5.342041015625,5.53131103515625e-05
13,8,88,210.0,3.7304000854492188,3.729404926300049,-0.0009951591491699219
13,8,89,107.0,4.658895492553711,4.669891834259033,0.010996341705322266
13,8,90,217.0,3.256716728210449,3.2529754638671875,-0.0037412643432617188
13,8,91,199.0,3.479922294616699,3.476865530014038,-0.003056764602661133
13,8,92,84.0,2.9870519638061523,2.984182834625244,-0.002869129180908203
13,8,93,271.0,4.167789459228516,4.159003257751465,-0.008786201477050781
13,8,94,226.0,3.797963857650757,3.787769079208374,-0.010194778442382812
13,8,95,258.0,4.302313327789307,4.290106296539307,-0.01220703125
13,8,96,86.0,4.009377479553223,4.016212463378906,0.006834983825683594
13,8,97,142.0,4.886353492736816,4.8853912353515625,-0.0009622573852539062
13,8,98,42.0,4.73474645614624,4.740019798278809,0.005273342132568359
13,8,99,224.0,3.053419828414917,3.046549081802368,-0.006870746612548828
13,8,100,197.0,2.6848225593566895,2.6757936477661133,-0.009028911590576172
13,8,101,85.0,3.080362558364868,3.091923236846924,0.011560678482055664
13,8,102,195.0,3.4633231163024902,3.4612603187561035,-0.0020627975463867188
13,8,103,102.0,4.20768404006958,4.202234745025635,-0.0054492950439453125
13,8,104,181.0,3.711848735809326,3.7144813537597656,0.002632617950439453
13,8,105,72.0,2.723045587539673,2.7326931953430176,0.009647607803344727
13,8,106,130.0,4.976626396179199,4.974508285522461,-0.0021181106567382812
13,8,107,62.0,3.1819393634796143,3.1699917316436768,-0.0119476318359375
13,8,108,263.0,4.0605854988098145,4.059128284454346,-0.00145721435546875
13,8,109,194.0,3.1560444831848145,3.168907642364502,0.0128631591796875
13,8,110,174.0,3.211611032485962,3.215216875076294,0.0036058425903320312
13,8,111,235.0,4.168798446655273,4.159389972686768,-0.00940847396850586
13,8,112,143.0,4.279087066650391,4.269680023193359,-0.00940704345703125
13,8,113,117.0,4.890145778656006,4.895675182342529,0.0055294036865234375
13,8,114,160.0,4.253233909606934,4.26102876663208,0.007794857025146484
13,8,115,115.0,3.9266409873962402,3.9237310886383057,-0.0029098987579345703
13,8,116,120.0,3.8633739948272705,3.862683057785034,-0.0006909370422363281
13,8,117,186.0,4.1213459968566895,4.115626811981201,-0.005719184875488281
13,8,118,138.0,3.296036958694458,3.297250509262085,0.0012135505676269531
13,8,119,80.0,3.554978847503662,3.5488510131835938,-0.006127834320068359
13,8,120,164.0,3.3612916469573975,3.3589425086975098,-0.0023491382598876953
13,8,121,215.0,3.762061357498169,3.75784969329834,-0.0042116641998291016
13,8,122,81.0,3.60632061958313,3.5997049808502197,-0.006615638732910156
13,8,123,171.0,3.4178876876831055,3.4174511432647705,-0.00043654441833496094
13,8,124,41.0,4.780884742736816,4.766563415527344,-0.014321327209472656
13,8,125,103.0,4.1708221435546875,4.1806159019470215,0.009793758392333984
13,8,126,145.0,3.385586977005005,3.3893022537231445,0.0037152767181396484
13,8,127,102.0,3.511989116668701,3.5133092403411865,0.0013201236724853516
13,8,128,157.0,4.545989513397217,4.555971622467041,0.009982109069824219
13,8,129,161.0,3.612820625305176,3.607672929763794,-0.005147695541381836
13,8,130,248.0,3.595446825027466,3.5956902503967285,0.0002434253692626953
13,8,131,240.0,4.314742088317871,4.315446853637695,0.0007047653198242188
13,8,132,284.0,3.515221118927002,3.5074517726898193,-0.007769346237182617
13,8,133,105.0,5.547122001647949,5.53813362121582,-0.008988380432128906
13,8,134,72.0,3.6292827129364014,3.6249771118164062,-0.004305601119995117
13,8,135,86.0,3.9638190269470215,3.959792375564575,-0.004026651382446289
13,8,136,120.0,3.225938320159912,3.2267160415649414,0.0007777214050292969
13,8,137,64.0,3.684243679046631,3.6979310512542725,0.013687372207641602
13,8,138,220.0,2.8231959342956543,2.815997838973999,-0.0071980953216552734
13,8,139,92.0,2.984248638153076,2.965780735015869,-0.01846790313720703
13,8,140,180.0,3.4170660972595215,3.422683000564575,0.005616903305053711
13,8,141,95.0,3.5693070888519287,3.5552453994750977,-0.014061689376831055
13,8,142,72.0,5.436267852783203,5.4354987144470215,-0.0007691383361816406
13,8,143,152.0,4.664964199066162,4.6656317710876465,0.000667572021484375
13,8,144,170.0,3.2575697898864746,3.260493040084839,0.002923250198364258
13,8,145,56.0,4.233151912689209,4.211764812469482,-0.021387100219726562
13,8,146,174.0,3.632305860519409,3.630423069000244,-0.001882791519165039
13,8,147,191.0,3.26232647895813,3.2646992206573486,0.00237274169921875
13,8,148,279.0,3.7231252193450928,3.7147274017333984,-0.008397817611694336
13,8,149,98.0,3.6501717567443848,3.66243314743042,0.012261390686035156
13,8,150,50.0,3.987290143966675,3.981825351715088,-0.005464792251586914
13,8,151,61.0,3.207566976547241,3.213179349899292,0.005612373352050781
13,8,152,208.0,2.833768367767334,2.8278543949127197,-0.005913972854614258
13,8,153,124.0,3.7818057537078857,3.7878501415252686,0.0060443878173828125
13,8,154,128.0,3.3032331466674805,3.309919595718384,0.00668644905090332
13,8,155,250.0,4.603071212768555,4.606077194213867,0.0030059814453125
13,8,156,239.0,2.621934175491333,2.6228199005126953,0.0008857250213623047
13,8,157,164.0,2.8648641109466553,2.8611209392547607,-0.0037431716918945312
13,8,158,42.0,4.671477317810059,4.673511505126953,0.0020341873168945312
13,8,159,200.0,4.007006645202637,4.006099700927734,-0.0009069442749023438
13,8,160,209.0,3.638150215148926,3.6418862342834473,0.0037360191345214844
13,8,161,206.0,3.6040756702423096,3.603090763092041,-0.0009849071502685547
13,8,162,139.0,4.383498191833496,4.38661003112793,0.0031118392944335938
13,8,163,76.0,3.7987864017486572,3.787282943725586,-0.011503458023071289
13,8,164,232.0,3.892338275909424,3.888465642929077,-0.0038726329803466797
13,8,165,235.0,3.9155564308166504,3.915576457977295,2.002716064453125e-05
13,8,166,49.0,4.228317737579346,4.235644817352295,0.007327079772949219
13,8,167,138.0,3.473930835723877,3.47375750541687,-0.00017333030700683594
13,8,168,60.0,3.808337450027466,3.808526039123535,0.00018858909606933594
13,8,169,146.0,4.041977882385254,4.051602363586426,0.009624481201171875
13,8,170,57.0,4.420210838317871,4.429654121398926,0.009443283081054688
13,8,171,135.0,3.909317970275879,3.912930488586426,0.003612518310546875
13,8,172,113.0,3.19097638130188,3.185600519180298,-0.005375862121582031
13,8,173,208.0,4.171577453613281,4.168148994445801,-0.0034284591674804688
13,8,174,195.0,2.116305112838745,2.1120784282684326,-0.0042266845703125
13,8,175,137.0,3.9520905017852783,3.9404995441436768,-0.011590957641601562
13,8,176,91.0,4.97736120223999,4.967889308929443,-0.009471893310546875
13,8,177,66.0,3.994100332260132,3.9794139862060547,-0.014686346054077148
13,8,178,173.0,3.3507070541381836,3.346781015396118,-0.00392603874206543
13,8,179,89.0,5.353647708892822,5.359080791473389,0.005433082580566406
13,8,180,231.0,3.6613731384277344,3.653615713119507,-0.007757425308227539
13,8,181,71.0,5.397938251495361,5.3979902267456055,5.1975250244140625e-05
13,8,182,98.0,3.963383674621582,3.9537365436553955,-0.009647130966186523
13,8,183,215.0,1.998246431350708,1.99468195438385,-0.00356447696685791
13,8,184,159.0,4.383580684661865,4.382217884063721,-0.0013628005981445312
13,8,185,86.0,3.697986602783203,3.6805076599121094,-0.01747894287109375
13,8,186,92.0,3.4445607662200928,3.4322707653045654,-0.012290000915527344
13,8,187,51.0,5.179178714752197,5.185927391052246,0.006748676300048828
13,8,188,86.0,4.734201908111572,4.739251613616943,0.005049705505371094
13,8,189,132.0,3.6938047409057617,3.688870668411255,-0.004934072494506836
13,8,190,214.0,3.9561617374420166,3.963805675506592,0.007643938064575195
13,8,191,139.0,4.121965408325195,4.120426177978516,-0.0015392303466796875
13,8,192,89.0,3.4952480792999268,3.489243507385254,-0.0060045719146728516
13,8,193,102.0,4.782958507537842,4.777781963348389,-0.005176544189453125
13,8,194,156.0,2.6015143394470215,2.5907142162323,-0.01080012321472168
13,8,195,87.0,3.839608669281006,3.839176893234253,-0.0004317760467529297
13,8,196,175.0,3.2536110877990723,3.2582292556762695,0.004618167877197266
13,8,197,136.0,2.3385791778564453,2.3367857933044434,-0.0017933845520019531
13,8,198,54.0,3.781459093093872,3.768937587738037,-0.012521505355834961
13,8,199,71.0,4.556375980377197,4.558386325836182,0.002010345458984375
13,8,200,43.0,4.562034606933594,4.545261859893799,-0.016772747039794922
13,8,201,200.0,3.3231818675994873,3.3180289268493652,-0.00515294075012207
13,8,202,60.0,3.5167155265808105,3.511784315109253,-0.004931211471557617
13,8,203,220.0,3.437206983566284,3.4384539127349854,0.0012469291687011719
13,8,204,160.0,4.1729278564453125,4.1745123863220215,0.0015845298767089844
13,8,205,46.0,3.025144100189209,3.0272750854492188,0.0021309852600097656
13,8,206,189.0,3.507356882095337,3.5030906200408936,-0.004266262054443359
13,8,207,69.0,4.68245792388916,4.678255081176758,-0.004202842712402344
13,8,208,164.0,2.968637228012085,2.9641990661621094,-0.004438161849975586
13,8,209,121.0,3.6657907962799072,3.666983127593994,0.001192331314086914
13,8,210,453.0,5.465768337249756,5.468638896942139,0.0028705596923828125
13,8,211,167.0,3.817554473876953,3.813021183013916,-0.004533290863037109
13,8,212,79.0,3.6519949436187744,3.6436996459960938,-0.008295297622680664
13,8,213,64.0,4.473271369934082,4.472042560577393,-0.0012288093566894531
13,8,214,214.0,3.5177533626556396,3.521151065826416,0.003397703170776367
13,8,215,42.0,4.581282615661621,4.59304141998291,0.011758804321289062
13,8,216,85.0,4.406545639038086,4.391459941864014,-0.015085697174072266
13,8,217,45.0,4.909335136413574,4.922743797302246,0.013408660888671875
13,8,218,96.0,4.346060276031494,4.346580982208252,0.0005207061767578125
13,8,219,40.0,3.466945171356201,3.4599807262420654,-0.006964445114135742
13,8,220,66.0,4.6993865966796875,4.7020745277404785,0.0026879310607910156
13,8,221,262.0,3.4376049041748047,3.433440685272217,-0.004164218902587891
13,8,222,32.0,4.6173553466796875,4.617028713226318,-0.0003266334533691406
13,8,223,33.0,4.931256294250488,4.930789470672607,-0.0004668235778808594
13,8,224,139.0,2.1582767963409424,2.1580169200897217,-0.0002598762512207031
13,8,225,84.0,4.020323753356934,4.008867263793945,-0.011456489562988281
13,8,226,46.0,3.709413528442383,3.704880475997925,-0.004533052444458008
13,8,227,121.0,4.181075572967529,4.184617042541504,0.0035414695739746094
13,8,228,67.0,3.140568971633911,3.1345975399017334,-0.005971431732177734
13,8,229,187.0,3.8881711959838867,3.8803000450134277,-0.007871150970458984
13,8,230,40.0,4.873936176300049,4.871511459350586,-0.0024247169494628906
13,8,231,91.0,3.998016119003296,4.009403228759766,0.011387109756469727
13,8,232,52.0,4.4449782371521,4.446584701538086,0.0016064643859863281
13,8,233,49.0,4.133476257324219,4.124386310577393,-0.009089946746826172
13,8,234,261.0,3.079342842102051,3.0825297832489014,0.003186941146850586
13,8,235,59.0,4.072587490081787,4.067527770996094,-0.005059719085693359
13,8,236,132.0,4.054989814758301,4.055408000946045,0.0004181861877441406
13,8,237,136.0,3.4520623683929443,3.458524465560913,0.00646209716796875
13,8,238,210.0,3.7005720138549805,3.6964001655578613,-0.004171848297119141
13,8,239,258.0,3.6856272220611572,3.6851119995117188,-0.0005152225494384766
13,8,240,203.0,3.5238258838653564,3.524138927459717,0.00031304359436035156
13,8,241,198.0,3.3618428707122803,3.3531880378723145,-0.00865483283996582
13,8,242,85.0,3.468600034713745,3.467437744140625,-0.0011622905731201172
13,8,243,85.0,2.1469109058380127,2.150273323059082,0.003362417221069336
13,8,244,93.0,4.847414970397949,4.8492302894592285,0.0018153190612792969
13,8,245,68.0,4.8312296867370605,4.835451126098633,0.004221439361572266
13,8,246,58.0,4.302565574645996,4.29978609085083,-0.0027794837951660156
13,8,247,187.0,3.1594748497009277,3.1561455726623535,-0.0033292770385742188
13,8,248,64.0,2.745805263519287,2.740912437438965,-0.004892826080322266
13,8,249,100.0,3.3120670318603516,3.3013949394226074,-0.01067209243774414
13,8,250,151.0,3.886031150817871,3.8823957443237305,-0.003635406494140625
13,8,251,174.0,3.292135715484619,3.2936506271362305,0.0015149116516113281
13,8,252,126.0,4.651801109313965,4.653552532196045,0.0017514228820800781
13,8,253,99.0,3.699761390686035,3.7052688598632812,0.005507469177246094
13,8,254,107.0,4.576633453369141,4.586886882781982,0.010253429412841797
13,8,255,116.0,3.825943946838379,3.821192979812622,-0.004750967025756836
13,9,0,196.0,3.98167085647583,3.986427068710327,0.00475621223449707
13,9,1,127.0,3.705084800720215,3.7037055492401123,-0.001379251480102539
13,9,2,162.0,2.4317469596862793,2.438380002975464,0.00663304328918457
13,9,3,92.0,5.154407501220703,5.158283233642578,0.003875732421875
13,9,4,194.0,3.7261335849761963,3.72934627532959,0.0032126903533935547
13,9,5,115.0,3.4317781925201416,3.432241439819336,0.00046324729919433594
13,9,6,109.0,4.611254692077637,4.608798027038574,-0.0024566650390625
13,9,7,48.0,3.824559450149536,3.8234188556671143,-0.001140594482421875
13,9,8,69.0,4.333216190338135,4.333467960357666,0.00025177001953125
13,9,9,85.0,3.4889185428619385,3.482734203338623,-0.00618433952331543
13,9,10,238.0,3.337062358856201,3.339254856109619,0.0021924972534179688
13,9,11,233.0,3.013906478881836,3.015498399734497,0.0015919208526611328
13,9,12,208.0,3.644038200378418,3.6406948566436768,-0.003343343734741211
13,9,13,196.0,3.302739381790161,3.312333106994629,0.009593725204467773
13,9,14,131.0,3.989900827407837,3.9920589923858643,0.0021581649780273438
13,9,15,125.0,3.2012383937835693,3.194728136062622,-0.006510257720947266
13,9,16,61.0,4.757500171661377,4.753221035003662,-0.004279136657714844
13,9,17,164.0,2.6241273880004883,2.620360851287842,-0.0037665367126464844
13,9,18,107.0,3.8216171264648438,3.8225769996643066,0.0009598731994628906
13,9,19,48.0,4.036356449127197,4.0345611572265625,-0.0017952919006347656
13,9,20,74.0,2.6907341480255127,2.6872055530548096,-0.003528594970703125
13,9,21,103.0,2.9307749271392822,2.9305708408355713,-0.0002040863037109375
13,9,22,114.0,3.8854269981384277,3.8890187740325928,0.003591775894165039
13,9,23,50.0,6.480540752410889,6.492222785949707,0.01168203353881836
13,9,24,281.0,3.1489627361297607,3.153046131134033,0.004083395004272461
13,9,25,247.0,2.5188822746276855,2.5198020935058594,0.0009198188781738281
13,9,26,173.0,4.413876056671143,4.41914176940918,0.005265712738037109
13,9,27,166.0,3.707796812057495,3.7077062129974365,-9.059906005859375e-05
13,9,28,98.0,3.151510238647461,3.1452202796936035,-0.006289958953857422
13,9,29,174.0,3.586359739303589,3.5801405906677246,-0.006219148635864258
13,9,30,173.0,3.190525531768799,3.2010536193847656,0.010528087615966797
13,9,31,215.0,4.340093612670898,4.3415069580078125,0.0014133453369140625
13,9,32,186.0,3.4789488315582275,3.475404739379883,-0.0035440921783447266
13,9,33,153.0,2.9326295852661133,2.927366256713867,-0.005263328552246094
13,9,34,147.0,4.1311798095703125,4.131172180175781,-7.62939453125e-06
13,9,35,50.0,4.620577812194824,4.6294379234313965,0.008860111236572266
13,9,36,86.0,3.942690134048462,3.949697732925415,0.007007598876953125
13,9,37,154.0,4.250033378601074,4.251560688018799,0.0015273094177246094
13,9,38,265.0,2.933018684387207,2.935464859008789,0.0024461746215820312
13,9,39,199.0,3.941709518432617,3.9437661170959473,0.002056598663330078
13,9,40,138.0,4.430899620056152,4.424560070037842,-0.006339550018310547
13,9,41,98.0,4.048152923583984,4.051510334014893,0.003357410430908203
13,9,42,167.0,2.98820424079895,2.990574359893799,0.002370119094848633
13,9,43,288.0,4.51556396484375,4.517221450805664,0.0016574859619140625
13,9,44,225.0,3.134540557861328,3.1358728408813477,0.0013322830200195312
13,9,45,191.0,3.475728988647461,3.4674570560455322,-0.008271932601928711
13,9,46,92.0,5.071820259094238,5.075924873352051,0.0041046142578125
13,9,47,41.0,5.766663551330566,5.769963264465332,0.003299713134765625
13,9,48,231.0,3.4077651500701904,3.407491683959961,-0.0002734661102294922
13,9,49,101.0,2.9521121978759766,2.950000524520874,-0.002111673355102539
13,9,50,177.0,3.6662821769714355,3.666635513305664,0.0003533363342285156
13,9,51,252.0,4.05861759185791,4.056990146636963,-0.0016274452209472656
13,9,52,259.0,3.3747026920318604,3.3795504570007324,0.00484776496887207
13,9,53,47.0,4.065746307373047,4.073265552520752,0.007519245147705078
13,9,54,164.0,2.495858669281006,2.5016977787017822,0.005839109420776367
13,9,55,94.0,4.066493034362793,4.067098617553711,0.0006055831909179688
13,9,56,103.0,4.11627721786499,4.117908000946045,0.0016307830810546875
13,9,57,78.0,3.913255453109741,3.9150073528289795,0.0017518997192382812
13,9,58,239.0,3.692802906036377,3.6918163299560547,-0.0009865760803222656
13,9,59,271.0,4.881155014038086,4.878316402435303,-0.002838611602783203
13,9,60,162.0,3.3450679779052734,3.350562572479248,0.005494594573974609
13,9,61,179.0,3.870093584060669,3.869849443435669,-0.000244140625
13,9,62,218.0,3.1762454509735107,3.1792054176330566,0.0029599666595458984
13,9,63,81.0,3.809858798980713,3.806455373764038,-0.0034034252166748047
13,9,64,93.0,4.687077522277832,4.69481086730957,0.007733345031738281
13,9,65,72.0,4.558295249938965,4.546170711517334,-0.01212453842163086
13,9,66,230.0,3.737887382507324,3.734896183013916,-0.002991199493408203
13,9,67,99.0,3.1625142097473145,3.1567909717559814,-0.005723237991333008
13,9,68,213.0,3.218388557434082,3.2229278087615967,0.0045392513275146484
13,9,69,119.0,3.072978973388672,3.0753321647644043,0.002353191375732422
13,9,70,161.0,3.529710531234741,3.5339059829711914,0.004195451736450195
13,9,71,90.0,4.394758224487305,4.398154258728027,0.0033960342407226562
13,9,72,181.0,3.6989989280700684,3.699152708053589,0.0001537799835205078
13,9,73,95.0,4.745315074920654,4.743617534637451,-0.001697540283203125
13,9,74,245.0,2.801177740097046,2.801259756088257,8.20159912109375e-05
13,9,75,93.0,2.319314956665039,2.3238062858581543,0.004491329193115234
13,9,76,225.0,3.1077821254730225,3.115840435028076,0.008058309555053711
13,9,77,61.0,4.027099132537842,4.031520366668701,0.004421234130859375
13,9,78,257.0,4.246406078338623,4.250843524932861,0.004437446594238281
13,9,79,165.0,3.7203760147094727,3.7212095260620117,0.0008335113525390625
13,9,80,117.0,4.752804279327393,4.751741886138916,-0.0010623931884765625
13,9,81,89.0,4.279232025146484,4.278870105743408,-0.0003619194030761719
13,9,82,291.0,4.08609676361084,4.09160852432251,0.005511760711669922
13,9,83,93.0,4.042176723480225,4.038273334503174,-0.0039033889770507812
13,9,84,228.0,2.8949825763702393,2.8990774154663086,0.004094839096069336
13,9,85,131.0,3.406266927719116,3.404850482940674,-0.0014164447784423828
13,9,86,191.0,4.77057409286499,4.772997856140137,0.0024237632751464844
13,9,87,238.0,5.341985702514648,5.347699165344238,0.005713462829589844
13,9,88,210.0,3.7304000854492188,3.729320764541626,-0.0010793209075927734
13,9,89,107.0,4.658895492553711,4.658904075622559,8.58306884765625e-06
13,9,90,217.0,3.256716728210449,3.256955146789551,0.0002384185791015625
13,9,91,199.0,3.479922294616699,3.481969118118286,0.002046823501586914
13,9,92,84.0,2.9870519638061523,2.988710403442383,0.0016584396362304688
13,9,93,271.0,4.167789459228516,4.164151191711426,-0.0036382675170898438
13,9,94,226.0,3.797963857650757,3.801110029220581,0.0031461715698242188
13,9,95,258.0,4.302313327789307,4.307851791381836,0.005538463592529297
13,9,96,86.0,4.009377479553223,4.008277416229248,-0.0011000633239746094
13,9,97,142.0,4.886353492736816,4.883443355560303,-0.002910137176513672
13,9,98,42.0,4.73474645614624,4.740940093994141,0.006193637847900391
13,9,99,224.0,3.053419828414917,3.054595947265625,0.0011761188507080078
13,9,100,197.0,2.6848225593566895,2.685541868209839,0.0007193088531494141
13,9,101,85.0,3.080362558364868,3.0838940143585205,0.0035314559936523438
13,9,102,195.0,3.4633231163024902,3.46445369720459,0.0011305809020996094
13,9,103,102.0,4.20768404006958,4.205484867095947,-0.0021991729736328125
13,9,104,181.0,3.711848735809326,3.716461420059204,0.00461268424987793
13,9,105,72.0,2.723045587539673,2.7298245429992676,0.0067789554595947266
13,9,106,130.0,4.976626396179199,4.980369567871094,0.0037431716918945312
13,9,107,62.0,3.1819393634796143,3.173215389251709,-0.008723974227905273
13,9,108,263.0,4.0605854988098145,4.0567708015441895,-0.003814697265625
13,9,109,194.0,3.1560444831848145,3.1495354175567627,-0.006509065628051758
13,9,110,174.0,3.211611032485962,3.2183609008789062,0.006749868392944336
13,9,111,235.0,4.168798446655273,4.17389440536499,0.005095958709716797
13,9,112,143.0,4.279087066650391,4.27409029006958,-0.004996776580810547
13,9,113,117.0,4.890145778656006,4.888457775115967,-0.0016880035400390625
13,9,114,160.0,4.253233909606934,4.249541282653809,-0.003692626953125
13,9,115,115.0,3.9266409873962402,3.92519474029541,-0.0014462471008300781
13,9,116,120.0,3.8633739948272705,3.8690145015716553,0.005640506744384766
13,9,117,186.0,4.1213459968566895,4.119736671447754,-0.0016093254089355469
13,9,118,138.0,3.296036958694458,3.297412872314453,0.0013759136199951172
13,9,119,80.0,3.554978847503662,3.552626132965088,-0.0023527145385742188
13,9,120,164.0,3.3612916469573975,3.3637681007385254,0.0024764537811279297
13,9,121,215.0,3.762061357498169,3.7636759281158447,0.0016145706176757812
13,9,122,81.0,3.60632061958313,3.6080973148345947,0.0017766952514648438
13,9,123,171.0,3.4178876876831055,3.4202823638916016,0.0023946762084960938
13,9,124,41.0,4.780884742736816,4.7851433753967285,0.004258632659912109
13,9,125,103.0,4.1708221435546875,4.172913551330566,0.0020914077758789062
13,9,126,145.0,3.385586977005005,3.3921658992767334,0.006578922271728516
13,9,127,102.0,3.511989116668701,3.512035608291626,4.649162292480469e-05
13,9,128,157.0,4.545989513397217,4.544755935668945,-0.0012335777282714844
13,9,129,161.0,3.612820625305176,3.6117982864379883,-0.0010223388671875
13,9,130,248.0,3.595446825027466,3.5958898067474365,0.0004429817199707031
13,9,131,240.0,4.314742088317871,4.320147514343262,0.005405426025390625
13,9,132,284.0,3.515221118927002,3.515787124633789,0.0005660057067871094
13,9,133,105.0,5.547122001647949,5.5516438484191895,0.004521846771240234
13,9,134,72.0,3.6292827129364014,3.629581928253174,0.00029921531677246094
13,9,135,86.0,3.9638190269470215,3.9712705612182617,0.007451534271240234
13,9,136,120.0,3.225938320159912,3.2255282402038574,-0.0004100799560546875
13,9,137,64.0,3.684243679046631,3.6894021034240723,0.005158424377441406
13,9,138,220.0,2.8231959342956543,2.831362724304199,0.008166790008544922
13,9,139,92.0,2.984248638153076,2.989349603652954,0.00510096549987793
13,9,140,180.0,3.4170660972595215,3.4134321212768555,-0.0036339759826660156
13,9,141,95.0,3.5693070888519287,3.567838430404663,-0.001468658447265625
13,9,142,72.0,5.436267852783203,5.438729286193848,0.0024614334106445312
13,9,143,152.0,4.664964199066162,4.6678948402404785,0.0029306411743164062
13,9,144,170.0,3.2575697898864746,3.260432720184326,0.0028629302978515625
13,9,145,56.0,4.233151912689209,4.238219738006592,0.0050678253173828125
13,9,146,174.0,3.632305860519409,3.638380765914917,0.0060749053955078125
13,9,147,191.0,3.26232647895813,3.263772964477539,0.0014464855194091797
13,9,148,279.0,3.7231252193450928,3.721954345703125,-0.0011708736419677734
13,9,149,98.0,3.6501717567443848,3.6563005447387695,0.006128787994384766
13,9,150,50.0,3.987290143966675,3.981368064880371,-0.005922079086303711
13,9,151,61.0,3.207566976547241,3.2087273597717285,0.0011603832244873047
13,9,152,208.0,2.833768367767334,2.83366060256958,-0.00010776519775390625
13,9,153,124.0,3.7818057537078857,3.779116153717041,-0.0026895999908447266
13,9,154,128.0,3.3032331466674805,3.3002328872680664,-0.0030002593994140625
13,9,155,250.0,4.603071212768555,4.603264808654785,0.00019359588623046875
13,9,156,239.0,2.621934175491333,2.6199593544006348,-0.001974821090698242
13,9,157,164.0,2.8648641109466553,2.8596103191375732,-0.005253791809082031
13,9,158,42.0,4.671477317810059,4.673661708831787,0.0021843910217285156
13,9,159,200.0,4.007006645202637,4.006800174713135,-0.00020647048950195312
13,9,160,209.0,3.638150215148926,3.638465166091919,0.00031495094299316406
13,9,161,206.0,3.6040756702423096,3.608896255493164,0.004820585250854492
13,9,162,139.0,4.383498191833496,4.380631923675537,-0.0028662681579589844
13,9,163,76.0,3.7987864017486572,3.8037586212158203,0.004972219467163086
13,9,164,232.0,3.892338275909424,3.8954765796661377,0.003138303756713867
13,9,165,235.0,3.9155564308166504,3.9162917137145996,0.0007352828979492188
13,9,166,49.0,4.228317737579346,4.244893550872803,0.01657581329345703
13,9,167,138.0,3.473930835723877,3.4728424549102783,-0.0010883808135986328
13,9,168,60.0,3.808337450027466,3.8140366077423096,0.00569915771484375
13,9,169,146.0,4.041977882385254,4.0493245124816895,0.007346630096435547
13,9,170,57.0,4.420210838317871,4.425441741943359,0.005230903625488281
13,9,171,135.0,3.909317970275879,3.9105894565582275,0.0012714862823486328
13,9,172,113.0,3.19097638130188,3.189965009689331,-0.0010113716125488281
13,9,173,208.0,4.171577453613281,4.169366836547852,-0.0022106170654296875
13,9,174,195.0,2.116305112838745,2.115199565887451,-0.0011055469512939453
13,9,175,137.0,3.9520905017852783,3.943352222442627,-0.008738279342651367
13,9,176,91.0,4.97736120223999,4.985976696014404,0.008615493774414062
13,9,177,66.0,3.994100332260132,3.9952285289764404,0.0011281967163085938
13,9,178,173.0,3.3507070541381836,3.3536713123321533,0.0029642581939697266
13,9,179,89.0,5.353647708892822,5.350456237792969,-0.0031914710998535156
13,9,180,231.0,3.6613731384277344,3.6584982872009277,-0.0028748512268066406
13,9,181,71.0,5.397938251495361,5.400103569030762,0.0021653175354003906
13,9,182,98.0,3.963383674621582,3.973963499069214,0.010579824447631836
13,9,183,215.0,1.998246431350708,2.000159740447998,0.001913309097290039
13,9,184,159.0,4.383580684661865,4.382906913757324,-0.0006737709045410156
13,9,185,86.0,3.697986602783203,3.7040085792541504,0.006021976470947266
13,9,186,92.0,3.4445607662200928,3.4482407569885254,0.003679990768432617
13,9,187,51.0,5.179178714752197,5.176298141479492,-0.002880573272705078
13,9,188,86.0,4.734201908111572,4.736135005950928,0.0019330978393554688
13,9,189,132.0,3.6938047409057617,3.697164535522461,0.0033597946166992188
13,9,190,214.0,3.9561617374420166,3.9624948501586914,0.006333112716674805
13,9,191,139.0,4.121965408325195,4.129458427429199,0.007493019104003906
13,9,192,89.0,3.4952480792999268,3.4950149059295654,-0.00023317337036132812
13,9,193,102.0,4.782958507537842,4.782426357269287,-0.0005321502685546875
13,9,194,156.0,2.6015143394470215,2.5998964309692383,-0.0016179084777832031
13,9,195,87.0,3.839608669281006,3.8375301361083984,-0.002078533172607422
13,9,196,175.0,3.2536110877990723,3.2540788650512695,0.0004677772521972656
13,9,197,136.0,2.3385791778564453,2.3391764163970947,0.0005972385406494141
13,9,198,54.0,3.781459093093872,3.780334949493408,-0.0011241436004638672
13,9,199,71.0,4.556375980377197,4.555827617645264,-0.0005483627319335938
13,9,200,43.0,4.562034606933594,4.562056541442871,2.193450927734375e-05
13,9,201,200.0,3.3231818675994873,3.3252718448638916,0.002089977264404297
13,9,202,60.0,3.5167155265808105,3.5110716819763184,-0.0056438446044921875
13,9,203,220.0,3.437206983566284,3.4398345947265625,0.0026276111602783203
13,9,204,160.0,4.1729278564453125,4.175572395324707,0.0026445388793945312
13,9,205,46.0,3.025144100189209,3.0127885341644287,-0.012355566024780273
13,9,206,189.0,3.507356882095337,3.5098676681518555,0.0025107860565185547
13,9,207,69.0,4.68245792388916,4.682082176208496,-0.0003757476806640625
13,9,208,164.0,2.968637228012085,2.969088077545166,0.0004508495330810547
13,9,209,121.0,3.6657907962799072,3.664520502090454,-0.001270294189453125
13,9,210,453.0,5.465768337249756,5.4660162925720215,0.000247955322265625
13,9,211,167.0,3.817554473876953,3.817631959915161,7.748603820800781e-05
13,9,212,79.0,3.6519949436187744,3.646026611328125,-0.005968332290649414
13,9,213,64.0,4.473271369934082,4.479040145874023,0.005768775939941406
13,9,214,214.0,3.5177533626556396,3.5184073448181152,0.0006539821624755859
13,9,215,42.0,4.581282615661621,4.581766128540039,0.00048351287841796875
13,9,216,85.0,4.406545639038086,4.408724784851074,0.0021791458129882812
13,9,217,45.0,4.909335136413574,4.916440010070801,0.0071048736572265625
13,9,218,96.0,4.346060276031494,4.342743396759033,-0.0033168792724609375
13,9,219,40.0,3.466945171356201,3.4758872985839844,0.008942127227783203
13,9,220,66.0,4.6993865966796875,4.696567535400391,-0.002819061279296875
13,9,221,262.0,3.4376049041748047,3.440420150756836,0.00281524658203125
13,9,222,32.0,4.6173553466796875,4.626010894775391,0.008655548095703125
13,9,223,33.0,4.931256294250488,4.936454772949219,0.005198478698730469
13,9,224,139.0,2.1582767963409424,2.1554465293884277,-0.0028302669525146484
13,9,225,84.0,4.020323753356934,4.012373924255371,-0.0079498291015625
13,9,226,46.0,3.709413528442383,3.714298963546753,0.004885435104370117
13,9,227,121.0,4.181075572967529,4.1822829246521,0.0012073516845703125
13,9,228,67.0,3.140568971633911,3.1393275260925293,-0.001241445541381836
13,9,229,187.0,3.8881711959838867,3.892831325531006,0.004660129547119141
13,9,230,40.0,4.873936176300049,4.873330116271973,-0.0006060600280761719
13,9,231,91.0,3.998016119003296,4.00429630279541,0.006280183792114258
13,9,232,52.0,4.4449782371521,4.448856830596924,0.0038785934448242188
13,9,233,49.0,4.133476257324219,4.140538692474365,0.007062435150146484
13,9,234,261.0,3.079342842102051,3.0800020694732666,0.0006592273712158203
13,9,235,59.0,4.072587490081787,4.0740766525268555,0.0014891624450683594
13,9,236,132.0,4.054989814758301,4.070243835449219,0.015254020690917969
13,9,237,136.0,3.4520623683929443,3.4530231952667236,0.0009608268737792969
13,9,238,210.0,3.7005720138549805,3.7023537158966064,0.0017817020416259766
13,9,239,258.0,3.6856272220611572,3.687098979949951,0.0014717578887939453
13,9,240,203.0,3.5238258838653564,3.514805316925049,-0.009020566940307617
13,9,241,198.0,3.3618428707122803,3.3593780994415283,-0.002464771270751953
13,9,242,85.0,3.468600034713745,3.47428560256958,0.005685567855834961
13,9,243,85.0,2.1469109058380127,2.144819974899292,-0.002090930938720703
13,9,244,93.0,4.847414970397949,4.849410533905029,0.001995563507080078
13,9,245,68.0,4.8312296867370605,4.831315994262695,8.630752563476562e-05
13,9,246,58.0,4.302565574645996,4.306035995483398,0.0034704208374023438
13,9,247,187.0,3.1594748497009277,3.160623073577881,0.001148223876953125
13,9,248,64.0,2.745805263519287,2.745905637741089,0.00010037422180175781
13,9,249,100.0,3.3120670318603516,3.3208115100860596,0.008744478225708008
13,9,250,151.0,3.886031150817871,3.889765739440918,0.003734588623046875
13,9,251,174.0,3.292135715484619,3.2901601791381836,-0.001975536346435547
13,9,252,126.0,4.651801109313965,4.657702445983887,0.005901336669921875
13,9,253,99.0,3.699761390686035,3.7015738487243652,0.0018124580383300781
13,9,254,107.0,4.576633453369141,4.585141181945801,0.008507728576660156
13,9,255,116.0,3.825943946838379,3.834561347961426,0.008617401123046875
13,10,0,196.0,3.98167085647583,3.984339714050293,0.0026688575744628906
13,10,1,127.0,3.705084800720215,3.702773094177246,-0.00231170654296875
13,10,2,162.0,2.4317469596862793,2.4290268421173096,-0.0027201175689697266
13,10,3,92.0,5.154407501220703,5.148396968841553,-0.006010532379150391
13,10,4,194.0,3.7261335849761963,3.7296533584594727,0.003519773483276367
13,10,5,115.0,3.4317781925201416,3.4407668113708496,0.008988618850708008
13,10,6,109.0,4.611254692077637,4.606082916259766,-0.005171775817871094
13,10,7,48.0,3.824559450149536,3.8494808673858643,0.024921417236328125
13,10,8,69.0,4.333216190338135,4.318709373474121,-0.014506816864013672
13,10,9,85.0,3.4889185428619385,3.492645263671875,0.0037267208099365234
13,10,10,238.0,3.337062358856201,3.336280107498169,-0.0007822513580322266
13,10,11,233.0,3.013906478881836,3.004099130630493,-0.009807348251342773
13,10,12,208.0,3.644038200378418,3.6419906616210938,-0.0020475387573242188
13,10,13,196.0,3.302739381790161,3.316682815551758,0.01394343376159668
13,10,14,131.0,3.989900827407837,3.989537000656128,-0.0003638267517089844
13,10,15,125.0,3.2012383937835693,3.2023072242736816,0.0010688304901123047
13,10,16,61.0,4.757500171661377,4.74803352355957,-0.00946664810180664
13,10,17,164.0,2.6241273880004883,2.6212854385375977,-0.002841949462890625
13,10,18,107.0,3.8216171264648438,3.8024542331695557,-0.019162893295288086
13,10,19,48.0,4.036356449127197,4.03075647354126,-0.0055999755859375
13,10,20,74.0,2.6907341480255127,2.699171304702759,0.008437156677246094
13,10,21,103.0,2.9307749271392822,2.937782049179077,0.007007122039794922
13,10,22,114.0,3.8854269981384277,3.8729045391082764,-0.012522459030151367
13,10,23,50.0,6.480540752410889,6.477109909057617,-0.0034308433532714844
13,10,24,281.0,3.1489627361297607,3.1574769020080566,0.008514165878295898
13,10,25,247.0,2.5188822746276855,2.5241637229919434,0.0052814483642578125
13,10,26,173.0,4.413876056671143,4.404587745666504,-0.009288311004638672
13,10,27,166.0,3.707796812057495,3.69435977935791,-0.013437032699584961
13,10,28,98.0,3.151510238647461,3.145563840866089,-0.00594639778137207
13,10,29,174.0,3.586359739303589,3.5746028423309326,-0.01175689697265625
13,10,30,173.0,3.190525531768799,3.1906511783599854,0.00012564659118652344
13,10,31,215.0,4.340093612670898,4.334517955780029,-0.005575656890869141
13,10,32,186.0,3.4789488315582275,3.4656405448913574,-0.013308286666870117
13,10,33,153.0,2.9326295852661133,2.924816846847534,-0.007812738418579102
13,10,34,147.0,4.1311798095703125,4.136423110961914,0.0052433013916015625
13,10,35,50.0,4.620577812194824,4.634289741516113,0.013711929321289062
13,10,36,86.0,3.942690134048462,3.9440903663635254,0.0014002323150634766
13,10,37,154.0,4.250033378601074,4.246088027954102,-0.003945350646972656
13,10,38,265.0,2.933018684387207,2.934473991394043,0.0014553070068359375
13,10,39,199.0,3.941709518432617,3.9258174896240234,-0.01589202880859375
13,10,40,138.0,4.430899620056152,4.417965888977051,-0.012933731079101562
13,10,41,98.0,4.048152923583984,4.051320552825928,0.0031676292419433594
13,10,42,167.0,2.98820424079895,2.977529287338257,-0.01067495346069336
13,10,43,288.0,4.51556396484375,4.510889053344727,-0.0046749114990234375
13,10,44,225.0,3.134540557861328,3.139376640319824,0.004836082458496094
13,10,45,191.0,3.475728988647461,3.4699535369873047,-0.00577545166015625
13,10,46,92.0,5.071820259094238,5.057677745819092,-0.014142513275146484
13,10,47,41.0,5.766663551330566,5.758324146270752,-0.008339405059814453
13,10,48,231.0,3.4077651500701904,3.4051225185394287,-0.0026426315307617188
13,10,49,101.0,2.9521121978759766,2.9542531967163086,0.0021409988403320312
13,10,50,177.0,3.6662821769714355,3.647491693496704,-0.018790483474731445
13,10,51,252.0,4.05861759185791,4.0536603927612305,-0.0049571990966796875
13,10,52,259.0,3.3747026920318604,3.3673338890075684,-0.007368803024291992
13,10,53,47.0,4.065746307373047,4.04085111618042,-0.024895191192626953
13,10,54,164.0,2.495858669281006,2.493278980255127,-0.0025796890258789062
13,10,55,94.0,4.066493034362793,4.060361862182617,-0.006131172180175781
13,10,56,103.0,4.11627721786499,4.128682613372803,0.0124053955078125
13,10,57,78.0,3.913255453109741,3.944570302963257,0.031314849853515625
13,10,58,239.0,3.692802906036377,3.696992874145508,0.004189968109130859
13,10,59,271.0,4.881155014038086,4.874873638153076,-0.006281375885009766
13,10,60,162.0,3.3450679779052734,3.347585678100586,0.0025177001953125
13,10,61,179.0,3.870093584060669,3.8609790802001953,-0.009114503860473633
13,10,62,218.0,3.1762454509735107,3.165628671646118,-0.010616779327392578
13,10,63,81.0,3.809858798980713,3.8152291774749756,0.005370378494262695
13,10,64,93.0,4.687077522277832,4.686670780181885,-0.0004067420959472656
13,10,65,72.0,4.558295249938965,4.542385578155518,-0.015909671783447266
13,10,66,230.0,3.737887382507324,3.7157623767852783,-0.0221250057220459
13,10,67,99.0,3.1625142097473145,3.1656112670898438,0.003097057342529297
13,10,68,213.0,3.218388557434082,3.214750289916992,-0.0036382675170898438
13,10,69,119.0,3.072978973388672,3.064793109893799,-0.008185863494873047
13,10,70,161.0,3.529710531234741,3.527818441390991,-0.00189208984375
13,10,71,90.0,4.394758224487305,4.391631603240967,-0.0031266212463378906
13,10,72,181.0,3.6989989280700684,3.6956629753112793,-0.0033359527587890625
13,10,73,95.0,4.745315074920654,4.750024795532227,0.004709720611572266
13,10,74,245.0,2.801177740097046,2.8015270233154297,0.00034928321838378906
13,10,75,93.0,2.319314956665039,2.3139050006866455,-0.005409955978393555
13,10,76,225.0,3.1077821254730225,3.1118569374084473,0.004074811935424805
13,10,77,61.0,4.027099132537842,4.022026062011719,-0.005073070526123047
13,10,78,257.0,4.246406078338623,4.248663902282715,0.002257823944091797
13,10,79,165.0,3.7203760147094727,3.7229928970336914,0.00261688232421875
13,10,80,117.0,4.752804279327393,4.755056381225586,0.0022521018981933594
13,10,81,89.0,4.279232025146484,4.2638630867004395,-0.015368938446044922
13,10,82,291.0,4.08609676361084,4.093677997589111,0.007581233978271484
13,10,83,93.0,4.042176723480225,4.006989479064941,-0.0351872444152832
13,10,84,228.0,2.8949825763702393,2.8891279697418213,-0.005854606628417969
13,10,85,131.0,3.406266927719116,3.4046783447265625,-0.001588582992553711
13,10,86,191.0,4.77057409286499,4.759899616241455,-0.010674476623535156
13,10,87,238.0,5.341985702514648,5.331963062286377,-0.010022640228271484
13,10,88,210.0,3.7304000854492188,3.725144624710083,-0.005255460739135742
13,10,89,107.0,4.658895492553711,4.664702892303467,0.005807399749755859
13,10,90,217.0,3.256716728210449,3.2539448738098145,-0.0027718544006347656
13,10,91,199.0,3.479922294616699,3.4750261306762695,-0.0048961639404296875
13,10,92,84.0,2.9870519638061523,2.998279094696045,0.011227130889892578
13,10,93,271.0,4.167789459228516,4.143925189971924,-0.023864269256591797
13,10,94,226.0,3.797963857650757,3.7842462062835693,-0.0137176513671875
13,10,95,258.0,4.302313327789307,4.298576354980469,-0.0037369728088378906
13,10,96,86.0,4.009377479553223,4.008193492889404,-0.0011839866638183594
13,10,97,142.0,4.886353492736816,4.883001327514648,-0.0033521652221679688
13,10,98,42.0,4.73474645614624,4.737793922424316,0.003047466278076172
13,10,99,224.0,3.053419828414917,3.0459132194519043,-0.007506608963012695
13,10,100,197.0,2.6848225593566895,2.674065351486206,-0.010757207870483398
13,10,101,85.0,3.080362558364868,3.090611457824707,0.010248899459838867
13,10,102,195.0,3.4633231163024902,3.461216688156128,-0.0021064281463623047
13,10,103,102.0,4.20768404006958,4.215126037597656,0.007441997528076172
13,10,104,181.0,3.711848735809326,3.703711748123169,-0.008136987686157227
13,10,105,72.0,2.723045587539673,2.7468204498291016,0.02377486228942871
13,10,106,130.0,4.976626396179199,4.955320835113525,-0.021305561065673828
13,10,107,62.0,3.1819393634796143,3.1729841232299805,-0.008955240249633789
13,10,108,263.0,4.0605854988098145,4.059934139251709,-0.0006513595581054688
13,10,109,194.0,3.1560444831848145,3.1545140743255615,-0.0015304088592529297
13,10,110,174.0,3.211611032485962,3.203343152999878,-0.008267879486083984
13,10,111,235.0,4.168798446655273,4.167940139770508,-0.000858306884765625
13,10,112,143.0,4.279087066650391,4.258813381195068,-0.020273685455322266
13,10,113,117.0,4.890145778656006,4.878765106201172,-0.011380672454833984
13,10,114,160.0,4.253233909606934,4.246388912200928,-0.006844997406005859
13,10,115,115.0,3.9266409873962402,3.9028337001800537,-0.023807287216186523
13,10,116,120.0,3.8633739948272705,3.8476521968841553,-0.015721797943115234
13,10,117,186.0,4.1213459968566895,4.108648777008057,-0.012697219848632812
13,10,118,138.0,3.296036958694458,3.282543659210205,-0.01349329948425293
13,10,119,80.0,3.554978847503662,3.5414912700653076,-0.013487577438354492
13,10,120,164.0,3.3612916469573975,3.350074529647827,-0.011217117309570312
13,10,121,215.0,3.762061357498169,3.756843328475952,-0.005218029022216797
13,10,122,81.0,3.60632061958313,3.6064465045928955,0.000125885009765625
13,10,123,171.0,3.4178876876831055,3.412950277328491,-0.004937410354614258
13,10,124,41.0,4.780884742736816,4.785743713378906,0.004858970642089844
13,10,125,103.0,4.1708221435546875,4.177225589752197,0.006403446197509766
13,10,126,145.0,3.385586977005005,3.3776869773864746,-0.007899999618530273
13,10,127,102.0,3.511989116668701,3.5198166370391846,0.007827520370483398
13,10,128,157.0,4.545989513397217,4.543406963348389,-0.002582550048828125
13,10,129,161.0,3.612820625305176,3.5947046279907227,-0.018115997314453125
13,10,130,248.0,3.595446825027466,3.5901174545288086,-0.0053293704986572266
13,10,131,240.0,4.314742088317871,4.306075096130371,-0.0086669921875
13,10,132,284.0,3.515221118927002,3.5208873748779297,0.005666255950927734
13,10,133,105.0,5.547122001647949,5.535067081451416,-0.012054920196533203
13,10,134,72.0,3.6292827129364014,3.6219418048858643,-0.007340908050537109
13,10,135,86.0,3.9638190269470215,3.944425344467163,-0.0193936824798584
13,10,136,120.0,3.225938320159912,3.221757173538208,-0.0041811466217041016
13,10,137,64.0,3.684243679046631,3.6718215942382812,-0.01242208480834961
13,10,138,220.0,2.8231959342956543,2.8202006816864014,-0.0029952526092529297
13,10,139,92.0,2.984248638153076,2.962648391723633,-0.02160024642944336
13,10,140,180.0,3.4170660972595215,3.412188768386841,-0.004877328872680664
13,10,141,95.0,3.5693070888519287,3.55706787109375,-0.012239217758178711
13,10,142,72.0,5.436267852783203,5.431188583374023,-0.0050792694091796875
13,10,143,152.0,4.664964199066162,4.660190582275391,-0.004773616790771484
13,10,144,170.0,3.2575697898864746,3.2549309730529785,-0.0026388168334960938
13,10,145,56.0,4.233151912689209,4.227782726287842,-0.0053691864013671875
13,10,146,174.0,3.632305860519409,3.634594678878784,0.002288818359375
13,10,147,191.0,3.26232647895813,3.262350559234619,2.4080276489257812e-05
13,10,148,279.0,3.7231252193450928,3.709275007247925,-0.013850212097167969
13,10,149,98.0,3.6501717567443848,3.6609537601470947,0.010782003402709961
13,10,150,50.0,3.987290143966675,3.991030216217041,0.003740072250366211
13,10,151,61.0,3.207566976547241,3.217108964920044,0.009541988372802734
13,10,152,208.0,2.833768367767334,2.8379034996032715,0.0041351318359375
13,10,153,124.0,3.7818057537078857,3.8103227615356445,0.02851700782775879
13,10,154,128.0,3.3032331466674805,3.292947769165039,-0.010285377502441406
13,10,155,250.0,4.603071212768555,4.604994297027588,0.0019230842590332031
13,10,156,239.0,2.621934175491333,2.619838237762451,-0.002095937728881836
13,10,157,164.0,2.8648641109466553,2.8684186935424805,0.0035545825958251953
13,10,158,42.0,4.671477317810059,4.62124490737915,-0.0502324104309082
13,10,159,200.0,4.007006645202637,4.001233100891113,-0.0057735443115234375
13,10,160,209.0,3.638150215148926,3.6427574157714844,0.004607200622558594
13,10,161,206.0,3.6040756702423096,3.605908155441284,0.0018324851989746094
13,10,162,139.0,4.383498191833496,4.368177890777588,-0.015320301055908203
13,10,163,76.0,3.7987864017486572,3.8076212406158447,0.0088348388671875
13,10,164,232.0,3.892338275909424,3.874143362045288,-0.018194913864135742
13,10,165,235.0,3.9155564308166504,3.903219223022461,-0.012337207794189453
13,10,166,49.0,4.228317737579346,4.244146347045898,0.015828609466552734
13,10,167,138.0,3.473930835723877,3.4695611000061035,-0.0043697357177734375
13,10,168,60.0,3.808337450027466,3.8411712646484375,0.03283381462097168
13,10,169,146.0,4.041977882385254,4.040346622467041,-0.0016312599182128906
13,10,170,57.0,4.420210838317871,4.38942289352417,-0.030787944793701172
13,10,171,135.0,3.909317970275879,3.911080837249756,0.0017628669738769531
13,10,172,113.0,3.19097638130188,3.175394296646118,-0.015582084655761719
13,10,173,208.0,4.171577453613281,4.166836261749268,-0.004741191864013672
13,10,174,195.0,2.116305112838745,2.107834815979004,-0.008470296859741211
13,10,175,137.0,3.9520905017852783,3.9380898475646973,-0.014000654220581055
13,10,176,91.0,4.97736120223999,4.972094535827637,-0.005266666412353516
13,10,177,66.0,3.994100332260132,4.004348278045654,0.010247945785522461
13,10,178,173.0,3.3507070541381836,3.356714963912964,0.0060079097747802734
13,10,179,89.0,5.353647708892822,5.3449835777282715,-0.008664131164550781
13,10,180,231.0,3.6613731384277344,3.6709814071655273,0.009608268737792969
13,10,181,71.0,5.397938251495361,5.37665319442749,-0.021285057067871094
13,10,182,98.0,3.963383674621582,3.98698091506958,0.023597240447998047
13,10,183,215.0,1.998246431350708,1.988012433052063,-0.01023399829864502
13,10,184,159.0,4.383580684661865,4.390669345855713,0.007088661193847656
13,10,185,86.0,3.697986602783203,3.6926727294921875,-0.005313873291015625
13,10,186,92.0,3.4445607662200928,3.4421122074127197,-0.002448558807373047
13,10,187,51.0,5.179178714752197,5.204838275909424,0.025659561157226562
13,10,188,86.0,4.734201908111572,4.72623348236084,-0.007968425750732422
13,10,189,132.0,3.6938047409057617,3.6943299770355225,0.0005252361297607422
13,10,190,214.0,3.9561617374420166,3.96308970451355,0.006927967071533203
13,10,191,139.0,4.121965408325195,4.112710475921631,-0.009254932403564453
13,10,192,89.0,3.4952480792999268,3.4902994632720947,-0.004948616027832031
13,10,193,102.0,4.782958507537842,4.771864414215088,-0.011094093322753906
13,10,194,156.0,2.6015143394470215,2.59712815284729,-0.004386186599731445
13,10,195,87.0,3.839608669281006,3.837292432785034,-0.0023162364959716797
13,10,196,175.0,3.2536110877990723,3.2458739280700684,-0.007737159729003906
13,10,197,136.0,2.3385791778564453,2.335134267807007,-0.0034449100494384766
13,10,198,54.0,3.781459093093872,3.785710573196411,0.0042514801025390625
13,10,199,71.0,4.556375980377197,4.559624671936035,0.0032486915588378906
13,10,200,43.0,4.562034606933594,4.554562568664551,-0.007472038269042969
13,10,201,200.0,3.3231818675994873,3.3233349323272705,0.00015306472778320312
13,10,202,60.0,3.5167155265808105,3.5104753971099854,-0.006240129470825195
13,10,203,220.0,3.437206983566284,3.432940721511841,-0.004266262054443359
13,10,204,160.0,4.1729278564453125,4.184523582458496,0.011595726013183594
13,10,205,46.0,3.025144100189209,3.0343992710113525,0.009255170822143555
13,10,206,189.0,3.507356882095337,3.5109810829162598,0.0036242008209228516
13,10,207,69.0,4.68245792388916,4.680343151092529,-0.0021147727966308594
13,10,208,164.0,2.968637228012085,2.9682788848876953,-0.00035834312438964844
13,10,209,121.0,3.6657907962799072,3.6639435291290283,-0.0018472671508789062
13,10,210,453.0,5.465768337249756,5.458343505859375,-0.007424831390380859
13,10,211,167.0,3.817554473876953,3.8215441703796387,0.003989696502685547
13,10,212,79.0,3.6519949436187744,3.671881675720215,0.01988673210144043
13,10,213,64.0,4.473271369934082,4.474854946136475,0.0015835762023925781
13,10,214,214.0,3.5177533626556396,3.514148473739624,-0.003604888916015625
13,10,215,42.0,4.581282615661621,4.572337627410889,-0.008944988250732422
13,10,216,85.0,4.406545639038086,4.387156963348389,-0.019388675689697266
13,10,217,45.0,4.909335136413574,4.896857261657715,-0.012477874755859375
13,10,218,96.0,4.346060276031494,4.34330415725708,-0.0027561187744140625
13,10,219,40.0,3.466945171356201,3.4791150093078613,0.012169837951660156
13,10,220,66.0,4.6993865966796875,4.69231653213501,-0.007070064544677734
13,10,221,262.0,3.4376049041748047,3.421966314315796,-0.01563858985900879
13,10,222,32.0,4.6173553466796875,4.559380531311035,-0.057974815368652344
13,10,223,33.0,4.931256294250488,4.935008525848389,0.0037522315979003906
13,10,224,139.0,2.1582767963409424,2.1736676692962646,0.015390872955322266
13,10,225,84.0,4.020323753356934,4.00856876373291,-0.011754989624023438
13,10,226,46.0,3.709413528442383,3.7314341068267822,0.022020578384399414
13,10,227,121.0,4.181075572967529,4.169912338256836,-0.01116323471069336
13,10,228,67.0,3.140568971633911,3.1533446311950684,0.012775659561157227
13,10,229,187.0,3.8881711959838867,3.880676031112671,-0.00749516487121582
13,10,230,40.0,4.873936176300049,4.86051082611084,-0.013425350189208984
13,10,231,91.0,3.998016119003296,3.980881929397583,-0.01713418960571289
13,10,232,52.0,4.4449782371521,4.448235511779785,0.003257274627685547
13,10,233,49.0,4.133476257324219,4.121865749359131,-0.01161050796508789
13,10,234,261.0,3.079342842102051,3.093327045440674,0.013984203338623047
13,10,235,59.0,4.072587490081787,4.052130699157715,-0.020456790924072266
13,10,236,132.0,4.054989814758301,4.068702697753906,0.013712882995605469
13,10,237,136.0,3.4520623683929443,3.4512226581573486,-0.0008397102355957031
13,10,238,210.0,3.7005720138549805,3.687669038772583,-0.012902975082397461
13,10,239,258.0,3.6856272220611572,3.686967134475708,0.0013399124145507812
13,10,240,203.0,3.5238258838653564,3.5094962120056152,-0.014329671859741211
13,10,241,198.0,3.3618428707122803,3.3551106452941895,-0.00673222541809082
13,10,242,85.0,3.468600034713745,3.473013162612915,0.004413127899169922
13,10,243,85.0,2.1469109058380127,2.1371424198150635,-0.009768486022949219
13,10,244,93.0,4.847414970397949,4.866227626800537,0.01881265640258789
13,10,245,68.0,4.8312296867370605,4.83549690246582,0.004267215728759766
13,10,246,58.0,4.302565574645996,4.305855751037598,0.0032901763916015625
13,10,247,187.0,3.1594748497009277,3.166105031967163,0.0066301822662353516
13,10,248,64.0,2.745805263519287,2.746345281600952,0.0005400180816650391
13,10,249,100.0,3.3120670318603516,3.3156683444976807,0.0036013126373291016
13,10,250,151.0,3.886031150817871,3.875208616256714,-0.010822534561157227
13,10,251,174.0,3.292135715484619,3.2918894290924072,-0.00024628639221191406
13,10,252,126.0,4.651801109313965,4.649886608123779,-0.0019145011901855469
13,10,253,99.0,3.699761390686035,3.686821222305298,-0.012940168380737305
13,10,254,107.0,4.576633453369141,4.580628395080566,0.003994941711425781
13,10,255,116.0,3.825943946838379,3.8279669284820557,0.002022981643676758
13,11,0,196.0,3.98167085647583,3.997504472732544,0.015833616256713867
13,11,1,127.0,3.705084800720215,3.718174457550049,0.013089656829833984
13,11,2,162.0,2.4317469596862793,2.456225633621216,0.024478673934936523
13,11,3,92.0,5.154407501220703,5.205472469329834,0.05106496810913086
13,11,4,194.0,3.7261335849761963,3.737981081008911,0.011847496032714844
13,11,5,115.0,3.4317781925201416,3.4226431846618652,-0.009135007858276367
13,11,6,109.0,4.611254692077637,4.637326240539551,0.026071548461914062
13,11,7,48.0,3.824559450149536,3.8170006275177,-0.0075588226318359375
13,11,8,69.0,4.333216190338135,4.347888469696045,0.014672279357910156
13,11,9,85.0,3.4889185428619385,3.500788450241089,0.01186990737915039
13,11,10,238.0,3.337062358856201,3.369731903076172,0.0326695442199707
13,11,11,233.0,3.013906478881836,3.0347471237182617,0.02084064483642578
13,11,12,208.0,3.644038200378418,3.656548023223877,0.012509822845458984
13,11,13,196.0,3.302739381790161,3.3128702640533447,0.010130882263183594
13,11,14,131.0,3.989900827407837,4.018356800079346,0.02845597267150879
13,11,15,125.0,3.2012383937835693,3.2236781120300293,0.02243971824645996
13,11,16,61.0,4.757500171661377,4.786872386932373,0.029372215270996094
13,11,17,164.0,2.6241273880004883,2.616581678390503,-0.0075457096099853516
13,11,18,107.0,3.8216171264648438,3.855255365371704,0.03363823890686035
13,11,19,48.0,4.036356449127197,4.051687717437744,0.015331268310546875
13,11,20,74.0,2.6907341480255127,2.666895866394043,-0.023838281631469727
13,11,21,103.0,2.9307749271392822,2.9433188438415527,0.012543916702270508
13,11,22,114.0,3.8854269981384277,3.9152705669403076,0.029843568801879883
13,11,23,50.0,6.480540752410889,6.5054192543029785,0.024878501892089844
13,11,24,281.0,3.1489627361297607,3.1659505367279053,0.01698780059814453
13,11,25,247.0,2.5188822746276855,2.5531153678894043,0.03423309326171875
13,11,26,173.0,4.413876056671143,4.449131488800049,0.03525543212890625
13,11,27,166.0,3.707796812057495,3.7134621143341064,0.005665302276611328
13,11,28,98.0,3.151510238647461,3.169353485107422,0.017843246459960938
13,11,29,174.0,3.586359739303589,3.595989942550659,0.009630203247070312
13,11,30,173.0,3.190525531768799,3.224360942840576,0.033835411071777344
13,11,31,215.0,4.340093612670898,4.355402946472168,0.015309333801269531
13,11,32,186.0,3.4789488315582275,3.5155587196350098,0.03660988807678223
13,11,33,153.0,2.9326295852661133,2.9602432250976562,0.02761363983154297
13,11,34,147.0,4.1311798095703125,4.1231255531311035,-0.008054256439208984
13,11,35,50.0,4.620577812194824,4.628335475921631,0.007757663726806641
13,11,36,86.0,3.942690134048462,4.034248352050781,0.09155821800231934
13,11,37,154.0,4.250033378601074,4.269845962524414,0.019812583923339844
13,11,38,265.0,2.933018684387207,2.9444189071655273,0.011400222778320312
13,11,39,199.0,3.941709518432617,3.9727604389190674,0.031050920486450195
13,11,40,138.0,4.430899620056152,4.449089050292969,0.018189430236816406
13,11,41,98.0,4.048152923583984,4.073345184326172,0.0251922607421875
13,11,42,167.0,2.98820424079895,3.0125720500946045,0.024367809295654297
13,11,43,288.0,4.51556396484375,4.551798343658447,0.036234378814697266
13,11,44,225.0,3.134540557861328,3.1389503479003906,0.0044097900390625
13,11,45,191.0,3.475728988647461,3.486024856567383,0.010295867919921875
13,11,46,92.0,5.071820259094238,5.103282928466797,0.031462669372558594
13,11,47,41.0,5.766663551330566,5.767788410186768,0.0011248588562011719
13,11,48,231.0,3.4077651500701904,3.4214086532592773,0.013643503189086914
13,11,49,101.0,2.9521121978759766,2.9557852745056152,0.003673076629638672
13,11,50,177.0,3.6662821769714355,3.685169219970703,0.018887042999267578
13,11,51,252.0,4.05861759185791,4.069097518920898,0.010479927062988281
13,11,52,259.0,3.3747026920318604,3.402165651321411,0.02746295928955078
13,11,53,47.0,4.065746307373047,4.11269998550415,0.046953678131103516
13,11,54,164.0,2.495858669281006,2.5028791427612305,0.007020473480224609
13,11,55,94.0,4.066493034362793,4.085640907287598,0.019147872924804688
13,11,56,103.0,4.11627721786499,4.130817890167236,0.014540672302246094
13,11,57,78.0,3.913255453109741,3.910891056060791,-0.0023643970489501953
13,11,58,239.0,3.692802906036377,3.6971256732940674,0.00432276725769043
13,11,59,271.0,4.881155014038086,4.898520469665527,0.017365455627441406
13,11,60,162.0,3.3450679779052734,3.3631584644317627,0.018090486526489258
13,11,61,179.0,3.870093584060669,3.8996362686157227,0.02954268455505371
13,11,62,218.0,3.1762454509735107,3.20916485786438,0.03291940689086914
13,11,63,81.0,3.809858798980713,3.8145556449890137,0.004696846008300781
13,11,64,93.0,4.687077522277832,4.719240188598633,0.03216266632080078
13,11,65,72.0,4.558295249938965,4.56991720199585,0.011621952056884766
13,11,66,230.0,3.737887382507324,3.7701072692871094,0.032219886779785156
13,11,67,99.0,3.1625142097473145,3.1416497230529785,-0.020864486694335938
13,11,68,213.0,3.218388557434082,3.243565320968628,0.0251767635345459
13,11,69,119.0,3.072978973388672,3.1028361320495605,0.029857158660888672
13,11,70,161.0,3.529710531234741,3.5343966484069824,0.004686117172241211
13,11,71,90.0,4.394758224487305,4.406589031219482,0.011830806732177734
13,11,72,181.0,3.6989989280700684,3.723724126815796,0.02472519874572754
13,11,73,95.0,4.745315074920654,4.76649808883667,0.021183013916015625
13,11,74,245.0,2.801177740097046,2.8126871585845947,0.011509418487548828
13,11,75,93.0,2.319314956665039,2.3454599380493164,0.026144981384277344
13,11,76,225.0,3.1077821254730225,3.1252169609069824,0.01743483543395996
13,11,77,61.0,4.027099132537842,4.056947231292725,0.029848098754882812
13,11,78,257.0,4.246406078338623,4.255855560302734,0.009449481964111328
13,11,79,165.0,3.7203760147094727,3.7284748554229736,0.008098840713500977
13,11,80,117.0,4.752804279327393,4.77880334854126,0.025999069213867188
13,11,81,89.0,4.279232025146484,4.297295570373535,0.01806354522705078
13,11,82,291.0,4.08609676361084,4.102991580963135,0.016894817352294922
13,11,83,93.0,4.042176723480225,4.0749735832214355,0.03279685974121094
13,11,84,228.0,2.8949825763702393,2.9148359298706055,0.01985335350036621
13,11,85,131.0,3.406266927719116,3.409640312194824,0.003373384475708008
13,11,86,191.0,4.77057409286499,4.797043323516846,0.02646923065185547
13,11,87,238.0,5.341985702514648,5.368863582611084,0.026877880096435547
13,11,88,210.0,3.7304000854492188,3.7401750087738037,0.009774923324584961
13,11,89,107.0,4.658895492553711,4.670623302459717,0.01172780990600586
13,11,90,217.0,3.256716728210449,3.267737865447998,0.011021137237548828
13,11,91,199.0,3.479922294616699,3.505671262741089,0.02574896812438965
13,11,92,84.0,2.9870519638061523,2.980123281478882,-0.006928682327270508
13,11,93,271.0,4.167789459228516,4.1850714683532715,0.01728200912475586
13,11,94,226.0,3.797963857650757,3.8184797763824463,0.020515918731689453
13,11,95,258.0,4.302313327789307,4.328499794006348,0.026186466217041016
13,11,96,86.0,4.009377479553223,4.031057834625244,0.021680355072021484
13,11,97,142.0,4.886353492736816,4.889646053314209,0.003292560577392578
13,11,98,42.0,4.73474645614624,4.717726230621338,-0.017020225524902344
13,11,99,224.0,3.053419828414917,3.096733331680298,0.04331350326538086
13,11,100,197.0,2.6848225593566895,2.721564769744873,0.036742210388183594
13,11,101,85.0,3.080362558364868,3.0789921283721924,-0.0013704299926757812
13,11,102,195.0,3.4633231163024902,3.4852871894836426,0.021964073181152344
13,11,103,102.0,4.20768404006958,4.2250075340271,0.01732349395751953
13,11,104,181.0,3.711848735809326,3.716012477874756,0.0041637420654296875
13,11,105,72.0,2.723045587539673,2.7236697673797607,0.0006241798400878906
13,11,106,130.0,4.976626396179199,5.0060200691223145,0.029393672943115234
13,11,107,62.0,3.1819393634796143,3.1675572395324707,-0.014382123947143555
13,11,108,263.0,4.0605854988098145,4.058701992034912,-0.0018835067749023438
13,11,109,194.0,3.1560444831848145,3.17406964302063,0.01802515983581543
13,11,110,174.0,3.211611032485962,3.238227128982544,0.02661609649658203
13,11,111,235.0,4.168798446655273,4.182066440582275,0.013267993927001953
13,11,112,143.0,4.279087066650391,4.319714069366455,0.04062700271606445
13,11,113,117.0,4.890145778656006,4.9151411056518555,0.02499532699584961
13,11,114,160.0,4.253233909606934,4.263116359710693,0.009882450103759766
13,11,115,115.0,3.9266409873962402,3.983379602432251,0.05673861503601074
13,11,116,120.0,3.8633739948272705,3.8988027572631836,0.035428762435913086
13,11,117,186.0,4.1213459968566895,4.13945198059082,0.01810598373413086
13,11,118,138.0,3.296036958694458,3.309433937072754,0.013396978378295898
13,11,119,80.0,3.554978847503662,3.6011955738067627,0.046216726303100586
13,11,120,164.0,3.3612916469573975,3.381812810897827,0.020521163940429688
13,11,121,215.0,3.762061357498169,3.7712278366088867,0.009166479110717773
13,11,122,81.0,3.60632061958313,3.617955446243286,0.01163482666015625
13,11,123,171.0,3.4178876876831055,3.4289193153381348,0.011031627655029297
13,11,124,41.0,4.780884742736816,4.8236823081970215,0.04279756546020508
13,11,125,103.0,4.1708221435546875,4.177214622497559,0.006392478942871094
13,11,126,145.0,3.385586977005005,3.415881872177124,0.03029489517211914
13,11,127,102.0,3.511989116668701,3.5090460777282715,-0.0029430389404296875
13,11,128,157.0,4.545989513397217,4.555738925933838,0.009749412536621094
13,11,129,161.0,3.612820625305176,3.648322582244873,0.035501956939697266
13,11,130,248.0,3.595446825027466,3.63266658782959,0.03721976280212402
13,11,131,240.0,4.314742088317871,4.337470531463623,0.022728443145751953
13,11,132,284.0,3.515221118927002,3.528635263442993,0.013414144515991211
13,11,133,105.0,5.547122001647949,5.573756217956543,0.02663421630859375
13,11,134,72.0,3.6292827129364014,3.628199338912964,-0.0010833740234375
13,11,135,86.0,3.9638190269470215,4.00559139251709,0.04177236557006836
13,11,136,120.0,3.225938320159912,3.2520594596862793,0.026121139526367188
13,11,137,64.0,3.684243679046631,3.729520320892334,0.045276641845703125
13,11,138,220.0,2.8231959342956543,2.853815793991089,0.03061985969543457
13,11,139,92.0,2.984248638153076,3.053478956222534,0.06923031806945801
13,11,140,180.0,3.4170660972595215,3.4299476146698,0.01288151741027832
13,11,141,95.0,3.5693070888519287,3.577091693878174,0.007784605026245117
13,11,142,72.0,5.436267852783203,5.4315056800842285,-0.004762172698974609
13,11,143,152.0,4.664964199066162,4.6901445388793945,0.025180339813232422
13,11,144,170.0,3.2575697898864746,3.2621028423309326,0.004533052444458008
13,11,145,56.0,4.233151912689209,4.249000072479248,0.015848159790039062
13,11,146,174.0,3.632305860519409,3.6468143463134766,0.014508485794067383
13,11,147,191.0,3.26232647895813,3.2901949882507324,0.02786850929260254
13,11,148,279.0,3.7231252193450928,3.737633228302002,0.01450800895690918
13,11,149,98.0,3.6501717567443848,3.671625852584839,0.0214540958404541
13,11,150,50.0,3.987290143966675,3.9960193634033203,0.008729219436645508
13,11,151,61.0,3.207566976547241,3.208899736404419,0.0013327598571777344
13,11,152,208.0,2.833768367767334,2.842808246612549,0.009039878845214844
13,11,153,124.0,3.7818057537078857,3.768705368041992,-0.013100385665893555
13,11,154,128.0,3.3032331466674805,3.325852155685425,0.022619009017944336
13,11,155,250.0,4.603071212768555,4.624462604522705,0.02139139175415039
13,11,156,239.0,2.621934175491333,2.6258716583251953,0.003937482833862305
13,11,157,164.0,2.8648641109466553,2.866807699203491,0.0019435882568359375
13,11,158,42.0,4.671477317810059,4.726410388946533,0.05493307113647461
13,11,159,200.0,4.007006645202637,4.024054050445557,0.017047405242919922
13,11,160,209.0,3.638150215148926,3.644089460372925,0.0059392452239990234
13,11,161,206.0,3.6040756702423096,3.622411012649536,0.018335342407226562
13,11,162,139.0,4.383498191833496,4.405311107635498,0.021812915802001953
13,11,163,76.0,3.7987864017486572,3.803436756134033,0.0046503543853759766
13,11,164,232.0,3.892338275909424,3.9190850257873535,0.026746749877929688
13,11,165,235.0,3.9155564308166504,3.944614887237549,0.029058456420898438
13,11,166,49.0,4.228317737579346,4.254928112030029,0.026610374450683594
13,11,167,138.0,3.473930835723877,3.484332323074341,0.010401487350463867
13,11,168,60.0,3.808337450027466,3.79921817779541,-0.009119272232055664
13,11,169,146.0,4.041977882385254,4.0490922927856445,0.007114410400390625
13,11,170,57.0,4.420210838317871,4.430503845214844,0.010293006896972656
13,11,171,135.0,3.909317970275879,3.929591655731201,0.020273685455322266
13,11,172,113.0,3.19097638130188,3.217045307159424,0.026068925857543945
13,11,173,208.0,4.171577453613281,4.190423965454102,0.018846511840820312
13,11,174,195.0,2.116305112838745,2.1175625324249268,0.0012574195861816406
13,11,175,137.0,3.9520905017852783,3.988022804260254,0.035932302474975586
13,11,176,91.0,4.97736120223999,5.005008220672607,0.027647018432617188
13,11,177,66.0,3.994100332260132,4.014174461364746,0.020074129104614258
13,11,178,173.0,3.3507070541381836,3.3732500076293945,0.022542953491210938
13,11,179,89.0,5.353647708892822,5.353267192840576,-0.00038051605224609375
13,11,180,231.0,3.6613731384277344,3.6550235748291016,-0.0063495635986328125
13,11,181,71.0,5.397938251495361,5.4214558601379395,0.023517608642578125
13,11,182,98.0,3.963383674621582,3.9733619689941406,0.009978294372558594
13,11,183,215.0,1.998246431350708,2.018235206604004,0.0199887752532959
13,11,184,159.0,4.383580684661865,4.378759384155273,-0.004821300506591797
13,11,185,86.0,3.697986602783203,3.7204031944274902,0.02241659164428711
13,11,186,92.0,3.4445607662200928,3.450937032699585,0.0063762664794921875
13,11,187,51.0,5.179178714752197,5.183577060699463,0.004398345947265625
13,11,188,86.0,4.734201908111572,4.766117572784424,0.03191566467285156
13,11,189,132.0,3.6938047409057617,3.72519850730896,0.03139376640319824
13,11,190,214.0,3.9561617374420166,3.959055185317993,0.0028934478759765625
13,11,191,139.0,4.121965408325195,4.1377482414245605,0.015782833099365234
13,11,192,89.0,3.4952480792999268,3.507748603820801,0.012500524520874023
13,11,193,102.0,4.782958507537842,4.827536106109619,0.044577598571777344
13,11,194,156.0,2.6015143394470215,2.6132712364196777,0.01175689697265625
13,11,195,87.0,3.839608669281006,3.8656718730926514,0.026063203811645508
13,11,196,175.0,3.2536110877990723,3.270056962966919,0.01644587516784668
13,11,197,136.0,2.3385791778564453,2.3485941886901855,0.010015010833740234
13,11,198,54.0,3.781459093093872,3.7918407917022705,0.010381698608398438
13,11,199,71.0,4.556375980377197,4.543792247772217,-0.012583732604980469
13,11,200,43.0,4.562034606933594,4.582550048828125,0.02051544189453125
13,11,201,200.0,3.3231818675994873,3.3453667163848877,0.02218484878540039
13,11,202,60.0,3.5167155265808105,3.5307164192199707,0.014000892639160156
13,11,203,220.0,3.437206983566284,3.4602630138397217,0.0230560302734375
13,11,204,160.0,4.1729278564453125,4.176480770111084,0.0035529136657714844
13,11,205,46.0,3.025144100189209,2.996643304824829,-0.028500795364379883
13,11,206,189.0,3.507356882095337,3.5248050689697266,0.01744818687438965
13,11,207,69.0,4.68245792388916,4.694778919219971,0.012320995330810547
13,11,208,164.0,2.968637228012085,2.9777801036834717,0.009142875671386719
13,11,209,121.0,3.6657907962799072,3.681929588317871,0.016138792037963867
13,11,210,453.0,5.465768337249756,5.4952778816223145,0.029509544372558594
13,11,211,167.0,3.817554473876953,3.827587842941284,0.010033369064331055
13,11,212,79.0,3.6519949436187744,3.6416819095611572,-0.010313034057617188
13,11,213,64.0,4.473271369934082,4.479640960693359,0.006369590759277344
13,11,214,214.0,3.5177533626556396,3.5354206562042236,0.017667293548583984
13,11,215,42.0,4.581282615661621,4.622994422912598,0.04171180725097656
13,11,216,85.0,4.406545639038086,4.468573570251465,0.062027931213378906
13,11,217,45.0,4.909335136413574,4.96759557723999,0.058260440826416016
13,11,218,96.0,4.346060276031494,4.346927165985107,0.0008668899536132812
13,11,219,40.0,3.466945171356201,3.4719557762145996,0.0050106048583984375
13,11,220,66.0,4.6993865966796875,4.702871322631836,0.0034847259521484375
13,11,221,262.0,3.4376049041748047,3.4683284759521484,0.03072357177734375
13,11,222,32.0,4.6173553466796875,4.7586212158203125,0.141265869140625
13,11,223,33.0,4.931256294250488,4.955006122589111,0.023749828338623047
13,11,224,139.0,2.1582767963409424,2.1536197662353516,-0.00465703010559082
13,11,225,84.0,4.020323753356934,4.074021816253662,0.053698062896728516
13,11,226,46.0,3.709413528442383,3.7223401069641113,0.012926578521728516
13,11,227,121.0,4.181075572967529,4.184712886810303,0.0036373138427734375
13,11,228,67.0,3.140568971633911,3.147913694381714,0.007344722747802734
13,11,229,187.0,3.8881711959838867,3.885798215866089,-0.0023729801177978516
13,11,230,40.0,4.873936176300049,4.885281085968018,0.01134490966796875
13,11,231,91.0,3.998016119003296,4.026931285858154,0.0289151668548584
13,11,232,52.0,4.4449782371521,4.492963790893555,0.04798555374145508
13,11,233,49.0,4.133476257324219,4.137033462524414,0.0035572052001953125
13,11,234,261.0,3.079342842102051,3.0738894939422607,-0.005453348159790039
13,11,235,59.0,4.072587490081787,4.110301971435547,0.037714481353759766
13,11,236,132.0,4.054989814758301,4.07035493850708,0.015365123748779297
13,11,237,136.0,3.4520623683929443,3.481011152267456,0.02894878387451172
13,11,238,210.0,3.7005720138549805,3.7408697605133057,0.040297746658325195
13,11,239,258.0,3.6856272220611572,3.701279401779175,0.015652179718017578
13,11,240,203.0,3.5238258838653564,3.547571897506714,0.023746013641357422
13,11,241,198.0,3.3618428707122803,3.370136260986328,0.008293390274047852
13,11,242,85.0,3.468600034713745,3.447307586669922,-0.021292448043823242
13,11,243,85.0,2.1469109058380127,2.195756435394287,0.048845529556274414
13,11,244,93.0,4.847414970397949,4.850531101226807,0.003116130828857422
13,11,245,68.0,4.8312296867370605,4.846360683441162,0.015130996704101562
13,11,246,58.0,4.302565574645996,4.312811374664307,0.010245800018310547
13,11,247,187.0,3.1594748497009277,3.149564743041992,-0.009910106658935547
13,11,248,64.0,2.745805263519287,2.7555813789367676,0.009776115417480469
13,11,249,100.0,3.3120670318603516,3.3214504718780518,0.009383440017700195
13,11,250,151.0,3.886031150817871,3.924062490463257,0.03803133964538574
13,11,251,174.0,3.292135715484619,3.2997970581054688,0.007661342620849609
13,11,252,126.0,4.651801109313965,4.674927711486816,0.023126602172851562
13,11,253,99.0,3.699761390686035,3.7268781661987305,0.027116775512695312
13,11,254,107.0,4.576633453369141,4.5896687507629395,0.013035297393798828
13,11,255,116.0,3.825943946838379,3.8332529067993164,0.0073089599609375
13,12,0,196.0,3.98167085647583,3.9858086109161377,0.004137754440307617
13,12,1,127.0,3.705084800720215,3.7175099849700928,0.01242518424987793
13,12,2,162.0,2.4317469596862793,2.4373650550842285,0.005618095397949219
13,12,3,92.0,5.154407501220703,5.154407501220703,0.0
13,12,4,194.0,3.7261335849761963,3.7304322719573975,0.004298686981201172
13,12,5,115.0,3.4317781925201416,3.4247515201568604,-0.00702667236328125
13,12,6,109.0,4.611254692077637,4.619815349578857,0.008560657501220703
13,12,7,48.0,3.824559450149536,3.8349525928497314,0.010393142700195312
13,12,8,69.0,4.333216190338135,4.343906402587891,0.01069021224975586
13,12,9,85.0,3.4889185428619385,3.4855263233184814,-0.0033922195434570312
13,12,10,238.0,3.337062358856201,3.3415005207061768,0.004438161849975586
13,12,11,233.0,3.013906478881836,3.0183229446411133,0.004416465759277344
13,12,12,208.0,3.644038200378418,3.6438496112823486,-0.00018858909606933594
13,12,13,196.0,3.302739381790161,3.314582109451294,0.011842727661132812
13,12,14,131.0,3.989900827407837,3.999562978744507,0.009662151336669922
13,12,15,125.0,3.2012383937835693,3.2033579349517822,0.0021195411682128906
13,12,16,61.0,4.757500171661377,4.764377593994141,0.006877422332763672
13,12,17,164.0,2.6241273880004883,2.6280131340026855,0.0038857460021972656
13,12,18,107.0,3.8216171264648438,3.830688238143921,0.009071111679077148
13,12,19,48.0,4.036356449127197,4.025204658508301,-0.011151790618896484
13,12,20,74.0,2.6907341480255127,2.6797573566436768,-0.010976791381835938
13,12,21,103.0,2.9307749271392822,2.9313290119171143,0.0005540847778320312
13,12,22,114.0,3.8854269981384277,3.8820853233337402,-0.0033416748046875
13,12,23,50.0,6.480540752410889,6.502601146697998,0.022060394287109375
13,12,24,281.0,3.1489627361297607,3.1641581058502197,0.015195369720458984
13,12,25,247.0,2.5188822746276855,2.519962787628174,0.0010805130004882812
13,12,26,173.0,4.413876056671143,4.424402713775635,0.010526657104492188
13,12,27,166.0,3.707796812057495,3.7113330364227295,0.003536224365234375
13,12,28,98.0,3.151510238647461,3.152362108230591,0.0008518695831298828
13,12,29,174.0,3.586359739303589,3.5895469188690186,0.0031871795654296875
13,12,30,173.0,3.190525531768799,3.2070579528808594,0.016532421112060547
13,12,31,215.0,4.340093612670898,4.34183406829834,0.0017404556274414062
13,12,32,186.0,3.4789488315582275,3.4750311374664307,-0.003917694091796875
13,12,33,153.0,2.9326295852661133,2.9344353675842285,0.0018057823181152344
13,12,34,147.0,4.1311798095703125,4.126286506652832,-0.004893302917480469
13,12,35,50.0,4.620577812194824,4.636440277099609,0.015862464904785156
13,12,36,86.0,3.942690134048462,3.9609482288360596,0.018258094787597656
13,12,37,154.0,4.250033378601074,4.248780250549316,-0.0012531280517578125
13,12,38,265.0,2.933018684387207,2.936479330062866,0.0034606456756591797
13,12,39,199.0,3.941709518432617,3.942018985748291,0.0003094673156738281
13,12,40,138.0,4.430899620056152,4.4323272705078125,0.0014276504516601562
13,12,41,98.0,4.048152923583984,4.050718784332275,0.0025658607482910156
13,12,42,167.0,2.98820424079895,2.986814498901367,-0.0013897418975830078
13,12,43,288.0,4.51556396484375,4.520952224731445,0.0053882598876953125
13,12,44,225.0,3.134540557861328,3.132369041442871,-0.0021715164184570312
13,12,45,191.0,3.475728988647461,3.468179225921631,-0.007549762725830078
13,12,46,92.0,5.071820259094238,5.080378532409668,0.008558273315429688
13,12,47,41.0,5.766663551330566,5.8220648765563965,0.05540132522583008
13,12,48,231.0,3.4077651500701904,3.4096431732177734,0.0018780231475830078
13,12,49,101.0,2.9521121978759766,2.96457839012146,0.012466192245483398
13,12,50,177.0,3.6662821769714355,3.6608686447143555,-0.005413532257080078
13,12,51,252.0,4.05861759185791,4.059506416320801,0.000888824462890625
13,12,52,259.0,3.3747026920318604,3.3751320838928223,0.00042939186096191406
13,12,53,47.0,4.065746307373047,4.078938007354736,0.013191699981689453
13,12,54,164.0,2.495858669281006,2.4963486194610596,0.0004899501800537109
13,12,55,94.0,4.066493034362793,4.066269397735596,-0.00022363662719726562
13,12,56,103.0,4.11627721786499,4.123931884765625,0.007654666900634766
13,12,57,78.0,3.913255453109741,3.9168474674224854,0.0035920143127441406
13,12,58,239.0,3.692802906036377,3.6960558891296387,0.0032529830932617188
13,12,59,271.0,4.881155014038086,4.882571220397949,0.0014162063598632812
13,12,60,162.0,3.3450679779052734,3.3560805320739746,0.011012554168701172
13,12,61,179.0,3.870093584060669,3.8708338737487793,0.0007402896881103516
13,12,62,218.0,3.1762454509735107,3.176914930343628,0.0006694793701171875
13,12,63,81.0,3.809858798980713,3.812309741973877,0.0024509429931640625
13,12,64,93.0,4.687077522277832,4.7038655281066895,0.016788005828857422
13,12,65,72.0,4.558295249938965,4.563968181610107,0.005672931671142578
13,12,66,230.0,3.737887382507324,3.735926866531372,-0.0019605159759521484
13,12,67,99.0,3.1625142097473145,3.1536142826080322,-0.008899927139282227
13,12,68,213.0,3.218388557434082,3.230618715286255,0.012230157852172852
13,12,69,119.0,3.072978973388672,3.0770392417907715,0.004060268402099609
13,12,70,161.0,3.529710531234741,3.525035858154297,-0.004674673080444336
13,12,71,90.0,4.394758224487305,4.394201755523682,-0.0005564689636230469
13,12,72,181.0,3.6989989280700684,3.7016594409942627,0.002660512924194336
13,12,73,95.0,4.745315074920654,4.7516984939575195,0.006383419036865234
13,12,74,245.0,2.801177740097046,2.797537088394165,-0.0036406517028808594
13,12,75,93.0,2.319314956665039,2.3261330127716064,0.006818056106567383
13,12,76,225.0,3.1077821254730225,3.1165826320648193,0.008800506591796875
13,12,77,61.0,4.027099132537842,4.031521320343018,0.004422187805175781
13,12,78,257.0,4.246406078338623,4.255275249481201,0.008869171142578125
13,12,79,165.0,3.7203760147094727,3.7237017154693604,0.0033257007598876953
13,12,80,117.0,4.752804279327393,4.745174407958984,-0.007629871368408203
13,12,81,89.0,4.279232025146484,4.291004180908203,0.01177215576171875
13,12,82,291.0,4.08609676361084,4.080120086669922,-0.005976676940917969
13,12,83,93.0,4.042176723480225,4.0349578857421875,-0.007218837738037109
13,12,84,228.0,2.8949825763702393,2.9009459018707275,0.005963325500488281
13,12,85,131.0,3.406266927719116,3.4043240547180176,-0.0019428730010986328
13,12,86,191.0,4.77057409286499,4.777346134185791,0.006772041320800781
13,12,87,238.0,5.341985702514648,5.356362342834473,0.014376640319824219
13,12,88,210.0,3.7304000854492188,3.7302072048187256,-0.00019288063049316406
13,12,89,107.0,4.658895492553711,4.664859771728516,0.0059642791748046875
13,12,90,217.0,3.256716728210449,3.2543210983276367,-0.0023956298828125
13,12,91,199.0,3.479922294616699,3.486022710800171,0.00610041618347168
13,12,92,84.0,2.9870519638061523,2.9842841625213623,-0.002767801284790039
13,12,93,271.0,4.167789459228516,4.166019439697266,-0.00177001953125
13,12,94,226.0,3.797963857650757,3.797339677810669,-0.0006241798400878906
13,12,95,258.0,4.302313327789307,4.303064823150635,0.000751495361328125
13,12,96,86.0,4.009377479553223,4.006570339202881,-0.002807140350341797
13,12,97,142.0,4.886353492736816,4.893134117126465,0.0067806243896484375
13,12,98,42.0,4.73474645614624,4.7367730140686035,0.0020265579223632812
13,12,99,224.0,3.053419828414917,3.0589239597320557,0.005504131317138672
13,12,100,197.0,2.6848225593566895,2.6799161434173584,-0.004906415939331055
13,12,101,85.0,3.080362558364868,3.085994243621826,0.005631685256958008
13,12,102,195.0,3.4633231163024902,3.4686591625213623,0.00533604621887207
13,12,103,102.0,4.20768404006958,4.213531017303467,0.005846977233886719
13,12,104,181.0,3.711848735809326,3.725355863571167,0.01350712776184082
13,12,105,72.0,2.723045587539673,2.7155814170837402,-0.007464170455932617
13,12,106,130.0,4.976626396179199,4.980685710906982,0.004059314727783203
13,12,107,62.0,3.1819393634796143,3.1767842769622803,-0.005155086517333984
13,12,108,263.0,4.0605854988098145,4.056827068328857,-0.0037584304809570312
13,12,109,194.0,3.1560444831848145,3.168682098388672,0.012637615203857422
13,12,110,174.0,3.211611032485962,3.220855474472046,0.009244441986083984
13,12,111,235.0,4.168798446655273,4.174039363861084,0.005240917205810547
13,12,112,143.0,4.279087066650391,4.285553932189941,0.006466865539550781
13,12,113,117.0,4.890145778656006,4.896511554718018,0.006365776062011719
13,12,114,160.0,4.253233909606934,4.258739948272705,0.005506038665771484
13,12,115,115.0,3.9266409873962402,3.9341964721679688,0.007555484771728516
13,12,116,120.0,3.8633739948272705,3.8637211322784424,0.000347137451171875
13,12,117,186.0,4.1213459968566895,4.131066799163818,0.009720802307128906
13,12,118,138.0,3.296036958694458,3.2970187664031982,0.0009818077087402344
13,12,119,80.0,3.554978847503662,3.539897918701172,-0.015080928802490234
13,12,120,164.0,3.3612916469573975,3.3584840297698975,-0.0028076171875
13,12,121,215.0,3.762061357498169,3.7614552974700928,-0.0006060600280761719
13,12,122,81.0,3.60632061958313,3.6131982803344727,0.0068776607513427734
13,12,123,171.0,3.4178876876831055,3.4197611808776855,0.0018734931945800781
13,12,124,41.0,4.780884742736816,4.765671730041504,-0.0152130126953125
13,12,125,103.0,4.1708221435546875,4.169569492340088,-0.0012526512145996094
13,12,126,145.0,3.385586977005005,3.3977465629577637,0.012159585952758789
13,12,127,102.0,3.511989116668701,3.5091140270233154,-0.002875089645385742
13,12,128,157.0,4.545989513397217,4.555570602416992,0.00958108901977539
13,12,129,161.0,3.612820625305176,3.61508846282959,0.0022678375244140625
13,12,130,248.0,3.595446825027466,3.600236177444458,0.0047893524169921875
13,12,131,240.0,4.314742088317871,4.324315547943115,0.00957345962524414
13,12,132,284.0,3.515221118927002,3.51539945602417,0.00017833709716796875
13,12,133,105.0,5.547122001647949,5.5641374588012695,0.017015457153320312
13,12,134,72.0,3.6292827129364014,3.6321966648101807,0.002913951873779297
13,12,135,86.0,3.9638190269470215,3.967900037765503,0.004081010818481445
13,12,136,120.0,3.225938320159912,3.2280986309051514,0.002160310745239258
13,12,137,64.0,3.684243679046631,3.6913211345672607,0.007077455520629883
13,12,138,220.0,2.8231959342956543,2.8201253414154053,-0.0030705928802490234
13,12,139,92.0,2.984248638153076,2.982161521911621,-0.002087116241455078
13,12,140,180.0,3.4170660972595215,3.411686897277832,-0.005379199981689453
13,12,141,95.0,3.5693070888519287,3.559730291366577,-0.009576797485351562
13,12,142,72.0,5.436267852783203,5.439445495605469,0.003177642822265625
13,12,143,152.0,4.664964199066162,4.677944183349609,0.012979984283447266
13,12,144,170.0,3.2575697898864746,3.258505344390869,0.0009355545043945312
13,12,145,56.0,4.233151912689209,4.22409725189209,-0.00905466079711914
13,12,146,174.0,3.632305860519409,3.6308250427246094,-0.0014808177947998047
13,12,147,191.0,3.26232647895813,3.2608134746551514,-0.0015130043029785156
13,12,148,279.0,3.7231252193450928,3.725074052810669,0.0019488334655761719
13,12,149,98.0,3.6501717567443848,3.6594693660736084,0.009297609329223633
13,12,150,50.0,3.987290143966675,3.983372211456299,-0.0039179325103759766
13,12,151,61.0,3.207566976547241,3.200485944747925,-0.007081031799316406
13,12,152,208.0,2.833768367767334,2.834944725036621,0.0011763572692871094
13,12,153,124.0,3.7818057537078857,3.7669005393981934,-0.014905214309692383
13,12,154,128.0,3.3032331466674805,3.3105361461639404,0.007302999496459961
13,12,155,250.0,4.603071212768555,4.610557556152344,0.0074863433837890625
13,12,156,239.0,2.621934175491333,2.6212332248687744,-0.0007009506225585938
13,12,157,164.0,2.8648641109466553,2.8600893020629883,-0.004774808883666992
13,12,158,42.0,4.671477317810059,4.673681259155273,0.0022039413452148438
13,12,159,200.0,4.007006645202637,4.000852584838867,-0.006154060363769531
13,12,160,209.0,3.638150215148926,3.6304891109466553,-0.007661104202270508
13,12,161,206.0,3.6040756702423096,3.6145925521850586,0.010516881942749023
13,12,162,139.0,4.383498191833496,4.388545513153076,0.005047321319580078
13,12,163,76.0,3.7987864017486572,3.802177906036377,0.0033915042877197266
13,12,164,232.0,3.892338275909424,3.890968084335327,-0.0013701915740966797
13,12,165,235.0,3.9155564308166504,3.9230189323425293,0.007462501525878906
13,12,166,49.0,4.228317737579346,4.2387285232543945,0.010410785675048828
13,12,167,138.0,3.473930835723877,3.4719319343566895,-0.0019989013671875
13,12,168,60.0,3.808337450027466,3.8369953632354736,0.028657913208007812
13,12,169,146.0,4.041977882385254,4.0511627197265625,0.009184837341308594
13,12,170,57.0,4.420210838317871,4.420888900756836,0.0006780624389648438
13,12,171,135.0,3.909317970275879,3.9163267612457275,0.007008790969848633
13,12,172,113.0,3.19097638130188,3.1899609565734863,-0.0010154247283935547
13,12,173,208.0,4.171577453613281,4.178430557250977,0.0068531036376953125
13,12,174,195.0,2.116305112838745,2.1300787925720215,0.013773679733276367
13,12,175,137.0,3.9520905017852783,3.9644181728363037,0.01232767105102539
13,12,176,91.0,4.97736120223999,4.9865498542785645,0.009188652038574219
13,12,177,66.0,3.994100332260132,3.9924867153167725,-0.001613616943359375
13,12,178,173.0,3.3507070541381836,3.3651492595672607,0.014442205429077148
13,12,179,89.0,5.353647708892822,5.351419448852539,-0.002228260040283203
13,12,180,231.0,3.6613731384277344,3.6611576080322266,-0.0002155303955078125
13,12,181,71.0,5.397938251495361,5.394059181213379,-0.003879070281982422
13,12,182,98.0,3.963383674621582,3.979461431503296,0.016077756881713867
13,12,183,215.0,1.998246431350708,2.0035762786865234,0.00532984733581543
13,12,184,159.0,4.383580684661865,4.392031669616699,0.008450984954833984
13,12,185,86.0,3.697986602783203,3.6925790309906006,-0.005407571792602539
13,12,186,92.0,3.4445607662200928,3.454702854156494,0.010142087936401367
13,12,187,51.0,5.179178714752197,5.184035301208496,0.004856586456298828
13,12,188,86.0,4.734201908111572,4.739052772521973,0.004850864410400391
13,12,189,132.0,3.6938047409057617,3.697500228881836,0.0036954879760742188
13,12,190,214.0,3.9561617374420166,3.959930658340454,0.0037689208984375
13,12,191,139.0,4.121965408325195,4.129587650299072,0.007622241973876953
13,12,192,89.0,3.4952480792999268,3.4980132579803467,0.002765178680419922
13,12,193,102.0,4.782958507537842,4.7741498947143555,-0.008808612823486328
13,12,194,156.0,2.6015143394470215,2.62475323677063,0.0232388973236084
13,12,195,87.0,3.839608669281006,3.844322443008423,0.004713773727416992
13,12,196,175.0,3.2536110877990723,3.252225399017334,-0.0013856887817382812
13,12,197,136.0,2.3385791778564453,2.349515914916992,0.010936737060546875
13,12,198,54.0,3.781459093093872,3.7841012477874756,0.0026421546936035156
13,12,199,71.0,4.556375980377197,4.56576681137085,0.009390830993652344
13,12,200,43.0,4.562034606933594,4.548607349395752,-0.013427257537841797
13,12,201,200.0,3.3231818675994873,3.321638584136963,-0.001543283462524414
13,12,202,60.0,3.5167155265808105,3.5035910606384277,-0.013124465942382812
13,12,203,220.0,3.437206983566284,3.4366884231567383,-0.0005185604095458984
13,12,204,160.0,4.1729278564453125,4.189903736114502,0.016975879669189453
13,12,205,46.0,3.025144100189209,3.0318169593811035,0.006672859191894531
13,12,206,189.0,3.507356882095337,3.5201187133789062,0.012761831283569336
13,12,207,69.0,4.68245792388916,4.691237449645996,0.008779525756835938
13,12,208,164.0,2.968637228012085,2.9675793647766113,-0.0010578632354736328
13,12,209,121.0,3.6657907962799072,3.6666769981384277,0.0008862018585205078
13,12,210,453.0,5.465768337249756,5.4870686531066895,0.021300315856933594
13,12,211,167.0,3.817554473876953,3.8198344707489014,0.002279996871948242
13,12,212,79.0,3.6519949436187744,3.6567795276641846,0.004784584045410156
13,12,213,64.0,4.473271369934082,4.482935905456543,0.009664535522460938
13,12,214,214.0,3.5177533626556396,3.5166828632354736,-0.0010704994201660156
13,12,215,42.0,4.581282615661621,4.597218036651611,0.015935420989990234
13,12,216,85.0,4.406545639038086,4.4222211837768555,0.01567554473876953
13,12,217,45.0,4.909335136413574,4.916317939758301,0.0069828033447265625
13,12,218,96.0,4.346060276031494,4.357986927032471,0.011926651000976562
13,12,219,40.0,3.466945171356201,3.469940185546875,0.002995014190673828
13,12,220,66.0,4.6993865966796875,4.715708255767822,0.016321659088134766
13,12,221,262.0,3.4376049041748047,3.440917491912842,0.0033125877380371094
13,12,222,32.0,4.6173553466796875,4.63768196105957,0.020326614379882812
13,12,223,33.0,4.931256294250488,4.954487323760986,0.023231029510498047
13,12,224,139.0,2.1582767963409424,2.153919219970703,-0.004357576370239258
13,12,225,84.0,4.020323753356934,4.032822608947754,0.012498855590820312
13,12,226,46.0,3.709413528442383,3.7025132179260254,-0.006900310516357422
13,12,227,121.0,4.181075572967529,4.182534694671631,0.0014591217041015625
13,12,228,67.0,3.140568971633911,3.142868757247925,0.002299785614013672
13,12,229,187.0,3.8881711959838867,3.892756223678589,0.0045850276947021484
13,12,230,40.0,4.873936176300049,4.871284008026123,-0.0026521682739257812
13,12,231,91.0,3.998016119003296,4.012186527252197,0.014170408248901367
13,12,232,52.0,4.4449782371521,4.448770999908447,0.0037927627563476562
13,12,233,49.0,4.133476257324219,4.139744281768799,0.006268024444580078
13,12,234,261.0,3.079342842102051,3.065324306488037,-0.014018535614013672
13,12,235,59.0,4.072587490081787,4.086050987243652,0.013463497161865234
13,12,236,132.0,4.054989814758301,4.057256698608398,0.0022668838500976562
13,12,237,136.0,3.4520623683929443,3.4593982696533203,0.0073359012603759766
13,12,238,210.0,3.7005720138549805,3.708287477493286,0.007715463638305664
13,12,239,258.0,3.6856272220611572,3.6941535472869873,0.008526325225830078
13,12,240,203.0,3.5238258838653564,3.528836965560913,0.005011081695556641
13,12,241,198.0,3.3618428707122803,3.369115114212036,0.007272243499755859
13,12,242,85.0,3.468600034713745,3.4708828926086426,0.002282857894897461
13,12,243,85.0,2.1469109058380127,2.141388416290283,-0.005522489547729492
13,12,244,93.0,4.847414970397949,4.858274459838867,0.010859489440917969
13,12,245,68.0,4.8312296867370605,4.833328723907471,0.0020990371704101562
13,12,246,58.0,4.302565574645996,4.309976577758789,0.007411003112792969
13,12,247,187.0,3.1594748497009277,3.1542890071868896,-0.005185842514038086
13,12,248,64.0,2.745805263519287,2.7425787448883057,-0.0032265186309814453
13,12,249,100.0,3.3120670318603516,3.308370351791382,-0.0036966800689697266
13,12,250,151.0,3.886031150817871,3.887465715408325,0.0014345645904541016
13,12,251,174.0,3.292135715484619,3.2970244884490967,0.004888772964477539
13,12,252,126.0,4.651801109313965,4.669717311859131,0.017916202545166016
13,12,253,99.0,3.699761390686035,3.6963038444519043,-0.0034575462341308594
13,12,254,107.0,4.576633453369141,4.583487033843994,0.006853580474853516
13,12,255,116.0,3.825943946838379,3.8250393867492676,-0.0009045600891113281
13,13,0,196.0,3.98167085647583,3.986844062805176,0.005173206329345703
13,13,1,127.0,3.705084800720215,3.692772626876831,-0.012312173843383789
13,13,2,162.0,2.4317469596862793,2.426645040512085,-0.005101919174194336
13,13,3,92.0,5.154407501220703,5.167722225189209,0.01331472396850586
13,13,4,194.0,3.7261335849761963,3.7330565452575684,0.00692296028137207
13,13,5,115.0,3.4317781925201416,3.4348623752593994,0.0030841827392578125
13,13,6,109.0,4.611254692077637,4.604781150817871,-0.006473541259765625
13,13,7,48.0,3.824559450149536,3.8426921367645264,0.018132686614990234
13,13,8,69.0,4.333216190338135,4.332988739013672,-0.00022745132446289062
13,13,9,85.0,3.4889185428619385,3.4854238033294678,-0.003494739532470703
13,13,10,238.0,3.337062358856201,3.3416800498962402,0.0046176910400390625
13,13,11,233.0,3.013906478881836,3.015803098678589,0.0018966197967529297
13,13,12,208.0,3.644038200378418,3.625333547592163,-0.018704652786254883
13,13,13,196.0,3.302739381790161,3.2931742668151855,-0.009565114974975586
13,13,14,131.0,3.989900827407837,3.981839418411255,-0.008061408996582031
13,13,15,125.0,3.2012383937835693,3.204951286315918,0.003712892532348633
13,13,16,61.0,4.757500171661377,4.752342700958252,-0.005157470703125
13,13,17,164.0,2.6241273880004883,2.625861644744873,0.0017342567443847656
13,13,18,107.0,3.8216171264648438,3.815423011779785,-0.006194114685058594
13,13,19,48.0,4.036356449127197,4.031671524047852,-0.004684925079345703
13,13,20,74.0,2.6907341480255127,2.704611301422119,0.013877153396606445
13,13,21,103.0,2.9307749271392822,2.9130606651306152,-0.017714262008666992
13,13,22,114.0,3.8854269981384277,3.8921213150024414,0.006694316864013672
13,13,23,50.0,6.480540752410889,6.464624404907227,-0.01591634750366211
13,13,24,281.0,3.1489627361297607,3.142284393310547,-0.006678342819213867
13,13,25,247.0,2.5188822746276855,2.5307304859161377,0.011848211288452148
13,13,26,173.0,4.413876056671143,4.4095940589904785,-0.0042819976806640625
13,13,27,166.0,3.707796812057495,3.6960644721984863,-0.011732339859008789
13,13,28,98.0,3.151510238647461,3.148622751235962,-0.0028874874114990234
13,13,29,174.0,3.586359739303589,3.58078670501709,-0.0055730342864990234
13,13,30,173.0,3.190525531768799,3.198525905609131,0.008000373840332031
13,13,31,215.0,4.340093612670898,4.3327178955078125,-0.0073757171630859375
13,13,32,186.0,3.4789488315582275,3.476353168487549,-0.002595663070678711
13,13,33,153.0,2.9326295852661133,2.931114912033081,-0.0015146732330322266
13,13,34,147.0,4.1311798095703125,4.135483264923096,0.004303455352783203
13,13,35,50.0,4.620577812194824,4.649664878845215,0.029087066650390625
13,13,36,86.0,3.942690134048462,3.9026777744293213,-0.040012359619140625
13,13,37,154.0,4.250033378601074,4.243661403656006,-0.006371974945068359
13,13,38,265.0,2.933018684387207,2.9439642429351807,0.010945558547973633
13,13,39,199.0,3.941709518432617,3.9358811378479004,-0.005828380584716797
13,13,40,138.0,4.430899620056152,4.430713176727295,-0.00018644332885742188
13,13,41,98.0,4.048152923583984,4.059709548950195,0.011556625366210938
13,13,42,167.0,2.98820424079895,2.9815337657928467,-0.006670475006103516
13,13,43,288.0,4.51556396484375,4.5141730308532715,-0.0013909339904785156
13,13,44,225.0,3.134540557861328,3.1520233154296875,0.017482757568359375
13,13,45,191.0,3.475728988647461,3.481187105178833,0.00545811653137207
13,13,46,92.0,5.071820259094238,5.067269325256348,-0.004550933837890625
13,13,47,41.0,5.766663551330566,5.6878838539123535,-0.07877969741821289
13,13,48,231.0,3.4077651500701904,3.397569179534912,-0.01019597053527832
13,13,49,101.0,2.9521121978759766,2.950028419494629,-0.0020837783813476562
13,13,50,177.0,3.6662821769714355,3.6581079959869385,-0.00817418098449707
13,13,51,252.0,4.05861759185791,4.062104225158691,0.00348663330078125
13,13,52,259.0,3.3747026920318604,3.376936674118042,0.0022339820861816406
13,13,53,47.0,4.065746307373047,4.0549774169921875,-0.010768890380859375
13,13,54,164.0,2.495858669281006,2.497830867767334,0.001972198486328125
13,13,55,94.0,4.066493034362793,4.0610880851745605,-0.005404949188232422
13,13,56,103.0,4.11627721786499,4.121913433074951,0.0056362152099609375
13,13,57,78.0,3.913255453109741,3.9131133556365967,-0.00014209747314453125
13,13,58,239.0,3.692802906036377,3.7047154903411865,0.01191258430480957
13,13,59,271.0,4.881155014038086,4.874998092651367,-0.00615692138671875
13,13,60,162.0,3.3450679779052734,3.3366005420684814,-0.008467435836791992
13,13,61,179.0,3.870093584060669,3.878499746322632,0.00840616226196289
13,13,62,218.0,3.1762454509735107,3.1817712783813477,0.005525827407836914
13,13,63,81.0,3.809858798980713,3.8038134574890137,-0.006045341491699219
13,13,64,93.0,4.687077522277832,4.684054374694824,-0.0030231475830078125
13,13,65,72.0,4.558295249938965,4.539238929748535,-0.019056320190429688
13,13,66,230.0,3.737887382507324,3.7321763038635254,-0.005711078643798828
13,13,67,99.0,3.1625142097473145,3.1346824169158936,-0.0278317928314209
13,13,68,213.0,3.218388557434082,3.2186548709869385,0.0002663135528564453
13,13,69,119.0,3.072978973388672,3.074359893798828,0.00138092041015625
13,13,70,161.0,3.529710531234741,3.52801251411438,-0.0016980171203613281
13,13,71,90.0,4.394758224487305,4.410540580749512,0.01578235626220703
13,13,72,181.0,3.6989989280700684,3.6890692710876465,-0.009929656982421875
13,13,73,95.0,4.745315074920654,4.731503486633301,-0.013811588287353516
13,13,74,245.0,2.801177740097046,2.8046720027923584,0.0034942626953125
13,13,75,93.0,2.319314956665039,2.3199923038482666,0.0006773471832275391
13,13,76,225.0,3.1077821254730225,3.1115708351135254,0.0037887096405029297
13,13,77,61.0,4.027099132537842,4.021120548248291,-0.005978584289550781
13,13,78,257.0,4.246406078338623,4.231600284576416,-0.014805793762207031
13,13,79,165.0,3.7203760147094727,3.71589994430542,-0.004476070404052734
13,13,80,117.0,4.752804279327393,4.748758316040039,-0.004045963287353516
13,13,81,89.0,4.279232025146484,4.251829624176025,-0.027402400970458984
13,13,82,291.0,4.08609676361084,4.090260028839111,0.004163265228271484
13,13,83,93.0,4.042176723480225,4.025929927825928,-0.016246795654296875
13,13,84,228.0,2.8949825763702393,2.8969016075134277,0.0019190311431884766
13,13,85,131.0,3.406266927719116,3.4100234508514404,0.0037565231323242188
13,13,86,191.0,4.77057409286499,4.765597343444824,-0.004976749420166016
13,13,87,238.0,5.341985702514648,5.3297295570373535,-0.012256145477294922
13,13,88,210.0,3.7304000854492188,3.7294507026672363,-0.0009493827819824219
13,13,89,107.0,4.658895492553711,4.661580562591553,0.002685070037841797
13,13,90,217.0,3.256716728210449,3.2521719932556152,-0.004544734954833984
13,13,91,199.0,3.479922294616699,3.470517158508301,-0.009405136108398438
13,13,92,84.0,2.9870519638061523,3.001131534576416,0.014079570770263672
13,13,93,271.0,4.167789459228516,4.162682056427002,-0.005107402801513672
13,13,94,226.0,3.797963857650757,3.788090705871582,-0.009873151779174805
13,13,95,258.0,4.302313327789307,4.315242767333984,0.012929439544677734
13,13,96,86.0,4.009377479553223,3.99997878074646,-0.009398698806762695
13,13,97,142.0,4.886353492736816,4.885027885437012,-0.0013256072998046875
13,13,98,42.0,4.73474645614624,4.745822906494141,0.01107645034790039
13,13,99,224.0,3.053419828414917,3.0529251098632812,-0.0004947185516357422
13,13,100,197.0,2.6848225593566895,2.6993696689605713,0.014547109603881836
13,13,101,85.0,3.080362558364868,3.067150115966797,-0.013212442398071289
13,13,102,195.0,3.4633231163024902,3.4561285972595215,-0.00719451904296875
13,13,103,102.0,4.20768404006958,4.194438934326172,-0.013245105743408203
13,13,104,181.0,3.711848735809326,3.7165024280548096,0.0046536922454833984
13,13,105,72.0,2.723045587539673,2.7273244857788086,0.004278898239135742
13,13,106,130.0,4.976626396179199,4.965407371520996,-0.011219024658203125
13,13,107,62.0,3.1819393634796143,3.1744532585144043,-0.007486104965209961
13,13,108,263.0,4.0605854988098145,4.05805778503418,-0.0025277137756347656
13,13,109,194.0,3.1560444831848145,3.158891439437866,0.002846956253051758
13,13,110,174.0,3.211611032485962,3.2224583625793457,0.010847330093383789
13,13,111,235.0,4.168798446655273,4.154290199279785,-0.014508247375488281
13,13,112,143.0,4.279087066650391,4.2733893394470215,-0.005697727203369141
13,13,113,117.0,4.890145778656006,4.89538049697876,0.005234718322753906
13,13,114,160.0,4.253233909606934,4.239759922027588,-0.013473987579345703
13,13,115,115.0,3.9266409873962402,3.907536745071411,-0.0191042423248291
13,13,116,120.0,3.8633739948272705,3.8660385608673096,0.0026645660400390625
13,13,117,186.0,4.1213459968566895,4.119710922241211,-0.0016350746154785156
13,13,118,138.0,3.296036958694458,3.2924182415008545,-0.0036187171936035156
13,13,119,80.0,3.554978847503662,3.5434932708740234,-0.011485576629638672
13,13,120,164.0,3.3612916469573975,3.360271453857422,-0.001020193099975586
13,13,121,215.0,3.762061357498169,3.7692513465881348,0.00718998908996582
13,13,122,81.0,3.60632061958313,3.5981595516204834,-0.008161067962646484
13,13,123,171.0,3.4178876876831055,3.40128755569458,-0.01660013198852539
13,13,124,41.0,4.780884742736816,4.787553310394287,0.006668567657470703
13,13,125,103.0,4.1708221435546875,4.1786580085754395,0.007835865020751953
13,13,126,145.0,3.385586977005005,3.3734638690948486,-0.01212310791015625
13,13,127,102.0,3.511989116668701,3.5175185203552246,0.0055294036865234375
13,13,128,157.0,4.545989513397217,4.548465728759766,0.002476215362548828
13,13,129,161.0,3.612820625305176,3.6017937660217285,-0.011026859283447266
13,13,130,248.0,3.595446825027466,3.607386350631714,0.011939525604248047
13,13,131,240.0,4.314742088317871,4.313024044036865,-0.0017180442810058594
13,13,132,284.0,3.515221118927002,3.517479181289673,0.0022580623626708984
13,13,133,105.0,5.547122001647949,5.523682117462158,-0.023439884185791016
13,13,134,72.0,3.6292827129364014,3.6226742267608643,-0.006608486175537109
13,13,135,86.0,3.9638190269470215,3.958714723587036,-0.0051043033599853516
13,13,136,120.0,3.225938320159912,3.2188236713409424,-0.0071146488189697266
13,13,137,64.0,3.684243679046631,3.681230068206787,-0.00301361083984375
13,13,138,220.0,2.8231959342956543,2.824141025543213,0.0009450912475585938
13,13,139,92.0,2.984248638153076,2.9655354022979736,-0.01871323585510254
13,13,140,180.0,3.4170660972595215,3.4076523780822754,-0.009413719177246094
13,13,141,95.0,3.5693070888519287,3.5725836753845215,0.0032765865325927734
13,13,142,72.0,5.436267852783203,5.419748306274414,-0.016519546508789062
13,13,143,152.0,4.664964199066162,4.671910285949707,0.006946086883544922
13,13,144,170.0,3.2575697898864746,3.261059522628784,0.0034897327423095703
13,13,145,56.0,4.233151912689209,4.229058265686035,-0.004093647003173828
13,13,146,174.0,3.632305860519409,3.64432954788208,0.012023687362670898
13,13,147,191.0,3.26232647895813,3.265505790710449,0.003179311752319336
13,13,148,279.0,3.7231252193450928,3.717522621154785,-0.005602598190307617
13,13,149,98.0,3.6501717567443848,3.661358594894409,0.011186838150024414
13,13,150,50.0,3.987290143966675,3.9759912490844727,-0.011298894882202148
13,13,151,61.0,3.207566976547241,3.2238848209381104,0.01631784439086914
13,13,152,208.0,2.833768367767334,2.8402974605560303,0.006529092788696289
13,13,153,124.0,3.7818057537078857,3.781477451324463,-0.00032830238342285156
13,13,154,128.0,3.3032331466674805,3.298470973968506,-0.004762172698974609
13,13,155,250.0,4.603071212768555,4.610854148864746,0.007782936096191406
13,13,156,239.0,2.621934175491333,2.615915060043335,-0.006019115447998047
13,13,157,164.0,2.8648641109466553,2.8638226985931396,-0.001041412353515625
13,13,158,42.0,4.671477317810059,4.649261474609375,-0.022215843200683594
13,13,159,200.0,4.007006645202637,4.014425754547119,0.007419109344482422
13,13,160,209.0,3.638150215148926,3.6458523273468018,0.0077021121978759766
13,13,161,206.0,3.6040756702423096,3.6122963428497314,0.008220672607421875
13,13,162,139.0,4.383498191833496,4.383362293243408,-0.00013589859008789062
13,13,163,76.0,3.7987864017486572,3.7941734790802,-0.004612922668457031
13,13,164,232.0,3.892338275909424,3.8824472427368164,-0.009891033172607422
13,13,165,235.0,3.9155564308166504,3.902433395385742,-0.013123035430908203
13,13,166,49.0,4.228317737579346,4.243313312530518,0.014995574951171875
13,13,167,138.0,3.473930835723877,3.465622663497925,-0.008308172225952148
13,13,168,60.0,3.808337450027466,3.796393871307373,-0.011943578720092773
13,13,169,146.0,4.041977882385254,4.03687047958374,-0.005107402801513672
13,13,170,57.0,4.420210838317871,4.410719871520996,-0.009490966796875
13,13,171,135.0,3.909317970275879,3.9084725379943848,-0.0008454322814941406
13,13,172,113.0,3.19097638130188,3.1917948722839355,0.0008184909820556641
13,13,173,208.0,4.171577453613281,4.171511173248291,-6.628036499023438e-05
13,13,174,195.0,2.116305112838745,2.115616798400879,-0.0006883144378662109
13,13,175,137.0,3.9520905017852783,3.9334423542022705,-0.018648147583007812
13,13,176,91.0,4.97736120223999,4.956562519073486,-0.020798683166503906
13,13,177,66.0,3.994100332260132,3.987454891204834,-0.0066454410552978516
13,13,178,173.0,3.3507070541381836,3.351969003677368,0.0012619495391845703
13,13,179,89.0,5.353647708892822,5.356809616088867,0.003161907196044922
13,13,180,231.0,3.6613731384277344,3.6646411418914795,0.003268003463745117
13,13,181,71.0,5.397938251495361,5.38191032409668,-0.01602792739868164
13,13,182,98.0,3.963383674621582,3.9791109561920166,0.01572728157043457
13,13,183,215.0,1.998246431350708,1.9894540309906006,-0.008792400360107422
13,13,184,159.0,4.383580684661865,4.3709917068481445,-0.012588977813720703
13,13,185,86.0,3.697986602783203,3.6959822177886963,-0.002004384994506836
13,13,186,92.0,3.4445607662200928,3.4406511783599854,-0.003909587860107422
13,13,187,51.0,5.179178714752197,5.17352294921875,-0.005655765533447266
13,13,188,86.0,4.734201908111572,4.737698078155518,0.0034961700439453125
13,13,189,132.0,3.6938047409057617,3.683765172958374,-0.010039567947387695
13,13,190,214.0,3.9561617374420166,3.9432108402252197,-0.012950897216796875
13,13,191,139.0,4.121965408325195,4.12514591217041,0.0031805038452148438
13,13,192,89.0,3.4952480792999268,3.495715856552124,0.0004677772521972656
13,13,193,102.0,4.782958507537842,4.795654773712158,0.012696266174316406
13,13,194,156.0,2.6015143394470215,2.588780403137207,-0.012733936309814453
13,13,195,87.0,3.839608669281006,3.830056667327881,-0.009552001953125
13,13,196,175.0,3.2536110877990723,3.2470431327819824,-0.006567955017089844
13,13,197,136.0,2.3385791778564453,2.3290536403656006,-0.009525537490844727
13,13,198,54.0,3.781459093093872,3.7685909271240234,-0.012868165969848633
13,13,199,71.0,4.556375980377197,4.552115440368652,-0.004260540008544922
13,13,200,43.0,4.562034606933594,4.57655668258667,0.014522075653076172
13,13,201,200.0,3.3231818675994873,3.333070755004883,0.009888887405395508
13,13,202,60.0,3.5167155265808105,3.5356974601745605,0.01898193359375
13,13,203,220.0,3.437206983566284,3.4327785968780518,-0.004428386688232422
13,13,204,160.0,4.1729278564453125,4.161068439483643,-0.011859416961669922
13,13,205,46.0,3.025144100189209,3.0136454105377197,-0.011498689651489258
13,13,206,189.0,3.507356882095337,3.489682912826538,-0.017673969268798828
13,13,207,69.0,4.68245792388916,4.661987781524658,-0.020470142364501953
13,13,208,164.0,2.968637228012085,2.9692938327789307,0.0006566047668457031
13,13,209,121.0,3.6657907962799072,3.6649749279022217,-0.0008158683776855469
13,13,210,453.0,5.465768337249756,5.45764684677124,-0.008121490478515625
13,13,211,167.0,3.817554473876953,3.8228847980499268,0.005330324172973633
13,13,212,79.0,3.6519949436187744,3.651380777359009,-0.000614166259765625
13,13,213,64.0,4.473271369934082,4.472715854644775,-0.0005555152893066406
13,13,214,214.0,3.5177533626556396,3.5179941654205322,0.00024080276489257812
13,13,215,42.0,4.581282615661621,4.574019432067871,-0.00726318359375
13,13,216,85.0,4.406545639038086,4.386653423309326,-0.019892215728759766
13,13,217,45.0,4.909335136413574,4.917047023773193,0.007711887359619141
13,13,218,96.0,4.346060276031494,4.346446514129639,0.00038623809814453125
13,13,219,40.0,3.466945171356201,3.481947422027588,0.015002250671386719
13,13,220,66.0,4.6993865966796875,4.682331562042236,-0.017055034637451172
13,13,221,262.0,3.4376049041748047,3.435793876647949,-0.0018110275268554688
13,13,222,32.0,4.6173553466796875,4.6218037605285645,0.004448413848876953
13,13,223,33.0,4.931256294250488,4.927757740020752,-0.003498554229736328
13,13,224,139.0,2.1582767963409424,2.159569501876831,0.0012927055358886719
13,13,225,84.0,4.020323753356934,4.005354881286621,-0.0149688720703125
13,13,226,46.0,3.709413528442383,3.7207491397857666,0.011335611343383789
13,13,227,121.0,4.181075572967529,4.1731276512146,-0.007947921752929688
13,13,228,67.0,3.140568971633911,3.176069974899292,0.03550100326538086
13,13,229,187.0,3.8881711959838867,3.8923027515411377,0.0041315555572509766
13,13,230,40.0,4.873936176300049,4.860515117645264,-0.013421058654785156
13,13,231,91.0,3.998016119003296,3.9806787967681885,-0.017337322235107422
13,13,232,52.0,4.4449782371521,4.475982189178467,0.031003952026367188
13,13,233,49.0,4.133476257324219,4.133674621582031,0.0001983642578125
13,13,234,261.0,3.079342842102051,3.0890603065490723,0.009717464447021484
13,13,235,59.0,4.072587490081787,4.056867599487305,-0.015719890594482422
13,13,236,132.0,4.054989814758301,4.055305480957031,0.00031566619873046875
13,13,237,136.0,3.4520623683929443,3.449589729309082,-0.0024726390838623047
13,13,238,210.0,3.7005720138549805,3.6942617893218994,-0.006310224533081055
13,13,239,258.0,3.6856272220611572,3.6762280464172363,-0.009399175643920898
13,13,240,203.0,3.5238258838653564,3.523423671722412,-0.00040221214294433594
13,13,241,198.0,3.3618428707122803,3.3577535152435303,-0.00408935546875
13,13,242,85.0,3.468600034713745,3.460562229156494,-0.008037805557250977
13,13,243,85.0,2.1469109058380127,2.132523536682129,-0.014387369155883789
13,13,244,93.0,4.847414970397949,4.834026336669922,-0.013388633728027344
13,13,245,68.0,4.8312296867370605,4.818532943725586,-0.01269674301147461
13,13,246,58.0,4.302565574645996,4.3089070320129395,0.006341457366943359
13,13,247,187.0,3.1594748497009277,3.1496875286102295,-0.009787321090698242
13,13,248,64.0,2.745805263519287,2.743774652481079,-0.002030611038208008
13,13,249,100.0,3.3120670318603516,3.309605598449707,-0.0024614334106445312
13,13,250,151.0,3.886031150817871,3.883272171020508,-0.0027589797973632812
13,13,251,174.0,3.292135715484619,3.2844440937042236,-0.007691621780395508
13,13,252,126.0,4.651801109313965,4.645805358886719,-0.005995750427246094
13,13,253,99.0,3.699761390686035,3.70792555809021,0.008164167404174805
13,13,254,107.0,4.576633453369141,4.579680919647217,0.003047466278076172
13,13,255,116.0,3.825943946838379,3.8397464752197266,0.013802528381347656
13,14,0,196.0,3.98167085647583,3.975388526916504,-0.006282329559326172
13,14,1,127.0,3.705084800720215,3.701796054840088,-0.003288745880126953
13,14,2,162.0,2.4317469596862793,2.434141159057617,0.0023941993713378906
13,14,3,92.0,5.154407501220703,5.159366607666016,0.0049591064453125
13,14,4,194.0,3.7261335849761963,3.7250585556030273,-0.0010750293731689453
13,14,5,115.0,3.4317781925201416,3.4353139400482178,0.003535747528076172
13,14,6,109.0,4.611254692077637,4.6018571853637695,-0.009397506713867188
13,14,7,48.0,3.824559450149536,3.839845895767212,0.015286445617675781
13,14,8,69.0,4.333216190338135,4.328641891479492,-0.004574298858642578
13,14,9,85.0,3.4889185428619385,3.491091728210449,0.002173185348510742
13,14,10,238.0,3.337062358856201,3.3400180339813232,0.0029556751251220703
13,14,11,233.0,3.013906478881836,3.005228281021118,-0.008678197860717773
13,14,12,208.0,3.644038200378418,3.6420412063598633,-0.0019969940185546875
13,14,13,196.0,3.302739381790161,3.3071136474609375,0.004374265670776367
13,14,14,131.0,3.989900827407837,3.971311569213867,-0.018589258193969727
13,14,15,125.0,3.2012383937835693,3.1934173107147217,-0.007821083068847656
13,14,16,61.0,4.757500171661377,4.746838569641113,-0.010661602020263672
13,14,17,164.0,2.6241273880004883,2.6249921321868896,0.0008647441864013672
13,14,18,107.0,3.8216171264648438,3.810870885848999,-0.010746240615844727
13,14,19,48.0,4.036356449127197,4.027897834777832,-0.008458614349365234
13,14,20,74.0,2.6907341480255127,2.6943576335906982,0.003623485565185547
13,14,21,103.0,2.9307749271392822,2.9527907371520996,0.022015810012817383
13,14,22,114.0,3.8854269981384277,3.882134199142456,-0.0032927989959716797
13,14,23,50.0,6.480540752410889,6.498846054077148,0.018305301666259766
13,14,24,281.0,3.1489627361297607,3.1420998573303223,-0.0068628787994384766
13,14,25,247.0,2.5188822746276855,2.5200233459472656,0.0011410713195800781
13,14,26,173.0,4.413876056671143,4.404071807861328,-0.009804248809814453
13,14,27,166.0,3.707796812057495,3.6921775341033936,-0.015619277954101562
13,14,28,98.0,3.151510238647461,3.149744987487793,-0.0017652511596679688
13,14,29,174.0,3.586359739303589,3.573744535446167,-0.012615203857421875
13,14,30,173.0,3.190525531768799,3.1862998008728027,-0.004225730895996094
13,14,31,215.0,4.340093612670898,4.3411359786987305,0.0010423660278320312
13,14,32,186.0,3.4789488315582275,3.461561679840088,-0.01738715171813965
13,14,33,153.0,2.9326295852661133,2.9249565601348877,-0.007673025131225586
13,14,34,147.0,4.1311798095703125,4.126434326171875,-0.0047454833984375
13,14,35,50.0,4.620577812194824,4.621344089508057,0.0007662773132324219
13,14,36,86.0,3.942690134048462,3.9364101886749268,-0.006279945373535156
13,14,37,154.0,4.250033378601074,4.2415547370910645,-0.008478641510009766
13,14,38,265.0,2.933018684387207,2.938736915588379,0.005718231201171875
13,14,39,199.0,3.941709518432617,3.9434237480163574,0.0017142295837402344
13,14,40,138.0,4.430899620056152,4.424593925476074,-0.006305694580078125
13,14,41,98.0,4.048152923583984,4.043905735015869,-0.004247188568115234
13,14,42,167.0,2.98820424079895,2.984854221343994,-0.0033500194549560547
13,14,43,288.0,4.51556396484375,4.5129714012146,-0.0025925636291503906
13,14,44,225.0,3.134540557861328,3.132925271987915,-0.001615285873413086
13,14,45,191.0,3.475728988647461,3.472447156906128,-0.003281831741333008
13,14,46,92.0,5.071820259094238,5.066256999969482,-0.005563259124755859
13,14,47,41.0,5.766663551330566,5.753643035888672,-0.013020515441894531
13,14,48,231.0,3.4077651500701904,3.4067816734313965,-0.0009834766387939453
13,14,49,101.0,2.9521121978759766,2.9568233489990234,0.004711151123046875
13,14,50,177.0,3.6662821769714355,3.66550874710083,-0.0007734298706054688
13,14,51,252.0,4.05861759185791,4.048959732055664,-0.009657859802246094
13,14,52,259.0,3.3747026920318604,3.371903657913208,-0.0027990341186523438
13,14,53,47.0,4.065746307373047,4.060060977935791,-0.005685329437255859
13,14,54,164.0,2.495858669281006,2.4981303215026855,0.0022716522216796875
13,14,55,94.0,4.066493034362793,4.075514316558838,0.009021282196044922
13,14,56,103.0,4.11627721786499,4.109171390533447,-0.007105827331542969
13,14,57,78.0,3.913255453109741,3.9168615341186523,0.003606081008911133
13,14,58,239.0,3.692802906036377,3.693952798843384,0.001149892807006836
13,14,59,271.0,4.881155014038086,4.871324062347412,-0.009830951690673828
13,14,60,162.0,3.3450679779052734,3.3391189575195312,-0.0059490203857421875
13,14,61,179.0,3.870093584060669,3.876889705657959,0.006796121597290039
13,14,62,218.0,3.1762454509735107,3.1789052486419678,0.0026597976684570312
13,14,63,81.0,3.809858798980713,3.8102235794067383,0.0003647804260253906
13,14,64,93.0,4.687077522277832,4.697633266448975,0.010555744171142578
13,14,65,72.0,4.558295249938965,4.548620700836182,-0.009674549102783203
13,14,66,230.0,3.737887382507324,3.732149124145508,-0.005738258361816406
13,14,67,99.0,3.1625142097473145,3.175596237182617,0.013082027435302734
13,14,68,213.0,3.218388557434082,3.21451735496521,-0.0038712024688720703
13,14,69,119.0,3.072978973388672,3.070441722869873,-0.002537250518798828
13,14,70,161.0,3.529710531234741,3.5288479328155518,-0.0008625984191894531
13,14,71,90.0,4.394758224487305,4.392724514007568,-0.002033710479736328
13,14,72,181.0,3.6989989280700684,3.6886513233184814,-0.010347604751586914
13,14,73,95.0,4.745315074920654,4.729605674743652,-0.015709400177001953
13,14,74,245.0,2.801177740097046,2.799304723739624,-0.001873016357421875
13,14,75,93.0,2.319314956665039,2.3122894763946533,-0.007025480270385742
13,14,76,225.0,3.1077821254730225,3.1147868633270264,0.007004737854003906
13,14,77,61.0,4.027099132537842,4.017224311828613,-0.009874820709228516
13,14,78,257.0,4.246406078338623,4.241814136505127,-0.004591941833496094
13,14,79,165.0,3.7203760147094727,3.716618537902832,-0.003757476806640625
13,14,80,117.0,4.752804279327393,4.7481303215026855,-0.004673957824707031
13,14,81,89.0,4.279232025146484,4.267544746398926,-0.011687278747558594
13,14,82,291.0,4.08609676361084,4.080743312835693,-0.005353450775146484
13,14,83,93.0,4.042176723480225,4.036037921905518,-0.006138801574707031
13,14,84,228.0,2.8949825763702393,2.889186143875122,-0.0057964324951171875
13,14,85,131.0,3.406266927719116,3.3970937728881836,-0.009173154830932617
13,14,86,191.0,4.77057409286499,4.766239643096924,-0.004334449768066406
13,14,87,238.0,5.341985702514648,5.339184761047363,-0.0028009414672851562
13,14,88,210.0,3.7304000854492188,3.7203125953674316,-0.01008749008178711
13,14,89,107.0,4.658895492553711,4.655117988586426,-0.0037775039672851562
13,14,90,217.0,3.256716728210449,3.2521800994873047,-0.004536628723144531
13,14,91,199.0,3.479922294616699,3.4789211750030518,-0.001001119613647461
13,14,92,84.0,2.9870519638061523,2.9820828437805176,-0.004969120025634766
13,14,93,271.0,4.167789459228516,4.164252758026123,-0.003536701202392578
13,14,94,226.0,3.797963857650757,3.7913756370544434,-0.0065882205963134766
13,14,95,258.0,4.302313327789307,4.301962375640869,-0.0003509521484375
13,14,96,86.0,4.009377479553223,4.001730918884277,-0.0076465606689453125
13,14,97,142.0,4.886353492736816,4.890568256378174,0.004214763641357422
13,14,98,42.0,4.73474645614624,4.736416339874268,0.0016698837280273438
13,14,99,224.0,3.053419828414917,3.045759439468384,-0.007660388946533203
13,14,100,197.0,2.6848225593566895,2.681596279144287,-0.0032262802124023438
13,14,101,85.0,3.080362558364868,3.0832886695861816,0.0029261112213134766
13,14,102,195.0,3.4633231163024902,3.466705799102783,0.0033826828002929688
13,14,103,102.0,4.20768404006958,4.205534934997559,-0.0021491050720214844
13,14,104,181.0,3.711848735809326,3.716071128845215,0.004222393035888672
13,14,105,72.0,2.723045587539673,2.7235631942749023,0.0005176067352294922
13,14,106,130.0,4.976626396179199,4.967075824737549,-0.00955057144165039
13,14,107,62.0,3.1819393634796143,3.1713826656341553,-0.010556697845458984
13,14,108,263.0,4.0605854988098145,4.049063205718994,-0.011522293090820312
13,14,109,194.0,3.1560444831848145,3.1617815494537354,0.0057370662689208984
13,14,110,174.0,3.211611032485962,3.216587781906128,0.004976749420166016
13,14,111,235.0,4.168798446655273,4.146888732910156,-0.021909713745117188
13,14,112,143.0,4.279087066650391,4.267413139343262,-0.011673927307128906
13,14,113,117.0,4.890145778656006,4.884510040283203,-0.005635738372802734
13,14,114,160.0,4.253233909606934,4.249414920806885,-0.003818988800048828
13,14,115,115.0,3.9266409873962402,3.914538621902466,-0.012102365493774414
13,14,116,120.0,3.8633739948272705,3.857900381088257,-0.005473613739013672
13,14,117,186.0,4.1213459968566895,4.116718769073486,-0.004627227783203125
13,14,118,138.0,3.296036958694458,3.27980375289917,-0.016233205795288086
13,14,119,80.0,3.554978847503662,3.545729875564575,-0.009248971939086914
13,14,120,164.0,3.3612916469573975,3.3494653701782227,-0.011826276779174805
13,14,121,215.0,3.762061357498169,3.7601914405822754,-0.0018699169158935547
13,14,122,81.0,3.60632061958313,3.608438014984131,0.0021173954010009766
13,14,123,171.0,3.4178876876831055,3.4097259044647217,-0.008161783218383789
13,14,124,41.0,4.780884742736816,4.768353462219238,-0.012531280517578125
13,14,125,103.0,4.1708221435546875,4.17781400680542,0.006991863250732422
13,14,126,145.0,3.385586977005005,3.3883376121520996,0.0027506351470947266
13,14,127,102.0,3.511989116668701,3.510557174682617,-0.0014319419860839844
13,14,128,157.0,4.545989513397217,4.5446858406066895,-0.0013036727905273438
13,14,129,161.0,3.612820625305176,3.601193904876709,-0.011626720428466797
13,14,130,248.0,3.595446825027466,3.5977256298065186,0.0022788047790527344
13,14,131,240.0,4.314742088317871,4.307243824005127,-0.007498264312744141
13,14,132,284.0,3.515221118927002,3.5139575004577637,-0.0012636184692382812
13,14,133,105.0,5.547122001647949,5.527195453643799,-0.01992654800415039
13,14,134,72.0,3.6292827129364014,3.6239356994628906,-0.005347013473510742
13,14,135,86.0,3.9638190269470215,3.945871114730835,-0.017947912216186523
13,14,136,120.0,3.225938320159912,3.2214229106903076,-0.004515409469604492
13,14,137,64.0,3.684243679046631,3.6902122497558594,0.005968570709228516
13,14,138,220.0,2.8231959342956543,2.8255019187927246,0.0023059844970703125
13,14,139,92.0,2.984248638153076,2.9689621925354004,-0.015286445617675781
13,14,140,180.0,3.4170660972595215,3.4073290824890137,-0.009737014770507812
13,14,141,95.0,3.5693070888519287,3.551461935043335,-0.01784515380859375
13,14,142,72.0,5.436267852783203,5.43361234664917,-0.002655506134033203
13,14,143,152.0,4.664964199066162,4.663107872009277,-0.0018563270568847656
13,14,144,170.0,3.2575697898864746,3.263306140899658,0.005736351013183594
13,14,145,56.0,4.233151912689209,4.228766918182373,-0.0043849945068359375
13,14,146,174.0,3.632305860519409,3.632533311843872,0.00022745132446289062
13,14,147,191.0,3.26232647895813,3.2681021690368652,0.0057756900787353516
13,14,148,279.0,3.7231252193450928,3.7179982662200928,-0.005126953125
13,14,149,98.0,3.6501717567443848,3.6590492725372314,0.00887751579284668
13,14,150,50.0,3.987290143966675,3.9819235801696777,-0.00536656379699707
13,14,151,61.0,3.207566976547241,3.208674669265747,0.0011076927185058594
13,14,152,208.0,2.833768367767334,2.8303539752960205,-0.0034143924713134766
13,14,153,124.0,3.7818057537078857,3.785571575164795,0.0037658214569091797
13,14,154,128.0,3.3032331466674805,3.3034162521362305,0.00018310546875
13,14,155,250.0,4.603071212768555,4.59498929977417,-0.008081912994384766
13,14,156,239.0,2.621934175491333,2.6143007278442383,-0.0076334476470947266
13,14,157,164.0,2.8648641109466553,2.8577780723571777,-0.007086038589477539
13,14,158,42.0,4.671477317810059,4.681920528411865,0.01044321060180664
13,14,159,200.0,4.007006645202637,4.0006256103515625,-0.006381034851074219
13,14,160,209.0,3.638150215148926,3.6380627155303955,-8.749961853027344e-05
13,14,161,206.0,3.6040756702423096,3.6040115356445312,-6.413459777832031e-05
13,14,162,139.0,4.383498191833496,4.380191802978516,-0.0033063888549804688
13,14,163,76.0,3.7987864017486572,3.7873916625976562,-0.011394739151000977
13,14,164,232.0,3.892338275909424,3.8928353786468506,0.0004971027374267578
13,14,165,235.0,3.9155564308166504,3.904909133911133,-0.010647296905517578
13,14,166,49.0,4.228317737579346,4.231325626373291,0.0030078887939453125
13,14,167,138.0,3.473930835723877,3.4758172035217285,0.0018863677978515625
13,14,168,60.0,3.808337450027466,3.8176279067993164,0.009290456771850586
13,14,169,146.0,4.041977882385254,4.04118013381958,-0.0007977485656738281
13,14,170,57.0,4.420210838317871,4.416808128356934,-0.0034027099609375
13,14,171,135.0,3.909317970275879,3.917923927307129,0.00860595703125
13,14,172,113.0,3.19097638130188,3.169947862625122,-0.021028518676757812
13,14,173,208.0,4.171577453613281,4.16767692565918,-0.0039005279541015625
13,14,174,195.0,2.116305112838745,2.1104674339294434,-0.005837678909301758
13,14,175,137.0,3.9520905017852783,3.9414725303649902,-0.010617971420288086
13,14,176,91.0,4.97736120223999,4.9600958824157715,-0.01726531982421875
13,14,177,66.0,3.994100332260132,3.983948230743408,-0.010152101516723633
13,14,178,173.0,3.3507070541381836,3.3405356407165527,-0.01017141342163086
13,14,179,89.0,5.353647708892822,5.358884811401367,0.005237102508544922
13,14,180,231.0,3.6613731384277344,3.657445192337036,-0.003927946090698242
13,14,181,71.0,5.397938251495361,5.398346424102783,0.000408172607421875
13,14,182,98.0,3.963383674621582,3.9575164318084717,-0.0058672428131103516
13,14,183,215.0,1.998246431350708,1.9952795505523682,-0.0029668807983398438
13,14,184,159.0,4.383580684661865,4.38117790222168,-0.002402782440185547
13,14,185,86.0,3.697986602783203,3.6893293857574463,-0.008657217025756836
13,14,186,92.0,3.4445607662200928,3.43801212310791,-0.006548643112182617
13,14,187,51.0,5.179178714752197,5.179315090179443,0.00013637542724609375
13,14,188,86.0,4.734201908111572,4.728484630584717,-0.005717277526855469
13,14,189,132.0,3.6938047409057617,3.6996493339538574,0.005844593048095703
13,14,190,214.0,3.9561617374420166,3.954432487487793,-0.0017292499542236328
13,14,191,139.0,4.121965408325195,4.118026256561279,-0.003939151763916016
13,14,192,89.0,3.4952480792999268,3.486666679382324,-0.008581399917602539
13,14,193,102.0,4.782958507537842,4.774112701416016,-0.008845806121826172
13,14,194,156.0,2.6015143394470215,2.6007139682769775,-0.0008003711700439453
13,14,195,87.0,3.839608669281006,3.8301072120666504,-0.009501457214355469
13,14,196,175.0,3.2536110877990723,3.2501046657562256,-0.0035064220428466797
13,14,197,136.0,2.3385791778564453,2.331712245941162,-0.006866931915283203
13,14,198,54.0,3.781459093093872,3.7808749675750732,-0.0005841255187988281
13,14,199,71.0,4.556375980377197,4.557015419006348,0.0006394386291503906
13,14,200,43.0,4.562034606933594,4.5602545738220215,-0.0017800331115722656
13,14,201,200.0,3.3231818675994873,3.321700096130371,-0.001481771469116211
13,14,202,60.0,3.5167155265808105,3.514967441558838,-0.0017480850219726562
13,14,203,220.0,3.437206983566284,3.436450719833374,-0.0007562637329101562
13,14,204,160.0,4.1729278564453125,4.17193603515625,-0.0009918212890625
13,14,205,46.0,3.025144100189209,3.0301125049591064,0.004968404769897461
13,14,206,189.0,3.507356882095337,3.4957292079925537,-0.011627674102783203
13,14,207,69.0,4.68245792388916,4.686480522155762,0.0040225982666015625
13,14,208,164.0,2.968637228012085,2.9667882919311523,-0.0018489360809326172
13,14,209,121.0,3.6657907962799072,3.6578330993652344,-0.007957696914672852
13,14,210,453.0,5.465768337249756,5.458302021026611,-0.007466316223144531
13,14,211,167.0,3.817554473876953,3.8100838661193848,-0.007470607757568359
13,14,212,79.0,3.6519949436187744,3.6553075313568115,0.0033125877380371094
13,14,213,64.0,4.473271369934082,4.478294849395752,0.005023479461669922
13,14,214,214.0,3.5177533626556396,3.5210251808166504,0.003271818161010742
13,14,215,42.0,4.581282615661621,4.577036380767822,-0.004246234893798828
13,14,216,85.0,4.406545639038086,4.3951897621154785,-0.011355876922607422
13,14,217,45.0,4.909335136413574,4.920673370361328,0.011338233947753906
13,14,218,96.0,4.346060276031494,4.333360195159912,-0.012700080871582031
13,14,219,40.0,3.466945171356201,3.4650044441223145,-0.0019407272338867188
13,14,220,66.0,4.6993865966796875,4.68886137008667,-0.010525226593017578
13,14,221,262.0,3.4376049041748047,3.4334356784820557,-0.0041692256927490234
13,14,222,32.0,4.6173553466796875,4.606119155883789,-0.011236190795898438
13,14,223,33.0,4.931256294250488,4.948421001434326,0.01716470718383789
13,14,224,139.0,2.1582767963409424,2.1564457416534424,-0.0018310546875
13,14,225,84.0,4.020323753356934,4.007126808166504,-0.013196945190429688
13,14,226,46.0,3.709413528442383,3.714379072189331,0.004965543746948242
13,14,227,121.0,4.181075572967529,4.176662445068359,-0.004413127899169922
13,14,228,67.0,3.140568971633911,3.13541841506958,-0.005150556564331055
13,14,229,187.0,3.8881711959838867,3.891174554824829,0.003003358840942383
13,14,230,40.0,4.873936176300049,4.884644508361816,0.010708332061767578
13,14,231,91.0,3.998016119003296,3.996647834777832,-0.0013682842254638672
13,14,232,52.0,4.4449782371521,4.44619083404541,0.0012125968933105469
13,14,233,49.0,4.133476257324219,4.122213363647461,-0.011262893676757812
13,14,234,261.0,3.079342842102051,3.0840625762939453,0.004719734191894531
13,14,235,59.0,4.072587490081787,4.073199272155762,0.0006117820739746094
13,14,236,132.0,4.054989814758301,4.052946090698242,-0.0020437240600585938
13,14,237,136.0,3.4520623683929443,3.4582412242889404,0.006178855895996094
13,14,238,210.0,3.7005720138549805,3.6958699226379395,-0.004702091217041016
13,14,239,258.0,3.6856272220611572,3.6823325157165527,-0.003294706344604492
13,14,240,203.0,3.5238258838653564,3.5177855491638184,-0.006040334701538086
13,14,241,198.0,3.3618428707122803,3.3586511611938477,-0.003191709518432617
13,14,242,85.0,3.468600034713745,3.461068630218506,-0.007531404495239258
13,14,243,85.0,2.1469109058380127,2.1402809619903564,-0.00662994384765625
13,14,244,93.0,4.847414970397949,4.8456854820251465,-0.0017294883728027344
13,14,245,68.0,4.8312296867370605,4.820064544677734,-0.011165142059326172
13,14,246,58.0,4.302565574645996,4.298262596130371,-0.004302978515625
13,14,247,187.0,3.1594748497009277,3.1674840450286865,0.008009195327758789
13,14,248,64.0,2.745805263519287,2.7427992820739746,-0.0030059814453125
13,14,249,100.0,3.3120670318603516,3.3128576278686523,0.0007905960083007812
13,14,250,151.0,3.886031150817871,3.8841254711151123,-0.001905679702758789
13,14,251,174.0,3.292135715484619,3.293172836303711,0.0010371208190917969
13,14,252,126.0,4.651801109313965,4.638609886169434,-0.01319122314453125
13,14,253,99.0,3.699761390686035,3.702467679977417,0.002706289291381836
13,14,254,107.0,4.576633453369141,4.573648929595947,-0.0029845237731933594
13,14,255,116.0,3.825943946838379,3.8205277919769287,-0.005416154861450195
13,15,0,196.0,3.98167085647583,3.9718539714813232,-0.009816884994506836
13,15,1,127.0,3.705084800720215,3.7052083015441895,0.00012350082397460938
13,15,2,162.0,2.4317469596862793,2.4418275356292725,0.010080575942993164
13,15,3,92.0,5.154407501220703,5.163318634033203,0.0089111328125
13,15,4,194.0,3.7261335849761963,3.729126214981079,0.0029926300048828125
13,15,5,115.0,3.4317781925201416,3.422163724899292,-0.00961446762084961
13,15,6,109.0,4.611254692077637,4.6136603355407715,0.0024056434631347656
13,15,7,48.0,3.824559450149536,3.8151705265045166,-0.009388923645019531
13,15,8,69.0,4.333216190338135,4.333179950714111,-3.62396240234375e-05
13,15,9,85.0,3.4889185428619385,3.4908668994903564,0.0019483566284179688
13,15,10,238.0,3.337062358856201,3.349853038787842,0.012790679931640625
13,15,11,233.0,3.013906478881836,3.018049716949463,0.004143238067626953
13,15,12,208.0,3.644038200378418,3.6421778202056885,-0.0018603801727294922
13,15,13,196.0,3.302739381790161,3.301142454147339,-0.0015969276428222656
13,15,14,131.0,3.989900827407837,4.003575325012207,0.013674497604370117
13,15,15,125.0,3.2012383937835693,3.2089335918426514,0.007695198059082031
13,15,16,61.0,4.757500171661377,4.754201412200928,-0.0032987594604492188
13,15,17,164.0,2.6241273880004883,2.626624345779419,0.002496957778930664
13,15,18,107.0,3.8216171264648438,3.816678285598755,-0.004938840866088867
13,15,19,48.0,4.036356449127197,4.040946960449219,0.004590511322021484
13,15,20,74.0,2.6907341480255127,2.6836652755737305,-0.0070688724517822266
13,15,21,103.0,2.9307749271392822,2.931091070175171,0.0003161430358886719
13,15,22,114.0,3.8854269981384277,3.8923935890197754,0.006966590881347656
13,15,23,50.0,6.480540752410889,6.498800277709961,0.018259525299072266
13,15,24,281.0,3.1489627361297607,3.158768892288208,0.009806156158447266
13,15,25,247.0,2.5188822746276855,2.527585506439209,0.008703231811523438
13,15,26,173.0,4.413876056671143,4.425055980682373,0.011179924011230469
13,15,27,166.0,3.707796812057495,3.7093160152435303,0.0015192031860351562
13,15,28,98.0,3.151510238647461,3.1553354263305664,0.0038251876831054688
13,15,29,174.0,3.586359739303589,3.589444160461426,0.003084421157836914
13,15,30,173.0,3.190525531768799,3.1996939182281494,0.009168386459350586
13,15,31,215.0,4.340093612670898,4.348474979400635,0.008381366729736328
13,15,32,186.0,3.4789488315582275,3.4829180240631104,0.0039691925048828125
13,15,33,153.0,2.9326295852661133,2.93107533454895,-0.001554250717163086
13,15,34,147.0,4.1311798095703125,4.128995895385742,-0.0021839141845703125
13,15,35,50.0,4.620577812194824,4.638189315795898,0.01761150360107422
13,15,36,86.0,3.942690134048462,3.9584577083587646,0.015767574310302734
13,15,37,154.0,4.250033378601074,4.254615783691406,0.004582405090332031
13,15,38,265.0,2.933018684387207,2.9364211559295654,0.0034024715423583984
13,15,39,199.0,3.941709518432617,3.948481798171997,0.006772279739379883
13,15,40,138.0,4.430899620056152,4.42277717590332,-0.008122444152832031
13,15,41,98.0,4.048152923583984,4.0484490394592285,0.0002961158752441406
13,15,42,167.0,2.98820424079895,3.00119686126709,0.012992620468139648
13,15,43,288.0,4.51556396484375,4.52293062210083,0.007366657257080078
13,15,44,225.0,3.134540557861328,3.129775285720825,-0.00476527214050293
13,15,45,191.0,3.475728988647461,3.4693398475646973,-0.006389141082763672
13,15,46,92.0,5.071820259094238,5.085418224334717,0.013597965240478516
13,15,47,41.0,5.766663551330566,5.766708850860596,4.5299530029296875e-05
13,15,48,231.0,3.4077651500701904,3.411975383758545,0.004210233688354492
13,15,49,101.0,2.9521121978759766,2.9622693061828613,0.010157108306884766
13,15,50,177.0,3.6662821769714355,3.667159080505371,0.0008769035339355469
13,15,51,252.0,4.05861759185791,4.063134670257568,0.004517078399658203
13,15,52,259.0,3.3747026920318604,3.384995698928833,0.010293006896972656
13,15,53,47.0,4.065746307373047,4.074349403381348,0.008603096008300781
13,15,54,164.0,2.495858669281006,2.4922478199005127,-0.003610849380493164
13,15,55,94.0,4.066493034362793,4.056565284729004,-0.009927749633789062
13,15,56,103.0,4.11627721786499,4.11768102645874,0.00140380859375
13,15,57,78.0,3.913255453109741,3.9149017333984375,0.001646280288696289
13,15,58,239.0,3.692802906036377,3.6935858726501465,0.0007829666137695312
13,15,59,271.0,4.881155014038086,4.879504203796387,-0.0016508102416992188
13,15,60,162.0,3.3450679779052734,3.3410286903381348,-0.004039287567138672
13,15,61,179.0,3.870093584060669,3.869647264480591,-0.000446319580078125
13,15,62,218.0,3.1762454509735107,3.1852619647979736,0.00901651382446289
13,15,63,81.0,3.809858798980713,3.827554941177368,0.017696142196655273
13,15,64,93.0,4.687077522277832,4.692446708679199,0.0053691864013671875
13,15,65,72.0,4.558295249938965,4.543753623962402,-0.0145416259765625
13,15,66,230.0,3.737887382507324,3.744358539581299,0.006471157073974609
13,15,67,99.0,3.1625142097473145,3.152897596359253,-0.009616613388061523
13,15,68,213.0,3.218388557434082,3.221242666244507,0.0028541088104248047
13,15,69,119.0,3.072978973388672,3.081209182739258,0.008230209350585938
13,15,70,161.0,3.529710531234741,3.5267410278320312,-0.002969503402709961
13,15,71,90.0,4.394758224487305,4.398250102996826,0.0034918785095214844
13,15,72,181.0,3.6989989280700684,3.702430248260498,0.0034313201904296875
13,15,73,95.0,4.745315074920654,4.74037504196167,-0.004940032958984375
13,15,74,245.0,2.801177740097046,2.8009331226348877,-0.0002446174621582031
13,15,75,93.0,2.319314956665039,2.3283677101135254,0.009052753448486328
13,15,76,225.0,3.1077821254730225,3.115523338317871,0.007741212844848633
13,15,77,61.0,4.027099132537842,4.036048889160156,0.008949756622314453
13,15,78,257.0,4.246406078338623,4.248359203338623,0.001953125
13,15,79,165.0,3.7203760147094727,3.7267208099365234,0.006344795227050781
13,15,80,117.0,4.752804279327393,4.744673728942871,-0.008130550384521484
13,15,81,89.0,4.279232025146484,4.279400825500488,0.00016880035400390625
13,15,82,291.0,4.08609676361084,4.09401273727417,0.007915973663330078
13,15,83,93.0,4.042176723480225,4.037186145782471,-0.004990577697753906
13,15,84,228.0,2.8949825763702393,2.8994767665863037,0.004494190216064453
13,15,85,131.0,3.406266927719116,3.4094769954681396,0.0032100677490234375
13,15,86,191.0,4.77057409286499,4.769059658050537,-0.001514434814453125
13,15,87,238.0,5.341985702514648,5.347733020782471,0.005747318267822266
13,15,88,210.0,3.7304000854492188,3.746532440185547,0.016132354736328125
13,15,89,107.0,4.658895492553711,4.663239479064941,0.004343986511230469
13,15,90,217.0,3.256716728210449,3.25762677192688,0.0009100437164306641
13,15,91,199.0,3.479922294616699,3.4802772998809814,0.00035500526428222656
13,15,92,84.0,2.9870519638061523,2.976456880569458,-0.010595083236694336
13,15,93,271.0,4.167789459228516,4.162905216217041,-0.004884243011474609
13,15,94,226.0,3.797963857650757,3.8011653423309326,0.0032014846801757812
13,15,95,258.0,4.302313327789307,4.312366008758545,0.010052680969238281
13,15,96,86.0,4.009377479553223,4.0027313232421875,-0.006646156311035156
13,15,97,142.0,4.886353492736816,4.88360595703125,-0.0027475357055664062
13,15,98,42.0,4.73474645614624,4.730671405792236,-0.004075050354003906
13,15,99,224.0,3.053419828414917,3.0566275119781494,0.003207683563232422
13,15,100,197.0,2.6848225593566895,2.691286563873291,0.0064640045166015625
13,15,101,85.0,3.080362558364868,3.0912816524505615,0.01091909408569336
13,15,102,195.0,3.4633231163024902,3.472994089126587,0.00967097282409668
13,15,103,102.0,4.20768404006958,4.217607498168945,0.009923458099365234
13,15,104,181.0,3.711848735809326,3.710969924926758,-0.0008788108825683594
13,15,105,72.0,2.723045587539673,2.7347123622894287,0.01166677474975586
13,15,106,130.0,4.976626396179199,4.98445463180542,0.007828235626220703
13,15,107,62.0,3.1819393634796143,3.179617404937744,-0.002321958541870117
13,15,108,263.0,4.0605854988098145,4.0600152015686035,-0.0005702972412109375
13,15,109,194.0,3.1560444831848145,3.158895254135132,0.002850770950317383
13,15,110,174.0,3.211611032485962,3.2178962230682373,0.006285190582275391
13,15,111,235.0,4.168798446655273,4.170677661895752,0.0018792152404785156
13,15,112,143.0,4.279087066650391,4.282639503479004,0.0035524368286132812
13,15,113,117.0,4.890145778656006,4.891438961029053,0.001293182373046875
13,15,114,160.0,4.253233909606934,4.25296688079834,-0.00026702880859375
13,15,115,115.0,3.9266409873962402,3.9244236946105957,-0.0022172927856445312
13,15,116,120.0,3.8633739948272705,3.8684840202331543,0.005110025405883789
13,15,117,186.0,4.1213459968566895,4.123597621917725,0.0022516250610351562
13,15,118,138.0,3.296036958694458,3.2996444702148438,0.003607511520385742
13,15,119,80.0,3.554978847503662,3.5565826892852783,0.001603841781616211
13,15,120,164.0,3.3612916469573975,3.3798463344573975,0.0185546875
13,15,121,215.0,3.762061357498169,3.759631633758545,-0.0024297237396240234
13,15,122,81.0,3.60632061958313,3.5944058895111084,-0.011914730072021484
13,15,123,171.0,3.4178876876831055,3.4196970462799072,0.0018093585968017578
13,15,124,41.0,4.780884742736816,4.788851261138916,0.00796651840209961
13,15,125,103.0,4.1708221435546875,4.169507026672363,-0.0013151168823242188
13,15,126,145.0,3.385586977005005,3.4038312435150146,0.018244266510009766
13,15,127,102.0,3.511989116668701,3.5156309604644775,0.003641843795776367
13,15,128,157.0,4.545989513397217,4.545246124267578,-0.0007433891296386719
13,15,129,161.0,3.612820625305176,3.60587215423584,-0.0069484710693359375
13,15,130,248.0,3.595446825027466,3.6031577587127686,0.007710933685302734
13,15,131,240.0,4.314742088317871,4.316075801849365,0.0013337135314941406
13,15,132,284.0,3.515221118927002,3.5201501846313477,0.004929065704345703
13,15,133,105.0,5.547122001647949,5.550972938537598,0.0038509368896484375
13,15,134,72.0,3.6292827129364014,3.627568244934082,-0.001714468002319336
13,15,135,86.0,3.9638190269470215,3.9830193519592285,0.01920032501220703
13,15,136,120.0,3.225938320159912,3.2284953594207764,0.002557039260864258
13,15,137,64.0,3.684243679046631,3.693265438079834,0.009021759033203125
13,15,138,220.0,2.8231959342956543,2.8218135833740234,-0.0013823509216308594
13,15,139,92.0,2.984248638153076,2.980983018875122,-0.0032656192779541016
13,15,140,180.0,3.4170660972595215,3.4140264987945557,-0.0030395984649658203
13,15,141,95.0,3.5693070888519287,3.570263624191284,0.0009565353393554688
13,15,142,72.0,5.436267852783203,5.434963703155518,-0.0013041496276855469
13,15,143,152.0,4.664964199066162,4.675350666046143,0.010386466979980469
13,15,144,170.0,3.2575697898864746,3.258988380432129,0.0014185905456542969
13,15,145,56.0,4.233151912689209,4.238131999969482,0.0049800872802734375
13,15,146,174.0,3.632305860519409,3.6348259449005127,0.0025200843811035156
13,15,147,191.0,3.26232647895813,3.2622740268707275,-5.245208740234375e-05
13,15,148,279.0,3.7231252193450928,3.724522829055786,0.0013976097106933594
13,15,149,98.0,3.6501717567443848,3.658017873764038,0.00784611701965332
13,15,150,50.0,3.987290143966675,3.985865592956543,-0.001424551010131836
13,15,151,61.0,3.207566976547241,3.219614267349243,0.012047290802001953
13,15,152,208.0,2.833768367767334,2.841994285583496,0.00822591781616211
13,15,153,124.0,3.7818057537078857,3.784313678741455,0.002507925033569336
13,15,154,128.0,3.3032331466674805,3.3123557567596436,0.009122610092163086
13,15,155,250.0,4.603071212768555,4.609178066253662,0.006106853485107422
13,15,156,239.0,2.621934175491333,2.6235973834991455,0.0016632080078125
13,15,157,164.0,2.8648641109466553,2.8645317554473877,-0.0003323554992675781
13,15,158,42.0,4.671477317810059,4.6624321937561035,-0.009045124053955078
13,15,159,200.0,4.007006645202637,4.012365341186523,0.005358695983886719
13,15,160,209.0,3.638150215148926,3.6345345973968506,-0.0036156177520751953
13,15,161,206.0,3.6040756702423096,3.609544277191162,0.005468606948852539
13,15,162,139.0,4.383498191833496,4.378525257110596,-0.004972934722900391
13,15,163,76.0,3.7987864017486572,3.8032267093658447,0.0044403076171875
13,15,164,232.0,3.892338275909424,3.8908205032348633,-0.0015177726745605469
13,15,165,235.0,3.9155564308166504,3.921433448791504,0.005877017974853516
13,15,166,49.0,4.228317737579346,4.247093677520752,0.01877593994140625
13,15,167,138.0,3.473930835723877,3.4579672813415527,-0.01596355438232422
13,15,168,60.0,3.808337450027466,3.801959276199341,-0.006378173828125
13,15,169,146.0,4.041977882385254,4.044225215911865,0.002247333526611328
13,15,170,57.0,4.420210838317871,4.417131423950195,-0.0030794143676757812
13,15,171,135.0,3.909317970275879,3.9125759601593018,0.0032579898834228516
13,15,172,113.0,3.19097638130188,3.1985106468200684,0.0075342655181884766
13,15,173,208.0,4.171577453613281,4.1761698722839355,0.004592418670654297
13,15,174,195.0,2.116305112838745,2.1241490840911865,0.007843971252441406
13,15,175,137.0,3.9520905017852783,3.9602906703948975,0.00820016860961914
13,15,176,91.0,4.97736120223999,4.986765384674072,0.009404182434082031
13,15,177,66.0,3.994100332260132,3.992187023162842,-0.001913309097290039
13,15,178,173.0,3.3507070541381836,3.3614938259124756,0.010786771774291992
13,15,179,89.0,5.353647708892822,5.354674816131592,0.0010271072387695312
13,15,180,231.0,3.6613731384277344,3.667154312133789,0.0057811737060546875
13,15,181,71.0,5.397938251495361,5.400200843811035,0.002262592315673828
13,15,182,98.0,3.963383674621582,3.9872190952301025,0.023835420608520508
13,15,183,215.0,1.998246431350708,1.9973018169403076,-0.0009446144104003906
13,15,184,159.0,4.383580684661865,4.3931779861450195,0.009597301483154297
13,15,185,86.0,3.697986602783203,3.7081143856048584,0.010127782821655273
13,15,186,92.0,3.4445607662200928,3.4604992866516113,0.015938520431518555
13,15,187,51.0,5.179178714752197,5.17087459564209,-0.008304119110107422
13,15,188,86.0,4.734201908111572,4.739657402038574,0.005455493927001953
13,15,189,132.0,3.6938047409057617,3.695378303527832,0.0015735626220703125
13,15,190,214.0,3.9561617374420166,3.946800708770752,-0.009361028671264648
13,15,191,139.0,4.121965408325195,4.122400283813477,0.00043487548828125
13,15,192,89.0,3.4952480792999268,3.502295970916748,0.007047891616821289
13,15,193,102.0,4.782958507537842,4.786614418029785,0.0036559104919433594
13,15,194,156.0,2.6015143394470215,2.605104446411133,0.003590106964111328
13,15,195,87.0,3.839608669281006,3.8333442211151123,-0.006264448165893555
13,15,196,175.0,3.2536110877990723,3.250434637069702,-0.003176450729370117
13,15,197,136.0,2.3385791778564453,2.3384816646575928,-9.751319885253906e-05
13,15,198,54.0,3.781459093093872,3.801246404647827,0.019787311553955078
13,15,199,71.0,4.556375980377197,4.552751064300537,-0.0036249160766601562
13,15,200,43.0,4.562034606933594,4.567209720611572,0.005175113677978516
13,15,201,200.0,3.3231818675994873,3.332279682159424,0.009097814559936523
13,15,202,60.0,3.5167155265808105,3.528308391571045,0.011592864990234375
13,15,203,220.0,3.437206983566284,3.443861246109009,0.006654262542724609
13,15,204,160.0,4.1729278564453125,4.175382137298584,0.0024542808532714844
13,15,205,46.0,3.025144100189209,3.017395257949829,-0.007748842239379883
13,15,206,189.0,3.507356882095337,3.5140368938446045,0.006680011749267578
13,15,207,69.0,4.68245792388916,4.678697109222412,-0.003760814666748047
13,15,208,164.0,2.968637228012085,2.9699277877807617,0.0012905597686767578
13,15,209,121.0,3.6657907962799072,3.660551071166992,-0.005239725112915039
13,15,210,453.0,5.465768337249756,5.486099720001221,0.020331382751464844
13,15,211,167.0,3.817554473876953,3.823667526245117,0.0061130523681640625
13,15,212,79.0,3.6519949436187744,3.6532909870147705,0.0012960433959960938
13,15,213,64.0,4.473271369934082,4.474712371826172,0.0014410018920898438
13,15,214,214.0,3.5177533626556396,3.5190651416778564,0.0013117790222167969
13,15,215,42.0,4.581282615661621,4.587283134460449,0.006000518798828125
13,15,216,85.0,4.406545639038086,4.411240577697754,0.004694938659667969
13,15,217,45.0,4.909335136413574,4.923350811004639,0.014015674591064453
13,15,218,96.0,4.346060276031494,4.345332622528076,-0.0007276535034179688
13,15,219,40.0,3.466945171356201,3.4447312355041504,-0.02221393585205078
13,15,220,66.0,4.6993865966796875,4.7033514976501465,0.003964900970458984
13,15,221,262.0,3.4376049041748047,3.443646192550659,0.006041288375854492
13,15,222,32.0,4.6173553466796875,4.624982833862305,0.0076274871826171875
13,15,223,33.0,4.931256294250488,4.931209564208984,-4.673004150390625e-05
13,15,224,139.0,2.1582767963409424,2.1582329273223877,-4.38690185546875e-05
13,15,225,84.0,4.020323753356934,4.027835845947266,0.007512092590332031
13,15,226,46.0,3.709413528442383,3.716393232345581,0.006979703903198242
13,15,227,121.0,4.181075572967529,4.189510345458984,0.008434772491455078
13,15,228,67.0,3.140568971633911,3.1421704292297363,0.0016014575958251953
13,15,229,187.0,3.8881711959838867,3.8909037113189697,0.002732515335083008
13,15,230,40.0,4.873936176300049,4.881378650665283,0.007442474365234375
13,15,231,91.0,3.998016119003296,4.002283573150635,0.004267454147338867
13,15,232,52.0,4.4449782371521,4.4511027336120605,0.0061244964599609375
13,15,233,49.0,4.133476257324219,4.126987457275391,-0.006488800048828125
13,15,234,261.0,3.079342842102051,3.083035945892334,0.003693103790283203
13,15,235,59.0,4.072587490081787,4.060316562652588,-0.012270927429199219
13,15,236,132.0,4.054989814758301,4.073383808135986,0.018393993377685547
13,15,237,136.0,3.4520623683929443,3.4610819816589355,0.009019613265991211
13,15,238,210.0,3.7005720138549805,3.7081143856048584,0.00754237174987793
13,15,239,258.0,3.6856272220611572,3.6877012252807617,0.002074003219604492
13,15,240,203.0,3.5238258838653564,3.528209686279297,0.00438380241394043
13,15,241,198.0,3.3618428707122803,3.3679378032684326,0.006094932556152344
13,15,242,85.0,3.468600034713745,3.466693878173828,-0.0019061565399169922
13,15,243,85.0,2.1469109058380127,2.1274847984313965,-0.01942610740661621
13,15,244,93.0,4.847414970397949,4.857801914215088,0.010386943817138672
13,15,245,68.0,4.8312296867370605,4.828960418701172,-0.002269268035888672
13,15,246,58.0,4.302565574645996,4.3098225593566895,0.007256984710693359
13,15,247,187.0,3.1594748497009277,3.150754928588867,-0.008719921112060547
13,15,248,64.0,2.745805263519287,2.7416391372680664,-0.004166126251220703
13,15,249,100.0,3.3120670318603516,3.305398464202881,-0.006668567657470703
13,15,250,151.0,3.886031150817871,3.8831334114074707,-0.0028977394104003906
13,15,251,174.0,3.292135715484619,3.2894985675811768,-0.002637147903442383
13,15,252,126.0,4.651801109313965,4.660984516143799,0.009183406829833984
13,15,253,99.0,3.699761390686035,3.7024240493774414,0.00266265869140625
13,15,254,107.0,4.576633453369141,4.5871357917785645,0.010502338409423828
13,15,255,116.0,3.825943946838379,3.8220105171203613,-0.003933429718017578
22,0,0,196.0,3.98167085647583,3.9857749938964844,0.004104137420654297
22,0,1,127.0,3.705084800720215,3.7033493518829346,-0.0017354488372802734
22,0,2,162.0,2.4317469596862793,2.43196964263916,0.00022268295288085938
22,0,3,92.0,5.154407501220703,5.160095691680908,0.005688190460205078
22,0,4,194.0,3.7261335849761963,3.730109453201294,0.003975868225097656
22,0,5,115.0,3.4317781925201416,3.4264461994171143,-0.005331993103027344
22,0,6,109.0,4.611254692077637,4.613141059875488,0.0018863677978515625
22,0,7,48.0,3.824559450149536,3.834517478942871,0.009958028793334961
22,0,8,69.0,4.333216190338135,4.3385491371154785,0.00533294677734375
22,0,9,85.0,3.4889185428619385,3.482015371322632,-0.006903171539306641
22,0,10,238.0,3.337062358856201,3.3377878665924072,0.0007255077362060547
22,0,11,233.0,3.013906478881836,3.018415927886963,0.004509449005126953
22,0,12,208.0,3.644038200378418,3.63999605178833,-0.004042148590087891
22,0,13,196.0,3.302739381790161,3.3078553676605225,0.005115985870361328
22,0,14,131.0,3.989900827407837,3.9938080310821533,0.003907203674316406
22,0,15,125.0,3.2012383937835693,3.2031290531158447,0.0018906593322753906
22,0,16,61.0,4.757500171661377,4.749999046325684,-0.007501125335693359
22,0,17,164.0,2.6241273880004883,2.623837471008301,-0.0002899169921875
22,0,18,107.0,3.8216171264648438,3.825294256210327,0.0036771297454833984
22,0,19,48.0,4.036356449127197,4.042348384857178,0.005991935729980469
22,0,20,74.0,2.6907341480255127,2.6911988258361816,0.0004646778106689453
22,0,21,103.0,2.9307749271392822,2.9394114017486572,0.008636474609375
22,0,22,114.0,3.8854269981384277,3.8851094245910645,-0.00031757354736328125
22,0,23,50.0,6.480540752410889,6.490677356719971,0.010136604309082031
22,0,24,281.0,3.1489627361297607,3.1508898735046387,0.0019271373748779297
22,0,25,247.0,2.5188822746276855,2.520524024963379,0.0016417503356933594
22,0,26,173.0,4.413876056671143,4.416093826293945,0.0022177696228027344
22,0,27,166.0,3.707796812057495,3.7091450691223145,0.001348257064819336
22,0,28,98.0,3.151510238647461,3.1497082710266113,-0.0018019676208496094
22,0,29,174.0,3.586359739303589,3.5834567546844482,-0.002902984619140625
22,0,30,173.0,3.190525531768799,3.1926865577697754,0.0021610260009765625
22,0,31,215.0,4.340093612670898,4.338990211486816,-0.0011034011840820312
22,0,32,186.0,3.4789488315582275,3.475738525390625,-0.003210306167602539
22,0,33,153.0,2.9326295852661133,2.9370369911193848,0.004407405853271484
22,0,34,147.0,4.1311798095703125,4.130948543548584,-0.00023126602172851562
22,0,35,50.0,4.620577812194824,4.639327526092529,0.018749713897705078
22,0,36,86.0,3.942690134048462,3.940986394882202,-0.0017037391662597656
22,0,37,154.0,4.250033378601074,4.242701053619385,-0.007332324981689453
22,0,38,265.0,2.933018684387207,2.9372873306274414,0.004268646240234375
22,0,39,199.0,3.941709518432617,3.9466497898101807,0.0049402713775634766
22,0,40,138.0,4.430899620056152,4.426074028015137,-0.004825592041015625
22,0,41,98.0,4.048152923583984,4.0554375648498535,0.007284641265869141
22,0,42,167.0,2.98820424079895,2.986753463745117,-0.0014507770538330078
22,0,43,288.0,4.51556396484375,4.515874862670898,0.0003108978271484375
22,0,44,225.0,3.134540557861328,3.13217830657959,-0.0023622512817382812
22,0,45,191.0,3.475728988647461,3.474724531173706,-0.0010044574737548828
22,0,46,92.0,5.071820259094238,5.076552391052246,0.0047321319580078125
22,0,47,41.0,5.766663551330566,5.762569904327393,-0.004093647003173828
22,0,48,231.0,3.4077651500701904,3.4049389362335205,-0.002826213836669922
22,0,49,101.0,2.9521121978759766,2.9549105167388916,0.002798318862915039
22,0,50,177.0,3.6662821769714355,3.6674420833587646,0.0011599063873291016
22,0,51,252.0,4.05861759185791,4.058347225189209,-0.0002703666687011719
22,0,52,259.0,3.3747026920318604,3.3757212162017822,0.001018524169921875
22,0,53,47.0,4.065746307373047,4.065793514251709,4.7206878662109375e-05
22,0,54,164.0,2.495858669281006,2.49709415435791,0.0012354850769042969
22,0,55,94.0,4.066493034362793,4.064341068267822,-0.002151966094970703
22,0,56,103.0,4.11627721786499,4.115614414215088,-0.0006628036499023438
22,0,57,78.0,3.913255453109741,3.909708261489868,-0.003547191619873047
22,0,58,239.0,3.692802906036377,3.693866491317749,0.0010635852813720703
22,0,59,271.0,4.881155014038086,4.880032539367676,-0.0011224746704101562
22,0,60,162.0,3.3450679779052734,3.342900037765503,-0.002167940139770508
22,0,61,179.0,3.870093584060669,3.8750996589660645,0.005006074905395508
22,0,62,218.0,3.1762454509735107,3.17545223236084,-0.0007932186126708984
22,0,63,81.0,3.809858798980713,3.8096351623535156,-0.00022363662719726562
22,0,64,93.0,4.687077522277832,4.692336082458496,0.0052585601806640625
22,0,65,72.0,4.558295249938965,4.55372953414917,-0.004565715789794922
22,0,66,230.0,3.737887382507324,3.7393198013305664,0.0014324188232421875
22,0,67,99.0,3.1625142097473145,3.1622228622436523,-0.0002913475036621094
22,0,68,213.0,3.218388557434082,3.2178573608398438,-0.0005311965942382812
22,0,69,119.0,3.072978973388672,3.07621169090271,0.003232717514038086
22,0,70,161.0,3.529710531234741,3.525653839111328,-0.004056692123413086
22,0,71,90.0,4.394758224487305,4.40061616897583,0.005857944488525391
22,0,72,181.0,3.6989989280700684,3.7014658451080322,0.002466917037963867
22,0,73,95.0,4.745315074920654,4.740981101989746,-0.004333972930908203
22,0,74,245.0,2.801177740097046,2.800363779067993,-0.0008139610290527344
22,0,75,93.0,2.319314956665039,2.3226373195648193,0.0033223628997802734
22,0,76,225.0,3.1077821254730225,3.1081860065460205,0.0004038810729980469
22,0,77,61.0,4.027099132537842,4.032524108886719,0.005424976348876953
22,0,78,257.0,4.246406078338623,4.24462890625,-0.0017771720886230469
22,0,79,165.0,3.7203760147094727,3.7169270515441895,-0.003448963165283203
22,0,80,117.0,4.752804279327393,4.747028350830078,-0.005775928497314453
22,0,81,89.0,4.279232025146484,4.2753071784973145,-0.003924846649169922
22,0,82,291.0,4.08609676361084,4.090508460998535,0.0044116973876953125
22,0,83,93.0,4.042176723480225,4.038052558898926,-0.004124164581298828
22,0,84,228.0,2.8949825763702393,2.891824722290039,-0.0031578540802001953
22,0,85,131.0,3.406266927719116,3.41133975982666,0.005072832107543945
22,0,86,191.0,4.77057409286499,4.77278995513916,0.002215862274169922
22,0,87,238.0,5.341985702514648,5.344983100891113,0.0029973983764648438
22,0,88,210.0,3.7304000854492188,3.7314350605010986,0.0010349750518798828
22,0,89,107.0,4.658895492553711,4.66008186340332,0.001186370849609375
22,0,90,217.0,3.256716728210449,3.2561614513397217,-0.0005552768707275391
22,0,91,199.0,3.479922294616699,3.478996753692627,-0.0009255409240722656
22,0,92,84.0,2.9870519638061523,2.9793810844421387,-0.007670879364013672
22,0,93,271.0,4.167789459228516,4.164575099945068,-0.0032143592834472656
22,0,94,226.0,3.797963857650757,3.795058488845825,-0.0029053688049316406
22,0,95,258.0,4.302313327789307,4.305367946624756,0.0030546188354492188
22,0,96,86.0,4.009377479553223,4.022516250610352,0.013138771057128906
22,0,97,142.0,4.886353492736816,4.8821868896484375,-0.004166603088378906
22,0,98,42.0,4.73474645614624,4.737669467926025,0.0029230117797851562
22,0,99,224.0,3.053419828414917,3.0520713329315186,-0.0013484954833984375
22,0,100,197.0,2.6848225593566895,2.6819491386413574,-0.0028734207153320312
22,0,101,85.0,3.080362558364868,3.0776166915893555,-0.0027458667755126953
22,0,102,195.0,3.4633231163024902,3.4637351036071777,0.0004119873046875
22,0,103,102.0,4.20768404006958,4.206018924713135,-0.0016651153564453125
22,0,104,181.0,3.711848735809326,3.7143120765686035,0.0024633407592773438
22,0,105,72.0,2.723045587539673,2.731372833251953,0.008327245712280273
22,0,106,130.0,4.976626396179199,4.974478244781494,-0.002148151397705078
22,0,107,62.0,3.1819393634796143,3.1788554191589355,-0.003083944320678711
22,0,108,263.0,4.0605854988098145,4.058393955230713,-0.0021915435791015625
22,0,109,194.0,3.1560444831848145,3.157085657119751,0.0010411739349365234
22,0,110,174.0,3.211611032485962,3.216212511062622,0.004601478576660156
22,0,111,235.0,4.168798446655273,4.166354656219482,-0.0024437904357910156
22,0,112,143.0,4.279087066650391,4.274942398071289,-0.0041446685791015625
22,0,113,117.0,4.890145778656006,4.889068126678467,-0.0010776519775390625
22,0,114,160.0,4.253233909606934,4.24909782409668,-0.004136085510253906
22,0,115,115.0,3.9266409873962402,3.924729108810425,-0.0019118785858154297
22,0,116,120.0,3.8633739948272705,3.8666930198669434,0.0033190250396728516
22,0,117,186.0,4.1213459968566895,4.1185526847839355,-0.0027933120727539062
22,0,118,138.0,3.296036958694458,3.3007962703704834,0.004759311676025391
22,0,119,80.0,3.554978847503662,3.5571541786193848,0.0021753311157226562
22,0,120,164.0,3.3612916469573975,3.3632004261016846,0.0019087791442871094
22,0,121,215.0,3.762061357498169,3.7629377841949463,0.0008764266967773438
22,0,122,81.0,3.60632061958313,3.6045544147491455,-0.001766204833984375
22,0,123,171.0,3.4178876876831055,3.418656826019287,0.0007691383361816406
22,0,124,41.0,4.780884742736816,4.775750160217285,-0.00513458251953125
22,0,125,103.0,4.1708221435546875,4.168002128601074,-0.0028200149536132812
22,0,126,145.0,3.385586977005005,3.3866639137268066,0.0010769367218017578
22,0,127,102.0,3.511989116668701,3.5081326961517334,-0.0038564205169677734
22,0,128,157.0,4.545989513397217,4.5457377433776855,-0.00025177001953125
22,0,129,161.0,3.612820625305176,3.6142592430114746,0.0014386177062988281
22,0,130,248.0,3.595446825027466,3.5993504524230957,0.003903627395629883
22,0,131,240.0,4.314742088317871,4.319864749908447,0.005122661590576172
22,0,132,284.0,3.515221118927002,3.5139732360839844,-0.0012478828430175781
22,0,133,105.0,5.547122001647949,5.547203540802002,8.153915405273438e-05
22,0,134,72.0,3.6292827129364014,3.6311824321746826,0.00189971923828125
22,0,135,86.0,3.9638190269470215,3.965161085128784,0.0013420581817626953
22,0,136,120.0,3.225938320159912,3.2279131412506104,0.001974821090698242
22,0,137,64.0,3.684243679046631,3.691443920135498,0.0072002410888671875
22,0,138,220.0,2.8231959342956543,2.8217451572418213,-0.0014507770538330078
22,0,139,92.0,2.984248638153076,2.97822642326355,-0.006022214889526367
22,0,140,180.0,3.4170660972595215,3.4136719703674316,-0.0033941268920898438
22,0,141,95.0,3.5693070888519287,3.568004846572876,-0.0013022422790527344
22,0,142,72.0,5.436267852783203,5.433969974517822,-0.0022978782653808594
22,0,143,152.0,4.664964199066162,4.664949893951416,-1.430511474609375e-05
22,0,144,170.0,3.2575697898864746,3.257582664489746,1.2874603271484375e-05
22,0,145,56.0,4.233151912689209,4.235787391662598,0.002635478973388672
22,0,146,174.0,3.632305860519409,3.6324455738067627,0.00013971328735351562
22,0,147,191.0,3.26232647895813,3.267845392227173,0.005518913269042969
22,0,148,279.0,3.7231252193450928,3.7201688289642334,-0.002956390380859375
22,0,149,98.0,3.6501717567443848,3.6532673835754395,0.0030956268310546875
22,0,150,50.0,3.987290143966675,3.9901866912841797,0.002896547317504883
22,0,151,61.0,3.207566976547241,3.2098309993743896,0.0022640228271484375
22,0,152,208.0,2.833768367767334,2.83518385887146,0.0014154911041259766
22,0,153,124.0,3.7818057537078857,3.784933567047119,0.0031278133392333984
22,0,154,128.0,3.3032331466674805,3.3053057193756104,0.002072572708129883
22,0,155,250.0,4.603071212768555,4.603959083557129,0.0008878707885742188
22,0,156,239.0,2.621934175491333,2.6201913356781006,-0.0017428398132324219
22,0,157,164.0,2.8648641109466553,2.8641488552093506,-0.0007152557373046875
22,0,158,42.0,4.671477317810059,4.6774444580078125,0.005967140197753906
22,0,159,200.0,4.007006645202637,4.009692192077637,0.002685546875
22,0,160,209.0,3.638150215148926,3.633554220199585,-0.00459599494934082
22,0,161,206.0,3.6040756702423096,3.6079444885253906,0.0038688182830810547
22,0,162,139.0,4.383498191833496,4.385922431945801,0.0024242401123046875
22,0,163,76.0,3.7987864017486572,3.7925703525543213,-0.0062160491943359375
22,0,164,232.0,3.892338275909424,3.890468120574951,-0.0018701553344726562
22,0,165,235.0,3.9155564308166504,3.913633346557617,-0.0019230842590332031
22,0,166,49.0,4.228317737579346,4.236437797546387,0.008120059967041016
22,0,167,138.0,3.473930835723877,3.4725918769836426,-0.001338958740234375
22,0,168,60.0,3.808337450027466,3.8099329471588135,0.0015954971313476562
22,0,169,146.0,4.041977882385254,4.045869827270508,0.0038919448852539062
22,0,170,57.0,4.420210838317871,4.424142837524414,0.003931999206542969
22,0,171,135.0,3.909317970275879,3.9106526374816895,0.0013346672058105469
22,0,172,113.0,3.19097638130188,3.1851863861083984,-0.005789995193481445
22,0,173,208.0,4.171577453613281,4.168231964111328,-0.003345489501953125
22,0,174,195.0,2.116305112838745,2.1144752502441406,-0.0018298625946044922
22,0,175,137.0,3.9520905017852783,3.9506185054779053,-0.0014719963073730469
22,0,176,91.0,4.97736120223999,4.981142997741699,0.0037817955017089844
22,0,177,66.0,3.994100332260132,3.9949748516082764,0.0008745193481445312
22,0,178,173.0,3.3507070541381836,3.3538687229156494,0.0031616687774658203
22,0,179,89.0,5.353647708892822,5.34853458404541,-0.005113124847412109
22,0,180,231.0,3.6613731384277344,3.664357900619507,0.002984762191772461
22,0,181,71.0,5.397938251495361,5.395261287689209,-0.0026769638061523438
22,0,182,98.0,3.963383674621582,3.964325189590454,0.0009415149688720703
22,0,183,215.0,1.998246431350708,1.997121810913086,-0.0011246204376220703
22,0,184,159.0,4.383580684661865,4.384556293487549,0.0009756088256835938
22,0,185,86.0,3.697986602783203,3.6941475868225098,-0.0038390159606933594
22,0,186,92.0,3.4445607662200928,3.440077066421509,-0.004483699798583984
22,0,187,51.0,5.179178714752197,5.180182933807373,0.0010042190551757812
22,0,188,86.0,4.734201908111572,4.733728408813477,-0.0004734992980957031
22,0,189,132.0,3.6938047409057617,3.696263313293457,0.0024585723876953125
22,0,190,214.0,3.9561617374420166,3.953413724899292,-0.0027480125427246094
22,0,191,139.0,4.121965408325195,4.128450870513916,0.006485462188720703
22,0,192,89.0,3.4952480792999268,3.4888696670532227,-0.0063784122467041016
22,0,193,102.0,4.782958507537842,4.777925491333008,-0.005033016204833984
22,0,194,156.0,2.6015143394470215,2.5991315841674805,-0.0023827552795410156
22,0,195,87.0,3.839608669281006,3.8362183570861816,-0.0033903121948242188
22,0,196,175.0,3.2536110877990723,3.253002882003784,-0.0006082057952880859
22,0,197,136.0,2.3385791778564453,2.3327672481536865,-0.005811929702758789
22,0,198,54.0,3.781459093093872,3.7853236198425293,0.0038645267486572266
22,0,199,71.0,4.556375980377197,4.561160087585449,0.004784107208251953
22,0,200,43.0,4.562034606933594,4.5673065185546875,0.00527191162109375
22,0,201,200.0,3.3231818675994873,3.3211541175842285,-0.002027750015258789
22,0,202,60.0,3.5167155265808105,3.5171213150024414,0.0004057884216308594
22,0,203,220.0,3.437206983566284,3.444389820098877,0.0071828365325927734
22,0,204,160.0,4.1729278564453125,4.170849800109863,-0.0020780563354492188
22,0,205,46.0,3.025144100189209,3.0259647369384766,0.0008206367492675781
22,0,206,189.0,3.507356882095337,3.507354497909546,-2.384185791015625e-06
22,0,207,69.0,4.68245792388916,4.676563262939453,-0.005894660949707031
22,0,208,164.0,2.968637228012085,2.9666223526000977,-0.0020148754119873047
22,0,209,121.0,3.6657907962799072,3.655069589614868,-0.010721206665039062
22,0,210,453.0,5.465768337249756,5.465558052062988,-0.00021028518676757812
22,0,211,167.0,3.817554473876953,3.8176076412200928,5.316734313964844e-05
22,0,212,79.0,3.6519949436187744,3.654060125350952,0.0020651817321777344
22,0,213,64.0,4.473271369934082,4.480547904968262,0.0072765350341796875
22,0,214,214.0,3.5177533626556396,3.5140762329101562,-0.0036771297454833984
22,0,215,42.0,4.581282615661621,4.576422691345215,-0.00485992431640625
22,0,216,85.0,4.406545639038086,4.405995845794678,-0.0005497932434082031
22,0,217,45.0,4.909335136413574,4.907268524169922,-0.0020666122436523438
22,0,218,96.0,4.346060276031494,4.3476738929748535,0.001613616943359375
22,0,219,40.0,3.466945171356201,3.479893445968628,0.012948274612426758
22,0,220,66.0,4.6993865966796875,4.700901508331299,0.0015149116516113281
22,0,221,262.0,3.4376049041748047,3.4361369609832764,-0.0014679431915283203
22,0,222,32.0,4.6173553466796875,4.610010623931885,-0.007344722747802734
22,0,223,33.0,4.931256294250488,4.940479278564453,0.009222984313964844
22,0,224,139.0,2.1582767963409424,2.158892869949341,0.0006160736083984375
22,0,225,84.0,4.020323753356934,4.0148797035217285,-0.005444049835205078
22,0,226,46.0,3.709413528442383,3.7178752422332764,0.008461713790893555
22,0,227,121.0,4.181075572967529,4.179919719696045,-0.001155853271484375
22,0,228,67.0,3.140568971633911,3.1442787647247314,0.0037097930908203125
22,0,229,187.0,3.8881711959838867,3.8892757892608643,0.001104593276977539
22,0,230,40.0,4.873936176300049,4.8659443855285645,-0.007991790771484375
22,0,231,91.0,3.998016119003296,4.003232479095459,0.005216360092163086
22,0,232,52.0,4.4449782371521,4.452786922454834,0.007808685302734375
22,0,233,49.0,4.133476257324219,4.135111331939697,0.0016350746154785156
22,0,234,261.0,3.079342842102051,3.078455924987793,-0.0008869171142578125
22,0,235,59.0,4.072587490081787,4.074967861175537,0.00238037109375
22,0,236,132.0,4.054989814758301,4.057827949523926,0.002838134765625
22,0,237,136.0,3.4520623683929443,3.454038619995117,0.0019762516021728516
22,0,238,210.0,3.7005720138549805,3.6974313259124756,-0.003140687942504883
22,0,239,258.0,3.6856272220611572,3.682154417037964,-0.0034728050231933594
22,0,240,203.0,3.5238258838653564,3.524290084838867,0.0004642009735107422
22,0,241,198.0,3.3618428707122803,3.359585762023926,-0.002257108688354492
22,0,242,85.0,3.468600034713745,3.470059633255005,0.0014595985412597656
22,0,243,85.0,2.1469109058380127,2.15844988822937,0.011538982391357422
22,0,244,93.0,4.847414970397949,4.850215911865234,0.0028009414672851562
22,0,245,68.0,4.8312296867370605,4.836713790893555,0.005484104156494141
22,0,246,58.0,4.302565574645996,4.30803108215332,0.005465507507324219
22,0,247,187.0,3.1594748497009277,3.1583011150360107,-0.0011737346649169922
22,0,248,64.0,2.745805263519287,2.7452001571655273,-0.0006051063537597656
22,0,249,100.0,3.3120670318603516,3.315537691116333,0.0034706592559814453
22,0,250,151.0,3.886031150817871,3.8887555599212646,0.0027244091033935547
22,0,251,174.0,3.292135715484619,3.2922208309173584,8.511543273925781e-05
22,0,252,126.0,4.651801109313965,4.657054424285889,0.005253314971923828
22,0,253,99.0,3.699761390686035,3.7022862434387207,0.002524852752685547
22,0,254,107.0,4.576633453369141,4.587550163269043,0.010916709899902344
22,0,255,116.0,3.825943946838379,3.8226335048675537,-0.0033104419708251953
22,1,0,196.0,3.98167085647583,3.980868339538574,-0.0008025169372558594
22,1,1,127.0,3.705084800720215,3.706913709640503,0.001828908920288086
22,1,2,162.0,2.4317469596862793,2.436102867126465,0.004355907440185547
22,1,3,92.0,5.154407501220703,5.157763957977295,0.003356456756591797
22,1,4,194.0,3.7261335849761963,3.728651523590088,0.0025179386138916016
22,1,5,115.0,3.4317781925201416,3.433548927307129,0.0017707347869873047
22,1,6,109.0,4.611254692077637,4.614342212677002,0.0030875205993652344
22,1,7,48.0,3.824559450149536,3.830542802810669,0.0059833526611328125
22,1,8,69.0,4.333216190338135,4.337430000305176,0.004213809967041016
22,1,9,85.0,3.4889185428619385,3.4877631664276123,-0.0011553764343261719
22,1,10,238.0,3.337062358856201,3.335022449493408,-0.0020399093627929688
22,1,11,233.0,3.013906478881836,3.017624855041504,0.0037183761596679688
22,1,12,208.0,3.644038200378418,3.64208722114563,-0.001950979232788086
22,1,13,196.0,3.302739381790161,3.304797649383545,0.002058267593383789
22,1,14,131.0,3.989900827407837,3.9855434894561768,-0.004357337951660156
22,1,15,125.0,3.2012383937835693,3.1994056701660156,-0.001832723617553711
22,1,16,61.0,4.757500171661377,4.747431755065918,-0.010068416595458984
22,1,17,164.0,2.6241273880004883,2.6219258308410645,-0.002201557159423828
22,1,18,107.0,3.8216171264648438,3.8194215297698975,-0.002195596694946289
22,1,19,48.0,4.036356449127197,4.03455114364624,-0.0018053054809570312
22,1,20,74.0,2.6907341480255127,2.6854875087738037,-0.005246639251708984
22,1,21,103.0,2.9307749271392822,2.9331002235412598,0.002325296401977539
22,1,22,114.0,3.8854269981384277,3.889862537384033,0.004435539245605469
22,1,23,50.0,6.480540752410889,6.4772725105285645,-0.0032682418823242188
22,1,24,281.0,3.1489627361297607,3.1514780521392822,0.0025153160095214844
22,1,25,247.0,2.5188822746276855,2.5211029052734375,0.002220630645751953
22,1,26,173.0,4.413876056671143,4.417055130004883,0.0031790733337402344
22,1,27,166.0,3.707796812057495,3.7075672149658203,-0.0002295970916748047
22,1,28,98.0,3.151510238647461,3.147608518600464,-0.0039017200469970703
22,1,29,174.0,3.586359739303589,3.580129623413086,-0.00623011589050293
22,1,30,173.0,3.190525531768799,3.1941285133361816,0.0036029815673828125
22,1,31,215.0,4.340093612670898,4.337594032287598,-0.0024995803833007812
22,1,32,186.0,3.4789488315582275,3.471351146697998,-0.007597684860229492
22,1,33,153.0,2.9326295852661133,2.932433605194092,-0.00019598007202148438
22,1,34,147.0,4.1311798095703125,4.129652976989746,-0.0015268325805664062
22,1,35,50.0,4.620577812194824,4.63123893737793,0.010661125183105469
22,1,36,86.0,3.942690134048462,3.9464054107666016,0.0037152767181396484
22,1,37,154.0,4.250033378601074,4.249527454376221,-0.0005059242248535156
22,1,38,265.0,2.933018684387207,2.939727783203125,0.006709098815917969
22,1,39,199.0,3.941709518432617,3.939727544784546,-0.001981973648071289
22,1,40,138.0,4.430899620056152,4.429698944091797,-0.0012006759643554688
22,1,41,98.0,4.048152923583984,4.048539161682129,0.00038623809814453125
22,1,42,167.0,2.98820424079895,2.987499952316284,-0.0007042884826660156
22,1,43,288.0,4.51556396484375,4.515836715698242,0.0002727508544921875
22,1,44,225.0,3.134540557861328,3.1310980319976807,-0.003442525863647461
22,1,45,191.0,3.475728988647461,3.4734737873077393,-0.0022552013397216797
22,1,46,92.0,5.071820259094238,5.069613933563232,-0.0022063255310058594
22,1,47,41.0,5.766663551330566,5.744690418243408,-0.021973133087158203
22,1,48,231.0,3.4077651500701904,3.4051804542541504,-0.002584695816040039
22,1,49,101.0,2.9521121978759766,2.955418109893799,0.0033059120178222656
22,1,50,177.0,3.6662821769714355,3.6614363193511963,-0.004845857620239258
22,1,51,252.0,4.05861759185791,4.056979656219482,-0.0016379356384277344
22,1,52,259.0,3.3747026920318604,3.3779165744781494,0.0032138824462890625
22,1,53,47.0,4.065746307373047,4.0637736320495605,-0.001972675323486328
22,1,54,164.0,2.495858669281006,2.4997570514678955,0.0038983821868896484
22,1,55,94.0,4.066493034362793,4.068933963775635,0.002440929412841797
22,1,56,103.0,4.11627721786499,4.118381977081299,0.0021047592163085938
22,1,57,78.0,3.913255453109741,3.9134113788604736,0.00015592575073242188
22,1,58,239.0,3.692802906036377,3.694120407104492,0.0013175010681152344
22,1,59,271.0,4.881155014038086,4.881735324859619,0.0005803108215332031
22,1,60,162.0,3.3450679779052734,3.3389735221862793,-0.006094455718994141
22,1,61,179.0,3.870093584060669,3.872514247894287,0.002420663833618164
22,1,62,218.0,3.1762454509735107,3.174553632736206,-0.0016918182373046875
22,1,63,81.0,3.809858798980713,3.8098785877227783,1.9788742065429688e-05
22,1,64,93.0,4.687077522277832,4.69528341293335,0.008205890655517578
22,1,65,72.0,4.558295249938965,4.552648544311523,-0.005646705627441406
22,1,66,230.0,3.737887382507324,3.733250856399536,-0.004636526107788086
22,1,67,99.0,3.1625142097473145,3.165405035018921,0.0028908252716064453
22,1,68,213.0,3.218388557434082,3.2248895168304443,0.006500959396362305
22,1,69,119.0,3.072978973388672,3.0759003162384033,0.0029213428497314453
22,1,70,161.0,3.529710531234741,3.524135112762451,-0.005575418472290039
22,1,71,90.0,4.394758224487305,4.396474361419678,0.0017161369323730469
22,1,72,181.0,3.6989989280700684,3.6993014812469482,0.0003025531768798828
22,1,73,95.0,4.745315074920654,4.743786334991455,-0.0015287399291992188
22,1,74,245.0,2.801177740097046,2.8058040142059326,0.004626274108886719
22,1,75,93.0,2.319314956665039,2.320223331451416,0.0009083747863769531
22,1,76,225.0,3.1077821254730225,3.1122472286224365,0.0044651031494140625
22,1,77,61.0,4.027099132537842,4.032139778137207,0.005040645599365234
22,1,78,257.0,4.246406078338623,4.247004508972168,0.0005984306335449219
22,1,79,165.0,3.7203760147094727,3.7249836921691895,0.004607677459716797
22,1,80,117.0,4.752804279327393,4.753208637237549,0.00040435791015625
22,1,81,89.0,4.279232025146484,4.283771514892578,0.00453948974609375
22,1,82,291.0,4.08609676361084,4.093587398529053,0.007490634918212891
22,1,83,93.0,4.042176723480225,4.03660249710083,-0.005574226379394531
22,1,84,228.0,2.8949825763702393,2.899331569671631,0.0043489933013916016
22,1,85,131.0,3.406266927719116,3.4003827571868896,-0.0058841705322265625
22,1,86,191.0,4.77057409286499,4.772502899169922,0.0019288063049316406
22,1,87,238.0,5.341985702514648,5.341926097869873,-5.9604644775390625e-05
22,1,88,210.0,3.7304000854492188,3.727829694747925,-0.0025703907012939453
22,1,89,107.0,4.658895492553711,4.6582794189453125,-0.0006160736083984375
22,1,90,217.0,3.256716728210449,3.254518747329712,-0.0021979808807373047
22,1,91,199.0,3.479922294616699,3.4817447662353516,0.0018224716186523438
22,1,92,84.0,2.9870519638061523,2.9838831424713135,-0.003168821334838867
22,1,93,271.0,4.167789459228516,4.171928882598877,0.004139423370361328
22,1,94,226.0,3.797963857650757,3.794893741607666,-0.0030701160430908203
22,1,95,258.0,4.302313327789307,4.298515319824219,-0.0037980079650878906
22,1,96,86.0,4.009377479553223,4.010165691375732,0.0007882118225097656
22,1,97,142.0,4.886353492736816,4.886505126953125,0.00015163421630859375
22,1,98,42.0,4.73474645614624,4.737835884094238,0.003089427947998047
22,1,99,224.0,3.053419828414917,3.05340576171875,-1.4066696166992188e-05
22,1,100,197.0,2.6848225593566895,2.686053991317749,0.0012314319610595703
22,1,101,85.0,3.080362558364868,3.087614059448242,0.0072515010833740234
22,1,102,195.0,3.4633231163024902,3.459963798522949,-0.0033593177795410156
22,1,103,102.0,4.20768404006958,4.206246852874756,-0.0014371871948242188
22,1,104,181.0,3.711848735809326,3.7150235176086426,0.0031747817993164062
22,1,105,72.0,2.723045587539673,2.7245919704437256,0.0015463829040527344
22,1,106,130.0,4.976626396179199,4.975031852722168,-0.00159454345703125
22,1,107,62.0,3.1819393634796143,3.1776609420776367,-0.004278421401977539
22,1,108,263.0,4.0605854988098145,4.058128833770752,-0.0024566650390625
22,1,109,194.0,3.1560444831848145,3.1501481533050537,-0.005896329879760742
22,1,110,174.0,3.211611032485962,3.216244697570801,0.004633665084838867
22,1,111,235.0,4.168798446655273,4.165938377380371,-0.0028600692749023438
22,1,112,143.0,4.279087066650391,4.280928611755371,0.0018415451049804688
22,1,113,117.0,4.890145778656006,4.885596752166748,-0.0045490264892578125
22,1,114,160.0,4.253233909606934,4.2494683265686035,-0.003765583038330078
22,1,115,115.0,3.9266409873962402,3.926928997039795,0.0002880096435546875
22,1,116,120.0,3.8633739948272705,3.867182970046997,0.0038089752197265625
22,1,117,186.0,4.1213459968566895,4.120052337646484,-0.0012936592102050781
22,1,118,138.0,3.296036958694458,3.2943990230560303,-0.0016379356384277344
22,1,119,80.0,3.554978847503662,3.5533816814422607,-0.0015971660614013672
22,1,120,164.0,3.3612916469573975,3.3540210723876953,-0.0072705745697021484
22,1,121,215.0,3.762061357498169,3.761784076690674,-0.0002772808074951172
22,1,122,81.0,3.60632061958313,3.6021389961242676,-0.004181623458862305
22,1,123,171.0,3.4178876876831055,3.4161274433135986,-0.001760244369506836
22,1,124,41.0,4.780884742736816,4.78468132019043,0.0037965774536132812
22,1,125,103.0,4.1708221435546875,4.174664497375488,0.0038423538208007812
22,1,126,145.0,3.385586977005005,3.392998695373535,0.0074117183685302734
22,1,127,102.0,3.511989116668701,3.5125248432159424,0.0005357265472412109
22,1,128,157.0,4.545989513397217,4.550070762634277,0.004081249237060547
22,1,129,161.0,3.612820625305176,3.6072323322296143,-0.0055882930755615234
22,1,130,248.0,3.595446825027466,3.6046926975250244,0.009245872497558594
22,1,131,240.0,4.314742088317871,4.3186235427856445,0.0038814544677734375
22,1,132,284.0,3.515221118927002,3.5131452083587646,-0.0020759105682373047
22,1,133,105.0,5.547122001647949,5.549712657928467,0.002590656280517578
22,1,134,72.0,3.6292827129364014,3.6298153400421143,0.0005326271057128906
22,1,135,86.0,3.9638190269470215,3.9713783264160156,0.007559299468994141
22,1,136,120.0,3.225938320159912,3.2255282402038574,-0.0004100799560546875
22,1,137,64.0,3.684243679046631,3.6929428577423096,0.008699178695678711
22,1,138,220.0,2.8231959342956543,2.8274130821228027,0.0042171478271484375
22,1,139,92.0,2.984248638153076,2.9808356761932373,-0.003412961959838867
22,1,140,180.0,3.4170660972595215,3.414436101913452,-0.002629995346069336
22,1,141,95.0,3.5693070888519287,3.5596320629119873,-0.009675025939941406
22,1,142,72.0,5.436267852783203,5.434746742248535,-0.0015211105346679688
22,1,143,152.0,4.664964199066162,4.665741920471191,0.0007777214050292969
22,1,144,170.0,3.2575697898864746,3.2589871883392334,0.001417398452758789
22,1,145,56.0,4.233151912689209,4.231877326965332,-0.0012745857238769531
22,1,146,174.0,3.632305860519409,3.634110450744629,0.0018045902252197266
22,1,147,191.0,3.26232647895813,3.2645294666290283,0.0022029876708984375
22,1,148,279.0,3.7231252193450928,3.7216901779174805,-0.0014350414276123047
22,1,149,98.0,3.6501717567443848,3.655677556991577,0.005505800247192383
22,1,150,50.0,3.987290143966675,3.989241123199463,0.001950979232788086
22,1,151,61.0,3.207566976547241,3.2127461433410645,0.005179166793823242
22,1,152,208.0,2.833768367767334,2.830624580383301,-0.003143787384033203
22,1,153,124.0,3.7818057537078857,3.7806167602539062,-0.0011889934539794922
22,1,154,128.0,3.3032331466674805,3.3060495853424072,0.002816438674926758
22,1,155,250.0,4.603071212768555,4.608249187469482,0.005177974700927734
22,1,156,239.0,2.621934175491333,2.619164228439331,-0.002769947052001953
22,1,157,164.0,2.8648641109466553,2.8621363639831543,-0.0027277469635009766
22,1,158,42.0,4.671477317810059,4.677874565124512,0.006397247314453125
22,1,159,200.0,4.007006645202637,4.006637096405029,-0.0003695487976074219
22,1,160,209.0,3.638150215148926,3.6360294818878174,-0.0021207332611083984
22,1,161,206.0,3.6040756702423096,3.606541395187378,0.0024657249450683594
22,1,162,139.0,4.383498191833496,4.385303974151611,0.0018057823181152344
22,1,163,76.0,3.7987864017486572,3.797785758972168,-0.0010006427764892578
22,1,164,232.0,3.892338275909424,3.8873674869537354,-0.0049707889556884766
22,1,165,235.0,3.9155564308166504,3.9130959510803223,-0.002460479736328125
22,1,166,49.0,4.228317737579346,4.232630729675293,0.004312992095947266
22,1,167,138.0,3.473930835723877,3.473874807357788,-5.602836608886719e-05
22,1,168,60.0,3.808337450027466,3.8168070316314697,0.008469581604003906
22,1,169,146.0,4.041977882385254,4.043452739715576,0.0014748573303222656
22,1,170,57.0,4.420210838317871,4.418625831604004,-0.0015850067138671875
22,1,171,135.0,3.909317970275879,3.903564453125,-0.005753517150878906
22,1,172,113.0,3.19097638130188,3.1842846870422363,-0.006691694259643555
22,1,173,208.0,4.171577453613281,4.172295570373535,0.0007181167602539062
22,1,174,195.0,2.116305112838745,2.116403341293335,9.822845458984375e-05
22,1,175,137.0,3.9520905017852783,3.9484708309173584,-0.003619670867919922
22,1,176,91.0,4.97736120223999,4.9744873046875,-0.0028738975524902344
22,1,177,66.0,3.994100332260132,3.9902329444885254,-0.0038673877716064453
22,1,178,173.0,3.3507070541381836,3.3537251949310303,0.0030181407928466797
22,1,179,89.0,5.353647708892822,5.352502346038818,-0.0011453628540039062
22,1,180,231.0,3.6613731384277344,3.6615915298461914,0.00021839141845703125
22,1,181,71.0,5.397938251495361,5.394627571105957,-0.003310680389404297
22,1,182,98.0,3.963383674621582,3.965482234954834,0.002098560333251953
22,1,183,215.0,1.998246431350708,1.9966660737991333,-0.001580357551574707
22,1,184,159.0,4.383580684661865,4.384559154510498,0.0009784698486328125
22,1,185,86.0,3.697986602783203,3.6966516971588135,-0.0013349056243896484
22,1,186,92.0,3.4445607662200928,3.437894344329834,-0.006666421890258789
22,1,187,51.0,5.179178714752197,5.180476188659668,0.0012974739074707031
22,1,188,86.0,4.734201908111572,4.730794906616211,-0.003407001495361328
22,1,189,132.0,3.6938047409057617,3.6984305381774902,0.004625797271728516
22,1,190,214.0,3.9561617374420166,3.95705246925354,0.0008907318115234375
22,1,191,139.0,4.121965408325195,4.120176315307617,-0.001789093017578125
22,1,192,89.0,3.4952480792999268,3.4931695461273193,-0.002078533172607422
22,1,193,102.0,4.782958507537842,4.78338098526001,0.00042247772216796875
22,1,194,156.0,2.6015143394470215,2.6002793312072754,-0.0012350082397460938
22,1,195,87.0,3.839608669281006,3.8427839279174805,0.0031752586364746094
22,1,196,175.0,3.2536110877990723,3.2531449794769287,-0.0004661083221435547
22,1,197,136.0,2.3385791778564453,2.337205648422241,-0.0013735294342041016
22,1,198,54.0,3.781459093093872,3.7793641090393066,-0.0020949840545654297
22,1,199,71.0,4.556375980377197,4.55893611907959,0.002560138702392578
22,1,200,43.0,4.562034606933594,4.561539649963379,-0.0004949569702148438
22,1,201,200.0,3.3231818675994873,3.323269844055176,8.797645568847656e-05
22,1,202,60.0,3.5167155265808105,3.5104575157165527,-0.0062580108642578125
22,1,203,220.0,3.437206983566284,3.4373698234558105,0.0001628398895263672
22,1,204,160.0,4.1729278564453125,4.17594575881958,0.003017902374267578
22,1,205,46.0,3.025144100189209,3.026254415512085,0.0011103153228759766
22,1,206,189.0,3.507356882095337,3.507596015930176,0.0002391338348388672
22,1,207,69.0,4.68245792388916,4.68466854095459,0.0022106170654296875
22,1,208,164.0,2.968637228012085,2.9678525924682617,-0.0007846355438232422
22,1,209,121.0,3.6657907962799072,3.6563639640808105,-0.00942683219909668
22,1,210,453.0,5.465768337249756,5.466860294342041,0.0010919570922851562
22,1,211,167.0,3.817554473876953,3.8186824321746826,0.0011279582977294922
22,1,212,79.0,3.6519949436187744,3.6574065685272217,0.005411624908447266
22,1,213,64.0,4.473271369934082,4.484652996063232,0.01138162612915039
22,1,214,214.0,3.5177533626556396,3.516463041305542,-0.0012903213500976562
22,1,215,42.0,4.581282615661621,4.585495471954346,0.004212856292724609
22,1,216,85.0,4.406545639038086,4.4133477210998535,0.006802082061767578
22,1,217,45.0,4.909335136413574,4.912357330322266,0.0030221939086914062
22,1,218,96.0,4.346060276031494,4.344566822052002,-0.0014934539794921875
22,1,219,40.0,3.466945171356201,3.4730210304260254,0.006075859069824219
22,1,220,66.0,4.6993865966796875,4.697220325469971,-0.002166271209716797
22,1,221,262.0,3.4376049041748047,3.4378437995910645,0.00023889541625976562
22,1,222,32.0,4.6173553466796875,4.621114253997803,0.0037589073181152344
22,1,223,33.0,4.931256294250488,4.940369606018066,0.009113311767578125
22,1,224,139.0,2.1582767963409424,2.161102056503296,0.0028252601623535156
22,1,225,84.0,4.020323753356934,4.019414901733398,-0.0009088516235351562
22,1,226,46.0,3.709413528442383,3.7114503383636475,0.0020368099212646484
22,1,227,121.0,4.181075572967529,4.179736614227295,-0.001338958740234375
22,1,228,67.0,3.140568971633911,3.1478219032287598,0.007252931594848633
22,1,229,187.0,3.8881711959838867,3.8869144916534424,-0.001256704330444336
22,1,230,40.0,4.873936176300049,4.8692522048950195,-0.004683971405029297
22,1,231,91.0,3.998016119003296,4.00223445892334,0.004218339920043945
22,1,232,52.0,4.4449782371521,4.447564125061035,0.002585887908935547
22,1,233,49.0,4.133476257324219,4.134783744812012,0.0013074874877929688
22,1,234,261.0,3.079342842102051,3.0815844535827637,0.0022416114807128906
22,1,235,59.0,4.072587490081787,4.073362350463867,0.0007748603820800781
22,1,236,132.0,4.054989814758301,4.061126708984375,0.006136894226074219
22,1,237,136.0,3.4520623683929443,3.461068630218506,0.009006261825561523
22,1,238,210.0,3.7005720138549805,3.699744701385498,-0.0008273124694824219
22,1,239,258.0,3.6856272220611572,3.6814041137695312,-0.0042231082916259766
22,1,240,203.0,3.5238258838653564,3.5250067710876465,0.001180887222290039
22,1,241,198.0,3.3618428707122803,3.3640666007995605,0.0022237300872802734
22,1,242,85.0,3.468600034713745,3.4669992923736572,-0.0016007423400878906
22,1,243,85.0,2.1469109058380127,2.1484382152557373,0.0015273094177246094
22,1,244,93.0,4.847414970397949,4.853390216827393,0.005975246429443359
22,1,245,68.0,4.8312296867370605,4.833750247955322,0.0025205612182617188
22,1,246,58.0,4.302565574645996,4.305166244506836,0.0026006698608398438
22,1,247,187.0,3.1594748497009277,3.1599671840667725,0.0004923343658447266
22,1,248,64.0,2.745805263519287,2.7461392879486084,0.00033402442932128906
22,1,249,100.0,3.3120670318603516,3.307396650314331,-0.004670381546020508
22,1,250,151.0,3.886031150817871,3.8893864154815674,0.003355264663696289
22,1,251,174.0,3.292135715484619,3.2903857231140137,-0.0017499923706054688
22,1,252,126.0,4.651801109313965,4.655369281768799,0.0035681724548339844
22,1,253,99.0,3.699761390686035,3.6998555660247803,9.417533874511719e-05
22,1,254,107.0,4.576633453369141,4.58201265335083,0.005379199981689453
22,1,255,116.0,3.825943946838379,3.826653242111206,0.0007092952728271484
22,2,0,196.0,3.98167085647583,3.9812569618225098,-0.0004138946533203125
22,2,1,127.0,3.705084800720215,3.7163548469543457,0.01127004623413086
22,2,2,162.0,2.4317469596862793,2.4387946128845215,0.0070476531982421875
22,2,3,92.0,5.154407501220703,5.16295862197876,0.00855112075805664
22,2,4,194.0,3.7261335849761963,3.735241174697876,0.009107589721679688
22,2,5,115.0,3.4317781925201416,3.430269956588745,-0.0015082359313964844
22,2,6,109.0,4.611254692077637,4.613510608673096,0.0022559165954589844
22,2,7,48.0,3.824559450149536,3.8438880443573,0.019328594207763672
22,2,8,69.0,4.333216190338135,4.342670440673828,0.00945425033569336
22,2,9,85.0,3.4889185428619385,3.4809932708740234,-0.007925271987915039
22,2,10,238.0,3.337062358856201,3.340359687805176,0.0032973289489746094
22,2,11,233.0,3.013906478881836,3.0204741954803467,0.006567716598510742
22,2,12,208.0,3.644038200378418,3.6377878189086914,-0.0062503814697265625
22,2,13,196.0,3.302739381790161,3.3034141063690186,0.0006747245788574219
22,2,14,131.0,3.989900827407837,3.9942681789398193,0.004367351531982422
22,2,15,125.0,3.2012383937835693,3.1984500885009766,-0.0027883052825927734
22,2,16,61.0,4.757500171661377,4.751143455505371,-0.006356716156005859
22,2,17,164.0,2.6241273880004883,2.621331214904785,-0.002796173095703125
22,2,18,107.0,3.8216171264648438,3.823500871658325,0.0018837451934814453
22,2,19,48.0,4.036356449127197,4.042977809906006,0.006621360778808594
22,2,20,74.0,2.6907341480255127,2.690797805786133,6.365776062011719e-05
22,2,21,103.0,2.9307749271392822,2.935760259628296,0.004985332489013672
22,2,22,114.0,3.8854269981384277,3.891998291015625,0.006571292877197266
22,2,23,50.0,6.480540752410889,6.488768100738525,0.008227348327636719
22,2,24,281.0,3.1489627361297607,3.1555206775665283,0.006557941436767578
22,2,25,247.0,2.5188822746276855,2.5231401920318604,0.004257917404174805
22,2,26,173.0,4.413876056671143,4.414690017700195,0.0008139610290527344
22,2,27,166.0,3.707796812057495,3.7111971378326416,0.0034003257751464844
22,2,28,98.0,3.151510238647461,3.1487302780151367,-0.0027799606323242188
22,2,29,174.0,3.586359739303589,3.5826780796051025,-0.003681659698486328
22,2,30,173.0,3.190525531768799,3.206132411956787,0.015606880187988281
22,2,31,215.0,4.340093612670898,4.336737632751465,-0.0033559799194335938
22,2,32,186.0,3.4789488315582275,3.4740383625030518,-0.004910469055175781
22,2,33,153.0,2.9326295852661133,2.9364607334136963,0.003831148147583008
22,2,34,147.0,4.1311798095703125,4.128231525421143,-0.002948284149169922
22,2,35,50.0,4.620577812194824,4.622816562652588,0.002238750457763672
22,2,36,86.0,3.942690134048462,3.958040714263916,0.015350580215454102
22,2,37,154.0,4.250033378601074,4.246392250061035,-0.0036411285400390625
22,2,38,265.0,2.933018684387207,2.936274290084839,0.003255605697631836
22,2,39,199.0,3.941709518432617,3.9450225830078125,0.0033130645751953125
22,2,40,138.0,4.430899620056152,4.42779541015625,-0.0031042098999023438
22,2,41,98.0,4.048152923583984,4.054043769836426,0.005890846252441406
22,2,42,167.0,2.98820424079895,2.9871041774749756,-0.0011000633239746094
22,2,43,288.0,4.51556396484375,4.52032995223999,0.004765987396240234
22,2,44,225.0,3.134540557861328,3.1319499015808105,-0.002590656280517578
22,2,45,191.0,3.475728988647461,3.4733145236968994,-0.0024144649505615234
22,2,46,92.0,5.071820259094238,5.0877532958984375,0.01593303680419922
22,2,47,41.0,5.766663551330566,5.768515110015869,0.0018515586853027344
22,2,48,231.0,3.4077651500701904,3.4121923446655273,0.004427194595336914
22,2,49,101.0,2.9521121978759766,2.955754280090332,0.0036420822143554688
22,2,50,177.0,3.6662821769714355,3.6659069061279297,-0.0003752708435058594
22,2,51,252.0,4.05861759185791,4.064006328582764,0.005388736724853516
22,2,52,259.0,3.3747026920318604,3.3783915042877197,0.003688812255859375
22,2,53,47.0,4.065746307373047,4.072969913482666,0.007223606109619141
22,2,54,164.0,2.495858669281006,2.50048828125,0.004629611968994141
22,2,55,94.0,4.066493034362793,4.068382740020752,0.0018897056579589844
22,2,56,103.0,4.11627721786499,4.126300811767578,0.01002359390258789
22,2,57,78.0,3.913255453109741,3.9257049560546875,0.012449502944946289
22,2,58,239.0,3.692802906036377,3.697726249694824,0.004923343658447266
22,2,59,271.0,4.881155014038086,4.882993698120117,0.00183868408203125
22,2,60,162.0,3.3450679779052734,3.343423843383789,-0.001644134521484375
22,2,61,179.0,3.870093584060669,3.8699779510498047,-0.00011563301086425781
22,2,62,218.0,3.1762454509735107,3.1753859519958496,-0.0008594989776611328
22,2,63,81.0,3.809858798980713,3.809718370437622,-0.0001404285430908203
22,2,64,93.0,4.687077522277832,4.700986862182617,0.013909339904785156
22,2,65,72.0,4.558295249938965,4.544297218322754,-0.013998031616210938
22,2,66,230.0,3.737887382507324,3.7298240661621094,-0.008063316345214844
22,2,67,99.0,3.1625142097473145,3.166822910308838,0.0043087005615234375
22,2,68,213.0,3.218388557434082,3.219224452972412,0.0008358955383300781
22,2,69,119.0,3.072978973388672,3.0806491374969482,0.007670164108276367
22,2,70,161.0,3.529710531234741,3.524965286254883,-0.0047452449798583984
22,2,71,90.0,4.394758224487305,4.394326210021973,-0.00043201446533203125
22,2,72,181.0,3.6989989280700684,3.706062078475952,0.007063150405883789
22,2,73,95.0,4.745315074920654,4.736204147338867,-0.00911092758178711
22,2,74,245.0,2.801177740097046,2.802182674407959,0.001004934310913086
22,2,75,93.0,2.319314956665039,2.321380853652954,0.002065896987915039
22,2,76,225.0,3.1077821254730225,3.111489772796631,0.0037076473236083984
22,2,77,61.0,4.027099132537842,4.0293169021606445,0.0022177696228027344
22,2,78,257.0,4.246406078338623,4.247729301452637,0.0013232231140136719
22,2,79,165.0,3.7203760147094727,3.7202396392822266,-0.00013637542724609375
22,2,80,117.0,4.752804279327393,4.74678373336792,-0.006020545959472656
22,2,81,89.0,4.279232025146484,4.274665832519531,-0.004566192626953125
22,2,82,291.0,4.08609676361084,4.094396591186523,0.008299827575683594
22,2,83,93.0,4.042176723480225,4.040324687957764,-0.0018520355224609375
22,2,84,228.0,2.8949825763702393,2.897411584854126,0.0024290084838867188
22,2,85,131.0,3.406266927719116,3.4001381397247314,-0.006128787994384766
22,2,86,191.0,4.77057409286499,4.783715724945068,0.013141632080078125
22,2,87,238.0,5.341985702514648,5.342458724975586,0.0004730224609375
22,2,88,210.0,3.7304000854492188,3.728834867477417,-0.0015652179718017578
22,2,89,107.0,4.658895492553711,4.653399467468262,-0.005496025085449219
22,2,90,217.0,3.256716728210449,3.2552011013031006,-0.0015156269073486328
22,2,91,199.0,3.479922294616699,3.4797351360321045,-0.00018715858459472656
22,2,92,84.0,2.9870519638061523,2.982213258743286,-0.004838705062866211
22,2,93,271.0,4.167789459228516,4.171411991119385,0.0036225318908691406
22,2,94,226.0,3.797963857650757,3.796597957611084,-0.0013659000396728516
22,2,95,258.0,4.302313327789307,4.308290958404541,0.005977630615234375
22,2,96,86.0,4.009377479553223,4.0114545822143555,0.0020771026611328125
22,2,97,142.0,4.886353492736816,4.893982887268066,0.00762939453125
22,2,98,42.0,4.73474645614624,4.737879276275635,0.0031328201293945312
22,2,99,224.0,3.053419828414917,3.0586838722229004,0.0052640438079833984
22,2,100,197.0,2.6848225593566895,2.68044376373291,-0.004378795623779297
22,2,101,85.0,3.080362558364868,3.0854010581970215,0.00503849983215332
22,2,102,195.0,3.4633231163024902,3.4581105709075928,-0.005212545394897461
22,2,103,102.0,4.20768404006958,4.205559730529785,-0.002124309539794922
22,2,104,181.0,3.711848735809326,3.7148656845092773,0.003016948699951172
22,2,105,72.0,2.723045587539673,2.7271854877471924,0.004139900207519531
22,2,106,130.0,4.976626396179199,4.970442295074463,-0.006184101104736328
22,2,107,62.0,3.1819393634796143,3.178612232208252,-0.0033271312713623047
22,2,108,263.0,4.0605854988098145,4.063090801239014,0.0025053024291992188
22,2,109,194.0,3.1560444831848145,3.155839681625366,-0.0002048015594482422
22,2,110,174.0,3.211611032485962,3.2186264991760254,0.0070154666900634766
22,2,111,235.0,4.168798446655273,4.163954734802246,-0.004843711853027344
22,2,112,143.0,4.279087066650391,4.281412124633789,0.0023250579833984375
22,2,113,117.0,4.890145778656006,4.890754699707031,0.0006089210510253906
22,2,114,160.0,4.253233909606934,4.253410816192627,0.00017690658569335938
22,2,115,115.0,3.9266409873962402,3.923224687576294,-0.003416299819946289
22,2,116,120.0,3.8633739948272705,3.872563123703003,0.009189128875732422
22,2,117,186.0,4.1213459968566895,4.129861354827881,0.008515357971191406
22,2,118,138.0,3.296036958694458,3.2956793308258057,-0.00035762786865234375
22,2,119,80.0,3.554978847503662,3.554589033126831,-0.0003898143768310547
22,2,120,164.0,3.3612916469573975,3.366182565689087,0.004890918731689453
22,2,121,215.0,3.762061357498169,3.7681379318237305,0.0060765743255615234
22,2,122,81.0,3.60632061958313,3.6052467823028564,-0.0010738372802734375
22,2,123,171.0,3.4178876876831055,3.4239683151245117,0.00608062744140625
22,2,124,41.0,4.780884742736816,4.781290054321289,0.00040531158447265625
22,2,125,103.0,4.1708221435546875,4.175566673278809,0.004744529724121094
22,2,126,145.0,3.385586977005005,3.394042730331421,0.008455753326416016
22,2,127,102.0,3.511989116668701,3.5205533504486084,0.008564233779907227
22,2,128,157.0,4.545989513397217,4.545235633850098,-0.0007538795471191406
22,2,129,161.0,3.612820625305176,3.6156063079833984,0.0027856826782226562
22,2,130,248.0,3.595446825027466,3.5974934101104736,0.0020465850830078125
22,2,131,240.0,4.314742088317871,4.323354721069336,0.008612632751464844
22,2,132,284.0,3.515221118927002,3.5189812183380127,0.003760099411010742
22,2,133,105.0,5.547122001647949,5.552585601806641,0.005463600158691406
22,2,134,72.0,3.6292827129364014,3.623230457305908,-0.006052255630493164
22,2,135,86.0,3.9638190269470215,3.973268985748291,0.009449958801269531
22,2,136,120.0,3.225938320159912,3.2333974838256836,0.007459163665771484
22,2,137,64.0,3.684243679046631,3.6811909675598145,-0.0030527114868164062
22,2,138,220.0,2.8231959342956543,2.8237416744232178,0.0005457401275634766
22,2,139,92.0,2.984248638153076,2.981367588043213,-0.0028810501098632812
22,2,140,180.0,3.4170660972595215,3.413667917251587,-0.0033981800079345703
22,2,141,95.0,3.5693070888519287,3.56817364692688,-0.0011334419250488281
22,2,142,72.0,5.436267852783203,5.443332672119141,0.0070648193359375
22,2,143,152.0,4.664964199066162,4.664649963378906,-0.0003142356872558594
22,2,144,170.0,3.2575697898864746,3.2630393505096436,0.005469560623168945
22,2,145,56.0,4.233151912689209,4.236074447631836,0.002922534942626953
22,2,146,174.0,3.632305860519409,3.637822389602661,0.005516529083251953
22,2,147,191.0,3.26232647895813,3.2720706462860107,0.00974416732788086
22,2,148,279.0,3.7231252193450928,3.7201719284057617,-0.0029532909393310547
22,2,149,98.0,3.6501717567443848,3.666419506072998,0.01624774932861328
22,2,150,50.0,3.987290143966675,3.9837098121643066,-0.003580331802368164
22,2,151,61.0,3.207566976547241,3.2207236289978027,0.013156652450561523
22,2,152,208.0,2.833768367767334,2.8423070907592773,0.00853872299194336
22,2,153,124.0,3.7818057537078857,3.7853500843048096,0.003544330596923828
22,2,154,128.0,3.3032331466674805,3.303173065185547,-6.008148193359375e-05
22,2,155,250.0,4.603071212768555,4.610419750213623,0.007348537445068359
22,2,156,239.0,2.621934175491333,2.6203653812408447,-0.0015687942504882812
22,2,157,164.0,2.8648641109466553,2.864795207977295,-6.890296936035156e-05
22,2,158,42.0,4.671477317810059,4.6833977699279785,0.011920452117919922
22,2,159,200.0,4.007006645202637,4.0051093101501465,-0.0018973350524902344
22,2,160,209.0,3.638150215148926,3.6380255222320557,-0.0001246929168701172
22,2,161,206.0,3.6040756702423096,3.6153743267059326,0.011298656463623047
22,2,162,139.0,4.383498191833496,4.391550540924072,0.008052349090576172
22,2,163,76.0,3.7987864017486572,3.7982847690582275,-0.0005016326904296875
22,2,164,232.0,3.892338275909424,3.8904967308044434,-0.0018415451049804688
22,2,165,235.0,3.9155564308166504,3.9142162799835205,-0.0013401508331298828
22,2,166,49.0,4.228317737579346,4.229536533355713,0.0012187957763671875
22,2,167,138.0,3.473930835723877,3.475268840789795,0.0013380050659179688
22,2,168,60.0,3.808337450027466,3.8415207862854004,0.03318333625793457
22,2,169,146.0,4.041977882385254,4.042860984802246,0.0008831024169921875
22,2,170,57.0,4.420210838317871,4.4238762855529785,0.003665447235107422
22,2,171,135.0,3.909317970275879,3.9106409549713135,0.0013229846954345703
22,2,172,113.0,3.19097638130188,3.1822762489318848,-0.008700132369995117
22,2,173,208.0,4.171577453613281,4.171467304229736,-0.00011014938354492188
22,2,174,195.0,2.116305112838745,2.116664409637451,0.0003592967987060547
22,2,175,137.0,3.9520905017852783,3.9520103931427,-8.0108642578125e-05
22,2,176,91.0,4.97736120223999,4.9851555824279785,0.007794380187988281
22,2,177,66.0,3.994100332260132,3.9858875274658203,-0.008212804794311523
22,2,178,173.0,3.3507070541381836,3.3483619689941406,-0.0023450851440429688
22,2,179,89.0,5.353647708892822,5.356947898864746,0.003300189971923828
22,2,180,231.0,3.6613731384277344,3.661179780960083,-0.0001933574676513672
22,2,181,71.0,5.397938251495361,5.394391059875488,-0.003547191619873047
22,2,182,98.0,3.963383674621582,3.973170042037964,0.009786367416381836
22,2,183,215.0,1.998246431350708,1.9980363845825195,-0.00021004676818847656
22,2,184,159.0,4.383580684661865,4.384590148925781,0.0010094642639160156
22,2,185,86.0,3.697986602783203,3.688002824783325,-0.00998377799987793
22,2,186,92.0,3.4445607662200928,3.4532978534698486,0.00873708724975586
22,2,187,51.0,5.179178714752197,5.172783374786377,-0.0063953399658203125
22,2,188,86.0,4.734201908111572,4.740107536315918,0.005905628204345703
22,2,189,132.0,3.6938047409057617,3.700436592102051,0.0066318511962890625
22,2,190,214.0,3.9561617374420166,3.9516587257385254,-0.004503011703491211
22,2,191,139.0,4.121965408325195,4.1335368156433105,0.011571407318115234
22,2,192,89.0,3.4952480792999268,3.4980993270874023,0.002851247787475586
22,2,193,102.0,4.782958507537842,4.78685998916626,0.0039014816284179688
22,2,194,156.0,2.6015143394470215,2.598839282989502,-0.0026750564575195312
22,2,195,87.0,3.839608669281006,3.849163293838501,0.009554624557495117
22,2,196,175.0,3.2536110877990723,3.25700306892395,0.0033919811248779297
22,2,197,136.0,2.3385791778564453,2.336726427078247,-0.0018527507781982422
22,2,198,54.0,3.781459093093872,3.7691664695739746,-0.012292623519897461
22,2,199,71.0,4.556375980377197,4.557735443115234,0.0013594627380371094
22,2,200,43.0,4.562034606933594,4.562240123748779,0.00020551681518554688
22,2,201,200.0,3.3231818675994873,3.3230206966400146,-0.00016117095947265625
22,2,202,60.0,3.5167155265808105,3.513658046722412,-0.0030574798583984375
22,2,203,220.0,3.437206983566284,3.437955617904663,0.0007486343383789062
22,2,204,160.0,4.1729278564453125,4.172170162200928,-0.0007576942443847656
22,2,205,46.0,3.025144100189209,3.027801275253296,0.002657175064086914
22,2,206,189.0,3.507356882095337,3.508500576019287,0.0011436939239501953
22,2,207,69.0,4.68245792388916,4.675765037536621,-0.0066928863525390625
22,2,208,164.0,2.968637228012085,2.959585189819336,-0.009052038192749023
22,2,209,121.0,3.6657907962799072,3.6700117588043213,0.0042209625244140625
22,2,210,453.0,5.465768337249756,5.465775012969971,6.67572021484375e-06
22,2,211,167.0,3.817554473876953,3.818451166152954,0.0008966922760009766
22,2,212,79.0,3.6519949436187744,3.6553587913513184,0.0033638477325439453
22,2,213,64.0,4.473271369934082,4.4835615158081055,0.010290145874023438
22,2,214,214.0,3.5177533626556396,3.519033193588257,0.0012798309326171875
22,2,215,42.0,4.581282615661621,4.585638999938965,0.00435638427734375
22,2,216,85.0,4.406545639038086,4.4130330085754395,0.006487369537353516
22,2,217,45.0,4.909335136413574,4.91587495803833,0.006539821624755859
22,2,218,96.0,4.346060276031494,4.354024410247803,0.007964134216308594
22,2,219,40.0,3.466945171356201,3.4839584827423096,0.0170133113861084
22,2,220,66.0,4.6993865966796875,4.706477165222168,0.007090568542480469
22,2,221,262.0,3.4376049041748047,3.447878837585449,0.010273933410644531
22,2,222,32.0,4.6173553466796875,4.645038604736328,0.027683258056640625
22,2,223,33.0,4.931256294250488,4.9355340003967285,0.004277706146240234
22,2,224,139.0,2.1582767963409424,2.1597540378570557,0.0014772415161132812
22,2,225,84.0,4.020323753356934,4.020532608032227,0.00020885467529296875
22,2,226,46.0,3.709413528442383,3.7156007289886475,0.0061872005462646484
22,2,227,121.0,4.181075572967529,4.179067134857178,-0.0020084381103515625
22,2,228,67.0,3.140568971633911,3.146366596221924,0.005797624588012695
22,2,229,187.0,3.8881711959838867,3.8805453777313232,-0.0076258182525634766
22,2,230,40.0,4.873936176300049,4.870223522186279,-0.0037126541137695312
22,2,231,91.0,3.998016119003296,4.0123982429504395,0.014382123947143555
22,2,232,52.0,4.4449782371521,4.4440507888793945,-0.0009274482727050781
22,2,233,49.0,4.133476257324219,4.136499881744385,0.0030236244201660156
22,2,234,261.0,3.079342842102051,3.078190565109253,-0.0011522769927978516
22,2,235,59.0,4.072587490081787,4.074503421783447,0.0019159317016601562
22,2,236,132.0,4.054989814758301,4.059153079986572,0.004163265228271484
22,2,237,136.0,3.4520623683929443,3.4534223079681396,0.0013599395751953125
22,2,238,210.0,3.7005720138549805,3.69797945022583,-0.0025925636291503906
22,2,239,258.0,3.6856272220611572,3.6794192790985107,-0.006207942962646484
22,2,240,203.0,3.5238258838653564,3.5242931842803955,0.0004673004150390625
22,2,241,198.0,3.3618428707122803,3.370994806289673,0.009151935577392578
22,2,242,85.0,3.468600034713745,3.4617443084716797,-0.00685572624206543
22,2,243,85.0,2.1469109058380127,2.1587717533111572,0.011860847473144531
22,2,244,93.0,4.847414970397949,4.862152576446533,0.014737606048583984
22,2,245,68.0,4.8312296867370605,4.839703559875488,0.008473873138427734
22,2,246,58.0,4.302565574645996,4.305393695831299,0.0028281211853027344
22,2,247,187.0,3.1594748497009277,3.157271385192871,-0.0022034645080566406
22,2,248,64.0,2.745805263519287,2.7440857887268066,-0.0017194747924804688
22,2,249,100.0,3.3120670318603516,3.304177761077881,-0.007889270782470703
22,2,250,151.0,3.886031150817871,3.8906586170196533,0.0046274662017822266
22,2,251,174.0,3.292135715484619,3.2947185039520264,0.0025827884674072266
22,2,252,126.0,4.651801109313965,4.645038604736328,-0.006762504577636719
22,2,253,99.0,3.699761390686035,3.7038185596466064,0.004057168960571289
22,2,254,107.0,4.576633453369141,4.584925651550293,0.008292198181152344
22,2,255,116.0,3.825943946838379,3.8381543159484863,0.012210369110107422
22,3,0,196.0,3.98167085647583,3.9836301803588867,0.0019593238830566406
22,3,1,127.0,3.705084800720215,3.7004895210266113,-0.004595279693603516
22,3,2,162.0,2.4317469596862793,2.434563398361206,0.002816438674926758
22,3,3,92.0,5.154407501220703,5.165640354156494,0.011232852935791016
22,3,4,194.0,3.7261335849761963,3.7274723052978516,0.0013387203216552734
22,3,5,115.0,3.4317781925201416,3.434908866882324,0.003130674362182617
22,3,6,109.0,4.611254692077637,4.615053653717041,0.003798961639404297
22,3,7,48.0,3.824559450149536,3.8232853412628174,-0.00127410888671875
22,3,8,69.0,4.333216190338135,4.33406400680542,0.0008478164672851562
22,3,9,85.0,3.4889185428619385,3.488790273666382,-0.00012826919555664062
22,3,10,238.0,3.337062358856201,3.3381569385528564,0.0010945796966552734
22,3,11,233.0,3.013906478881836,3.0194714069366455,0.00556492805480957
22,3,12,208.0,3.644038200378418,3.6412057876586914,-0.0028324127197265625
22,3,13,196.0,3.302739381790161,3.3034467697143555,0.0007073879241943359
22,3,14,131.0,3.989900827407837,3.990091323852539,0.00019049644470214844
22,3,15,125.0,3.2012383937835693,3.2015273571014404,0.00028896331787109375
22,3,16,61.0,4.757500171661377,4.754654884338379,-0.002845287322998047
22,3,17,164.0,2.6241273880004883,2.62218976020813,-0.0019376277923583984
22,3,18,107.0,3.8216171264648438,3.8298282623291016,0.008211135864257812
22,3,19,48.0,4.036356449127197,4.030965805053711,-0.005390644073486328
22,3,20,74.0,2.6907341480255127,2.6957807540893555,0.0050466060638427734
22,3,21,103.0,2.9307749271392822,2.9339425563812256,0.0031676292419433594
22,3,22,114.0,3.8854269981384277,3.885622501373291,0.00019550323486328125
22,3,23,50.0,6.480540752410889,6.486415863037109,0.005875110626220703
22,3,24,281.0,3.1489627361297607,3.152364730834961,0.0034019947052001953
22,3,25,247.0,2.5188822746276855,2.518728256225586,-0.00015401840209960938
22,3,26,173.0,4.413876056671143,4.416180610656738,0.002304553985595703
22,3,27,166.0,3.707796812057495,3.7094874382019043,0.0016906261444091797
22,3,28,98.0,3.151510238647461,3.1481621265411377,-0.003348112106323242
22,3,29,174.0,3.586359739303589,3.5832743644714355,-0.0030853748321533203
22,3,30,173.0,3.190525531768799,3.1918246746063232,0.001299142837524414
22,3,31,215.0,4.340093612670898,4.33224630355835,-0.007847309112548828
22,3,32,186.0,3.4789488315582275,3.4775242805480957,-0.001424551010131836
22,3,33,153.0,2.9326295852661133,2.9343788623809814,0.001749277114868164
22,3,34,147.0,4.1311798095703125,4.128803253173828,-0.002376556396484375
22,3,35,50.0,4.620577812194824,4.628654956817627,0.008077144622802734
22,3,36,86.0,3.942690134048462,3.9503464698791504,0.0076563358306884766
22,3,37,154.0,4.250033378601074,4.24738883972168,-0.0026445388793945312
22,3,38,265.0,2.933018684387207,2.9370319843292236,0.0040132999420166016
22,3,39,199.0,3.941709518432617,3.944193124771118,0.0024836063385009766
22,3,40,138.0,4.430899620056152,4.433722972869873,0.002823352813720703
22,3,41,98.0,4.048152923583984,4.047109603881836,-0.0010433197021484375
22,3,42,167.0,2.98820424079895,2.98936128616333,0.0011570453643798828
22,3,43,288.0,4.51556396484375,4.515776634216309,0.00021266937255859375
22,3,44,225.0,3.134540557861328,3.132167339324951,-0.002373218536376953
22,3,45,191.0,3.475728988647461,3.4682419300079346,-0.007487058639526367
22,3,46,92.0,5.071820259094238,5.063510894775391,-0.008309364318847656
22,3,47,41.0,5.766663551330566,5.76923131942749,0.002567768096923828
22,3,48,231.0,3.4077651500701904,3.4090359210968018,0.0012707710266113281
22,3,49,101.0,2.9521121978759766,2.960559844970703,0.008447647094726562
22,3,50,177.0,3.6662821769714355,3.6646876335144043,-0.00159454345703125
22,3,51,252.0,4.05861759185791,4.056269645690918,-0.0023479461669921875
22,3,52,259.0,3.3747026920318604,3.3770525455474854,0.002349853515625
22,3,53,47.0,4.065746307373047,4.070857048034668,0.005110740661621094
22,3,54,164.0,2.495858669281006,2.5005784034729004,0.004719734191894531
22,3,55,94.0,4.066493034362793,4.074132442474365,0.007639408111572266
22,3,56,103.0,4.11627721786499,4.113124847412109,-0.0031523704528808594
22,3,57,78.0,3.913255453109741,3.917588472366333,0.004333019256591797
22,3,58,239.0,3.692802906036377,3.6936185359954834,0.0008156299591064453
22,3,59,271.0,4.881155014038086,4.880659103393555,-0.00049591064453125
22,3,60,162.0,3.3450679779052734,3.346334934234619,0.0012669563293457031
22,3,61,179.0,3.870093584060669,3.871919631958008,0.0018260478973388672
22,3,62,218.0,3.1762454509735107,3.1799707412719727,0.003725290298461914
22,3,63,81.0,3.809858798980713,3.811002731323242,0.0011439323425292969
22,3,64,93.0,4.687077522277832,4.690606594085693,0.003529071807861328
22,3,65,72.0,4.558295249938965,4.554920196533203,-0.0033750534057617188
22,3,66,230.0,3.737887382507324,3.7336113452911377,-0.0042760372161865234
22,3,67,99.0,3.1625142097473145,3.1584630012512207,-0.00405120849609375
22,3,68,213.0,3.218388557434082,3.220688819885254,0.002300262451171875
22,3,69,119.0,3.072978973388672,3.076728343963623,0.003749370574951172
22,3,70,161.0,3.529710531234741,3.5309338569641113,0.0012233257293701172
22,3,71,90.0,4.394758224487305,4.394949913024902,0.00019168853759765625
22,3,72,181.0,3.6989989280700684,3.695467710494995,-0.003531217575073242
22,3,73,95.0,4.745315074920654,4.742855548858643,-0.0024595260620117188
22,3,74,245.0,2.801177740097046,2.8031253814697266,0.001947641372680664
22,3,75,93.0,2.319314956665039,2.3241496086120605,0.004834651947021484
22,3,76,225.0,3.1077821254730225,3.113892078399658,0.006109952926635742
22,3,77,61.0,4.027099132537842,4.031259059906006,0.0041599273681640625
22,3,78,257.0,4.246406078338623,4.24072265625,-0.005683422088623047
22,3,79,165.0,3.7203760147094727,3.7192344665527344,-0.0011415481567382812
22,3,80,117.0,4.752804279327393,4.749617099761963,-0.0031871795654296875
22,3,81,89.0,4.279232025146484,4.281192302703857,0.001960277557373047
22,3,82,291.0,4.08609676361084,4.0909037590026855,0.004806995391845703
22,3,83,93.0,4.042176723480225,4.0436320304870605,0.0014553070068359375
22,3,84,228.0,2.8949825763702393,2.8965539932250977,0.0015714168548583984
22,3,85,131.0,3.406266927719116,3.4040331840515137,-0.002233743667602539
22,3,86,191.0,4.77057409286499,4.77255916595459,0.0019850730895996094
22,3,87,238.0,5.341985702514648,5.3454694747924805,0.0034837722778320312
22,3,88,210.0,3.7304000854492188,3.7269222736358643,-0.003477811813354492
22,3,89,107.0,4.658895492553711,4.660226345062256,0.0013308525085449219
22,3,90,217.0,3.256716728210449,3.2521517276763916,-0.004565000534057617
22,3,91,199.0,3.479922294616699,3.480337381362915,0.0004150867462158203
22,3,92,84.0,2.9870519638061523,2.9809226989746094,-0.006129264831542969
22,3,93,271.0,4.167789459228516,4.166696548461914,-0.0010929107666015625
22,3,94,226.0,3.797963857650757,3.7947986125946045,-0.0031652450561523438
22,3,95,258.0,4.302313327789307,4.301154613494873,-0.0011587142944335938
22,3,96,86.0,4.009377479553223,4.012246608734131,0.002869129180908203
22,3,97,142.0,4.886353492736816,4.8842339515686035,-0.0021195411682128906
22,3,98,42.0,4.73474645614624,4.733689308166504,-0.0010571479797363281
22,3,99,224.0,3.053419828414917,3.0549120903015137,0.0014922618865966797
22,3,100,197.0,2.6848225593566895,2.686691999435425,0.0018694400787353516
22,3,101,85.0,3.080362558364868,3.081376791000366,0.0010142326354980469
22,3,102,195.0,3.4633231163024902,3.4669108390808105,0.0035877227783203125
22,3,103,102.0,4.20768404006958,4.200786113739014,-0.006897926330566406
22,3,104,181.0,3.711848735809326,3.7139761447906494,0.002127408981323242
22,3,105,72.0,2.723045587539673,2.7369956970214844,0.013950109481811523
22,3,106,130.0,4.976626396179199,4.981054782867432,0.004428386688232422
22,3,107,62.0,3.1819393634796143,3.182039499282837,0.00010013580322265625
22,3,108,263.0,4.0605854988098145,4.0576581954956055,-0.0029273033142089844
22,3,109,194.0,3.1560444831848145,3.159351348876953,0.003306865692138672
22,3,110,174.0,3.211611032485962,3.2182199954986572,0.0066089630126953125
22,3,111,235.0,4.168798446655273,4.166895389556885,-0.0019030570983886719
22,3,112,143.0,4.279087066650391,4.274569034576416,-0.004518032073974609
22,3,113,117.0,4.890145778656006,4.886724948883057,-0.0034208297729492188
22,3,114,160.0,4.253233909606934,4.252167224884033,-0.0010666847229003906
22,3,115,115.0,3.9266409873962402,3.9260971546173096,-0.0005438327789306641
22,3,116,120.0,3.8633739948272705,3.8674819469451904,0.004107952117919922
22,3,117,186.0,4.1213459968566895,4.120482921600342,-0.0008630752563476562
22,3,118,138.0,3.296036958694458,3.2940077781677246,-0.0020291805267333984
22,3,119,80.0,3.554978847503662,3.557849168777466,0.002870321273803711
22,3,120,164.0,3.3612916469573975,3.363898992538452,0.0026073455810546875
22,3,121,215.0,3.762061357498169,3.758866310119629,-0.003195047378540039
22,3,122,81.0,3.60632061958313,3.604846239089966,-0.0014743804931640625
22,3,123,171.0,3.4178876876831055,3.4193921089172363,0.0015044212341308594
22,3,124,41.0,4.780884742736816,4.774447441101074,-0.0064373016357421875
22,3,125,103.0,4.1708221435546875,4.173042297363281,0.00222015380859375
22,3,126,145.0,3.385586977005005,3.392068386077881,0.0064814090728759766
22,3,127,102.0,3.511989116668701,3.511068344116211,-0.0009207725524902344
22,3,128,157.0,4.545989513397217,4.548936367034912,0.0029468536376953125
22,3,129,161.0,3.612820625305176,3.611287832260132,-0.0015327930450439453
22,3,130,248.0,3.595446825027466,3.6021831035614014,0.006736278533935547
22,3,131,240.0,4.314742088317871,4.319416522979736,0.004674434661865234
22,3,132,284.0,3.515221118927002,3.514789581298828,-0.0004315376281738281
22,3,133,105.0,5.547122001647949,5.544045448303223,-0.0030765533447265625
22,3,134,72.0,3.6292827129364014,3.631216287612915,0.0019335746765136719
22,3,135,86.0,3.9638190269470215,3.9683752059936523,0.004556179046630859
22,3,136,120.0,3.225938320159912,3.2267532348632812,0.0008149147033691406
22,3,137,64.0,3.684243679046631,3.686039686203003,0.0017960071563720703
22,3,138,220.0,2.8231959342956543,2.826176881790161,0.002980947494506836
22,3,139,92.0,2.984248638153076,2.98673677444458,0.0024881362915039062
22,3,140,180.0,3.4170660972595215,3.4138598442077637,-0.0032062530517578125
22,3,141,95.0,3.5693070888519287,3.5696752071380615,0.0003681182861328125
22,3,142,72.0,5.436267852783203,5.435935020446777,-0.00033283233642578125
22,3,143,152.0,4.664964199066162,4.670209884643555,0.005245685577392578
22,3,144,170.0,3.2575697898864746,3.2587883472442627,0.001218557357788086
22,3,145,56.0,4.233151912689209,4.228457927703857,-0.0046939849853515625
22,3,146,174.0,3.632305860519409,3.6269149780273438,-0.00539088249206543
22,3,147,191.0,3.26232647895813,3.269994020462036,0.00766754150390625
22,3,148,279.0,3.7231252193450928,3.720106840133667,-0.0030183792114257812
22,3,149,98.0,3.6501717567443848,3.657635450363159,0.007463693618774414
22,3,150,50.0,3.987290143966675,3.987400531768799,0.00011038780212402344
22,3,151,61.0,3.207566976547241,3.2067911624908447,-0.0007758140563964844
22,3,152,208.0,2.833768367767334,2.833895444869995,0.0001270771026611328
22,3,153,124.0,3.7818057537078857,3.783417224884033,0.001611471176147461
22,3,154,128.0,3.3032331466674805,3.3067448139190674,0.003511667251586914
22,3,155,250.0,4.603071212768555,4.6071553230285645,0.004084110260009766
22,3,156,239.0,2.621934175491333,2.6214852333068848,-0.0004489421844482422
22,3,157,164.0,2.8648641109466553,2.865834951400757,0.0009708404541015625
22,3,158,42.0,4.671477317810059,4.686548233032227,0.015070915222167969
22,3,159,200.0,4.007006645202637,4.012327194213867,0.005320549011230469
22,3,160,209.0,3.638150215148926,3.640641927719116,0.0024917125701904297
22,3,161,206.0,3.6040756702423096,3.604520082473755,0.0004444122314453125
22,3,162,139.0,4.383498191833496,4.386379718780518,0.0028815269470214844
22,3,163,76.0,3.7987864017486572,3.797964334487915,-0.0008220672607421875
22,3,164,232.0,3.892338275909424,3.888126850128174,-0.00421142578125
22,3,165,235.0,3.9155564308166504,3.915109634399414,-0.0004467964172363281
22,3,166,49.0,4.228317737579346,4.232232093811035,0.003914356231689453
22,3,167,138.0,3.473930835723877,3.4706954956054688,-0.003235340118408203
22,3,168,60.0,3.808337450027466,3.8019216060638428,-0.006415843963623047
22,3,169,146.0,4.041977882385254,4.0413408279418945,-0.000637054443359375
22,3,170,57.0,4.420210838317871,4.415904998779297,-0.004305839538574219
22,3,171,135.0,3.909317970275879,3.909552574157715,0.0002346038818359375
22,3,172,113.0,3.19097638130188,3.1867735385894775,-0.004202842712402344
22,3,173,208.0,4.171577453613281,4.170743465423584,-0.0008339881896972656
22,3,174,195.0,2.116305112838745,2.117724657058716,0.0014195442199707031
22,3,175,137.0,3.9520905017852783,3.9564895629882812,0.00439906120300293
22,3,176,91.0,4.97736120223999,4.982553958892822,0.005192756652832031
22,3,177,66.0,3.994100332260132,3.9863975048065186,-0.007702827453613281
22,3,178,173.0,3.3507070541381836,3.3498013019561768,-0.0009057521820068359
22,3,179,89.0,5.353647708892822,5.347579479217529,-0.006068229675292969
22,3,180,231.0,3.6613731384277344,3.6581153869628906,-0.00325775146484375
22,3,181,71.0,5.397938251495361,5.4018378257751465,0.0038995742797851562
22,3,182,98.0,3.963383674621582,3.9641599655151367,0.0007762908935546875
22,3,183,215.0,1.998246431350708,1.9998153448104858,0.001568913459777832
22,3,184,159.0,4.383580684661865,4.385274410247803,0.0016937255859375
22,3,185,86.0,3.697986602783203,3.6976711750030518,-0.0003154277801513672
22,3,186,92.0,3.4445607662200928,3.448225259780884,0.0036644935607910156
22,3,187,51.0,5.179178714752197,5.174692153930664,-0.004486560821533203
22,3,188,86.0,4.734201908111572,4.741672515869141,0.007470607757568359
22,3,189,132.0,3.6938047409057617,3.6990280151367188,0.005223274230957031
22,3,190,214.0,3.9561617374420166,3.9553935527801514,-0.0007681846618652344
22,3,191,139.0,4.121965408325195,4.124292373657227,0.00232696533203125
22,3,192,89.0,3.4952480792999268,3.496034860610962,0.0007867813110351562
22,3,193,102.0,4.782958507537842,4.787644386291504,0.004685878753662109
22,3,194,156.0,2.6015143394470215,2.6055009365081787,0.0039865970611572266
22,3,195,87.0,3.839608669281006,3.84036922454834,0.0007605552673339844
22,3,196,175.0,3.2536110877990723,3.2480409145355225,-0.005570173263549805
22,3,197,136.0,2.3385791778564453,2.3407022953033447,0.002123117446899414
22,3,198,54.0,3.781459093093872,3.7869222164154053,0.005463123321533203
22,3,199,71.0,4.556375980377197,4.54813289642334,-0.008243083953857422
22,3,200,43.0,4.562034606933594,4.562374591827393,0.0003399848937988281
22,3,201,200.0,3.3231818675994873,3.3205087184906006,-0.0026731491088867188
22,3,202,60.0,3.5167155265808105,3.513068199157715,-0.003647327423095703
22,3,203,220.0,3.437206983566284,3.4412548542022705,0.004047870635986328
22,3,204,160.0,4.1729278564453125,4.1789422035217285,0.006014347076416016
22,3,205,46.0,3.025144100189209,3.026840925216675,0.0016968250274658203
22,3,206,189.0,3.507356882095337,3.5110206604003906,0.003663778305053711
22,3,207,69.0,4.68245792388916,4.6847991943359375,0.0023412704467773438
22,3,208,164.0,2.968637228012085,2.9646353721618652,-0.0040018558502197266
22,3,209,121.0,3.6657907962799072,3.663060426712036,-0.0027303695678710938
22,3,210,453.0,5.465768337249756,5.466729164123535,0.0009608268737792969
22,3,211,167.0,3.817554473876953,3.8188700675964355,0.0013155937194824219
22,3,212,79.0,3.6519949436187744,3.6570448875427246,0.005049943923950195
22,3,213,64.0,4.473271369934082,4.476726055145264,0.0034546852111816406
22,3,214,214.0,3.5177533626556396,3.519752264022827,0.0019989013671875
22,3,215,42.0,4.581282615661621,4.590615272521973,0.009332656860351562
22,3,216,85.0,4.406545639038086,4.412489414215088,0.005943775177001953
22,3,217,45.0,4.909335136413574,4.912216663360596,0.0028815269470214844
22,3,218,96.0,4.346060276031494,4.348340034484863,0.0022797584533691406
22,3,219,40.0,3.466945171356201,3.47009539604187,0.0031502246856689453
22,3,220,66.0,4.6993865966796875,4.698710918426514,-0.0006756782531738281
22,3,221,262.0,3.4376049041748047,3.4380054473876953,0.000400543212890625
22,3,222,32.0,4.6173553466796875,4.629979610443115,0.012624263763427734
22,3,223,33.0,4.931256294250488,4.938260078430176,0.0070037841796875
22,3,224,139.0,2.1582767963409424,2.155667304992676,-0.0026094913482666016
22,3,225,84.0,4.020323753356934,4.014835357666016,-0.005488395690917969
22,3,226,46.0,3.709413528442383,3.716991662979126,0.007578134536743164
22,3,227,121.0,4.181075572967529,4.179690837860107,-0.001384735107421875
22,3,228,67.0,3.140568971633911,3.141904592514038,0.0013356208801269531
22,3,229,187.0,3.8881711959838867,3.890101909637451,0.0019307136535644531
22,3,230,40.0,4.873936176300049,4.873470783233643,-0.00046539306640625
22,3,231,91.0,3.998016119003296,4.007229804992676,0.009213685989379883
22,3,232,52.0,4.4449782371521,4.450735092163086,0.005756855010986328
22,3,233,49.0,4.133476257324219,4.136902809143066,0.0034265518188476562
22,3,234,261.0,3.079342842102051,3.0782010555267334,-0.0011417865753173828
22,3,235,59.0,4.072587490081787,4.072738170623779,0.0001506805419921875
22,3,236,132.0,4.054989814758301,4.062191009521484,0.007201194763183594
22,3,237,136.0,3.4520623683929443,3.4554595947265625,0.003397226333618164
22,3,238,210.0,3.7005720138549805,3.7024624347686768,0.001890420913696289
22,3,239,258.0,3.6856272220611572,3.682908773422241,-0.0027184486389160156
22,3,240,203.0,3.5238258838653564,3.5264134407043457,0.002587556838989258
22,3,241,198.0,3.3618428707122803,3.3616037368774414,-0.0002391338348388672
22,3,242,85.0,3.468600034713745,3.4628515243530273,-0.0057485103607177734
22,3,243,85.0,2.1469109058380127,2.1520073413848877,0.005096435546875
22,3,244,93.0,4.847414970397949,4.855022430419922,0.007607460021972656
22,3,245,68.0,4.8312296867370605,4.832099914550781,0.0008702278137207031
22,3,246,58.0,4.302565574645996,4.302579402923584,1.3828277587890625e-05
22,3,247,187.0,3.1594748497009277,3.1637349128723145,0.004260063171386719
22,3,248,64.0,2.745805263519287,2.7453811168670654,-0.0004241466522216797
22,3,249,100.0,3.3120670318603516,3.3136675357818604,0.001600503921508789
22,3,250,151.0,3.886031150817871,3.8902668952941895,0.004235744476318359
22,3,251,174.0,3.292135715484619,3.2919890880584717,-0.00014662742614746094
22,3,252,126.0,4.651801109313965,4.653878688812256,0.0020775794982910156
22,3,253,99.0,3.699761390686035,3.707634449005127,0.007873058319091797
22,3,254,107.0,4.576633453369141,4.5833587646484375,0.006725311279296875
22,3,255,116.0,3.825943946838379,3.8274972438812256,0.0015532970428466797
22,4,0,196.0,3.98167085647583,3.979356527328491,-0.002314329147338867
22,4,1,127.0,3.705084800720215,3.7084922790527344,0.0034074783325195312
22,4,2,162.0,2.4317469596862793,2.4324865341186523,0.0007395744323730469
22,4,3,92.0,5.154407501220703,5.150897979736328,-0.003509521484375
22,4,4,194.0,3.7261335849761963,3.7300188541412354,0.0038852691650390625
22,4,5,115.0,3.4317781925201416,3.427797794342041,-0.003980398178100586
22,4,6,109.0,4.611254692077637,4.605127334594727,-0.006127357482910156
22,4,7,48.0,3.824559450149536,3.825272798538208,0.000713348388671875
22,4,8,69.0,4.333216190338135,4.337152481079102,0.003936290740966797
22,4,9,85.0,3.4889185428619385,3.4896111488342285,0.0006926059722900391
22,4,10,238.0,3.337062358856201,3.330766201019287,-0.0062961578369140625
22,4,11,233.0,3.013906478881836,3.0225677490234375,0.008661270141601562
22,4,12,208.0,3.644038200378418,3.6226000785827637,-0.021438121795654297
22,4,13,196.0,3.302739381790161,3.305091142654419,0.0023517608642578125
22,4,14,131.0,3.989900827407837,3.9949326515197754,0.0050318241119384766
22,4,15,125.0,3.2012383937835693,3.1997129917144775,-0.0015254020690917969
22,4,16,61.0,4.757500171661377,4.760012626647949,0.0025124549865722656
22,4,17,164.0,2.6241273880004883,2.616213083267212,-0.007914304733276367
22,4,18,107.0,3.8216171264648438,3.8126397132873535,-0.008977413177490234
22,4,19,48.0,4.036356449127197,4.028645038604736,-0.0077114105224609375
22,4,20,74.0,2.6907341480255127,2.695586919784546,0.004852771759033203
22,4,21,103.0,2.9307749271392822,2.9342403411865234,0.003465414047241211
22,4,22,114.0,3.8854269981384277,3.897632360458374,0.012205362319946289
22,4,23,50.0,6.480540752410889,6.470879077911377,-0.009661674499511719
22,4,24,281.0,3.1489627361297607,3.160043239593506,0.011080503463745117
22,4,25,247.0,2.5188822746276855,2.517195701599121,-0.0016865730285644531
22,4,26,173.0,4.413876056671143,4.416030406951904,0.0021543502807617188
22,4,27,166.0,3.707796812057495,3.700864553451538,-0.006932258605957031
22,4,28,98.0,3.151510238647461,3.1446423530578613,-0.006867885589599609
22,4,29,174.0,3.586359739303589,3.5923266410827637,0.005966901779174805
22,4,30,173.0,3.190525531768799,3.1963396072387695,0.005814075469970703
22,4,31,215.0,4.340093612670898,4.342080116271973,0.0019865036010742188
22,4,32,186.0,3.4789488315582275,3.4750123023986816,-0.0039365291595458984
22,4,33,153.0,2.9326295852661133,2.927394151687622,-0.005235433578491211
22,4,34,147.0,4.1311798095703125,4.135239601135254,0.004059791564941406
22,4,35,50.0,4.620577812194824,4.627627372741699,0.007049560546875
22,4,36,86.0,3.942690134048462,3.9478132724761963,0.005123138427734375
22,4,37,154.0,4.250033378601074,4.246047019958496,-0.003986358642578125
22,4,38,265.0,2.933018684387207,2.933582067489624,0.0005633831024169922
22,4,39,199.0,3.941709518432617,3.947042942047119,0.005333423614501953
22,4,40,138.0,4.430899620056152,4.417336940765381,-0.013562679290771484
22,4,41,98.0,4.048152923583984,4.043642044067383,-0.0045108795166015625
22,4,42,167.0,2.98820424079895,2.996650457382202,0.008446216583251953
22,4,43,288.0,4.51556396484375,4.514110088348389,-0.0014538764953613281
22,4,44,225.0,3.134540557861328,3.1361305713653564,0.0015900135040283203
22,4,45,191.0,3.475728988647461,3.4731297492980957,-0.0025992393493652344
22,4,46,92.0,5.071820259094238,5.0842719078063965,0.012451648712158203
22,4,47,41.0,5.766663551330566,5.786238670349121,0.019575119018554688
22,4,48,231.0,3.4077651500701904,3.408857583999634,0.0010924339294433594
22,4,49,101.0,2.9521121978759766,2.9623570442199707,0.01024484634399414
22,4,50,177.0,3.6662821769714355,3.668144941329956,0.0018627643585205078
22,4,51,252.0,4.05861759185791,4.05457067489624,-0.004046916961669922
22,4,52,259.0,3.3747026920318604,3.373854875564575,-0.0008478164672851562
22,4,53,47.0,4.065746307373047,4.071146011352539,0.0053997039794921875
22,4,54,164.0,2.495858669281006,2.5058157444000244,0.009957075119018555
22,4,55,94.0,4.066493034362793,4.061954021453857,-0.004539012908935547
22,4,56,103.0,4.11627721786499,4.118398189544678,0.0021209716796875
22,4,57,78.0,3.913255453109741,3.913402795791626,0.00014734268188476562
22,4,58,239.0,3.692802906036377,3.685049295425415,-0.007753610610961914
22,4,59,271.0,4.881155014038086,4.878549575805664,-0.002605438232421875
22,4,60,162.0,3.3450679779052734,3.3452792167663574,0.00021123886108398438
22,4,61,179.0,3.870093584060669,3.86978816986084,-0.00030541419982910156
22,4,62,218.0,3.1762454509735107,3.1900086402893066,0.013763189315795898
22,4,63,81.0,3.809858798980713,3.8055548667907715,-0.004303932189941406
22,4,64,93.0,4.687077522277832,4.695394039154053,0.008316516876220703
22,4,65,72.0,4.558295249938965,4.556221008300781,-0.0020742416381835938
22,4,66,230.0,3.737887382507324,3.7374236583709717,-0.00046372413635253906
22,4,67,99.0,3.1625142097473145,3.166522741317749,0.00400853157043457
22,4,68,213.0,3.218388557434082,3.214151382446289,-0.004237174987792969
22,4,69,119.0,3.072978973388672,3.0751378536224365,0.0021588802337646484
22,4,70,161.0,3.529710531234741,3.52227520942688,-0.007435321807861328
22,4,71,90.0,4.394758224487305,4.395035266876221,0.0002770423889160156
22,4,72,181.0,3.6989989280700684,3.701833486557007,0.0028345584869384766
22,4,73,95.0,4.745315074920654,4.740032196044922,-0.005282878875732422
22,4,74,245.0,2.801177740097046,2.8018953800201416,0.0007176399230957031
22,4,75,93.0,2.319314956665039,2.3214449882507324,0.0021300315856933594
22,4,76,225.0,3.1077821254730225,3.1159822940826416,0.00820016860961914
22,4,77,61.0,4.027099132537842,4.028026580810547,0.0009274482727050781
22,4,78,257.0,4.246406078338623,4.245426654815674,-0.0009794235229492188
22,4,79,165.0,3.7203760147094727,3.7213852405548096,0.001009225845336914
22,4,80,117.0,4.752804279327393,4.748358249664307,-0.0044460296630859375
22,4,81,89.0,4.279232025146484,4.275668144226074,-0.0035638809204101562
22,4,82,291.0,4.08609676361084,4.08427619934082,-0.0018205642700195312
22,4,83,93.0,4.042176723480225,4.019447326660156,-0.02272939682006836
22,4,84,228.0,2.8949825763702393,2.9009552001953125,0.005972623825073242
22,4,85,131.0,3.406266927719116,3.4010000228881836,-0.005266904830932617
22,4,86,191.0,4.77057409286499,4.781205177307129,0.010631084442138672
22,4,87,238.0,5.341985702514648,5.347069263458252,0.005083560943603516
22,4,88,210.0,3.7304000854492188,3.725701093673706,-0.004698991775512695
22,4,89,107.0,4.658895492553711,4.65814733505249,-0.0007481575012207031
22,4,90,217.0,3.256716728210449,3.259472608566284,0.002755880355834961
22,4,91,199.0,3.479922294616699,3.478909969329834,-0.0010123252868652344
22,4,92,84.0,2.9870519638061523,2.9989609718322754,0.011909008026123047
22,4,93,271.0,4.167789459228516,4.171896934509277,0.004107475280761719
22,4,94,226.0,3.797963857650757,3.798229694366455,0.0002658367156982422
22,4,95,258.0,4.302313327789307,4.304635524749756,0.0023221969604492188
22,4,96,86.0,4.009377479553223,4.003918647766113,-0.005458831787109375
22,4,97,142.0,4.886353492736816,4.901444435119629,0.0150909423828125
22,4,98,42.0,4.73474645614624,4.735817909240723,0.0010714530944824219
22,4,99,224.0,3.053419828414917,3.0524520874023438,-0.0009677410125732422
22,4,100,197.0,2.6848225593566895,2.688880205154419,0.004057645797729492
22,4,101,85.0,3.080362558364868,3.0821878910064697,0.0018253326416015625
22,4,102,195.0,3.4633231163024902,3.4624736309051514,-0.0008494853973388672
22,4,103,102.0,4.20768404006958,4.209219932556152,0.0015358924865722656
22,4,104,181.0,3.711848735809326,3.7068490982055664,-0.004999637603759766
22,4,105,72.0,2.723045587539673,2.716169834136963,-0.006875753402709961
22,4,106,130.0,4.976626396179199,4.980480194091797,0.0038537979125976562
22,4,107,62.0,3.1819393634796143,3.1777799129486084,-0.004159450531005859
22,4,108,263.0,4.0605854988098145,4.0591020584106445,-0.0014834403991699219
22,4,109,194.0,3.1560444831848145,3.155529260635376,-0.0005152225494384766
22,4,110,174.0,3.211611032485962,3.21734619140625,0.005735158920288086
22,4,111,235.0,4.168798446655273,4.169710636138916,0.0009121894836425781
22,4,112,143.0,4.279087066650391,4.260331630706787,-0.018755435943603516
22,4,113,117.0,4.890145778656006,4.906758785247803,0.016613006591796875
22,4,114,160.0,4.253233909606934,4.255593299865723,0.0023593902587890625
22,4,115,115.0,3.9266409873962402,3.9303958415985107,0.003754854202270508
22,4,116,120.0,3.8633739948272705,3.858076572418213,-0.005297422409057617
22,4,117,186.0,4.1213459968566895,4.1154632568359375,-0.005882740020751953
22,4,118,138.0,3.296036958694458,3.3007545471191406,0.004717588424682617
22,4,119,80.0,3.554978847503662,3.552229642868042,-0.002749204635620117
22,4,120,164.0,3.3612916469573975,3.3676981925964355,0.006406545639038086
22,4,121,215.0,3.762061357498169,3.7539215087890625,-0.008139848709106445
22,4,122,81.0,3.60632061958313,3.6214256286621094,0.015105009078979492
22,4,123,171.0,3.4178876876831055,3.410231113433838,-0.007656574249267578
22,4,124,41.0,4.780884742736816,4.785733222961426,0.004848480224609375
22,4,125,103.0,4.1708221435546875,4.170772075653076,-5.0067901611328125e-05
22,4,126,145.0,3.385586977005005,3.3907651901245117,0.005178213119506836
22,4,127,102.0,3.511989116668701,3.5043652057647705,-0.007623910903930664
22,4,128,157.0,4.545989513397217,4.543877124786377,-0.0021123886108398438
22,4,129,161.0,3.612820625305176,3.607755184173584,-0.005065441131591797
22,4,130,248.0,3.595446825027466,3.6121976375579834,0.016750812530517578
22,4,131,240.0,4.314742088317871,4.32182502746582,0.007082939147949219
22,4,132,284.0,3.515221118927002,3.5169613361358643,0.0017402172088623047
22,4,133,105.0,5.547122001647949,5.545956134796143,-0.0011658668518066406
22,4,134,72.0,3.6292827129364014,3.6169612407684326,-0.01232147216796875
22,4,135,86.0,3.9638190269470215,3.9587252140045166,-0.005093812942504883
22,4,136,120.0,3.225938320159912,3.2372820377349854,0.011343717575073242
22,4,137,64.0,3.684243679046631,3.6826300621032715,-0.001613616943359375
22,4,138,220.0,2.8231959342956543,2.8330371379852295,0.009841203689575195
22,4,139,92.0,2.984248638153076,2.9772262573242188,-0.007022380828857422
22,4,140,180.0,3.4170660972595215,3.4192631244659424,0.0021970272064208984
22,4,141,95.0,3.5693070888519287,3.58221697807312,0.012909889221191406
22,4,142,72.0,5.436267852783203,5.445650100708008,0.009382247924804688
22,4,143,152.0,4.664964199066162,4.664269924163818,-0.00069427490234375
22,4,144,170.0,3.2575697898864746,3.2682864665985107,0.010716676712036133
22,4,145,56.0,4.233151912689209,4.245017051696777,0.01186513900756836
22,4,146,174.0,3.632305860519409,3.641998291015625,0.00969243049621582
22,4,147,191.0,3.26232647895813,3.2647902965545654,0.002463817596435547
22,4,148,279.0,3.7231252193450928,3.718527317047119,-0.004597902297973633
22,4,149,98.0,3.6501717567443848,3.660238265991211,0.010066509246826172
22,4,150,50.0,3.987290143966675,3.9608407020568848,-0.02644944190979004
22,4,151,61.0,3.207566976547241,3.203078269958496,-0.004488706588745117
22,4,152,208.0,2.833768367767334,2.8329508304595947,-0.0008175373077392578
22,4,153,124.0,3.7818057537078857,3.793394088745117,0.011588335037231445
22,4,154,128.0,3.3032331466674805,3.301544666290283,-0.0016884803771972656
22,4,155,250.0,4.603071212768555,4.612617015838623,0.00954580307006836
22,4,156,239.0,2.621934175491333,2.6210579872131348,-0.0008761882781982422
22,4,157,164.0,2.8648641109466553,2.8624653816223145,-0.0023987293243408203
22,4,158,42.0,4.671477317810059,4.673363208770752,0.0018858909606933594
22,4,159,200.0,4.007006645202637,4.018006801605225,0.01100015640258789
22,4,160,209.0,3.638150215148926,3.6427197456359863,0.004569530487060547
22,4,161,206.0,3.6040756702423096,3.610058546066284,0.005982875823974609
22,4,162,139.0,4.383498191833496,4.397851467132568,0.014353275299072266
22,4,163,76.0,3.7987864017486572,3.8035080432891846,0.004721641540527344
22,4,164,232.0,3.892338275909424,3.889192581176758,-0.0031456947326660156
22,4,165,235.0,3.9155564308166504,3.92520809173584,0.009651660919189453
22,4,166,49.0,4.228317737579346,4.248269081115723,0.019951343536376953
22,4,167,138.0,3.473930835723877,3.468982696533203,-0.004948139190673828
22,4,168,60.0,3.808337450027466,3.855818748474121,0.04748129844665527
22,4,169,146.0,4.041977882385254,4.038562774658203,-0.0034151077270507812
22,4,170,57.0,4.420210838317871,4.4210710525512695,0.0008602142333984375
22,4,171,135.0,3.909317970275879,3.9021105766296387,-0.007207393646240234
22,4,172,113.0,3.19097638130188,3.18021821975708,-0.010758161544799805
22,4,173,208.0,4.171577453613281,4.138700008392334,-0.032877445220947266
22,4,174,195.0,2.116305112838745,2.1148228645324707,-0.001482248306274414
22,4,175,137.0,3.9520905017852783,3.9536876678466797,0.0015971660614013672
22,4,176,91.0,4.97736120223999,4.993593692779541,0.01623249053955078
22,4,177,66.0,3.994100332260132,3.9888393878936768,-0.005260944366455078
22,4,178,173.0,3.3507070541381836,3.3513875007629395,0.0006804466247558594
22,4,179,89.0,5.353647708892822,5.354725360870361,0.0010776519775390625
22,4,180,231.0,3.6613731384277344,3.6611175537109375,-0.000255584716796875
22,4,181,71.0,5.397938251495361,5.380342960357666,-0.017595291137695312
22,4,182,98.0,3.963383674621582,3.980302572250366,0.01691889762878418
22,4,183,215.0,1.998246431350708,1.9961122274398804,-0.0021342039108276367
22,4,184,159.0,4.383580684661865,4.382910251617432,-0.0006704330444335938
22,4,185,86.0,3.697986602783203,3.7054805755615234,0.0074939727783203125
22,4,186,92.0,3.4445607662200928,3.4708821773529053,0.0263214111328125
22,4,187,51.0,5.179178714752197,5.174378871917725,-0.004799842834472656
22,4,188,86.0,4.734201908111572,4.733640193939209,-0.0005617141723632812
22,4,189,132.0,3.6938047409057617,3.697904348373413,0.004099607467651367
22,4,190,214.0,3.9561617374420166,3.962459087371826,0.00629734992980957
22,4,191,139.0,4.121965408325195,4.109605312347412,-0.012360095977783203
22,4,192,89.0,3.4952480792999268,3.4846761226654053,-0.010571956634521484
22,4,193,102.0,4.782958507537842,4.783210754394531,0.0002522468566894531
22,4,194,156.0,2.6015143394470215,2.6062211990356445,0.004706859588623047
22,4,195,87.0,3.839608669281006,3.8330955505371094,-0.006513118743896484
22,4,196,175.0,3.2536110877990723,3.2550432682037354,0.001432180404663086
22,4,197,136.0,2.3385791778564453,2.3340444564819336,-0.004534721374511719
22,4,198,54.0,3.781459093093872,3.786447048187256,0.004987955093383789
22,4,199,71.0,4.556375980377197,4.557262897491455,0.0008869171142578125
22,4,200,43.0,4.562034606933594,4.560275554656982,-0.0017590522766113281
22,4,201,200.0,3.3231818675994873,3.331265926361084,0.00808405876159668
22,4,202,60.0,3.5167155265808105,3.515782594680786,-0.0009329319000244141
22,4,203,220.0,3.437206983566284,3.4434714317321777,0.006264448165893555
22,4,204,160.0,4.1729278564453125,4.180569171905518,0.007641315460205078
22,4,205,46.0,3.025144100189209,3.020517349243164,-0.004626750946044922
22,4,206,189.0,3.507356882095337,3.505605459213257,-0.0017514228820800781
22,4,207,69.0,4.68245792388916,4.679295063018799,-0.003162860870361328
22,4,208,164.0,2.968637228012085,2.967681407928467,-0.0009558200836181641
22,4,209,121.0,3.6657907962799072,3.652071475982666,-0.013719320297241211
22,4,210,453.0,5.465768337249756,5.468715667724609,0.0029473304748535156
22,4,211,167.0,3.817554473876953,3.8228678703308105,0.005313396453857422
22,4,212,79.0,3.6519949436187744,3.6547389030456543,0.002743959426879883
22,4,213,64.0,4.473271369934082,4.482878684997559,0.009607315063476562
22,4,214,214.0,3.5177533626556396,3.5279035568237305,0.01015019416809082
22,4,215,42.0,4.581282615661621,4.58225679397583,0.0009741783142089844
22,4,216,85.0,4.406545639038086,4.442150115966797,0.03560447692871094
22,4,217,45.0,4.909335136413574,4.900711536407471,-0.008623600006103516
22,4,218,96.0,4.346060276031494,4.342592716217041,-0.003467559814453125
22,4,219,40.0,3.466945171356201,3.455989122390747,-0.010956048965454102
22,4,220,66.0,4.6993865966796875,4.6845269203186035,-0.014859676361083984
22,4,221,262.0,3.4376049041748047,3.4293224811553955,-0.00828242301940918
22,4,222,32.0,4.6173553466796875,4.6275200843811035,0.010164737701416016
22,4,223,33.0,4.931256294250488,4.910127639770508,-0.02112865447998047
22,4,224,139.0,2.1582767963409424,2.156217575073242,-0.0020592212677001953
22,4,225,84.0,4.020323753356934,4.020302772521973,-2.09808349609375e-05
22,4,226,46.0,3.709413528442383,3.7039880752563477,-0.005425453186035156
22,4,227,121.0,4.181075572967529,4.171272277832031,-0.009803295135498047
22,4,228,67.0,3.140568971633911,3.1253225803375244,-0.015246391296386719
22,4,229,187.0,3.8881711959838867,3.891166925430298,0.002995729446411133
22,4,230,40.0,4.873936176300049,4.86354923248291,-0.010386943817138672
22,4,231,91.0,3.998016119003296,4.001857757568359,0.0038416385650634766
22,4,232,52.0,4.4449782371521,4.439789295196533,-0.005188941955566406
22,4,233,49.0,4.133476257324219,4.142388820648193,0.00891256332397461
22,4,234,261.0,3.079342842102051,3.082592010498047,0.0032491683959960938
22,4,235,59.0,4.072587490081787,4.0799150466918945,0.007327556610107422
22,4,236,132.0,4.054989814758301,4.077739238739014,0.02274942398071289
22,4,237,136.0,3.4520623683929443,3.442627191543579,-0.009435176849365234
22,4,238,210.0,3.7005720138549805,3.724315643310547,0.023743629455566406
22,4,239,258.0,3.6856272220611572,3.6764094829559326,-0.00921773910522461
22,4,240,203.0,3.5238258838653564,3.53116512298584,0.0073392391204833984
22,4,241,198.0,3.3618428707122803,3.354738712310791,-0.007104158401489258
22,4,242,85.0,3.468600034713745,3.4651482105255127,-0.003451824188232422
22,4,243,85.0,2.1469109058380127,2.196039915084839,0.04912900924682617
22,4,244,93.0,4.847414970397949,4.8475470542907715,0.00013208389282226562
22,4,245,68.0,4.8312296867370605,4.836704730987549,0.005475044250488281
22,4,246,58.0,4.302565574645996,4.30635929107666,0.0037937164306640625
22,4,247,187.0,3.1594748497009277,3.161926507949829,0.002451658248901367
22,4,248,64.0,2.745805263519287,2.7399208545684814,-0.005884408950805664
22,4,249,100.0,3.3120670318603516,3.310645818710327,-0.001421213150024414
22,4,250,151.0,3.886031150817871,3.892882823944092,0.006851673126220703
22,4,251,174.0,3.292135715484619,3.2841320037841797,-0.008003711700439453
22,4,252,126.0,4.651801109313965,4.664198875427246,0.01239776611328125
22,4,253,99.0,3.699761390686035,3.713200092315674,0.013438701629638672
22,4,254,107.0,4.576633453369141,4.577037334442139,0.0004038810729980469
22,4,255,116.0,3.825943946838379,3.8202996253967285,-0.005644321441650391
22,5,0,196.0,3.98167085647583,3.987535238265991,0.005864381790161133
22,5,1,127.0,3.705084800720215,3.707387924194336,0.0023031234741210938
22,5,2,162.0,2.4317469596862793,2.430251359939575,-0.0014955997467041016
22,5,3,92.0,5.154407501220703,5.158633708953857,0.004226207733154297
22,5,4,194.0,3.7261335849761963,3.733968734741211,0.007835149765014648
22,5,5,115.0,3.4317781925201416,3.435126543045044,0.0033483505249023438
22,5,6,109.0,4.611254692077637,4.604724407196045,-0.006530284881591797
22,5,7,48.0,3.824559450149536,3.8339672088623047,0.009407758712768555
22,5,8,69.0,4.333216190338135,4.333454608917236,0.0002384185791015625
22,5,9,85.0,3.4889185428619385,3.48565411567688,-0.0032644271850585938
22,5,10,238.0,3.337062358856201,3.3371996879577637,0.0001373291015625
22,5,11,233.0,3.013906478881836,3.0191779136657715,0.005271434783935547
22,5,12,208.0,3.644038200378418,3.6403748989105225,-0.003663301467895508
22,5,13,196.0,3.302739381790161,3.304328680038452,0.0015892982482910156
22,5,14,131.0,3.989900827407837,4.0051774978637695,0.015276670455932617
22,5,15,125.0,3.2012383937835693,3.1989786624908447,-0.0022597312927246094
22,5,16,61.0,4.757500171661377,4.764954566955566,0.007454395294189453
22,5,17,164.0,2.6241273880004883,2.6250486373901367,0.0009212493896484375
22,5,18,107.0,3.8216171264648438,3.821784734725952,0.00016760826110839844
22,5,19,48.0,4.036356449127197,4.032800674438477,-0.003555774688720703
22,5,20,74.0,2.6907341480255127,2.6921820640563965,0.001447916030883789
22,5,21,103.0,2.9307749271392822,2.9320321083068848,0.001257181167602539
22,5,22,114.0,3.8854269981384277,3.8898589611053467,0.004431962966918945
22,5,23,50.0,6.480540752410889,6.484330654144287,0.0037899017333984375
22,5,24,281.0,3.1489627361297607,3.1501359939575195,0.001173257827758789
22,5,25,247.0,2.5188822746276855,2.53375506401062,0.01487278938293457
22,5,26,173.0,4.413876056671143,4.405060291290283,-0.008815765380859375
22,5,27,166.0,3.707796812057495,3.69646954536438,-0.011327266693115234
22,5,28,98.0,3.151510238647461,3.160485029220581,0.008974790573120117
22,5,29,174.0,3.586359739303589,3.5918004512786865,0.005440711975097656
22,5,30,173.0,3.190525531768799,3.1945102214813232,0.003984689712524414
22,5,31,215.0,4.340093612670898,4.339064121246338,-0.0010294914245605469
22,5,32,186.0,3.4789488315582275,3.491238594055176,0.012289762496948242
22,5,33,153.0,2.9326295852661133,2.932187557220459,-0.0004420280456542969
22,5,34,147.0,4.1311798095703125,4.126603603363037,-0.004576206207275391
22,5,35,50.0,4.620577812194824,4.6251959800720215,0.004618167877197266
22,5,36,86.0,3.942690134048462,3.9483706951141357,0.005680561065673828
22,5,37,154.0,4.250033378601074,4.23707914352417,-0.012954235076904297
22,5,38,265.0,2.933018684387207,2.9372591972351074,0.004240512847900391
22,5,39,199.0,3.941709518432617,3.939194917678833,-0.0025146007537841797
22,5,40,138.0,4.430899620056152,4.42283821105957,-0.008061408996582031
22,5,41,98.0,4.048152923583984,4.0577592849731445,0.009606361389160156
22,5,42,167.0,2.98820424079895,2.990731954574585,0.0025277137756347656
22,5,43,288.0,4.51556396484375,4.518686294555664,0.0031223297119140625
22,5,44,225.0,3.134540557861328,3.1391870975494385,0.0046465396881103516
22,5,45,191.0,3.475728988647461,3.4730663299560547,-0.00266265869140625
22,5,46,92.0,5.071820259094238,5.074838161468506,0.003017902374267578
22,5,47,41.0,5.766663551330566,5.759037971496582,-0.007625579833984375
22,5,48,231.0,3.4077651500701904,3.408449411392212,0.0006842613220214844
22,5,49,101.0,2.9521121978759766,2.9552035331726074,0.0030913352966308594
22,5,50,177.0,3.6662821769714355,3.6757302284240723,0.009448051452636719
22,5,51,252.0,4.05861759185791,4.059658050537109,0.0010404586791992188
22,5,52,259.0,3.3747026920318604,3.3862013816833496,0.011498689651489258
22,5,53,47.0,4.065746307373047,4.073026180267334,0.007279872894287109
22,5,54,164.0,2.495858669281006,2.497931957244873,0.0020732879638671875
22,5,55,94.0,4.066493034362793,4.0757155418396,0.00922250747680664
22,5,56,103.0,4.11627721786499,4.128063678741455,0.011786460876464844
22,5,57,78.0,3.913255453109741,3.9103667736053467,-0.0028886795043945312
22,5,58,239.0,3.692802906036377,3.6941723823547363,0.001369476318359375
22,5,59,271.0,4.881155014038086,4.882661819458008,0.001506805419921875
22,5,60,162.0,3.3450679779052734,3.3488430976867676,0.0037751197814941406
22,5,61,179.0,3.870093584060669,3.875643730163574,0.0055501461029052734
22,5,62,218.0,3.1762454509735107,3.204704999923706,0.028459548950195312
22,5,63,81.0,3.809858798980713,3.8113255500793457,0.0014667510986328125
22,5,64,93.0,4.687077522277832,4.69356107711792,0.006483554840087891
22,5,65,72.0,4.558295249938965,4.512711524963379,-0.04558372497558594
22,5,66,230.0,3.737887382507324,3.7344679832458496,-0.0034193992614746094
22,5,67,99.0,3.1625142097473145,3.156633138656616,-0.005881071090698242
22,5,68,213.0,3.218388557434082,3.2170886993408203,-0.0012998580932617188
22,5,69,119.0,3.072978973388672,3.0690481662750244,-0.003930807113647461
22,5,70,161.0,3.529710531234741,3.5203516483306885,-0.009358882904052734
22,5,71,90.0,4.394758224487305,4.400192737579346,0.005434513092041016
22,5,72,181.0,3.6989989280700684,3.701788902282715,0.0027899742126464844
22,5,73,95.0,4.745315074920654,4.7390947341918945,-0.006220340728759766
22,5,74,245.0,2.801177740097046,2.798021078109741,-0.0031566619873046875
22,5,75,93.0,2.319314956665039,2.313296318054199,-0.006018638610839844
22,5,76,225.0,3.1077821254730225,3.1125552654266357,0.004773139953613281
22,5,77,61.0,4.027099132537842,4.0442609786987305,0.017161846160888672
22,5,78,257.0,4.246406078338623,4.249486446380615,0.0030803680419921875
22,5,79,165.0,3.7203760147094727,3.721184730529785,0.0008087158203125
22,5,80,117.0,4.752804279327393,4.754685401916504,0.0018811225891113281
22,5,81,89.0,4.279232025146484,4.294862747192383,0.015630722045898438
22,5,82,291.0,4.08609676361084,4.086648941040039,0.0005521774291992188
22,5,83,93.0,4.042176723480225,4.041453838348389,-0.0007228851318359375
22,5,84,228.0,2.8949825763702393,2.890347719192505,-0.004634857177734375
22,5,85,131.0,3.406266927719116,3.42793869972229,0.021671772003173828
22,5,86,191.0,4.77057409286499,4.7690863609313965,-0.00148773193359375
22,5,87,238.0,5.341985702514648,5.339881896972656,-0.0021038055419921875
22,5,88,210.0,3.7304000854492188,3.731875419616699,0.0014753341674804688
22,5,89,107.0,4.658895492553711,4.663407325744629,0.004511833190917969
22,5,90,217.0,3.256716728210449,3.256314754486084,-0.0004019737243652344
22,5,91,199.0,3.479922294616699,3.4746627807617188,-0.005259513854980469
22,5,92,84.0,2.9870519638061523,2.987673759460449,0.000621795654296875
22,5,93,271.0,4.167789459228516,4.168835639953613,0.0010461807250976562
22,5,94,226.0,3.797963857650757,3.7934792041778564,-0.004484653472900391
22,5,95,258.0,4.302313327789307,4.296624660491943,-0.005688667297363281
22,5,96,86.0,4.009377479553223,4.0124711990356445,0.003093719482421875
22,5,97,142.0,4.886353492736816,4.902078628540039,0.015725135803222656
22,5,98,42.0,4.73474645614624,4.731873512268066,-0.002872943878173828
22,5,99,224.0,3.053419828414917,3.051806926727295,-0.0016129016876220703
22,5,100,197.0,2.6848225593566895,2.683159351348877,-0.0016632080078125
22,5,101,85.0,3.080362558364868,3.093733072280884,0.013370513916015625
22,5,102,195.0,3.4633231163024902,3.4652538299560547,0.0019307136535644531
22,5,103,102.0,4.20768404006958,4.200264930725098,-0.007419109344482422
22,5,104,181.0,3.711848735809326,3.7108232975006104,-0.0010254383087158203
22,5,105,72.0,2.723045587539673,2.7376768589019775,0.014631271362304688
22,5,106,130.0,4.976626396179199,4.982052803039551,0.0054264068603515625
22,5,107,62.0,3.1819393634796143,3.178102970123291,-0.003836393356323242
22,5,108,263.0,4.0605854988098145,4.06242561340332,0.0018401145935058594
22,5,109,194.0,3.1560444831848145,3.1529736518859863,-0.003070831298828125
22,5,110,174.0,3.211611032485962,3.2119617462158203,0.00035071372985839844
22,5,111,235.0,4.168798446655273,4.163365364074707,-0.005433082580566406
22,5,112,143.0,4.279087066650391,4.274930477142334,-0.004156589508056641
22,5,113,117.0,4.890145778656006,4.887444496154785,-0.002701282501220703
22,5,114,160.0,4.253233909606934,4.248793125152588,-0.004440784454345703
22,5,115,115.0,3.9266409873962402,3.915762186050415,-0.010878801345825195
22,5,116,120.0,3.8633739948272705,3.855576515197754,-0.0077974796295166016
22,5,117,186.0,4.1213459968566895,4.124405860900879,0.003059864044189453
22,5,118,138.0,3.296036958694458,3.3003642559051514,0.004327297210693359
22,5,119,80.0,3.554978847503662,3.5559914112091064,0.001012563705444336
22,5,120,164.0,3.3612916469573975,3.361016273498535,-0.0002753734588623047
22,5,121,215.0,3.762061357498169,3.7580854892730713,-0.003975868225097656
22,5,122,81.0,3.60632061958313,3.5954155921936035,-0.010905027389526367
22,5,123,171.0,3.4178876876831055,3.4214730262756348,0.003585338592529297
22,5,124,41.0,4.780884742736816,4.780736923217773,-0.00014781951904296875
22,5,125,103.0,4.1708221435546875,4.1728668212890625,0.002044677734375
22,5,126,145.0,3.385586977005005,3.389906883239746,0.004319906234741211
22,5,127,102.0,3.511989116668701,3.513951539993286,0.001962423324584961
22,5,128,157.0,4.545989513397217,4.546117305755615,0.0001277923583984375
22,5,129,161.0,3.612820625305176,3.6272549629211426,0.014434337615966797
22,5,130,248.0,3.595446825027466,3.5985445976257324,0.0030977725982666016
22,5,131,240.0,4.314742088317871,4.317303657531738,0.0025615692138671875
22,5,132,284.0,3.515221118927002,3.522319793701172,0.007098674774169922
22,5,133,105.0,5.547122001647949,5.5365519523620605,-0.010570049285888672
22,5,134,72.0,3.6292827129364014,3.6350812911987305,0.0057985782623291016
22,5,135,86.0,3.9638190269470215,3.9674594402313232,0.003640413284301758
22,5,136,120.0,3.225938320159912,3.2186129093170166,-0.007325410842895508
22,5,137,64.0,3.684243679046631,3.685451030731201,0.0012073516845703125
22,5,138,220.0,2.8231959342956543,2.824775218963623,0.00157928466796875
22,5,139,92.0,2.984248638153076,2.985079288482666,0.0008306503295898438
22,5,140,180.0,3.4170660972595215,3.4139442443847656,-0.0031218528747558594
22,5,141,95.0,3.5693070888519287,3.554347276687622,-0.01495981216430664
22,5,142,72.0,5.436267852783203,5.43296480178833,-0.003303050994873047
22,5,143,152.0,4.664964199066162,4.661502838134766,-0.0034613609313964844
22,5,144,170.0,3.2575697898864746,3.2575976848602295,2.7894973754882812e-05
22,5,145,56.0,4.233151912689209,4.22859525680542,-0.0045566558837890625
22,5,146,174.0,3.632305860519409,3.6278769969940186,-0.004428863525390625
22,5,147,191.0,3.26232647895813,3.272052526473999,0.00972604751586914
22,5,148,279.0,3.7231252193450928,3.731008291244507,0.007883071899414062
22,5,149,98.0,3.6501717567443848,3.6530911922454834,0.002919435501098633
22,5,150,50.0,3.987290143966675,3.9826767444610596,-0.004613399505615234
22,5,151,61.0,3.207566976547241,3.2133893966674805,0.005822420120239258
22,5,152,208.0,2.833768367767334,2.8324410915374756,-0.0013272762298583984
22,5,153,124.0,3.7818057537078857,3.7832791805267334,0.0014734268188476562
22,5,154,128.0,3.3032331466674805,3.299213171005249,-0.004019975662231445
22,5,155,250.0,4.603071212768555,4.598504543304443,-0.004566669464111328
22,5,156,239.0,2.621934175491333,2.618374824523926,-0.0035593509674072266
22,5,157,164.0,2.8648641109466553,2.8573503494262695,-0.007513761520385742
22,5,158,42.0,4.671477317810059,4.675269603729248,0.003792285919189453
22,5,159,200.0,4.007006645202637,4.006741046905518,-0.0002655982971191406
22,5,160,209.0,3.638150215148926,3.641615629196167,0.003465414047241211
22,5,161,206.0,3.6040756702423096,3.612475872039795,0.008400201797485352
22,5,162,139.0,4.383498191833496,4.384559154510498,0.0010609626770019531
22,5,163,76.0,3.7987864017486572,3.802664041519165,0.0038776397705078125
22,5,164,232.0,3.892338275909424,3.888660192489624,-0.0036780834197998047
22,5,165,235.0,3.9155564308166504,3.9034829139709473,-0.012073516845703125
22,5,166,49.0,4.228317737579346,4.228518486022949,0.00020074844360351562
22,5,167,138.0,3.473930835723877,3.4618780612945557,-0.012052774429321289
22,5,168,60.0,3.808337450027466,3.840771198272705,0.03243374824523926
22,5,169,146.0,4.041977882385254,4.0489325523376465,0.006954669952392578
22,5,170,57.0,4.420210838317871,4.4227824211120605,0.002571582794189453
22,5,171,135.0,3.909317970275879,3.9137659072875977,0.00444793701171875
22,5,172,113.0,3.19097638130188,3.1888086795806885,-0.0021677017211914062
22,5,173,208.0,4.171577453613281,4.178261756896973,0.006684303283691406
22,5,174,195.0,2.116305112838745,2.1154072284698486,-0.0008978843688964844
22,5,175,137.0,3.9520905017852783,3.9515395164489746,-0.0005509853363037109
22,5,176,91.0,4.97736120223999,4.987096786499023,0.009735584259033203
22,5,177,66.0,3.994100332260132,3.996882677078247,0.0027823448181152344
22,5,178,173.0,3.3507070541381836,3.353288412094116,0.002581357955932617
22,5,179,89.0,5.353647708892822,5.3296284675598145,-0.024019241333007812
22,5,180,231.0,3.6613731384277344,3.660092353820801,-0.0012807846069335938
22,5,181,71.0,5.397938251495361,5.387485980987549,-0.0104522705078125
22,5,182,98.0,3.963383674621582,3.961143970489502,-0.002239704132080078
22,5,183,215.0,1.998246431350708,1.9966785907745361,-0.001567840576171875
22,5,184,159.0,4.383580684661865,4.38322639465332,-0.0003542900085449219
22,5,185,86.0,3.697986602783203,3.70365309715271,0.005666494369506836
22,5,186,92.0,3.4445607662200928,3.4515745639801025,0.007013797760009766
22,5,187,51.0,5.179178714752197,5.172406196594238,-0.006772518157958984
22,5,188,86.0,4.734201908111572,4.732004642486572,-0.002197265625
22,5,189,132.0,3.6938047409057617,3.6989850997924805,0.00518035888671875
22,5,190,214.0,3.9561617374420166,3.9510934352874756,-0.005068302154541016
22,5,191,139.0,4.121965408325195,4.116206645965576,-0.005758762359619141
22,5,192,89.0,3.4952480792999268,3.4925475120544434,-0.0027005672454833984
22,5,193,102.0,4.782958507537842,4.800325393676758,0.017366886138916016
22,5,194,156.0,2.6015143394470215,2.6054625511169434,0.003948211669921875
22,5,195,87.0,3.839608669281006,3.8546226024627686,0.015013933181762695
22,5,196,175.0,3.2536110877990723,3.249831199645996,-0.003779888153076172
22,5,197,136.0,2.3385791778564453,2.332263708114624,-0.006315469741821289
22,5,198,54.0,3.781459093093872,3.784680128097534,0.0032210350036621094
22,5,199,71.0,4.556375980377197,4.552812576293945,-0.003563404083251953
22,5,200,43.0,4.562034606933594,4.558609485626221,-0.003425121307373047
22,5,201,200.0,3.3231818675994873,3.3338828086853027,0.01070094108581543
22,5,202,60.0,3.5167155265808105,3.523282766342163,0.006567239761352539
22,5,203,220.0,3.437206983566284,3.4398086071014404,0.00260162353515625
22,5,204,160.0,4.1729278564453125,4.17137336730957,-0.0015544891357421875
22,5,205,46.0,3.025144100189209,3.02166485786438,-0.0034792423248291016
22,5,206,189.0,3.507356882095337,3.5097527503967285,0.0023958683013916016
22,5,207,69.0,4.68245792388916,4.681500434875488,-0.000957489013671875
22,5,208,164.0,2.968637228012085,2.9647011756896973,-0.003936052322387695
22,5,209,121.0,3.6657907962799072,3.6616575717926025,-0.0041332244873046875
22,5,210,453.0,5.465768337249756,5.464828014373779,-0.0009403228759765625
22,5,211,167.0,3.817554473876953,3.8194804191589355,0.0019259452819824219
22,5,212,79.0,3.6519949436187744,3.6530187129974365,0.0010237693786621094
22,5,213,64.0,4.473271369934082,4.476775169372559,0.0035037994384765625
22,5,214,214.0,3.5177533626556396,3.5219132900238037,0.0041599273681640625
22,5,215,42.0,4.581282615661621,4.5633225440979,-0.017960071563720703
22,5,216,85.0,4.406545639038086,4.429283142089844,0.022737503051757812
22,5,217,45.0,4.909335136413574,4.904475688934326,-0.004859447479248047
22,5,218,96.0,4.346060276031494,4.330722332000732,-0.015337944030761719
22,5,219,40.0,3.466945171356201,3.4627201557159424,-0.004225015640258789
22,5,220,66.0,4.6993865966796875,4.690704345703125,-0.0086822509765625
22,5,221,262.0,3.4376049041748047,3.440973997116089,0.0033690929412841797
22,5,222,32.0,4.6173553466796875,4.618372440338135,0.0010170936584472656
22,5,223,33.0,4.931256294250488,4.954147815704346,0.022891521453857422
22,5,224,139.0,2.1582767963409424,2.153026819229126,-0.005249977111816406
22,5,225,84.0,4.020323753356934,4.010939598083496,-0.0093841552734375
22,5,226,46.0,3.709413528442383,3.7123727798461914,0.0029592514038085938
22,5,227,121.0,4.181075572967529,4.178955554962158,-0.0021200180053710938
22,5,228,67.0,3.140568971633911,3.1458663940429688,0.005297422409057617
22,5,229,187.0,3.8881711959838867,3.892902135848999,0.004730939865112305
22,5,230,40.0,4.873936176300049,4.875497341156006,0.0015611648559570312
22,5,231,91.0,3.998016119003296,3.9893906116485596,-0.008625507354736328
22,5,232,52.0,4.4449782371521,4.461082935333252,0.016104698181152344
22,5,233,49.0,4.133476257324219,4.139710903167725,0.006234645843505859
22,5,234,261.0,3.079342842102051,3.0839414596557617,0.0045986175537109375
22,5,235,59.0,4.072587490081787,4.056675910949707,-0.015911579132080078
22,5,236,132.0,4.054989814758301,4.070099830627441,0.015110015869140625
22,5,237,136.0,3.4520623683929443,3.4539194107055664,0.0018570423126220703
22,5,238,210.0,3.7005720138549805,3.7075934410095215,0.007021427154541016
22,5,239,258.0,3.6856272220611572,3.688338041305542,0.0027108192443847656
22,5,240,203.0,3.5238258838653564,3.5307822227478027,0.006956338882446289
22,5,241,198.0,3.3618428707122803,3.361276626586914,-0.0005662441253662109
22,5,242,85.0,3.468600034713745,3.462066173553467,-0.00653386116027832
22,5,243,85.0,2.1469109058380127,2.1608574390411377,0.013946533203125
22,5,244,93.0,4.847414970397949,4.857603073120117,0.010188102722167969
22,5,245,68.0,4.8312296867370605,4.831499099731445,0.0002694129943847656
22,5,246,58.0,4.302565574645996,4.298135280609131,-0.004430294036865234
22,5,247,187.0,3.1594748497009277,3.158160448074341,-0.001314401626586914
22,5,248,64.0,2.745805263519287,2.7376394271850586,-0.008165836334228516
22,5,249,100.0,3.3120670318603516,3.3230676651000977,0.011000633239746094
22,5,250,151.0,3.886031150817871,3.8741037845611572,-0.011927366256713867
22,5,251,174.0,3.292135715484619,3.2901668548583984,-0.001968860626220703
22,5,252,126.0,4.651801109313965,4.655712604522705,0.003911495208740234
22,5,253,99.0,3.699761390686035,3.703407049179077,0.003645658493041992
22,5,254,107.0,4.576633453369141,4.556664943695068,-0.019968509674072266
22,5,255,116.0,3.825943946838379,3.8149216175079346,-0.011022329330444336
22,6,0,196.0,3.98167085647583,3.9735782146453857,-0.008092641830444336
22,6,1,127.0,3.705084800720215,3.6943492889404297,-0.010735511779785156
22,6,2,162.0,2.4317469596862793,2.4539144039154053,0.022167444229125977
22,6,3,92.0,5.154407501220703,5.156334400177002,0.0019268989562988281
22,6,4,194.0,3.7261335849761963,3.7311172485351562,0.004983663558959961
22,6,5,115.0,3.4317781925201416,3.415640354156494,-0.01613783836364746
22,6,6,109.0,4.611254692077637,4.6127705574035645,0.0015158653259277344
22,6,7,48.0,3.824559450149536,3.8288955688476562,0.004336118698120117
22,6,8,69.0,4.333216190338135,4.322331428527832,-0.010884761810302734
22,6,9,85.0,3.4889185428619385,3.4847562313079834,-0.004162311553955078
22,6,10,238.0,3.337062358856201,3.3402864933013916,0.0032241344451904297
22,6,11,233.0,3.013906478881836,3.019108533859253,0.005202054977416992
22,6,12,208.0,3.644038200378418,3.6418378353118896,-0.0022003650665283203
22,6,13,196.0,3.302739381790161,3.2998039722442627,-0.0029354095458984375
22,6,14,131.0,3.989900827407837,3.9956259727478027,0.00572514533996582
22,6,15,125.0,3.2012383937835693,3.2036142349243164,0.0023758411407470703
22,6,16,61.0,4.757500171661377,4.72268533706665,-0.03481483459472656
22,6,17,164.0,2.6241273880004883,2.6328139305114746,0.008686542510986328
22,6,18,107.0,3.8216171264648438,3.823146343231201,0.0015292167663574219
22,6,19,48.0,4.036356449127197,4.02612829208374,-0.010228157043457031
22,6,20,74.0,2.6907341480255127,2.6867563724517822,-0.003977775573730469
22,6,21,103.0,2.9307749271392822,2.9272751808166504,-0.003499746322631836
22,6,22,114.0,3.8854269981384277,3.883620500564575,-0.001806497573852539
22,6,23,50.0,6.480540752410889,6.476335525512695,-0.004205226898193359
22,6,24,281.0,3.1489627361297607,3.157966136932373,0.009003400802612305
22,6,25,247.0,2.5188822746276855,2.519937038421631,0.0010547637939453125
22,6,26,173.0,4.413876056671143,4.4097795486450195,-0.004096508026123047
22,6,27,166.0,3.707796812057495,3.7152202129364014,0.00742340087890625
22,6,28,98.0,3.151510238647461,3.1410138607025146,-0.010496377944946289
22,6,29,174.0,3.586359739303589,3.5771708488464355,-0.00918889045715332
22,6,30,173.0,3.190525531768799,3.2003068923950195,0.009781360626220703
22,6,31,215.0,4.340093612670898,4.336136817932129,-0.003956794738769531
22,6,32,186.0,3.4789488315582275,3.4662394523620605,-0.012709379196166992
22,6,33,153.0,2.9326295852661133,2.9311511516571045,-0.001478433609008789
22,6,34,147.0,4.1311798095703125,4.139969825744629,0.008790016174316406
22,6,35,50.0,4.620577812194824,4.637353420257568,0.01677560806274414
22,6,36,86.0,3.942690134048462,3.952618360519409,0.009928226470947266
22,6,37,154.0,4.250033378601074,4.251039028167725,0.0010056495666503906
22,6,38,265.0,2.933018684387207,2.9415102005004883,0.00849151611328125
22,6,39,199.0,3.941709518432617,3.9513912200927734,0.00968170166015625
22,6,40,138.0,4.430899620056152,4.435300827026367,0.004401206970214844
22,6,41,98.0,4.048152923583984,4.059825420379639,0.011672496795654297
22,6,42,167.0,2.98820424079895,2.993023633956909,0.004819393157958984
22,6,43,288.0,4.51556396484375,4.515017032623291,-0.0005469322204589844
22,6,44,225.0,3.134540557861328,3.138486862182617,0.0039463043212890625
22,6,45,191.0,3.475728988647461,3.4694230556488037,-0.0063059329986572266
22,6,46,92.0,5.071820259094238,5.055447578430176,-0.0163726806640625
22,6,47,41.0,5.766663551330566,5.739002704620361,-0.027660846710205078
22,6,48,231.0,3.4077651500701904,3.4076883792877197,-7.677078247070312e-05
22,6,49,101.0,2.9521121978759766,2.966294765472412,0.014182567596435547
22,6,50,177.0,3.6662821769714355,3.6689932346343994,0.002711057662963867
22,6,51,252.0,4.05861759185791,4.0516862869262695,-0.006931304931640625
22,6,52,259.0,3.3747026920318604,3.3797361850738525,0.0050334930419921875
22,6,53,47.0,4.065746307373047,4.046371936798096,-0.019374370574951172
22,6,54,164.0,2.495858669281006,2.4980742931365967,0.0022156238555908203
22,6,55,94.0,4.066493034362793,4.072319984436035,0.0058269500732421875
22,6,56,103.0,4.11627721786499,4.124799728393555,0.008522510528564453
22,6,57,78.0,3.913255453109741,3.9299962520599365,0.016740798950195312
22,6,58,239.0,3.692802906036377,3.6866533756256104,-0.0061495304107666016
22,6,59,271.0,4.881155014038086,4.8821892738342285,0.0010342597961425781
22,6,60,162.0,3.3450679779052734,3.348864793777466,0.003796815872192383
22,6,61,179.0,3.870093584060669,3.866347312927246,-0.0037462711334228516
22,6,62,218.0,3.1762454509735107,3.172154188156128,-0.0040912628173828125
22,6,63,81.0,3.809858798980713,3.820631504058838,0.010772705078125
22,6,64,93.0,4.687077522277832,4.694509983062744,0.007432460784912109
22,6,65,72.0,4.558295249938965,4.544710159301758,-0.013585090637207031
22,6,66,230.0,3.737887382507324,3.721804618835449,-0.016082763671875
22,6,67,99.0,3.1625142097473145,3.155637741088867,-0.006876468658447266
22,6,68,213.0,3.218388557434082,3.2116992473602295,-0.006689310073852539
22,6,69,119.0,3.072978973388672,3.072965383529663,-1.3589859008789062e-05
22,6,70,161.0,3.529710531234741,3.521535873413086,-0.008174657821655273
22,6,71,90.0,4.394758224487305,4.390883922576904,-0.0038743019104003906
22,6,72,181.0,3.6989989280700684,3.70681095123291,0.007812023162841797
22,6,73,95.0,4.745315074920654,4.730956077575684,-0.014358997344970703
22,6,74,245.0,2.801177740097046,2.804865837097168,0.0036880970001220703
22,6,75,93.0,2.319314956665039,2.320452928543091,0.0011379718780517578
22,6,76,225.0,3.1077821254730225,3.1190950870513916,0.01131296157836914
22,6,77,61.0,4.027099132537842,4.038583755493164,0.011484622955322266
22,6,78,257.0,4.246406078338623,4.25413703918457,0.007730960845947266
22,6,79,165.0,3.7203760147094727,3.715528726577759,-0.004847288131713867
22,6,80,117.0,4.752804279327393,4.754146575927734,0.0013422966003417969
22,6,81,89.0,4.279232025146484,4.271505832672119,-0.007726192474365234
22,6,82,291.0,4.08609676361084,4.092264175415039,0.006167411804199219
22,6,83,93.0,4.042176723480225,4.0343241691589355,-0.007852554321289062
22,6,84,228.0,2.8949825763702393,2.881293535232544,-0.013689041137695312
22,6,85,131.0,3.406266927719116,3.400181770324707,-0.00608515739440918
22,6,86,191.0,4.77057409286499,4.778955936431885,0.008381843566894531
22,6,87,238.0,5.341985702514648,5.3444976806640625,0.0025119781494140625
22,6,88,210.0,3.7304000854492188,3.7199764251708984,-0.010423660278320312
22,6,89,107.0,4.658895492553711,4.674298286437988,0.015402793884277344
22,6,90,217.0,3.256716728210449,3.257807970046997,0.0010912418365478516
22,6,91,199.0,3.479922294616699,3.491551637649536,0.011629343032836914
22,6,92,84.0,2.9870519638061523,2.990358352661133,0.0033063888549804688
22,6,93,271.0,4.167789459228516,4.1721673011779785,0.004377841949462891
22,6,94,226.0,3.797963857650757,3.794776678085327,-0.0031871795654296875
22,6,95,258.0,4.302313327789307,4.293853759765625,-0.00845956802368164
22,6,96,86.0,4.009377479553223,4.009976387023926,0.000598907470703125
22,6,97,142.0,4.886353492736816,4.88034200668335,-0.006011486053466797
22,6,98,42.0,4.73474645614624,4.72996711730957,-0.004779338836669922
22,6,99,224.0,3.053419828414917,3.050757884979248,-0.0026619434356689453
22,6,100,197.0,2.6848225593566895,2.6789088249206543,-0.005913734436035156
22,6,101,85.0,3.080362558364868,3.109619140625,0.029256582260131836
22,6,102,195.0,3.4633231163024902,3.4638078212738037,0.00048470497131347656
22,6,103,102.0,4.20768404006958,4.222123622894287,0.014439582824707031
22,6,104,181.0,3.711848735809326,3.718416929244995,0.006568193435668945
22,6,105,72.0,2.723045587539673,2.72334623336792,0.0003006458282470703
22,6,106,130.0,4.976626396179199,4.970219135284424,-0.006407260894775391
22,6,107,62.0,3.1819393634796143,3.1686289310455322,-0.013310432434082031
22,6,108,263.0,4.0605854988098145,4.056396961212158,-0.00418853759765625
22,6,109,194.0,3.1560444831848145,3.15504789352417,-0.0009965896606445312
22,6,110,174.0,3.211611032485962,3.213226556777954,0.0016155242919921875
22,6,111,235.0,4.168798446655273,4.15347957611084,-0.015318870544433594
22,6,112,143.0,4.279087066650391,4.278711318969727,-0.0003757476806640625
22,6,113,117.0,4.890145778656006,4.878938674926758,-0.011207103729248047
22,6,114,160.0,4.253233909606934,4.230116844177246,-0.0231170654296875
22,6,115,115.0,3.9266409873962402,3.9259891510009766,-0.0006518363952636719
22,6,116,120.0,3.8633739948272705,3.8705894947052,0.0072154998779296875
22,6,117,186.0,4.1213459968566895,4.110220432281494,-0.011125564575195312
22,6,118,138.0,3.296036958694458,3.2999024391174316,0.003865480422973633
22,6,119,80.0,3.554978847503662,3.5487074851989746,-0.0062713623046875
22,6,120,164.0,3.3612916469573975,3.3528733253479004,-0.00841832160949707
22,6,121,215.0,3.762061357498169,3.7549731731414795,-0.007088184356689453
22,6,122,81.0,3.60632061958313,3.6093406677246094,0.003020048141479492
22,6,123,171.0,3.4178876876831055,3.419577121734619,0.0016894340515136719
22,6,124,41.0,4.780884742736816,4.756643772125244,-0.024240970611572266
22,6,125,103.0,4.1708221435546875,4.175200462341309,0.004378318786621094
22,6,126,145.0,3.385586977005005,3.3946237564086914,0.009036779403686523
22,6,127,102.0,3.511989116668701,3.4988205432891846,-0.013168573379516602
22,6,128,157.0,4.545989513397217,4.554193019866943,0.008203506469726562
22,6,129,161.0,3.612820625305176,3.606214761734009,-0.006605863571166992
22,6,130,248.0,3.595446825027466,3.6118080615997314,0.016361236572265625
22,6,131,240.0,4.314742088317871,4.320092678070068,0.005350589752197266
22,6,132,284.0,3.515221118927002,3.514674186706543,-0.0005469322204589844
22,6,133,105.0,5.547122001647949,5.546108722686768,-0.0010132789611816406
22,6,134,72.0,3.6292827129364014,3.6919987201690674,0.06271600723266602
22,6,135,86.0,3.9638190269470215,3.967904806137085,0.0040857791900634766
22,6,136,120.0,3.225938320159912,3.227344274520874,0.001405954360961914
22,6,137,64.0,3.684243679046631,3.7166335582733154,0.03238987922668457
22,6,138,220.0,2.8231959342956543,2.8088459968566895,-0.014349937438964844
22,6,139,92.0,2.984248638153076,2.965405225753784,-0.018843412399291992
22,6,140,180.0,3.4170660972595215,3.4247093200683594,0.007643222808837891
22,6,141,95.0,3.5693070888519287,3.5632331371307373,-0.006073951721191406
22,6,142,72.0,5.436267852783203,5.4440789222717285,0.007811069488525391
22,6,143,152.0,4.664964199066162,4.674654006958008,0.009689807891845703
22,6,144,170.0,3.2575697898864746,3.2637362480163574,0.0061664581298828125
22,6,145,56.0,4.233151912689209,4.238315582275391,0.005163669586181641
22,6,146,174.0,3.632305860519409,3.6414830684661865,0.009177207946777344
22,6,147,191.0,3.26232647895813,3.2648274898529053,0.0025010108947753906
22,6,148,279.0,3.7231252193450928,3.7186341285705566,-0.004491090774536133
22,6,149,98.0,3.6501717567443848,3.652873992919922,0.0027022361755371094
22,6,150,50.0,3.987290143966675,3.9772799015045166,-0.010010242462158203
22,6,151,61.0,3.207566976547241,3.217215061187744,0.00964808464050293
22,6,152,208.0,2.833768367767334,2.8370137214660645,0.0032453536987304688
22,6,153,124.0,3.7818057537078857,3.794041395187378,0.012235641479492188
22,6,154,128.0,3.3032331466674805,3.2971670627593994,-0.006066083908081055
22,6,155,250.0,4.603071212768555,4.598898887634277,-0.004172325134277344
22,6,156,239.0,2.621934175491333,2.6168856620788574,-0.005048513412475586
22,6,157,164.0,2.8648641109466553,2.8671329021453857,0.0022687911987304688
22,6,158,42.0,4.671477317810059,4.662906646728516,-0.008570671081542969
22,6,159,200.0,4.007006645202637,4.011227130889893,0.004220485687255859
22,6,160,209.0,3.638150215148926,3.6355388164520264,-0.002611398696899414
22,6,161,206.0,3.6040756702423096,3.611002206802368,0.006926536560058594
22,6,162,139.0,4.383498191833496,4.385402202606201,0.0019040107727050781
22,6,163,76.0,3.7987864017486572,3.8243520259857178,0.025565624237060547
22,6,164,232.0,3.892338275909424,3.8904123306274414,-0.0019259452819824219
22,6,165,235.0,3.9155564308166504,3.91271710395813,-0.002839326858520508
22,6,166,49.0,4.228317737579346,4.237617492675781,0.009299755096435547
22,6,167,138.0,3.473930835723877,3.4900553226470947,0.016124486923217773
22,6,168,60.0,3.808337450027466,3.802741765975952,-0.005595684051513672
22,6,169,146.0,4.041977882385254,4.047780513763428,0.005802631378173828
22,6,170,57.0,4.420210838317871,4.451952934265137,0.031742095947265625
22,6,171,135.0,3.909317970275879,3.916050434112549,0.006732463836669922
22,6,172,113.0,3.19097638130188,3.1832220554351807,-0.007754325866699219
22,6,173,208.0,4.171577453613281,4.173152446746826,0.0015749931335449219
22,6,174,195.0,2.116305112838745,2.120365619659424,0.004060506820678711
22,6,175,137.0,3.9520905017852783,3.9629476070404053,0.010857105255126953
22,6,176,91.0,4.97736120223999,4.979782581329346,0.0024213790893554688
22,6,177,66.0,3.994100332260132,3.9865777492523193,-0.0075225830078125
22,6,178,173.0,3.3507070541381836,3.346264123916626,-0.004442930221557617
22,6,179,89.0,5.353647708892822,5.350577354431152,-0.003070354461669922
22,6,180,231.0,3.6613731384277344,3.6588568687438965,-0.0025162696838378906
22,6,181,71.0,5.397938251495361,5.409801006317139,0.011862754821777344
22,6,182,98.0,3.963383674621582,3.970613479614258,0.007229804992675781
22,6,183,215.0,1.998246431350708,1.9994734525680542,0.0012270212173461914
22,6,184,159.0,4.383580684661865,4.377801418304443,-0.005779266357421875
22,6,185,86.0,3.697986602783203,3.7017784118652344,0.00379180908203125
22,6,186,92.0,3.4445607662200928,3.4439427852630615,-0.00061798095703125
22,6,187,51.0,5.179178714752197,5.182361602783203,0.0031828880310058594
22,6,188,86.0,4.734201908111572,4.732091903686523,-0.002110004425048828
22,6,189,132.0,3.6938047409057617,3.6852200031280518,-0.008584737777709961
22,6,190,214.0,3.9561617374420166,3.941418170928955,-0.014743566513061523
22,6,191,139.0,4.121965408325195,4.126676082611084,0.004710674285888672
22,6,192,89.0,3.4952480792999268,3.491089105606079,-0.004158973693847656
22,6,193,102.0,4.782958507537842,4.79126501083374,0.008306503295898438
22,6,194,156.0,2.6015143394470215,2.5909855365753174,-0.010528802871704102
22,6,195,87.0,3.839608669281006,3.8401803970336914,0.0005717277526855469
22,6,196,175.0,3.2536110877990723,3.249027729034424,-0.0045833587646484375
22,6,197,136.0,2.3385791778564453,2.3277435302734375,-0.010835647583007812
22,6,198,54.0,3.781459093093872,3.7802155017852783,-0.00124359130859375
22,6,199,71.0,4.556375980377197,4.580984115600586,0.024608135223388672
22,6,200,43.0,4.562034606933594,4.563192844390869,0.0011582374572753906
22,6,201,200.0,3.3231818675994873,3.3300702571868896,0.006888389587402344
22,6,202,60.0,3.5167155265808105,3.506571054458618,-0.010144472122192383
22,6,203,220.0,3.437206983566284,3.436769723892212,-0.0004372596740722656
22,6,204,160.0,4.1729278564453125,4.182039737701416,0.009111881256103516
22,6,205,46.0,3.025144100189209,3.0114712715148926,-0.013672828674316406
22,6,206,189.0,3.507356882095337,3.512176752090454,0.0048198699951171875
22,6,207,69.0,4.68245792388916,4.66182279586792,-0.020635128021240234
22,6,208,164.0,2.968637228012085,2.972698211669922,0.004060983657836914
22,6,209,121.0,3.6657907962799072,3.6583778858184814,-0.007412910461425781
22,6,210,453.0,5.465768337249756,5.4520087242126465,-0.013759613037109375
22,6,211,167.0,3.817554473876953,3.825138568878174,0.007584095001220703
22,6,212,79.0,3.6519949436187744,3.6629340648651123,0.01093912124633789
22,6,213,64.0,4.473271369934082,4.470442771911621,-0.0028285980224609375
22,6,214,214.0,3.5177533626556396,3.514437675476074,-0.0033156871795654297
22,6,215,42.0,4.581282615661621,4.5861592292785645,0.004876613616943359
22,6,216,85.0,4.406545639038086,4.409058094024658,0.0025124549865722656
22,6,217,45.0,4.909335136413574,4.9232048988342285,0.013869762420654297
22,6,218,96.0,4.346060276031494,4.3614420890808105,0.015381813049316406
22,6,219,40.0,3.466945171356201,3.47270131111145,0.0057561397552490234
22,6,220,66.0,4.6993865966796875,4.686862945556641,-0.012523651123046875
22,6,221,262.0,3.4376049041748047,3.434030532836914,-0.003574371337890625
22,6,222,32.0,4.6173553466796875,4.642386436462402,0.025031089782714844
22,6,223,33.0,4.931256294250488,4.9368438720703125,0.005587577819824219
22,6,224,139.0,2.1582767963409424,2.1633055210113525,0.005028724670410156
22,6,225,84.0,4.020323753356934,4.026851654052734,0.006527900695800781
22,6,226,46.0,3.709413528442383,3.7279577255249023,0.01854419708251953
22,6,227,121.0,4.181075572967529,4.177255630493164,-0.0038199424743652344
22,6,228,67.0,3.140568971633911,3.130337953567505,-0.01023101806640625
22,6,229,187.0,3.8881711959838867,3.8934006690979004,0.005229473114013672
22,6,230,40.0,4.873936176300049,4.86269474029541,-0.011241436004638672
22,6,231,91.0,3.998016119003296,4.017827987670898,0.01981186866760254
22,6,232,52.0,4.4449782371521,4.448066711425781,0.0030884742736816406
22,6,233,49.0,4.133476257324219,4.142899036407471,0.009422779083251953
22,6,234,261.0,3.079342842102051,3.0684103965759277,-0.010932445526123047
22,6,235,59.0,4.072587490081787,4.085230827331543,0.01264333724975586
22,6,236,132.0,4.054989814758301,4.063300609588623,0.008310794830322266
22,6,237,136.0,3.4520623683929443,3.4537668228149414,0.0017044544219970703
22,6,238,210.0,3.7005720138549805,3.691257953643799,-0.00931406021118164
22,6,239,258.0,3.6856272220611572,3.6867330074310303,0.0011057853698730469
22,6,240,203.0,3.5238258838653564,3.523502826690674,-0.0003230571746826172
22,6,241,198.0,3.3618428707122803,3.350647211074829,-0.011195659637451172
22,6,242,85.0,3.468600034713745,3.471249580383301,0.002649545669555664
22,6,243,85.0,2.1469109058380127,2.1421728134155273,-0.0047380924224853516
22,6,244,93.0,4.847414970397949,4.844707489013672,-0.0027074813842773438
22,6,245,68.0,4.8312296867370605,4.819398403167725,-0.011831283569335938
22,6,246,58.0,4.302565574645996,4.307295799255371,0.004730224609375
22,6,247,187.0,3.1594748497009277,3.152844190597534,-0.006630659103393555
22,6,248,64.0,2.745805263519287,2.7369518280029297,-0.008853435516357422
22,6,249,100.0,3.3120670318603516,3.313579797744751,0.001512765884399414
22,6,250,151.0,3.886031150817871,3.8909506797790527,0.004919528961181641
22,6,251,174.0,3.292135715484619,3.284440040588379,-0.007695674896240234
22,6,252,126.0,4.651801109313965,4.647139549255371,-0.00466156005859375
22,6,253,99.0,3.699761390686035,3.6930153369903564,-0.006746053695678711
22,6,254,107.0,4.576633453369141,4.575098037719727,-0.0015354156494140625
22,6,255,116.0,3.825943946838379,3.831409215927124,0.005465269088745117
22,7,0,196.0,3.98167085647583,3.991237163543701,0.009566307067871094
22,7,1,127.0,3.705084800720215,3.7052175998687744,0.0001327991485595703
22,7,2,162.0,2.4317469596862793,2.4321749210357666,0.0004279613494873047
22,7,3,92.0,5.154407501220703,5.1620564460754395,0.007648944854736328
22,7,4,194.0,3.7261335849761963,3.727569341659546,0.0014357566833496094
22,7,5,115.0,3.4317781925201416,3.4463913440704346,0.014613151550292969
22,7,6,109.0,4.611254692077637,4.613290309906006,0.0020356178283691406
22,7,7,48.0,3.824559450149536,3.8334219455718994,0.008862495422363281
22,7,8,69.0,4.333216190338135,4.3448638916015625,0.011647701263427734
22,7,9,85.0,3.4889185428619385,3.4881982803344727,-0.0007202625274658203
22,7,10,238.0,3.337062358856201,3.340766429901123,0.003704071044921875
22,7,11,233.0,3.013906478881836,3.017151117324829,0.003244638442993164
22,7,12,208.0,3.644038200378418,3.6439192295074463,-0.00011897087097167969
22,7,13,196.0,3.302739381790161,3.310450553894043,0.007711172103881836
22,7,14,131.0,3.989900827407837,3.995666980743408,0.005766153335571289
22,7,15,125.0,3.2012383937835693,3.207730531692505,0.006492137908935547
22,7,16,61.0,4.757500171661377,4.7576904296875,0.00019025802612304688
22,7,17,164.0,2.6241273880004883,2.6148905754089355,-0.009236812591552734
22,7,18,107.0,3.8216171264648438,3.828317880630493,0.006700754165649414
22,7,19,48.0,4.036356449127197,4.03903341293335,0.0026769638061523438
22,7,20,74.0,2.6907341480255127,2.6826541423797607,-0.008080005645751953
22,7,21,103.0,2.9307749271392822,2.9360814094543457,0.0053064823150634766
22,7,22,114.0,3.8854269981384277,3.884488344192505,-0.0009386539459228516
22,7,23,50.0,6.480540752410889,6.494238376617432,0.013697624206542969
22,7,24,281.0,3.1489627361297607,3.1445159912109375,-0.004446744918823242
22,7,25,247.0,2.5188822746276855,2.524547576904297,0.005665302276611328
22,7,26,173.0,4.413876056671143,4.42605447769165,0.012178421020507812
22,7,27,166.0,3.707796812057495,3.711808204650879,0.004011392593383789
22,7,28,98.0,3.151510238647461,3.15730619430542,0.005795955657958984
22,7,29,174.0,3.586359739303589,3.5906217098236084,0.004261970520019531
22,7,30,173.0,3.190525531768799,3.197762966156006,0.007237434387207031
22,7,31,215.0,4.340093612670898,4.338132381439209,-0.001961231231689453
22,7,32,186.0,3.4789488315582275,3.4857466220855713,0.00679779052734375
22,7,33,153.0,2.9326295852661133,2.932690143585205,6.0558319091796875e-05
22,7,34,147.0,4.1311798095703125,4.135085105895996,0.0039052963256835938
22,7,35,50.0,4.620577812194824,4.623884677886963,0.003306865692138672
22,7,36,86.0,3.942690134048462,3.941126585006714,-0.0015635490417480469
22,7,37,154.0,4.250033378601074,4.2502217292785645,0.00018835067749023438
22,7,38,265.0,2.933018684387207,2.9383296966552734,0.005311012268066406
22,7,39,199.0,3.941709518432617,3.9422519207000732,0.0005424022674560547
22,7,40,138.0,4.430899620056152,4.429778099060059,-0.00112152099609375
22,7,41,98.0,4.048152923583984,4.054126739501953,0.00597381591796875
22,7,42,167.0,2.98820424079895,2.9890284538269043,0.0008242130279541016
22,7,43,288.0,4.51556396484375,4.521995544433594,0.00643157958984375
22,7,44,225.0,3.134540557861328,3.140169382095337,0.005628824234008789
22,7,45,191.0,3.475728988647461,3.470731019973755,-0.004997968673706055
22,7,46,92.0,5.071820259094238,5.071209907531738,-0.0006103515625
22,7,47,41.0,5.766663551330566,5.776063442230225,0.009399890899658203
22,7,48,231.0,3.4077651500701904,3.4090871810913086,0.001322031021118164
22,7,49,101.0,2.9521121978759766,2.965141773223877,0.01302957534790039
22,7,50,177.0,3.6662821769714355,3.6702075004577637,0.003925323486328125
22,7,51,252.0,4.05861759185791,4.060103893280029,0.0014863014221191406
22,7,52,259.0,3.3747026920318604,3.383577585220337,0.008874893188476562
22,7,53,47.0,4.065746307373047,4.078202724456787,0.012456417083740234
22,7,54,164.0,2.495858669281006,2.498237371444702,0.002378702163696289
22,7,55,94.0,4.066493034362793,4.060426235198975,-0.006066799163818359
22,7,56,103.0,4.11627721786499,4.115429401397705,-0.0008478164672851562
22,7,57,78.0,3.913255453109741,3.8986847400665283,-0.01457071304321289
22,7,58,239.0,3.692802906036377,3.7009823322296143,0.008179426193237305
22,7,59,271.0,4.881155014038086,4.876460552215576,-0.004694461822509766
22,7,60,162.0,3.3450679779052734,3.347734212875366,0.0026662349700927734
22,7,61,179.0,3.870093584060669,3.870635509490967,0.0005419254302978516
22,7,62,218.0,3.1762454509735107,3.1862285137176514,0.009983062744140625
22,7,63,81.0,3.809858798980713,3.807809829711914,-0.002048969268798828
22,7,64,93.0,4.687077522277832,4.690354347229004,0.003276824951171875
22,7,65,72.0,4.558295249938965,4.554660320281982,-0.003634929656982422
22,7,66,230.0,3.737887382507324,3.740450859069824,0.0025634765625
22,7,67,99.0,3.1625142097473145,3.163830041885376,0.0013158321380615234
22,7,68,213.0,3.218388557434082,3.2176387310028076,-0.0007498264312744141
22,7,69,119.0,3.072978973388672,3.0685110092163086,-0.004467964172363281
22,7,70,161.0,3.529710531234741,3.522153377532959,-0.0075571537017822266
22,7,71,90.0,4.394758224487305,4.3994832038879395,0.004724979400634766
22,7,72,181.0,3.6989989280700684,3.7025811672210693,0.0035822391510009766
22,7,73,95.0,4.745315074920654,4.744139194488525,-0.0011758804321289062
22,7,74,245.0,2.801177740097046,2.8040945529937744,0.0029168128967285156
22,7,75,93.0,2.319314956665039,2.3376283645629883,0.01831340789794922
22,7,76,225.0,3.1077821254730225,3.110283136367798,0.0025010108947753906
22,7,77,61.0,4.027099132537842,4.022147178649902,-0.004951953887939453
22,7,78,257.0,4.246406078338623,4.249633312225342,0.00322723388671875
22,7,79,165.0,3.7203760147094727,3.724402666091919,0.004026651382446289
22,7,80,117.0,4.752804279327393,4.757913589477539,0.005109310150146484
22,7,81,89.0,4.279232025146484,4.278566360473633,-0.0006656646728515625
22,7,82,291.0,4.08609676361084,4.093267917633057,0.007171154022216797
22,7,83,93.0,4.042176723480225,4.0473527908325195,0.005176067352294922
22,7,84,228.0,2.8949825763702393,2.9065792560577393,0.0115966796875
22,7,85,131.0,3.406266927719116,3.405978202819824,-0.0002887248992919922
22,7,86,191.0,4.77057409286499,4.774564743041992,0.003990650177001953
22,7,87,238.0,5.341985702514648,5.354893684387207,0.012907981872558594
22,7,88,210.0,3.7304000854492188,3.7333648204803467,0.0029647350311279297
22,7,89,107.0,4.658895492553711,4.663608074188232,0.004712581634521484
22,7,90,217.0,3.256716728210449,3.258808135986328,0.0020914077758789062
22,7,91,199.0,3.479922294616699,3.479584217071533,-0.0003380775451660156
22,7,92,84.0,2.9870519638061523,2.9767680168151855,-0.010283946990966797
22,7,93,271.0,4.167789459228516,4.174230098724365,0.006440639495849609
22,7,94,226.0,3.797963857650757,3.799046516418457,0.0010826587677001953
22,7,95,258.0,4.302313327789307,4.307122707366943,0.004809379577636719
22,7,96,86.0,4.009377479553223,4.000860214233398,-0.008517265319824219
22,7,97,142.0,4.886353492736816,4.885591983795166,-0.0007615089416503906
22,7,98,42.0,4.73474645614624,4.738190174102783,0.0034437179565429688
22,7,99,224.0,3.053419828414917,3.0559239387512207,0.002504110336303711
22,7,100,197.0,2.6848225593566895,2.6870365142822266,0.0022139549255371094
22,7,101,85.0,3.080362558364868,3.1003661155700684,0.020003557205200195
22,7,102,195.0,3.4633231163024902,3.470430612564087,0.00710749626159668
22,7,103,102.0,4.20768404006958,4.210485935211182,0.0028018951416015625
22,7,104,181.0,3.711848735809326,3.7098467350006104,-0.0020020008087158203
22,7,105,72.0,2.723045587539673,2.7314939498901367,0.008448362350463867
22,7,106,130.0,4.976626396179199,4.99648904800415,0.019862651824951172
22,7,107,62.0,3.1819393634796143,3.1803061962127686,-0.0016331672668457031
22,7,108,263.0,4.0605854988098145,4.059985637664795,-0.0005998611450195312
22,7,109,194.0,3.1560444831848145,3.1615564823150635,0.0055119991302490234
22,7,110,174.0,3.211611032485962,3.222900629043579,0.011289596557617188
22,7,111,235.0,4.168798446655273,4.183192253112793,0.014393806457519531
22,7,112,143.0,4.279087066650391,4.280179977416992,0.0010929107666015625
22,7,113,117.0,4.890145778656006,4.899150848388672,0.009005069732666016
22,7,114,160.0,4.253233909606934,4.263792037963867,0.010558128356933594
22,7,115,115.0,3.9266409873962402,3.931070566177368,0.00442957878112793
22,7,116,120.0,3.8633739948272705,3.868262767791748,0.004888772964477539
22,7,117,186.0,4.1213459968566895,4.120983123779297,-0.0003628730773925781
22,7,118,138.0,3.296036958694458,3.3014988899230957,0.005461931228637695
22,7,119,80.0,3.554978847503662,3.5639443397521973,0.008965492248535156
22,7,120,164.0,3.3612916469573975,3.3660383224487305,0.004746675491333008
22,7,121,215.0,3.762061357498169,3.762474536895752,0.0004131793975830078
22,7,122,81.0,3.60632061958313,3.6130149364471436,0.006694316864013672
22,7,123,171.0,3.4178876876831055,3.416961431503296,-0.0009262561798095703
22,7,124,41.0,4.780884742736816,4.769425868988037,-0.011458873748779297
22,7,125,103.0,4.1708221435546875,4.165504455566406,-0.00531768798828125
22,7,126,145.0,3.385586977005005,3.3924500942230225,0.006863117218017578
22,7,127,102.0,3.511989116668701,3.5131330490112305,0.0011439323425292969
22,7,128,157.0,4.545989513397217,4.548426151275635,0.0024366378784179688
22,7,129,161.0,3.612820625305176,3.6138744354248047,0.0010538101196289062
22,7,130,248.0,3.595446825027466,3.5943384170532227,-0.001108407974243164
22,7,131,240.0,4.314742088317871,4.322894096374512,0.008152008056640625
22,7,132,284.0,3.515221118927002,3.5153257846832275,0.00010466575622558594
22,7,133,105.0,5.547122001647949,5.557007312774658,0.009885311126708984
22,7,134,72.0,3.6292827129364014,3.6237988471984863,-0.005483865737915039
22,7,135,86.0,3.9638190269470215,3.960758686065674,-0.0030603408813476562
22,7,136,120.0,3.225938320159912,3.2245473861694336,-0.0013909339904785156
22,7,137,64.0,3.684243679046631,3.682615280151367,-0.0016283988952636719
22,7,138,220.0,2.8231959342956543,2.8258306980133057,0.002634763717651367
22,7,139,92.0,2.984248638153076,2.993375062942505,0.009126424789428711
22,7,140,180.0,3.4170660972595215,3.4121501445770264,-0.004915952682495117
22,7,141,95.0,3.5693070888519287,3.5646471977233887,-0.004659891128540039
22,7,142,72.0,5.436267852783203,5.434032917022705,-0.002234935760498047
22,7,143,152.0,4.664964199066162,4.668665885925293,0.0037016868591308594
22,7,144,170.0,3.2575697898864746,3.256789207458496,-0.0007805824279785156
22,7,145,56.0,4.233151912689209,4.2448883056640625,0.011736392974853516
22,7,146,174.0,3.632305860519409,3.6459224224090576,0.013616561889648438
22,7,147,191.0,3.26232647895813,3.266195774078369,0.003869295120239258
22,7,148,279.0,3.7231252193450928,3.7255184650421143,0.0023932456970214844
22,7,149,98.0,3.6501717567443848,3.663492202758789,0.013320446014404297
22,7,150,50.0,3.987290143966675,3.9817464351654053,-0.005543708801269531
22,7,151,61.0,3.207566976547241,3.204054117202759,-0.003512859344482422
22,7,152,208.0,2.833768367767334,2.8367908000946045,0.003022432327270508
22,7,153,124.0,3.7818057537078857,3.7819995880126953,0.0001938343048095703
22,7,154,128.0,3.3032331466674805,3.3005599975585938,-0.0026731491088867188
22,7,155,250.0,4.603071212768555,4.616238117218018,0.01316690444946289
22,7,156,239.0,2.621934175491333,2.6204476356506348,-0.0014865398406982422
22,7,157,164.0,2.8648641109466553,2.8675003051757812,0.0026361942291259766
22,7,158,42.0,4.671477317810059,4.691934585571289,0.02045726776123047
22,7,159,200.0,4.007006645202637,4.005255699157715,-0.001750946044921875
22,7,160,209.0,3.638150215148926,3.641979932785034,0.0038297176361083984
22,7,161,206.0,3.6040756702423096,3.6039040088653564,-0.000171661376953125
22,7,162,139.0,4.383498191833496,4.396084308624268,0.012586116790771484
22,7,163,76.0,3.7987864017486572,3.8000025749206543,0.0012161731719970703
22,7,164,232.0,3.892338275909424,3.8896915912628174,-0.0026466846466064453
22,7,165,235.0,3.9155564308166504,3.913599729537964,-0.0019567012786865234
22,7,166,49.0,4.228317737579346,4.231907367706299,0.003589630126953125
22,7,167,138.0,3.473930835723877,3.4712655544281006,-0.002665281295776367
22,7,168,60.0,3.808337450027466,3.8252389430999756,0.016901493072509766
22,7,169,146.0,4.041977882385254,4.039790630340576,-0.0021872520446777344
22,7,170,57.0,4.420210838317871,4.415457248687744,-0.004753589630126953
22,7,171,135.0,3.909317970275879,3.918511390686035,0.00919342041015625
22,7,172,113.0,3.19097638130188,3.195361852645874,0.004385471343994141
22,7,173,208.0,4.171577453613281,4.163209915161133,-0.008367538452148438
22,7,174,195.0,2.116305112838745,2.1155965328216553,-0.0007085800170898438
22,7,175,137.0,3.9520905017852783,3.932156562805176,-0.01993393898010254
22,7,176,91.0,4.97736120223999,4.98474645614624,0.00738525390625
22,7,177,66.0,3.994100332260132,3.996220350265503,0.0021200180053710938
22,7,178,173.0,3.3507070541381836,3.3572824001312256,0.006575345993041992
22,7,179,89.0,5.353647708892822,5.362809658050537,0.009161949157714844
22,7,180,231.0,3.6613731384277344,3.662041664123535,0.0006685256958007812
22,7,181,71.0,5.397938251495361,5.38643217086792,-0.011506080627441406
22,7,182,98.0,3.963383674621582,3.970299005508423,0.00691533088684082
22,7,183,215.0,1.998246431350708,1.9979747533798218,-0.00027167797088623047
22,7,184,159.0,4.383580684661865,4.393385410308838,0.009804725646972656
22,7,185,86.0,3.697986602783203,3.687413454055786,-0.010573148727416992
22,7,186,92.0,3.4445607662200928,3.4348349571228027,-0.009725809097290039
22,7,187,51.0,5.179178714752197,5.185039520263672,0.005860805511474609
22,7,188,86.0,4.734201908111572,4.738914489746094,0.004712581634521484
22,7,189,132.0,3.6938047409057617,3.70108699798584,0.007282257080078125
22,7,190,214.0,3.9561617374420166,3.9598007202148438,0.0036389827728271484
22,7,191,139.0,4.121965408325195,4.133536338806152,0.011570930480957031
22,7,192,89.0,3.4952480792999268,3.4918315410614014,-0.0034165382385253906
22,7,193,102.0,4.782958507537842,4.788750171661377,0.005791664123535156
22,7,194,156.0,2.6015143394470215,2.605600118637085,0.0040857791900634766
22,7,195,87.0,3.839608669281006,3.8377790451049805,-0.0018296241760253906
22,7,196,175.0,3.2536110877990723,3.2563414573669434,0.0027303695678710938
22,7,197,136.0,2.3385791778564453,2.340578556060791,0.001999378204345703
22,7,198,54.0,3.781459093093872,3.782118797302246,0.0006597042083740234
22,7,199,71.0,4.556375980377197,4.551703453063965,-0.004672527313232422
22,7,200,43.0,4.562034606933594,4.5598554611206055,-0.0021791458129882812
22,7,201,200.0,3.3231818675994873,3.3257739543914795,0.0025920867919921875
22,7,202,60.0,3.5167155265808105,3.5201823711395264,0.0034668445587158203
22,7,203,220.0,3.437206983566284,3.442323923110962,0.005116939544677734
22,7,204,160.0,4.1729278564453125,4.17356014251709,0.0006322860717773438
22,7,205,46.0,3.025144100189209,3.040452003479004,0.015307903289794922
22,7,206,189.0,3.507356882095337,3.5115675926208496,0.004210710525512695
22,7,207,69.0,4.68245792388916,4.685338020324707,0.002880096435546875
22,7,208,164.0,2.968637228012085,2.9672319889068604,-0.0014052391052246094
22,7,209,121.0,3.6657907962799072,3.6657121181488037,-7.867813110351562e-05
22,7,210,453.0,5.465768337249756,5.502401828765869,0.03663349151611328
22,7,211,167.0,3.817554473876953,3.8233587741851807,0.005804300308227539
22,7,212,79.0,3.6519949436187744,3.65462589263916,0.002630949020385742
22,7,213,64.0,4.473271369934082,4.490550994873047,0.017279624938964844
22,7,214,214.0,3.5177533626556396,3.5174520015716553,-0.000301361083984375
22,7,215,42.0,4.581282615661621,4.578505516052246,-0.002777099609375
22,7,216,85.0,4.406545639038086,4.413658618927002,0.007112979888916016
22,7,217,45.0,4.909335136413574,4.913398265838623,0.004063129425048828
22,7,218,96.0,4.346060276031494,4.34463357925415,-0.00142669677734375
22,7,219,40.0,3.466945171356201,3.473839521408081,0.006894350051879883
22,7,220,66.0,4.6993865966796875,4.700665473937988,0.0012788772583007812
22,7,221,262.0,3.4376049041748047,3.4398295879364014,0.0022246837615966797
22,7,222,32.0,4.6173553466796875,4.608770370483398,-0.008584976196289062
22,7,223,33.0,4.931256294250488,4.9436116218566895,0.012355327606201172
22,7,224,139.0,2.1582767963409424,2.161341428756714,0.0030646324157714844
22,7,225,84.0,4.020323753356934,4.019344329833984,-0.0009794235229492188
22,7,226,46.0,3.709413528442383,3.7089524269104004,-0.0004611015319824219
22,7,227,121.0,4.181075572967529,4.181789875030518,0.0007143020629882812
22,7,228,67.0,3.140568971633911,3.1543500423431396,0.013781070709228516
22,7,229,187.0,3.8881711959838867,3.8847126960754395,-0.0034584999084472656
22,7,230,40.0,4.873936176300049,4.876547813415527,0.0026116371154785156
22,7,231,91.0,3.998016119003296,3.991927146911621,-0.006088972091674805
22,7,232,52.0,4.4449782371521,4.463144302368164,0.018166065216064453
22,7,233,49.0,4.133476257324219,4.130764961242676,-0.0027112960815429688
22,7,234,261.0,3.079342842102051,3.0917820930480957,0.012439250946044922
22,7,235,59.0,4.072587490081787,4.082106590270996,0.009519100189208984
22,7,236,132.0,4.054989814758301,4.060573101043701,0.005583286285400391
22,7,237,136.0,3.4520623683929443,3.4674057960510254,0.015343427658081055
22,7,238,210.0,3.7005720138549805,3.700019359588623,-0.0005526542663574219
22,7,239,258.0,3.6856272220611572,3.68607497215271,0.0004477500915527344
22,7,240,203.0,3.5238258838653564,3.5228521823883057,-0.0009737014770507812
22,7,241,198.0,3.3618428707122803,3.370020627975464,0.008177757263183594
22,7,242,85.0,3.468600034713745,3.463430166244507,-0.005169868469238281
22,7,243,85.0,2.1469109058380127,2.1526927947998047,0.005781888961791992
22,7,244,93.0,4.847414970397949,4.853516101837158,0.006101131439208984
22,7,245,68.0,4.8312296867370605,4.832607269287109,0.0013775825500488281
22,7,246,58.0,4.302565574645996,4.303955554962158,0.0013899803161621094
22,7,247,187.0,3.1594748497009277,3.159658908843994,0.00018405914306640625
22,7,248,64.0,2.745805263519287,2.7391695976257324,-0.0066356658935546875
22,7,249,100.0,3.3120670318603516,3.313023090362549,0.0009560585021972656
22,7,250,151.0,3.886031150817871,3.8832316398620605,-0.002799510955810547
22,7,251,174.0,3.292135715484619,3.2975759506225586,0.005440235137939453
22,7,252,126.0,4.651801109313965,4.663944721221924,0.012143611907958984
22,7,253,99.0,3.699761390686035,3.7041754722595215,0.004414081573486328
22,7,254,107.0,4.576633453369141,4.596931457519531,0.020298004150390625
22,7,255,116.0,3.825943946838379,3.829066276550293,0.0031223297119140625
22,8,0,196.0,3.98167085647583,3.984013795852661,0.0023429393768310547
22,8,1,127.0,3.705084800720215,3.7036845684051514,-0.0014002323150634766
22,8,2,162.0,2.4317469596862793,2.4344096183776855,0.00266265869140625
22,8,3,92.0,5.154407501220703,5.150372505187988,-0.004034996032714844
22,8,4,194.0,3.7261335849761963,3.72772479057312,0.0015912055969238281
22,8,5,115.0,3.4317781925201416,3.437904119491577,0.006125926971435547
22,8,6,109.0,4.611254692077637,4.613153457641602,0.0018987655639648438
22,8,7,48.0,3.824559450149536,3.835902214050293,0.011342763900756836
22,8,8,69.0,4.333216190338135,4.339446067810059,0.006229877471923828
22,8,9,85.0,3.4889185428619385,3.491743803024292,0.0028252601623535156
22,8,10,238.0,3.337062358856201,3.3365352153778076,-0.0005271434783935547
22,8,11,233.0,3.013906478881836,3.0110182762145996,-0.002888202667236328
22,8,12,208.0,3.644038200378418,3.6375644207000732,-0.0064737796783447266
22,8,13,196.0,3.302739381790161,3.3088366985321045,0.006097316741943359
22,8,14,131.0,3.989900827407837,3.9909164905548096,0.0010156631469726562
22,8,15,125.0,3.2012383937835693,3.200157642364502,-0.0010807514190673828
22,8,16,61.0,4.757500171661377,4.764378070831299,0.006877899169921875
22,8,17,164.0,2.6241273880004883,2.6192281246185303,-0.004899263381958008
22,8,18,107.0,3.8216171264648438,3.8333580493927,0.011740922927856445
22,8,19,48.0,4.036356449127197,4.01492166519165,-0.021434783935546875
22,8,20,74.0,2.6907341480255127,2.6909589767456055,0.00022482872009277344
22,8,21,103.0,2.9307749271392822,2.9326183795928955,0.0018434524536132812
22,8,22,114.0,3.8854269981384277,3.882028579711914,-0.003398418426513672
22,8,23,50.0,6.480540752410889,6.484136581420898,0.0035958290100097656
22,8,24,281.0,3.1489627361297607,3.1512017250061035,0.0022389888763427734
22,8,25,247.0,2.5188822746276855,2.5242700576782227,0.005387783050537109
22,8,26,173.0,4.413876056671143,4.419361114501953,0.005485057830810547
22,8,27,166.0,3.707796812057495,3.7074644565582275,-0.0003323554992675781
22,8,28,98.0,3.151510238647461,3.1626737117767334,0.011163473129272461
22,8,29,174.0,3.586359739303589,3.5841472148895264,-0.0022125244140625
22,8,30,173.0,3.190525531768799,3.1941962242126465,0.0036706924438476562
22,8,31,215.0,4.340093612670898,4.337831497192383,-0.002262115478515625
22,8,32,186.0,3.4789488315582275,3.474719524383545,-0.004229307174682617
22,8,33,153.0,2.9326295852661133,2.9361791610717773,0.0035495758056640625
22,8,34,147.0,4.1311798095703125,4.135525226593018,0.004345417022705078
22,8,35,50.0,4.620577812194824,4.628309726715088,0.007731914520263672
22,8,36,86.0,3.942690134048462,3.959200143814087,0.016510009765625
22,8,37,154.0,4.250033378601074,4.249807357788086,-0.00022602081298828125
22,8,38,265.0,2.933018684387207,2.9366447925567627,0.003626108169555664
22,8,39,199.0,3.941709518432617,3.9392783641815186,-0.002431154251098633
22,8,40,138.0,4.430899620056152,4.425266265869141,-0.005633354187011719
22,8,41,98.0,4.048152923583984,4.053380966186523,0.0052280426025390625
22,8,42,167.0,2.98820424079895,2.988909959793091,0.000705718994140625
22,8,43,288.0,4.51556396484375,4.514439105987549,-0.0011248588562011719
22,8,44,225.0,3.134540557861328,3.1350347995758057,0.0004942417144775391
22,8,45,191.0,3.475728988647461,3.478076934814453,0.0023479461669921875
22,8,46,92.0,5.071820259094238,5.074399471282959,0.002579212188720703
22,8,47,41.0,5.766663551330566,5.741274356842041,-0.02538919448852539
22,8,48,231.0,3.4077651500701904,3.4096181392669678,0.0018529891967773438
22,8,49,101.0,2.9521121978759766,2.956166982650757,0.0040547847747802734
22,8,50,177.0,3.6662821769714355,3.6689157485961914,0.0026335716247558594
22,8,51,252.0,4.05861759185791,4.055160999298096,-0.003456592559814453
22,8,52,259.0,3.3747026920318604,3.3779115676879883,0.0032088756561279297
22,8,53,47.0,4.065746307373047,4.075314998626709,0.00956869125366211
22,8,54,164.0,2.495858669281006,2.502609968185425,0.006751298904418945
22,8,55,94.0,4.066493034362793,4.070657730102539,0.004164695739746094
22,8,56,103.0,4.11627721786499,4.1143035888671875,-0.0019736289978027344
22,8,57,78.0,3.913255453109741,3.91298770904541,-0.0002677440643310547
22,8,58,239.0,3.692802906036377,3.6869053840637207,-0.00589752197265625
22,8,59,271.0,4.881155014038086,4.878307342529297,-0.0028476715087890625
22,8,60,162.0,3.3450679779052734,3.3439180850982666,-0.001149892807006836
22,8,61,179.0,3.870093584060669,3.8714804649353027,0.001386880874633789
22,8,62,218.0,3.1762454509735107,3.1811132431030273,0.0048677921295166016
22,8,63,81.0,3.809858798980713,3.8086652755737305,-0.0011935234069824219
22,8,64,93.0,4.687077522277832,4.691334247589111,0.004256725311279297
22,8,65,72.0,4.558295249938965,4.548349380493164,-0.009945869445800781
22,8,66,230.0,3.737887382507324,3.7406442165374756,0.002756834030151367
22,8,67,99.0,3.1625142097473145,3.1568946838378906,-0.005619525909423828
22,8,68,213.0,3.218388557434082,3.222637891769409,0.0042493343353271484
22,8,69,119.0,3.072978973388672,3.072422504425049,-0.0005564689636230469
22,8,70,161.0,3.529710531234741,3.522704601287842,-0.007005929946899414
22,8,71,90.0,4.394758224487305,4.394851207733154,9.298324584960938e-05
22,8,72,181.0,3.6989989280700684,3.7020232677459717,0.0030243396759033203
22,8,73,95.0,4.745315074920654,4.746091365814209,0.0007762908935546875
22,8,74,245.0,2.801177740097046,2.8028061389923096,0.0016283988952636719
22,8,75,93.0,2.319314956665039,2.3248822689056396,0.005567312240600586
22,8,76,225.0,3.1077821254730225,3.109226942062378,0.0014448165893554688
22,8,77,61.0,4.027099132537842,4.027597427368164,0.0004982948303222656
22,8,78,257.0,4.246406078338623,4.244406700134277,-0.001999378204345703
22,8,79,165.0,3.7203760147094727,3.723723888397217,0.0033478736877441406
22,8,80,117.0,4.752804279327393,4.749240398406982,-0.0035638809204101562
22,8,81,89.0,4.279232025146484,4.285003185272217,0.005771160125732422
22,8,82,291.0,4.08609676361084,4.084303855895996,-0.00179290771484375
22,8,83,93.0,4.042176723480225,4.041467189788818,-0.00070953369140625
22,8,84,228.0,2.8949825763702393,2.8989675045013428,0.003984928131103516
22,8,85,131.0,3.406266927719116,3.404973268508911,-0.0012936592102050781
22,8,86,191.0,4.77057409286499,4.770905494689941,0.0003314018249511719
22,8,87,238.0,5.341985702514648,5.346908092498779,0.004922389984130859
22,8,88,210.0,3.7304000854492188,3.738043785095215,0.007643699645996094
22,8,89,107.0,4.658895492553711,4.6596574783325195,0.0007619857788085938
22,8,90,217.0,3.256716728210449,3.2545223236083984,-0.0021944046020507812
22,8,91,199.0,3.479922294616699,3.4828684329986572,0.002946138381958008
22,8,92,84.0,2.9870519638061523,2.984829902648926,-0.0022220611572265625
22,8,93,271.0,4.167789459228516,4.173614501953125,0.005825042724609375
22,8,94,226.0,3.797963857650757,3.7993903160095215,0.0014264583587646484
22,8,95,258.0,4.302313327789307,4.298880100250244,-0.0034332275390625
22,8,96,86.0,4.009377479553223,4.010088920593262,0.0007114410400390625
22,8,97,142.0,4.886353492736816,4.887444496154785,0.00109100341796875
22,8,98,42.0,4.73474645614624,4.736687660217285,0.0019412040710449219
22,8,99,224.0,3.053419828414917,3.0584042072296143,0.004984378814697266
22,8,100,197.0,2.6848225593566895,2.6853740215301514,0.0005514621734619141
22,8,101,85.0,3.080362558364868,3.0911355018615723,0.010772943496704102
22,8,102,195.0,3.4633231163024902,3.4637980461120605,0.0004749298095703125
22,8,103,102.0,4.20768404006958,4.207626819610596,-5.7220458984375e-05
22,8,104,181.0,3.711848735809326,3.7147648334503174,0.002916097640991211
22,8,105,72.0,2.723045587539673,2.7233943939208984,0.00034880638122558594
22,8,106,130.0,4.976626396179199,4.97578763961792,-0.0008387565612792969
22,8,107,62.0,3.1819393634796143,3.185328960418701,0.003389596939086914
22,8,108,263.0,4.0605854988098145,4.057008743286133,-0.0035767555236816406
22,8,109,194.0,3.1560444831848145,3.156524896621704,0.00048041343688964844
22,8,110,174.0,3.211611032485962,3.213993787765503,0.0023827552795410156
22,8,111,235.0,4.168798446655273,4.171018123626709,0.002219676971435547
22,8,112,143.0,4.279087066650391,4.281522274017334,0.0024352073669433594
22,8,113,117.0,4.890145778656006,4.889165878295898,-0.0009799003601074219
22,8,114,160.0,4.253233909606934,4.2562150955200195,0.0029811859130859375
22,8,115,115.0,3.9266409873962402,3.9296438694000244,0.0030028820037841797
22,8,116,120.0,3.8633739948272705,3.8653461933135986,0.001972198486328125
22,8,117,186.0,4.1213459968566895,4.125458240509033,0.00411224365234375
22,8,118,138.0,3.296036958694458,3.2978928089141846,0.0018558502197265625
22,8,119,80.0,3.554978847503662,3.563173770904541,0.008194923400878906
22,8,120,164.0,3.3612916469573975,3.358004570007324,-0.003287076950073242
22,8,121,215.0,3.762061357498169,3.758948564529419,-0.00311279296875
22,8,122,81.0,3.60632061958313,3.5961811542510986,-0.01013946533203125
22,8,123,171.0,3.4178876876831055,3.4155402183532715,-0.0023474693298339844
22,8,124,41.0,4.780884742736816,4.7829155921936035,0.0020308494567871094
22,8,125,103.0,4.1708221435546875,4.1773247718811035,0.006502628326416016
22,8,126,145.0,3.385586977005005,3.382411241531372,-0.0031757354736328125
22,8,127,102.0,3.511989116668701,3.511993646621704,4.5299530029296875e-06
22,8,128,157.0,4.545989513397217,4.5434160232543945,-0.0025734901428222656
22,8,129,161.0,3.612820625305176,3.613344192504883,0.0005235671997070312
22,8,130,248.0,3.595446825027466,3.5947489738464355,-0.0006978511810302734
22,8,131,240.0,4.314742088317871,4.316549777984619,0.0018076896667480469
22,8,132,284.0,3.515221118927002,3.514491081237793,-0.0007300376892089844
22,8,133,105.0,5.547122001647949,5.54819917678833,0.0010771751403808594
22,8,134,72.0,3.6292827129364014,3.6149892807006836,-0.014293432235717773
22,8,135,86.0,3.9638190269470215,3.9662694931030273,0.0024504661560058594
22,8,136,120.0,3.225938320159912,3.2278246879577637,0.0018863677978515625
22,8,137,64.0,3.684243679046631,3.6834096908569336,-0.0008339881896972656
22,8,138,220.0,2.8231959342956543,2.827153444290161,0.003957509994506836
22,8,139,92.0,2.984248638153076,2.9917263984680176,0.007477760314941406
22,8,140,180.0,3.4170660972595215,3.410291910171509,-0.006774187088012695
22,8,141,95.0,3.5693070888519287,3.569093942642212,-0.00021314620971679688
22,8,142,72.0,5.436267852783203,5.44141960144043,0.0051517486572265625
22,8,143,152.0,4.664964199066162,4.672903060913086,0.007938861846923828
22,8,144,170.0,3.2575697898864746,3.2558536529541016,-0.0017161369323730469
22,8,145,56.0,4.233151912689209,4.228724479675293,-0.004427433013916016
22,8,146,174.0,3.632305860519409,3.634470224380493,0.0021643638610839844
22,8,147,191.0,3.26232647895813,3.2668213844299316,0.004494905471801758
22,8,148,279.0,3.7231252193450928,3.7236328125,0.0005075931549072266
22,8,149,98.0,3.6501717567443848,3.6551897525787354,0.005017995834350586
22,8,150,50.0,3.987290143966675,3.980942487716675,-0.00634765625
22,8,151,61.0,3.207566976547241,3.211570978164673,0.004004001617431641
22,8,152,208.0,2.833768367767334,2.8377275466918945,0.003959178924560547
22,8,153,124.0,3.7818057537078857,3.7861220836639404,0.0043163299560546875
22,8,154,128.0,3.3032331466674805,3.3046090602874756,0.0013759136199951172
22,8,155,250.0,4.603071212768555,4.608477592468262,0.005406379699707031
22,8,156,239.0,2.621934175491333,2.6212613582611084,-0.0006728172302246094
22,8,157,164.0,2.8648641109466553,2.862061023712158,-0.0028030872344970703
22,8,158,42.0,4.671477317810059,4.667837142944336,-0.0036401748657226562
22,8,159,200.0,4.007006645202637,4.0045552253723145,-0.0024514198303222656
22,8,160,209.0,3.638150215148926,3.6376469135284424,-0.0005033016204833984
22,8,161,206.0,3.6040756702423096,3.5986483097076416,-0.005427360534667969
22,8,162,139.0,4.383498191833496,4.387898921966553,0.004400730133056641
22,8,163,76.0,3.7987864017486572,3.7933526039123535,-0.005433797836303711
22,8,164,232.0,3.892338275909424,3.8872742652893066,-0.0050640106201171875
22,8,165,235.0,3.9155564308166504,3.9191322326660156,0.0035758018493652344
22,8,166,49.0,4.228317737579346,4.24572229385376,0.017404556274414062
22,8,167,138.0,3.473930835723877,3.4689574241638184,-0.004973411560058594
22,8,168,60.0,3.808337450027466,3.8227624893188477,0.014425039291381836
22,8,169,146.0,4.041977882385254,4.040467262268066,-0.0015106201171875
22,8,170,57.0,4.420210838317871,4.423065662384033,0.0028548240661621094
22,8,171,135.0,3.909317970275879,3.9087257385253906,-0.0005922317504882812
22,8,172,113.0,3.19097638130188,3.189060926437378,-0.0019154548645019531
22,8,173,208.0,4.171577453613281,4.175259590148926,0.0036821365356445312
22,8,174,195.0,2.116305112838745,2.112283945083618,-0.004021167755126953
22,8,175,137.0,3.9520905017852783,3.9464609622955322,-0.005629539489746094
22,8,176,91.0,4.97736120223999,4.978007793426514,0.0006465911865234375
22,8,177,66.0,3.994100332260132,3.989652633666992,-0.0044476985931396484
22,8,178,173.0,3.3507070541381836,3.3498287200927734,-0.0008783340454101562
22,8,179,89.0,5.353647708892822,5.356184959411621,0.002537250518798828
22,8,180,231.0,3.6613731384277344,3.659475088119507,-0.001898050308227539
22,8,181,71.0,5.397938251495361,5.3996171951293945,0.0016789436340332031
22,8,182,98.0,3.963383674621582,3.968248128890991,0.00486445426940918
22,8,183,215.0,1.998246431350708,2.002206563949585,0.003960132598876953
22,8,184,159.0,4.383580684661865,4.3822479248046875,-0.0013327598571777344
22,8,185,86.0,3.697986602783203,3.706031322479248,0.008044719696044922
22,8,186,92.0,3.4445607662200928,3.4389688968658447,-0.005591869354248047
22,8,187,51.0,5.179178714752197,5.169903755187988,-0.009274959564208984
22,8,188,86.0,4.734201908111572,4.735359191894531,0.0011572837829589844
22,8,189,132.0,3.6938047409057617,3.6986467838287354,0.004842042922973633
22,8,190,214.0,3.9561617374420166,3.951483964920044,-0.004677772521972656
22,8,191,139.0,4.121965408325195,4.13298225402832,0.011016845703125
22,8,192,89.0,3.4952480792999268,3.4905519485473633,-0.0046961307525634766
22,8,193,102.0,4.782958507537842,4.783918857574463,0.0009603500366210938
22,8,194,156.0,2.6015143394470215,2.602443218231201,0.0009288787841796875
22,8,195,87.0,3.839608669281006,3.835827112197876,-0.003781557083129883
22,8,196,175.0,3.2536110877990723,3.2560513019561768,0.002440214157104492
22,8,197,136.0,2.3385791778564453,2.3411972522735596,0.002618074417114258
22,8,198,54.0,3.781459093093872,3.7892518043518066,0.00779271125793457
22,8,199,71.0,4.556375980377197,4.54436731338501,-0.0120086669921875
22,8,200,43.0,4.562034606933594,4.563197135925293,0.0011625289916992188
22,8,201,200.0,3.3231818675994873,3.3228371143341064,-0.0003447532653808594
22,8,202,60.0,3.5167155265808105,3.5177159309387207,0.0010004043579101562
22,8,203,220.0,3.437206983566284,3.4420065879821777,0.004799604415893555
22,8,204,160.0,4.1729278564453125,4.165897369384766,-0.007030487060546875
22,8,205,46.0,3.025144100189209,3.0285329818725586,0.0033888816833496094
22,8,206,189.0,3.507356882095337,3.518214702606201,0.010857820510864258
22,8,207,69.0,4.68245792388916,4.68226432800293,-0.00019359588623046875
22,8,208,164.0,2.968637228012085,2.96645188331604,-0.002185344696044922
22,8,209,121.0,3.6657907962799072,3.657521963119507,-0.00826883316040039
22,8,210,453.0,5.465768337249756,5.470500469207764,0.0047321319580078125
22,8,211,167.0,3.817554473876953,3.813938617706299,-0.003615856170654297
22,8,212,79.0,3.6519949436187744,3.652491331100464,0.0004963874816894531
22,8,213,64.0,4.473271369934082,4.477509498596191,0.004238128662109375
22,8,214,214.0,3.5177533626556396,3.517110586166382,-0.0006427764892578125
22,8,215,42.0,4.581282615661621,4.584201335906982,0.002918720245361328
22,8,216,85.0,4.406545639038086,4.409158706665039,0.002613067626953125
22,8,217,45.0,4.909335136413574,4.909790515899658,0.0004553794860839844
22,8,218,96.0,4.346060276031494,4.356287479400635,0.010227203369140625
22,8,219,40.0,3.466945171356201,3.4857678413391113,0.018822669982910156
22,8,220,66.0,4.6993865966796875,4.695603847503662,-0.0037827491760253906
22,8,221,262.0,3.4376049041748047,3.4424993991851807,0.0048944950103759766
22,8,222,32.0,4.6173553466796875,4.62412166595459,0.006766319274902344
22,8,223,33.0,4.931256294250488,4.946914196014404,0.015657901763916016
22,8,224,139.0,2.1582767963409424,2.1556849479675293,-0.002591848373413086
22,8,225,84.0,4.020323753356934,4.020359992980957,3.62396240234375e-05
22,8,226,46.0,3.709413528442383,3.724743366241455,0.015329837799072266
22,8,227,121.0,4.181075572967529,4.1806254386901855,-0.00045013427734375
22,8,228,67.0,3.140568971633911,3.1456298828125,0.005060911178588867
22,8,229,187.0,3.8881711959838867,3.883471727371216,-0.0046994686126708984
22,8,230,40.0,4.873936176300049,4.859726905822754,-0.014209270477294922
22,8,231,91.0,3.998016119003296,3.9994728565216064,0.0014567375183105469
22,8,232,52.0,4.4449782371521,4.458127498626709,0.013149261474609375
22,8,233,49.0,4.133476257324219,4.1349310874938965,0.0014548301696777344
22,8,234,261.0,3.079342842102051,3.0828163623809814,0.003473520278930664
22,8,235,59.0,4.072587490081787,4.06630277633667,-0.0062847137451171875
22,8,236,132.0,4.054989814758301,4.059358596801758,0.004368782043457031
22,8,237,136.0,3.4520623683929443,3.4518930912017822,-0.00016927719116210938
22,8,238,210.0,3.7005720138549805,3.70170259475708,0.0011305809020996094
22,8,239,258.0,3.6856272220611572,3.678189754486084,-0.007437467575073242
22,8,240,203.0,3.5238258838653564,3.5260467529296875,0.0022208690643310547
22,8,241,198.0,3.3618428707122803,3.36087965965271,-0.0009632110595703125
22,8,242,85.0,3.468600034713745,3.461237668991089,-0.00736236572265625
22,8,243,85.0,2.1469109058380127,2.1377735137939453,-0.009137392044067383
22,8,244,93.0,4.847414970397949,4.847720623016357,0.0003056526184082031
22,8,245,68.0,4.8312296867370605,4.834074974060059,0.002845287322998047
22,8,246,58.0,4.302565574645996,4.303913116455078,0.0013475418090820312
22,8,247,187.0,3.1594748497009277,3.158036708831787,-0.001438140869140625
22,8,248,64.0,2.745805263519287,2.7489418983459473,0.0031366348266601562
22,8,249,100.0,3.3120670318603516,3.3074097633361816,-0.004657268524169922
22,8,250,151.0,3.886031150817871,3.88869571685791,0.0026645660400390625
22,8,251,174.0,3.292135715484619,3.2904021739959717,-0.001733541488647461
22,8,252,126.0,4.651801109313965,4.658347129821777,0.0065460205078125
22,8,253,99.0,3.699761390686035,3.703671932220459,0.003910541534423828
22,8,254,107.0,4.576633453369141,4.584324359893799,0.007690906524658203
22,8,255,116.0,3.825943946838379,3.8270974159240723,0.0011534690856933594
22,9,0,196.0,3.98167085647583,3.984027147293091,0.002356290817260742
22,9,1,127.0,3.705084800720215,3.7062811851501465,0.0011963844299316406
22,9,2,162.0,2.4317469596862793,2.4358632564544678,0.0041162967681884766
22,9,3,92.0,5.154407501220703,5.169939994812012,0.015532493591308594
22,9,4,194.0,3.7261335849761963,3.730424642562866,0.004291057586669922
22,9,5,115.0,3.4317781925201416,3.4268462657928467,-0.004931926727294922
22,9,6,109.0,4.611254692077637,4.608206272125244,-0.003048419952392578
22,9,7,48.0,3.824559450149536,3.8285911083221436,0.004031658172607422
22,9,8,69.0,4.333216190338135,4.335867881774902,0.002651691436767578
22,9,9,85.0,3.4889185428619385,3.490504741668701,0.0015861988067626953
22,9,10,238.0,3.337062358856201,3.3373074531555176,0.00024509429931640625
22,9,11,233.0,3.013906478881836,3.017909526824951,0.004003047943115234
22,9,12,208.0,3.644038200378418,3.6405258178710938,-0.0035123825073242188
22,9,13,196.0,3.302739381790161,3.3006625175476074,-0.002076864242553711
22,9,14,131.0,3.989900827407837,3.988477945327759,-0.001422882080078125
22,9,15,125.0,3.2012383937835693,3.196235418319702,-0.0050029754638671875
22,9,16,61.0,4.757500171661377,4.755433082580566,-0.002067089080810547
22,9,17,164.0,2.6241273880004883,2.618053436279297,-0.006073951721191406
22,9,18,107.0,3.8216171264648438,3.8065292835235596,-0.01508784294128418
22,9,19,48.0,4.036356449127197,4.034884929656982,-0.0014715194702148438
22,9,20,74.0,2.6907341480255127,2.684419631958008,-0.006314516067504883
22,9,21,103.0,2.9307749271392822,2.9309182167053223,0.00014328956604003906
22,9,22,114.0,3.8854269981384277,3.8910398483276367,0.005612850189208984
22,9,23,50.0,6.480540752410889,6.481068134307861,0.0005273818969726562
22,9,24,281.0,3.1489627361297607,3.147787570953369,-0.0011751651763916016
22,9,25,247.0,2.5188822746276855,2.5212697982788086,0.002387523651123047
22,9,26,173.0,4.413876056671143,4.4141764640808105,0.00030040740966796875
22,9,27,166.0,3.707796812057495,3.6968390941619873,-0.010957717895507812
22,9,28,98.0,3.151510238647461,3.1436829566955566,-0.007827281951904297
22,9,29,174.0,3.586359739303589,3.5833637714385986,-0.0029959678649902344
22,9,30,173.0,3.190525531768799,3.1950151920318604,0.0044896602630615234
22,9,31,215.0,4.340093612670898,4.337623119354248,-0.0024704933166503906
22,9,32,186.0,3.4789488315582275,3.474799156188965,-0.004149675369262695
22,9,33,153.0,2.9326295852661133,2.931490182876587,-0.0011394023895263672
22,9,34,147.0,4.1311798095703125,4.130325794219971,-0.0008540153503417969
22,9,35,50.0,4.620577812194824,4.641021728515625,0.02044391632080078
22,9,36,86.0,3.942690134048462,3.9438376426696777,0.0011475086212158203
22,9,37,154.0,4.250033378601074,4.245813369750977,-0.004220008850097656
22,9,38,265.0,2.933018684387207,2.9375410079956055,0.0045223236083984375
22,9,39,199.0,3.941709518432617,3.9391980171203613,-0.0025115013122558594
22,9,40,138.0,4.430899620056152,4.42333984375,-0.007559776306152344
22,9,41,98.0,4.048152923583984,4.047613620758057,-0.0005393028259277344
22,9,42,167.0,2.98820424079895,2.989572048187256,0.001367807388305664
22,9,43,288.0,4.51556396484375,4.51889705657959,0.0033330917358398438
22,9,44,225.0,3.134540557861328,3.1337532997131348,-0.0007872581481933594
22,9,45,191.0,3.475728988647461,3.4700543880462646,-0.005674600601196289
22,9,46,92.0,5.071820259094238,5.068842887878418,-0.0029773712158203125
22,9,47,41.0,5.766663551330566,5.767029762268066,0.0003662109375
22,9,48,231.0,3.4077651500701904,3.4115138053894043,0.003748655319213867
22,9,49,101.0,2.9521121978759766,2.956984519958496,0.004872322082519531
22,9,50,177.0,3.6662821769714355,3.6586320400238037,-0.007650136947631836
22,9,51,252.0,4.05861759185791,4.057372093200684,-0.0012454986572265625
22,9,52,259.0,3.3747026920318604,3.377366542816162,0.002663850784301758
22,9,53,47.0,4.065746307373047,4.0475616455078125,-0.018184661865234375
22,9,54,164.0,2.495858669281006,2.498507499694824,0.0026488304138183594
22,9,55,94.0,4.066493034362793,4.073551177978516,0.007058143615722656
22,9,56,103.0,4.11627721786499,4.11582612991333,-0.00045108795166015625
22,9,57,78.0,3.913255453109741,3.9118762016296387,-0.001379251480102539
22,9,58,239.0,3.692802906036377,3.6929337978363037,0.0001308917999267578
22,9,59,271.0,4.881155014038086,4.87977409362793,-0.00138092041015625
22,9,60,162.0,3.3450679779052734,3.3455374240875244,0.00046944618225097656
22,9,61,179.0,3.870093584060669,3.8708291053771973,0.0007355213165283203
22,9,62,218.0,3.1762454509735107,3.180476427078247,0.004230976104736328
22,9,63,81.0,3.809858798980713,3.821829319000244,0.01197052001953125
22,9,64,93.0,4.687077522277832,4.69026517868042,0.0031876564025878906
22,9,65,72.0,4.558295249938965,4.552854537963867,-0.005440711975097656
22,9,66,230.0,3.737887382507324,3.733323574066162,-0.004563808441162109
22,9,67,99.0,3.1625142097473145,3.168081521987915,0.005567312240600586
22,9,68,213.0,3.218388557434082,3.2154455184936523,-0.0029430389404296875
22,9,69,119.0,3.072978973388672,3.0695815086364746,-0.0033974647521972656
22,9,70,161.0,3.529710531234741,3.526341438293457,-0.0033690929412841797
22,9,71,90.0,4.394758224487305,4.397038459777832,0.0022802352905273438
22,9,72,181.0,3.6989989280700684,3.699465274810791,0.00046634674072265625
22,9,73,95.0,4.745315074920654,4.739250183105469,-0.006064891815185547
22,9,74,245.0,2.801177740097046,2.7988011837005615,-0.002376556396484375
22,9,75,93.0,2.319314956665039,2.3214991092681885,0.002184152603149414
22,9,76,225.0,3.1077821254730225,3.112184524536133,0.0044023990631103516
22,9,77,61.0,4.027099132537842,4.030223846435547,0.003124713897705078
22,9,78,257.0,4.246406078338623,4.249936580657959,0.0035305023193359375
22,9,79,165.0,3.7203760147094727,3.7187981605529785,-0.0015778541564941406
22,9,80,117.0,4.752804279327393,4.753554344177246,0.0007500648498535156
22,9,81,89.0,4.279232025146484,4.28204870223999,0.0028166770935058594
22,9,82,291.0,4.08609676361084,4.087978839874268,0.0018820762634277344
22,9,83,93.0,4.042176723480225,4.037751197814941,-0.004425525665283203
22,9,84,228.0,2.8949825763702393,2.8952741622924805,0.00029158592224121094
22,9,85,131.0,3.406266927719116,3.4031622409820557,-0.003104686737060547
22,9,86,191.0,4.77057409286499,4.770188808441162,-0.000385284423828125
22,9,87,238.0,5.341985702514648,5.339437484741211,-0.0025482177734375
22,9,88,210.0,3.7304000854492188,3.7247602939605713,-0.005639791488647461
22,9,89,107.0,4.658895492553711,4.660699844360352,0.001804351806640625
22,9,90,217.0,3.256716728210449,3.254120111465454,-0.002596616744995117
22,9,91,199.0,3.479922294616699,3.477308750152588,-0.002613544464111328
22,9,92,84.0,2.9870519638061523,2.9851644039154053,-0.0018875598907470703
22,9,93,271.0,4.167789459228516,4.165788650512695,-0.0020008087158203125
22,9,94,226.0,3.797963857650757,3.7954089641571045,-0.0025548934936523438
22,9,95,258.0,4.302313327789307,4.302828788757324,0.0005154609680175781
22,9,96,86.0,4.009377479553223,4.009161472320557,-0.00021600723266601562
22,9,97,142.0,4.886353492736816,4.878139495849609,-0.008213996887207031
22,9,98,42.0,4.73474645614624,4.735710620880127,0.0009641647338867188
22,9,99,224.0,3.053419828414917,3.0547351837158203,0.0013153553009033203
22,9,100,197.0,2.6848225593566895,2.6859512329101562,0.0011286735534667969
22,9,101,85.0,3.080362558364868,3.0879106521606445,0.007548093795776367
22,9,102,195.0,3.4633231163024902,3.4642505645751953,0.0009274482727050781
22,9,103,102.0,4.20768404006958,4.20761775970459,-6.628036499023438e-05
22,9,104,181.0,3.711848735809326,3.708021402359009,-0.003827333450317383
22,9,105,72.0,2.723045587539673,2.725872039794922,0.0028264522552490234
22,9,106,130.0,4.976626396179199,4.977110862731934,0.000484466552734375
22,9,107,62.0,3.1819393634796143,3.1778979301452637,-0.004041433334350586
22,9,108,263.0,4.0605854988098145,4.053943157196045,-0.006642341613769531
22,9,109,194.0,3.1560444831848145,3.150995969772339,-0.005048513412475586
22,9,110,174.0,3.211611032485962,3.2069427967071533,-0.004668235778808594
22,9,111,235.0,4.168798446655273,4.164676666259766,-0.0041217803955078125
22,9,112,143.0,4.279087066650391,4.279447078704834,0.0003600120544433594
22,9,113,117.0,4.890145778656006,4.890759468078613,0.0006136894226074219
22,9,114,160.0,4.253233909606934,4.253200531005859,-3.337860107421875e-05
22,9,115,115.0,3.9266409873962402,3.9258534908294678,-0.0007874965667724609
22,9,116,120.0,3.8633739948272705,3.872807741165161,0.009433746337890625
22,9,117,186.0,4.1213459968566895,4.118793964385986,-0.002552032470703125
22,9,118,138.0,3.296036958694458,3.2952513694763184,-0.0007855892181396484
22,9,119,80.0,3.554978847503662,3.540203809738159,-0.01477503776550293
22,9,120,164.0,3.3612916469573975,3.3595237731933594,-0.001767873764038086
22,9,121,215.0,3.762061357498169,3.762425661087036,0.0003643035888671875
22,9,122,81.0,3.60632061958313,3.60866641998291,0.0023458003997802734
22,9,123,171.0,3.4178876876831055,3.4180023670196533,0.00011467933654785156
22,9,124,41.0,4.780884742736816,4.766695499420166,-0.01418924331665039
22,9,125,103.0,4.1708221435546875,4.172836780548096,0.002014636993408203
22,9,126,145.0,3.385586977005005,3.3901724815368652,0.0045855045318603516
22,9,127,102.0,3.511989116668701,3.507777690887451,-0.00421142578125
22,9,128,157.0,4.545989513397217,4.54590368270874,-8.58306884765625e-05
22,9,129,161.0,3.612820625305176,3.6120707988739014,-0.0007498264312744141
22,9,130,248.0,3.595446825027466,3.5991623401641846,0.00371551513671875
22,9,131,240.0,4.314742088317871,4.322490215301514,0.007748126983642578
22,9,132,284.0,3.515221118927002,3.5107481479644775,-0.004472970962524414
22,9,133,105.0,5.547122001647949,5.546311378479004,-0.0008106231689453125
22,9,134,72.0,3.6292827129364014,3.6280696392059326,-0.00121307373046875
22,9,135,86.0,3.9638190269470215,3.9665164947509766,0.002697467803955078
22,9,136,120.0,3.225938320159912,3.224968194961548,-0.0009701251983642578
22,9,137,64.0,3.684243679046631,3.693319797515869,0.009076118469238281
22,9,138,220.0,2.8231959342956543,2.8214097023010254,-0.0017862319946289062
22,9,139,92.0,2.984248638153076,2.9736015796661377,-0.010647058486938477
22,9,140,180.0,3.4170660972595215,3.414929151535034,-0.0021369457244873047
22,9,141,95.0,3.5693070888519287,3.5537328720092773,-0.015574216842651367
22,9,142,72.0,5.436267852783203,5.443260669708252,0.006992816925048828
22,9,143,152.0,4.664964199066162,4.669755458831787,0.004791259765625
22,9,144,170.0,3.2575697898864746,3.2565536499023438,-0.0010161399841308594
22,9,145,56.0,4.233151912689209,4.2328081130981445,-0.0003437995910644531
22,9,146,174.0,3.632305860519409,3.6359260082244873,0.003620147705078125
22,9,147,191.0,3.26232647895813,3.2662289142608643,0.003902435302734375
22,9,148,279.0,3.7231252193450928,3.713988780975342,-0.009136438369750977
22,9,149,98.0,3.6501717567443848,3.6568634510040283,0.006691694259643555
22,9,150,50.0,3.987290143966675,3.984116315841675,-0.003173828125
22,9,151,61.0,3.207566976547241,3.2140843868255615,0.0065174102783203125
22,9,152,208.0,2.833768367767334,2.830967903137207,-0.002800464630126953
22,9,153,124.0,3.7818057537078857,3.7772715091705322,-0.004534244537353516
22,9,154,128.0,3.3032331466674805,3.3056626319885254,0.002429485321044922
22,9,155,250.0,4.603071212768555,4.607603549957275,0.004532337188720703
22,9,156,239.0,2.621934175491333,2.618206262588501,-0.0037279129028320312
22,9,157,164.0,2.8648641109466553,2.86076283454895,-0.004101276397705078
22,9,158,42.0,4.671477317810059,4.682463645935059,0.010986328125
22,9,159,200.0,4.007006645202637,4.010878086090088,0.003871440887451172
22,9,160,209.0,3.638150215148926,3.642063856124878,0.0039136409759521484
22,9,161,206.0,3.6040756702423096,3.6059083938598633,0.001832723617553711
22,9,162,139.0,4.383498191833496,4.381361484527588,-0.002136707305908203
22,9,163,76.0,3.7987864017486572,3.802877426147461,0.004091024398803711
22,9,164,232.0,3.892338275909424,3.890343189239502,-0.001995086669921875
22,9,165,235.0,3.9155564308166504,3.911206007003784,-0.004350423812866211
22,9,166,49.0,4.228317737579346,4.233940124511719,0.005622386932373047
22,9,167,138.0,3.473930835723877,3.470468282699585,-0.003462553024291992
22,9,168,60.0,3.808337450027466,3.8177802562713623,0.009442806243896484
22,9,169,146.0,4.041977882385254,4.046824932098389,0.004847049713134766
22,9,170,57.0,4.420210838317871,4.4196553230285645,-0.0005555152893066406
22,9,171,135.0,3.909317970275879,3.9130566120147705,0.0037386417388916016
22,9,172,113.0,3.19097638130188,3.1822876930236816,-0.008688688278198242
22,9,173,208.0,4.171577453613281,4.168471813201904,-0.003105640411376953
22,9,174,195.0,2.116305112838745,2.1183786392211914,0.002073526382446289
22,9,175,137.0,3.9520905017852783,3.949479818344116,-0.0026106834411621094
22,9,176,91.0,4.97736120223999,4.973978519439697,-0.0033826828002929688
22,9,177,66.0,3.994100332260132,3.980501651763916,-0.01359868049621582
22,9,178,173.0,3.3507070541381836,3.347334861755371,-0.0033721923828125
22,9,179,89.0,5.353647708892822,5.355083465576172,0.0014357566833496094
22,9,180,231.0,3.6613731384277344,3.658500909805298,-0.0028722286224365234
22,9,181,71.0,5.397938251495361,5.394755840301514,-0.0031824111938476562
22,9,182,98.0,3.963383674621582,3.964686870574951,0.0013031959533691406
22,9,183,215.0,1.998246431350708,2.0005736351013184,0.0023272037506103516
22,9,184,159.0,4.383580684661865,4.382400035858154,-0.0011806488037109375
22,9,185,86.0,3.697986602783203,3.69205379486084,-0.005932807922363281
22,9,186,92.0,3.4445607662200928,3.44114089012146,-0.0034198760986328125
22,9,187,51.0,5.179178714752197,5.184149265289307,0.004970550537109375
22,9,188,86.0,4.734201908111572,4.731475830078125,-0.0027260780334472656
22,9,189,132.0,3.6938047409057617,3.698155164718628,0.004350423812866211
22,9,190,214.0,3.9561617374420166,3.953381299972534,-0.002780437469482422
22,9,191,139.0,4.121965408325195,4.122621059417725,0.0006556510925292969
22,9,192,89.0,3.4952480792999268,3.4877676963806152,-0.0074803829193115234
22,9,193,102.0,4.782958507537842,4.789791584014893,0.006833076477050781
22,9,194,156.0,2.6015143394470215,2.6056761741638184,0.004161834716796875
22,9,195,87.0,3.839608669281006,3.8426177501678467,0.0030090808868408203
22,9,196,175.0,3.2536110877990723,3.249192237854004,-0.004418849945068359
22,9,197,136.0,2.3385791778564453,2.3358042240142822,-0.002774953842163086
22,9,198,54.0,3.781459093093872,3.7847092151641846,0.0032501220703125
22,9,199,71.0,4.556375980377197,4.566228866577148,0.009852886199951172
22,9,200,43.0,4.562034606933594,4.55488395690918,-0.0071506500244140625
22,9,201,200.0,3.3231818675994873,3.3175084590911865,-0.005673408508300781
22,9,202,60.0,3.5167155265808105,3.515033483505249,-0.0016820430755615234
22,9,203,220.0,3.437206983566284,3.4407553672790527,0.0035483837127685547
22,9,204,160.0,4.1729278564453125,4.182164192199707,0.009236335754394531
22,9,205,46.0,3.025144100189209,3.0188181400299072,-0.006325960159301758
22,9,206,189.0,3.507356882095337,3.5020604133605957,-0.005296468734741211
22,9,207,69.0,4.68245792388916,4.677032947540283,-0.005424976348876953
22,9,208,164.0,2.968637228012085,2.96933650970459,0.0006992816925048828
22,9,209,121.0,3.6657907962799072,3.6601245403289795,-0.005666255950927734
22,9,210,453.0,5.465768337249756,5.462862491607666,-0.0029058456420898438
22,9,211,167.0,3.817554473876953,3.815516710281372,-0.0020377635955810547
22,9,212,79.0,3.6519949436187744,3.6464052200317383,-0.005589723587036133
22,9,213,64.0,4.473271369934082,4.478128433227539,0.004857063293457031
22,9,214,214.0,3.5177533626556396,3.517221689224243,-0.0005316734313964844
22,9,215,42.0,4.581282615661621,4.580945014953613,-0.0003376007080078125
22,9,216,85.0,4.406545639038086,4.4140706062316895,0.007524967193603516
22,9,217,45.0,4.909335136413574,4.905754089355469,-0.0035810470581054688
22,9,218,96.0,4.346060276031494,4.343755722045898,-0.002304553985595703
22,9,219,40.0,3.466945171356201,3.4499077796936035,-0.017037391662597656
22,9,220,66.0,4.6993865966796875,4.696450233459473,-0.0029363632202148438
22,9,221,262.0,3.4376049041748047,3.4376606941223145,5.5789947509765625e-05
22,9,222,32.0,4.6173553466796875,4.621795654296875,0.0044403076171875
22,9,223,33.0,4.931256294250488,4.93257999420166,0.001323699951171875
22,9,224,139.0,2.1582767963409424,2.159320116043091,0.0010433197021484375
22,9,225,84.0,4.020323753356934,4.014469146728516,-0.005854606628417969
22,9,226,46.0,3.709413528442383,3.7102646827697754,0.0008511543273925781
22,9,227,121.0,4.181075572967529,4.180158615112305,-0.0009169578552246094
22,9,228,67.0,3.140568971633911,3.1446826457977295,0.004113674163818359
22,9,229,187.0,3.8881711959838867,3.887665271759033,-0.0005059242248535156
22,9,230,40.0,4.873936176300049,4.868005752563477,-0.005930423736572266
22,9,231,91.0,3.998016119003296,4.00023889541626,0.002222776412963867
22,9,232,52.0,4.4449782371521,4.449261665344238,0.004283428192138672
22,9,233,49.0,4.133476257324219,4.131282329559326,-0.002193927764892578
22,9,234,261.0,3.079342842102051,3.0774567127227783,-0.001886129379272461
22,9,235,59.0,4.072587490081787,4.07822322845459,0.005635738372802734
22,9,236,132.0,4.054989814758301,4.060141086578369,0.005151271820068359
22,9,237,136.0,3.4520623683929443,3.4530155658721924,0.0009531974792480469
22,9,238,210.0,3.7005720138549805,3.6981306076049805,-0.00244140625
22,9,239,258.0,3.6856272220611572,3.680824041366577,-0.004803180694580078
22,9,240,203.0,3.5238258838653564,3.516294002532959,-0.007531881332397461
22,9,241,198.0,3.3618428707122803,3.3566160202026367,-0.005226850509643555
22,9,242,85.0,3.468600034713745,3.4713094234466553,0.0027093887329101562
22,9,243,85.0,2.1469109058380127,2.153822898864746,0.0069119930267333984
22,9,244,93.0,4.847414970397949,4.850102424621582,0.0026874542236328125
22,9,245,68.0,4.8312296867370605,4.8281731605529785,-0.0030565261840820312
22,9,246,58.0,4.302565574645996,4.300745487213135,-0.0018200874328613281
22,9,247,187.0,3.1594748497009277,3.15775203704834,-0.0017228126525878906
22,9,248,64.0,2.745805263519287,2.738975763320923,-0.006829500198364258
22,9,249,100.0,3.3120670318603516,3.3052077293395996,-0.006859302520751953
22,9,250,151.0,3.886031150817871,3.887451171875,0.0014200210571289062
22,9,251,174.0,3.292135715484619,3.2898330688476562,-0.0023026466369628906
22,9,252,126.0,4.651801109313965,4.651186943054199,-0.000614166259765625
22,9,253,99.0,3.699761390686035,3.7086434364318848,0.00888204574584961
22,9,254,107.0,4.576633453369141,4.578712463378906,0.002079010009765625
22,9,255,116.0,3.825943946838379,3.8293182849884033,0.003374338150024414
22,10,0,196.0,3.98167085647583,3.9843690395355225,0.002698183059692383
22,10,1,127.0,3.705084800720215,3.692319393157959,-0.01276540756225586
22,10,2,162.0,2.4317469596862793,2.444214105606079,0.012467145919799805
22,10,3,92.0,5.154407501220703,5.146981239318848,-0.007426261901855469
22,10,4,194.0,3.7261335849761963,3.720531702041626,-0.0056018829345703125
22,10,5,115.0,3.4317781925201416,3.4304537773132324,-0.0013244152069091797
22,10,6,109.0,4.611254692077637,4.611152648925781,-0.00010204315185546875
22,10,7,48.0,3.824559450149536,3.7957286834716797,-0.028830766677856445
22,10,8,69.0,4.333216190338135,4.327298164367676,-0.005918025970458984
22,10,9,85.0,3.4889185428619385,3.508023262023926,0.019104719161987305
22,10,10,238.0,3.337062358856201,3.3321497440338135,-0.004912614822387695
22,10,11,233.0,3.013906478881836,3.016936779022217,0.0030303001403808594
22,10,12,208.0,3.644038200378418,3.6250267028808594,-0.019011497497558594
22,10,13,196.0,3.302739381790161,3.311110734939575,0.008371353149414062
22,10,14,131.0,3.989900827407837,3.9825057983398438,-0.007395029067993164
22,10,15,125.0,3.2012383937835693,3.20058536529541,-0.0006530284881591797
22,10,16,61.0,4.757500171661377,4.75173282623291,-0.005767345428466797
22,10,17,164.0,2.6241273880004883,2.6114931106567383,-0.01263427734375
22,10,18,107.0,3.8216171264648438,3.840789318084717,0.019172191619873047
22,10,19,48.0,4.036356449127197,4.016607761383057,-0.019748687744140625
22,10,20,74.0,2.6907341480255127,2.6842117309570312,-0.006522417068481445
22,10,21,103.0,2.9307749271392822,2.93782639503479,0.0070514678955078125
22,10,22,114.0,3.8854269981384277,3.876987934112549,-0.008439064025878906
22,10,23,50.0,6.480540752410889,6.4700846672058105,-0.010456085205078125
22,10,24,281.0,3.1489627361297607,3.1397714614868164,-0.009191274642944336
22,10,25,247.0,2.5188822746276855,2.5249087810516357,0.006026506423950195
22,10,26,173.0,4.413876056671143,4.4051103591918945,-0.008765697479248047
22,10,27,166.0,3.707796812057495,3.689983367919922,-0.017813444137573242
22,10,28,98.0,3.151510238647461,3.147092819213867,-0.00441741943359375
22,10,29,174.0,3.586359739303589,3.6019701957702637,0.015610456466674805
22,10,30,173.0,3.190525531768799,3.1999144554138184,0.009388923645019531
22,10,31,215.0,4.340093612670898,4.323232650756836,-0.0168609619140625
22,10,32,186.0,3.4789488315582275,3.4753496646881104,-0.0035991668701171875
22,10,33,153.0,2.9326295852661133,2.9535651206970215,0.020935535430908203
22,10,34,147.0,4.1311798095703125,4.126156806945801,-0.005023002624511719
22,10,35,50.0,4.620577812194824,4.637441635131836,0.01686382293701172
22,10,36,86.0,3.942690134048462,3.9493954181671143,0.006705284118652344
22,10,37,154.0,4.250033378601074,4.253670692443848,0.0036373138427734375
22,10,38,265.0,2.933018684387207,2.93498158454895,0.001962900161743164
22,10,39,199.0,3.941709518432617,3.950878858566284,0.009169340133666992
22,10,40,138.0,4.430899620056152,4.43356990814209,0.0026702880859375
22,10,41,98.0,4.048152923583984,4.043693542480469,-0.004459381103515625
22,10,42,167.0,2.98820424079895,2.982313632965088,-0.005890607833862305
22,10,43,288.0,4.51556396484375,4.508962631225586,-0.0066013336181640625
22,10,44,225.0,3.134540557861328,3.150731325149536,0.016190767288208008
22,10,45,191.0,3.475728988647461,3.469015121459961,-0.0067138671875
22,10,46,92.0,5.071820259094238,5.052880764007568,-0.018939495086669922
22,10,47,41.0,5.766663551330566,5.795861721038818,0.029198169708251953
22,10,48,231.0,3.4077651500701904,3.413522481918335,0.005757331848144531
22,10,49,101.0,2.9521121978759766,2.977283239364624,0.02517104148864746
22,10,50,177.0,3.6662821769714355,3.650608539581299,-0.01567363739013672
22,10,51,252.0,4.05861759185791,4.069397926330566,0.01078033447265625
22,10,52,259.0,3.3747026920318604,3.364881753921509,-0.009820938110351562
22,10,53,47.0,4.065746307373047,4.090741157531738,0.024994850158691406
22,10,54,164.0,2.495858669281006,2.4976155757904053,0.001756906509399414
22,10,55,94.0,4.066493034362793,4.080276012420654,0.013782978057861328
22,10,56,103.0,4.11627721786499,4.100876331329346,-0.015400886535644531
22,10,57,78.0,3.913255453109741,3.9336230754852295,0.02036762237548828
22,10,58,239.0,3.692802906036377,3.6803276538848877,-0.012475252151489258
22,10,59,271.0,4.881155014038086,4.879788875579834,-0.0013661384582519531
22,10,60,162.0,3.3450679779052734,3.358231544494629,0.013163566589355469
22,10,61,179.0,3.870093584060669,3.8623976707458496,-0.007695913314819336
22,10,62,218.0,3.1762454509735107,3.1719412803649902,-0.004304170608520508
22,10,63,81.0,3.809858798980713,3.80676531791687,-0.0030934810638427734
22,10,64,93.0,4.687077522277832,4.6892619132995605,0.0021843910217285156
22,10,65,72.0,4.558295249938965,4.564810752868652,0.0065155029296875
22,10,66,230.0,3.737887382507324,3.733910322189331,-0.003977060317993164
22,10,67,99.0,3.1625142097473145,3.1577682495117188,-0.004745960235595703
22,10,68,213.0,3.218388557434082,3.224292755126953,0.005904197692871094
22,10,69,119.0,3.072978973388672,3.0711679458618164,-0.0018110275268554688
22,10,70,161.0,3.529710531234741,3.5204076766967773,-0.009302854537963867
22,10,71,90.0,4.394758224487305,4.380306243896484,-0.014451980590820312
22,10,72,181.0,3.6989989280700684,3.6887624263763428,-0.010236501693725586
22,10,73,95.0,4.745315074920654,4.759678363800049,0.014363288879394531
22,10,74,245.0,2.801177740097046,2.8202145099639893,0.01903676986694336
22,10,75,93.0,2.319314956665039,2.32119083404541,0.0018758773803710938
22,10,76,225.0,3.1077821254730225,3.1179285049438477,0.010146379470825195
22,10,77,61.0,4.027099132537842,4.019237995147705,-0.007861137390136719
22,10,78,257.0,4.246406078338623,4.237557411193848,-0.00884866714477539
22,10,79,165.0,3.7203760147094727,3.7411110401153564,0.02073502540588379
22,10,80,117.0,4.752804279327393,4.776265621185303,0.023461341857910156
22,10,81,89.0,4.279232025146484,4.2659125328063965,-0.01331949234008789
22,10,82,291.0,4.08609676361084,4.0838303565979,-0.002266407012939453
22,10,83,93.0,4.042176723480225,4.035827159881592,-0.0063495635986328125
22,10,84,228.0,2.8949825763702393,2.8990108966827393,0.0040283203125
22,10,85,131.0,3.406266927719116,3.407083511352539,0.0008165836334228516
22,10,86,191.0,4.77057409286499,4.761337757110596,-0.009236335754394531
22,10,87,238.0,5.341985702514648,5.33959436416626,-0.002391338348388672
22,10,88,210.0,3.7304000854492188,3.7214152812957764,-0.008984804153442383
22,10,89,107.0,4.658895492553711,4.65853214263916,-0.00036334991455078125
22,10,90,217.0,3.256716728210449,3.2645201683044434,0.007803440093994141
22,10,91,199.0,3.479922294616699,3.470952272415161,-0.008970022201538086
22,10,92,84.0,2.9870519638061523,2.9783284664154053,-0.00872349739074707
22,10,93,271.0,4.167789459228516,4.173485279083252,0.005695819854736328
22,10,94,226.0,3.797963857650757,3.7801175117492676,-0.017846345901489258
22,10,95,258.0,4.302313327789307,4.295003890991211,-0.007309436798095703
22,10,96,86.0,4.009377479553223,4.010836601257324,0.0014591217041015625
22,10,97,142.0,4.886353492736816,4.883913516998291,-0.0024399757385253906
22,10,98,42.0,4.73474645614624,4.7336955070495605,-0.0010509490966796875
22,10,99,224.0,3.053419828414917,3.0578410625457764,0.004421234130859375
22,10,100,197.0,2.6848225593566895,2.6816766262054443,-0.003145933151245117
22,10,101,85.0,3.080362558364868,3.0728917121887207,-0.007470846176147461
22,10,102,195.0,3.4633231163024902,3.4699149131774902,0.006591796875
22,10,103,102.0,4.20768404006958,4.216485023498535,0.008800983428955078
22,10,104,181.0,3.711848735809326,3.7058773040771484,-0.005971431732177734
22,10,105,72.0,2.723045587539673,2.7621700763702393,0.039124488830566406
22,10,106,130.0,4.976626396179199,4.978261470794678,0.0016350746154785156
22,10,107,62.0,3.1819393634796143,3.1623401641845703,-0.019599199295043945
22,10,108,263.0,4.0605854988098145,4.064329147338867,0.0037436485290527344
22,10,109,194.0,3.1560444831848145,3.17108416557312,0.015039682388305664
22,10,110,174.0,3.211611032485962,3.2084059715270996,-0.0032050609588623047
22,10,111,235.0,4.168798446655273,4.1563801765441895,-0.012418270111083984
22,10,112,143.0,4.279087066650391,4.254136562347412,-0.024950504302978516
22,10,113,117.0,4.890145778656006,4.886953353881836,-0.003192424774169922
22,10,114,160.0,4.253233909606934,4.245645999908447,-0.007587909698486328
22,10,115,115.0,3.9266409873962402,3.915303945541382,-0.011337041854858398
22,10,116,120.0,3.8633739948272705,3.8614821434020996,-0.0018918514251708984
22,10,117,186.0,4.1213459968566895,4.121865272521973,0.0005192756652832031
22,10,118,138.0,3.296036958694458,3.2990596294403076,0.0030226707458496094
22,10,119,80.0,3.554978847503662,3.5377776622772217,-0.01720118522644043
22,10,120,164.0,3.3612916469573975,3.371443510055542,0.010151863098144531
22,10,121,215.0,3.762061357498169,3.767953872680664,0.005892515182495117
22,10,122,81.0,3.60632061958313,3.607475757598877,0.0011551380157470703
22,10,123,171.0,3.4178876876831055,3.4167659282684326,-0.0011217594146728516
22,10,124,41.0,4.780884742736816,4.775435447692871,-0.0054492950439453125
22,10,125,103.0,4.1708221435546875,4.159326076507568,-0.01149606704711914
22,10,126,145.0,3.385586977005005,3.3814921379089355,-0.004094839096069336
22,10,127,102.0,3.511989116668701,3.516023635864258,0.004034519195556641
22,10,128,157.0,4.545989513397217,4.5361785888671875,-0.009810924530029297
22,10,129,161.0,3.612820625305176,3.602982997894287,-0.009837627410888672
22,10,130,248.0,3.595446825027466,3.602189779281616,0.006742954254150391
22,10,131,240.0,4.314742088317871,4.302590847015381,-0.012151241302490234
22,10,132,284.0,3.515221118927002,3.497703790664673,-0.0175173282623291
22,10,133,105.0,5.547122001647949,5.561854839324951,0.014732837677001953
22,10,134,72.0,3.6292827129364014,3.6521894931793213,0.022906780242919922
22,10,135,86.0,3.9638190269470215,3.9536545276641846,-0.010164499282836914
22,10,136,120.0,3.225938320159912,3.2372984886169434,0.01136016845703125
22,10,137,64.0,3.684243679046631,3.6952192783355713,0.01097559928894043
22,10,138,220.0,2.8231959342956543,2.826794385910034,0.003598451614379883
22,10,139,92.0,2.984248638153076,2.9688494205474854,-0.01539921760559082
22,10,140,180.0,3.4170660972595215,3.413562774658203,-0.0035033226013183594
22,10,141,95.0,3.5693070888519287,3.535020351409912,-0.0342867374420166
22,10,142,72.0,5.436267852783203,5.455146789550781,0.018878936767578125
22,10,143,152.0,4.664964199066162,4.665275573730469,0.0003113746643066406
22,10,144,170.0,3.2575697898864746,3.269845724105835,0.012275934219360352
22,10,145,56.0,4.233151912689209,4.236240863800049,0.0030889511108398438
22,10,146,174.0,3.632305860519409,3.625760078430176,-0.0065457820892333984
22,10,147,191.0,3.26232647895813,3.2577733993530273,-0.004553079605102539
22,10,148,279.0,3.7231252193450928,3.708374500274658,-0.01475071907043457
22,10,149,98.0,3.6501717567443848,3.6630728244781494,0.012901067733764648
22,10,150,50.0,3.987290143966675,3.9825353622436523,-0.004754781723022461
22,10,151,61.0,3.207566976547241,3.2220194339752197,0.014452457427978516
22,10,152,208.0,2.833768367767334,2.849757194519043,0.015988826751708984
22,10,153,124.0,3.7818057537078857,3.800786256790161,0.01898050308227539
22,10,154,128.0,3.3032331466674805,3.2894022464752197,-0.013830900192260742
22,10,155,250.0,4.603071212768555,4.602163314819336,-0.00090789794921875
22,10,156,239.0,2.621934175491333,2.6159474849700928,-0.005986690521240234
22,10,157,164.0,2.8648641109466553,2.8515536785125732,-0.013310432434082031
22,10,158,42.0,4.671477317810059,4.647931098937988,-0.023546218872070312
22,10,159,200.0,4.007006645202637,4.015555381774902,0.008548736572265625
22,10,160,209.0,3.638150215148926,3.635706901550293,-0.0024433135986328125
22,10,161,206.0,3.6040756702423096,3.590716600418091,-0.01335906982421875
22,10,162,139.0,4.383498191833496,4.3809380531311035,-0.002560138702392578
22,10,163,76.0,3.7987864017486572,3.8058440685272217,0.007057666778564453
22,10,164,232.0,3.892338275909424,3.8957879543304443,0.003449678421020508
22,10,165,235.0,3.9155564308166504,3.917863368988037,0.0023069381713867188
22,10,166,49.0,4.228317737579346,4.265945911407471,0.037628173828125
22,10,167,138.0,3.473930835723877,3.4783575534820557,0.004426717758178711
22,10,168,60.0,3.808337450027466,3.824854850769043,0.01651740074157715
22,10,169,146.0,4.041977882385254,4.036549091339111,-0.005428791046142578
22,10,170,57.0,4.420210838317871,4.425771713256836,0.005560874938964844
22,10,171,135.0,3.909317970275879,3.8953404426574707,-0.013977527618408203
22,10,172,113.0,3.19097638130188,3.190511703491211,-0.0004646778106689453
22,10,173,208.0,4.171577453613281,4.17326545715332,0.0016880035400390625
22,10,174,195.0,2.116305112838745,2.11612606048584,-0.00017905235290527344
22,10,175,137.0,3.9520905017852783,3.9340224266052246,-0.01806807518005371
22,10,176,91.0,4.97736120223999,4.968717575073242,-0.008643627166748047
22,10,177,66.0,3.994100332260132,3.986758232116699,-0.007342100143432617
22,10,178,173.0,3.3507070541381836,3.3563284873962402,0.005621433258056641
22,10,179,89.0,5.353647708892822,5.3567423820495605,0.0030946731567382812
22,10,180,231.0,3.6613731384277344,3.6582083702087402,-0.0031647682189941406
22,10,181,71.0,5.397938251495361,5.3981194496154785,0.0001811981201171875
22,10,182,98.0,3.963383674621582,3.9618234634399414,-0.001560211181640625
22,10,183,215.0,1.998246431350708,1.9865472316741943,-0.011699199676513672
22,10,184,159.0,4.383580684661865,4.385580062866211,0.001999378204345703
22,10,185,86.0,3.697986602783203,3.699371576309204,0.0013849735260009766
22,10,186,92.0,3.4445607662200928,3.4433348178863525,-0.0012259483337402344
22,10,187,51.0,5.179178714752197,5.166471004486084,-0.012707710266113281
22,10,188,86.0,4.734201908111572,4.730895519256592,-0.0033063888549804688
22,10,189,132.0,3.6938047409057617,3.726306676864624,0.032501935958862305
22,10,190,214.0,3.9561617374420166,3.9552719593048096,-0.0008897781372070312
22,10,191,139.0,4.121965408325195,4.131207466125488,0.009242057800292969
22,10,192,89.0,3.4952480792999268,3.479628324508667,-0.015619754791259766
22,10,193,102.0,4.782958507537842,4.784692764282227,0.0017342567443847656
22,10,194,156.0,2.6015143394470215,2.5988175868988037,-0.0026967525482177734
22,10,195,87.0,3.839608669281006,3.8388872146606445,-0.0007214546203613281
22,10,196,175.0,3.2536110877990723,3.239870309829712,-0.013740777969360352
22,10,197,136.0,2.3385791778564453,2.357527494430542,0.01894831657409668
22,10,198,54.0,3.781459093093872,3.7778444290161133,-0.003614664077758789
22,10,199,71.0,4.556375980377197,4.555637359619141,-0.0007386207580566406
22,10,200,43.0,4.562034606933594,4.544989585876465,-0.017045021057128906
22,10,201,200.0,3.3231818675994873,3.3141632080078125,-0.009018659591674805
22,10,202,60.0,3.5167155265808105,3.509441614151001,-0.00727391242980957
22,10,203,220.0,3.437206983566284,3.4452147483825684,0.00800776481628418
22,10,204,160.0,4.1729278564453125,4.185479164123535,0.012551307678222656
22,10,205,46.0,3.025144100189209,3.0295870304107666,0.004442930221557617
22,10,206,189.0,3.507356882095337,3.4955060482025146,-0.011850833892822266
22,10,207,69.0,4.68245792388916,4.686678886413574,0.0042209625244140625
22,10,208,164.0,2.968637228012085,2.9664227962493896,-0.0022144317626953125
22,10,209,121.0,3.6657907962799072,3.6502792835235596,-0.015511512756347656
22,10,210,453.0,5.465768337249756,5.461331367492676,-0.004436969757080078
22,10,211,167.0,3.817554473876953,3.804173707962036,-0.013380765914916992
22,10,212,79.0,3.6519949436187744,3.660936117172241,0.008941173553466797
22,10,213,64.0,4.473271369934082,4.49393892288208,0.020667552947998047
22,10,214,214.0,3.5177533626556396,3.51961612701416,0.0018627643585205078
22,10,215,42.0,4.581282615661621,4.617572784423828,0.03629016876220703
22,10,216,85.0,4.406545639038086,4.410566329956055,0.00402069091796875
22,10,217,45.0,4.909335136413574,4.899020195007324,-0.01031494140625
22,10,218,96.0,4.346060276031494,4.351260662078857,0.005200386047363281
22,10,219,40.0,3.466945171356201,3.4391911029815674,-0.02775406837463379
22,10,220,66.0,4.6993865966796875,4.696455478668213,-0.0029311180114746094
22,10,221,262.0,3.4376049041748047,3.435229539871216,-0.002375364303588867
22,10,222,32.0,4.6173553466796875,4.640376567840576,0.023021221160888672
22,10,223,33.0,4.931256294250488,4.935386657714844,0.004130363464355469
22,10,224,139.0,2.1582767963409424,2.1519861221313477,-0.0062906742095947266
22,10,225,84.0,4.020323753356934,4.025821685791016,0.005497932434082031
22,10,226,46.0,3.709413528442383,3.7416763305664062,0.03226280212402344
22,10,227,121.0,4.181075572967529,4.176441192626953,-0.004634380340576172
22,10,228,67.0,3.140568971633911,3.134481906890869,-0.006087064743041992
22,10,229,187.0,3.8881711959838867,3.8780224323272705,-0.010148763656616211
22,10,230,40.0,4.873936176300049,4.8806962966918945,0.006760120391845703
22,10,231,91.0,3.998016119003296,3.9850597381591797,-0.012956380844116211
22,10,232,52.0,4.4449782371521,4.465713024139404,0.020734786987304688
22,10,233,49.0,4.133476257324219,4.124683380126953,-0.008792877197265625
22,10,234,261.0,3.079342842102051,3.082787036895752,0.003444194793701172
22,10,235,59.0,4.072587490081787,4.097802639007568,0.02521514892578125
22,10,236,132.0,4.054989814758301,4.05409574508667,-0.0008940696716308594
22,10,237,136.0,3.4520623683929443,3.4528207778930664,0.0007584095001220703
22,10,238,210.0,3.7005720138549805,3.7083683013916016,0.007796287536621094
22,10,239,258.0,3.6856272220611572,3.6862335205078125,0.0006062984466552734
22,10,240,203.0,3.5238258838653564,3.521615505218506,-0.002210378646850586
22,10,241,198.0,3.3618428707122803,3.352052688598633,-0.009790182113647461
22,10,242,85.0,3.468600034713745,3.462853193283081,-0.0057468414306640625
22,10,243,85.0,2.1469109058380127,2.14985990524292,0.0029489994049072266
22,10,244,93.0,4.847414970397949,4.857868671417236,0.01045370101928711
22,10,245,68.0,4.8312296867370605,4.8303303718566895,-0.0008993148803710938
22,10,246,58.0,4.302565574645996,4.280247211456299,-0.022318363189697266
22,10,247,187.0,3.1594748497009277,3.1689441204071045,0.009469270706176758
22,10,248,64.0,2.745805263519287,2.7542738914489746,0.0084686279296875
22,10,249,100.0,3.3120670318603516,3.3200628757476807,0.007995843887329102
22,10,250,151.0,3.886031150817871,3.8830785751342773,-0.00295257568359375
22,10,251,174.0,3.292135715484619,3.290311336517334,-0.0018243789672851562
22,10,252,126.0,4.651801109313965,4.638037204742432,-0.013763904571533203
22,10,253,99.0,3.699761390686035,3.7010843753814697,0.0013229846954345703
22,10,254,107.0,4.576633453369141,4.593050003051758,0.016416549682617188
22,10,255,116.0,3.825943946838379,3.7963173389434814,-0.02962660789489746
22,11,0,196.0,3.98167085647583,3.984407663345337,0.002736806869506836
22,11,1,127.0,3.705084800720215,3.699591636657715,-0.0054931640625
22,11,2,162.0,2.4317469596862793,2.43259334564209,0.0008463859558105469
22,11,3,92.0,5.154407501220703,5.154319763183594,-8.7738037109375e-05
22,11,4,194.0,3.7261335849761963,3.729520797729492,0.0033872127532958984
22,11,5,115.0,3.4317781925201416,3.4355521202087402,0.003773927688598633
22,11,6,109.0,4.611254692077637,4.611560344696045,0.0003056526184082031
22,11,7,48.0,3.824559450149536,3.8318004608154297,0.007241010665893555
22,11,8,69.0,4.333216190338135,4.33861780166626,0.005401611328125
22,11,9,85.0,3.4889185428619385,3.4958643913269043,0.00694584846496582
22,11,10,238.0,3.337062358856201,3.3263580799102783,-0.010704278945922852
22,11,11,233.0,3.013906478881836,3.013306140899658,-0.0006003379821777344
22,11,12,208.0,3.644038200378418,3.6476120948791504,0.003573894500732422
22,11,13,196.0,3.302739381790161,3.29897141456604,-0.0037679672241210938
22,11,14,131.0,3.989900827407837,4.003817558288574,0.013916730880737305
22,11,15,125.0,3.2012383937835693,3.185126304626465,-0.016112089157104492
22,11,16,61.0,4.757500171661377,4.760907173156738,0.003407001495361328
22,11,17,164.0,2.6241273880004883,2.6259076595306396,0.0017802715301513672
22,11,18,107.0,3.8216171264648438,3.8124423027038574,-0.009174823760986328
22,11,19,48.0,4.036356449127197,4.030068397521973,-0.006288051605224609
22,11,20,74.0,2.6907341480255127,2.695065975189209,0.004331827163696289
22,11,21,103.0,2.9307749271392822,2.9350993633270264,0.004324436187744141
22,11,22,114.0,3.8854269981384277,3.8845882415771484,-0.0008387565612792969
22,11,23,50.0,6.480540752410889,6.477402210235596,-0.0031385421752929688
22,11,24,281.0,3.1489627361297607,3.1566884517669678,0.007725715637207031
22,11,25,247.0,2.5188822746276855,2.52545166015625,0.006569385528564453
22,11,26,173.0,4.413876056671143,4.413021564483643,-0.0008544921875
22,11,27,166.0,3.707796812057495,3.71883225440979,0.011035442352294922
22,11,28,98.0,3.151510238647461,3.1516497135162354,0.00013947486877441406
22,11,29,174.0,3.586359739303589,3.594918727874756,0.008558988571166992
22,11,30,173.0,3.190525531768799,3.1957859992980957,0.005260467529296875
22,11,31,215.0,4.340093612670898,4.341179847717285,0.0010862350463867188
22,11,32,186.0,3.4789488315582275,3.4801223278045654,0.0011734962463378906
22,11,33,153.0,2.9326295852661133,2.918221950531006,-0.014407634735107422
22,11,34,147.0,4.1311798095703125,4.134572982788086,0.0033931732177734375
22,11,35,50.0,4.620577812194824,4.634610652923584,0.014032840728759766
22,11,36,86.0,3.942690134048462,3.9423587322235107,-0.0003314018249511719
22,11,37,154.0,4.250033378601074,4.251148700714111,0.0011153221130371094
22,11,38,265.0,2.933018684387207,2.937678813934326,0.004660129547119141
22,11,39,199.0,3.941709518432617,3.935934543609619,-0.005774974822998047
22,11,40,138.0,4.430899620056152,4.4374566078186035,0.006556987762451172
22,11,41,98.0,4.048152923583984,4.058237075805664,0.010084152221679688
22,11,42,167.0,2.98820424079895,2.9849040508270264,-0.003300189971923828
22,11,43,288.0,4.51556396484375,4.51749849319458,0.0019345283508300781
22,11,44,225.0,3.134540557861328,3.1317219734191895,-0.002818584442138672
22,11,45,191.0,3.475728988647461,3.4687817096710205,-0.00694727897644043
22,11,46,92.0,5.071820259094238,5.073812961578369,0.0019927024841308594
22,11,47,41.0,5.766663551330566,5.775773048400879,0.0091094970703125
22,11,48,231.0,3.4077651500701904,3.4080288410186768,0.0002636909484863281
22,11,49,101.0,2.9521121978759766,2.9565558433532715,0.004443645477294922
22,11,50,177.0,3.6662821769714355,3.675982713699341,0.009700536727905273
22,11,51,252.0,4.05861759185791,4.069941520690918,0.011323928833007812
22,11,52,259.0,3.3747026920318604,3.380141496658325,0.005438804626464844
22,11,53,47.0,4.065746307373047,4.062674045562744,-0.0030722618103027344
22,11,54,164.0,2.495858669281006,2.5036487579345703,0.007790088653564453
22,11,55,94.0,4.066493034362793,4.063097953796387,-0.00339508056640625
22,11,56,103.0,4.11627721786499,4.1072163581848145,-0.009060859680175781
22,11,57,78.0,3.913255453109741,3.9176597595214844,0.004404306411743164
22,11,58,239.0,3.692802906036377,3.6871771812438965,-0.005625724792480469
22,11,59,271.0,4.881155014038086,4.877248764038086,-0.00390625
22,11,60,162.0,3.3450679779052734,3.336077928543091,-0.008990049362182617
22,11,61,179.0,3.870093584060669,3.8725409507751465,0.002447366714477539
22,11,62,218.0,3.1762454509735107,3.1750690937042236,-0.0011763572692871094
22,11,63,81.0,3.809858798980713,3.8123605251312256,0.0025017261505126953
22,11,64,93.0,4.687077522277832,4.691177845001221,0.004100322723388672
22,11,65,72.0,4.558295249938965,4.553337574005127,-0.004957675933837891
22,11,66,230.0,3.737887382507324,3.736971855163574,-0.00091552734375
22,11,67,99.0,3.1625142097473145,3.161288261413574,-0.0012259483337402344
22,11,68,213.0,3.218388557434082,3.2100296020507812,-0.008358955383300781
22,11,69,119.0,3.072978973388672,3.0686590671539307,-0.004319906234741211
22,11,70,161.0,3.529710531234741,3.5348434448242188,0.005132913589477539
22,11,71,90.0,4.394758224487305,4.394088268280029,-0.0006699562072753906
22,11,72,181.0,3.6989989280700684,3.6942832469940186,-0.004715681076049805
22,11,73,95.0,4.745315074920654,4.756638050079346,0.011322975158691406
22,11,74,245.0,2.801177740097046,2.8075344562530518,0.006356716156005859
22,11,75,93.0,2.319314956665039,2.326357841491699,0.007042884826660156
22,11,76,225.0,3.1077821254730225,3.1134696006774902,0.0056874752044677734
22,11,77,61.0,4.027099132537842,4.030580520629883,0.0034813880920410156
22,11,78,257.0,4.246406078338623,4.2446675300598145,-0.0017385482788085938
22,11,79,165.0,3.7203760147094727,3.7184534072875977,-0.001922607421875
22,11,80,117.0,4.752804279327393,4.749924182891846,-0.002880096435546875
22,11,81,89.0,4.279232025146484,4.2943902015686035,0.01515817642211914
22,11,82,291.0,4.08609676361084,4.084460258483887,-0.001636505126953125
22,11,83,93.0,4.042176723480225,4.049590587615967,0.0074138641357421875
22,11,84,228.0,2.8949825763702393,2.897216320037842,0.002233743667602539
22,11,85,131.0,3.406266927719116,3.3944995403289795,-0.011767387390136719
22,11,86,191.0,4.77057409286499,4.781698703765869,0.011124610900878906
22,11,87,238.0,5.341985702514648,5.339290618896484,-0.0026950836181640625
22,11,88,210.0,3.7304000854492188,3.727116823196411,-0.003283262252807617
22,11,89,107.0,4.658895492553711,4.661857604980469,0.0029621124267578125
22,11,90,217.0,3.256716728210449,3.2627878189086914,0.0060710906982421875
22,11,91,199.0,3.479922294616699,3.4810943603515625,0.0011720657348632812
22,11,92,84.0,2.9870519638061523,2.989410638809204,0.002358675003051758
22,11,93,271.0,4.167789459228516,4.173482894897461,0.0056934356689453125
22,11,94,226.0,3.797963857650757,3.791487216949463,-0.006476640701293945
22,11,95,258.0,4.302313327789307,4.3040032386779785,0.001689910888671875
22,11,96,86.0,4.009377479553223,4.01280403137207,0.0034265518188476562
22,11,97,142.0,4.886353492736816,4.888306617736816,0.001953125
22,11,98,42.0,4.73474645614624,4.723945617675781,-0.010800838470458984
22,11,99,224.0,3.053419828414917,3.052171468734741,-0.0012483596801757812
22,11,100,197.0,2.6848225593566895,2.6923611164093018,0.007538557052612305
22,11,101,85.0,3.080362558364868,3.0818681716918945,0.0015056133270263672
22,11,102,195.0,3.4633231163024902,3.4620203971862793,-0.0013027191162109375
22,11,103,102.0,4.20768404006958,4.2052321434021,-0.0024518966674804688
22,11,104,181.0,3.711848735809326,3.711853265762329,4.5299530029296875e-06
22,11,105,72.0,2.723045587539673,2.7194459438323975,-0.0035996437072753906
22,11,106,130.0,4.976626396179199,4.9796905517578125,0.0030641555786132812
22,11,107,62.0,3.1819393634796143,3.176023483276367,-0.00591588020324707
22,11,108,263.0,4.0605854988098145,4.06108283996582,0.0004973411560058594
22,11,109,194.0,3.1560444831848145,3.1618030071258545,0.005758523941040039
22,11,110,174.0,3.211611032485962,3.214937686920166,0.0033266544342041016
22,11,111,235.0,4.168798446655273,4.16862154006958,-0.00017690658569335938
22,11,112,143.0,4.279087066650391,4.286561489105225,0.007474422454833984
22,11,113,117.0,4.890145778656006,4.916970252990723,0.026824474334716797
22,11,114,160.0,4.253233909606934,4.251906394958496,-0.0013275146484375
22,11,115,115.0,3.9266409873962402,3.9220495223999023,-0.004591464996337891
22,11,116,120.0,3.8633739948272705,3.865020990371704,0.0016469955444335938
22,11,117,186.0,4.1213459968566895,4.125776290893555,0.004430294036865234
22,11,118,138.0,3.296036958694458,3.296652317047119,0.0006153583526611328
22,11,119,80.0,3.554978847503662,3.5608699321746826,0.005891084671020508
22,11,120,164.0,3.3612916469573975,3.369535207748413,0.008243560791015625
22,11,121,215.0,3.762061357498169,3.757760763168335,-0.004300594329833984
22,11,122,81.0,3.60632061958313,3.6044116020202637,-0.001909017562866211
22,11,123,171.0,3.4178876876831055,3.4178380966186523,-4.9591064453125e-05
22,11,124,41.0,4.780884742736816,4.778380393981934,-0.0025043487548828125
22,11,125,103.0,4.1708221435546875,4.164367198944092,-0.006454944610595703
22,11,126,145.0,3.385586977005005,3.3985345363616943,0.012947559356689453
22,11,127,102.0,3.511989116668701,3.523020029067993,0.011030912399291992
22,11,128,157.0,4.545989513397217,4.543303966522217,-0.002685546875
22,11,129,161.0,3.612820625305176,3.616847515106201,0.004026889801025391
22,11,130,248.0,3.595446825027466,3.594359874725342,-0.0010869503021240234
22,11,131,240.0,4.314742088317871,4.320430278778076,0.005688190460205078
22,11,132,284.0,3.515221118927002,3.5228214263916016,0.007600307464599609
22,11,133,105.0,5.547122001647949,5.544595241546631,-0.0025267601013183594
22,11,134,72.0,3.6292827129364014,3.6306190490722656,0.0013363361358642578
22,11,135,86.0,3.9638190269470215,3.958805561065674,-0.005013465881347656
22,11,136,120.0,3.225938320159912,3.2217156887054443,-0.0042226314544677734
22,11,137,64.0,3.684243679046631,3.68086838722229,-0.0033752918243408203
22,11,138,220.0,2.8231959342956543,2.8237388134002686,0.0005428791046142578
22,11,139,92.0,2.984248638153076,2.990432024002075,0.0061833858489990234
22,11,140,180.0,3.4170660972595215,3.423938751220703,0.006872653961181641
22,11,141,95.0,3.5693070888519287,3.5634090900421143,-0.005897998809814453
22,11,142,72.0,5.436267852783203,5.434192180633545,-0.002075672149658203
22,11,143,152.0,4.664964199066162,4.674787998199463,0.009823799133300781
22,11,144,170.0,3.2575697898864746,3.2540764808654785,-0.0034933090209960938
22,11,145,56.0,4.233151912689209,4.2480788230896,0.014926910400390625
22,11,146,174.0,3.632305860519409,3.6408283710479736,0.008522510528564453
22,11,147,191.0,3.26232647895813,3.2590081691741943,-0.003318309783935547
22,11,148,279.0,3.7231252193450928,3.727555751800537,0.004430532455444336
22,11,149,98.0,3.6501717567443848,3.66267991065979,0.012508153915405273
22,11,150,50.0,3.987290143966675,3.9849348068237305,-0.002355337142944336
22,11,151,61.0,3.207566976547241,3.212048292160034,0.004481315612792969
22,11,152,208.0,2.833768367767334,2.827971935272217,-0.0057964324951171875
22,11,153,124.0,3.7818057537078857,3.7835206985473633,0.001714944839477539
22,11,154,128.0,3.3032331466674805,3.312209129333496,0.008975982666015625
22,11,155,250.0,4.603071212768555,4.609843730926514,0.006772518157958984
22,11,156,239.0,2.621934175491333,2.620757818222046,-0.0011763572692871094
22,11,157,164.0,2.8648641109466553,2.8661115169525146,0.001247406005859375
22,11,158,42.0,4.671477317810059,4.680783748626709,0.00930643081665039
22,11,159,200.0,4.007006645202637,4.007288932800293,0.00028228759765625
22,11,160,209.0,3.638150215148926,3.6453471183776855,0.007196903228759766
22,11,161,206.0,3.6040756702423096,3.6038084030151367,-0.00026726722717285156
22,11,162,139.0,4.383498191833496,4.382264614105225,-0.0012335777282714844
22,11,163,76.0,3.7987864017486572,3.8051247596740723,0.006338357925415039
22,11,164,232.0,3.892338275909424,3.893442153930664,0.0011038780212402344
22,11,165,235.0,3.9155564308166504,3.916790008544922,0.0012335777282714844
22,11,166,49.0,4.228317737579346,4.223384857177734,-0.004932880401611328
22,11,167,138.0,3.473930835723877,3.4757988452911377,0.0018680095672607422
22,11,168,60.0,3.808337450027466,3.8290326595306396,0.020695209503173828
22,11,169,146.0,4.041977882385254,4.038571834564209,-0.003406047821044922
22,11,170,57.0,4.420210838317871,4.441093444824219,0.020882606506347656
22,11,171,135.0,3.909317970275879,3.908203125,-0.0011148452758789062
22,11,172,113.0,3.19097638130188,3.181401252746582,-0.009575128555297852
22,11,173,208.0,4.171577453613281,4.172806262969971,0.0012288093566894531
22,11,174,195.0,2.116305112838745,2.120068073272705,0.003762960433959961
22,11,175,137.0,3.9520905017852783,3.9411826133728027,-0.010907888412475586
22,11,176,91.0,4.97736120223999,4.98588228225708,0.008521080017089844
22,11,177,66.0,3.994100332260132,3.9937310218811035,-0.0003693103790283203
22,11,178,173.0,3.3507070541381836,3.350656747817993,-5.030632019042969e-05
22,11,179,89.0,5.353647708892822,5.3344950675964355,-0.01915264129638672
22,11,180,231.0,3.6613731384277344,3.6579246520996094,-0.003448486328125
22,11,181,71.0,5.397938251495361,5.3990631103515625,0.0011248588562011719
22,11,182,98.0,3.963383674621582,3.966709613800049,0.003325939178466797
22,11,183,215.0,1.998246431350708,1.9984400272369385,0.00019359588623046875
22,11,184,159.0,4.383580684661865,4.381097316741943,-0.002483367919921875
22,11,185,86.0,3.697986602783203,3.715329885482788,0.01734328269958496
22,11,186,92.0,3.4445607662200928,3.448352575302124,0.00379180908203125
22,11,187,51.0,5.179178714752197,5.169703483581543,-0.009475231170654297
22,11,188,86.0,4.734201908111572,4.73629903793335,0.0020971298217773438
22,11,189,132.0,3.6938047409057617,3.6939942836761475,0.0001895427703857422
22,11,190,214.0,3.9561617374420166,3.9570388793945312,0.0008771419525146484
22,11,191,139.0,4.121965408325195,4.136101245880127,0.01413583755493164
22,11,192,89.0,3.4952480792999268,3.4853641986846924,-0.009883880615234375
22,11,193,102.0,4.782958507537842,4.784022808074951,0.001064300537109375
22,11,194,156.0,2.6015143394470215,2.6036744117736816,0.0021600723266601562
22,11,195,87.0,3.839608669281006,3.831861734390259,-0.00774693489074707
22,11,196,175.0,3.2536110877990723,3.2429728507995605,-0.010638236999511719
22,11,197,136.0,2.3385791778564453,2.3336992263793945,-0.004879951477050781
22,11,198,54.0,3.781459093093872,3.7650842666625977,-0.016374826431274414
22,11,199,71.0,4.556375980377197,4.551887512207031,-0.004488468170166016
22,11,200,43.0,4.562034606933594,4.5744218826293945,0.012387275695800781
22,11,201,200.0,3.3231818675994873,3.3242745399475098,0.001092672348022461
22,11,202,60.0,3.5167155265808105,3.510526418685913,-0.006189107894897461
22,11,203,220.0,3.437206983566284,3.434795618057251,-0.002411365509033203
22,11,204,160.0,4.1729278564453125,4.167736530303955,-0.005191326141357422
22,11,205,46.0,3.025144100189209,3.0348093509674072,0.009665250778198242
22,11,206,189.0,3.507356882095337,3.503467082977295,-0.003889799118041992
22,11,207,69.0,4.68245792388916,4.678068161010742,-0.004389762878417969
22,11,208,164.0,2.968637228012085,2.959890604019165,-0.008746623992919922
22,11,209,121.0,3.6657907962799072,3.662520170211792,-0.0032706260681152344
22,11,210,453.0,5.465768337249756,5.4689249992370605,0.0031566619873046875
22,11,211,167.0,3.817554473876953,3.8147358894348145,-0.002818584442138672
22,11,212,79.0,3.6519949436187744,3.6553924083709717,0.0033974647521972656
22,11,213,64.0,4.473271369934082,4.486817359924316,0.013545989990234375
22,11,214,214.0,3.5177533626556396,3.5188941955566406,0.0011408329010009766
22,11,215,42.0,4.581282615661621,4.583987236022949,0.002704620361328125
22,11,216,85.0,4.406545639038086,4.426423072814941,0.01987743377685547
22,11,217,45.0,4.909335136413574,4.8981146812438965,-0.011220455169677734
22,11,218,96.0,4.346060276031494,4.3460469245910645,-1.33514404296875e-05
22,11,219,40.0,3.466945171356201,3.4899401664733887,0.0229949951171875
22,11,220,66.0,4.6993865966796875,4.691357612609863,-0.008028984069824219
22,11,221,262.0,3.4376049041748047,3.4417455196380615,0.004140615463256836
22,11,222,32.0,4.6173553466796875,4.6464338302612305,0.02907848358154297
22,11,223,33.0,4.931256294250488,4.934146881103516,0.0028905868530273438
22,11,224,139.0,2.1582767963409424,2.165095806121826,0.006819009780883789
22,11,225,84.0,4.020323753356934,4.015223979949951,-0.005099773406982422
22,11,226,46.0,3.709413528442383,3.7055656909942627,-0.003847837448120117
22,11,227,121.0,4.181075572967529,4.18032693862915,-0.0007486343383789062
22,11,228,67.0,3.140568971633911,3.1504945755004883,0.009925603866577148
22,11,229,187.0,3.8881711959838867,3.892127752304077,0.00395655632019043
22,11,230,40.0,4.873936176300049,4.872256755828857,-0.0016794204711914062
22,11,231,91.0,3.998016119003296,4.000119209289551,0.002103090286254883
22,11,232,52.0,4.4449782371521,4.4483513832092285,0.0033731460571289062
22,11,233,49.0,4.133476257324219,4.146879196166992,0.013402938842773438
22,11,234,261.0,3.079342842102051,3.072523355484009,-0.006819486618041992
22,11,235,59.0,4.072587490081787,4.072657585144043,7.009506225585938e-05
22,11,236,132.0,4.054989814758301,4.064188480377197,0.009198665618896484
22,11,237,136.0,3.4520623683929443,3.437047243118286,-0.015015125274658203
22,11,238,210.0,3.7005720138549805,3.704237222671509,0.0036652088165283203
22,11,239,258.0,3.6856272220611572,3.6827118396759033,-0.0029153823852539062
22,11,240,203.0,3.5238258838653564,3.523796796798706,-2.9087066650390625e-05
22,11,241,198.0,3.3618428707122803,3.3558244705200195,-0.006018400192260742
22,11,242,85.0,3.468600034713745,3.4625699520111084,-0.006030082702636719
22,11,243,85.0,2.1469109058380127,2.1595449447631836,0.012634038925170898
22,11,244,93.0,4.847414970397949,4.846370697021484,-0.0010442733764648438
22,11,245,68.0,4.8312296867370605,4.829973220825195,-0.0012564659118652344
22,11,246,58.0,4.302565574645996,4.307071685791016,0.004506111145019531
22,11,247,187.0,3.1594748497009277,3.1582605838775635,-0.0012142658233642578
22,11,248,64.0,2.745805263519287,2.7385165691375732,-0.007288694381713867
22,11,249,100.0,3.3120670318603516,3.307278633117676,-0.004788398742675781
22,11,250,151.0,3.886031150817871,3.885946273803711,-8.487701416015625e-05
22,11,251,174.0,3.292135715484619,3.2917470932006836,-0.0003886222839355469
22,11,252,126.0,4.651801109313965,4.655985355377197,0.004184246063232422
22,11,253,99.0,3.699761390686035,3.727193832397461,0.02743244171142578
22,11,254,107.0,4.576633453369141,4.578338623046875,0.001705169677734375
22,11,255,116.0,3.825943946838379,3.8290531635284424,0.0031092166900634766
22,12,0,196.0,3.98167085647583,3.984769821166992,0.0030989646911621094
22,12,1,127.0,3.705084800720215,3.701361656188965,-0.00372314453125
22,12,2,162.0,2.4317469596862793,2.433126926422119,0.0013799667358398438
22,12,3,92.0,5.154407501220703,5.159090518951416,0.004683017730712891
22,12,4,194.0,3.7261335849761963,3.723451852798462,-0.002681732177734375
22,12,5,115.0,3.4317781925201416,3.4329171180725098,0.001138925552368164
22,12,6,109.0,4.611254692077637,4.604495525360107,-0.006759166717529297
22,12,7,48.0,3.824559450149536,3.8258297443389893,0.001270294189453125
22,12,8,69.0,4.333216190338135,4.33765172958374,0.004435539245605469
22,12,9,85.0,3.4889185428619385,3.488402843475342,-0.0005156993865966797
22,12,10,238.0,3.337062358856201,3.3422467708587646,0.0051844120025634766
22,12,11,233.0,3.013906478881836,3.015972137451172,0.0020656585693359375
22,12,12,208.0,3.644038200378418,3.6379189491271973,-0.006119251251220703
22,12,13,196.0,3.302739381790161,3.3050436973571777,0.0023043155670166016
22,12,14,131.0,3.989900827407837,3.991809129714966,0.0019083023071289062
22,12,15,125.0,3.2012383937835693,3.1961543560028076,-0.005084037780761719
22,12,16,61.0,4.757500171661377,4.7542033195495605,-0.0032968521118164062
22,12,17,164.0,2.6241273880004883,2.6186790466308594,-0.005448341369628906
22,12,18,107.0,3.8216171264648438,3.823025703430176,0.0014085769653320312
22,12,19,48.0,4.036356449127197,4.0357441902160645,-0.0006122589111328125
22,12,20,74.0,2.6907341480255127,2.689690589904785,-0.001043558120727539
22,12,21,103.0,2.9307749271392822,2.9285855293273926,-0.0021893978118896484
22,12,22,114.0,3.8854269981384277,3.8918938636779785,0.006466865539550781
22,12,23,50.0,6.480540752410889,6.480756759643555,0.00021600723266601562
22,12,24,281.0,3.1489627361297607,3.1514060497283936,0.0024433135986328125
22,12,25,247.0,2.5188822746276855,2.516894578933716,-0.0019876956939697266
22,12,26,173.0,4.413876056671143,4.413818836212158,-5.7220458984375e-05
22,12,27,166.0,3.707796812057495,3.7067642211914062,-0.0010325908660888672
22,12,28,98.0,3.151510238647461,3.1452531814575195,-0.006257057189941406
22,12,29,174.0,3.586359739303589,3.5885002613067627,0.002140522003173828
22,12,30,173.0,3.190525531768799,3.1898038387298584,-0.0007216930389404297
22,12,31,215.0,4.340093612670898,4.339358806610107,-0.0007348060607910156
22,12,32,186.0,3.4789488315582275,3.4761855602264404,-0.0027632713317871094
22,12,33,153.0,2.9326295852661133,2.9237611293792725,-0.00886845588684082
22,12,34,147.0,4.1311798095703125,4.129269123077393,-0.0019106864929199219
22,12,35,50.0,4.620577812194824,4.628900051116943,0.00832223892211914
22,12,36,86.0,3.942690134048462,3.9474050998687744,0.0047149658203125
22,12,37,154.0,4.250033378601074,4.247744083404541,-0.002289295196533203
22,12,38,265.0,2.933018684387207,2.9353880882263184,0.002369403839111328
22,12,39,199.0,3.941709518432617,3.944193124771118,0.0024836063385009766
22,12,40,138.0,4.430899620056152,4.430766582489014,-0.00013303756713867188
22,12,41,98.0,4.048152923583984,4.043152332305908,-0.005000591278076172
22,12,42,167.0,2.98820424079895,2.9871599674224854,-0.0010442733764648438
22,12,43,288.0,4.51556396484375,4.517090797424316,0.0015268325805664062
22,12,44,225.0,3.134540557861328,3.13510799407959,0.0005674362182617188
22,12,45,191.0,3.475728988647461,3.4711222648620605,-0.004606723785400391
22,12,46,92.0,5.071820259094238,5.071136474609375,-0.0006837844848632812
22,12,47,41.0,5.766663551330566,5.7639641761779785,-0.0026993751525878906
22,12,48,231.0,3.4077651500701904,3.408184289932251,0.0004191398620605469
22,12,49,101.0,2.9521121978759766,2.9523282051086426,0.00021600723266601562
22,12,50,177.0,3.6662821769714355,3.6641159057617188,-0.002166271209716797
22,12,51,252.0,4.05861759185791,4.057547569274902,-0.0010700225830078125
22,12,52,259.0,3.3747026920318604,3.3787615299224854,0.004058837890625
22,12,53,47.0,4.065746307373047,4.070913314819336,0.0051670074462890625
22,12,54,164.0,2.495858669281006,2.496124029159546,0.00026535987854003906
22,12,55,94.0,4.066493034362793,4.063963890075684,-0.002529144287109375
22,12,56,103.0,4.11627721786499,4.115119934082031,-0.0011572837829589844
22,12,57,78.0,3.913255453109741,3.9204351902008057,0.007179737091064453
22,12,58,239.0,3.692802906036377,3.6938040256500244,0.001001119613647461
22,12,59,271.0,4.881155014038086,4.8827385902404785,0.0015835762023925781
22,12,60,162.0,3.3450679779052734,3.341806650161743,-0.0032613277435302734
22,12,61,179.0,3.870093584060669,3.871917486190796,0.0018239021301269531
22,12,62,218.0,3.1762454509735107,3.175520420074463,-0.0007250308990478516
22,12,63,81.0,3.809858798980713,3.8131330013275146,0.003274202346801758
22,12,64,93.0,4.687077522277832,4.6872453689575195,0.0001678466796875
22,12,65,72.0,4.558295249938965,4.554116725921631,-0.004178524017333984
22,12,66,230.0,3.737887382507324,3.729020118713379,-0.008867263793945312
22,12,67,99.0,3.1625142097473145,3.1564981937408447,-0.0060160160064697266
22,12,68,213.0,3.218388557434082,3.2166666984558105,-0.0017218589782714844
22,12,69,119.0,3.072978973388672,3.0793893337249756,0.006410360336303711
22,12,70,161.0,3.529710531234741,3.523625135421753,-0.006085395812988281
22,12,71,90.0,4.394758224487305,4.397918224334717,0.0031599998474121094
22,12,72,181.0,3.6989989280700684,3.699441909790039,0.0004429817199707031
22,12,73,95.0,4.745315074920654,4.7406229972839355,-0.00469207763671875
22,12,74,245.0,2.801177740097046,2.8020238876342773,0.0008461475372314453
22,12,75,93.0,2.319314956665039,2.3225131034851074,0.0031981468200683594
22,12,76,225.0,3.1077821254730225,3.110283136367798,0.0025010108947753906
22,12,77,61.0,4.027099132537842,4.035321235656738,0.008222103118896484
22,12,78,257.0,4.246406078338623,4.246215343475342,-0.00019073486328125
22,12,79,165.0,3.7203760147094727,3.721484422683716,0.001108407974243164
22,12,80,117.0,4.752804279327393,4.754995346069336,0.0021910667419433594
22,12,81,89.0,4.279232025146484,4.280548095703125,0.001316070556640625
22,12,82,291.0,4.08609676361084,4.087141990661621,0.00104522705078125
22,12,83,93.0,4.042176723480225,4.04323148727417,0.0010547637939453125
22,12,84,228.0,2.8949825763702393,2.8981504440307617,0.003167867660522461
22,12,85,131.0,3.406266927719116,3.4009432792663574,-0.005323648452758789
22,12,86,191.0,4.77057409286499,4.77524995803833,0.004675865173339844
22,12,87,238.0,5.341985702514648,5.3457159996032715,0.003730297088623047
22,12,88,210.0,3.7304000854492188,3.728358745574951,-0.002041339874267578
22,12,89,107.0,4.658895492553711,4.661556243896484,0.0026607513427734375
22,12,90,217.0,3.256716728210449,3.255768060684204,-0.0009486675262451172
22,12,91,199.0,3.479922294616699,3.483107566833496,0.003185272216796875
22,12,92,84.0,2.9870519638061523,2.9890315532684326,0.0019795894622802734
22,12,93,271.0,4.167789459228516,4.167078018188477,-0.0007114410400390625
22,12,94,226.0,3.797963857650757,3.795006513595581,-0.0029573440551757812
22,12,95,258.0,4.302313327789307,4.303197860717773,0.0008845329284667969
22,12,96,86.0,4.009377479553223,4.013169288635254,0.00379180908203125
22,12,97,142.0,4.886353492736816,4.884604454040527,-0.0017490386962890625
22,12,98,42.0,4.73474645614624,4.739351272583008,0.004604816436767578
22,12,99,224.0,3.053419828414917,3.0538251399993896,0.00040531158447265625
22,12,100,197.0,2.6848225593566895,2.6892459392547607,0.004423379898071289
22,12,101,85.0,3.080362558364868,3.088669776916504,0.008307218551635742
22,12,102,195.0,3.4633231163024902,3.4640085697174072,0.0006854534149169922
22,12,103,102.0,4.20768404006958,4.207177639007568,-0.0005064010620117188
22,12,104,181.0,3.711848735809326,3.7120776176452637,0.0002288818359375
22,12,105,72.0,2.723045587539673,2.7269155979156494,0.0038700103759765625
22,12,106,130.0,4.976626396179199,4.975823402404785,-0.0008029937744140625
22,12,107,62.0,3.1819393634796143,3.183295965194702,0.0013566017150878906
22,12,108,263.0,4.0605854988098145,4.0572710037231445,-0.003314495086669922
22,12,109,194.0,3.1560444831848145,3.1608099937438965,0.004765510559082031
22,12,110,174.0,3.211611032485962,3.217010736465454,0.0053997039794921875
22,12,111,235.0,4.168798446655273,4.166642189025879,-0.0021562576293945312
22,12,112,143.0,4.279087066650391,4.2769646644592285,-0.0021224021911621094
22,12,113,117.0,4.890145778656006,4.890697956085205,0.0005521774291992188
22,12,114,160.0,4.253233909606934,4.254491329193115,0.0012574195861816406
22,12,115,115.0,3.9266409873962402,3.9253814220428467,-0.0012595653533935547
22,12,116,120.0,3.8633739948272705,3.8685848712921143,0.00521087646484375
22,12,117,186.0,4.1213459968566895,4.120887756347656,-0.0004582405090332031
22,12,118,138.0,3.296036958694458,3.298405408859253,0.002368450164794922
22,12,119,80.0,3.554978847503662,3.5508720874786377,-0.004106760025024414
22,12,120,164.0,3.3612916469573975,3.3628780841827393,0.0015864372253417969
22,12,121,215.0,3.762061357498169,3.761343240737915,-0.0007181167602539062
22,12,122,81.0,3.60632061958313,3.5982723236083984,-0.008048295974731445
22,12,123,171.0,3.4178876876831055,3.4170877933502197,-0.0007998943328857422
22,12,124,41.0,4.780884742736816,4.770990371704102,-0.009894371032714844
22,12,125,103.0,4.1708221435546875,4.167954921722412,-0.0028672218322753906
22,12,126,145.0,3.385586977005005,3.3880972862243652,0.0025103092193603516
22,12,127,102.0,3.511989116668701,3.508878231048584,-0.0031108856201171875
22,12,128,157.0,4.545989513397217,4.54377555847168,-0.0022139549255371094
22,12,129,161.0,3.612820625305176,3.612377166748047,-0.00044345855712890625
22,12,130,248.0,3.595446825027466,3.599851608276367,0.004404783248901367
22,12,131,240.0,4.314742088317871,4.3209004402160645,0.006158351898193359
22,12,132,284.0,3.515221118927002,3.512860059738159,-0.0023610591888427734
22,12,133,105.0,5.547122001647949,5.547392845153809,0.000270843505859375
22,12,134,72.0,3.6292827129364014,3.6206791400909424,-0.008603572845458984
22,12,135,86.0,3.9638190269470215,3.968698263168335,0.0048792362213134766
22,12,136,120.0,3.225938320159912,3.230480909347534,0.00454258918762207
22,12,137,64.0,3.684243679046631,3.6873230934143066,0.0030794143676757812
22,12,138,220.0,2.8231959342956543,2.8265140056610107,0.0033180713653564453
22,12,139,92.0,2.984248638153076,2.9765465259552,-0.0077021121978759766
22,12,140,180.0,3.4170660972595215,3.4180569648742676,0.0009908676147460938
22,12,141,95.0,3.5693070888519287,3.565864086151123,-0.003443002700805664
22,12,142,72.0,5.436267852783203,5.428948402404785,-0.007319450378417969
22,12,143,152.0,4.664964199066162,4.670876979827881,0.00591278076171875
22,12,144,170.0,3.2575697898864746,3.2584071159362793,0.0008373260498046875
22,12,145,56.0,4.233151912689209,4.228149890899658,-0.005002021789550781
22,12,146,174.0,3.632305860519409,3.6369969844818115,0.004691123962402344
22,12,147,191.0,3.26232647895813,3.2685301303863525,0.006203651428222656
22,12,148,279.0,3.7231252193450928,3.7206480503082275,-0.0024771690368652344
22,12,149,98.0,3.6501717567443848,3.653581380844116,0.0034096240997314453
22,12,150,50.0,3.987290143966675,3.986506938934326,-0.0007832050323486328
22,12,151,61.0,3.207566976547241,3.209541082382202,0.0019741058349609375
22,12,152,208.0,2.833768367767334,2.8317205905914307,-0.0020477771759033203
22,12,153,124.0,3.7818057537078857,3.7791519165039062,-0.002653837203979492
22,12,154,128.0,3.3032331466674805,3.3037467002868652,0.0005135536193847656
22,12,155,250.0,4.603071212768555,4.6047492027282715,0.0016779899597167969
22,12,156,239.0,2.621934175491333,2.6183881759643555,-0.003545999526977539
22,12,157,164.0,2.8648641109466553,2.8602707386016846,-0.004593372344970703
22,12,158,42.0,4.671477317810059,4.680734634399414,0.009257316589355469
22,12,159,200.0,4.007006645202637,4.00673770904541,-0.0002689361572265625
22,12,160,209.0,3.638150215148926,3.6384215354919434,0.0002713203430175781
22,12,161,206.0,3.6040756702423096,3.607278823852539,0.003203153610229492
22,12,162,139.0,4.383498191833496,4.386857986450195,0.0033597946166992188
22,12,163,76.0,3.7987864017486572,3.7939958572387695,-0.004790544509887695
22,12,164,232.0,3.892338275909424,3.8905394077301025,-0.001798868179321289
22,12,165,235.0,3.9155564308166504,3.9147112369537354,-0.0008451938629150391
22,12,166,49.0,4.228317737579346,4.234994411468506,0.006676673889160156
22,12,167,138.0,3.473930835723877,3.4692635536193848,-0.0046672821044921875
22,12,168,60.0,3.808337450027466,3.8084208965301514,8.344650268554688e-05
22,12,169,146.0,4.041977882385254,4.0441131591796875,0.0021352767944335938
22,12,170,57.0,4.420210838317871,4.424288749694824,0.004077911376953125
22,12,171,135.0,3.909317970275879,3.910325288772583,0.0010073184967041016
22,12,172,113.0,3.19097638130188,3.1922035217285156,0.0012271404266357422
22,12,173,208.0,4.171577453613281,4.1678338050842285,-0.0037436485290527344
22,12,174,195.0,2.116305112838745,2.1178362369537354,0.0015311241149902344
22,12,175,137.0,3.9520905017852783,3.9503254890441895,-0.0017650127410888672
22,12,176,91.0,4.97736120223999,4.975561141967773,-0.0018000602722167969
22,12,177,66.0,3.994100332260132,3.9902334213256836,-0.003866910934448242
22,12,178,173.0,3.3507070541381836,3.352977991104126,0.002270936965942383
22,12,179,89.0,5.353647708892822,5.353286266326904,-0.00036144256591796875
22,12,180,231.0,3.6613731384277344,3.655970335006714,-0.005402803421020508
22,12,181,71.0,5.397938251495361,5.393674373626709,-0.004263877868652344
22,12,182,98.0,3.963383674621582,3.9720211029052734,0.008637428283691406
22,12,183,215.0,1.998246431350708,1.9974879026412964,-0.0007585287094116211
22,12,184,159.0,4.383580684661865,4.3895792961120605,0.0059986114501953125
22,12,185,86.0,3.697986602783203,3.702387571334839,0.004400968551635742
22,12,186,92.0,3.4445607662200928,3.4408092498779297,-0.003751516342163086
22,12,187,51.0,5.179178714752197,5.185776710510254,0.006597995758056641
22,12,188,86.0,4.734201908111572,4.734614849090576,0.00041294097900390625
22,12,189,132.0,3.6938047409057617,3.7037160396575928,0.009911298751831055
22,12,190,214.0,3.9561617374420166,3.9532907009124756,-0.0028710365295410156
22,12,191,139.0,4.121965408325195,4.121915817260742,-4.9591064453125e-05
22,12,192,89.0,3.4952480792999268,3.491713047027588,-0.003535032272338867
22,12,193,102.0,4.782958507537842,4.782614707946777,-0.0003437995910644531
22,12,194,156.0,2.6015143394470215,2.6042070388793945,0.002692699432373047
22,12,195,87.0,3.839608669281006,3.8360466957092285,-0.0035619735717773438
22,12,196,175.0,3.2536110877990723,3.2534685134887695,-0.00014257431030273438
22,12,197,136.0,2.3385791778564453,2.3363378047943115,-0.002241373062133789
22,12,198,54.0,3.781459093093872,3.779355049133301,-0.002104043960571289
22,12,199,71.0,4.556375980377197,4.588634014129639,0.032258033752441406
22,12,200,43.0,4.562034606933594,4.562903881072998,0.0008692741394042969
22,12,201,200.0,3.3231818675994873,3.320488214492798,-0.002693653106689453
22,12,202,60.0,3.5167155265808105,3.5101232528686523,-0.006592273712158203
22,12,203,220.0,3.437206983566284,3.4370744228363037,-0.00013256072998046875
22,12,204,160.0,4.1729278564453125,4.174488067626953,0.001560211181640625
22,12,205,46.0,3.025144100189209,3.0303354263305664,0.005191326141357422
22,12,206,189.0,3.507356882095337,3.5067636966705322,-0.0005931854248046875
22,12,207,69.0,4.68245792388916,4.679933071136475,-0.002524852752685547
22,12,208,164.0,2.968637228012085,2.9661149978637695,-0.0025222301483154297
22,12,209,121.0,3.6657907962799072,3.6612019538879395,-0.0045888423919677734
22,12,210,453.0,5.465768337249756,5.462462902069092,-0.0033054351806640625
22,12,211,167.0,3.817554473876953,3.819645881652832,0.0020914077758789062
22,12,212,79.0,3.6519949436187744,3.6492271423339844,-0.002767801284790039
22,12,213,64.0,4.473271369934082,4.476245880126953,0.0029745101928710938
22,12,214,214.0,3.5177533626556396,3.5154008865356445,-0.002352476119995117
22,12,215,42.0,4.581282615661621,4.575557708740234,-0.005724906921386719
22,12,216,85.0,4.406545639038086,4.411381244659424,0.004835605621337891
22,12,217,45.0,4.909335136413574,4.917852878570557,0.008517742156982422
22,12,218,96.0,4.346060276031494,4.345654010772705,-0.0004062652587890625
22,12,219,40.0,3.466945171356201,3.4755005836486816,0.008555412292480469
22,12,220,66.0,4.6993865966796875,4.698035717010498,-0.0013508796691894531
22,12,221,262.0,3.4376049041748047,3.437356948852539,-0.000247955322265625
22,12,222,32.0,4.6173553466796875,4.62436580657959,0.007010459899902344
22,12,223,33.0,4.931256294250488,4.926960468292236,-0.004295825958251953
22,12,224,139.0,2.1582767963409424,2.155533790588379,-0.0027430057525634766
22,12,225,84.0,4.020323753356934,4.013167858123779,-0.007155895233154297
22,12,226,46.0,3.709413528442383,3.7132821083068848,0.003868579864501953
22,12,227,121.0,4.181075572967529,4.175688743591309,-0.005386829376220703
22,12,228,67.0,3.140568971633911,3.1446213722229004,0.004052400588989258
22,12,229,187.0,3.8881711959838867,3.8916261196136475,0.003454923629760742
22,12,230,40.0,4.873936176300049,4.872433662414551,-0.0015025138854980469
22,12,231,91.0,3.998016119003296,4.00201940536499,0.004003286361694336
22,12,232,52.0,4.4449782371521,4.450287818908691,0.005309581756591797
22,12,233,49.0,4.133476257324219,4.136042594909668,0.0025663375854492188
22,12,234,261.0,3.079342842102051,3.081205368041992,0.0018625259399414062
22,12,235,59.0,4.072587490081787,4.070086479187012,-0.0025010108947753906
22,12,236,132.0,4.054989814758301,4.056977272033691,0.001987457275390625
22,12,237,136.0,3.4520623683929443,3.4512271881103516,-0.0008351802825927734
22,12,238,210.0,3.7005720138549805,3.6999330520629883,-0.0006389617919921875
22,12,239,258.0,3.6856272220611572,3.681264877319336,-0.004362344741821289
22,12,240,203.0,3.5238258838653564,3.523285388946533,-0.0005404949188232422
22,12,241,198.0,3.3618428707122803,3.3598990440368652,-0.001943826675415039
22,12,242,85.0,3.468600034713745,3.4653234481811523,-0.0032765865325927734
22,12,243,85.0,2.1469109058380127,2.1420938968658447,-0.004817008972167969
22,12,244,93.0,4.847414970397949,4.848572254180908,0.0011572837829589844
22,12,245,68.0,4.8312296867370605,4.828382968902588,-0.0028467178344726562
22,12,246,58.0,4.302565574645996,4.304727077484131,0.0021615028381347656
22,12,247,187.0,3.1594748497009277,3.1562564373016357,-0.003218412399291992
22,12,248,64.0,2.745805263519287,2.741889476776123,-0.0039157867431640625
22,12,249,100.0,3.3120670318603516,3.316100835800171,0.004033803939819336
22,12,250,151.0,3.886031150817871,3.8904528617858887,0.004421710968017578
22,12,251,174.0,3.292135715484619,3.291707754135132,-0.0004279613494873047
22,12,252,126.0,4.651801109313965,4.648874759674072,-0.002926349639892578
22,12,253,99.0,3.699761390686035,3.700000524520874,0.0002391338348388672
22,12,254,107.0,4.576633453369141,4.584573268890381,0.007939815521240234
22,12,255,116.0,3.825943946838379,3.828352212905884,0.002408266067504883
22,13,0,196.0,3.98167085647583,3.982029914855957,0.0003590583801269531
22,13,1,127.0,3.705084800720215,3.70312237739563,-0.001962423324584961
22,13,2,162.0,2.4317469596862793,2.43430233001709,0.002555370330810547
22,13,3,92.0,5.154407501220703,5.159755229949951,0.005347728729248047
22,13,4,194.0,3.7261335849761963,3.727269411087036,0.0011358261108398438
22,13,5,115.0,3.4317781925201416,3.429594039916992,-0.002184152603149414
22,13,6,109.0,4.611254692077637,4.611595153808594,0.00034046173095703125
22,13,7,48.0,3.824559450149536,3.8330113887786865,0.00845193862915039
22,13,8,69.0,4.333216190338135,4.337528705596924,0.0043125152587890625
22,13,9,85.0,3.4889185428619385,3.491821765899658,0.0029032230377197266
22,13,10,238.0,3.337062358856201,3.3375234603881836,0.0004611015319824219
22,13,11,233.0,3.013906478881836,3.0187747478485107,0.004868268966674805
22,13,12,208.0,3.644038200378418,3.64536452293396,0.0013263225555419922
22,13,13,196.0,3.302739381790161,3.3017587661743164,-0.0009806156158447266
22,13,14,131.0,3.989900827407837,3.9857876300811768,-0.004113197326660156
22,13,15,125.0,3.2012383937835693,3.194992780685425,-0.006245613098144531
22,13,16,61.0,4.757500171661377,4.755496978759766,-0.002003192901611328
22,13,17,164.0,2.6241273880004883,2.625080108642578,0.0009527206420898438
22,13,18,107.0,3.8216171264648438,3.821530342102051,-8.678436279296875e-05
22,13,19,48.0,4.036356449127197,4.033625602722168,-0.002730846405029297
22,13,20,74.0,2.6907341480255127,2.6873931884765625,-0.0033409595489501953
22,13,21,103.0,2.9307749271392822,2.929380178451538,-0.0013947486877441406
22,13,22,114.0,3.8854269981384277,3.890085220336914,0.004658222198486328
22,13,23,50.0,6.480540752410889,6.492306709289551,0.01176595687866211
22,13,24,281.0,3.1489627361297607,3.152099609375,0.003136873245239258
22,13,25,247.0,2.5188822746276855,2.516666889190674,-0.0022153854370117188
22,13,26,173.0,4.413876056671143,4.414744853973389,0.0008687973022460938
22,13,27,166.0,3.707796812057495,3.7067930698394775,-0.0010037422180175781
22,13,28,98.0,3.151510238647461,3.1495840549468994,-0.0019261837005615234
22,13,29,174.0,3.586359739303589,3.5852713584899902,-0.0010883808135986328
22,13,30,173.0,3.190525531768799,3.1946842670440674,0.004158735275268555
22,13,31,215.0,4.340093612670898,4.337453842163086,-0.0026397705078125
22,13,32,186.0,3.4789488315582275,3.4817795753479004,0.0028307437896728516
22,13,33,153.0,2.9326295852661133,2.925222873687744,-0.007406711578369141
22,13,34,147.0,4.1311798095703125,4.128879547119141,-0.002300262451171875
22,13,35,50.0,4.620577812194824,4.62788724899292,0.007309436798095703
22,13,36,86.0,3.942690134048462,3.9550230503082275,0.012332916259765625
22,13,37,154.0,4.250033378601074,4.2469892501831055,-0.00304412841796875
22,13,38,265.0,2.933018684387207,2.9352519512176514,0.002233266830444336
22,13,39,199.0,3.941709518432617,3.9436697959899902,0.001960277557373047
22,13,40,138.0,4.430899620056152,4.423876762390137,-0.007022857666015625
22,13,41,98.0,4.048152923583984,4.048768997192383,0.0006160736083984375
22,13,42,167.0,2.98820424079895,2.985111713409424,-0.003092527389526367
22,13,43,288.0,4.51556396484375,4.514967918395996,-0.0005960464477539062
22,13,44,225.0,3.134540557861328,3.1328933238983154,-0.0016472339630126953
22,13,45,191.0,3.475728988647461,3.472123861312866,-0.0036051273345947266
22,13,46,92.0,5.071820259094238,5.072455883026123,0.0006356239318847656
22,13,47,41.0,5.766663551330566,5.770879745483398,0.004216194152832031
22,13,48,231.0,3.4077651500701904,3.40749192237854,-0.0002732276916503906
22,13,49,101.0,2.9521121978759766,2.956922769546509,0.0048105716705322266
22,13,50,177.0,3.6662821769714355,3.6603431701660156,-0.005939006805419922
22,13,51,252.0,4.05861759185791,4.057339191436768,-0.0012784004211425781
22,13,52,259.0,3.3747026920318604,3.379296064376831,0.004593372344970703
22,13,53,47.0,4.065746307373047,4.073817729949951,0.008071422576904297
22,13,54,164.0,2.495858669281006,2.498213291168213,0.0023546218872070312
22,13,55,94.0,4.066493034362793,4.06405782699585,-0.0024352073669433594
22,13,56,103.0,4.11627721786499,4.114987373352051,-0.0012898445129394531
22,13,57,78.0,3.913255453109741,3.9120335578918457,-0.0012218952178955078
22,13,58,239.0,3.692802906036377,3.6930642127990723,0.0002613067626953125
22,13,59,271.0,4.881155014038086,4.8803582191467285,-0.0007967948913574219
22,13,60,162.0,3.3450679779052734,3.3444666862487793,-0.0006012916564941406
22,13,61,179.0,3.870093584060669,3.8668949604034424,-0.0031986236572265625
22,13,62,218.0,3.1762454509735107,3.1784279346466064,0.002182483673095703
22,13,63,81.0,3.809858798980713,3.8134303092956543,0.0035715103149414062
22,13,64,93.0,4.687077522277832,4.69304084777832,0.005963325500488281
22,13,65,72.0,4.558295249938965,4.546319961547852,-0.011975288391113281
22,13,66,230.0,3.737887382507324,3.730619192123413,-0.007268190383911133
22,13,67,99.0,3.1625142097473145,3.1651771068573,0.0026628971099853516
22,13,68,213.0,3.218388557434082,3.2213268280029297,0.0029382705688476562
22,13,69,119.0,3.072978973388672,3.0767247676849365,0.0037457942962646484
22,13,70,161.0,3.529710531234741,3.526426315307617,-0.0032842159271240234
22,13,71,90.0,4.394758224487305,4.399693012237549,0.004934787750244141
22,13,72,181.0,3.6989989280700684,3.699411392211914,0.0004124641418457031
22,13,73,95.0,4.745315074920654,4.7425618171691895,-0.0027532577514648438
22,13,74,245.0,2.801177740097046,2.7983951568603516,-0.002782583236694336
22,13,75,93.0,2.319314956665039,2.320244312286377,0.0009293556213378906
22,13,76,225.0,3.1077821254730225,3.1106855869293213,0.002903461456298828
22,13,77,61.0,4.027099132537842,4.033290863037109,0.006191730499267578
22,13,78,257.0,4.246406078338623,4.2454328536987305,-0.0009732246398925781
22,13,79,165.0,3.7203760147094727,3.72334361076355,0.0029675960540771484
22,13,80,117.0,4.752804279327393,4.750150203704834,-0.0026540756225585938
22,13,81,89.0,4.279232025146484,4.2781662940979,-0.0010657310485839844
22,13,82,291.0,4.08609676361084,4.08776330947876,0.0016665458679199219
22,13,83,93.0,4.042176723480225,4.0359110832214355,-0.0062656402587890625
22,13,84,228.0,2.8949825763702393,2.896559000015259,0.0015764236450195312
22,13,85,131.0,3.406266927719116,3.4025564193725586,-0.003710508346557617
22,13,86,191.0,4.77057409286499,4.772956371307373,0.0023822784423828125
22,13,87,238.0,5.341985702514648,5.343091011047363,0.0011053085327148438
22,13,88,210.0,3.7304000854492188,3.7304868698120117,8.678436279296875e-05
22,13,89,107.0,4.658895492553711,4.65746545791626,-0.0014300346374511719
22,13,90,217.0,3.256716728210449,3.2561941146850586,-0.000522613525390625
22,13,91,199.0,3.479922294616699,3.4779138565063477,-0.0020084381103515625
22,13,92,84.0,2.9870519638061523,2.9822676181793213,-0.004784345626831055
22,13,93,271.0,4.167789459228516,4.168303489685059,0.0005140304565429688
22,13,94,226.0,3.797963857650757,3.7990901470184326,0.0011262893676757812
22,13,95,258.0,4.302313327789307,4.299034595489502,-0.0032787322998046875
22,13,96,86.0,4.009377479553223,4.01249885559082,0.0031213760375976562
22,13,97,142.0,4.886353492736816,4.886939525604248,0.0005860328674316406
22,13,98,42.0,4.73474645614624,4.732288837432861,-0.0024576187133789062
22,13,99,224.0,3.053419828414917,3.0515084266662598,-0.0019114017486572266
22,13,100,197.0,2.6848225593566895,2.6825854778289795,-0.002237081527709961
22,13,101,85.0,3.080362558364868,3.083486318588257,0.003123760223388672
22,13,102,195.0,3.4633231163024902,3.465268135070801,0.0019450187683105469
22,13,103,102.0,4.20768404006958,4.207340717315674,-0.00034332275390625
22,13,104,181.0,3.711848735809326,3.7109954357147217,-0.0008533000946044922
22,13,105,72.0,2.723045587539673,2.731534242630005,0.008488655090332031
22,13,106,130.0,4.976626396179199,4.981001853942871,0.004375457763671875
22,13,107,62.0,3.1819393634796143,3.1808252334594727,-0.0011141300201416016
22,13,108,263.0,4.0605854988098145,4.0558624267578125,-0.004723072052001953
22,13,109,194.0,3.1560444831848145,3.1555871963500977,-0.0004572868347167969
22,13,110,174.0,3.211611032485962,3.215654134750366,0.004043102264404297
22,13,111,235.0,4.168798446655273,4.171626567840576,0.0028281211853027344
22,13,112,143.0,4.279087066650391,4.273115634918213,-0.005971431732177734
22,13,113,117.0,4.890145778656006,4.888175964355469,-0.0019698143005371094
22,13,114,160.0,4.253233909606934,4.255423545837402,0.00218963623046875
22,13,115,115.0,3.9266409873962402,3.920226573944092,-0.0064144134521484375
22,13,116,120.0,3.8633739948272705,3.8656437397003174,0.002269744873046875
22,13,117,186.0,4.1213459968566895,4.119746208190918,-0.0015997886657714844
22,13,118,138.0,3.296036958694458,3.2967307567596436,0.0006937980651855469
22,13,119,80.0,3.554978847503662,3.5567564964294434,0.00177764892578125
22,13,120,164.0,3.3612916469573975,3.360139846801758,-0.0011518001556396484
22,13,121,215.0,3.762061357498169,3.761382579803467,-0.0006787776947021484
22,13,122,81.0,3.60632061958313,3.5980489253997803,-0.00827169418334961
22,13,123,171.0,3.4178876876831055,3.419532060623169,0.0016443729400634766
22,13,124,41.0,4.780884742736816,4.773890018463135,-0.006994724273681641
22,13,125,103.0,4.1708221435546875,4.168762683868408,-0.002059459686279297
22,13,126,145.0,3.385586977005005,3.39237642288208,0.006789445877075195
22,13,127,102.0,3.511989116668701,3.5127527713775635,0.0007636547088623047
22,13,128,157.0,4.545989513397217,4.549496650695801,0.0035071372985839844
22,13,129,161.0,3.612820625305176,3.6073687076568604,-0.00545191764831543
22,13,130,248.0,3.595446825027466,3.6012156009674072,0.005768775939941406
22,13,131,240.0,4.314742088317871,4.320288181304932,0.005546092987060547
22,13,132,284.0,3.515221118927002,3.5158557891845703,0.0006346702575683594
22,13,133,105.0,5.547122001647949,5.548171043395996,0.001049041748046875
22,13,134,72.0,3.6292827129364014,3.6322827339172363,0.003000020980834961
22,13,135,86.0,3.9638190269470215,3.9688475131988525,0.005028486251831055
22,13,136,120.0,3.225938320159912,3.2307870388031006,0.0048487186431884766
22,13,137,64.0,3.684243679046631,3.683011293411255,-0.0012323856353759766
22,13,138,220.0,2.8231959342956543,2.821608781814575,-0.0015871524810791016
22,13,139,92.0,2.984248638153076,2.9874107837677,0.0031621456146240234
22,13,140,180.0,3.4170660972595215,3.414644956588745,-0.002421140670776367
22,13,141,95.0,3.5693070888519287,3.565957546234131,-0.0033495426177978516
22,13,142,72.0,5.436267852783203,5.429826736450195,-0.0064411163330078125
22,13,143,152.0,4.664964199066162,4.666142463684082,0.0011782646179199219
22,13,144,170.0,3.2575697898864746,3.259247303009033,0.0016775131225585938
22,13,145,56.0,4.233151912689209,4.2341156005859375,0.0009636878967285156
22,13,146,174.0,3.632305860519409,3.633532762527466,0.0012269020080566406
22,13,147,191.0,3.26232647895813,3.271186590194702,0.008860111236572266
22,13,148,279.0,3.7231252193450928,3.7234485149383545,0.00032329559326171875
22,13,149,98.0,3.6501717567443848,3.654904365539551,0.004732608795166016
22,13,150,50.0,3.987290143966675,3.9936444759368896,0.006354331970214844
22,13,151,61.0,3.207566976547241,3.207597494125366,3.0517578125e-05
22,13,152,208.0,2.833768367767334,2.8312389850616455,-0.0025293827056884766
22,13,153,124.0,3.7818057537078857,3.77931809425354,-0.002487659454345703
22,13,154,128.0,3.3032331466674805,3.3034167289733887,0.00018358230590820312
22,13,155,250.0,4.603071212768555,4.6049418449401855,0.0018706321716308594
22,13,156,239.0,2.621934175491333,2.6227405071258545,0.0008063316345214844
22,13,157,164.0,2.8648641109466553,2.8609838485717773,-0.0038802623748779297
22,13,158,42.0,4.671477317810059,4.676358222961426,0.0048809051513671875
22,13,159,200.0,4.007006645202637,4.011218070983887,0.00421142578125
22,13,160,209.0,3.638150215148926,3.637367010116577,-0.0007832050323486328
22,13,161,206.0,3.6040756702423096,3.6009633541107178,-0.003112316131591797
22,13,162,139.0,4.383498191833496,4.3804240226745605,-0.003074169158935547
22,13,163,76.0,3.7987864017486572,3.800755500793457,0.0019690990447998047
22,13,164,232.0,3.892338275909424,3.891505718231201,-0.0008325576782226562
22,13,165,235.0,3.9155564308166504,3.91424298286438,-0.0013134479522705078
22,13,166,49.0,4.228317737579346,4.227724552154541,-0.0005931854248046875
22,13,167,138.0,3.473930835723877,3.4671223163604736,-0.00680851936340332
22,13,168,60.0,3.808337450027466,3.8035836219787598,-0.004753828048706055
22,13,169,146.0,4.041977882385254,4.044809818267822,0.0028319358825683594
22,13,170,57.0,4.420210838317871,4.4173455238342285,-0.002865314483642578
22,13,171,135.0,3.909317970275879,3.9132626056671143,0.0039446353912353516
22,13,172,113.0,3.19097638130188,3.1857223510742188,-0.005254030227661133
22,13,173,208.0,4.171577453613281,4.175533771514893,0.003956317901611328
22,13,174,195.0,2.116305112838745,2.117523431777954,0.0012183189392089844
22,13,175,137.0,3.9520905017852783,3.9513278007507324,-0.0007627010345458984
22,13,176,91.0,4.97736120223999,4.976766586303711,-0.0005946159362792969
22,13,177,66.0,3.994100332260132,3.9928996562957764,-0.0012006759643554688
22,13,178,173.0,3.3507070541381836,3.3517465591430664,0.0010395050048828125
22,13,179,89.0,5.353647708892822,5.353593826293945,-5.3882598876953125e-05
22,13,180,231.0,3.6613731384277344,3.6644556522369385,0.0030825138092041016
22,13,181,71.0,5.397938251495361,5.398509502410889,0.0005712509155273438
22,13,182,98.0,3.963383674621582,3.968931198120117,0.005547523498535156
22,13,183,215.0,1.998246431350708,2.001230239868164,0.0029838085174560547
22,13,184,159.0,4.383580684661865,4.3820576667785645,-0.0015230178833007812
22,13,185,86.0,3.697986602783203,3.702561855316162,0.004575252532958984
22,13,186,92.0,3.4445607662200928,3.4418275356292725,-0.0027332305908203125
22,13,187,51.0,5.179178714752197,5.179891586303711,0.0007128715515136719
22,13,188,86.0,4.734201908111572,4.730965614318848,-0.0032362937927246094
22,13,189,132.0,3.6938047409057617,3.6993978023529053,0.005593061447143555
22,13,190,214.0,3.9561617374420166,3.954451560974121,-0.0017101764678955078
22,13,191,139.0,4.121965408325195,4.131152629852295,0.00918722152709961
22,13,192,89.0,3.4952480792999268,3.4894158840179443,-0.005832195281982422
22,13,193,102.0,4.782958507537842,4.784795761108398,0.0018372535705566406
22,13,194,156.0,2.6015143394470215,2.599698305130005,-0.0018160343170166016
22,13,195,87.0,3.839608669281006,3.8404958248138428,0.0008871555328369141
22,13,196,175.0,3.2536110877990723,3.2548012733459473,0.001190185546875
22,13,197,136.0,2.3385791778564453,2.3330211639404297,-0.005558013916015625
22,13,198,54.0,3.781459093093872,3.782087564468384,0.0006284713745117188
22,13,199,71.0,4.556375980377197,4.558333873748779,0.0019578933715820312
22,13,200,43.0,4.562034606933594,4.564716339111328,0.002681732177734375
22,13,201,200.0,3.3231818675994873,3.3202221393585205,-0.002959728240966797
22,13,202,60.0,3.5167155265808105,3.5177392959594727,0.0010237693786621094
22,13,203,220.0,3.437206983566284,3.4395079612731934,0.0023009777069091797
22,13,204,160.0,4.1729278564453125,4.175825595855713,0.0028977394104003906
22,13,205,46.0,3.025144100189209,3.026465654373169,0.001321554183959961
22,13,206,189.0,3.507356882095337,3.5056443214416504,-0.0017125606536865234
22,13,207,69.0,4.68245792388916,4.677961826324463,-0.004496097564697266
22,13,208,164.0,2.968637228012085,2.9703330993652344,0.001695871353149414
22,13,209,121.0,3.6657907962799072,3.6574268341064453,-0.008363962173461914
22,13,210,453.0,5.465768337249756,5.466531753540039,0.0007634162902832031
22,13,211,167.0,3.817554473876953,3.8204264640808105,0.002871990203857422
22,13,212,79.0,3.6519949436187744,3.6455047130584717,-0.006490230560302734
22,13,213,64.0,4.473271369934082,4.489382743835449,0.016111373901367188
22,13,214,214.0,3.5177533626556396,3.5185272693634033,0.0007739067077636719
22,13,215,42.0,4.581282615661621,4.585628509521484,0.004345893859863281
22,13,216,85.0,4.406545639038086,4.411678314208984,0.0051326751708984375
22,13,217,45.0,4.909335136413574,4.908064365386963,-0.0012707710266113281
22,13,218,96.0,4.346060276031494,4.34160852432251,-0.004451751708984375
22,13,219,40.0,3.466945171356201,3.4678306579589844,0.0008854866027832031
22,13,220,66.0,4.6993865966796875,4.698638916015625,-0.0007476806640625
22,13,221,262.0,3.4376049041748047,3.436521291732788,-0.0010836124420166016
22,13,222,32.0,4.6173553466796875,4.633890151977539,0.016534805297851562
22,13,223,33.0,4.931256294250488,4.943865776062012,0.012609481811523438
22,13,224,139.0,2.1582767963409424,2.153247594833374,-0.005029201507568359
22,13,225,84.0,4.020323753356934,4.019064903259277,-0.00125885009765625
22,13,226,46.0,3.709413528442383,3.7230265140533447,0.013612985610961914
22,13,227,121.0,4.181075572967529,4.182210445404053,0.0011348724365234375
22,13,228,67.0,3.140568971633911,3.1415627002716064,0.0009937286376953125
22,13,229,187.0,3.8881711959838867,3.88901948928833,0.0008482933044433594
22,13,230,40.0,4.873936176300049,4.8725481033325195,-0.0013880729675292969
22,13,231,91.0,3.998016119003296,4.003270626068115,0.005254507064819336
22,13,232,52.0,4.4449782371521,4.453542232513428,0.008563995361328125
22,13,233,49.0,4.133476257324219,4.134255409240723,0.0007791519165039062
22,13,234,261.0,3.079342842102051,3.0805888175964355,0.0012459754943847656
22,13,235,59.0,4.072587490081787,4.0753302574157715,0.002742767333984375
22,13,236,132.0,4.054989814758301,4.057669162750244,0.0026793479919433594
22,13,237,136.0,3.4520623683929443,3.454122543334961,0.0020601749420166016
22,13,238,210.0,3.7005720138549805,3.7080507278442383,0.0074787139892578125
22,13,239,258.0,3.6856272220611572,3.683664083480835,-0.0019631385803222656
22,13,240,203.0,3.5238258838653564,3.5241355895996094,0.0003097057342529297
22,13,241,198.0,3.3618428707122803,3.360781192779541,-0.0010616779327392578
22,13,242,85.0,3.468600034713745,3.471072196960449,0.0024721622467041016
22,13,243,85.0,2.1469109058380127,2.1781561374664307,0.03124523162841797
22,13,244,93.0,4.847414970397949,4.846038341522217,-0.0013766288757324219
22,13,245,68.0,4.8312296867370605,4.828608512878418,-0.002621173858642578
22,13,246,58.0,4.302565574645996,4.30367374420166,0.0011081695556640625
22,13,247,187.0,3.1594748497009277,3.158177614212036,-0.0012972354888916016
22,13,248,64.0,2.745805263519287,2.7441246509552,-0.001680612564086914
22,13,249,100.0,3.3120670318603516,3.310946464538574,-0.0011205673217773438
22,13,250,151.0,3.886031150817871,3.8881723880767822,0.002141237258911133
22,13,251,174.0,3.292135715484619,3.2879817485809326,-0.0041539669036865234
22,13,252,126.0,4.651801109313965,4.656794548034668,0.004993438720703125
22,13,253,99.0,3.699761390686035,3.702434539794922,0.0026731491088867188
22,13,254,107.0,4.576633453369141,4.591991424560547,0.01535797119140625
22,13,255,116.0,3.825943946838379,3.826535940170288,0.0005919933319091797
22,14,0,196.0,3.98167085647583,4.009625434875488,0.027954578399658203
22,14,1,127.0,3.705084800720215,3.714062452316284,0.008977651596069336
22,14,2,162.0,2.4317469596862793,2.436368465423584,0.0046215057373046875
22,14,3,92.0,5.154407501220703,5.150846481323242,-0.0035610198974609375
22,14,4,194.0,3.7261335849761963,3.7302258014678955,0.004092216491699219
22,14,5,115.0,3.4317781925201416,3.434476852416992,0.002698659896850586
22,14,6,109.0,4.611254692077637,4.625545501708984,0.014290809631347656
22,14,7,48.0,3.824559450149536,3.8429996967315674,0.01844024658203125
22,14,8,69.0,4.333216190338135,4.347731590270996,0.014515399932861328
22,14,9,85.0,3.4889185428619385,3.517773389816284,0.028854846954345703
22,14,10,238.0,3.337062358856201,3.3410544395446777,0.0039920806884765625
22,14,11,233.0,3.013906478881836,3.025618076324463,0.011711597442626953
22,14,12,208.0,3.644038200378418,3.6382813453674316,-0.005756855010986328
22,14,13,196.0,3.302739381790161,3.3123903274536133,0.009650945663452148
22,14,14,131.0,3.989900827407837,3.9798827171325684,-0.010018110275268555
22,14,15,125.0,3.2012383937835693,3.2184953689575195,0.017256975173950195
22,14,16,61.0,4.757500171661377,4.768640518188477,0.01114034652709961
22,14,17,164.0,2.6241273880004883,2.635395050048828,0.011267662048339844
22,14,18,107.0,3.8216171264648438,3.8276572227478027,0.006040096282958984
22,14,19,48.0,4.036356449127197,4.0183491706848145,-0.018007278442382812
22,14,20,74.0,2.6907341480255127,2.6933844089508057,0.0026502609252929688
22,14,21,103.0,2.9307749271392822,2.9299046993255615,-0.0008702278137207031
22,14,22,114.0,3.8854269981384277,3.914341688156128,0.028914690017700195
22,14,23,50.0,6.480540752410889,6.5210795402526855,0.040538787841796875
22,14,24,281.0,3.1489627361297607,3.1600191593170166,0.01105642318725586
22,14,25,247.0,2.5188822746276855,2.5143096446990967,-0.004572629928588867
22,14,26,173.0,4.413876056671143,4.4143757820129395,0.000499725341796875
22,14,27,166.0,3.707796812057495,3.702251434326172,-0.005545377731323242
22,14,28,98.0,3.151510238647461,3.161994695663452,0.010484457015991211
22,14,29,174.0,3.586359739303589,3.5823252201080322,-0.004034519195556641
22,14,30,173.0,3.190525531768799,3.1980178356170654,0.0074923038482666016
22,14,31,215.0,4.340093612670898,4.342091083526611,0.0019974708557128906
22,14,32,186.0,3.4789488315582275,3.488809585571289,0.009860754013061523
22,14,33,153.0,2.9326295852661133,2.9557595252990723,0.023129940032958984
22,14,34,147.0,4.1311798095703125,4.159695148468018,0.028515338897705078
22,14,35,50.0,4.620577812194824,4.632704734802246,0.012126922607421875
22,14,36,86.0,3.942690134048462,3.9564833641052246,0.013793230056762695
22,14,37,154.0,4.250033378601074,4.26097297668457,0.010939598083496094
22,14,38,265.0,2.933018684387207,2.9419384002685547,0.008919715881347656
22,14,39,199.0,3.941709518432617,3.9521825313568115,0.010473012924194336
22,14,40,138.0,4.430899620056152,4.458012104034424,0.027112483978271484
22,14,41,98.0,4.048152923583984,4.08187198638916,0.03371906280517578
22,14,42,167.0,2.98820424079895,2.993605613708496,0.0054013729095458984
22,14,43,288.0,4.51556396484375,4.519619464874268,0.004055500030517578
22,14,44,225.0,3.134540557861328,3.143483877182007,0.008943319320678711
22,14,45,191.0,3.475728988647461,3.4757091999053955,-1.9788742065429688e-05
22,14,46,92.0,5.071820259094238,5.10943078994751,0.037610530853271484
22,14,47,41.0,5.766663551330566,5.718622207641602,-0.048041343688964844
22,14,48,231.0,3.4077651500701904,3.402418375015259,-0.005346775054931641
22,14,49,101.0,2.9521121978759766,2.9743967056274414,0.022284507751464844
22,14,50,177.0,3.6662821769714355,3.6658997535705566,-0.00038242340087890625
22,14,51,252.0,4.05861759185791,4.052913665771484,-0.005703926086425781
22,14,52,259.0,3.3747026920318604,3.3932712078094482,0.01856851577758789
22,14,53,47.0,4.065746307373047,4.070717811584473,0.004971504211425781
22,14,54,164.0,2.495858669281006,2.5028209686279297,0.006962299346923828
22,14,55,94.0,4.066493034362793,4.057869911193848,-0.008623123168945312
22,14,56,103.0,4.11627721786499,4.135966777801514,0.019689559936523438
22,14,57,78.0,3.913255453109741,3.9222803115844727,0.009024858474731445
22,14,58,239.0,3.692802906036377,3.6975326538085938,0.004729747772216797
22,14,59,271.0,4.881155014038086,4.892147541046143,0.01099252700805664
22,14,60,162.0,3.3450679779052734,3.3632774353027344,0.018209457397460938
22,14,61,179.0,3.870093584060669,3.875098943710327,0.005005359649658203
22,14,62,218.0,3.1762454509735107,3.1885926723480225,0.012347221374511719
22,14,63,81.0,3.809858798980713,3.799333095550537,-0.010525703430175781
22,14,64,93.0,4.687077522277832,4.698238372802734,0.011160850524902344
22,14,65,72.0,4.558295249938965,4.582319259643555,0.024024009704589844
22,14,66,230.0,3.737887382507324,3.7468764781951904,0.008989095687866211
22,14,67,99.0,3.1625142097473145,3.1522154808044434,-0.010298728942871094
22,14,68,213.0,3.218388557434082,3.230694532394409,0.012305974960327148
22,14,69,119.0,3.072978973388672,3.055802345275879,-0.01717662811279297
22,14,70,161.0,3.529710531234741,3.5524299144744873,0.022719383239746094
22,14,71,90.0,4.394758224487305,4.4140729904174805,0.01931476593017578
22,14,72,181.0,3.6989989280700684,3.7188169956207275,0.01981806755065918
22,14,73,95.0,4.745315074920654,4.778661251068115,0.03334617614746094
22,14,74,245.0,2.801177740097046,2.8141467571258545,0.012969017028808594
22,14,75,93.0,2.319314956665039,2.3324203491210938,0.013105392456054688
22,14,76,225.0,3.1077821254730225,3.1286561489105225,0.0208740234375
22,14,77,61.0,4.027099132537842,4.018113136291504,-0.00898599624633789
22,14,78,257.0,4.246406078338623,4.250927925109863,0.004521846771240234
22,14,79,165.0,3.7203760147094727,3.7147889137268066,-0.005587100982666016
22,14,80,117.0,4.752804279327393,4.764319896697998,0.011515617370605469
22,14,81,89.0,4.279232025146484,4.2827863693237305,0.0035543441772460938
22,14,82,291.0,4.08609676361084,4.079011917114258,-0.007084846496582031
22,14,83,93.0,4.042176723480225,4.040356636047363,-0.0018200874328613281
22,14,84,228.0,2.8949825763702393,2.896392345428467,0.001409769058227539
22,14,85,131.0,3.406266927719116,3.394407272338867,-0.011859655380249023
22,14,86,191.0,4.77057409286499,4.7885661125183105,0.017992019653320312
22,14,87,238.0,5.341985702514648,5.358486652374268,0.01650094985961914
22,14,88,210.0,3.7304000854492188,3.729997396469116,-0.00040268898010253906
22,14,89,107.0,4.658895492553711,4.671748161315918,0.012852668762207031
22,14,90,217.0,3.256716728210449,3.253612518310547,-0.0031042098999023438
22,14,91,199.0,3.479922294616699,3.489928960800171,0.01000666618347168
22,14,92,84.0,2.9870519638061523,2.9897572994232178,0.0027053356170654297
22,14,93,271.0,4.167789459228516,4.170022487640381,0.0022330284118652344
22,14,94,226.0,3.797963857650757,3.811558485031128,0.013594627380371094
22,14,95,258.0,4.302313327789307,4.324041843414307,0.021728515625
22,14,96,86.0,4.009377479553223,4.001864433288574,-0.0075130462646484375
22,14,97,142.0,4.886353492736816,4.913242340087891,0.02688884735107422
22,14,98,42.0,4.73474645614624,4.751845359802246,0.01709890365600586
22,14,99,224.0,3.053419828414917,3.063715696334839,0.010295867919921875
22,14,100,197.0,2.6848225593566895,2.682624101638794,-0.002198457717895508
22,14,101,85.0,3.080362558364868,3.076547384262085,-0.003815174102783203
22,14,102,195.0,3.4633231163024902,3.469346046447754,0.006022930145263672
22,14,103,102.0,4.20768404006958,4.216213226318359,0.008529186248779297
22,14,104,181.0,3.711848735809326,3.7135097980499268,0.001661062240600586
22,14,105,72.0,2.723045587539673,2.7372756004333496,0.014230012893676758
22,14,106,130.0,4.976626396179199,4.990227222442627,0.013600826263427734
22,14,107,62.0,3.1819393634796143,3.197561264038086,0.01562190055847168
22,14,108,263.0,4.0605854988098145,4.061776161193848,0.0011906623840332031
22,14,109,194.0,3.1560444831848145,3.157447338104248,0.0014028549194335938
22,14,110,174.0,3.211611032485962,3.223097801208496,0.01148676872253418
22,14,111,235.0,4.168798446655273,4.165323734283447,-0.003474712371826172
22,14,112,143.0,4.279087066650391,4.287200450897217,0.008113384246826172
22,14,113,117.0,4.890145778656006,4.899651050567627,0.009505271911621094
22,14,114,160.0,4.253233909606934,4.261503219604492,0.008269309997558594
22,14,115,115.0,3.9266409873962402,3.928983449935913,0.0023424625396728516
22,14,116,120.0,3.8633739948272705,3.8843252658843994,0.020951271057128906
22,14,117,186.0,4.1213459968566895,4.1128249168396,-0.008521080017089844
22,14,118,138.0,3.296036958694458,3.3030006885528564,0.0069637298583984375
22,14,119,80.0,3.554978847503662,3.551776885986328,-0.0032019615173339844
22,14,120,164.0,3.3612916469573975,3.3672313690185547,0.0059397220611572266
22,14,121,215.0,3.762061357498169,3.7629127502441406,0.0008513927459716797
22,14,122,81.0,3.60632061958313,3.6023027896881104,-0.004017829895019531
22,14,123,171.0,3.4178876876831055,3.4221770763397217,0.004289388656616211
22,14,124,41.0,4.780884742736816,4.791302680969238,0.010417938232421875
22,14,125,103.0,4.1708221435546875,4.167370796203613,-0.0034513473510742188
22,14,126,145.0,3.385586977005005,3.3949546813964844,0.009367704391479492
22,14,127,102.0,3.511989116668701,3.5158588886260986,0.003869771957397461
22,14,128,157.0,4.545989513397217,4.55640983581543,0.01042032241821289
22,14,129,161.0,3.612820625305176,3.625462532043457,0.01264190673828125
22,14,130,248.0,3.595446825027466,3.618569850921631,0.02312302589416504
22,14,131,240.0,4.314742088317871,4.318935871124268,0.004193782806396484
22,14,132,284.0,3.515221118927002,3.523576021194458,0.008354902267456055
22,14,133,105.0,5.547122001647949,5.544842720031738,-0.0022792816162109375
22,14,134,72.0,3.6292827129364014,3.6285667419433594,-0.0007159709930419922
22,14,135,86.0,3.9638190269470215,3.9805588722229004,0.016739845275878906
22,14,136,120.0,3.225938320159912,3.2484283447265625,0.02249002456665039
22,14,137,64.0,3.684243679046631,3.693855047225952,0.009611368179321289
22,14,138,220.0,2.8231959342956543,2.8153302669525146,-0.007865667343139648
22,14,139,92.0,2.984248638153076,2.9771313667297363,-0.007117271423339844
22,14,140,180.0,3.4170660972595215,3.4146175384521484,-0.002448558807373047
22,14,141,95.0,3.5693070888519287,3.5469682216644287,-0.0223388671875
22,14,142,72.0,5.436267852783203,5.4724225997924805,0.036154747009277344
22,14,143,152.0,4.664964199066162,4.666916847229004,0.0019526481628417969
22,14,144,170.0,3.2575697898864746,3.2604000568389893,0.0028302669525146484
22,14,145,56.0,4.233151912689209,4.203608989715576,-0.029542922973632812
22,14,146,174.0,3.632305860519409,3.6259326934814453,-0.006373167037963867
22,14,147,191.0,3.26232647895813,3.2833385467529297,0.021012067794799805
22,14,148,279.0,3.7231252193450928,3.7259745597839355,0.0028493404388427734
22,14,149,98.0,3.6501717567443848,3.667107105255127,0.016935348510742188
22,14,150,50.0,3.987290143966675,3.99560546875,0.008315324783325195
22,14,151,61.0,3.207566976547241,3.219388484954834,0.011821508407592773
22,14,152,208.0,2.833768367767334,2.831326723098755,-0.0024416446685791016
22,14,153,124.0,3.7818057537078857,3.774505138397217,-0.007300615310668945
22,14,154,128.0,3.3032331466674805,3.312833547592163,0.009600400924682617
22,14,155,250.0,4.603071212768555,4.617473602294922,0.014402389526367188
22,14,156,239.0,2.621934175491333,2.6247200965881348,0.002785921096801758
22,14,157,164.0,2.8648641109466553,2.8737194538116455,0.008855342864990234
22,14,158,42.0,4.671477317810059,4.656151294708252,-0.01532602310180664
22,14,159,200.0,4.007006645202637,4.005338191986084,-0.0016684532165527344
22,14,160,209.0,3.638150215148926,3.642503023147583,0.0043528079986572266
22,14,161,206.0,3.6040756702423096,3.6158018112182617,0.011726140975952148
22,14,162,139.0,4.383498191833496,4.3859543800354,0.002456188201904297
22,14,163,76.0,3.7987864017486572,3.827582836151123,0.02879643440246582
22,14,164,232.0,3.892338275909424,3.9009652137756348,0.008626937866210938
22,14,165,235.0,3.9155564308166504,3.9165520668029785,0.000995635986328125
22,14,166,49.0,4.228317737579346,4.250353813171387,0.022036075592041016
22,14,167,138.0,3.473930835723877,3.468489170074463,-0.0054416656494140625
22,14,168,60.0,3.808337450027466,3.794481039047241,-0.01385641098022461
22,14,169,146.0,4.041977882385254,4.022806644439697,-0.01917123794555664
22,14,170,57.0,4.420210838317871,4.416497707366943,-0.0037131309509277344
22,14,171,135.0,3.909317970275879,3.9336719512939453,0.024353981018066406
22,14,172,113.0,3.19097638130188,3.1839523315429688,-0.007024049758911133
22,14,173,208.0,4.171577453613281,4.176573753356934,0.004996299743652344
22,14,174,195.0,2.116305112838745,2.1173272132873535,0.0010221004486083984
22,14,175,137.0,3.9520905017852783,3.9588730335235596,0.00678253173828125
22,14,176,91.0,4.97736120223999,4.968702793121338,-0.008658409118652344
22,14,177,66.0,3.994100332260132,3.9833719730377197,-0.01072835922241211
22,14,178,173.0,3.3507070541381836,3.3525888919830322,0.0018818378448486328
22,14,179,89.0,5.353647708892822,5.357921123504639,0.004273414611816406
22,14,180,231.0,3.6613731384277344,3.6651902198791504,0.0038170814514160156
22,14,181,71.0,5.397938251495361,5.387650966644287,-0.010287284851074219
22,14,182,98.0,3.963383674621582,3.972614288330078,0.009230613708496094
22,14,183,215.0,1.998246431350708,2.003936529159546,0.005690097808837891
22,14,184,159.0,4.383580684661865,4.3866658210754395,0.0030851364135742188
22,14,185,86.0,3.697986602783203,3.6854522228240967,-0.012534379959106445
22,14,186,92.0,3.4445607662200928,3.474599838256836,0.030039072036743164
22,14,187,51.0,5.179178714752197,5.177755355834961,-0.0014233589172363281
22,14,188,86.0,4.734201908111572,4.746505260467529,0.012303352355957031
22,14,189,132.0,3.6938047409057617,3.7121548652648926,0.01835012435913086
22,14,190,214.0,3.9561617374420166,3.963893413543701,0.00773167610168457
22,14,191,139.0,4.121965408325195,4.126667499542236,0.004702091217041016
22,14,192,89.0,3.4952480792999268,3.4961049556732178,0.0008568763732910156
22,14,193,102.0,4.782958507537842,4.775475978851318,-0.0074825286865234375
22,14,194,156.0,2.6015143394470215,2.6159706115722656,0.01445627212524414
22,14,195,87.0,3.839608669281006,3.8394107818603516,-0.00019788742065429688
22,14,196,175.0,3.2536110877990723,3.2483880519866943,-0.00522303581237793
22,14,197,136.0,2.3385791778564453,2.3310468196868896,-0.007532358169555664
22,14,198,54.0,3.781459093093872,3.771967887878418,-0.009491205215454102
22,14,199,71.0,4.556375980377197,4.545259475708008,-0.011116504669189453
22,14,200,43.0,4.562034606933594,4.575092315673828,0.013057708740234375
22,14,201,200.0,3.3231818675994873,3.3150877952575684,-0.008094072341918945
22,14,202,60.0,3.5167155265808105,3.537750244140625,0.021034717559814453
22,14,203,220.0,3.437206983566284,3.4501380920410156,0.012931108474731445
22,14,204,160.0,4.1729278564453125,4.188955783843994,0.01602792739868164
22,14,205,46.0,3.025144100189209,3.038275718688965,0.01313161849975586
22,14,206,189.0,3.507356882095337,3.520031213760376,0.012674331665039062
22,14,207,69.0,4.68245792388916,4.69202995300293,0.009572029113769531
22,14,208,164.0,2.968637228012085,2.98636531829834,0.017728090286254883
22,14,209,121.0,3.6657907962799072,3.665431022644043,-0.0003597736358642578
22,14,210,453.0,5.465768337249756,5.4688286781311035,0.0030603408813476562
22,14,211,167.0,3.817554473876953,3.8192336559295654,0.0016791820526123047
22,14,212,79.0,3.6519949436187744,3.6486897468566895,-0.003305196762084961
22,14,213,64.0,4.473271369934082,4.476325988769531,0.0030546188354492188
22,14,214,214.0,3.5177533626556396,3.523644208908081,0.005890846252441406
22,14,215,42.0,4.581282615661621,4.623232841491699,0.041950225830078125
22,14,216,85.0,4.406545639038086,4.416327476501465,0.009781837463378906
22,14,217,45.0,4.909335136413574,4.915059566497803,0.005724430084228516
22,14,218,96.0,4.346060276031494,4.346602439880371,0.0005421638488769531
22,14,219,40.0,3.466945171356201,3.4526257514953613,-0.014319419860839844
22,14,220,66.0,4.6993865966796875,4.715938091278076,0.016551494598388672
22,14,221,262.0,3.4376049041748047,3.450416088104248,0.01281118392944336
22,14,222,32.0,4.6173553466796875,4.613309860229492,-0.0040454864501953125
22,14,223,33.0,4.931256294250488,4.948431491851807,0.01717519760131836
22,14,224,139.0,2.1582767963409424,2.158250093460083,-2.6702880859375e-05
22,14,225,84.0,4.020323753356934,4.021800518035889,0.0014767646789550781
22,14,226,46.0,3.709413528442383,3.722715377807617,0.013301849365234375
22,14,227,121.0,4.181075572967529,4.18994665145874,0.008871078491210938
22,14,228,67.0,3.140568971633911,3.1442556381225586,0.003686666488647461
22,14,229,187.0,3.8881711959838867,3.8907735347747803,0.0026023387908935547
22,14,230,40.0,4.873936176300049,4.920479774475098,0.04654359817504883
22,14,231,91.0,3.998016119003296,4.012787342071533,0.014771223068237305
22,14,232,52.0,4.4449782371521,4.464384078979492,0.019405841827392578
22,14,233,49.0,4.133476257324219,4.13913631439209,0.005660057067871094
22,14,234,261.0,3.079342842102051,3.09560227394104,0.016259431838989258
22,14,235,59.0,4.072587490081787,4.053056240081787,-0.01953125
22,14,236,132.0,4.054989814758301,4.06177282333374,0.006783008575439453
22,14,237,136.0,3.4520623683929443,3.4625093936920166,0.010447025299072266
22,14,238,210.0,3.7005720138549805,3.706319570541382,0.005747556686401367
22,14,239,258.0,3.6856272220611572,3.6879758834838867,0.002348661422729492
22,14,240,203.0,3.5238258838653564,3.526987075805664,0.003161191940307617
22,14,241,198.0,3.3618428707122803,3.363678216934204,0.0018353462219238281
22,14,242,85.0,3.468600034713745,3.461806297302246,-0.0067937374114990234
22,14,243,85.0,2.1469109058380127,2.140040397644043,-0.0068705081939697266
22,14,244,93.0,4.847414970397949,4.858910083770752,0.011495113372802734
22,14,245,68.0,4.8312296867370605,4.838995456695557,0.007765769958496094
22,14,246,58.0,4.302565574645996,4.31825065612793,0.015685081481933594
22,14,247,187.0,3.1594748497009277,3.1661670207977295,0.006692171096801758
22,14,248,64.0,2.745805263519287,2.7674307823181152,0.021625518798828125
22,14,249,100.0,3.3120670318603516,3.309136390686035,-0.0029306411743164062
22,14,250,151.0,3.886031150817871,3.866942882537842,-0.019088268280029297
22,14,251,174.0,3.292135715484619,3.2800257205963135,-0.012109994888305664
22,14,252,126.0,4.651801109313965,4.678870677947998,0.027069568634033203
22,14,253,99.0,3.699761390686035,3.6993916034698486,-0.00036978721618652344
22,14,254,107.0,4.576633453369141,4.594628810882568,0.017995357513427734
22,14,255,116.0,3.825943946838379,3.8410208225250244,0.015076875686645508
22,15,0,196.0,3.98167085647583,3.9675915241241455,-0.01407933235168457
22,15,1,127.0,3.705084800720215,3.7214555740356445,0.016370773315429688
22,15,2,162.0,2.4317469596862793,2.438577175140381,0.0068302154541015625
22,15,3,92.0,5.154407501220703,5.1722822189331055,0.017874717712402344
22,15,4,194.0,3.7261335849761963,3.729188919067383,0.0030553340911865234
22,15,5,115.0,3.4317781925201416,3.444662570953369,0.012884378433227539
22,15,6,109.0,4.611254692077637,4.603973388671875,-0.007281303405761719
22,15,7,48.0,3.824559450149536,3.8475372791290283,0.022977828979492188
22,15,8,69.0,4.333216190338135,4.322105407714844,-0.011110782623291016
22,15,9,85.0,3.4889185428619385,3.508465528488159,0.019546985626220703
22,15,10,238.0,3.337062358856201,3.3561747074127197,0.019112348556518555
22,15,11,233.0,3.013906478881836,3.0271499156951904,0.013243436813354492
22,15,12,208.0,3.644038200378418,3.64513897895813,0.001100778579711914
22,15,13,196.0,3.302739381790161,3.3206825256347656,0.017943143844604492
22,15,14,131.0,3.989900827407837,4.022588729858398,0.03268790245056152
22,15,15,125.0,3.2012383937835693,3.1974081993103027,-0.0038301944732666016
22,15,16,61.0,4.757500171661377,4.7596306800842285,0.0021305084228515625
22,15,17,164.0,2.6241273880004883,2.6279377937316895,0.003810405731201172
22,15,18,107.0,3.8216171264648438,3.8406925201416016,0.019075393676757812
22,15,19,48.0,4.036356449127197,4.05946159362793,0.023105144500732422
22,15,20,74.0,2.6907341480255127,2.700735569000244,0.010001420974731445
22,15,21,103.0,2.9307749271392822,2.9318249225616455,0.0010499954223632812
22,15,22,114.0,3.8854269981384277,3.8709142208099365,-0.014512777328491211
22,15,23,50.0,6.480540752410889,6.477097034454346,-0.0034437179565429688
22,15,24,281.0,3.1489627361297607,3.1515517234802246,0.002588987350463867
22,15,25,247.0,2.5188822746276855,2.527768611907959,0.008886337280273438
22,15,26,173.0,4.413876056671143,4.41648006439209,0.0026040077209472656
22,15,27,166.0,3.707796812057495,3.726325035095215,0.018528223037719727
22,15,28,98.0,3.151510238647461,3.1525814533233643,0.0010712146759033203
22,15,29,174.0,3.586359739303589,3.6045093536376953,0.018149614334106445
22,15,30,173.0,3.190525531768799,3.191767454147339,0.001241922378540039
22,15,31,215.0,4.340093612670898,4.335655689239502,-0.004437923431396484
22,15,32,186.0,3.4789488315582275,3.487626552581787,0.00867772102355957
22,15,33,153.0,2.9326295852661133,2.92195987701416,-0.010669708251953125
22,15,34,147.0,4.1311798095703125,4.131444454193115,0.0002646446228027344
22,15,35,50.0,4.620577812194824,4.639749526977539,0.019171714782714844
22,15,36,86.0,3.942690134048462,3.951136350631714,0.008446216583251953
22,15,37,154.0,4.250033378601074,4.235861301422119,-0.014172077178955078
22,15,38,265.0,2.933018684387207,2.9546267986297607,0.02160811424255371
22,15,39,199.0,3.941709518432617,3.943701982498169,0.001992464065551758
22,15,40,138.0,4.430899620056152,4.428120136260986,-0.0027794837951660156
22,15,41,98.0,4.048152923583984,4.061558723449707,0.013405799865722656
22,15,42,167.0,2.98820424079895,2.9674763679504395,-0.020727872848510742
22,15,43,288.0,4.51556396484375,4.51997184753418,0.0044078826904296875
22,15,44,225.0,3.134540557861328,3.1557605266571045,0.021219968795776367
22,15,45,191.0,3.475728988647461,3.4731605052948,-0.002568483352661133
22,15,46,92.0,5.071820259094238,5.049124717712402,-0.022695541381835938
22,15,47,41.0,5.766663551330566,5.8095879554748535,0.04292440414428711
22,15,48,231.0,3.4077651500701904,3.4293534755706787,0.02158832550048828
22,15,49,101.0,2.9521121978759766,2.958726406097412,0.006614208221435547
22,15,50,177.0,3.6662821769714355,3.649104356765747,-0.017177820205688477
22,15,51,252.0,4.05861759185791,4.068859100341797,0.010241508483886719
22,15,52,259.0,3.3747026920318604,3.395711898803711,0.021009206771850586
22,15,53,47.0,4.065746307373047,4.063432693481445,-0.0023136138916015625
22,15,54,164.0,2.495858669281006,2.4987311363220215,0.002872467041015625
22,15,55,94.0,4.066493034362793,4.080006122589111,0.01351308822631836
22,15,56,103.0,4.11627721786499,4.090404987335205,-0.025872230529785156
22,15,57,78.0,3.913255453109741,3.9166455268859863,0.003390073776245117
22,15,58,239.0,3.692802906036377,3.701972723007202,0.009169816970825195
22,15,59,271.0,4.881155014038086,4.878861427307129,-0.0022935867309570312
22,15,60,162.0,3.3450679779052734,3.3423774242401123,-0.002690553665161133
22,15,61,179.0,3.870093584060669,3.876866102218628,0.006772518157958984
22,15,62,218.0,3.1762454509735107,3.1881814002990723,0.011935949325561523
22,15,63,81.0,3.809858798980713,3.8206307888031006,0.010771989822387695
22,15,64,93.0,4.687077522277832,4.6664252281188965,-0.020652294158935547
22,15,65,72.0,4.558295249938965,4.5415472984313965,-0.01674795150756836
22,15,66,230.0,3.737887382507324,3.72599458694458,-0.01189279556274414
22,15,67,99.0,3.1625142097473145,3.1592321395874023,-0.0032820701599121094
22,15,68,213.0,3.218388557434082,3.2275853157043457,0.009196758270263672
22,15,69,119.0,3.072978973388672,3.106217384338379,0.03323841094970703
22,15,70,161.0,3.529710531234741,3.507843494415283,-0.021867036819458008
22,15,71,90.0,4.394758224487305,4.402433395385742,0.0076751708984375
22,15,72,181.0,3.6989989280700684,3.6798863410949707,-0.019112586975097656
22,15,73,95.0,4.745315074920654,4.722756385803223,-0.02255868911743164
22,15,74,245.0,2.801177740097046,2.809309482574463,0.008131742477416992
22,15,75,93.0,2.319314956665039,2.3104512691497803,-0.008863687515258789
22,15,76,225.0,3.1077821254730225,3.141857862472534,0.03407573699951172
22,15,77,61.0,4.027099132537842,4.06166934967041,0.03457021713256836
22,15,78,257.0,4.246406078338623,4.257348537445068,0.010942459106445312
22,15,79,165.0,3.7203760147094727,3.73858904838562,0.01821303367614746
22,15,80,117.0,4.752804279327393,4.762072563171387,0.00926828384399414
22,15,81,89.0,4.279232025146484,4.293182373046875,0.013950347900390625
22,15,82,291.0,4.08609676361084,4.092994689941406,0.006897926330566406
22,15,83,93.0,4.042176723480225,4.027987480163574,-0.01418924331665039
22,15,84,228.0,2.8949825763702393,2.900390148162842,0.005407571792602539
22,15,85,131.0,3.406266927719116,3.423582077026367,0.017315149307250977
22,15,86,191.0,4.77057409286499,4.75661039352417,-0.013963699340820312
22,15,87,238.0,5.341985702514648,5.3322672843933105,-0.00971841812133789
22,15,88,210.0,3.7304000854492188,3.74356746673584,0.013167381286621094
22,15,89,107.0,4.658895492553711,4.6667022705078125,0.0078067779541015625
22,15,90,217.0,3.256716728210449,3.274033784866333,0.01731705665588379
22,15,91,199.0,3.479922294616699,3.5025641918182373,0.022641897201538086
22,15,92,84.0,2.9870519638061523,2.9896557331085205,0.002603769302368164
22,15,93,271.0,4.167789459228516,4.165950298309326,-0.0018391609191894531
22,15,94,226.0,3.797963857650757,3.7978715896606445,-9.226799011230469e-05
22,15,95,258.0,4.302313327789307,4.309681415557861,0.0073680877685546875
22,15,96,86.0,4.009377479553223,4.036079406738281,0.026701927185058594
22,15,97,142.0,4.886353492736816,4.879695892333984,-0.006657600402832031
22,15,98,42.0,4.73474645614624,4.746316909790039,0.011570453643798828
22,15,99,224.0,3.053419828414917,3.0401713848114014,-0.013248443603515625
22,15,100,197.0,2.6848225593566895,2.701655626296997,0.016833066940307617
22,15,101,85.0,3.080362558364868,3.099560499191284,0.019197940826416016
22,15,102,195.0,3.4633231163024902,3.483074188232422,0.01975107192993164
22,15,103,102.0,4.20768404006958,4.215419292449951,0.007735252380371094
22,15,104,181.0,3.711848735809326,3.718644142150879,0.006795406341552734
22,15,105,72.0,2.723045587539673,2.7409775257110596,0.01793193817138672
22,15,106,130.0,4.976626396179199,4.9729437828063965,-0.0036826133728027344
22,15,107,62.0,3.1819393634796143,3.1881909370422363,0.00625157356262207
22,15,108,263.0,4.0605854988098145,4.065755367279053,0.005169868469238281
22,15,109,194.0,3.1560444831848145,3.164340019226074,0.008295536041259766
22,15,110,174.0,3.211611032485962,3.2162587642669678,0.004647731781005859
22,15,111,235.0,4.168798446655273,4.1784467697143555,0.009648323059082031
22,15,112,143.0,4.279087066650391,4.269649028778076,-0.009438037872314453
22,15,113,117.0,4.890145778656006,4.868248462677002,-0.021897315979003906
22,15,114,160.0,4.253233909606934,4.255400657653809,0.002166748046875
22,15,115,115.0,3.9266409873962402,3.964010000228882,0.0373690128326416
22,15,116,120.0,3.8633739948272705,3.837221384048462,-0.026152610778808594
22,15,117,186.0,4.1213459968566895,4.138260364532471,0.01691436767578125
22,15,118,138.0,3.296036958694458,3.302147150039673,0.006110191345214844
22,15,119,80.0,3.554978847503662,3.551640272140503,-0.0033385753631591797
22,15,120,164.0,3.3612916469573975,3.3648159503936768,0.003524303436279297
22,15,121,215.0,3.762061357498169,3.7586467266082764,-0.003414630889892578
22,15,122,81.0,3.60632061958313,3.6108431816101074,0.004522562026977539
22,15,123,171.0,3.4178876876831055,3.4151947498321533,-0.0026929378509521484
22,15,124,41.0,4.780884742736816,4.795432090759277,0.014547348022460938
22,15,125,103.0,4.1708221435546875,4.17717981338501,0.006357669830322266
22,15,126,145.0,3.385586977005005,3.4018542766571045,0.01626729965209961
22,15,127,102.0,3.511989116668701,3.5351574420928955,0.023168325424194336
22,15,128,157.0,4.545989513397217,4.541067600250244,-0.004921913146972656
22,15,129,161.0,3.612820625305176,3.5987913608551025,-0.014029264450073242
22,15,130,248.0,3.595446825027466,3.6007437705993652,0.005296945571899414
22,15,131,240.0,4.314742088317871,4.315900802612305,0.0011587142944335938
22,15,132,284.0,3.515221118927002,3.530125141143799,0.014904022216796875
22,15,133,105.0,5.547122001647949,5.547650337219238,0.0005283355712890625
22,15,134,72.0,3.6292827129364014,3.641482353210449,0.012199640274047852
22,15,135,86.0,3.9638190269470215,3.963818311691284,-7.152557373046875e-07
22,15,136,120.0,3.225938320159912,3.2305498123168945,0.004611492156982422
22,15,137,64.0,3.684243679046631,3.738952875137329,0.05470919609069824
22,15,138,220.0,2.8231959342956543,2.8533835411071777,0.030187606811523438
22,15,139,92.0,2.984248638153076,2.975449323654175,-0.008799314498901367
22,15,140,180.0,3.4170660972595215,3.4265997409820557,0.00953364372253418
22,15,141,95.0,3.5693070888519287,3.58130145072937,0.011994361877441406
22,15,142,72.0,5.436267852783203,5.431039810180664,-0.0052280426025390625
22,15,143,152.0,4.664964199066162,4.707247257232666,0.042283058166503906
22,15,144,170.0,3.2575697898864746,3.2618746757507324,0.0043048858642578125
22,15,145,56.0,4.233151912689209,4.254437446594238,0.021285533905029297
22,15,146,174.0,3.632305860519409,3.64505672454834,0.012750864028930664
22,15,147,191.0,3.26232647895813,3.3038084506988525,0.041481971740722656
22,15,148,279.0,3.7231252193450928,3.723290205001831,0.00016498565673828125
22,15,149,98.0,3.6501717567443848,3.6652729511260986,0.015101194381713867
22,15,150,50.0,3.987290143966675,3.978395462036133,-0.008894681930541992
22,15,151,61.0,3.207566976547241,3.212366819381714,0.004799842834472656
22,15,152,208.0,2.833768367767334,2.834669351577759,0.0009009838104248047
22,15,153,124.0,3.7818057537078857,3.8012640476226807,0.019458293914794922
22,15,154,128.0,3.3032331466674805,3.309764862060547,0.006531715393066406
22,15,155,250.0,4.603071212768555,4.612706184387207,0.009634971618652344
22,15,156,239.0,2.621934175491333,2.633784770965576,0.011850595474243164
22,15,157,164.0,2.8648641109466553,2.858944892883301,-0.005919218063354492
22,15,158,42.0,4.671477317810059,4.709173202514648,0.037695884704589844
22,15,159,200.0,4.007006645202637,4.0194220542907715,0.012415409088134766
22,15,160,209.0,3.638150215148926,3.6489479541778564,0.010797739028930664
22,15,161,206.0,3.6040756702423096,3.626513957977295,0.02243828773498535
22,15,162,139.0,4.383498191833496,4.386250019073486,0.0027518272399902344
22,15,163,76.0,3.7987864017486572,3.7949326038360596,-0.0038537979125976562
22,15,164,232.0,3.892338275909424,3.87690806388855,-0.015430212020874023
22,15,165,235.0,3.9155564308166504,3.91733980178833,0.0017833709716796875
22,15,166,49.0,4.228317737579346,4.280768871307373,0.052451133728027344
22,15,167,138.0,3.473930835723877,3.4801459312438965,0.006215095520019531
22,15,168,60.0,3.808337450027466,3.8297622203826904,0.02142477035522461
22,15,169,146.0,4.041977882385254,4.058341026306152,0.016363143920898438
22,15,170,57.0,4.420210838317871,4.430482387542725,0.010271549224853516
22,15,171,135.0,3.909317970275879,3.920872688293457,0.011554718017578125
22,15,172,113.0,3.19097638130188,3.194934844970703,0.003958463668823242
22,15,173,208.0,4.171577453613281,4.166165828704834,-0.005411624908447266
22,15,174,195.0,2.116305112838745,2.1206214427948,0.0043163299560546875
22,15,175,137.0,3.9520905017852783,3.9565818309783936,0.004491329193115234
22,15,176,91.0,4.97736120223999,4.984692096710205,0.007330894470214844
22,15,177,66.0,3.994100332260132,4.000220775604248,0.006120443344116211
22,15,178,173.0,3.3507070541381836,3.3549015522003174,0.004194498062133789
22,15,179,89.0,5.353647708892822,5.3681721687316895,0.014524459838867188
22,15,180,231.0,3.6613731384277344,3.67747163772583,0.016098499298095703
22,15,181,71.0,5.397938251495361,5.399886608123779,0.0019483566284179688
22,15,182,98.0,3.963383674621582,3.988807439804077,0.025423765182495117
22,15,183,215.0,1.998246431350708,1.9941383600234985,-0.004108071327209473
22,15,184,159.0,4.383580684661865,4.376465797424316,-0.007114887237548828
22,15,185,86.0,3.697986602783203,3.7392780780792236,0.04129147529602051
22,15,186,92.0,3.4445607662200928,3.4463329315185547,0.001772165298461914
22,15,187,51.0,5.179178714752197,5.197238922119141,0.01806020736694336
22,15,188,86.0,4.734201908111572,4.738206386566162,0.004004478454589844
22,15,189,132.0,3.6938047409057617,3.693775177001953,-2.956390380859375e-05
22,15,190,214.0,3.9561617374420166,3.9485228061676025,-0.0076389312744140625
22,15,191,139.0,4.121965408325195,4.129123210906982,0.007157802581787109
22,15,192,89.0,3.4952480792999268,3.4951202869415283,-0.0001277923583984375
22,15,193,102.0,4.782958507537842,4.811257839202881,0.028299331665039062
22,15,194,156.0,2.6015143394470215,2.6037864685058594,0.0022721290588378906
22,15,195,87.0,3.839608669281006,3.8652896881103516,0.025681018829345703
22,15,196,175.0,3.2536110877990723,3.2658562660217285,0.01224517822265625
22,15,197,136.0,2.3385791778564453,2.3566172122955322,0.018038034439086914
22,15,198,54.0,3.781459093093872,3.7871816158294678,0.005722522735595703
22,15,199,71.0,4.556375980377197,4.577523708343506,0.021147727966308594
22,15,200,43.0,4.562034606933594,4.552604675292969,-0.009429931640625
22,15,201,200.0,3.3231818675994873,3.3597729206085205,0.0365910530090332
22,15,202,60.0,3.5167155265808105,3.4881815910339355,-0.028533935546875
22,15,203,220.0,3.437206983566284,3.454571008682251,0.017364025115966797
22,15,204,160.0,4.1729278564453125,4.178757190704346,0.005829334259033203
22,15,205,46.0,3.025144100189209,3.0380866527557373,0.01294255256652832
22,15,206,189.0,3.507356882095337,3.539752960205078,0.03239607810974121
22,15,207,69.0,4.68245792388916,4.695485591888428,0.013027667999267578
22,15,208,164.0,2.968637228012085,2.9725468158721924,0.003909587860107422
22,15,209,121.0,3.6657907962799072,3.66896390914917,0.0031731128692626953
22,15,210,453.0,5.465768337249756,5.470813274383545,0.0050449371337890625
22,15,211,167.0,3.817554473876953,3.840211868286133,0.022657394409179688
22,15,212,79.0,3.6519949436187744,3.63958740234375,-0.012407541275024414
22,15,213,64.0,4.473271369934082,4.470014572143555,-0.0032567977905273438
22,15,214,214.0,3.5177533626556396,3.533956289291382,0.016202926635742188
22,15,215,42.0,4.581282615661621,4.611201286315918,0.029918670654296875
22,15,216,85.0,4.406545639038086,4.425572872161865,0.019027233123779297
22,15,217,45.0,4.909335136413574,4.874192237854004,-0.03514289855957031
22,15,218,96.0,4.346060276031494,4.34233283996582,-0.003727436065673828
22,15,219,40.0,3.466945171356201,3.4874978065490723,0.020552635192871094
22,15,220,66.0,4.6993865966796875,4.682925701141357,-0.016460895538330078
22,15,221,262.0,3.4376049041748047,3.4271886348724365,-0.010416269302368164
22,15,222,32.0,4.6173553466796875,4.63803768157959,0.020682334899902344
22,15,223,33.0,4.931256294250488,4.935788154602051,0.0045318603515625
22,15,224,139.0,2.1582767963409424,2.154554605484009,-0.0037221908569335938
22,15,225,84.0,4.020323753356934,4.005661964416504,-0.014661788940429688
22,15,226,46.0,3.709413528442383,3.7183148860931396,0.008901357650756836
22,15,227,121.0,4.181075572967529,4.179734706878662,-0.0013408660888671875
22,15,228,67.0,3.140568971633911,3.1626617908477783,0.022092819213867188
22,15,229,187.0,3.8881711959838867,3.898089647293091,0.009918451309204102
22,15,230,40.0,4.873936176300049,4.845152854919434,-0.028783321380615234
22,15,231,91.0,3.998016119003296,4.020569801330566,0.022553682327270508
22,15,232,52.0,4.4449782371521,4.470656394958496,0.025678157806396484
22,15,233,49.0,4.133476257324219,4.125297546386719,-0.0081787109375
22,15,234,261.0,3.079342842102051,3.0743086338043213,-0.005034208297729492
22,15,235,59.0,4.072587490081787,4.105899333953857,0.03331184387207031
22,15,236,132.0,4.054989814758301,4.072971343994141,0.017981529235839844
22,15,237,136.0,3.4520623683929443,3.451665163040161,-0.0003972053527832031
22,15,238,210.0,3.7005720138549805,3.7064168453216553,0.005844831466674805
22,15,239,258.0,3.6856272220611572,3.694955587387085,0.009328365325927734
22,15,240,203.0,3.5238258838653564,3.5546905994415283,0.030864715576171875
22,15,241,198.0,3.3618428707122803,3.3561394214630127,-0.005703449249267578
22,15,242,85.0,3.468600034713745,3.502045154571533,0.033445119857788086
22,15,243,85.0,2.1469109058380127,2.144331216812134,-0.0025796890258789062
22,15,244,93.0,4.847414970397949,4.866333484649658,0.018918514251708984
22,15,245,68.0,4.8312296867370605,4.830016613006592,-0.00121307373046875
22,15,246,58.0,4.302565574645996,4.307468891143799,0.004903316497802734
22,15,247,187.0,3.1594748497009277,3.1761038303375244,0.01662898063659668
22,15,248,64.0,2.745805263519287,2.7477803230285645,0.0019750595092773438
22,15,249,100.0,3.3120670318603516,3.3016128540039062,-0.010454177856445312
22,15,250,151.0,3.886031150817871,3.917595624923706,0.03156447410583496
22,15,251,174.0,3.292135715484619,3.309265375137329,0.01712965965270996
22,15,252,126.0,4.651801109313965,4.653740882873535,0.0019397735595703125
22,15,253,99.0,3.699761390686035,3.7033584117889404,0.0035970211029052734
22,15,254,107.0,4.576633453369141,4.567884922027588,-0.008748531341552734
22,15,255,116.0,3.825943946838379,3.849155902862549,0.023211956024169922
