layer,head,sample,tokens,baseline_loss,edited_loss,delta_loss
6,0,0,196.0,3.6189582347869873,3.6178812980651855,-0.0010769367218017578
6,0,1,127.0,3.22214412689209,3.217953681945801,-0.0041904449462890625
6,0,2,162.0,2.2713801860809326,2.2713987827301025,1.8596649169921875e-05
6,0,3,92.0,4.133184909820557,4.123941898345947,-0.009243011474609375
6,0,4,194.0,3.299353837966919,3.2961156368255615,-0.003238201141357422
6,0,5,115.0,2.8214778900146484,2.8278682231903076,0.00639033317565918
6,0,6,109.0,4.325214862823486,4.32880973815918,0.0035948753356933594
6,0,7,48.0,3.449648857116699,3.4419097900390625,-0.007739067077636719
6,0,8,69.0,3.7256877422332764,3.728956937789917,0.003269195556640625
6,0,9,85.0,3.190195322036743,3.1897037029266357,-0.0004916191101074219
6,0,10,238.0,2.782064914703369,2.783315658569336,0.0012507438659667969
6,0,11,233.0,2.6044344902038574,2.608242988586426,0.0038084983825683594
6,0,12,208.0,3.147305488586426,3.1477773189544678,0.0004718303680419922
6,0,13,196.0,2.917774200439453,2.922187089920044,0.00441288948059082
6,0,14,131.0,3.2567384243011475,3.2570629119873047,0.00032448768615722656
6,0,15,125.0,2.790242910385132,2.7842578887939453,-0.0059850215911865234
6,0,16,61.0,4.113956451416016,4.113864421844482,-9.202957153320312e-05
6,0,17,164.0,2.230290412902832,2.2295353412628174,-0.0007550716400146484
6,0,18,107.0,3.345957040786743,3.349907875061035,0.003950834274291992
6,0,19,48.0,3.959183692932129,3.9493987560272217,-0.009784936904907227
6,0,20,74.0,2.182640314102173,2.1889121532440186,0.006271839141845703
6,0,21,103.0,2.7647080421447754,2.7798023223876953,0.015094280242919922
6,0,22,114.0,3.4331488609313965,3.4412708282470703,0.008121967315673828
6,0,23,50.0,5.562728404998779,5.567241191864014,0.004512786865234375
6,0,24,281.0,2.4593505859375,2.4567601680755615,-0.0025904178619384766
6,0,25,247.0,2.162877321243286,2.1638686656951904,0.0009913444519042969
6,0,26,173.0,3.780362606048584,3.7814321517944336,0.0010695457458496094
6,0,27,166.0,3.268761396408081,3.275590181350708,0.006828784942626953
6,0,28,98.0,2.8850836753845215,2.884193181991577,-0.0008904933929443359
6,0,29,174.0,3.2879021167755127,3.2832067012786865,-0.004695415496826172
6,0,30,173.0,3.087313413619995,3.094022750854492,0.00670933723449707
6,0,31,215.0,3.7688708305358887,3.7641005516052246,-0.0047702789306640625
6,0,32,186.0,2.7773280143737793,2.789496660232544,0.012168645858764648
6,0,33,153.0,2.610452890396118,2.602546453475952,-0.007906436920166016
6,0,34,147.0,3.096090793609619,3.091326951980591,-0.00476384162902832
6,0,35,50.0,4.262930870056152,4.26423454284668,0.0013036727905273438
6,0,36,86.0,2.5445685386657715,2.5630857944488525,0.018517255783081055
6,0,37,154.0,4.032649040222168,4.026131629943848,-0.0065174102783203125
6,0,38,265.0,2.685051679611206,2.688692092895508,0.003640413284301758
6,0,39,199.0,3.442211389541626,3.4361164569854736,-0.006094932556152344
6,0,40,138.0,3.036294937133789,3.041943073272705,0.005648136138916016
6,0,41,98.0,3.56339955329895,3.5576651096343994,-0.005734443664550781
6,0,42,167.0,2.791276693344116,2.79705548286438,0.005778789520263672
6,0,43,288.0,3.996307849884033,4.000078201293945,0.0037703514099121094
6,0,44,225.0,2.764963150024414,2.7609941959381104,-0.003968954086303711
6,0,45,191.0,3.2674989700317383,3.270737886428833,0.0032389163970947266
6,0,46,92.0,4.787234783172607,4.777487277984619,-0.009747505187988281
6,0,47,41.0,5.17321252822876,5.178186893463135,0.004974365234375
6,0,48,231.0,3.050201892852783,3.04770565032959,-0.0024962425231933594
6,0,49,101.0,2.2807674407958984,2.2758536338806152,-0.004913806915283203
6,0,50,177.0,3.28656005859375,3.2836179733276367,-0.0029420852661132812
6,0,51,252.0,3.729534387588501,3.730579376220703,0.0010449886322021484
6,0,52,259.0,3.0285918712615967,3.02852725982666,-6.461143493652344e-05
6,0,53,47.0,3.0469322204589844,3.0422146320343018,-0.004717588424682617
6,0,54,164.0,2.354414463043213,2.3544743061065674,5.984306335449219e-05
6,0,55,94.0,3.564063310623169,3.554300546646118,-0.009762763977050781
6,0,56,103.0,3.668520927429199,3.663520574569702,-0.00500035285949707
6,0,57,78.0,3.6771252155303955,3.679008722305298,0.0018835067749023438
6,0,58,239.0,3.4083893299102783,3.401911735534668,-0.0064775943756103516
6,0,59,271.0,4.502346992492676,4.505041599273682,0.0026946067810058594
6,0,60,162.0,3.0323004722595215,3.024430990219116,-0.007869482040405273
6,0,61,179.0,3.618516206741333,3.6207377910614014,0.0022215843200683594
6,0,62,218.0,2.710827112197876,2.7147536277770996,0.003926515579223633
6,0,63,81.0,3.249349355697632,3.251361608505249,0.0020122528076171875
6,0,64,93.0,3.696587085723877,3.6956872940063477,-0.0008997917175292969
6,0,65,72.0,3.9958338737487793,3.983177661895752,-0.012656211853027344
6,0,66,230.0,3.6442677974700928,3.644477605819702,0.000209808349609375
6,0,67,99.0,2.919395685195923,2.9262077808380127,0.006812095642089844
6,0,68,213.0,2.9106554985046387,2.9073708057403564,-0.0032846927642822266
6,0,69,119.0,2.7914681434631348,2.7951126098632812,0.0036444664001464844
6,0,70,161.0,3.1008999347686768,3.1025774478912354,0.0016775131225585938
6,0,71,90.0,4.010181903839111,4.007466793060303,-0.0027151107788085938
6,0,72,181.0,3.0067594051361084,3.0036168098449707,-0.0031425952911376953
6,0,73,95.0,4.08024787902832,4.076672554016113,-0.0035753250122070312
6,0,74,245.0,2.442718744277954,2.440504312515259,-0.0022144317626953125
6,0,75,93.0,2.114382266998291,2.117164134979248,0.0027818679809570312
6,0,76,225.0,2.825653553009033,2.821349859237671,-0.004303693771362305
6,0,77,61.0,3.338794708251953,3.350602388381958,0.011807680130004883
6,0,78,257.0,3.9624106884002686,3.957976818084717,-0.004433870315551758
6,0,79,165.0,3.2207393646240234,3.2133877277374268,-0.00735163688659668
6,0,80,117.0,4.315102577209473,4.317627429962158,0.002524852752685547
6,0,81,89.0,3.6350255012512207,3.6454412937164307,0.010415792465209961
6,0,82,291.0,3.772111177444458,3.7734127044677734,0.0013015270233154297
6,0,83,93.0,3.43058443069458,3.4315309524536133,0.0009465217590332031
6,0,84,228.0,2.4015636444091797,2.401313543319702,-0.00025010108947753906
6,0,85,131.0,2.8454298973083496,2.8436808586120605,-0.0017490386962890625
6,0,86,191.0,4.341160774230957,4.343013763427734,0.0018529891967773438
6,0,87,238.0,5.110036849975586,5.1085686683654785,-0.0014681816101074219
6,0,88,210.0,3.3413021564483643,3.352586030960083,0.01128387451171875
6,0,89,107.0,4.339839935302734,4.340063571929932,0.00022363662719726562
6,0,90,217.0,3.0681116580963135,3.0667476654052734,-0.001363992691040039
6,0,91,199.0,3.2457942962646484,3.247901439666748,0.0021071434020996094
6,0,92,84.0,2.6276965141296387,2.6295642852783203,0.0018677711486816406
6,0,93,271.0,3.756063222885132,3.7555665969848633,-0.0004966259002685547
6,0,94,226.0,3.251934289932251,3.2490899562835693,-0.0028443336486816406
6,0,95,258.0,3.875674247741699,3.8775997161865234,0.0019254684448242188
6,0,96,86.0,3.585750102996826,3.586419105529785,0.0006690025329589844
6,0,97,142.0,4.497574806213379,4.495415687561035,-0.00215911865234375
6,0,98,42.0,3.347982168197632,3.2942631244659424,-0.05371904373168945
6,0,99,224.0,2.679133892059326,2.681533098220825,0.0023992061614990234
6,0,100,197.0,2.196375608444214,2.193923234939575,-0.002452373504638672
6,0,101,85.0,2.568619728088379,2.55945086479187,-0.009168863296508789
6,0,102,195.0,3.2174572944641113,3.217585563659668,0.00012826919555664062
6,0,103,102.0,3.6202828884124756,3.626694679260254,0.00641179084777832
6,0,104,181.0,3.483546018600464,3.489527463912964,0.0059814453125
6,0,105,72.0,2.1719796657562256,2.1680519580841064,-0.003927707672119141
6,0,106,130.0,4.735745906829834,4.735345840454102,-0.0004000663757324219
6,0,107,62.0,2.6150100231170654,2.6139588356018066,-0.001051187515258789
6,0,108,263.0,3.6819097995758057,3.6823842525482178,0.0004744529724121094
6,0,109,194.0,2.822662115097046,2.820173978805542,-0.0024881362915039062
6,0,110,174.0,2.753187417984009,2.7529280185699463,-0.0002593994140625
6,0,111,235.0,4.053600788116455,4.050710678100586,-0.0028901100158691406
6,0,112,143.0,4.031272888183594,4.028048038482666,-0.0032248497009277344
6,0,113,117.0,4.415828704833984,4.414700984954834,-0.0011277198791503906
6,0,114,160.0,3.988440990447998,3.985424757003784,-0.003016233444213867
6,0,115,115.0,3.474060297012329,3.472766637802124,-0.0012936592102050781
6,0,116,120.0,3.551665782928467,3.554189920425415,0.002524137496948242
6,0,117,186.0,3.7136735916137695,3.7107737064361572,-0.0028998851776123047
6,0,118,138.0,3.1632800102233887,3.173309803009033,0.010029792785644531
6,0,119,80.0,2.3273348808288574,2.3213136196136475,-0.006021261215209961
6,0,120,164.0,2.849583864212036,2.853638172149658,0.00405430793762207
6,0,121,215.0,3.761408567428589,3.7553610801696777,-0.006047487258911133
6,0,122,81.0,3.2764456272125244,3.2781929969787598,0.0017473697662353516
6,0,123,171.0,3.1637179851531982,3.1695382595062256,0.005820274353027344
6,0,124,41.0,5.6693196296691895,5.629216194152832,-0.04010343551635742
6,0,125,103.0,3.8813576698303223,3.893080711364746,0.011723041534423828
6,0,126,145.0,3.006119966506958,3.000925302505493,-0.005194664001464844
6,0,127,102.0,2.92803955078125,2.9183173179626465,-0.009722232818603516
6,1,0,196.0,3.6189582347869873,3.609373092651367,-0.009585142135620117
6,1,1,127.0,3.22214412689209,3.22029185295105,-0.001852273941040039
6,1,2,162.0,2.2713801860809326,2.266392469406128,-0.0049877166748046875
6,1,3,92.0,4.133184909820557,4.1310529708862305,-0.002131938934326172
6,1,4,194.0,3.299353837966919,3.2967894077301025,-0.0025644302368164062
6,1,5,115.0,2.8214778900146484,2.8192412853240967,-0.002236604690551758
6,1,6,109.0,4.325214862823486,4.330389022827148,0.005174160003662109
6,1,7,48.0,3.449648857116699,3.44514536857605,-0.004503488540649414
6,1,8,69.0,3.7256877422332764,3.72505784034729,-0.0006299018859863281
6,1,9,85.0,3.190195322036743,3.1941685676574707,0.003973245620727539
6,1,10,238.0,2.782064914703369,2.783039093017578,0.0009741783142089844
6,1,11,233.0,2.6044344902038574,2.6101949214935303,0.0057604312896728516
6,1,12,208.0,3.147305488586426,3.144120931625366,-0.0031845569610595703
6,1,13,196.0,2.917774200439453,2.9169552326202393,-0.0008189678192138672
6,1,14,131.0,3.2567384243011475,3.261956214904785,0.005217790603637695
6,1,15,125.0,2.790242910385132,2.7869982719421387,-0.003244638442993164
6,1,16,61.0,4.113956451416016,4.09852933883667,-0.015427112579345703
6,1,17,164.0,2.230290412902832,2.228492498397827,-0.0017979145050048828
6,1,18,107.0,3.345957040786743,3.3538472652435303,0.00789022445678711
6,1,19,48.0,3.959183692932129,3.949465036392212,-0.009718656539916992
6,1,20,74.0,2.182640314102173,2.1776022911071777,-0.005038022994995117
6,1,21,103.0,2.7647080421447754,2.7725954055786133,0.00788736343383789
6,1,22,114.0,3.4331488609313965,3.4391260147094727,0.005977153778076172
6,1,23,50.0,5.562728404998779,5.568249702453613,0.005521297454833984
6,1,24,281.0,2.4593505859375,2.4530012607574463,-0.006349325180053711
6,1,25,247.0,2.162877321243286,2.1658949851989746,0.0030176639556884766
6,1,26,173.0,3.780362606048584,3.7822370529174805,0.0018744468688964844
6,1,27,166.0,3.268761396408081,3.266981840133667,-0.0017795562744140625
6,1,28,98.0,2.8850836753845215,2.878324031829834,-0.0067596435546875
6,1,29,174.0,3.2879021167755127,3.282411813735962,-0.005490303039550781
6,1,30,173.0,3.087313413619995,3.090139389038086,0.0028259754180908203
6,1,31,215.0,3.7688708305358887,3.765009641647339,-0.0038611888885498047
6,1,32,186.0,2.7773280143737793,2.783050775527954,0.005722761154174805
6,1,33,153.0,2.610452890396118,2.6041698455810547,-0.0062830448150634766
6,1,34,147.0,3.096090793609619,3.091681480407715,-0.004409313201904297
6,1,35,50.0,4.262930870056152,4.254672527313232,-0.008258342742919922
6,1,36,86.0,2.5445685386657715,2.5659470558166504,0.021378517150878906
6,1,37,154.0,4.032649040222168,4.0256123542785645,-0.007036685943603516
6,1,38,265.0,2.685051679611206,2.6864776611328125,0.0014259815216064453
6,1,39,199.0,3.442211389541626,3.4311351776123047,-0.011076211929321289
6,1,40,138.0,3.036294937133789,3.0419538021087646,0.005658864974975586
6,1,41,98.0,3.56339955329895,3.5682485103607178,0.004848957061767578
6,1,42,167.0,2.791276693344116,2.7954888343811035,0.004212141036987305
6,1,43,288.0,3.996307849884033,3.9967918395996094,0.0004839897155761719
6,1,44,225.0,2.764963150024414,2.76952862739563,0.00456547737121582
6,1,45,191.0,3.2674989700317383,3.2699921131134033,0.002493143081665039
6,1,46,92.0,4.787234783172607,4.78828763961792,0.0010528564453125
6,1,47,41.0,5.17321252822876,5.179553985595703,0.006341457366943359
6,1,48,231.0,3.050201892852783,3.0478878021240234,-0.0023140907287597656
6,1,49,101.0,2.2807674407958984,2.276360273361206,-0.004407167434692383
6,1,50,177.0,3.28656005859375,3.281026840209961,-0.0055332183837890625
6,1,51,252.0,3.729534387588501,3.729541301727295,6.9141387939453125e-06
6,1,52,259.0,3.0285918712615967,3.027022361755371,-0.001569509506225586
6,1,53,47.0,3.0469322204589844,3.053561210632324,0.006628990173339844
6,1,54,164.0,2.354414463043213,2.3566219806671143,0.002207517623901367
6,1,55,94.0,3.564063310623169,3.5526113510131836,-0.011451959609985352
6,1,56,103.0,3.668520927429199,3.6692867279052734,0.0007658004760742188
6,1,57,78.0,3.6771252155303955,3.677294969558716,0.0001697540283203125
6,1,58,239.0,3.4083893299102783,3.404606580734253,-0.0037827491760253906
6,1,59,271.0,4.502346992492676,4.50496768951416,0.002620697021484375
6,1,60,162.0,3.0323004722595215,3.0304837226867676,-0.0018167495727539062
6,1,61,179.0,3.618516206741333,3.619405508041382,0.0008893013000488281
6,1,62,218.0,2.710827112197876,2.7117271423339844,0.0009000301361083984
6,1,63,81.0,3.249349355697632,3.2476918697357178,-0.0016574859619140625
6,1,64,93.0,3.696587085723877,3.703402280807495,0.006815195083618164
6,1,65,72.0,3.9958338737487793,3.9994664192199707,0.0036325454711914062
6,1,66,230.0,3.6442677974700928,3.638338088989258,-0.005929708480834961
6,1,67,99.0,2.919395685195923,2.930809497833252,0.011413812637329102
6,1,68,213.0,2.9106554985046387,2.9077162742614746,-0.0029392242431640625
6,1,69,119.0,2.7914681434631348,2.7951221466064453,0.003654003143310547
6,1,70,161.0,3.1008999347686768,3.10369873046875,0.002798795700073242
6,1,71,90.0,4.010181903839111,4.014262676239014,0.004080772399902344
6,1,72,181.0,3.0067594051361084,3.003352642059326,-0.0034067630767822266
6,1,73,95.0,4.08024787902832,4.068971633911133,-0.0112762451171875
6,1,74,245.0,2.442718744277954,2.43668270111084,-0.006036043167114258
6,1,75,93.0,2.114382266998291,2.103959083557129,-0.01042318344116211
6,1,76,225.0,2.825653553009033,2.8226330280303955,-0.0030205249786376953
6,1,77,61.0,3.338794708251953,3.343425750732422,0.00463104248046875
6,1,78,257.0,3.9624106884002686,3.9607834815979004,-0.001627206802368164
6,1,79,165.0,3.2207393646240234,3.221968173980713,0.0012288093566894531
6,1,80,117.0,4.315102577209473,4.308686256408691,-0.00641632080078125
6,1,81,89.0,3.6350255012512207,3.6435158252716064,0.008490324020385742
6,1,82,291.0,3.772111177444458,3.772503614425659,0.0003924369812011719
6,1,83,93.0,3.43058443069458,3.4281609058380127,-0.002423524856567383
6,1,84,228.0,2.4015636444091797,2.4007718563079834,-0.0007917881011962891
6,1,85,131.0,2.8454298973083496,2.8390913009643555,-0.006338596343994141
6,1,86,191.0,4.341160774230957,4.3432297706604,0.0020689964294433594
6,1,87,238.0,5.110036849975586,5.108626365661621,-0.0014104843139648438
6,1,88,210.0,3.3413021564483643,3.343653440475464,0.0023512840270996094
6,1,89,107.0,4.339839935302734,4.344511985778809,0.004672050476074219
6,1,90,217.0,3.0681116580963135,3.0643889904022217,-0.003722667694091797
6,1,91,199.0,3.2457942962646484,3.2487714290618896,0.002977132797241211
6,1,92,84.0,2.6276965141296387,2.640516996383667,0.01282048225402832
6,1,93,271.0,3.756063222885132,3.7542755603790283,-0.0017876625061035156
6,1,94,226.0,3.251934289932251,3.2504847049713135,-0.0014495849609375
6,1,95,258.0,3.875674247741699,3.879077434539795,0.003403186798095703
6,1,96,86.0,3.585750102996826,3.5953872203826904,0.009637117385864258
6,1,97,142.0,4.497574806213379,4.501718997955322,0.004144191741943359
6,1,98,42.0,3.347982168197632,3.3491663932800293,0.001184225082397461
6,1,99,224.0,2.679133892059326,2.6736056804656982,-0.00552821159362793
6,1,100,197.0,2.196375608444214,2.1969287395477295,0.000553131103515625
6,1,101,85.0,2.568619728088379,2.5623154640197754,-0.006304264068603516
6,1,102,195.0,3.2174572944641113,3.2127268314361572,-0.0047304630279541016
6,1,103,102.0,3.6202828884124756,3.6411430835723877,0.02086019515991211
6,1,104,181.0,3.483546018600464,3.486093521118164,0.0025475025177001953
6,1,105,72.0,2.1719796657562256,2.1788835525512695,0.006903886795043945
6,1,106,130.0,4.735745906829834,4.735889911651611,0.00014400482177734375
6,1,107,62.0,2.6150100231170654,2.617565631866455,0.0025556087493896484
6,1,108,263.0,3.6819097995758057,3.6864945888519287,0.004584789276123047
6,1,109,194.0,2.822662115097046,2.817399740219116,-0.0052623748779296875
6,1,110,174.0,2.753187417984009,2.753209352493286,2.193450927734375e-05
6,1,111,235.0,4.053600788116455,4.0562028884887695,0.002602100372314453
6,1,112,143.0,4.031272888183594,4.030523777008057,-0.0007491111755371094
6,1,113,117.0,4.415828704833984,4.404850959777832,-0.010977745056152344
6,1,114,160.0,3.988440990447998,3.984884738922119,-0.0035562515258789062
6,1,115,115.0,3.474060297012329,3.475443124771118,0.0013828277587890625
6,1,116,120.0,3.551665782928467,3.5566067695617676,0.004940986633300781
6,1,117,186.0,3.7136735916137695,3.710399627685547,-0.0032739639282226562
6,1,118,138.0,3.1632800102233887,3.1734323501586914,0.010152339935302734
6,1,119,80.0,2.3273348808288574,2.320554733276367,-0.006780147552490234
6,1,120,164.0,2.849583864212036,2.849546194076538,-3.7670135498046875e-05
6,1,121,215.0,3.761408567428589,3.755690813064575,-0.005717754364013672
6,1,122,81.0,3.2764456272125244,3.2869338989257812,0.010488271713256836
6,1,123,171.0,3.1637179851531982,3.1684534549713135,0.004735469818115234
6,1,124,41.0,5.6693196296691895,5.649074554443359,-0.020245075225830078
6,1,125,103.0,3.8813576698303223,3.885897397994995,0.0045397281646728516
6,1,126,145.0,3.006119966506958,3.008796215057373,0.002676248550415039
6,1,127,102.0,2.92803955078125,2.927316188812256,-0.0007233619689941406
6,2,0,196.0,3.6189582347869873,3.612565755844116,-0.006392478942871094
6,2,1,127.0,3.22214412689209,3.221656084060669,-0.00048804283142089844
6,2,2,162.0,2.2713801860809326,2.271514415740967,0.0001342296600341797
6,2,3,92.0,4.133184909820557,4.124337196350098,-0.008847713470458984
6,2,4,194.0,3.299353837966919,3.297166347503662,-0.002187490463256836
6,2,5,115.0,2.8214778900146484,2.822885513305664,0.001407623291015625
6,2,6,109.0,4.325214862823486,4.330366134643555,0.005151271820068359
6,2,7,48.0,3.449648857116699,3.449892282485962,0.0002434253692626953
6,2,8,69.0,3.7256877422332764,3.725123405456543,-0.0005643367767333984
6,2,9,85.0,3.190195322036743,3.187380790710449,-0.0028145313262939453
6,2,10,238.0,2.782064914703369,2.7805445194244385,-0.001520395278930664
6,2,11,233.0,2.6044344902038574,2.608794689178467,0.004360198974609375
6,2,12,208.0,3.147305488586426,3.14422607421875,-0.0030794143676757812
6,2,13,196.0,2.917774200439453,2.9204580783843994,0.002683877944946289
6,2,14,131.0,3.2567384243011475,3.253593683242798,-0.0031447410583496094
6,2,15,125.0,2.790242910385132,2.7876133918762207,-0.002629518508911133
6,2,16,61.0,4.113956451416016,4.111865520477295,-0.002090930938720703
6,2,17,164.0,2.230290412902832,2.229975700378418,-0.0003147125244140625
6,2,18,107.0,3.345957040786743,3.346848726272583,0.0008916854858398438
6,2,19,48.0,3.959183692932129,3.964947462081909,0.0057637691497802734
6,2,20,74.0,2.182640314102173,2.175295114517212,-0.0073451995849609375
6,2,21,103.0,2.7647080421447754,2.751013994216919,-0.013694047927856445
6,2,22,114.0,3.4331488609313965,3.433910369873047,0.0007615089416503906
6,2,23,50.0,5.562728404998779,5.55967903137207,-0.0030493736267089844
6,2,24,281.0,2.4593505859375,2.4569716453552246,-0.0023789405822753906
6,2,25,247.0,2.162877321243286,2.162299871444702,-0.0005774497985839844
6,2,26,173.0,3.780362606048584,3.7847907543182373,0.00442814826965332
6,2,27,166.0,3.268761396408081,3.272407293319702,0.0036458969116210938
6,2,28,98.0,2.8850836753845215,2.8793163299560547,-0.005767345428466797
6,2,29,174.0,3.2879021167755127,3.2922074794769287,0.004305362701416016
6,2,30,173.0,3.087313413619995,3.098093032836914,0.010779619216918945
6,2,31,215.0,3.7688708305358887,3.765346050262451,-0.0035247802734375
6,2,32,186.0,2.7773280143737793,2.7953872680664062,0.018059253692626953
6,2,33,153.0,2.610452890396118,2.607567071914673,-0.0028858184814453125
6,2,34,147.0,3.096090793609619,3.095072031021118,-0.0010187625885009766
6,2,35,50.0,4.262930870056152,4.2553791999816895,-0.007551670074462891
6,2,36,86.0,2.5445685386657715,2.574512243270874,0.02994370460510254
6,2,37,154.0,4.032649040222168,4.028713703155518,-0.003935337066650391
6,2,38,265.0,2.685051679611206,2.68501353263855,-3.814697265625e-05
6,2,39,199.0,3.442211389541626,3.434237241744995,-0.00797414779663086
6,2,40,138.0,3.036294937133789,3.0391244888305664,0.0028295516967773438
6,2,41,98.0,3.56339955329895,3.559758424758911,-0.0036411285400390625
6,2,42,167.0,2.791276693344116,2.7907490730285645,-0.0005276203155517578
6,2,43,288.0,3.996307849884033,3.9997165203094482,0.003408670425415039
6,2,44,225.0,2.764963150024414,2.7676827907562256,0.0027196407318115234
6,2,45,191.0,3.2674989700317383,3.267934799194336,0.00043582916259765625
6,2,46,92.0,4.787234783172607,4.7847065925598145,-0.0025281906127929688
6,2,47,41.0,5.17321252822876,5.178354263305664,0.005141735076904297
6,2,48,231.0,3.050201892852783,3.045670747756958,-0.004531145095825195
6,2,49,101.0,2.2807674407958984,2.273439407348633,-0.007328033447265625
6,2,50,177.0,3.28656005859375,3.28410005569458,-0.002460002899169922
6,2,51,252.0,3.729534387588501,3.7366154193878174,0.007081031799316406
6,2,52,259.0,3.0285918712615967,3.0268635749816895,-0.0017282962799072266
6,2,53,47.0,3.0469322204589844,3.052382230758667,0.005450010299682617
6,2,54,164.0,2.354414463043213,2.354222297668457,-0.00019216537475585938
6,2,55,94.0,3.564063310623169,3.5577733516693115,-0.006289958953857422
6,2,56,103.0,3.668520927429199,3.6717612743377686,0.003240346908569336
6,2,57,78.0,3.6771252155303955,3.6669092178344727,-0.010215997695922852
6,2,58,239.0,3.4083893299102783,3.4018211364746094,-0.006568193435668945
6,2,59,271.0,4.502346992492676,4.5074782371521,0.005131244659423828
6,2,60,162.0,3.0323004722595215,3.0286450386047363,-0.0036554336547851562
6,2,61,179.0,3.618516206741333,3.6212596893310547,0.0027434825897216797
6,2,62,218.0,2.710827112197876,2.7152934074401855,0.00446629524230957
6,2,63,81.0,3.249349355697632,3.2544002532958984,0.0050508975982666016
6,2,64,93.0,3.696587085723877,3.700549364089966,0.003962278366088867
6,2,65,72.0,3.9958338737487793,3.979921579360962,-0.015912294387817383
6,2,66,230.0,3.6442677974700928,3.6421539783477783,-0.002113819122314453
6,2,67,99.0,2.919395685195923,2.9116291999816895,-0.0077664852142333984
6,2,68,213.0,2.9106554985046387,2.9091379642486572,-0.0015175342559814453
6,2,69,119.0,2.7914681434631348,2.796762466430664,0.005294322967529297
6,2,70,161.0,3.1008999347686768,3.100233793258667,-0.0006661415100097656
6,2,71,90.0,4.010181903839111,4.006046772003174,-0.0041351318359375
6,2,72,181.0,3.0067594051361084,3.005524158477783,-0.0012352466583251953
6,2,73,95.0,4.08024787902832,4.0811967849731445,0.0009489059448242188
6,2,74,245.0,2.442718744277954,2.4406001567840576,-0.0021185874938964844
6,2,75,93.0,2.114382266998291,2.120898485183716,0.006516218185424805
6,2,76,225.0,2.825653553009033,2.823060989379883,-0.0025925636291503906
6,2,77,61.0,3.338794708251953,3.340879440307617,0.0020847320556640625
6,2,78,257.0,3.9624106884002686,3.9633498191833496,0.0009391307830810547
6,2,79,165.0,3.2207393646240234,3.2168376445770264,-0.0039017200469970703
6,2,80,117.0,4.315102577209473,4.310515403747559,-0.0045871734619140625
6,2,81,89.0,3.6350255012512207,3.6304519176483154,-0.0045735836029052734
6,2,82,291.0,3.772111177444458,3.7716996669769287,-0.0004115104675292969
6,2,83,93.0,3.43058443069458,3.4294021129608154,-0.0011823177337646484
6,2,84,228.0,2.4015636444091797,2.4024412631988525,0.0008776187896728516
6,2,85,131.0,2.8454298973083496,2.8441851139068604,-0.0012447834014892578
6,2,86,191.0,4.341160774230957,4.346303462982178,0.005142688751220703
6,2,87,238.0,5.110036849975586,5.113157272338867,0.00312042236328125
6,2,88,210.0,3.3413021564483643,3.345736265182495,0.004434108734130859
6,2,89,107.0,4.339839935302734,4.346022129058838,0.006182193756103516
6,2,90,217.0,3.0681116580963135,3.0657548904418945,-0.0023567676544189453
6,2,91,199.0,3.2457942962646484,3.2459349632263184,0.00014066696166992188
6,2,92,84.0,2.6276965141296387,2.628288984298706,0.0005924701690673828
6,2,93,271.0,3.756063222885132,3.75961971282959,0.003556489944458008
6,2,94,226.0,3.251934289932251,3.2541379928588867,0.002203702926635742
6,2,95,258.0,3.875674247741699,3.877136707305908,0.0014624595642089844
6,2,96,86.0,3.585750102996826,3.608572244644165,0.022822141647338867
6,2,97,142.0,4.497574806213379,4.497572422027588,-2.384185791015625e-06
6,2,98,42.0,3.347982168197632,3.3631181716918945,0.015136003494262695
6,2,99,224.0,2.679133892059326,2.6721389293670654,-0.006994962692260742
6,2,100,197.0,2.196375608444214,2.193300247192383,-0.0030753612518310547
6,2,101,85.0,2.568619728088379,2.5628678798675537,-0.005751848220825195
6,2,102,195.0,3.2174572944641113,3.219513416290283,0.002056121826171875
6,2,103,102.0,3.6202828884124756,3.6252801418304443,0.00499725341796875
6,2,104,181.0,3.483546018600464,3.482430934906006,-0.0011150836944580078
6,2,105,72.0,2.1719796657562256,2.1683812141418457,-0.003598451614379883
6,2,106,130.0,4.735745906829834,4.732495307922363,-0.003250598907470703
6,2,107,62.0,2.6150100231170654,2.606752872467041,-0.008257150650024414
6,2,108,263.0,3.6819097995758057,3.67999267578125,-0.001917123794555664
6,2,109,194.0,2.822662115097046,2.8181064128875732,-0.004555702209472656
6,2,110,174.0,2.753187417984009,2.755582332611084,0.0023949146270751953
6,2,111,235.0,4.053600788116455,4.062560558319092,0.008959770202636719
6,2,112,143.0,4.031272888183594,4.030033588409424,-0.0012392997741699219
6,2,113,117.0,4.415828704833984,4.3992180824279785,-0.01661062240600586
6,2,114,160.0,3.988440990447998,3.9896316528320312,0.0011906623840332031
6,2,115,115.0,3.474060297012329,3.4805734157562256,0.006513118743896484
6,2,116,120.0,3.551665782928467,3.549074649810791,-0.0025911331176757812
6,2,117,186.0,3.7136735916137695,3.715752601623535,0.002079010009765625
6,2,118,138.0,3.1632800102233887,3.1623916625976562,-0.0008883476257324219
6,2,119,80.0,2.3273348808288574,2.322983741760254,-0.004351139068603516
6,2,120,164.0,2.849583864212036,2.848655939102173,-0.0009279251098632812
6,2,121,215.0,3.761408567428589,3.769998788833618,0.008590221405029297
6,2,122,81.0,3.2764456272125244,3.278912305831909,0.0024666786193847656
6,2,123,171.0,3.1637179851531982,3.173384189605713,0.009666204452514648
6,2,124,41.0,5.6693196296691895,5.71757698059082,0.04825735092163086
6,2,125,103.0,3.8813576698303223,3.8823561668395996,0.0009984970092773438
6,2,126,145.0,3.006119966506958,3.0030486583709717,-0.003071308135986328
6,2,127,102.0,2.92803955078125,2.9289023876190186,0.0008628368377685547
6,3,0,196.0,3.6189582347869873,3.6096296310424805,-0.009328603744506836
6,3,1,127.0,3.22214412689209,3.2188167572021484,-0.0033273696899414062
6,3,2,162.0,2.2713801860809326,2.2667393684387207,-0.004640817642211914
6,3,3,92.0,4.133184909820557,4.126040458679199,-0.007144451141357422
6,3,4,194.0,3.299353837966919,3.2949156761169434,-0.004438161849975586
6,3,5,115.0,2.8214778900146484,2.819242238998413,-0.0022356510162353516
6,3,6,109.0,4.325214862823486,4.332174777984619,0.0069599151611328125
6,3,7,48.0,3.449648857116699,3.443852186203003,-0.005796670913696289
6,3,8,69.0,3.7256877422332764,3.7348411083221436,0.009153366088867188
6,3,9,85.0,3.190195322036743,3.1900875568389893,-0.00010776519775390625
6,3,10,238.0,2.782064914703369,2.7852866649627686,0.003221750259399414
6,3,11,233.0,2.6044344902038574,2.6131837368011475,0.008749246597290039
6,3,12,208.0,3.147305488586426,3.1467084884643555,-0.0005970001220703125
6,3,13,196.0,2.917774200439453,2.91914439201355,0.0013701915740966797
6,3,14,131.0,3.2567384243011475,3.2639224529266357,0.007184028625488281
6,3,15,125.0,2.790242910385132,2.781716823577881,-0.008526086807250977
6,3,16,61.0,4.113956451416016,4.104663372039795,-0.009293079376220703
6,3,17,164.0,2.230290412902832,2.233992099761963,0.0037016868591308594
6,3,18,107.0,3.345957040786743,3.354363203048706,0.00840616226196289
6,3,19,48.0,3.959183692932129,3.9509363174438477,-0.00824737548828125
6,3,20,74.0,2.182640314102173,2.18537974357605,0.002739429473876953
6,3,21,103.0,2.7647080421447754,2.7547221183776855,-0.009985923767089844
6,3,22,114.0,3.4331488609313965,3.436691999435425,0.0035431385040283203
6,3,23,50.0,5.562728404998779,5.560210704803467,-0.0025177001953125
6,3,24,281.0,2.4593505859375,2.454645872116089,-0.004704713821411133
6,3,25,247.0,2.162877321243286,2.163827419281006,0.0009500980377197266
6,3,26,173.0,3.780362606048584,3.784513473510742,0.004150867462158203
6,3,27,166.0,3.268761396408081,3.269911050796509,0.0011496543884277344
6,3,28,98.0,2.8850836753845215,2.8775339126586914,-0.007549762725830078
6,3,29,174.0,3.2879021167755127,3.287774085998535,-0.00012803077697753906
6,3,30,173.0,3.087313413619995,3.096292734146118,0.008979320526123047
6,3,31,215.0,3.7688708305358887,3.766359329223633,-0.0025115013122558594
6,3,32,186.0,2.7773280143737793,2.7822110652923584,0.0048830509185791016
6,3,33,153.0,2.610452890396118,2.599910259246826,-0.010542631149291992
6,3,34,147.0,3.096090793609619,3.091866970062256,-0.004223823547363281
6,3,35,50.0,4.262930870056152,4.26272439956665,-0.00020647048950195312
6,3,36,86.0,2.5445685386657715,2.560589551925659,0.016021013259887695
6,3,37,154.0,4.032649040222168,4.022975921630859,-0.009673118591308594
6,3,38,265.0,2.685051679611206,2.6871204376220703,0.002068758010864258
6,3,39,199.0,3.442211389541626,3.4372613430023193,-0.004950046539306641
6,3,40,138.0,3.036294937133789,3.036637783050537,0.0003428459167480469
6,3,41,98.0,3.56339955329895,3.5632834434509277,-0.00011610984802246094
6,3,42,167.0,2.791276693344116,2.784615993499756,-0.0066606998443603516
6,3,43,288.0,3.996307849884033,3.9963972568511963,8.940696716308594e-05
6,3,44,225.0,2.764963150024414,2.7651000022888184,0.00013685226440429688
6,3,45,191.0,3.2674989700317383,3.268716335296631,0.0012173652648925781
6,3,46,92.0,4.787234783172607,4.791381359100342,0.004146575927734375
6,3,47,41.0,5.17321252822876,5.180264949798584,0.007052421569824219
6,3,48,231.0,3.050201892852783,3.0435526371002197,-0.0066492557525634766
6,3,49,101.0,2.2807674407958984,2.280588388442993,-0.00017905235290527344
6,3,50,177.0,3.28656005859375,3.285109281539917,-0.0014507770538330078
6,3,51,252.0,3.729534387588501,3.7353429794311523,0.005808591842651367
6,3,52,259.0,3.0285918712615967,3.030665397644043,0.002073526382446289
6,3,53,47.0,3.0469322204589844,3.070694923400879,0.02376270294189453
6,3,54,164.0,2.354414463043213,2.3640236854553223,0.009609222412109375
6,3,55,94.0,3.564063310623169,3.5592079162597656,-0.00485539436340332
6,3,56,103.0,3.668520927429199,3.6745235919952393,0.006002664566040039
6,3,57,78.0,3.6771252155303955,3.674093723297119,-0.003031492233276367
6,3,58,239.0,3.4083893299102783,3.4042811393737793,-0.0041081905364990234
6,3,59,271.0,4.502346992492676,4.509345054626465,0.0069980621337890625
6,3,60,162.0,3.0323004722595215,3.0275559425354004,-0.004744529724121094
6,3,61,179.0,3.618516206741333,3.6219236850738525,0.0034074783325195312
6,3,62,218.0,2.710827112197876,2.7088162899017334,-0.002010822296142578
6,3,63,81.0,3.249349355697632,3.254427194595337,0.005077838897705078
6,3,64,93.0,3.696587085723877,3.6985690593719482,0.001981973648071289
6,3,65,72.0,3.9958338737487793,3.9793577194213867,-0.016476154327392578
6,3,66,230.0,3.6442677974700928,3.643585443496704,-0.0006823539733886719
6,3,67,99.0,2.919395685195923,2.91278076171875,-0.0066149234771728516
6,3,68,213.0,2.9106554985046387,2.9070475101470947,-0.0036079883575439453
6,3,69,119.0,2.7914681434631348,2.795517683029175,0.004049539566040039
6,3,70,161.0,3.1008999347686768,3.096658229827881,-0.0042417049407958984
6,3,71,90.0,4.010181903839111,4.027687072753906,0.017505168914794922
6,3,72,181.0,3.0067594051361084,3.0068304538726807,7.104873657226562e-05
6,3,73,95.0,4.08024787902832,4.0791473388671875,-0.0011005401611328125
6,3,74,245.0,2.442718744277954,2.437551975250244,-0.005166769027709961
6,3,75,93.0,2.114382266998291,2.1211912631988525,0.0068089962005615234
6,3,76,225.0,2.825653553009033,2.822190284729004,-0.003463268280029297
6,3,77,61.0,3.338794708251953,3.342388153076172,0.00359344482421875
6,3,78,257.0,3.9624106884002686,3.961550712585449,-0.0008599758148193359
6,3,79,165.0,3.2207393646240234,3.2233927249908447,0.002653360366821289
6,3,80,117.0,4.315102577209473,4.316875457763672,0.0017728805541992188
6,3,81,89.0,3.6350255012512207,3.6393253803253174,0.00429987907409668
6,3,82,291.0,3.772111177444458,3.7680675983428955,-0.0040435791015625
6,3,83,93.0,3.43058443069458,3.432802200317383,0.0022177696228027344
6,3,84,228.0,2.4015636444091797,2.406055450439453,0.0044918060302734375
6,3,85,131.0,2.8454298973083496,2.8404297828674316,-0.005000114440917969
6,3,86,191.0,4.341160774230957,4.340931415557861,-0.00022935867309570312
6,3,87,238.0,5.110036849975586,5.11314582824707,0.003108978271484375
6,3,88,210.0,3.3413021564483643,3.3503143787384033,0.009012222290039062
6,3,89,107.0,4.339839935302734,4.345151424407959,0.005311489105224609
6,3,90,217.0,3.0681116580963135,3.0722620487213135,0.004150390625
6,3,91,199.0,3.2457942962646484,3.2437539100646973,-0.002040386199951172
6,3,92,84.0,2.6276965141296387,2.629160165786743,0.0014636516571044922
6,3,93,271.0,3.756063222885132,3.7537007331848145,-0.002362489700317383
6,3,94,226.0,3.251934289932251,3.2536966800689697,0.00176239013671875
6,3,95,258.0,3.875674247741699,3.8820061683654785,0.006331920623779297
6,3,96,86.0,3.585750102996826,3.5910491943359375,0.005299091339111328
6,3,97,142.0,4.497574806213379,4.491000652313232,-0.006574153900146484
6,3,98,42.0,3.347982168197632,3.3262314796447754,-0.021750688552856445
6,3,99,224.0,2.679133892059326,2.6778125762939453,-0.0013213157653808594
6,3,100,197.0,2.196375608444214,2.188690662384033,-0.007684946060180664
6,3,101,85.0,2.568619728088379,2.5563442707061768,-0.012275457382202148
6,3,102,195.0,3.2174572944641113,3.224921464920044,0.007464170455932617
6,3,103,102.0,3.6202828884124756,3.625432252883911,0.005149364471435547
6,3,104,181.0,3.483546018600464,3.4873125553131104,0.0037665367126464844
6,3,105,72.0,2.1719796657562256,2.179349422454834,0.0073697566986083984
6,3,106,130.0,4.735745906829834,4.73358154296875,-0.0021643638610839844
6,3,107,62.0,2.6150100231170654,2.6070735454559326,-0.007936477661132812
6,3,108,263.0,3.6819097995758057,3.6830122470855713,0.001102447509765625
6,3,109,194.0,2.822662115097046,2.819876194000244,-0.002785921096801758
6,3,110,174.0,2.753187417984009,2.7554848194122314,0.0022974014282226562
6,3,111,235.0,4.053600788116455,4.050691604614258,-0.0029091835021972656
6,3,112,143.0,4.031272888183594,4.0336151123046875,0.00234222412109375
6,3,113,117.0,4.415828704833984,4.411750316619873,-0.004078388214111328
6,3,114,160.0,3.988440990447998,3.9826431274414062,-0.005797863006591797
6,3,115,115.0,3.474060297012329,3.474613904953003,0.0005536079406738281
6,3,116,120.0,3.551665782928467,3.5512876510620117,-0.0003781318664550781
6,3,117,186.0,3.7136735916137695,3.714531421661377,0.0008578300476074219
6,3,118,138.0,3.1632800102233887,3.1656508445739746,0.0023708343505859375
6,3,119,80.0,2.3273348808288574,2.3265955448150635,-0.0007393360137939453
6,3,120,164.0,2.849583864212036,2.8473970890045166,-0.0021867752075195312
6,3,121,215.0,3.761408567428589,3.7604126930236816,-0.0009958744049072266
6,3,122,81.0,3.2764456272125244,3.283669948577881,0.007224321365356445
6,3,123,171.0,3.1637179851531982,3.1713273525238037,0.007609367370605469
6,3,124,41.0,5.6693196296691895,5.630982875823975,-0.038336753845214844
6,3,125,103.0,3.8813576698303223,3.8869612216949463,0.0056035518646240234
6,3,126,145.0,3.006119966506958,3.0080690383911133,0.0019490718841552734
6,3,127,102.0,2.92803955078125,2.9274418354034424,-0.0005977153778076172
6,4,0,196.0,3.6189582347869873,3.6173899173736572,-0.0015683174133300781
6,4,1,127.0,3.22214412689209,3.2265141010284424,0.004369974136352539
6,4,2,162.0,2.2713801860809326,2.2656641006469727,-0.005716085433959961
6,4,3,92.0,4.133184909820557,4.131009101867676,-0.0021758079528808594
6,4,4,194.0,3.299353837966919,3.2990012168884277,-0.00035262107849121094
6,4,5,115.0,2.8214778900146484,2.821634292602539,0.000156402587890625
6,4,6,109.0,4.325214862823486,4.3300557136535645,0.004840850830078125
6,4,7,48.0,3.449648857116699,3.449206590652466,-0.00044226646423339844
6,4,8,69.0,3.7256877422332764,3.7285540103912354,0.0028662681579589844
6,4,9,85.0,3.190195322036743,3.193135976791382,0.002940654754638672
6,4,10,238.0,2.782064914703369,2.786799669265747,0.00473475456237793
6,4,11,233.0,2.6044344902038574,2.6057417392730713,0.0013072490692138672
6,4,12,208.0,3.147305488586426,3.14862322807312,0.001317739486694336
6,4,13,196.0,2.917774200439453,2.922633171081543,0.004858970642089844
6,4,14,131.0,3.2567384243011475,3.2661025524139404,0.009364128112792969
6,4,15,125.0,2.790242910385132,2.786893129348755,-0.003349781036376953
6,4,16,61.0,4.113956451416016,4.1093645095825195,-0.004591941833496094
6,4,17,164.0,2.230290412902832,2.22806715965271,-0.0022232532501220703
6,4,18,107.0,3.345957040786743,3.349421739578247,0.0034646987915039062
6,4,19,48.0,3.959183692932129,3.954678535461426,-0.004505157470703125
6,4,20,74.0,2.182640314102173,2.184088706970215,0.0014483928680419922
6,4,21,103.0,2.7647080421447754,2.7529048919677734,-0.011803150177001953
6,4,22,114.0,3.4331488609313965,3.4335951805114746,0.000446319580078125
6,4,23,50.0,5.562728404998779,5.575742244720459,0.013013839721679688
6,4,24,281.0,2.4593505859375,2.4591217041015625,-0.0002288818359375
6,4,25,247.0,2.162877321243286,2.163388967514038,0.0005116462707519531
6,4,26,173.0,3.780362606048584,3.7782135009765625,-0.0021491050720214844
6,4,27,166.0,3.268761396408081,3.273238182067871,0.004476785659790039
6,4,28,98.0,2.8850836753845215,2.8807694911956787,-0.0043141841888427734
6,4,29,174.0,3.2879021167755127,3.291267156600952,0.003365039825439453
6,4,30,173.0,3.087313413619995,3.092278480529785,0.004965066909790039
6,4,31,215.0,3.7688708305358887,3.7583978176116943,-0.010473012924194336
6,4,32,186.0,2.7773280143737793,2.773228168487549,-0.004099845886230469
6,4,33,153.0,2.610452890396118,2.60066819190979,-0.009784698486328125
6,4,34,147.0,3.096090793609619,3.0935428142547607,-0.0025479793548583984
6,4,35,50.0,4.262930870056152,4.253190517425537,-0.009740352630615234
6,4,36,86.0,2.5445685386657715,2.560112237930298,0.015543699264526367
6,4,37,154.0,4.032649040222168,4.036142349243164,0.0034933090209960938
6,4,38,265.0,2.685051679611206,2.6884255409240723,0.003373861312866211
6,4,39,199.0,3.442211389541626,3.4377593994140625,-0.0044519901275634766
6,4,40,138.0,3.036294937133789,3.038477897644043,0.0021829605102539062
6,4,41,98.0,3.56339955329895,3.5621232986450195,-0.001276254653930664
6,4,42,167.0,2.791276693344116,2.79189133644104,0.0006146430969238281
6,4,43,288.0,3.996307849884033,3.997452735900879,0.0011448860168457031
6,4,44,225.0,2.764963150024414,2.7651710510253906,0.0002079010009765625
6,4,45,191.0,3.2674989700317383,3.2714076042175293,0.003908634185791016
6,4,46,92.0,4.787234783172607,4.784637928009033,-0.0025968551635742188
6,4,47,41.0,5.17321252822876,5.181354522705078,0.00814199447631836
6,4,48,231.0,3.050201892852783,3.043030261993408,-0.007171630859375
6,4,49,101.0,2.2807674407958984,2.2854835987091064,0.004716157913208008
6,4,50,177.0,3.28656005859375,3.2763986587524414,-0.010161399841308594
6,4,51,252.0,3.729534387588501,3.726227283477783,-0.0033071041107177734
6,4,52,259.0,3.0285918712615967,3.0311994552612305,0.002607583999633789
6,4,53,47.0,3.0469322204589844,3.0433616638183594,-0.003570556640625
6,4,54,164.0,2.354414463043213,2.359067678451538,0.004653215408325195
6,4,55,94.0,3.564063310623169,3.5693254470825195,0.005262136459350586
6,4,56,103.0,3.668520927429199,3.669654369354248,0.0011334419250488281
6,4,57,78.0,3.6771252155303955,3.6707890033721924,-0.006336212158203125
6,4,58,239.0,3.4083893299102783,3.3993141651153564,-0.009075164794921875
6,4,59,271.0,4.502346992492676,4.504674434661865,0.002327442169189453
6,4,60,162.0,3.0323004722595215,3.03554630279541,0.003245830535888672
6,4,61,179.0,3.618516206741333,3.640913724899292,0.022397518157958984
6,4,62,218.0,2.710827112197876,2.7122035026550293,0.0013763904571533203
6,4,63,81.0,3.249349355697632,3.2549264430999756,0.00557708740234375
6,4,64,93.0,3.696587085723877,3.702561140060425,0.0059740543365478516
6,4,65,72.0,3.9958338737487793,3.99468731880188,-0.001146554946899414
6,4,66,230.0,3.6442677974700928,3.6369974613189697,-0.007270336151123047
6,4,67,99.0,2.919395685195923,2.9454500675201416,0.02605438232421875
6,4,68,213.0,2.9106554985046387,2.90859317779541,-0.0020623207092285156
6,4,69,119.0,2.7914681434631348,2.792156219482422,0.0006880760192871094
6,4,70,161.0,3.1008999347686768,3.096393585205078,-0.004506349563598633
6,4,71,90.0,4.010181903839111,4.002263069152832,-0.007918834686279297
6,4,72,181.0,3.0067594051361084,3.0143399238586426,0.00758051872253418
6,4,73,95.0,4.08024787902832,4.059038162231445,-0.021209716796875
6,4,74,245.0,2.442718744277954,2.443521738052368,0.0008029937744140625
6,4,75,93.0,2.114382266998291,2.117034673690796,0.002652406692504883
6,4,76,225.0,2.825653553009033,2.8201897144317627,-0.005463838577270508
6,4,77,61.0,3.338794708251953,3.3282296657562256,-0.010565042495727539
6,4,78,257.0,3.9624106884002686,3.960946559906006,-0.0014641284942626953
6,4,79,165.0,3.2207393646240234,3.2140254974365234,-0.0067138671875
6,4,80,117.0,4.315102577209473,4.315865516662598,0.000762939453125
6,4,81,89.0,3.6350255012512207,3.6315877437591553,-0.0034377574920654297
6,4,82,291.0,3.772111177444458,3.769695997238159,-0.002415180206298828
6,4,83,93.0,3.43058443069458,3.4338936805725098,0.0033092498779296875
6,4,84,228.0,2.4015636444091797,2.4015183448791504,-4.5299530029296875e-05
6,4,85,131.0,2.8454298973083496,2.840061664581299,-0.005368232727050781
6,4,86,191.0,4.341160774230957,4.351418495178223,0.010257720947265625
6,4,87,238.0,5.110036849975586,5.1058549880981445,-0.004181861877441406
6,4,88,210.0,3.3413021564483643,3.3391976356506348,-0.002104520797729492
6,4,89,107.0,4.339839935302734,4.336138725280762,-0.0037012100219726562
6,4,90,217.0,3.0681116580963135,3.065474033355713,-0.002637624740600586
6,4,91,199.0,3.2457942962646484,3.24367356300354,-0.0021207332611083984
6,4,92,84.0,2.6276965141296387,2.626535415649414,-0.0011610984802246094
6,4,93,271.0,3.756063222885132,3.7567057609558105,0.0006425380706787109
6,4,94,226.0,3.251934289932251,3.2560558319091797,0.004121541976928711
6,4,95,258.0,3.875674247741699,3.876755952835083,0.001081705093383789
6,4,96,86.0,3.585750102996826,3.5818750858306885,-0.0038750171661376953
6,4,97,142.0,4.497574806213379,4.505570888519287,0.007996082305908203
6,4,98,42.0,3.347982168197632,3.3575897216796875,0.009607553482055664
6,4,99,224.0,2.679133892059326,2.6718475818634033,-0.0072863101959228516
6,4,100,197.0,2.196375608444214,2.1913459300994873,-0.0050296783447265625
6,4,101,85.0,2.568619728088379,2.5607216358184814,-0.007898092269897461
6,4,102,195.0,3.2174572944641113,3.221890449523926,0.004433155059814453
6,4,103,102.0,3.6202828884124756,3.6266589164733887,0.006376028060913086
6,4,104,181.0,3.483546018600464,3.485199213027954,0.0016531944274902344
6,4,105,72.0,2.1719796657562256,2.174795627593994,0.0028159618377685547
6,4,106,130.0,4.735745906829834,4.749711036682129,0.013965129852294922
6,4,107,62.0,2.6150100231170654,2.609069347381592,-0.005940675735473633
6,4,108,263.0,3.6819097995758057,3.6859586238861084,0.004048824310302734
6,4,109,194.0,2.822662115097046,2.8199594020843506,-0.0027027130126953125
6,4,110,174.0,2.753187417984009,2.7474772930145264,-0.005710124969482422
6,4,111,235.0,4.053600788116455,4.052297592163086,-0.0013031959533691406
6,4,112,143.0,4.031272888183594,4.035898208618164,0.0046253204345703125
6,4,113,117.0,4.415828704833984,4.3729352951049805,-0.042893409729003906
6,4,114,160.0,3.988440990447998,3.99070405960083,0.0022630691528320312
6,4,115,115.0,3.474060297012329,3.481189012527466,0.007128715515136719
6,4,116,120.0,3.551665782928467,3.5574989318847656,0.005833148956298828
6,4,117,186.0,3.7136735916137695,3.7104432582855225,-0.0032303333282470703
6,4,118,138.0,3.1632800102233887,3.1641921997070312,0.0009121894836425781
6,4,119,80.0,2.3273348808288574,2.3272757530212402,-5.91278076171875e-05
6,4,120,164.0,2.849583864212036,2.853499412536621,0.003915548324584961
6,4,121,215.0,3.761408567428589,3.7444238662719727,-0.01698470115661621
6,4,122,81.0,3.2764456272125244,3.277993679046631,0.0015480518341064453
6,4,123,171.0,3.1637179851531982,3.169806957244873,0.006088972091674805
6,4,124,41.0,5.6693196296691895,5.715094566345215,0.04577493667602539
6,4,125,103.0,3.8813576698303223,3.889606475830078,0.00824880599975586
6,4,126,145.0,3.006119966506958,3.005608558654785,-0.0005114078521728516
6,4,127,102.0,2.92803955078125,2.923628807067871,-0.004410743713378906
6,5,0,196.0,3.6189582347869873,3.604947090148926,-0.014011144638061523
6,5,1,127.0,3.22214412689209,3.2187516689300537,-0.003392457962036133
6,5,2,162.0,2.2713801860809326,2.2742998600006104,0.0029196739196777344
6,5,3,92.0,4.133184909820557,4.124372959136963,-0.00881195068359375
6,5,4,194.0,3.299353837966919,3.299933671951294,0.000579833984375
6,5,5,115.0,2.8214778900146484,2.823535680770874,0.002057790756225586
6,5,6,109.0,4.325214862823486,4.322603702545166,-0.0026111602783203125
6,5,7,48.0,3.449648857116699,3.453636884689331,0.003988027572631836
6,5,8,69.0,3.7256877422332764,3.7300026416778564,0.004314899444580078
6,5,9,85.0,3.190195322036743,3.1898574829101562,-0.00033783912658691406
6,5,10,238.0,2.782064914703369,2.780428886413574,-0.0016360282897949219
6,5,11,233.0,2.6044344902038574,2.608457565307617,0.004023075103759766
6,5,12,208.0,3.147305488586426,3.152676820755005,0.0053713321685791016
6,5,13,196.0,2.917774200439453,2.9175102710723877,-0.0002639293670654297
6,5,14,131.0,3.2567384243011475,3.264407157897949,0.007668733596801758
6,5,15,125.0,2.790242910385132,2.790790557861328,0.0005476474761962891
6,5,16,61.0,4.113956451416016,4.115188121795654,0.0012316703796386719
6,5,17,164.0,2.230290412902832,2.223050117492676,-0.00724029541015625
6,5,18,107.0,3.345957040786743,3.352202892303467,0.006245851516723633
6,5,19,48.0,3.959183692932129,3.9407520294189453,-0.018431663513183594
6,5,20,74.0,2.182640314102173,2.1800804138183594,-0.0025599002838134766
6,5,21,103.0,2.7647080421447754,2.8570497035980225,0.09234166145324707
6,5,22,114.0,3.4331488609313965,3.4415535926818848,0.008404731750488281
6,5,23,50.0,5.562728404998779,5.574544906616211,0.01181650161743164
6,5,24,281.0,2.4593505859375,2.453227996826172,-0.006122589111328125
6,5,25,247.0,2.162877321243286,2.1729736328125,0.010096311569213867
6,5,26,173.0,3.780362606048584,3.786684989929199,0.006322383880615234
6,5,27,166.0,3.268761396408081,3.2591261863708496,-0.009635210037231445
6,5,28,98.0,2.8850836753845215,2.8824524879455566,-0.0026311874389648438
6,5,29,174.0,3.2879021167755127,3.2837626934051514,-0.004139423370361328
6,5,30,173.0,3.087313413619995,3.0889813899993896,0.0016679763793945312
6,5,31,215.0,3.7688708305358887,3.768329381942749,-0.0005414485931396484
6,5,32,186.0,2.7773280143737793,2.7853541374206543,0.008026123046875
6,5,33,153.0,2.610452890396118,2.598071575164795,-0.012381315231323242
6,5,34,147.0,3.096090793609619,3.093055248260498,-0.0030355453491210938
6,5,35,50.0,4.262930870056152,4.279158115386963,0.016227245330810547
6,5,36,86.0,2.5445685386657715,2.554321527481079,0.009752988815307617
6,5,37,154.0,4.032649040222168,4.0388383865356445,0.0061893463134765625
6,5,38,265.0,2.685051679611206,2.689481496810913,0.004429817199707031
6,5,39,199.0,3.442211389541626,3.441995143890381,-0.0002162456512451172
6,5,40,138.0,3.036294937133789,3.038114309310913,0.0018193721771240234
6,5,41,98.0,3.56339955329895,3.5675008296966553,0.004101276397705078
6,5,42,167.0,2.791276693344116,2.795318365097046,0.0040416717529296875
6,5,43,288.0,3.996307849884033,3.9920835494995117,-0.004224300384521484
6,5,44,225.0,2.764963150024414,2.767507791519165,0.0025446414947509766
6,5,45,191.0,3.2674989700317383,3.2639517784118652,-0.003547191619873047
6,5,46,92.0,4.787234783172607,4.782289028167725,-0.0049457550048828125
6,5,47,41.0,5.17321252822876,5.173623561859131,0.00041103363037109375
6,5,48,231.0,3.050201892852783,3.048048257827759,-0.002153635025024414
6,5,49,101.0,2.2807674407958984,2.282353162765503,0.0015857219696044922
6,5,50,177.0,3.28656005859375,3.277583360671997,-0.00897669792175293
6,5,51,252.0,3.729534387588501,3.7333106994628906,0.0037763118743896484
6,5,52,259.0,3.0285918712615967,3.0239622592926025,-0.004629611968994141
6,5,53,47.0,3.0469322204589844,3.0232982635498047,-0.023633956909179688
6,5,54,164.0,2.354414463043213,2.355724573135376,0.001310110092163086
6,5,55,94.0,3.564063310623169,3.559000253677368,-0.005063056945800781
6,5,56,103.0,3.668520927429199,3.655125617980957,-0.013395309448242188
6,5,57,78.0,3.6771252155303955,3.6768693923950195,-0.00025582313537597656
6,5,58,239.0,3.4083893299102783,3.401796579360962,-0.006592750549316406
6,5,59,271.0,4.502346992492676,4.504982948303223,0.002635955810546875
6,5,60,162.0,3.0323004722595215,3.0353527069091797,0.003052234649658203
6,5,61,179.0,3.618516206741333,3.60705304145813,-0.011463165283203125
6,5,62,218.0,2.710827112197876,2.713233232498169,0.0024061203002929688
6,5,63,81.0,3.249349355697632,3.2482481002807617,-0.0011012554168701172
6,5,64,93.0,3.696587085723877,3.694681167602539,-0.0019059181213378906
6,5,65,72.0,3.9958338737487793,4.002134323120117,0.006300449371337891
6,5,66,230.0,3.6442677974700928,3.6461055278778076,0.0018377304077148438
6,5,67,99.0,2.919395685195923,3.0257112979888916,0.10631561279296875
6,5,68,213.0,2.9106554985046387,2.9043548107147217,-0.006300687789916992
6,5,69,119.0,2.7914681434631348,2.7939610481262207,0.0024929046630859375
6,5,70,161.0,3.1008999347686768,3.1027183532714844,0.0018184185028076172
6,5,71,90.0,4.010181903839111,4.010773181915283,0.000591278076171875
6,5,72,181.0,3.0067594051361084,3.002960443496704,-0.003798961639404297
6,5,73,95.0,4.08024787902832,4.073686599731445,-0.006561279296875
6,5,74,245.0,2.442718744277954,2.4381637573242188,-0.0045549869537353516
6,5,75,93.0,2.114382266998291,2.1134636402130127,-0.0009186267852783203
6,5,76,225.0,2.825653553009033,2.8134522438049316,-0.012201309204101562
6,5,77,61.0,3.338794708251953,3.3425660133361816,0.0037713050842285156
6,5,78,257.0,3.9624106884002686,3.9673070907592773,0.004896402359008789
6,5,79,165.0,3.2207393646240234,3.2231578826904297,0.00241851806640625
6,5,80,117.0,4.315102577209473,4.320302963256836,0.005200386047363281
6,5,81,89.0,3.6350255012512207,3.6432065963745117,0.008181095123291016
6,5,82,291.0,3.772111177444458,3.770052194595337,-0.0020589828491210938
6,5,83,93.0,3.43058443069458,3.4331934452056885,0.0026090145111083984
6,5,84,228.0,2.4015636444091797,2.3856966495513916,-0.015866994857788086
6,5,85,131.0,2.8454298973083496,2.8433632850646973,-0.0020666122436523438
6,5,86,191.0,4.341160774230957,4.341603755950928,0.0004429817199707031
6,5,87,238.0,5.110036849975586,5.109877586364746,-0.00015926361083984375
6,5,88,210.0,3.3413021564483643,3.343573570251465,0.002271413803100586
6,5,89,107.0,4.339839935302734,4.3497772216796875,0.009937286376953125
6,5,90,217.0,3.0681116580963135,3.0632169246673584,-0.004894733428955078
6,5,91,199.0,3.2457942962646484,3.248732566833496,0.0029382705688476562
6,5,92,84.0,2.6276965141296387,2.6361560821533203,0.00845956802368164
6,5,93,271.0,3.756063222885132,3.762624502182007,0.006561279296875
6,5,94,226.0,3.251934289932251,3.2560770511627197,0.00414276123046875
6,5,95,258.0,3.875674247741699,3.8801472187042236,0.004472970962524414
6,5,96,86.0,3.585750102996826,3.6022772789001465,0.016527175903320312
6,5,97,142.0,4.497574806213379,4.496046543121338,-0.0015282630920410156
6,5,98,42.0,3.347982168197632,3.3425278663635254,-0.005454301834106445
6,5,99,224.0,2.679133892059326,2.678972005844116,-0.00016188621520996094
6,5,100,197.0,2.196375608444214,2.192200183868408,-0.004175424575805664
6,5,101,85.0,2.568619728088379,2.552705764770508,-0.015913963317871094
6,5,102,195.0,3.2174572944641113,3.2201404571533203,0.0026831626892089844
6,5,103,102.0,3.6202828884124756,3.624238967895508,0.0039560794830322266
6,5,104,181.0,3.483546018600464,3.4768025875091553,-0.006743431091308594
6,5,105,72.0,2.1719796657562256,2.1606223583221436,-0.011357307434082031
6,5,106,130.0,4.735745906829834,4.739402770996094,0.0036568641662597656
6,5,107,62.0,2.6150100231170654,2.6181349754333496,0.0031249523162841797
6,5,108,263.0,3.6819097995758057,3.6838183403015137,0.0019085407257080078
6,5,109,194.0,2.822662115097046,2.820768117904663,-0.0018939971923828125
6,5,110,174.0,2.753187417984009,2.753878593444824,0.0006911754608154297
6,5,111,235.0,4.053600788116455,4.0866007804870605,0.03299999237060547
6,5,112,143.0,4.031272888183594,4.039005279541016,0.007732391357421875
6,5,113,117.0,4.415828704833984,4.392539024353027,-0.02328968048095703
6,5,114,160.0,3.988440990447998,3.985020160675049,-0.0034208297729492188
6,5,115,115.0,3.474060297012329,3.4786839485168457,0.0046236515045166016
6,5,116,120.0,3.551665782928467,3.550746440887451,-0.000919342041015625
6,5,117,186.0,3.7136735916137695,3.720479965209961,0.006806373596191406
6,5,118,138.0,3.1632800102233887,3.16899037361145,0.0057103633880615234
6,5,119,80.0,2.3273348808288574,2.3276257514953613,0.00029087066650390625
6,5,120,164.0,2.849583864212036,2.8537352085113525,0.004151344299316406
6,5,121,215.0,3.761408567428589,3.7583162784576416,-0.0030922889709472656
6,5,122,81.0,3.2764456272125244,3.28164005279541,0.005194425582885742
6,5,123,171.0,3.1637179851531982,3.1663856506347656,0.002667665481567383
6,5,124,41.0,5.6693196296691895,5.597064018249512,-0.07225561141967773
6,5,125,103.0,3.8813576698303223,3.892840623855591,0.011482954025268555
6,5,126,145.0,3.006119966506958,3.016929864883423,0.010809898376464844
6,5,127,102.0,2.92803955078125,2.929335355758667,0.0012958049774169922
6,6,0,196.0,3.6189582347869873,3.6149423122406006,-0.004015922546386719
6,6,1,127.0,3.22214412689209,3.2223570346832275,0.0002129077911376953
6,6,2,162.0,2.2713801860809326,2.2701046466827393,-0.0012755393981933594
6,6,3,92.0,4.133184909820557,4.1292924880981445,-0.0038924217224121094
6,6,4,194.0,3.299353837966919,3.297962188720703,-0.0013916492462158203
6,6,5,115.0,2.8214778900146484,2.8235466480255127,0.002068758010864258
6,6,6,109.0,4.325214862823486,4.332997798919678,0.007782936096191406
6,6,7,48.0,3.449648857116699,3.445636749267578,-0.004012107849121094
6,6,8,69.0,3.7256877422332764,3.7177987098693848,-0.007889032363891602
6,6,9,85.0,3.190195322036743,3.1869237422943115,-0.0032715797424316406
6,6,10,238.0,2.782064914703369,2.784470319747925,0.002405405044555664
6,6,11,233.0,2.6044344902038574,2.6060991287231445,0.0016646385192871094
6,6,12,208.0,3.147305488586426,3.143223762512207,-0.00408172607421875
6,6,13,196.0,2.917774200439453,2.9209604263305664,0.0031862258911132812
6,6,14,131.0,3.2567384243011475,3.265918016433716,0.00917959213256836
6,6,15,125.0,2.790242910385132,2.787829875946045,-0.002413034439086914
6,6,16,61.0,4.113956451416016,4.1103339195251465,-0.0036225318908691406
6,6,17,164.0,2.230290412902832,2.2305350303649902,0.0002446174621582031
6,6,18,107.0,3.345957040786743,3.344708204269409,-0.0012488365173339844
6,6,19,48.0,3.959183692932129,3.955089569091797,-0.004094123840332031
6,6,20,74.0,2.182640314102173,2.18552303314209,0.002882719039916992
6,6,21,103.0,2.7647080421447754,2.7607979774475098,-0.003910064697265625
6,6,22,114.0,3.4331488609313965,3.436781167984009,0.0036323070526123047
6,6,23,50.0,5.562728404998779,5.555073261260986,-0.007655143737792969
6,6,24,281.0,2.4593505859375,2.4618477821350098,0.0024971961975097656
6,6,25,247.0,2.162877321243286,2.162801742553711,-7.557868957519531e-05
6,6,26,173.0,3.780362606048584,3.783787965774536,0.0034253597259521484
6,6,27,166.0,3.268761396408081,3.272090196609497,0.0033288002014160156
6,6,28,98.0,2.8850836753845215,2.8836283683776855,-0.0014553070068359375
6,6,29,174.0,3.2879021167755127,3.2801105976104736,-0.0077915191650390625
6,6,30,173.0,3.087313413619995,3.0938968658447266,0.006583452224731445
6,6,31,215.0,3.7688708305358887,3.762819766998291,-0.006051063537597656
6,6,32,186.0,2.7773280143737793,2.790175676345825,0.012847661972045898
6,6,33,153.0,2.610452890396118,2.60250186920166,-0.007951021194458008
6,6,34,147.0,3.096090793609619,3.095064640045166,-0.001026153564453125
6,6,35,50.0,4.262930870056152,4.255687713623047,-0.007243156433105469
6,6,36,86.0,2.5445685386657715,2.5649118423461914,0.020343303680419922
6,6,37,154.0,4.032649040222168,4.02200984954834,-0.010639190673828125
6,6,38,265.0,2.685051679611206,2.6823551654815674,-0.002696514129638672
6,6,39,199.0,3.442211389541626,3.4333438873291016,-0.008867502212524414
6,6,40,138.0,3.036294937133789,3.0450596809387207,0.00876474380493164
6,6,41,98.0,3.56339955329895,3.570321798324585,0.006922245025634766
6,6,42,167.0,2.791276693344116,2.7943241596221924,0.003047466278076172
6,6,43,288.0,3.996307849884033,4.001699447631836,0.005391597747802734
6,6,44,225.0,2.764963150024414,2.7636375427246094,-0.0013256072998046875
6,6,45,191.0,3.2674989700317383,3.2724404335021973,0.004941463470458984
6,6,46,92.0,4.787234783172607,4.780588150024414,-0.006646633148193359
6,6,47,41.0,5.17321252822876,5.178985595703125,0.005773067474365234
6,6,48,231.0,3.050201892852783,3.045668601989746,-0.004533290863037109
6,6,49,101.0,2.2807674407958984,2.2852816581726074,0.004514217376708984
6,6,50,177.0,3.28656005859375,3.281132698059082,-0.005427360534667969
6,6,51,252.0,3.729534387588501,3.7319302558898926,0.0023958683013916016
6,6,52,259.0,3.0285918712615967,3.0295612812042236,0.0009694099426269531
6,6,53,47.0,3.0469322204589844,3.0488100051879883,0.0018777847290039062
6,6,54,164.0,2.354414463043213,2.3577492237091064,0.0033347606658935547
6,6,55,94.0,3.564063310623169,3.5628156661987305,-0.0012476444244384766
6,6,56,103.0,3.668520927429199,3.669708728790283,0.0011878013610839844
6,6,57,78.0,3.6771252155303955,3.6726465225219727,-0.0044786930084228516
6,6,58,239.0,3.4083893299102783,3.403231382369995,-0.005157947540283203
6,6,59,271.0,4.502346992492676,4.508724689483643,0.006377696990966797
6,6,60,162.0,3.0323004722595215,3.025151491165161,-0.0071489810943603516
6,6,61,179.0,3.618516206741333,3.618948221206665,0.00043201446533203125
6,6,62,218.0,2.710827112197876,2.710268259048462,-0.0005588531494140625
6,6,63,81.0,3.249349355697632,3.2470455169677734,-0.0023038387298583984
6,6,64,93.0,3.696587085723877,3.6986286640167236,0.0020415782928466797
6,6,65,72.0,3.9958338737487793,3.984405517578125,-0.011428356170654297
6,6,66,230.0,3.6442677974700928,3.63964581489563,-0.004621982574462891
6,6,67,99.0,2.919395685195923,2.933621406555176,0.01422572135925293
6,6,68,213.0,2.9106554985046387,2.903388023376465,-0.007267475128173828
6,6,69,119.0,2.7914681434631348,2.7939226627349854,0.002454519271850586
6,6,70,161.0,3.1008999347686768,3.0963666439056396,-0.004533290863037109
6,6,71,90.0,4.010181903839111,4.004839897155762,-0.005342006683349609
6,6,72,181.0,3.0067594051361084,3.0087270736694336,0.0019676685333251953
6,6,73,95.0,4.08024787902832,4.079484462738037,-0.0007634162902832031
6,6,74,245.0,2.442718744277954,2.4426498413085938,-6.890296936035156e-05
6,6,75,93.0,2.114382266998291,2.121783494949341,0.007401227951049805
6,6,76,225.0,2.825653553009033,2.8220505714416504,-0.0036029815673828125
6,6,77,61.0,3.338794708251953,3.3379697799682617,-0.0008249282836914062
6,6,78,257.0,3.9624106884002686,3.9650139808654785,0.002603292465209961
6,6,79,165.0,3.2207393646240234,3.224656343460083,0.00391697883605957
6,6,80,117.0,4.315102577209473,4.315567493438721,0.0004649162292480469
6,6,81,89.0,3.6350255012512207,3.639284372329712,0.004258871078491211
6,6,82,291.0,3.772111177444458,3.7750442028045654,0.002933025360107422
6,6,83,93.0,3.43058443069458,3.425856113433838,-0.0047283172607421875
6,6,84,228.0,2.4015636444091797,2.4068105220794678,0.005246877670288086
6,6,85,131.0,2.8454298973083496,2.8422393798828125,-0.0031905174255371094
6,6,86,191.0,4.341160774230957,4.341629505157471,0.0004687309265136719
6,6,87,238.0,5.110036849975586,5.110827445983887,0.0007905960083007812
6,6,88,210.0,3.3413021564483643,3.3477115631103516,0.006409406661987305
6,6,89,107.0,4.339839935302734,4.349547863006592,0.009707927703857422
6,6,90,217.0,3.0681116580963135,3.0669705867767334,-0.0011410713195800781
6,6,91,199.0,3.2457942962646484,3.249166965484619,0.003372669219970703
6,6,92,84.0,2.6276965141296387,2.639322280883789,0.01162576675415039
6,6,93,271.0,3.756063222885132,3.753647804260254,-0.0024154186248779297
6,6,94,226.0,3.251934289932251,3.2485573291778564,-0.0033769607543945312
6,6,95,258.0,3.875674247741699,3.882370948791504,0.0066967010498046875
6,6,96,86.0,3.585750102996826,3.5908379554748535,0.005087852478027344
6,6,97,142.0,4.497574806213379,4.492459297180176,-0.005115509033203125
6,6,98,42.0,3.347982168197632,3.3385205268859863,-0.009461641311645508
6,6,99,224.0,2.679133892059326,2.674773931503296,-0.0043599605560302734
6,6,100,197.0,2.196375608444214,2.197711706161499,0.0013360977172851562
6,6,101,85.0,2.568619728088379,2.5588366985321045,-0.009783029556274414
6,6,102,195.0,3.2174572944641113,3.2210209369659424,0.0035636425018310547
6,6,103,102.0,3.6202828884124756,3.6164395809173584,-0.0038433074951171875
6,6,104,181.0,3.483546018600464,3.48388671875,0.0003407001495361328
6,6,105,72.0,2.1719796657562256,2.1710093021392822,-0.0009703636169433594
6,6,106,130.0,4.735745906829834,4.730461120605469,-0.005284786224365234
6,6,107,62.0,2.6150100231170654,2.611480712890625,-0.0035293102264404297
6,6,108,263.0,3.6819097995758057,3.6820285320281982,0.00011873245239257812
6,6,109,194.0,2.822662115097046,2.817779302597046,-0.0048828125
6,6,110,174.0,2.753187417984009,2.751811981201172,-0.001375436782836914
6,6,111,235.0,4.053600788116455,4.059178352355957,0.005577564239501953
6,6,112,143.0,4.031272888183594,4.040701866149902,0.009428977966308594
6,6,113,117.0,4.415828704833984,4.41443395614624,-0.0013947486877441406
6,6,114,160.0,3.988440990447998,3.983445405960083,-0.004995584487915039
6,6,115,115.0,3.474060297012329,3.480408191680908,0.0063478946685791016
6,6,116,120.0,3.551665782928467,3.5586776733398438,0.007011890411376953
6,6,117,186.0,3.7136735916137695,3.713974714279175,0.00030112266540527344
6,6,118,138.0,3.1632800102233887,3.1653919219970703,0.0021119117736816406
6,6,119,80.0,2.3273348808288574,2.3277580738067627,0.00042319297790527344
6,6,120,164.0,2.849583864212036,2.8597915172576904,0.010207653045654297
6,6,121,215.0,3.761408567428589,3.7573530673980713,-0.004055500030517578
6,6,122,81.0,3.2764456272125244,3.2793116569519043,0.002866029739379883
6,6,123,171.0,3.1637179851531982,3.1665053367614746,0.002787351608276367
6,6,124,41.0,5.6693196296691895,5.691707134246826,0.02238750457763672
6,6,125,103.0,3.8813576698303223,3.8847122192382812,0.0033545494079589844
6,6,126,145.0,3.006119966506958,3.009467601776123,0.003347635269165039
6,6,127,102.0,2.92803955078125,2.929213047027588,0.0011734962463378906
6,7,0,196.0,3.6189582347869873,3.617373466491699,-0.001584768295288086
6,7,1,127.0,3.22214412689209,3.2187318801879883,-0.0034122467041015625
6,7,2,162.0,2.2713801860809326,2.2677292823791504,-0.0036509037017822266
6,7,3,92.0,4.133184909820557,4.127243518829346,-0.0059413909912109375
6,7,4,194.0,3.299353837966919,3.2959671020507812,-0.0033867359161376953
6,7,5,115.0,2.8214778900146484,2.8201589584350586,-0.0013189315795898438
6,7,6,109.0,4.325214862823486,4.332631587982178,0.007416725158691406
6,7,7,48.0,3.449648857116699,3.4516561031341553,0.0020072460174560547
6,7,8,69.0,3.7256877422332764,3.7271831035614014,0.001495361328125
6,7,9,85.0,3.190195322036743,3.1861329078674316,-0.0040624141693115234
6,7,10,238.0,2.782064914703369,2.7813875675201416,-0.0006773471832275391
6,7,11,233.0,2.6044344902038574,2.609546422958374,0.0051119327545166016
6,7,12,208.0,3.147305488586426,3.1458418369293213,-0.0014636516571044922
6,7,13,196.0,2.917774200439453,2.914067268371582,-0.0037069320678710938
6,7,14,131.0,3.2567384243011475,3.263052225112915,0.006313800811767578
6,7,15,125.0,2.790242910385132,2.7914907932281494,0.0012478828430175781
6,7,16,61.0,4.113956451416016,4.120975017547607,0.007018566131591797
6,7,17,164.0,2.230290412902832,2.2359161376953125,0.005625724792480469
6,7,18,107.0,3.345957040786743,3.349034070968628,0.0030770301818847656
6,7,19,48.0,3.959183692932129,3.9579641819000244,-0.0012195110321044922
6,7,20,74.0,2.182640314102173,2.183027744293213,0.00038743019104003906
6,7,21,103.0,2.7647080421447754,2.763890266418457,-0.0008177757263183594
6,7,22,114.0,3.4331488609313965,3.4355859756469727,0.002437114715576172
6,7,23,50.0,5.562728404998779,5.558084487915039,-0.004643917083740234
6,7,24,281.0,2.4593505859375,2.4501826763153076,-0.009167909622192383
6,7,25,247.0,2.162877321243286,2.1676886081695557,0.004811286926269531
6,7,26,173.0,3.780362606048584,3.790036201477051,0.009673595428466797
6,7,27,166.0,3.268761396408081,3.2734224796295166,0.004661083221435547
6,7,28,98.0,2.8850836753845215,2.8846964836120605,-0.0003871917724609375
6,7,29,174.0,3.2879021167755127,3.2781805992126465,-0.009721517562866211
6,7,30,173.0,3.087313413619995,3.096177339553833,0.00886392593383789
6,7,31,215.0,3.7688708305358887,3.7681567668914795,-0.0007140636444091797
6,7,32,186.0,2.7773280143737793,2.778728485107422,0.0014004707336425781
6,7,33,153.0,2.610452890396118,2.6015779972076416,-0.008874893188476562
6,7,34,147.0,3.096090793609619,3.0943119525909424,-0.0017788410186767578
6,7,35,50.0,4.262930870056152,4.257383823394775,-0.005547046661376953
6,7,36,86.0,2.5445685386657715,2.5573105812072754,0.012742042541503906
6,7,37,154.0,4.032649040222168,4.0269775390625,-0.005671501159667969
6,7,38,265.0,2.685051679611206,2.6818788051605225,-0.0031728744506835938
6,7,39,199.0,3.442211389541626,3.4385440349578857,-0.0036673545837402344
6,7,40,138.0,3.036294937133789,3.047217845916748,0.010922908782958984
6,7,41,98.0,3.56339955329895,3.567142963409424,0.003743410110473633
6,7,42,167.0,2.791276693344116,2.788451910018921,-0.0028247833251953125
6,7,43,288.0,3.996307849884033,3.9939794540405273,-0.0023283958435058594
6,7,44,225.0,2.764963150024414,2.7636795043945312,-0.0012836456298828125
6,7,45,191.0,3.2674989700317383,3.2653462886810303,-0.002152681350708008
6,7,46,92.0,4.787234783172607,4.784142971038818,-0.0030918121337890625
6,7,47,41.0,5.17321252822876,5.179262161254883,0.006049633026123047
6,7,48,231.0,3.050201892852783,3.0480947494506836,-0.0021071434020996094
6,7,49,101.0,2.2807674407958984,2.2763466835021973,-0.004420757293701172
6,7,50,177.0,3.28656005859375,3.2902703285217285,0.0037102699279785156
6,7,51,252.0,3.729534387588501,3.7370989322662354,0.007564544677734375
6,7,52,259.0,3.0285918712615967,3.025852918624878,-0.00273895263671875
6,7,53,47.0,3.0469322204589844,3.0445809364318848,-0.0023512840270996094
6,7,54,164.0,2.354414463043213,2.3562893867492676,0.0018749237060546875
6,7,55,94.0,3.564063310623169,3.5612261295318604,-0.0028371810913085938
6,7,56,103.0,3.668520927429199,3.6787474155426025,0.01022648811340332
6,7,57,78.0,3.6771252155303955,3.6797142028808594,0.002588987350463867
6,7,58,239.0,3.4083893299102783,3.402299165725708,-0.0060901641845703125
6,7,59,271.0,4.502346992492676,4.508271217346191,0.005924224853515625
6,7,60,162.0,3.0323004722595215,3.0305733680725098,-0.0017271041870117188
6,7,61,179.0,3.618516206741333,3.624965190887451,0.006448984146118164
6,7,62,218.0,2.710827112197876,2.705303430557251,-0.005523681640625
6,7,63,81.0,3.249349355697632,3.2460217475891113,-0.003327608108520508
6,7,64,93.0,3.696587085723877,3.7040555477142334,0.007468461990356445
6,7,65,72.0,3.9958338737487793,3.9942257404327393,-0.001608133316040039
6,7,66,230.0,3.6442677974700928,3.6351277828216553,-0.0091400146484375
6,7,67,99.0,2.919395685195923,2.926356554031372,0.006960868835449219
6,7,68,213.0,2.9106554985046387,2.9085865020751953,-0.0020689964294433594
6,7,69,119.0,2.7914681434631348,2.789074182510376,-0.002393960952758789
6,7,70,161.0,3.1008999347686768,3.0982093811035156,-0.002690553665161133
6,7,71,90.0,4.010181903839111,4.028239727020264,0.018057823181152344
6,7,72,181.0,3.0067594051361084,3.0087180137634277,0.001958608627319336
6,7,73,95.0,4.08024787902832,4.078649044036865,-0.0015988349914550781
6,7,74,245.0,2.442718744277954,2.4402318000793457,-0.0024869441986083984
6,7,75,93.0,2.114382266998291,2.1189723014831543,0.004590034484863281
6,7,76,225.0,2.825653553009033,2.8273606300354004,0.0017070770263671875
6,7,77,61.0,3.338794708251953,3.337738275527954,-0.0010564327239990234
6,7,78,257.0,3.9624106884002686,3.977318286895752,0.014907598495483398
6,7,79,165.0,3.2207393646240234,3.222388744354248,0.0016493797302246094
6,7,80,117.0,4.315102577209473,4.310569763183594,-0.004532814025878906
6,7,81,89.0,3.6350255012512207,3.6382603645324707,0.00323486328125
6,7,82,291.0,3.772111177444458,3.769378662109375,-0.002732515335083008
6,7,83,93.0,3.43058443069458,3.4246339797973633,-0.005950450897216797
6,7,84,228.0,2.4015636444091797,2.4049973487854004,0.003433704376220703
6,7,85,131.0,2.8454298973083496,2.8459537029266357,0.0005238056182861328
6,7,86,191.0,4.341160774230957,4.345340728759766,0.004179954528808594
6,7,87,238.0,5.110036849975586,5.116006851196289,0.005970001220703125
6,7,88,210.0,3.3413021564483643,3.342026948928833,0.00072479248046875
6,7,89,107.0,4.339839935302734,4.346254348754883,0.0064144134521484375
6,7,90,217.0,3.0681116580963135,3.0664422512054443,-0.0016694068908691406
6,7,91,199.0,3.2457942962646484,3.238765001296997,-0.007029294967651367
6,7,92,84.0,2.6276965141296387,2.6380114555358887,0.01031494140625
6,7,93,271.0,3.756063222885132,3.763594388961792,0.007531166076660156
6,7,94,226.0,3.251934289932251,3.2532899379730225,0.0013556480407714844
6,7,95,258.0,3.875674247741699,3.875617504119873,-5.6743621826171875e-05
6,7,96,86.0,3.585750102996826,3.574449062347412,-0.011301040649414062
6,7,97,142.0,4.497574806213379,4.495316505432129,-0.00225830078125
6,7,98,42.0,3.347982168197632,3.3435516357421875,-0.004430532455444336
6,7,99,224.0,2.679133892059326,2.6778712272644043,-0.001262664794921875
6,7,100,197.0,2.196375608444214,2.192166805267334,-0.004208803176879883
6,7,101,85.0,2.568619728088379,2.5584850311279297,-0.010134696960449219
6,7,102,195.0,3.2174572944641113,3.2215588092803955,0.00410151481628418
6,7,103,102.0,3.6202828884124756,3.622513771057129,0.0022308826446533203
6,7,104,181.0,3.483546018600464,3.484543561935425,0.0009975433349609375
6,7,105,72.0,2.1719796657562256,2.1751255989074707,0.003145933151245117
6,7,106,130.0,4.735745906829834,4.729372978210449,-0.006372928619384766
6,7,107,62.0,2.6150100231170654,2.60730242729187,-0.0077075958251953125
6,7,108,263.0,3.6819097995758057,3.6812641620635986,-0.0006456375122070312
6,7,109,194.0,2.822662115097046,2.819685459136963,-0.002976655960083008
6,7,110,174.0,2.753187417984009,2.754425048828125,0.001237630844116211
6,7,111,235.0,4.053600788116455,4.055864334106445,0.0022635459899902344
6,7,112,143.0,4.031272888183594,4.034148216247559,0.0028753280639648438
6,7,113,117.0,4.415828704833984,4.410492420196533,-0.005336284637451172
6,7,114,160.0,3.988440990447998,3.9911303520202637,0.002689361572265625
6,7,115,115.0,3.474060297012329,3.4762980937957764,0.0022377967834472656
6,7,116,120.0,3.551665782928467,3.5515594482421875,-0.00010633468627929688
6,7,117,186.0,3.7136735916137695,3.721403121948242,0.007729530334472656
6,7,118,138.0,3.1632800102233887,3.167186737060547,0.003906726837158203
6,7,119,80.0,2.3273348808288574,2.3347551822662354,0.00742030143737793
6,7,120,164.0,2.849583864212036,2.8455255031585693,-0.004058361053466797
6,7,121,215.0,3.761408567428589,3.757469892501831,-0.0039386749267578125
6,7,122,81.0,3.2764456272125244,3.2815582752227783,0.005112648010253906
6,7,123,171.0,3.1637179851531982,3.1704864501953125,0.006768465042114258
6,7,124,41.0,5.6693196296691895,5.638488292694092,-0.030831336975097656
6,7,125,103.0,3.8813576698303223,3.8873376846313477,0.005980014801025391
6,7,126,145.0,3.006119966506958,3.006713628768921,0.0005936622619628906
6,7,127,102.0,2.92803955078125,2.9299938678741455,0.001954317092895508
6,8,0,196.0,3.6189582347869873,3.6146788597106934,-0.004279375076293945
6,8,1,127.0,3.22214412689209,3.207775592803955,-0.014368534088134766
6,8,2,162.0,2.2713801860809326,2.2578587532043457,-0.013521432876586914
6,8,3,92.0,4.133184909820557,4.147399425506592,0.014214515686035156
6,8,4,194.0,3.299353837966919,3.2999870777130127,0.00063323974609375
6,8,5,115.0,2.8214778900146484,2.8342103958129883,0.012732505798339844
6,8,6,109.0,4.325214862823486,4.338703632354736,0.01348876953125
6,8,7,48.0,3.449648857116699,3.486767530441284,0.03711867332458496
6,8,8,69.0,3.7256877422332764,3.7701632976531982,0.044475555419921875
6,8,9,85.0,3.190195322036743,3.2008910179138184,0.010695695877075195
6,8,10,238.0,2.782064914703369,2.7723476886749268,-0.009717226028442383
6,8,11,233.0,2.6044344902038574,2.608867645263672,0.004433155059814453
6,8,12,208.0,3.147305488586426,3.1478464603424072,0.0005409717559814453
6,8,13,196.0,2.917774200439453,2.9187185764312744,0.0009443759918212891
6,8,14,131.0,3.2567384243011475,3.278860330581665,0.022121906280517578
6,8,15,125.0,2.790242910385132,2.802626848220825,0.01238393783569336
6,8,16,61.0,4.113956451416016,4.119994163513184,0.006037712097167969
6,8,17,164.0,2.230290412902832,2.232980966567993,0.002690553665161133
6,8,18,107.0,3.345957040786743,3.3570938110351562,0.011136770248413086
6,8,19,48.0,3.959183692932129,3.925299644470215,-0.03388404846191406
6,8,20,74.0,2.182640314102173,2.17928409576416,-0.0033562183380126953
6,8,21,103.0,2.7647080421447754,2.8353984355926514,0.07069039344787598
6,8,22,114.0,3.4331488609313965,3.4507200717926025,0.017571210861206055
6,8,23,50.0,5.562728404998779,5.566025257110596,0.0032968521118164062
6,8,24,281.0,2.4593505859375,2.4536986351013184,-0.005651950836181641
6,8,25,247.0,2.162877321243286,2.1678473949432373,0.004970073699951172
6,8,26,173.0,3.780362606048584,3.7745494842529297,-0.005813121795654297
6,8,27,166.0,3.268761396408081,3.288487434387207,0.019726037979125977
6,8,28,98.0,2.8850836753845215,2.9205920696258545,0.03550839424133301
6,8,29,174.0,3.2879021167755127,3.2809743881225586,-0.0069277286529541016
6,8,30,173.0,3.087313413619995,3.1511666774749756,0.06385326385498047
6,8,31,215.0,3.7688708305358887,3.758528470993042,-0.01034235954284668
6,8,32,186.0,2.7773280143737793,2.7938828468322754,0.016554832458496094
6,8,33,153.0,2.610452890396118,2.6052277088165283,-0.005225181579589844
6,8,34,147.0,3.096090793609619,3.0993146896362305,0.003223896026611328
6,8,35,50.0,4.262930870056152,4.268193244934082,0.0052623748779296875
6,8,36,86.0,2.5445685386657715,2.5612165927886963,0.016648054122924805
6,8,37,154.0,4.032649040222168,4.039999485015869,0.007350444793701172
6,8,38,265.0,2.685051679611206,2.690089702606201,0.005038022994995117
6,8,39,199.0,3.442211389541626,3.448744773864746,0.006533384323120117
6,8,40,138.0,3.036294937133789,3.04951548576355,0.013220548629760742
6,8,41,98.0,3.56339955329895,3.563612937927246,0.00021338462829589844
6,8,42,167.0,2.791276693344116,2.80625319480896,0.01497650146484375
6,8,43,288.0,3.996307849884033,4.008426189422607,0.012118339538574219
6,8,44,225.0,2.764963150024414,2.771981954574585,0.0070188045501708984
6,8,45,191.0,3.2674989700317383,3.2673518657684326,-0.00014710426330566406
6,8,46,92.0,4.787234783172607,4.794192790985107,0.0069580078125
6,8,47,41.0,5.17321252822876,5.174520492553711,0.0013079643249511719
6,8,48,231.0,3.050201892852783,3.051013231277466,0.0008113384246826172
6,8,49,101.0,2.2807674407958984,2.289325714111328,0.008558273315429688
6,8,50,177.0,3.28656005859375,3.2868058681488037,0.00024580955505371094
6,8,51,252.0,3.729534387588501,3.7311813831329346,0.0016469955444335938
6,8,52,259.0,3.0285918712615967,3.025120496749878,-0.00347137451171875
6,8,53,47.0,3.0469322204589844,3.051344633102417,0.004412412643432617
6,8,54,164.0,2.354414463043213,2.352821111679077,-0.0015933513641357422
6,8,55,94.0,3.564063310623169,3.5600147247314453,-0.004048585891723633
6,8,56,103.0,3.668520927429199,3.677553653717041,0.009032726287841797
6,8,57,78.0,3.6771252155303955,3.671198606491089,-0.005926609039306641
6,8,58,239.0,3.4083893299102783,3.394704818725586,-0.013684511184692383
6,8,59,271.0,4.502346992492676,4.507980823516846,0.005633831024169922
6,8,60,162.0,3.0323004722595215,3.0375359058380127,0.005235433578491211
6,8,61,179.0,3.618516206741333,3.6307427883148193,0.012226581573486328
6,8,62,218.0,2.710827112197876,2.713392734527588,0.002565622329711914
6,8,63,81.0,3.249349355697632,3.2656307220458984,0.0162813663482666
6,8,64,93.0,3.696587085723877,3.841884136199951,0.14529705047607422
6,8,65,72.0,3.9958338737487793,4.010621547698975,0.014787673950195312
6,8,66,230.0,3.6442677974700928,3.6348156929016113,-0.009452104568481445
6,8,67,99.0,2.919395685195923,3.0127205848693848,0.09332489967346191
6,8,68,213.0,2.9106554985046387,2.90120267868042,-0.00945281982421875
6,8,69,119.0,2.7914681434631348,2.787870168685913,-0.0035979747772216797
6,8,70,161.0,3.1008999347686768,3.110234260559082,0.009334325790405273
6,8,71,90.0,4.010181903839111,4.013599395751953,0.003417491912841797
6,8,72,181.0,3.0067594051361084,3.01153564453125,0.0047762393951416016
6,8,73,95.0,4.08024787902832,4.078169345855713,-0.002078533172607422
6,8,74,245.0,2.442718744277954,2.440199613571167,-0.0025191307067871094
6,8,75,93.0,2.114382266998291,2.1231579780578613,0.008775711059570312
6,8,76,225.0,2.825653553009033,2.8247010707855225,-0.0009524822235107422
6,8,77,61.0,3.338794708251953,3.323091506958008,-0.015703201293945312
6,8,78,257.0,3.9624106884002686,3.98270845413208,0.020297765731811523
6,8,79,165.0,3.2207393646240234,3.241777181625366,0.021037817001342773
6,8,80,117.0,4.315102577209473,4.321519374847412,0.006416797637939453
6,8,81,89.0,3.6350255012512207,3.614581823348999,-0.02044367790222168
6,8,82,291.0,3.772111177444458,3.7836201190948486,0.011508941650390625
6,8,83,93.0,3.43058443069458,3.4519777297973633,0.021393299102783203
6,8,84,228.0,2.4015636444091797,2.4146358966827393,0.01307225227355957
6,8,85,131.0,2.8454298973083496,2.8335556983947754,-0.011874198913574219
6,8,86,191.0,4.341160774230957,4.365307331085205,0.024146556854248047
6,8,87,238.0,5.110036849975586,5.104133605957031,-0.0059032440185546875
6,8,88,210.0,3.3413021564483643,3.358802318572998,0.01750016212463379
6,8,89,107.0,4.339839935302734,4.3605852127075195,0.020745277404785156
6,8,90,217.0,3.0681116580963135,3.0602900981903076,-0.00782155990600586
6,8,91,199.0,3.2457942962646484,3.254697799682617,0.00890350341796875
6,8,92,84.0,2.6276965141296387,2.6493358612060547,0.021639347076416016
6,8,93,271.0,3.756063222885132,3.768864870071411,0.012801647186279297
6,8,94,226.0,3.251934289932251,3.2760770320892334,0.024142742156982422
6,8,95,258.0,3.875674247741699,3.8671562671661377,-0.008517980575561523
6,8,96,86.0,3.585750102996826,3.5910634994506836,0.005313396453857422
6,8,97,142.0,4.497574806213379,4.4900031089782715,-0.007571697235107422
6,8,98,42.0,3.347982168197632,3.339138984680176,-0.008843183517456055
6,8,99,224.0,2.679133892059326,2.6705570220947266,-0.00857686996459961
6,8,100,197.0,2.196375608444214,2.2050094604492188,0.008633852005004883
6,8,101,85.0,2.568619728088379,2.6010053157806396,0.03238558769226074
6,8,102,195.0,3.2174572944641113,3.2153267860412598,-0.0021305084228515625
6,8,103,102.0,3.6202828884124756,3.632493495941162,0.012210607528686523
6,8,104,181.0,3.483546018600464,3.4813005924224854,-0.0022454261779785156
6,8,105,72.0,2.1719796657562256,2.181708335876465,0.009728670120239258
6,8,106,130.0,4.735745906829834,4.724233627319336,-0.011512279510498047
6,8,107,62.0,2.6150100231170654,2.6275441646575928,0.012534141540527344
6,8,108,263.0,3.6819097995758057,3.688843250274658,0.006933450698852539
6,8,109,194.0,2.822662115097046,2.8226118087768555,-5.030632019042969e-05
6,8,110,174.0,2.753187417984009,2.755115270614624,0.0019278526306152344
6,8,111,235.0,4.053600788116455,4.153847694396973,0.10024690628051758
6,8,112,143.0,4.031272888183594,4.036829948425293,0.005557060241699219
6,8,113,117.0,4.415828704833984,4.457619667053223,0.04179096221923828
6,8,114,160.0,3.988440990447998,4.01822566986084,0.029784679412841797
6,8,115,115.0,3.474060297012329,3.475051164627075,0.0009908676147460938
6,8,116,120.0,3.551665782928467,3.5492141246795654,-0.002451658248901367
6,8,117,186.0,3.7136735916137695,3.7149109840393066,0.0012373924255371094
6,8,118,138.0,3.1632800102233887,3.152662754058838,-0.010617256164550781
6,8,119,80.0,2.3273348808288574,2.3329811096191406,0.005646228790283203
6,8,120,164.0,2.849583864212036,2.8565001487731934,0.0069162845611572266
6,8,121,215.0,3.761408567428589,3.7622392177581787,0.0008306503295898438
6,8,122,81.0,3.2764456272125244,3.2921435832977295,0.015697956085205078
6,8,123,171.0,3.1637179851531982,3.197511911392212,0.03379392623901367
6,8,124,41.0,5.6693196296691895,5.688441753387451,0.01912212371826172
6,8,125,103.0,3.8813576698303223,3.8870859146118164,0.005728244781494141
6,8,126,145.0,3.006119966506958,3.011425495147705,0.00530552864074707
6,8,127,102.0,2.92803955078125,2.9591424465179443,0.031102895736694336
6,9,0,196.0,3.6189582347869873,3.6309726238250732,0.012014389038085938
6,9,1,127.0,3.22214412689209,3.203587293624878,-0.018556833267211914
6,9,2,162.0,2.2713801860809326,2.2722043991088867,0.0008242130279541016
6,9,3,92.0,4.133184909820557,4.149880409240723,0.016695499420166016
6,9,4,194.0,3.299353837966919,3.2977805137634277,-0.001573324203491211
6,9,5,115.0,2.8214778900146484,2.8187758922576904,-0.002701997756958008
6,9,6,109.0,4.325214862823486,4.337977409362793,0.01276254653930664
6,9,7,48.0,3.449648857116699,3.475918769836426,0.026269912719726562
6,9,8,69.0,3.7256877422332764,3.8205814361572266,0.0948936939239502
6,9,9,85.0,3.190195322036743,3.2011663913726807,0.0109710693359375
6,9,10,238.0,2.782064914703369,2.779892683029175,-0.002172231674194336
6,9,11,233.0,2.6044344902038574,2.6128690242767334,0.008434534072875977
6,9,12,208.0,3.147305488586426,3.1523373126983643,0.0050318241119384766
6,9,13,196.0,2.917774200439453,2.9087820053100586,-0.008992195129394531
6,9,14,131.0,3.2567384243011475,3.2573137283325195,0.0005753040313720703
6,9,15,125.0,2.790242910385132,2.7910947799682617,0.0008518695831298828
6,9,16,61.0,4.113956451416016,4.122103691101074,0.008147239685058594
6,9,17,164.0,2.230290412902832,2.2345480918884277,0.004257678985595703
6,9,18,107.0,3.345957040786743,3.367016315460205,0.021059274673461914
6,9,19,48.0,3.959183692932129,3.901118040084839,-0.05806565284729004
6,9,20,74.0,2.182640314102173,2.19201922416687,0.009378910064697266
6,9,21,103.0,2.7647080421447754,2.7845826148986816,0.01987457275390625
6,9,22,114.0,3.4331488609313965,3.4469096660614014,0.013760805130004883
6,9,23,50.0,5.562728404998779,5.596865177154541,0.03413677215576172
6,9,24,281.0,2.4593505859375,2.455172061920166,-0.004178524017333984
6,9,25,247.0,2.162877321243286,2.1743390560150146,0.011461734771728516
6,9,26,173.0,3.780362606048584,3.806391477584839,0.026028871536254883
6,9,27,166.0,3.268761396408081,3.282554864883423,0.013793468475341797
6,9,28,98.0,2.8850836753845215,2.9165852069854736,0.03150153160095215
6,9,29,174.0,3.2879021167755127,3.280714988708496,-0.0071871280670166016
6,9,30,173.0,3.087313413619995,3.12916898727417,0.041855573654174805
6,9,31,215.0,3.7688708305358887,3.75799822807312,-0.010872602462768555
6,9,32,186.0,2.7773280143737793,2.8207948207855225,0.043466806411743164
6,9,33,153.0,2.610452890396118,2.586521863937378,-0.023931026458740234
6,9,34,147.0,3.096090793609619,3.0982563495635986,0.002165555953979492
6,9,35,50.0,4.262930870056152,4.280358791351318,0.017427921295166016
6,9,36,86.0,2.5445685386657715,2.568059206008911,0.02349066734313965
6,9,37,154.0,4.032649040222168,4.070731163024902,0.038082122802734375
6,9,38,265.0,2.685051679611206,2.6793391704559326,-0.0057125091552734375
6,9,39,199.0,3.442211389541626,3.440812349319458,-0.0013990402221679688
6,9,40,138.0,3.036294937133789,3.0620391368865967,0.025744199752807617
6,9,41,98.0,3.56339955329895,3.565892219543457,0.002492666244506836
6,9,42,167.0,2.791276693344116,2.80370831489563,0.012431621551513672
6,9,43,288.0,3.996307849884033,4.000436782836914,0.004128932952880859
6,9,44,225.0,2.764963150024414,2.767158269882202,0.002195119857788086
6,9,45,191.0,3.2674989700317383,3.2734375,0.005938529968261719
6,9,46,92.0,4.787234783172607,4.777680397033691,-0.009554386138916016
6,9,47,41.0,5.17321252822876,5.179683208465576,0.006470680236816406
6,9,48,231.0,3.050201892852783,3.0649218559265137,0.014719963073730469
6,9,49,101.0,2.2807674407958984,2.277810573577881,-0.002956867218017578
6,9,50,177.0,3.28656005859375,3.284045457839966,-0.0025146007537841797
6,9,51,252.0,3.729534387588501,3.7188880443573,-0.010646343231201172
6,9,52,259.0,3.0285918712615967,3.034193277359009,0.005601406097412109
6,9,53,47.0,3.0469322204589844,3.0362749099731445,-0.010657310485839844
6,9,54,164.0,2.354414463043213,2.3547792434692383,0.0003647804260253906
6,9,55,94.0,3.564063310623169,3.547459363937378,-0.016603946685791016
6,9,56,103.0,3.668520927429199,3.6948609352111816,0.026340007781982422
6,9,57,78.0,3.6771252155303955,3.669180154800415,-0.007945060729980469
6,9,58,239.0,3.4083893299102783,3.4096415042877197,0.0012521743774414062
6,9,59,271.0,4.502346992492676,4.500758171081543,-0.0015888214111328125
6,9,60,162.0,3.0323004722595215,3.0503225326538086,0.01802206039428711
6,9,61,179.0,3.618516206741333,3.6197216510772705,0.0012054443359375
6,9,62,218.0,2.710827112197876,2.7101922035217285,-0.0006349086761474609
6,9,63,81.0,3.249349355697632,3.2678182125091553,0.018468856811523438
6,9,64,93.0,3.696587085723877,3.745603561401367,0.049016475677490234
6,9,65,72.0,3.9958338737487793,4.002037525177002,0.006203651428222656
6,9,66,230.0,3.6442677974700928,3.6470603942871094,0.0027925968170166016
6,9,67,99.0,2.919395685195923,2.955631732940674,0.03623604774475098
6,9,68,213.0,2.9106554985046387,2.9013078212738037,-0.009347677230834961
6,9,69,119.0,2.7914681434631348,2.7860169410705566,-0.005451202392578125
6,9,70,161.0,3.1008999347686768,3.1094963550567627,0.008596420288085938
6,9,71,90.0,4.010181903839111,4.035860061645508,0.025678157806396484
6,9,72,181.0,3.0067594051361084,3.0078182220458984,0.001058816909790039
6,9,73,95.0,4.08024787902832,4.06121826171875,-0.019029617309570312
6,9,74,245.0,2.442718744277954,2.4529714584350586,0.010252714157104492
6,9,75,93.0,2.114382266998291,2.1177890300750732,0.0034067630767822266
6,9,76,225.0,2.825653553009033,2.823585033416748,-0.0020685195922851562
6,9,77,61.0,3.338794708251953,3.3433027267456055,0.004508018493652344
6,9,78,257.0,3.9624106884002686,3.995457649230957,0.03304696083068848
6,9,79,165.0,3.2207393646240234,3.219207286834717,-0.0015320777893066406
6,9,80,117.0,4.315102577209473,4.331140518188477,0.016037940979003906
6,9,81,89.0,3.6350255012512207,3.6381313800811768,0.0031058788299560547
6,9,82,291.0,3.772111177444458,3.774778127670288,0.002666950225830078
6,9,83,93.0,3.43058443069458,3.4649524688720703,0.034368038177490234
6,9,84,228.0,2.4015636444091797,2.425880193710327,0.02431654930114746
6,9,85,131.0,2.8454298973083496,2.8272292613983154,-0.01820063591003418
6,9,86,191.0,4.341160774230957,4.370403289794922,0.029242515563964844
6,9,87,238.0,5.110036849975586,5.1030120849609375,-0.0070247650146484375
6,9,88,210.0,3.3413021564483643,3.3637266159057617,0.02242445945739746
6,9,89,107.0,4.339839935302734,4.360458850860596,0.020618915557861328
6,9,90,217.0,3.0681116580963135,3.0705482959747314,0.0024366378784179688
6,9,91,199.0,3.2457942962646484,3.234496831893921,-0.011297464370727539
6,9,92,84.0,2.6276965141296387,2.6857848167419434,0.05808830261230469
6,9,93,271.0,3.756063222885132,3.751894235610962,-0.004168987274169922
6,9,94,226.0,3.251934289932251,3.2760307788848877,0.02409648895263672
6,9,95,258.0,3.875674247741699,3.864168405532837,-0.011505842208862305
6,9,96,86.0,3.585750102996826,3.576080322265625,-0.009669780731201172
6,9,97,142.0,4.497574806213379,4.498295307159424,0.0007205009460449219
6,9,98,42.0,3.347982168197632,3.486361265182495,0.13837909698486328
6,9,99,224.0,2.679133892059326,2.6577353477478027,-0.021398544311523438
6,9,100,197.0,2.196375608444214,2.199017286300659,0.0026416778564453125
6,9,101,85.0,2.568619728088379,2.6092982292175293,0.04067850112915039
6,9,102,195.0,3.2174572944641113,3.2265994548797607,0.009142160415649414
6,9,103,102.0,3.6202828884124756,3.6310203075408936,0.010737419128417969
6,9,104,181.0,3.483546018600464,3.4752891063690186,-0.008256912231445312
6,9,105,72.0,2.1719796657562256,2.1915159225463867,0.019536256790161133
6,9,106,130.0,4.735745906829834,4.730978488922119,-0.004767417907714844
6,9,107,62.0,2.6150100231170654,2.6185238361358643,0.003513813018798828
6,9,108,263.0,3.6819097995758057,3.667891263961792,-0.014018535614013672
6,9,109,194.0,2.822662115097046,2.812323808670044,-0.010338306427001953
6,9,110,174.0,2.753187417984009,2.767383098602295,0.014195680618286133
6,9,111,235.0,4.053600788116455,4.239717483520508,0.18611669540405273
6,9,112,143.0,4.031272888183594,4.029484748840332,-0.0017881393432617188
6,9,113,117.0,4.415828704833984,4.510147571563721,0.09431886672973633
6,9,114,160.0,3.988440990447998,4.0273566246032715,0.03891563415527344
6,9,115,115.0,3.474060297012329,3.489867925643921,0.015807628631591797
6,9,116,120.0,3.551665782928467,3.5425984859466553,-0.009067296981811523
6,9,117,186.0,3.7136735916137695,3.7102956771850586,-0.0033779144287109375
6,9,118,138.0,3.1632800102233887,3.156463623046875,-0.006816387176513672
6,9,119,80.0,2.3273348808288574,2.3800852298736572,0.052750349044799805
6,9,120,164.0,2.849583864212036,2.8633370399475098,0.013753175735473633
6,9,121,215.0,3.761408567428589,3.7514405250549316,-0.009968042373657227
6,9,122,81.0,3.2764456272125244,3.2858288288116455,0.009383201599121094
6,9,123,171.0,3.1637179851531982,3.203338384628296,0.039620399475097656
6,9,124,41.0,5.6693196296691895,5.743434429168701,0.07411479949951172
6,9,125,103.0,3.8813576698303223,3.8988423347473145,0.017484664916992188
6,9,126,145.0,3.006119966506958,3.021186113357544,0.015066146850585938
6,9,127,102.0,2.92803955078125,2.9639341831207275,0.03589463233947754
6,10,0,196.0,3.6189582347869873,3.6433870792388916,0.024428844451904297
6,10,1,127.0,3.22214412689209,3.2077693939208984,-0.014374732971191406
6,10,2,162.0,2.2713801860809326,2.2691266536712646,-0.0022535324096679688
6,10,3,92.0,4.133184909820557,4.160114288330078,0.026929378509521484
6,10,4,194.0,3.299353837966919,3.297727584838867,-0.0016262531280517578
6,10,5,115.0,2.8214778900146484,2.8230140209198,0.0015361309051513672
6,10,6,109.0,4.325214862823486,4.302385330200195,-0.022829532623291016
6,10,7,48.0,3.449648857116699,3.4613685607910156,0.011719703674316406
6,10,8,69.0,3.7256877422332764,3.804381847381592,0.07869410514831543
6,10,9,85.0,3.190195322036743,3.178421974182129,-0.011773347854614258
6,10,10,238.0,2.782064914703369,2.7813761234283447,-0.0006887912750244141
6,10,11,233.0,2.6044344902038574,2.6127264499664307,0.008291959762573242
6,10,12,208.0,3.147305488586426,3.1547205448150635,0.007415056228637695
6,10,13,196.0,2.917774200439453,2.910999298095703,-0.00677490234375
6,10,14,131.0,3.2567384243011475,3.2669975757598877,0.010259151458740234
6,10,15,125.0,2.790242910385132,2.7791287899017334,-0.011114120483398438
6,10,16,61.0,4.113956451416016,4.116668224334717,0.002711772918701172
6,10,17,164.0,2.230290412902832,2.229647397994995,-0.0006430149078369141
6,10,18,107.0,3.345957040786743,3.350459098815918,0.004502058029174805
6,10,19,48.0,3.959183692932129,3.9300899505615234,-0.02909374237060547
6,10,20,74.0,2.182640314102173,2.1857006549835205,0.0030603408813476562
6,10,21,103.0,2.7647080421447754,2.7303922176361084,-0.03431582450866699
6,10,22,114.0,3.4331488609313965,3.453232526779175,0.02008366584777832
6,10,23,50.0,5.562728404998779,5.566976547241211,0.004248142242431641
6,10,24,281.0,2.4593505859375,2.4569251537323,-0.0024254322052001953
6,10,25,247.0,2.162877321243286,2.1671345233917236,0.0042572021484375
6,10,26,173.0,3.780362606048584,3.809462785720825,0.02910017967224121
6,10,27,166.0,3.268761396408081,3.2915053367614746,0.022743940353393555
6,10,28,98.0,2.8850836753845215,2.9053826332092285,0.02029895782470703
6,10,29,174.0,3.2879021167755127,3.2690818309783936,-0.01882028579711914
6,10,30,173.0,3.087313413619995,3.1101510524749756,0.02283763885498047
6,10,31,215.0,3.7688708305358887,3.754875421524048,-0.01399540901184082
6,10,32,186.0,2.7773280143737793,2.7998385429382324,0.022510528564453125
6,10,33,153.0,2.610452890396118,2.5918798446655273,-0.01857304573059082
6,10,34,147.0,3.096090793609619,3.0851566791534424,-0.010934114456176758
6,10,35,50.0,4.262930870056152,4.276625156402588,0.013694286346435547
6,10,36,86.0,2.5445685386657715,2.5685858726501465,0.024017333984375
6,10,37,154.0,4.032649040222168,4.087174415588379,0.05452537536621094
6,10,38,265.0,2.685051679611206,2.6767420768737793,-0.008309602737426758
6,10,39,199.0,3.442211389541626,3.4455983638763428,0.003386974334716797
6,10,40,138.0,3.036294937133789,3.064232349395752,0.02793741226196289
6,10,41,98.0,3.56339955329895,3.5672495365142822,0.0038499832153320312
6,10,42,167.0,2.791276693344116,2.793886661529541,0.0026099681854248047
6,10,43,288.0,3.996307849884033,3.9942164421081543,-0.0020914077758789062
6,10,44,225.0,2.764963150024414,2.7856884002685547,0.020725250244140625
6,10,45,191.0,3.2674989700317383,3.270299196243286,0.0028002262115478516
6,10,46,92.0,4.787234783172607,4.802920341491699,0.015685558319091797
6,10,47,41.0,5.17321252822876,5.160865783691406,-0.012346744537353516
6,10,48,231.0,3.050201892852783,3.0619473457336426,0.011745452880859375
6,10,49,101.0,2.2807674407958984,2.2853431701660156,0.0045757293701171875
6,10,50,177.0,3.28656005859375,3.2914793491363525,0.004919290542602539
6,10,51,252.0,3.729534387588501,3.727565288543701,-0.0019690990447998047
6,10,52,259.0,3.0285918712615967,3.028956651687622,0.0003647804260253906
6,10,53,47.0,3.0469322204589844,3.045738697052002,-0.0011935234069824219
6,10,54,164.0,2.354414463043213,2.3536386489868164,-0.0007758140563964844
6,10,55,94.0,3.564063310623169,3.561476707458496,-0.0025866031646728516
6,10,56,103.0,3.668520927429199,3.668287515640259,-0.0002334117889404297
6,10,57,78.0,3.6771252155303955,3.6735100746154785,-0.003615140914916992
6,10,58,239.0,3.4083893299102783,3.419255256652832,0.010865926742553711
6,10,59,271.0,4.502346992492676,4.506165504455566,0.003818511962890625
6,10,60,162.0,3.0323004722595215,3.0435073375701904,0.011206865310668945
6,10,61,179.0,3.618516206741333,3.6111111640930176,-0.00740504264831543
6,10,62,218.0,2.710827112197876,2.709498405456543,-0.0013287067413330078
6,10,63,81.0,3.249349355697632,3.2377052307128906,-0.011644124984741211
6,10,64,93.0,3.696587085723877,3.6820297241210938,-0.014557361602783203
6,10,65,72.0,3.9958338737487793,3.9719133377075195,-0.023920536041259766
6,10,66,230.0,3.6442677974700928,3.6369788646698,-0.007288932800292969
6,10,67,99.0,2.919395685195923,2.8910536766052246,-0.028342008590698242
6,10,68,213.0,2.9106554985046387,2.9006943702697754,-0.009961128234863281
6,10,69,119.0,2.7914681434631348,2.786998987197876,-0.004469156265258789
6,10,70,161.0,3.1008999347686768,3.1023573875427246,0.0014574527740478516
6,10,71,90.0,4.010181903839111,4.0100417137146,-0.00014019012451171875
6,10,72,181.0,3.0067594051361084,3.0088601112365723,0.002100706100463867
6,10,73,95.0,4.08024787902832,4.084735870361328,0.0044879913330078125
6,10,74,245.0,2.442718744277954,2.4380476474761963,-0.0046710968017578125
6,10,75,93.0,2.114382266998291,2.1204545497894287,0.006072282791137695
6,10,76,225.0,2.825653553009033,2.8328428268432617,0.007189273834228516
6,10,77,61.0,3.338794708251953,3.356398344039917,0.017603635787963867
6,10,78,257.0,3.9624106884002686,4.003062725067139,0.04065203666687012
6,10,79,165.0,3.2207393646240234,3.223390579223633,0.002651214599609375
6,10,80,117.0,4.315102577209473,4.314610958099365,-0.0004916191101074219
6,10,81,89.0,3.6350255012512207,3.637012243270874,0.0019867420196533203
6,10,82,291.0,3.772111177444458,3.7853097915649414,0.013198614120483398
6,10,83,93.0,3.43058443069458,3.4777255058288574,0.047141075134277344
6,10,84,228.0,2.4015636444091797,2.424792528152466,0.023228883743286133
6,10,85,131.0,2.8454298973083496,2.835721254348755,-0.009708642959594727
6,10,86,191.0,4.341160774230957,4.374755859375,0.03359508514404297
6,10,87,238.0,5.110036849975586,5.098560810089111,-0.01147603988647461
6,10,88,210.0,3.3413021564483643,3.3673834800720215,0.026081323623657227
6,10,89,107.0,4.339839935302734,4.371838569641113,0.031998634338378906
6,10,90,217.0,3.0681116580963135,3.062716245651245,-0.005395412445068359
6,10,91,199.0,3.2457942962646484,3.2468044757843018,0.0010101795196533203
6,10,92,84.0,2.6276965141296387,2.6933348178863525,0.06563830375671387
6,10,93,271.0,3.756063222885132,3.756512403488159,0.00044918060302734375
6,10,94,226.0,3.251934289932251,3.255368947982788,0.0034346580505371094
6,10,95,258.0,3.875674247741699,3.8726184368133545,-0.0030558109283447266
6,10,96,86.0,3.585750102996826,3.5902209281921387,0.0044708251953125
6,10,97,142.0,4.497574806213379,4.482652187347412,-0.014922618865966797
6,10,98,42.0,3.347982168197632,3.414832592010498,0.06685042381286621
6,10,99,224.0,2.679133892059326,2.6714253425598145,-0.007708549499511719
6,10,100,197.0,2.196375608444214,2.196669101715088,0.00029349327087402344
6,10,101,85.0,2.568619728088379,2.6329755783081055,0.06435585021972656
6,10,102,195.0,3.2174572944641113,3.2171568870544434,-0.00030040740966796875
6,10,103,102.0,3.6202828884124756,3.6254680156707764,0.005185127258300781
6,10,104,181.0,3.483546018600464,3.468313217163086,-0.01523280143737793
6,10,105,72.0,2.1719796657562256,2.1811604499816895,0.009180784225463867
6,10,106,130.0,4.735745906829834,4.732064247131348,-0.003681659698486328
6,10,107,62.0,2.6150100231170654,2.603240966796875,-0.01176905632019043
6,10,108,263.0,3.6819097995758057,3.6746060848236084,-0.007303714752197266
6,10,109,194.0,2.822662115097046,2.8267626762390137,0.0041005611419677734
6,10,110,174.0,2.753187417984009,2.7680840492248535,0.014896631240844727
6,10,111,235.0,4.053600788116455,4.208230972290039,0.15463018417358398
6,10,112,143.0,4.031272888183594,4.050774574279785,0.019501686096191406
6,10,113,117.0,4.415828704833984,4.435672283172607,0.019843578338623047
6,10,114,160.0,3.988440990447998,4.034060478210449,0.04561948776245117
6,10,115,115.0,3.474060297012329,3.4855542182922363,0.011493921279907227
6,10,116,120.0,3.551665782928467,3.5557010173797607,0.004035234451293945
6,10,117,186.0,3.7136735916137695,3.7098639011383057,-0.003809690475463867
6,10,118,138.0,3.1632800102233887,3.1488733291625977,-0.014406681060791016
6,10,119,80.0,2.3273348808288574,2.3612489700317383,0.03391408920288086
6,10,120,164.0,2.849583864212036,2.867992401123047,0.018408536911010742
6,10,121,215.0,3.761408567428589,3.770442008972168,0.009033441543579102
6,10,122,81.0,3.2764456272125244,3.2845444679260254,0.008098840713500977
6,10,123,171.0,3.1637179851531982,3.206125020980835,0.04240703582763672
6,10,124,41.0,5.6693196296691895,5.830154895782471,0.16083526611328125
6,10,125,103.0,3.8813576698303223,3.895139217376709,0.013781547546386719
6,10,126,145.0,3.006119966506958,3.011399745941162,0.0052797794342041016
6,10,127,102.0,2.92803955078125,2.9763877391815186,0.048348188400268555
6,11,0,196.0,3.6189582347869873,3.612323045730591,-0.006635189056396484
6,11,1,127.0,3.22214412689209,3.215867280960083,-0.006276845932006836
6,11,2,162.0,2.2713801860809326,2.26657772064209,-0.0048024654388427734
6,11,3,92.0,4.133184909820557,4.134167671203613,0.0009827613830566406
6,11,4,194.0,3.299353837966919,3.3005244731903076,0.0011706352233886719
6,11,5,115.0,2.8214778900146484,2.8185245990753174,-0.0029532909393310547
6,11,6,109.0,4.325214862823486,4.322166919708252,-0.003047943115234375
6,11,7,48.0,3.449648857116699,3.4589691162109375,0.009320259094238281
6,11,8,69.0,3.7256877422332764,3.7357404232025146,0.010052680969238281
6,11,9,85.0,3.190195322036743,3.2020790576934814,0.011883735656738281
6,11,10,238.0,2.782064914703369,2.7836966514587402,0.0016317367553710938
6,11,11,233.0,2.6044344902038574,2.6030354499816895,-0.0013990402221679688
6,11,12,208.0,3.147305488586426,3.145820140838623,-0.0014853477478027344
6,11,13,196.0,2.917774200439453,2.91267991065979,-0.005094289779663086
6,11,14,131.0,3.2567384243011475,3.2629194259643555,0.006181001663208008
6,11,15,125.0,2.790242910385132,2.7864925861358643,-0.003750324249267578
6,11,16,61.0,4.113956451416016,4.110602378845215,-0.0033540725708007812
6,11,17,164.0,2.230290412902832,2.2315914630889893,0.0013010501861572266
6,11,18,107.0,3.345957040786743,3.342932939529419,-0.0030241012573242188
6,11,19,48.0,3.959183692932129,3.952009439468384,-0.007174253463745117
6,11,20,74.0,2.182640314102173,2.1585445404052734,-0.024095773696899414
6,11,21,103.0,2.7647080421447754,2.753941774368286,-0.010766267776489258
6,11,22,114.0,3.4331488609313965,3.4389777183532715,0.005828857421875
6,11,23,50.0,5.562728404998779,5.5718607902526855,0.00913238525390625
6,11,24,281.0,2.4593505859375,2.4560749530792236,-0.003275632858276367
6,11,25,247.0,2.162877321243286,2.1686911582946777,0.0058138370513916016
6,11,26,173.0,3.780362606048584,3.7803807258605957,1.811981201171875e-05
6,11,27,166.0,3.268761396408081,3.2728772163391113,0.0041158199310302734
6,11,28,98.0,2.8850836753845215,2.875168800354004,-0.009914875030517578
6,11,29,174.0,3.2879021167755127,3.2855186462402344,-0.0023834705352783203
6,11,30,173.0,3.087313413619995,3.092536449432373,0.00522303581237793
6,11,31,215.0,3.7688708305358887,3.764312267303467,-0.004558563232421875
6,11,32,186.0,2.7773280143737793,2.7680089473724365,-0.009319067001342773
6,11,33,153.0,2.610452890396118,2.6028542518615723,-0.0075986385345458984
6,11,34,147.0,3.096090793609619,3.1022157669067383,0.006124973297119141
6,11,35,50.0,4.262930870056152,4.264194488525391,0.0012636184692382812
6,11,36,86.0,2.5445685386657715,2.554697275161743,0.01012873649597168
6,11,37,154.0,4.032649040222168,4.0257158279418945,-0.0069332122802734375
6,11,38,265.0,2.685051679611206,2.6861519813537598,0.001100301742553711
6,11,39,199.0,3.442211389541626,3.440229654312134,-0.0019817352294921875
6,11,40,138.0,3.036294937133789,3.0463547706604004,0.010059833526611328
6,11,41,98.0,3.56339955329895,3.5716285705566406,0.00822901725769043
6,11,42,167.0,2.791276693344116,2.795621633529663,0.004344940185546875
6,11,43,288.0,3.996307849884033,3.9974584579467773,0.0011506080627441406
6,11,44,225.0,2.764963150024414,2.7659358978271484,0.000972747802734375
6,11,45,191.0,3.2674989700317383,3.269331216812134,0.0018322467803955078
6,11,46,92.0,4.787234783172607,4.782359600067139,-0.00487518310546875
6,11,47,41.0,5.17321252822876,5.177936553955078,0.004724025726318359
6,11,48,231.0,3.050201892852783,3.0454909801483154,-0.0047109127044677734
6,11,49,101.0,2.2807674407958984,2.289918899536133,0.009151458740234375
6,11,50,177.0,3.28656005859375,3.293911933898926,0.007351875305175781
6,11,51,252.0,3.729534387588501,3.7315635681152344,0.0020291805267333984
6,11,52,259.0,3.0285918712615967,3.029024839401245,0.0004329681396484375
6,11,53,47.0,3.0469322204589844,3.050922155380249,0.0039899349212646484
6,11,54,164.0,2.354414463043213,2.35945725440979,0.0050427913665771484
6,11,55,94.0,3.564063310623169,3.5595715045928955,-0.0044918060302734375
6,11,56,103.0,3.668520927429199,3.672106981277466,0.0035860538482666016
6,11,57,78.0,3.6771252155303955,3.673621892929077,-0.0035033226013183594
6,11,58,239.0,3.4083893299102783,3.4021708965301514,-0.006218433380126953
6,11,59,271.0,4.502346992492676,4.510317325592041,0.007970333099365234
6,11,60,162.0,3.0323004722595215,3.025376319885254,-0.006924152374267578
6,11,61,179.0,3.618516206741333,3.6242032051086426,0.00568699836730957
6,11,62,218.0,2.710827112197876,2.7081007957458496,-0.002726316452026367
6,11,63,81.0,3.249349355697632,3.237001657485962,-0.012347698211669922
6,11,64,93.0,3.696587085723877,3.7132227420806885,0.016635656356811523
6,11,65,72.0,3.9958338737487793,3.990142822265625,-0.005691051483154297
6,11,66,230.0,3.6442677974700928,3.6312453746795654,-0.013022422790527344
6,11,67,99.0,2.919395685195923,2.923499584197998,0.004103899002075195
6,11,68,213.0,2.9106554985046387,2.903555393218994,-0.007100105285644531
6,11,69,119.0,2.7914681434631348,2.792901039123535,0.0014328956604003906
6,11,70,161.0,3.1008999347686768,3.092581033706665,-0.008318901062011719
6,11,71,90.0,4.010181903839111,4.021395683288574,0.01121377944946289
6,11,72,181.0,3.0067594051361084,3.0107691287994385,0.004009723663330078
6,11,73,95.0,4.08024787902832,4.074536323547363,-0.005711555480957031
6,11,74,245.0,2.442718744277954,2.4377148151397705,-0.005003929138183594
6,11,75,93.0,2.114382266998291,2.118222236633301,0.0038399696350097656
6,11,76,225.0,2.825653553009033,2.8235409259796143,-0.0021126270294189453
6,11,77,61.0,3.338794708251953,3.344675064086914,0.0058803558349609375
6,11,78,257.0,3.9624106884002686,3.973872661590576,0.011461973190307617
6,11,79,165.0,3.2207393646240234,3.229875326156616,0.009135961532592773
6,11,80,117.0,4.315102577209473,4.314447402954102,-0.0006551742553710938
6,11,81,89.0,3.6350255012512207,3.6272363662719727,-0.007789134979248047
6,11,82,291.0,3.772111177444458,3.779559373855591,0.0074481964111328125
6,11,83,93.0,3.43058443069458,3.4471144676208496,0.01653003692626953
6,11,84,228.0,2.4015636444091797,2.4111344814300537,0.009570837020874023
6,11,85,131.0,2.8454298973083496,2.850534677505493,0.005104780197143555
6,11,86,191.0,4.341160774230957,4.343748569488525,0.0025877952575683594
6,11,87,238.0,5.110036849975586,5.111386775970459,0.0013499259948730469
6,11,88,210.0,3.3413021564483643,3.3648252487182617,0.02352309226989746
6,11,89,107.0,4.339839935302734,4.359967231750488,0.020127296447753906
6,11,90,217.0,3.0681116580963135,3.062743663787842,-0.00536799430847168
6,11,91,199.0,3.2457942962646484,3.251037359237671,0.005243062973022461
6,11,92,84.0,2.6276965141296387,2.643648147583008,0.01595163345336914
6,11,93,271.0,3.756063222885132,3.7552545070648193,-0.0008087158203125
6,11,94,226.0,3.251934289932251,3.2538235187530518,0.0018892288208007812
6,11,95,258.0,3.875674247741699,3.8861873149871826,0.010513067245483398
6,11,96,86.0,3.585750102996826,3.5973241329193115,0.011574029922485352
6,11,97,142.0,4.497574806213379,4.496915340423584,-0.0006594657897949219
6,11,98,42.0,3.347982168197632,3.3120906352996826,-0.03589153289794922
6,11,99,224.0,2.679133892059326,2.678274393081665,-0.0008594989776611328
6,11,100,197.0,2.196375608444214,2.1890714168548584,-0.007304191589355469
6,11,101,85.0,2.568619728088379,2.591930389404297,0.02331066131591797
6,11,102,195.0,3.2174572944641113,3.22265362739563,0.005196332931518555
6,11,103,102.0,3.6202828884124756,3.6281120777130127,0.00782918930053711
6,11,104,181.0,3.483546018600464,3.484302043914795,0.0007560253143310547
6,11,105,72.0,2.1719796657562256,2.174318552017212,0.002338886260986328
6,11,106,130.0,4.735745906829834,4.730955123901367,-0.004790782928466797
6,11,107,62.0,2.6150100231170654,2.6089305877685547,-0.006079435348510742
6,11,108,263.0,3.6819097995758057,3.6863934993743896,0.004483699798583984
6,11,109,194.0,2.822662115097046,2.8227314949035645,6.937980651855469e-05
6,11,110,174.0,2.753187417984009,2.7551252841949463,0.0019378662109375
6,11,111,235.0,4.053600788116455,4.046303749084473,-0.007297039031982422
6,11,112,143.0,4.031272888183594,4.034258842468262,0.0029859542846679688
6,11,113,117.0,4.415828704833984,4.417378902435303,0.0015501976013183594
6,11,114,160.0,3.988440990447998,4.001297950744629,0.01285696029663086
6,11,115,115.0,3.474060297012329,3.489250659942627,0.015190362930297852
6,11,116,120.0,3.551665782928467,3.5604465007781982,0.008780717849731445
6,11,117,186.0,3.7136735916137695,3.7186505794525146,0.004976987838745117
6,11,118,138.0,3.1632800102233887,3.1623332500457764,-0.0009467601776123047
6,11,119,80.0,2.3273348808288574,2.3283603191375732,0.0010254383087158203
6,11,120,164.0,2.849583864212036,2.8499040603637695,0.00032019615173339844
6,11,121,215.0,3.761408567428589,3.7788631916046143,0.01745462417602539
6,11,122,81.0,3.2764456272125244,3.2892262935638428,0.01278066635131836
6,11,123,171.0,3.1637179851531982,3.1693098545074463,0.005591869354248047
6,11,124,41.0,5.6693196296691895,5.715006351470947,0.04568672180175781
6,11,125,103.0,3.8813576698303223,3.884249448776245,0.0028917789459228516
6,11,126,145.0,3.006119966506958,3.002678394317627,-0.0034415721893310547
6,11,127,102.0,2.92803955078125,2.9657113552093506,0.037671804428100586
6,12,0,196.0,3.6189582347869873,3.6135385036468506,-0.005419731140136719
6,12,1,127.0,3.22214412689209,3.220966100692749,-0.0011780261993408203
6,12,2,162.0,2.2713801860809326,2.2655868530273438,-0.005793333053588867
6,12,3,92.0,4.133184909820557,4.115136623382568,-0.01804828643798828
6,12,4,194.0,3.299353837966919,3.300830841064453,0.0014770030975341797
6,12,5,115.0,2.8214778900146484,2.81280255317688,-0.008675336837768555
6,12,6,109.0,4.325214862823486,4.329603672027588,0.0043888092041015625
6,12,7,48.0,3.449648857116699,3.4395034313201904,-0.010145425796508789
6,12,8,69.0,3.7256877422332764,3.720872402191162,-0.004815340042114258
6,12,9,85.0,3.190195322036743,3.2013471126556396,0.011151790618896484
6,12,10,238.0,2.782064914703369,2.7876853942871094,0.005620479583740234
6,12,11,233.0,2.6044344902038574,2.6049468517303467,0.0005123615264892578
6,12,12,208.0,3.147305488586426,3.144157648086548,-0.0031478404998779297
6,12,13,196.0,2.917774200439453,2.9206936359405518,0.002919435501098633
6,12,14,131.0,3.2567384243011475,3.26655912399292,0.009820699691772461
6,12,15,125.0,2.790242910385132,2.7878530025482178,-0.0023899078369140625
6,12,16,61.0,4.113956451416016,4.113008499145508,-0.0009479522705078125
6,12,17,164.0,2.230290412902832,2.2270846366882324,-0.0032057762145996094
6,12,18,107.0,3.345957040786743,3.3475444316864014,0.0015873908996582031
6,12,19,48.0,3.959183692932129,3.9800379276275635,0.02085423469543457
6,12,20,74.0,2.182640314102173,2.179053544998169,-0.0035867691040039062
6,12,21,103.0,2.7647080421447754,2.7557713985443115,-0.008936643600463867
6,12,22,114.0,3.4331488609313965,3.4446218013763428,0.011472940444946289
6,12,23,50.0,5.562728404998779,5.564123630523682,0.0013952255249023438
6,12,24,281.0,2.4593505859375,2.4583582878112793,-0.0009922981262207031
6,12,25,247.0,2.162877321243286,2.1651625633239746,0.0022852420806884766
6,12,26,173.0,3.780362606048584,3.7852182388305664,0.004855632781982422
6,12,27,166.0,3.268761396408081,3.2718608379364014,0.0030994415283203125
6,12,28,98.0,2.8850836753845215,2.889345645904541,0.004261970520019531
6,12,29,174.0,3.2879021167755127,3.285893678665161,-0.0020084381103515625
6,12,30,173.0,3.087313413619995,3.0788075923919678,-0.008505821228027344
6,12,31,215.0,3.7688708305358887,3.759032726287842,-0.009838104248046875
6,12,32,186.0,2.7773280143737793,2.7744548320770264,-0.0028731822967529297
6,12,33,153.0,2.610452890396118,2.5994796752929688,-0.010973215103149414
6,12,34,147.0,3.096090793609619,3.085151433944702,-0.010939359664916992
6,12,35,50.0,4.262930870056152,4.258166313171387,-0.004764556884765625
6,12,36,86.0,2.5445685386657715,2.5483360290527344,0.0037674903869628906
6,12,37,154.0,4.032649040222168,4.023687362670898,-0.008961677551269531
6,12,38,265.0,2.685051679611206,2.6862664222717285,0.001214742660522461
6,12,39,199.0,3.442211389541626,3.441844940185547,-0.00036644935607910156
6,12,40,138.0,3.036294937133789,3.03934383392334,0.0030488967895507812
6,12,41,98.0,3.56339955329895,3.5719878673553467,0.008588314056396484
6,12,42,167.0,2.791276693344116,2.7877328395843506,-0.003543853759765625
6,12,43,288.0,3.996307849884033,4.000550270080566,0.004242420196533203
6,12,44,225.0,2.764963150024414,2.7651896476745605,0.00022649765014648438
6,12,45,191.0,3.2674989700317383,3.265404462814331,-0.0020945072174072266
6,12,46,92.0,4.787234783172607,4.7769670486450195,-0.01026773452758789
6,12,47,41.0,5.17321252822876,5.191105365753174,0.017892837524414062
6,12,48,231.0,3.050201892852783,3.04675030708313,-0.0034515857696533203
6,12,49,101.0,2.2807674407958984,2.282949209213257,0.0021817684173583984
6,12,50,177.0,3.28656005859375,3.282278060913086,-0.0042819976806640625
6,12,51,252.0,3.729534387588501,3.730292797088623,0.0007584095001220703
6,12,52,259.0,3.0285918712615967,3.0309410095214844,0.0023491382598876953
6,12,53,47.0,3.0469322204589844,3.0133395195007324,-0.03359270095825195
6,12,54,164.0,2.354414463043213,2.3600103855133057,0.0055959224700927734
6,12,55,94.0,3.564063310623169,3.565932035446167,0.0018687248229980469
6,12,56,103.0,3.668520927429199,3.673967123031616,0.005446195602416992
6,12,57,78.0,3.6771252155303955,3.682666063308716,0.0055408477783203125
6,12,58,239.0,3.4083893299102783,3.402365207672119,-0.00602412223815918
6,12,59,271.0,4.502346992492676,4.503846645355225,0.0014996528625488281
6,12,60,162.0,3.0323004722595215,3.0359861850738525,0.0036857128143310547
6,12,61,179.0,3.618516206741333,3.610851526260376,-0.007664680480957031
6,12,62,218.0,2.710827112197876,2.7175233364105225,0.006696224212646484
6,12,63,81.0,3.249349355697632,3.253331422805786,0.003982067108154297
6,12,64,93.0,3.696587085723877,3.6946539878845215,-0.0019330978393554688
6,12,65,72.0,3.9958338737487793,3.987354278564453,-0.008479595184326172
6,12,66,230.0,3.6442677974700928,3.63751482963562,-0.006752967834472656
6,12,67,99.0,2.919395685195923,2.9134583473205566,-0.005937337875366211
6,12,68,213.0,2.9106554985046387,2.9010021686553955,-0.009653329849243164
6,12,69,119.0,2.7914681434631348,2.792107105255127,0.0006389617919921875
6,12,70,161.0,3.1008999347686768,3.100799560546875,-0.00010037422180175781
6,12,71,90.0,4.010181903839111,4.029634475708008,0.019452571868896484
6,12,72,181.0,3.0067594051361084,3.0125200748443604,0.005760669708251953
6,12,73,95.0,4.08024787902832,4.070159435272217,-0.010088443756103516
6,12,74,245.0,2.442718744277954,2.4490833282470703,0.006364583969116211
6,12,75,93.0,2.114382266998291,2.1204304695129395,0.0060482025146484375
6,12,76,225.0,2.825653553009033,2.8156895637512207,-0.0099639892578125
6,12,77,61.0,3.338794708251953,3.3413870334625244,0.002592325210571289
6,12,78,257.0,3.9624106884002686,3.965789794921875,0.0033791065216064453
6,12,79,165.0,3.2207393646240234,3.2132139205932617,-0.007525444030761719
6,12,80,117.0,4.315102577209473,4.309237957000732,-0.005864620208740234
6,12,81,89.0,3.6350255012512207,3.6382906436920166,0.0032651424407958984
6,12,82,291.0,3.772111177444458,3.7709801197052,-0.0011310577392578125
6,12,83,93.0,3.43058443069458,3.440910816192627,0.010326385498046875
6,12,84,228.0,2.4015636444091797,2.4139838218688965,0.012420177459716797
6,12,85,131.0,2.8454298973083496,2.8406999111175537,-0.0047299861907958984
6,12,86,191.0,4.341160774230957,4.344278335571289,0.0031175613403320312
6,12,87,238.0,5.110036849975586,5.112030982971191,0.0019941329956054688
6,12,88,210.0,3.3413021564483643,3.3441922664642334,0.0028901100158691406
6,12,89,107.0,4.339839935302734,4.3436760902404785,0.0038361549377441406
6,12,90,217.0,3.0681116580963135,3.060797691345215,-0.007313966751098633
6,12,91,199.0,3.2457942962646484,3.2461276054382324,0.0003333091735839844
6,12,92,84.0,2.6276965141296387,2.6352665424346924,0.007570028305053711
6,12,93,271.0,3.756063222885132,3.7555646896362305,-0.0004985332489013672
6,12,94,226.0,3.251934289932251,3.2466673851013184,-0.005266904830932617
6,12,95,258.0,3.875674247741699,3.874077320098877,-0.0015969276428222656
6,12,96,86.0,3.585750102996826,3.587831735610962,0.002081632614135742
6,12,97,142.0,4.497574806213379,4.489554405212402,-0.008020401000976562
6,12,98,42.0,3.347982168197632,3.308131694793701,-0.039850473403930664
6,12,99,224.0,2.679133892059326,2.671884775161743,-0.007249116897583008
6,12,100,197.0,2.196375608444214,2.1924052238464355,-0.00397038459777832
6,12,101,85.0,2.568619728088379,2.56593656539917,-0.0026831626892089844
6,12,102,195.0,3.2174572944641113,3.213482618331909,-0.0039746761322021484
6,12,103,102.0,3.6202828884124756,3.6215362548828125,0.001253366470336914
6,12,104,181.0,3.483546018600464,3.484644651412964,0.0010986328125
6,12,105,72.0,2.1719796657562256,2.165875196456909,-0.006104469299316406
6,12,106,130.0,4.735745906829834,4.738704681396484,0.0029587745666503906
6,12,107,62.0,2.6150100231170654,2.615661859512329,0.0006518363952636719
6,12,108,263.0,3.6819097995758057,3.6830170154571533,0.0011072158813476562
6,12,109,194.0,2.822662115097046,2.810439348220825,-0.012222766876220703
6,12,110,174.0,2.753187417984009,2.7481751441955566,-0.0050122737884521484
6,12,111,235.0,4.053600788116455,4.060461521148682,0.0068607330322265625
6,12,112,143.0,4.031272888183594,4.046162128448486,0.014889240264892578
6,12,113,117.0,4.415828704833984,4.393466949462891,-0.02236175537109375
6,12,114,160.0,3.988440990447998,3.98173451423645,-0.0067064762115478516
6,12,115,115.0,3.474060297012329,3.471306085586548,-0.00275421142578125
6,12,116,120.0,3.551665782928467,3.560864210128784,0.009198427200317383
6,12,117,186.0,3.7136735916137695,3.7127954959869385,-0.0008780956268310547
6,12,118,138.0,3.1632800102233887,3.165651559829712,0.002371549606323242
6,12,119,80.0,2.3273348808288574,2.3599634170532227,0.032628536224365234
6,12,120,164.0,2.849583864212036,2.8561432361602783,0.0065593719482421875
6,12,121,215.0,3.761408567428589,3.750788688659668,-0.010619878768920898
6,12,122,81.0,3.2764456272125244,3.282216787338257,0.005771160125732422
6,12,123,171.0,3.1637179851531982,3.1733341217041016,0.00961613655090332
6,12,124,41.0,5.6693196296691895,5.656320095062256,-0.012999534606933594
6,12,125,103.0,3.8813576698303223,3.8951048851013184,0.013747215270996094
6,12,126,145.0,3.006119966506958,3.012310743331909,0.006190776824951172
6,12,127,102.0,2.92803955078125,2.9272563457489014,-0.0007832050323486328
6,13,0,196.0,3.6189582347869873,3.6085970401763916,-0.010361194610595703
6,13,1,127.0,3.22214412689209,3.2176265716552734,-0.004517555236816406
6,13,2,162.0,2.2713801860809326,2.2668018341064453,-0.004578351974487305
6,13,3,92.0,4.133184909820557,4.129134654998779,-0.004050254821777344
6,13,4,194.0,3.299353837966919,3.296300172805786,-0.0030536651611328125
6,13,5,115.0,2.8214778900146484,2.819683313369751,-0.001794576644897461
6,13,6,109.0,4.325214862823486,4.33524227142334,0.010027408599853516
6,13,7,48.0,3.449648857116699,3.4550094604492188,0.005360603332519531
6,13,8,69.0,3.7256877422332764,3.734978199005127,0.009290456771850586
6,13,9,85.0,3.190195322036743,3.1874778270721436,-0.0027174949645996094
6,13,10,238.0,2.782064914703369,2.7805750370025635,-0.001489877700805664
6,13,11,233.0,2.6044344902038574,2.6058192253112793,0.001384735107421875
6,13,12,208.0,3.147305488586426,3.145437002182007,-0.0018684864044189453
6,13,13,196.0,2.917774200439453,2.9157907962799072,-0.0019834041595458984
6,13,14,131.0,3.2567384243011475,3.2614657878875732,0.004727363586425781
6,13,15,125.0,2.790242910385132,2.7941558361053467,0.003912925720214844
6,13,16,61.0,4.113956451416016,4.113273620605469,-0.000682830810546875
6,13,17,164.0,2.230290412902832,2.2398812770843506,0.009590864181518555
6,13,18,107.0,3.345957040786743,3.3460750579833984,0.00011801719665527344
6,13,19,48.0,3.959183692932129,3.9511940479278564,-0.007989645004272461
6,13,20,74.0,2.182640314102173,2.18245005607605,-0.00019025802612304688
6,13,21,103.0,2.7647080421447754,2.771486520767212,0.0067784786224365234
6,13,22,114.0,3.4331488609313965,3.437534809112549,0.004385948181152344
6,13,23,50.0,5.562728404998779,5.551393985748291,-0.011334419250488281
6,13,24,281.0,2.4593505859375,2.456083059310913,-0.003267526626586914
6,13,25,247.0,2.162877321243286,2.163611888885498,0.0007345676422119141
6,13,26,173.0,3.780362606048584,3.781158208847046,0.0007956027984619141
6,13,27,166.0,3.268761396408081,3.2699363231658936,0.0011749267578125
6,13,28,98.0,2.8850836753845215,2.8854570388793945,0.0003733634948730469
6,13,29,174.0,3.2879021167755127,3.2785370349884033,-0.009365081787109375
6,13,30,173.0,3.087313413619995,3.094860553741455,0.007547140121459961
6,13,31,215.0,3.7688708305358887,3.766085147857666,-0.0027856826782226562
6,13,32,186.0,2.7773280143737793,2.7686715126037598,-0.008656501770019531
6,13,33,153.0,2.610452890396118,2.6049249172210693,-0.005527973175048828
6,13,34,147.0,3.096090793609619,3.093714714050293,-0.002376079559326172
6,13,35,50.0,4.262930870056152,4.268014430999756,0.005083560943603516
6,13,36,86.0,2.5445685386657715,2.5767507553100586,0.03218221664428711
6,13,37,154.0,4.032649040222168,4.027431964874268,-0.005217075347900391
6,13,38,265.0,2.685051679611206,2.6825079917907715,-0.0025436878204345703
6,13,39,199.0,3.442211389541626,3.435149908065796,-0.007061481475830078
6,13,40,138.0,3.036294937133789,3.0399863719940186,0.003691434860229492
6,13,41,98.0,3.56339955329895,3.558907985687256,-0.004491567611694336
6,13,42,167.0,2.791276693344116,2.7969486713409424,0.005671977996826172
6,13,43,288.0,3.996307849884033,3.9940595626831055,-0.0022482872009277344
6,13,44,225.0,2.764963150024414,2.7634646892547607,-0.0014984607696533203
6,13,45,191.0,3.2674989700317383,3.2725155353546143,0.0050165653228759766
6,13,46,92.0,4.787234783172607,4.7850141525268555,-0.002220630645751953
6,13,47,41.0,5.17321252822876,5.183381080627441,0.01016855239868164
6,13,48,231.0,3.050201892852783,3.050915241241455,0.000713348388671875
6,13,49,101.0,2.2807674407958984,2.2776763439178467,-0.003091096878051758
6,13,50,177.0,3.28656005859375,3.2799086570739746,-0.006651401519775391
6,13,51,252.0,3.729534387588501,3.7322518825531006,0.0027174949645996094
6,13,52,259.0,3.0285918712615967,3.0282750129699707,-0.00031685829162597656
6,13,53,47.0,3.0469322204589844,3.042263984680176,-0.004668235778808594
6,13,54,164.0,2.354414463043213,2.355153799057007,0.0007393360137939453
6,13,55,94.0,3.564063310623169,3.5537049770355225,-0.010358333587646484
6,13,56,103.0,3.668520927429199,3.6623189449310303,-0.006201982498168945
6,13,57,78.0,3.6771252155303955,3.678455114364624,0.0013298988342285156
6,13,58,239.0,3.4083893299102783,3.4049901962280273,-0.0033991336822509766
6,13,59,271.0,4.502346992492676,4.504915237426758,0.0025682449340820312
6,13,60,162.0,3.0323004722595215,3.032179832458496,-0.00012063980102539062
6,13,61,179.0,3.618516206741333,3.627774953842163,0.009258747100830078
6,13,62,218.0,2.710827112197876,2.7101852893829346,-0.0006418228149414062
6,13,63,81.0,3.249349355697632,3.2632648944854736,0.013915538787841797
6,13,64,93.0,3.696587085723877,3.699591875076294,0.003004789352416992
6,13,65,72.0,3.9958338737487793,3.992692708969116,-0.003141164779663086
6,13,66,230.0,3.6442677974700928,3.6391818523406982,-0.005085945129394531
6,13,67,99.0,2.919395685195923,2.930067777633667,0.01067209243774414
6,13,68,213.0,2.9106554985046387,2.9091813564300537,-0.001474142074584961
6,13,69,119.0,2.7914681434631348,2.789548635482788,-0.0019195079803466797
6,13,70,161.0,3.1008999347686768,3.0953118801116943,-0.005588054656982422
6,13,71,90.0,4.010181903839111,4.0101728439331055,-9.059906005859375e-06
6,13,72,181.0,3.0067594051361084,3.000319242477417,-0.006440162658691406
6,13,73,95.0,4.08024787902832,4.074123859405518,-0.006124019622802734
6,13,74,245.0,2.442718744277954,2.4413089752197266,-0.001409769058227539
6,13,75,93.0,2.114382266998291,2.1165874004364014,0.0022051334381103516
6,13,76,225.0,2.825653553009033,2.8224527835845947,-0.0032007694244384766
6,13,77,61.0,3.338794708251953,3.346287727355957,0.007493019104003906
6,13,78,257.0,3.9624106884002686,3.962639331817627,0.00022864341735839844
6,13,79,165.0,3.2207393646240234,3.225675344467163,0.0049359798431396484
6,13,80,117.0,4.315102577209473,4.3134074211120605,-0.0016951560974121094
6,13,81,89.0,3.6350255012512207,3.644127368927002,0.00910186767578125
6,13,82,291.0,3.772111177444458,3.7754111289978027,0.0032999515533447266
6,13,83,93.0,3.43058443069458,3.4331440925598145,0.002559661865234375
6,13,84,228.0,2.4015636444091797,2.398047685623169,-0.003515958786010742
6,13,85,131.0,2.8454298973083496,2.841780662536621,-0.0036492347717285156
6,13,86,191.0,4.341160774230957,4.344831466674805,0.0036706924438476562
6,13,87,238.0,5.110036849975586,5.111608028411865,0.0015711784362792969
6,13,88,210.0,3.3413021564483643,3.344980478286743,0.0036783218383789062
6,13,89,107.0,4.339839935302734,4.343605995178223,0.0037660598754882812
6,13,90,217.0,3.0681116580963135,3.0678551197052,-0.00025653839111328125
6,13,91,199.0,3.2457942962646484,3.243997812271118,-0.0017964839935302734
6,13,92,84.0,2.6276965141296387,2.6295199394226074,0.00182342529296875
6,13,93,271.0,3.756063222885132,3.7566099166870117,0.0005466938018798828
6,13,94,226.0,3.251934289932251,3.253033399581909,0.0010991096496582031
6,13,95,258.0,3.875674247741699,3.887120008468628,0.011445760726928711
6,13,96,86.0,3.585750102996826,3.599374771118164,0.01362466812133789
6,13,97,142.0,4.497574806213379,4.502199649810791,0.004624843597412109
6,13,98,42.0,3.347982168197632,3.329263687133789,-0.018718481063842773
6,13,99,224.0,2.679133892059326,2.6705005168914795,-0.00863337516784668
6,13,100,197.0,2.196375608444214,2.196314811706543,-6.079673767089844e-05
6,13,101,85.0,2.568619728088379,2.565169095993042,-0.003450632095336914
6,13,102,195.0,3.2174572944641113,3.2211856842041016,0.0037283897399902344
6,13,103,102.0,3.6202828884124756,3.6227147579193115,0.0024318695068359375
6,13,104,181.0,3.483546018600464,3.4836790561676025,0.00013303756713867188
6,13,105,72.0,2.1719796657562256,2.169154405593872,-0.0028252601623535156
6,13,106,130.0,4.735745906829834,4.740508556365967,0.0047626495361328125
6,13,107,62.0,2.6150100231170654,2.6113457679748535,-0.003664255142211914
6,13,108,263.0,3.6819097995758057,3.681317090988159,-0.0005927085876464844
6,13,109,194.0,2.822662115097046,2.8186163902282715,-0.004045724868774414
6,13,110,174.0,2.753187417984009,2.7527084350585938,-0.00047898292541503906
6,13,111,235.0,4.053600788116455,4.047690391540527,-0.005910396575927734
6,13,112,143.0,4.031272888183594,4.036418914794922,0.005146026611328125
6,13,113,117.0,4.415828704833984,4.398730754852295,-0.017097949981689453
6,13,114,160.0,3.988440990447998,3.981890916824341,-0.0065500736236572266
6,13,115,115.0,3.474060297012329,3.4733190536499023,-0.0007412433624267578
6,13,116,120.0,3.551665782928467,3.5553483963012695,0.0036826133728027344
6,13,117,186.0,3.7136735916137695,3.7115166187286377,-0.002156972885131836
6,13,118,138.0,3.1632800102233887,3.165964126586914,0.0026841163635253906
6,13,119,80.0,2.3273348808288574,2.316547393798828,-0.010787487030029297
6,13,120,164.0,2.849583864212036,2.8529422283172607,0.0033583641052246094
6,13,121,215.0,3.761408567428589,3.7545125484466553,-0.006896018981933594
6,13,122,81.0,3.2764456272125244,3.2794651985168457,0.003019571304321289
6,13,123,171.0,3.1637179851531982,3.1675660610198975,0.0038480758666992188
6,13,124,41.0,5.6693196296691895,5.654738426208496,-0.01458120346069336
6,13,125,103.0,3.8813576698303223,3.8842313289642334,0.002873659133911133
6,13,126,145.0,3.006119966506958,3.0050973892211914,-0.0010225772857666016
6,13,127,102.0,2.92803955078125,2.9283251762390137,0.0002856254577636719
6,14,0,196.0,3.6189582347869873,3.6174356937408447,-0.0015225410461425781
6,14,1,127.0,3.22214412689209,3.2256593704223633,0.0035152435302734375
6,14,2,162.0,2.2713801860809326,2.271557569503784,0.0001773834228515625
6,14,3,92.0,4.133184909820557,4.136694431304932,0.003509521484375
6,14,4,194.0,3.299353837966919,3.3049256801605225,0.005571842193603516
6,14,5,115.0,2.8214778900146484,2.822504758834839,0.0010268688201904297
6,14,6,109.0,4.325214862823486,4.324337959289551,-0.0008769035339355469
6,14,7,48.0,3.449648857116699,3.437258720397949,-0.01239013671875
6,14,8,69.0,3.7256877422332764,3.736757516860962,0.011069774627685547
6,14,9,85.0,3.190195322036743,3.193190336227417,0.002995014190673828
6,14,10,238.0,2.782064914703369,2.7824230194091797,0.0003581047058105469
6,14,11,233.0,2.6044344902038574,2.608370304107666,0.003935813903808594
6,14,12,208.0,3.147305488586426,3.1481804847717285,0.0008749961853027344
6,14,13,196.0,2.917774200439453,2.923736333847046,0.0059621334075927734
6,14,14,131.0,3.2567384243011475,3.252586603164673,-0.004151821136474609
6,14,15,125.0,2.790242910385132,2.78426456451416,-0.00597834587097168
6,14,16,61.0,4.113956451416016,4.0993218421936035,-0.01463460922241211
6,14,17,164.0,2.230290412902832,2.2354941368103027,0.005203723907470703
6,14,18,107.0,3.345957040786743,3.3514373302459717,0.005480289459228516
6,14,19,48.0,3.959183692932129,3.9528586864471436,-0.0063250064849853516
6,14,20,74.0,2.182640314102173,2.1931211948394775,0.010480880737304688
6,14,21,103.0,2.7647080421447754,2.771648406982422,0.006940364837646484
6,14,22,114.0,3.4331488609313965,3.4307260513305664,-0.002422809600830078
6,14,23,50.0,5.562728404998779,5.570256233215332,0.007527828216552734
6,14,24,281.0,2.4593505859375,2.4508941173553467,-0.00845646858215332
6,14,25,247.0,2.162877321243286,2.168938159942627,0.00606083869934082
6,14,26,173.0,3.780362606048584,3.772390365600586,-0.007972240447998047
6,14,27,166.0,3.268761396408081,3.2733941078186035,0.004632711410522461
6,14,28,98.0,2.8850836753845215,2.8817789554595947,-0.003304719924926758
6,14,29,174.0,3.2879021167755127,3.2750089168548584,-0.012893199920654297
6,14,30,173.0,3.087313413619995,3.092705726623535,0.005392313003540039
6,14,31,215.0,3.7688708305358887,3.761409282684326,-0.0074615478515625
6,14,32,186.0,2.7773280143737793,2.774261474609375,-0.003066539764404297
6,14,33,153.0,2.610452890396118,2.6040470600128174,-0.006405830383300781
6,14,34,147.0,3.096090793609619,3.095252752304077,-0.0008380413055419922
6,14,35,50.0,4.262930870056152,4.248528003692627,-0.01440286636352539
6,14,36,86.0,2.5445685386657715,2.568981409072876,0.024412870407104492
6,14,37,154.0,4.032649040222168,4.024726390838623,-0.007922649383544922
6,14,38,265.0,2.685051679611206,2.6817245483398438,-0.0033271312713623047
6,14,39,199.0,3.442211389541626,3.442639112472534,0.0004277229309082031
6,14,40,138.0,3.036294937133789,3.042267322540283,0.005972385406494141
6,14,41,98.0,3.56339955329895,3.5729289054870605,0.009529352188110352
6,14,42,167.0,2.791276693344116,2.786710739135742,-0.0045659542083740234
6,14,43,288.0,3.996307849884033,3.99005389213562,-0.006253957748413086
6,14,44,225.0,2.764963150024414,2.76718807220459,0.0022249221801757812
6,14,45,191.0,3.2674989700317383,3.2690272331237793,0.0015282630920410156
6,14,46,92.0,4.787234783172607,4.805931568145752,0.01869678497314453
6,14,47,41.0,5.17321252822876,5.199189186096191,0.02597665786743164
6,14,48,231.0,3.050201892852783,3.0520997047424316,0.0018978118896484375
6,14,49,101.0,2.2807674407958984,2.283606767654419,0.002839326858520508
6,14,50,177.0,3.28656005859375,3.2835144996643066,-0.0030455589294433594
6,14,51,252.0,3.729534387588501,3.734422445297241,0.004888057708740234
6,14,52,259.0,3.0285918712615967,3.0311455726623535,0.002553701400756836
6,14,53,47.0,3.0469322204589844,3.0490384101867676,0.002106189727783203
6,14,54,164.0,2.354414463043213,2.3552443981170654,0.0008299350738525391
6,14,55,94.0,3.564063310623169,3.5503828525543213,-0.013680458068847656
6,14,56,103.0,3.668520927429199,3.664297103881836,-0.004223823547363281
6,14,57,78.0,3.6771252155303955,3.6697208881378174,-0.007404327392578125
6,14,58,239.0,3.4083893299102783,3.4062888622283936,-0.0021004676818847656
6,14,59,271.0,4.502346992492676,4.496220588684082,-0.00612640380859375
6,14,60,162.0,3.0323004722595215,3.0282630920410156,-0.004037380218505859
6,14,61,179.0,3.618516206741333,3.6268863677978516,0.008370161056518555
6,14,62,218.0,2.710827112197876,2.7133471965789795,0.0025200843811035156
6,14,63,81.0,3.249349355697632,3.247835874557495,-0.0015134811401367188
6,14,64,93.0,3.696587085723877,3.7012999057769775,0.004712820053100586
6,14,65,72.0,3.9958338737487793,3.99646258354187,0.0006287097930908203
6,14,66,230.0,3.6442677974700928,3.633955478668213,-0.010312318801879883
6,14,67,99.0,2.919395685195923,2.9224040508270264,0.0030083656311035156
6,14,68,213.0,2.9106554985046387,2.9080708026885986,-0.002584695816040039
6,14,69,119.0,2.7914681434631348,2.7867519855499268,-0.004716157913208008
6,14,70,161.0,3.1008999347686768,3.0956475734710693,-0.005252361297607422
6,14,71,90.0,4.010181903839111,4.015698432922363,0.005516529083251953
6,14,72,181.0,3.0067594051361084,3.0051937103271484,-0.001565694808959961
6,14,73,95.0,4.08024787902832,4.07830810546875,-0.0019397735595703125
6,14,74,245.0,2.442718744277954,2.4391205310821533,-0.0035982131958007812
6,14,75,93.0,2.114382266998291,2.1183993816375732,0.0040171146392822266
6,14,76,225.0,2.825653553009033,2.831211566925049,0.005558013916015625
6,14,77,61.0,3.338794708251953,3.338993549346924,0.00019884109497070312
6,14,78,257.0,3.9624106884002686,3.9696719646453857,0.0072612762451171875
6,14,79,165.0,3.2207393646240234,3.212740421295166,-0.007998943328857422
6,14,80,117.0,4.315102577209473,4.326932430267334,0.011829853057861328
6,14,81,89.0,3.6350255012512207,3.6367602348327637,0.0017347335815429688
6,14,82,291.0,3.772111177444458,3.7781496047973633,0.0060384273529052734
6,14,83,93.0,3.43058443069458,3.4181761741638184,-0.012408256530761719
6,14,84,228.0,2.4015636444091797,2.3970956802368164,-0.004467964172363281
6,14,85,131.0,2.8454298973083496,2.8380966186523438,-0.007333278656005859
6,14,86,191.0,4.341160774230957,4.344033241271973,0.002872467041015625
6,14,87,238.0,5.110036849975586,5.110882759094238,0.0008459091186523438
6,14,88,210.0,3.3413021564483643,3.338907241821289,-0.0023949146270751953
6,14,89,107.0,4.339839935302734,4.3441972732543945,0.004357337951660156
6,14,90,217.0,3.0681116580963135,3.069119930267334,0.0010082721710205078
6,14,91,199.0,3.2457942962646484,3.248190402984619,0.002396106719970703
6,14,92,84.0,2.6276965141296387,2.6304409503936768,0.002744436264038086
6,14,93,271.0,3.756063222885132,3.7590322494506836,0.002969026565551758
6,14,94,226.0,3.251934289932251,3.2595605850219727,0.00762629508972168
6,14,95,258.0,3.875674247741699,3.894784450531006,0.01911020278930664
6,14,96,86.0,3.585750102996826,3.5946907997131348,0.008940696716308594
6,14,97,142.0,4.497574806213379,4.495882987976074,-0.0016918182373046875
6,14,98,42.0,3.347982168197632,3.3491246700286865,0.0011425018310546875
6,14,99,224.0,2.679133892059326,2.6677982807159424,-0.011335611343383789
6,14,100,197.0,2.196375608444214,2.1944081783294678,-0.0019674301147460938
6,14,101,85.0,2.568619728088379,2.573651075363159,0.0050313472747802734
6,14,102,195.0,3.2174572944641113,3.220156669616699,0.0026993751525878906
6,14,103,102.0,3.6202828884124756,3.643918752670288,0.0236358642578125
6,14,104,181.0,3.483546018600464,3.4880216121673584,0.004475593566894531
6,14,105,72.0,2.1719796657562256,2.1787519454956055,0.006772279739379883
6,14,106,130.0,4.735745906829834,4.723392486572266,-0.01235342025756836
6,14,107,62.0,2.6150100231170654,2.5870611667633057,-0.027948856353759766
6,14,108,263.0,3.6819097995758057,3.684067964553833,0.0021581649780273438
6,14,109,194.0,2.822662115097046,2.8194334506988525,-0.0032286643981933594
6,14,110,174.0,2.753187417984009,2.755720376968384,0.002532958984375
6,14,111,235.0,4.053600788116455,4.052731037139893,-0.0008697509765625
6,14,112,143.0,4.031272888183594,4.040098190307617,0.008825302124023438
6,14,113,117.0,4.415828704833984,4.395401954650879,-0.02042675018310547
6,14,114,160.0,3.988440990447998,3.9819159507751465,-0.0065250396728515625
6,14,115,115.0,3.474060297012329,3.4788787364959717,0.004818439483642578
6,14,116,120.0,3.551665782928467,3.5547845363616943,0.003118753433227539
6,14,117,186.0,3.7136735916137695,3.716043710708618,0.002370119094848633
6,14,118,138.0,3.1632800102233887,3.171668529510498,0.008388519287109375
6,14,119,80.0,2.3273348808288574,2.3367960453033447,0.009461164474487305
6,14,120,164.0,2.849583864212036,2.85123348236084,0.001649618148803711
6,14,121,215.0,3.761408567428589,3.7632665634155273,0.0018579959869384766
6,14,122,81.0,3.2764456272125244,3.2788922786712646,0.0024466514587402344
6,14,123,171.0,3.1637179851531982,3.1724183559417725,0.008700370788574219
6,14,124,41.0,5.6693196296691895,5.553980350494385,-0.11533927917480469
6,14,125,103.0,3.8813576698303223,3.8829867839813232,0.0016291141510009766
6,14,126,145.0,3.006119966506958,3.005952835083008,-0.0001671314239501953
6,14,127,102.0,2.92803955078125,2.929542064666748,0.0015025138854980469
6,15,0,196.0,3.6189582347869873,3.618837356567383,-0.00012087821960449219
6,15,1,127.0,3.22214412689209,3.237525224685669,0.015381097793579102
6,15,2,162.0,2.2713801860809326,2.2729690074920654,0.0015888214111328125
6,15,3,92.0,4.133184909820557,4.119581699371338,-0.01360321044921875
6,15,4,194.0,3.299353837966919,3.300551652908325,0.00119781494140625
6,15,5,115.0,2.8214778900146484,2.8145034313201904,-0.006974458694458008
6,15,6,109.0,4.325214862823486,4.334625720977783,0.009410858154296875
6,15,7,48.0,3.449648857116699,3.466331720352173,0.016682863235473633
6,15,8,69.0,3.7256877422332764,3.732300281524658,0.006612539291381836
6,15,9,85.0,3.190195322036743,3.202449321746826,0.012253999710083008
6,15,10,238.0,2.782064914703369,2.7891576290130615,0.007092714309692383
6,15,11,233.0,2.6044344902038574,2.607696056365967,0.003261566162109375
6,15,12,208.0,3.147305488586426,3.1553456783294678,0.008040189743041992
6,15,13,196.0,2.917774200439453,2.923903465270996,0.006129264831542969
6,15,14,131.0,3.2567384243011475,3.253298044204712,-0.003440380096435547
6,15,15,125.0,2.790242910385132,2.781914234161377,-0.008328676223754883
6,15,16,61.0,4.113956451416016,4.1029229164123535,-0.01103353500366211
6,15,17,164.0,2.230290412902832,2.2479162216186523,0.017625808715820312
6,15,18,107.0,3.345957040786743,3.3405368328094482,-0.005420207977294922
6,15,19,48.0,3.959183692932129,3.966334104537964,0.007150411605834961
6,15,20,74.0,2.182640314102173,2.1816978454589844,-0.0009424686431884766
6,15,21,103.0,2.7647080421447754,2.720200538635254,-0.044507503509521484
6,15,22,114.0,3.4331488609313965,3.4311835765838623,-0.0019652843475341797
6,15,23,50.0,5.562728404998779,5.55870246887207,-0.004025936126708984
6,15,24,281.0,2.4593505859375,2.450917959213257,-0.008432626724243164
6,15,25,247.0,2.162877321243286,2.157305955886841,-0.0055713653564453125
6,15,26,173.0,3.780362606048584,3.7811365127563477,0.0007739067077636719
6,15,27,166.0,3.268761396408081,3.285343885421753,0.016582489013671875
6,15,28,98.0,2.8850836753845215,2.870143413543701,-0.014940261840820312
6,15,29,174.0,3.2879021167755127,3.2852580547332764,-0.002644062042236328
6,15,30,173.0,3.087313413619995,3.089493751525879,0.002180337905883789
6,15,31,215.0,3.7688708305358887,3.792316198348999,0.02344536781311035
6,15,32,186.0,2.7773280143737793,2.7851154804229736,0.007787466049194336
6,15,33,153.0,2.610452890396118,2.600696086883545,-0.009756803512573242
6,15,34,147.0,3.096090793609619,3.0920679569244385,-0.004022836685180664
6,15,35,50.0,4.262930870056152,4.265886306762695,0.0029554367065429688
6,15,36,86.0,2.5445685386657715,2.6094682216644287,0.06489968299865723
6,15,37,154.0,4.032649040222168,4.051855087280273,0.01920604705810547
6,15,38,265.0,2.685051679611206,2.686861515045166,0.001809835433959961
6,15,39,199.0,3.442211389541626,3.432772636413574,-0.009438753128051758
6,15,40,138.0,3.036294937133789,3.0275087356567383,-0.008786201477050781
6,15,41,98.0,3.56339955329895,3.572310447692871,0.008910894393920898
6,15,42,167.0,2.791276693344116,2.805202007293701,0.013925313949584961
6,15,43,288.0,3.996307849884033,4.001742839813232,0.005434989929199219
6,15,44,225.0,2.764963150024414,2.7650020122528076,3.886222839355469e-05
6,15,45,191.0,3.2674989700317383,3.2780227661132812,0.010523796081542969
6,15,46,92.0,4.787234783172607,4.777964115142822,-0.009270668029785156
6,15,47,41.0,5.17321252822876,5.165248394012451,-0.007964134216308594
6,15,48,231.0,3.050201892852783,3.048227310180664,-0.0019745826721191406
6,15,49,101.0,2.2807674407958984,2.2922677993774414,0.011500358581542969
6,15,50,177.0,3.28656005859375,3.2960662841796875,0.0095062255859375
6,15,51,252.0,3.729534387588501,3.7460696697235107,0.016535282135009766
6,15,52,259.0,3.0285918712615967,3.0303497314453125,0.0017578601837158203
6,15,53,47.0,3.0469322204589844,3.064274311065674,0.017342090606689453
6,15,54,164.0,2.354414463043213,2.352757215499878,-0.001657247543334961
6,15,55,94.0,3.564063310623169,3.5645382404327393,0.0004749298095703125
6,15,56,103.0,3.668520927429199,3.6630663871765137,-0.005454540252685547
6,15,57,78.0,3.6771252155303955,3.680805206298828,0.003679990768432617
6,15,58,239.0,3.4083893299102783,3.401405096054077,-0.006984233856201172
6,15,59,271.0,4.502346992492676,4.507861137390137,0.0055141448974609375
6,15,60,162.0,3.0323004722595215,3.0253055095672607,-0.006994962692260742
6,15,61,179.0,3.618516206741333,3.6282973289489746,0.009781122207641602
6,15,62,218.0,2.710827112197876,2.7220458984375,0.011218786239624023
6,15,63,81.0,3.249349355697632,3.275111436843872,0.025762081146240234
6,15,64,93.0,3.696587085723877,3.724381923675537,0.027794837951660156
6,15,65,72.0,3.9958338737487793,4.002983570098877,0.007149696350097656
6,15,66,230.0,3.6442677974700928,3.6432712078094482,-0.0009965896606445312
6,15,67,99.0,2.919395685195923,2.883979320526123,-0.035416364669799805
6,15,68,213.0,2.9106554985046387,2.9103877544403076,-0.0002677440643310547
6,15,69,119.0,2.7914681434631348,2.7991275787353516,0.007659435272216797
6,15,70,161.0,3.1008999347686768,3.11487078666687,0.01397085189819336
6,15,71,90.0,4.010181903839111,4.0097479820251465,-0.00043392181396484375
6,15,72,181.0,3.0067594051361084,3.003547430038452,-0.00321197509765625
6,15,73,95.0,4.08024787902832,4.081121921539307,0.0008740425109863281
6,15,74,245.0,2.442718744277954,2.4344851970672607,-0.00823354721069336
6,15,75,93.0,2.114382266998291,2.111692190170288,-0.0026900768280029297
6,15,76,225.0,2.825653553009033,2.8433802127838135,0.017726659774780273
6,15,77,61.0,3.338794708251953,3.3422491550445557,0.003454446792602539
6,15,78,257.0,3.9624106884002686,3.972270965576172,0.00986027717590332
6,15,79,165.0,3.2207393646240234,3.222391128540039,0.001651763916015625
6,15,80,117.0,4.315102577209473,4.301126480102539,-0.013976097106933594
6,15,81,89.0,3.6350255012512207,3.6445181369781494,0.009492635726928711
6,15,82,291.0,3.772111177444458,3.7763400077819824,0.004228830337524414
6,15,83,93.0,3.43058443069458,3.442152738571167,0.011568307876586914
6,15,84,228.0,2.4015636444091797,2.407508373260498,0.005944728851318359
6,15,85,131.0,2.8454298973083496,2.8533143997192383,0.007884502410888672
6,15,86,191.0,4.341160774230957,4.355769157409668,0.014608383178710938
6,15,87,238.0,5.110036849975586,5.11243200302124,0.002395153045654297
6,15,88,210.0,3.3413021564483643,3.3694748878479004,0.028172731399536133
6,15,89,107.0,4.339839935302734,4.336486339569092,-0.003353595733642578
6,15,90,217.0,3.0681116580963135,3.07710337638855,0.008991718292236328
6,15,91,199.0,3.2457942962646484,3.2492265701293945,0.0034322738647460938
6,15,92,84.0,2.6276965141296387,2.628314733505249,0.0006182193756103516
6,15,93,271.0,3.756063222885132,3.7667319774627686,0.010668754577636719
6,15,94,226.0,3.251934289932251,3.2594387531280518,0.007504463195800781
6,15,95,258.0,3.875674247741699,3.893291711807251,0.017617464065551758
6,15,96,86.0,3.585750102996826,3.5869104862213135,0.0011603832244873047
6,15,97,142.0,4.497574806213379,4.505547523498535,0.00797271728515625
6,15,98,42.0,3.347982168197632,3.330486536026001,-0.01749563217163086
6,15,99,224.0,2.679133892059326,2.6749768257141113,-0.004157066345214844
6,15,100,197.0,2.196375608444214,2.195377826690674,-0.000997781753540039
6,15,101,85.0,2.568619728088379,2.5637545585632324,-0.004865169525146484
6,15,102,195.0,3.2174572944641113,3.220797538757324,0.0033402442932128906
6,15,103,102.0,3.6202828884124756,3.6331787109375,0.012895822525024414
6,15,104,181.0,3.483546018600464,3.5012173652648926,0.01767134666442871
6,15,105,72.0,2.1719796657562256,2.1751551628112793,0.003175497055053711
6,15,106,130.0,4.735745906829834,4.7440185546875,0.008272647857666016
6,15,107,62.0,2.6150100231170654,2.616633176803589,0.0016231536865234375
6,15,108,263.0,3.6819097995758057,3.67657208442688,-0.005337715148925781
6,15,109,194.0,2.822662115097046,2.8197245597839355,-0.0029375553131103516
6,15,110,174.0,2.753187417984009,2.758786678314209,0.005599260330200195
6,15,111,235.0,4.053600788116455,4.027011394500732,-0.026589393615722656
6,15,112,143.0,4.031272888183594,4.036999702453613,0.005726814270019531
6,15,113,117.0,4.415828704833984,4.457633018493652,0.04180431365966797
6,15,114,160.0,3.988440990447998,4.001434326171875,0.012993335723876953
6,15,115,115.0,3.474060297012329,3.4950788021087646,0.021018505096435547
6,15,116,120.0,3.551665782928467,3.549734592437744,-0.0019311904907226562
6,15,117,186.0,3.7136735916137695,3.7224650382995605,0.008791446685791016
6,15,118,138.0,3.1632800102233887,3.163740396499634,0.0004603862762451172
6,15,119,80.0,2.3273348808288574,2.346665859222412,0.019330978393554688
6,15,120,164.0,2.849583864212036,2.8535964488983154,0.004012584686279297
6,15,121,215.0,3.761408567428589,3.7761197090148926,0.014711141586303711
6,15,122,81.0,3.2764456272125244,3.2766776084899902,0.0002319812774658203
6,15,123,171.0,3.1637179851531982,3.1804749965667725,0.01675701141357422
6,15,124,41.0,5.6693196296691895,5.846376895904541,0.17705726623535156
6,15,125,103.0,3.8813576698303223,3.8790502548217773,-0.002307415008544922
6,15,126,145.0,3.006119966506958,3.008262872695923,0.0021429061889648438
6,15,127,102.0,2.92803955078125,2.9270384311676025,-0.001001119613647461
6,16,0,196.0,3.6189582347869873,3.6138906478881836,-0.005067586898803711
6,16,1,127.0,3.22214412689209,3.2236545085906982,0.0015103816986083984
6,16,2,162.0,2.2713801860809326,2.2689337730407715,-0.002446413040161133
6,16,3,92.0,4.133184909820557,4.115878582000732,-0.01730632781982422
6,16,4,194.0,3.299353837966919,3.301530599594116,0.0021767616271972656
6,16,5,115.0,2.8214778900146484,2.824099063873291,0.002621173858642578
6,16,6,109.0,4.325214862823486,4.324908256530762,-0.0003066062927246094
6,16,7,48.0,3.449648857116699,3.4427595138549805,-0.00688934326171875
6,16,8,69.0,3.7256877422332764,3.7404608726501465,0.014773130416870117
6,16,9,85.0,3.190195322036743,3.2002944946289062,0.010099172592163086
6,16,10,238.0,2.782064914703369,2.7883455753326416,0.006280660629272461
6,16,11,233.0,2.6044344902038574,2.6063692569732666,0.0019347667694091797
6,16,12,208.0,3.147305488586426,3.140798330307007,-0.006507158279418945
6,16,13,196.0,2.917774200439453,2.9219343662261963,0.004160165786743164
6,16,14,131.0,3.2567384243011475,3.261672258377075,0.004933834075927734
6,16,15,125.0,2.790242910385132,2.7897984981536865,-0.0004444122314453125
6,16,16,61.0,4.113956451416016,4.112369537353516,-0.0015869140625
6,16,17,164.0,2.230290412902832,2.2286272048950195,-0.0016632080078125
6,16,18,107.0,3.345957040786743,3.344468832015991,-0.0014882087707519531
6,16,19,48.0,3.959183692932129,3.9646294116973877,0.005445718765258789
6,16,20,74.0,2.182640314102173,2.1838583946228027,0.0012180805206298828
6,16,21,103.0,2.7647080421447754,2.768798828125,0.004090785980224609
6,16,22,114.0,3.4331488609313965,3.436668872833252,0.0035200119018554688
6,16,23,50.0,5.562728404998779,5.562071323394775,-0.0006570816040039062
6,16,24,281.0,2.4593505859375,2.4626989364624023,0.0033483505249023438
6,16,25,247.0,2.162877321243286,2.1663694381713867,0.003492116928100586
6,16,26,173.0,3.780362606048584,3.780383825302124,2.1219253540039062e-05
6,16,27,166.0,3.268761396408081,3.2670960426330566,-0.001665353775024414
6,16,28,98.0,2.8850836753845215,2.8848979473114014,-0.0001857280731201172
6,16,29,174.0,3.2879021167755127,3.283184289932251,-0.004717826843261719
6,16,30,173.0,3.087313413619995,3.0877912044525146,0.00047779083251953125
6,16,31,215.0,3.7688708305358887,3.7641234397888184,-0.0047473907470703125
6,16,32,186.0,2.7773280143737793,2.7607333660125732,-0.016594648361206055
6,16,33,153.0,2.610452890396118,2.607588768005371,-0.0028641223907470703
6,16,34,147.0,3.096090793609619,3.0921456813812256,-0.003945112228393555
6,16,35,50.0,4.262930870056152,4.269949436187744,0.007018566131591797
6,16,36,86.0,2.5445685386657715,2.5721561908721924,0.0275876522064209
6,16,37,154.0,4.032649040222168,4.0292840003967285,-0.003365039825439453
6,16,38,265.0,2.685051679611206,2.6834375858306885,-0.0016140937805175781
6,16,39,199.0,3.442211389541626,3.4408957958221436,-0.0013155937194824219
6,16,40,138.0,3.036294937133789,3.0398237705230713,0.0035288333892822266
6,16,41,98.0,3.56339955329895,3.5680904388427734,0.004690885543823242
6,16,42,167.0,2.791276693344116,2.790166139602661,-0.0011105537414550781
6,16,43,288.0,3.996307849884033,3.9973526000976562,0.0010447502136230469
6,16,44,225.0,2.764963150024414,2.762622117996216,-0.002341032028198242
6,16,45,191.0,3.2674989700317383,3.2687017917633057,0.0012028217315673828
6,16,46,92.0,4.787234783172607,4.782840728759766,-0.004394054412841797
6,16,47,41.0,5.17321252822876,5.178183078765869,0.004970550537109375
6,16,48,231.0,3.050201892852783,3.0486278533935547,-0.0015740394592285156
6,16,49,101.0,2.2807674407958984,2.2751822471618652,-0.005585193634033203
6,16,50,177.0,3.28656005859375,3.283316135406494,-0.0032439231872558594
6,16,51,252.0,3.729534387588501,3.735506057739258,0.005971670150756836
6,16,52,259.0,3.0285918712615967,3.0269076824188232,-0.0016841888427734375
6,16,53,47.0,3.0469322204589844,3.0453758239746094,-0.001556396484375
6,16,54,164.0,2.354414463043213,2.3561997413635254,0.0017852783203125
6,16,55,94.0,3.564063310623169,3.557041883468628,-0.007021427154541016
6,16,56,103.0,3.668520927429199,3.6703357696533203,0.0018148422241210938
6,16,57,78.0,3.6771252155303955,3.6678357124328613,-0.00928950309753418
6,16,58,239.0,3.4083893299102783,3.4050493240356445,-0.003340005874633789
6,16,59,271.0,4.502346992492676,4.502102851867676,-0.000244140625
6,16,60,162.0,3.0323004722595215,3.0276992321014404,-0.004601240158081055
6,16,61,179.0,3.618516206741333,3.6267669200897217,0.008250713348388672
6,16,62,218.0,2.710827112197876,2.7103517055511475,-0.0004754066467285156
6,16,63,81.0,3.249349355697632,3.2481436729431152,-0.0012056827545166016
6,16,64,93.0,3.696587085723877,3.6981160640716553,0.0015289783477783203
6,16,65,72.0,3.9958338737487793,3.993877410888672,-0.001956462860107422
6,16,66,230.0,3.6442677974700928,3.6409661769866943,-0.0033016204833984375
6,16,67,99.0,2.919395685195923,2.9299864768981934,0.010590791702270508
6,16,68,213.0,2.9106554985046387,2.9071319103240967,-0.003523588180541992
6,16,69,119.0,2.7914681434631348,2.7959516048431396,0.004483461380004883
6,16,70,161.0,3.1008999347686768,3.103132724761963,0.002232789993286133
6,16,71,90.0,4.010181903839111,4.002715587615967,-0.007466316223144531
6,16,72,181.0,3.0067594051361084,3.0081403255462646,0.00138092041015625
6,16,73,95.0,4.08024787902832,4.086129665374756,0.005881786346435547
6,16,74,245.0,2.442718744277954,2.4370436668395996,-0.005675077438354492
6,16,75,93.0,2.114382266998291,2.114854335784912,0.00047206878662109375
6,16,76,225.0,2.825653553009033,2.820129632949829,-0.0055239200592041016
6,16,77,61.0,3.338794708251953,3.342311382293701,0.003516674041748047
6,16,78,257.0,3.9624106884002686,3.9654788970947266,0.003068208694458008
6,16,79,165.0,3.2207393646240234,3.218141555786133,-0.002597808837890625
6,16,80,117.0,4.315102577209473,4.321174144744873,0.006071567535400391
6,16,81,89.0,3.6350255012512207,3.636528491973877,0.00150299072265625
6,16,82,291.0,3.772111177444458,3.76714825630188,-0.004962921142578125
6,16,83,93.0,3.43058443069458,3.439072370529175,0.008487939834594727
6,16,84,228.0,2.4015636444091797,2.401329278945923,-0.00023436546325683594
6,16,85,131.0,2.8454298973083496,2.841618061065674,-0.0038118362426757812
6,16,86,191.0,4.341160774230957,4.343286037445068,0.002125263214111328
6,16,87,238.0,5.110036849975586,5.10850715637207,-0.001529693603515625
6,16,88,210.0,3.3413021564483643,3.34727144241333,0.00596928596496582
6,16,89,107.0,4.339839935302734,4.350263595581055,0.010423660278320312
6,16,90,217.0,3.0681116580963135,3.0662243366241455,-0.0018873214721679688
6,16,91,199.0,3.2457942962646484,3.24198842048645,-0.003805875778198242
6,16,92,84.0,2.6276965141296387,2.6305384635925293,0.002841949462890625
6,16,93,271.0,3.756063222885132,3.756579637527466,0.0005164146423339844
6,16,94,226.0,3.251934289932251,3.2515456676483154,-0.0003886222839355469
6,16,95,258.0,3.875674247741699,3.875983953475952,0.0003097057342529297
6,16,96,86.0,3.585750102996826,3.5952343940734863,0.009484291076660156
6,16,97,142.0,4.497574806213379,4.495174884796143,-0.002399921417236328
6,16,98,42.0,3.347982168197632,3.349374294281006,0.0013921260833740234
6,16,99,224.0,2.679133892059326,2.67179274559021,-0.007341146469116211
6,16,100,197.0,2.196375608444214,2.1944432258605957,-0.001932382583618164
6,16,101,85.0,2.568619728088379,2.5581798553466797,-0.010439872741699219
6,16,102,195.0,3.2174572944641113,3.218238353729248,0.0007810592651367188
6,16,103,102.0,3.6202828884124756,3.6244518756866455,0.004168987274169922
6,16,104,181.0,3.483546018600464,3.488058090209961,0.00451207160949707
6,16,105,72.0,2.1719796657562256,2.172633647918701,0.0006539821624755859
6,16,106,130.0,4.735745906829834,4.732580661773682,-0.0031652450561523438
6,16,107,62.0,2.6150100231170654,2.6076571941375732,-0.0073528289794921875
6,16,108,263.0,3.6819097995758057,3.686436653137207,0.004526853561401367
6,16,109,194.0,2.822662115097046,2.817960739135742,-0.004701375961303711
6,16,110,174.0,2.753187417984009,2.754047155380249,0.0008597373962402344
6,16,111,235.0,4.053600788116455,4.049359321594238,-0.004241466522216797
6,16,112,143.0,4.031272888183594,4.034974575042725,0.0037016868591308594
6,16,113,117.0,4.415828704833984,4.407397270202637,-0.008431434631347656
6,16,114,160.0,3.988440990447998,3.987387180328369,-0.0010538101196289062
6,16,115,115.0,3.474060297012329,3.4709854125976562,-0.0030748844146728516
6,16,116,120.0,3.551665782928467,3.5526840686798096,0.0010182857513427734
6,16,117,186.0,3.7136735916137695,3.711785316467285,-0.001888275146484375
6,16,118,138.0,3.1632800102233887,3.165900468826294,0.0026204586029052734
6,16,119,80.0,2.3273348808288574,2.315201997756958,-0.012132883071899414
6,16,120,164.0,2.849583864212036,2.8522722721099854,0.0026884078979492188
6,16,121,215.0,3.761408567428589,3.76379656791687,0.00238800048828125
6,16,122,81.0,3.2764456272125244,3.2839419841766357,0.007496356964111328
6,16,123,171.0,3.1637179851531982,3.1699650287628174,0.006247043609619141
6,16,124,41.0,5.6693196296691895,5.679373264312744,0.010053634643554688
6,16,125,103.0,3.8813576698303223,3.8839645385742188,0.0026068687438964844
6,16,126,145.0,3.006119966506958,3.0115997791290283,0.0054798126220703125
6,16,127,102.0,2.92803955078125,2.9256865978240967,-0.0023529529571533203
6,17,0,196.0,3.6189582347869873,3.61553955078125,-0.0034186840057373047
6,17,1,127.0,3.22214412689209,3.218653440475464,-0.0034906864166259766
6,17,2,162.0,2.2713801860809326,2.2648019790649414,-0.006578207015991211
6,17,3,92.0,4.133184909820557,4.128068923950195,-0.005115985870361328
6,17,4,194.0,3.299353837966919,3.2987608909606934,-0.0005929470062255859
6,17,5,115.0,2.8214778900146484,2.8149971961975098,-0.006480693817138672
6,17,6,109.0,4.325214862823486,4.331892013549805,0.006677150726318359
6,17,7,48.0,3.449648857116699,3.4512507915496826,0.0016019344329833984
6,17,8,69.0,3.7256877422332764,3.727631092071533,0.001943349838256836
6,17,9,85.0,3.190195322036743,3.1816298961639404,-0.008565425872802734
6,17,10,238.0,2.782064914703369,2.7825465202331543,0.00048160552978515625
6,17,11,233.0,2.6044344902038574,2.60872483253479,0.004290342330932617
6,17,12,208.0,3.147305488586426,3.147139310836792,-0.00016617774963378906
6,17,13,196.0,2.917774200439453,2.9212307929992676,0.003456592559814453
6,17,14,131.0,3.2567384243011475,3.263861656188965,0.007123231887817383
6,17,15,125.0,2.790242910385132,2.7901723384857178,-7.05718994140625e-05
6,17,16,61.0,4.113956451416016,4.104465961456299,-0.009490489959716797
6,17,17,164.0,2.230290412902832,2.2359800338745117,0.0056896209716796875
6,17,18,107.0,3.345957040786743,3.351127862930298,0.0051708221435546875
6,17,19,48.0,3.959183692932129,3.9474411010742188,-0.011742591857910156
6,17,20,74.0,2.182640314102173,2.186999559402466,0.004359245300292969
6,17,21,103.0,2.7647080421447754,2.737851142883301,-0.02685689926147461
6,17,22,114.0,3.4331488609313965,3.4321048259735107,-0.0010440349578857422
6,17,23,50.0,5.562728404998779,5.558568954467773,-0.004159450531005859
6,17,24,281.0,2.4593505859375,2.4599742889404297,0.0006237030029296875
6,17,25,247.0,2.162877321243286,2.165888786315918,0.003011465072631836
6,17,26,173.0,3.780362606048584,3.7778866291046143,-0.0024759769439697266
6,17,27,166.0,3.268761396408081,3.2701892852783203,0.0014278888702392578
6,17,28,98.0,2.8850836753845215,2.8851630687713623,7.939338684082031e-05
6,17,29,174.0,3.2879021167755127,3.291887044906616,0.003984928131103516
6,17,30,173.0,3.087313413619995,3.0909948348999023,0.0036814212799072266
6,17,31,215.0,3.7688708305358887,3.7693326473236084,0.00046181678771972656
6,17,32,186.0,2.7773280143737793,2.7895278930664062,0.012199878692626953
6,17,33,153.0,2.610452890396118,2.603301763534546,-0.007151126861572266
6,17,34,147.0,3.096090793609619,3.0896928310394287,-0.00639796257019043
6,17,35,50.0,4.262930870056152,4.259566783905029,-0.003364086151123047
6,17,36,86.0,2.5445685386657715,2.546774387359619,0.0022058486938476562
6,17,37,154.0,4.032649040222168,4.0172648429870605,-0.015384197235107422
6,17,38,265.0,2.685051679611206,2.686068296432495,0.0010166168212890625
6,17,39,199.0,3.442211389541626,3.4336929321289062,-0.008518457412719727
6,17,40,138.0,3.036294937133789,3.0388123989105225,0.0025174617767333984
6,17,41,98.0,3.56339955329895,3.5691306591033936,0.005731105804443359
6,17,42,167.0,2.791276693344116,2.7956454753875732,0.004368782043457031
6,17,43,288.0,3.996307849884033,3.998265504837036,0.0019576549530029297
6,17,44,225.0,2.764963150024414,2.7630412578582764,-0.0019218921661376953
6,17,45,191.0,3.2674989700317383,3.2764410972595215,0.008942127227783203
6,17,46,92.0,4.787234783172607,4.779932975769043,-0.007301807403564453
6,17,47,41.0,5.17321252822876,5.174697399139404,0.0014848709106445312
6,17,48,231.0,3.050201892852783,3.0466864109039307,-0.003515481948852539
6,17,49,101.0,2.2807674407958984,2.2815186977386475,0.0007512569427490234
6,17,50,177.0,3.28656005859375,3.279409408569336,-0.0071506500244140625
6,17,51,252.0,3.729534387588501,3.7350969314575195,0.005562543869018555
6,17,52,259.0,3.0285918712615967,3.0277881622314453,-0.0008037090301513672
6,17,53,47.0,3.0469322204589844,3.0591864585876465,0.01225423812866211
6,17,54,164.0,2.354414463043213,2.359314441680908,0.0048999786376953125
6,17,55,94.0,3.564063310623169,3.558722972869873,-0.0053403377532958984
6,17,56,103.0,3.668520927429199,3.6598238945007324,-0.008697032928466797
6,17,57,78.0,3.6771252155303955,3.6630687713623047,-0.01405644416809082
6,17,58,239.0,3.4083893299102783,3.404336929321289,-0.004052400588989258
6,17,59,271.0,4.502346992492676,4.504674911499023,0.0023279190063476562
6,17,60,162.0,3.0323004722595215,3.0308122634887695,-0.0014882087707519531
6,17,61,179.0,3.618516206741333,3.6296682357788086,0.011152029037475586
6,17,62,218.0,2.710827112197876,2.7097010612487793,-0.0011260509490966797
6,17,63,81.0,3.249349355697632,3.2560184001922607,0.006669044494628906
6,17,64,93.0,3.696587085723877,3.7009317874908447,0.0043447017669677734
6,17,65,72.0,3.9958338737487793,3.989818572998047,-0.006015300750732422
6,17,66,230.0,3.6442677974700928,3.6411759853363037,-0.0030918121337890625
6,17,67,99.0,2.919395685195923,2.9322540760040283,0.012858390808105469
6,17,68,213.0,2.9106554985046387,2.9045865535736084,-0.0060689449310302734
6,17,69,119.0,2.7914681434631348,2.7939093112945557,0.0024411678314208984
6,17,70,161.0,3.1008999347686768,3.0936477184295654,-0.007252216339111328
6,17,71,90.0,4.010181903839111,4.014627456665039,0.004445552825927734
6,17,72,181.0,3.0067594051361084,3.0069468021392822,0.00018739700317382812
6,17,73,95.0,4.08024787902832,4.071885108947754,-0.008362770080566406
6,17,74,245.0,2.442718744277954,2.438153028488159,-0.004565715789794922
6,17,75,93.0,2.114382266998291,2.11513090133667,0.0007486343383789062
6,17,76,225.0,2.825653553009033,2.8246946334838867,-0.0009589195251464844
6,17,77,61.0,3.338794708251953,3.3516485691070557,0.012853860855102539
6,17,78,257.0,3.9624106884002686,3.968907594680786,0.006496906280517578
6,17,79,165.0,3.2207393646240234,3.22052264213562,-0.0002167224884033203
6,17,80,117.0,4.315102577209473,4.321633338928223,0.00653076171875
6,17,81,89.0,3.6350255012512207,3.6329760551452637,-0.0020494461059570312
6,17,82,291.0,3.772111177444458,3.770555257797241,-0.0015559196472167969
6,17,83,93.0,3.43058443069458,3.4318795204162598,0.0012950897216796875
6,17,84,228.0,2.4015636444091797,2.3893089294433594,-0.012254714965820312
6,17,85,131.0,2.8454298973083496,2.8388612270355225,-0.0065686702728271484
6,17,86,191.0,4.341160774230957,4.343564510345459,0.002403736114501953
6,17,87,238.0,5.110036849975586,5.1084980964660645,-0.0015387535095214844
6,17,88,210.0,3.3413021564483643,3.343740224838257,0.002438068389892578
6,17,89,107.0,4.339839935302734,4.34310245513916,0.0032625198364257812
6,17,90,217.0,3.0681116580963135,3.0614118576049805,-0.006699800491333008
6,17,91,199.0,3.2457942962646484,3.2465016841888428,0.0007073879241943359
6,17,92,84.0,2.6276965141296387,2.6313579082489014,0.0036613941192626953
6,17,93,271.0,3.756063222885132,3.749177932739258,-0.0068852901458740234
6,17,94,226.0,3.251934289932251,3.2543115615844727,0.0023772716522216797
6,17,95,258.0,3.875674247741699,3.889265537261963,0.013591289520263672
6,17,96,86.0,3.585750102996826,3.5853559970855713,-0.0003941059112548828
6,17,97,142.0,4.497574806213379,4.495551109313965,-0.0020236968994140625
6,17,98,42.0,3.347982168197632,3.34627103805542,-0.001711130142211914
6,17,99,224.0,2.679133892059326,2.675676107406616,-0.003457784652709961
6,17,100,197.0,2.196375608444214,2.2002182006835938,0.003842592239379883
6,17,101,85.0,2.568619728088379,2.5647664070129395,-0.003853321075439453
6,17,102,195.0,3.2174572944641113,3.224827766418457,0.007370471954345703
6,17,103,102.0,3.6202828884124756,3.6224682331085205,0.002185344696044922
6,17,104,181.0,3.483546018600464,3.48236346244812,-0.00118255615234375
6,17,105,72.0,2.1719796657562256,2.1714067459106445,-0.0005729198455810547
6,17,106,130.0,4.735745906829834,4.733067989349365,-0.00267791748046875
6,17,107,62.0,2.6150100231170654,2.6157398223876953,0.0007297992706298828
6,17,108,263.0,3.6819097995758057,3.684985637664795,0.003075838088989258
6,17,109,194.0,2.822662115097046,2.8226397037506104,-2.2411346435546875e-05
6,17,110,174.0,2.753187417984009,2.753739356994629,0.0005519390106201172
6,17,111,235.0,4.053600788116455,4.049101829528809,-0.004498958587646484
6,17,112,143.0,4.031272888183594,4.030824184417725,-0.0004487037658691406
6,17,113,117.0,4.415828704833984,4.395364761352539,-0.020463943481445312
6,17,114,160.0,3.988440990447998,3.988934278488159,0.0004932880401611328
6,17,115,115.0,3.474060297012329,3.481818437576294,0.007758140563964844
6,17,116,120.0,3.551665782928467,3.5569233894348145,0.005257606506347656
6,17,117,186.0,3.7136735916137695,3.7167935371398926,0.003119945526123047
6,17,118,138.0,3.1632800102233887,3.1692824363708496,0.0060024261474609375
6,17,119,80.0,2.3273348808288574,2.314652919769287,-0.012681961059570312
6,17,120,164.0,2.849583864212036,2.8537988662719727,0.0042150020599365234
6,17,121,215.0,3.761408567428589,3.7617027759552,0.0002942085266113281
6,17,122,81.0,3.2764456272125244,3.2765579223632812,0.00011229515075683594
6,17,123,171.0,3.1637179851531982,3.169253349304199,0.0055353641510009766
6,17,124,41.0,5.6693196296691895,5.686795711517334,0.01747608184814453
6,17,125,103.0,3.8813576698303223,3.891190528869629,0.00983285903930664
6,17,126,145.0,3.006119966506958,3.0055694580078125,-0.0005505084991455078
6,17,127,102.0,2.92803955078125,2.9306256771087646,0.0025861263275146484
6,18,0,196.0,3.6189582347869873,3.616621732711792,-0.0023365020751953125
6,18,1,127.0,3.22214412689209,3.2190678119659424,-0.003076314926147461
6,18,2,162.0,2.2713801860809326,2.2623090744018555,-0.009071111679077148
6,18,3,92.0,4.133184909820557,4.126082897186279,-0.007102012634277344
6,18,4,194.0,3.299353837966919,3.2876574993133545,-0.011696338653564453
6,18,5,115.0,2.8214778900146484,2.819226026535034,-0.002251863479614258
6,18,6,109.0,4.325214862823486,4.324578285217285,-0.0006365776062011719
6,18,7,48.0,3.449648857116699,3.45271372795105,0.003064870834350586
6,18,8,69.0,3.7256877422332764,3.7297017574310303,0.004014015197753906
6,18,9,85.0,3.190195322036743,3.185231924057007,-0.004963397979736328
6,18,10,238.0,2.782064914703369,2.7744343280792236,-0.007630586624145508
6,18,11,233.0,2.6044344902038574,2.6021065711975098,-0.0023279190063476562
6,18,12,208.0,3.147305488586426,3.1501553058624268,0.0028498172760009766
6,18,13,196.0,2.917774200439453,2.918595552444458,0.0008213520050048828
6,18,14,131.0,3.2567384243011475,3.276697874069214,0.019959449768066406
6,18,15,125.0,2.790242910385132,2.792564868927002,0.002321958541870117
6,18,16,61.0,4.113956451416016,4.102856636047363,-0.011099815368652344
6,18,17,164.0,2.230290412902832,2.244833469390869,0.01454305648803711
6,18,18,107.0,3.345957040786743,3.3490381240844727,0.003081083297729492
6,18,19,48.0,3.959183692932129,3.9584484100341797,-0.0007352828979492188
6,18,20,74.0,2.182640314102173,2.1744000911712646,-0.008240222930908203
6,18,21,103.0,2.7647080421447754,2.7061986923217773,-0.05850934982299805
6,18,22,114.0,3.4331488609313965,3.4408938884735107,0.007745027542114258
6,18,23,50.0,5.562728404998779,5.563068866729736,0.00034046173095703125
6,18,24,281.0,2.4593505859375,2.460719108581543,0.0013685226440429688
6,18,25,247.0,2.162877321243286,2.1752264499664307,0.012349128723144531
6,18,26,173.0,3.780362606048584,3.797147035598755,0.0167844295501709
6,18,27,166.0,3.268761396408081,3.2869362831115723,0.01817488670349121
6,18,28,98.0,2.8850836753845215,2.872713565826416,-0.012370109558105469
6,18,29,174.0,3.2879021167755127,3.2835631370544434,-0.004338979721069336
6,18,30,173.0,3.087313413619995,3.076361656188965,-0.010951757431030273
6,18,31,215.0,3.7688708305358887,3.7653110027313232,-0.0035598278045654297
6,18,32,186.0,2.7773280143737793,2.7881455421447754,0.010817527770996094
6,18,33,153.0,2.610452890396118,2.601128578186035,-0.009324312210083008
6,18,34,147.0,3.096090793609619,3.08251690864563,-0.013573884963989258
6,18,35,50.0,4.262930870056152,4.275538444519043,0.012607574462890625
6,18,36,86.0,2.5445685386657715,2.611142873764038,0.0665743350982666
6,18,37,154.0,4.032649040222168,4.052547931671143,0.01989889144897461
6,18,38,265.0,2.685051679611206,2.6840267181396484,-0.0010249614715576172
6,18,39,199.0,3.442211389541626,3.4365971088409424,-0.005614280700683594
6,18,40,138.0,3.036294937133789,3.0656423568725586,0.02934741973876953
6,18,41,98.0,3.56339955329895,3.5574374198913574,-0.0059621334075927734
6,18,42,167.0,2.791276693344116,2.7967474460601807,0.005470752716064453
6,18,43,288.0,3.996307849884033,3.986950397491455,-0.009357452392578125
6,18,44,225.0,2.764963150024414,2.755858898162842,-0.009104251861572266
6,18,45,191.0,3.2674989700317383,3.269301176071167,0.001802206039428711
6,18,46,92.0,4.787234783172607,4.7956929206848145,0.008458137512207031
6,18,47,41.0,5.17321252822876,5.182656764984131,0.009444236755371094
6,18,48,231.0,3.050201892852783,3.0464553833007812,-0.003746509552001953
6,18,49,101.0,2.2807674407958984,2.273477077484131,-0.007290363311767578
6,18,50,177.0,3.28656005859375,3.2766919136047363,-0.009868144989013672
6,18,51,252.0,3.729534387588501,3.7362303733825684,0.006695985794067383
6,18,52,259.0,3.0285918712615967,3.027334213256836,-0.0012576580047607422
6,18,53,47.0,3.0469322204589844,3.069017171859741,0.022084951400756836
6,18,54,164.0,2.354414463043213,2.3567330837249756,0.0023186206817626953
6,18,55,94.0,3.564063310623169,3.5617713928222656,-0.0022919178009033203
6,18,56,103.0,3.668520927429199,3.6819875240325928,0.013466596603393555
6,18,57,78.0,3.6771252155303955,3.686342239379883,0.009217023849487305
6,18,58,239.0,3.4083893299102783,3.3964405059814453,-0.011948823928833008
6,18,59,271.0,4.502346992492676,4.494774341583252,-0.007572650909423828
6,18,60,162.0,3.0323004722595215,3.036738634109497,0.004438161849975586
6,18,61,179.0,3.618516206741333,3.6197357177734375,0.0012195110321044922
6,18,62,218.0,2.710827112197876,2.708442449569702,-0.002384662628173828
6,18,63,81.0,3.249349355697632,3.2777299880981445,0.028380632400512695
6,18,64,93.0,3.696587085723877,3.693122386932373,-0.0034646987915039062
6,18,65,72.0,3.9958338737487793,3.9760751724243164,-0.01975870132446289
6,18,66,230.0,3.6442677974700928,3.65012788772583,0.005860090255737305
6,18,67,99.0,2.919395685195923,2.8704962730407715,-0.04889941215515137
6,18,68,213.0,2.9106554985046387,2.905979871749878,-0.004675626754760742
6,18,69,119.0,2.7914681434631348,2.7902233600616455,-0.0012447834014892578
6,18,70,161.0,3.1008999347686768,3.10427188873291,0.0033719539642333984
6,18,71,90.0,4.010181903839111,3.9833292961120605,-0.02685260772705078
6,18,72,181.0,3.0067594051361084,3.0097877979278564,0.003028392791748047
6,18,73,95.0,4.08024787902832,4.079578399658203,-0.0006694793701171875
6,18,74,245.0,2.442718744277954,2.4409213066101074,-0.0017974376678466797
6,18,75,93.0,2.114382266998291,2.1410109996795654,0.026628732681274414
6,18,76,225.0,2.825653553009033,2.8163325786590576,-0.009320974349975586
6,18,77,61.0,3.338794708251953,3.3321330547332764,-0.006661653518676758
6,18,78,257.0,3.9624106884002686,3.965444564819336,0.003033876419067383
6,18,79,165.0,3.2207393646240234,3.2239902019500732,0.0032508373260498047
6,18,80,117.0,4.315102577209473,4.310085773468018,-0.005016803741455078
6,18,81,89.0,3.6350255012512207,3.6412360668182373,0.0062105655670166016
6,18,82,291.0,3.772111177444458,3.7681729793548584,-0.003938198089599609
6,18,83,93.0,3.43058443069458,3.44400691986084,0.013422489166259766
6,18,84,228.0,2.4015636444091797,2.4288060665130615,0.027242422103881836
6,18,85,131.0,2.8454298973083496,2.851422071456909,0.00599217414855957
6,18,86,191.0,4.341160774230957,4.344720363616943,0.003559589385986328
6,18,87,238.0,5.110036849975586,5.10361909866333,-0.006417751312255859
6,18,88,210.0,3.3413021564483643,3.3567264080047607,0.015424251556396484
6,18,89,107.0,4.339839935302734,4.335404396057129,-0.004435539245605469
6,18,90,217.0,3.0681116580963135,3.071523427963257,0.0034117698669433594
6,18,91,199.0,3.2457942962646484,3.248774766921997,0.002980470657348633
6,18,92,84.0,2.6276965141296387,2.632789134979248,0.005092620849609375
6,18,93,271.0,3.756063222885132,3.7520928382873535,-0.00397038459777832
6,18,94,226.0,3.251934289932251,3.256195306777954,0.004261016845703125
6,18,95,258.0,3.875674247741699,3.8706915378570557,-0.004982709884643555
6,18,96,86.0,3.585750102996826,3.589421033859253,0.003670930862426758
6,18,97,142.0,4.497574806213379,4.51086950302124,0.013294696807861328
6,18,98,42.0,3.347982168197632,3.2972919940948486,-0.0506901741027832
6,18,99,224.0,2.679133892059326,2.660416841506958,-0.018717050552368164
6,18,100,197.0,2.196375608444214,2.191793918609619,-0.0045816898345947266
6,18,101,85.0,2.568619728088379,2.5582454204559326,-0.010374307632446289
6,18,102,195.0,3.2174572944641113,3.214428186416626,-0.0030291080474853516
6,18,103,102.0,3.6202828884124756,3.6126532554626465,-0.0076296329498291016
6,18,104,181.0,3.483546018600464,3.486097574234009,0.002551555633544922
6,18,105,72.0,2.1719796657562256,2.1772725582122803,0.0052928924560546875
6,18,106,130.0,4.735745906829834,4.7066264152526855,-0.029119491577148438
6,18,107,62.0,2.6150100231170654,2.6119961738586426,-0.0030138492584228516
6,18,108,263.0,3.6819097995758057,3.6753056049346924,-0.006604194641113281
6,18,109,194.0,2.822662115097046,2.822862386703491,0.0002002716064453125
6,18,110,174.0,2.753187417984009,2.7560009956359863,0.002813577651977539
6,18,111,235.0,4.053600788116455,4.048773288726807,-0.0048274993896484375
6,18,112,143.0,4.031272888183594,4.030531883239746,-0.0007410049438476562
6,18,113,117.0,4.415828704833984,4.45834493637085,0.042516231536865234
6,18,114,160.0,3.988440990447998,3.974595546722412,-0.013845443725585938
6,18,115,115.0,3.474060297012329,3.4761037826538086,0.002043485641479492
6,18,116,120.0,3.551665782928467,3.5623397827148438,0.010673999786376953
6,18,117,186.0,3.7136735916137695,3.7166178226470947,0.0029442310333251953
6,18,118,138.0,3.1632800102233887,3.1777572631835938,0.014477252960205078
6,18,119,80.0,2.3273348808288574,2.2927627563476562,-0.03457212448120117
6,18,120,164.0,2.849583864212036,2.8588600158691406,0.009276151657104492
6,18,121,215.0,3.761408567428589,3.742295026779175,-0.019113540649414062
6,18,122,81.0,3.2764456272125244,3.2734413146972656,-0.003004312515258789
6,18,123,171.0,3.1637179851531982,3.1772875785827637,0.01356959342956543
6,18,124,41.0,5.6693196296691895,5.74598503112793,0.07666540145874023
6,18,125,103.0,3.8813576698303223,3.881977081298828,0.0006194114685058594
6,18,126,145.0,3.006119966506958,3.005845308303833,-0.000274658203125
6,18,127,102.0,2.92803955078125,2.9236342906951904,-0.00440526008605957
6,19,0,196.0,3.6189582347869873,3.613204002380371,-0.005754232406616211
6,19,1,127.0,3.22214412689209,3.2138705253601074,-0.008273601531982422
6,19,2,162.0,2.2713801860809326,2.2717320919036865,0.00035190582275390625
6,19,3,92.0,4.133184909820557,4.120249271392822,-0.012935638427734375
6,19,4,194.0,3.299353837966919,3.2988381385803223,-0.0005156993865966797
6,19,5,115.0,2.8214778900146484,2.8114240169525146,-0.010053873062133789
6,19,6,109.0,4.325214862823486,4.3233160972595215,-0.0018987655639648438
6,19,7,48.0,3.449648857116699,3.4483802318573,-0.001268625259399414
6,19,8,69.0,3.7256877422332764,3.72921085357666,0.003523111343383789
6,19,9,85.0,3.190195322036743,3.1891629695892334,-0.0010323524475097656
6,19,10,238.0,2.782064914703369,2.7823288440704346,0.0002639293670654297
6,19,11,233.0,2.6044344902038574,2.6084046363830566,0.003970146179199219
6,19,12,208.0,3.147305488586426,3.145463228225708,-0.0018422603607177734
6,19,13,196.0,2.917774200439453,2.9188456535339355,0.0010714530944824219
6,19,14,131.0,3.2567384243011475,3.255300283432007,-0.001438140869140625
6,19,15,125.0,2.790242910385132,2.785891056060791,-0.00435185432434082
6,19,16,61.0,4.113956451416016,4.111741542816162,-0.0022149085998535156
6,19,17,164.0,2.230290412902832,2.2297723293304443,-0.0005180835723876953
6,19,18,107.0,3.345957040786743,3.3506829738616943,0.004725933074951172
6,19,19,48.0,3.959183692932129,3.952599287033081,-0.0065844058990478516
6,19,20,74.0,2.182640314102173,2.1950478553771973,0.012407541275024414
6,19,21,103.0,2.7647080421447754,2.7740657329559326,0.009357690811157227
6,19,22,114.0,3.4331488609313965,3.4319908618927,-0.001157999038696289
6,19,23,50.0,5.562728404998779,5.559391975402832,-0.0033364295959472656
6,19,24,281.0,2.4593505859375,2.4484846591949463,-0.010865926742553711
6,19,25,247.0,2.162877321243286,2.1650640964508057,0.0021867752075195312
6,19,26,173.0,3.780362606048584,3.7832462787628174,0.0028836727142333984
6,19,27,166.0,3.268761396408081,3.2682766914367676,-0.00048470497131347656
6,19,28,98.0,2.8850836753845215,2.878938674926758,-0.006145000457763672
6,19,29,174.0,3.2879021167755127,3.2829575538635254,-0.004944562911987305
6,19,30,173.0,3.087313413619995,3.0862345695495605,-0.0010788440704345703
6,19,31,215.0,3.7688708305358887,3.764037847518921,-0.0048329830169677734
6,19,32,186.0,2.7773280143737793,2.785916805267334,0.008588790893554688
6,19,33,153.0,2.610452890396118,2.6070196628570557,-0.0034332275390625
6,19,34,147.0,3.096090793609619,3.0882558822631836,-0.007834911346435547
6,19,35,50.0,4.262930870056152,4.261246204376221,-0.0016846656799316406
6,19,36,86.0,2.5445685386657715,2.558760643005371,0.01419210433959961
6,19,37,154.0,4.032649040222168,4.032092571258545,-0.0005564689636230469
6,19,38,265.0,2.685051679611206,2.685466766357422,0.0004150867462158203
6,19,39,199.0,3.442211389541626,3.440365791320801,-0.0018455982208251953
6,19,40,138.0,3.036294937133789,3.0356948375701904,-0.0006000995635986328
6,19,41,98.0,3.56339955329895,3.5594544410705566,-0.003945112228393555
6,19,42,167.0,2.791276693344116,2.795180559158325,0.0039038658142089844
6,19,43,288.0,3.996307849884033,3.997624635696411,0.0013167858123779297
6,19,44,225.0,2.764963150024414,2.7646608352661133,-0.00030231475830078125
6,19,45,191.0,3.2674989700317383,3.268752098083496,0.0012531280517578125
6,19,46,92.0,4.787234783172607,4.787107944488525,-0.00012683868408203125
6,19,47,41.0,5.17321252822876,5.1770853996276855,0.0038728713989257812
6,19,48,231.0,3.050201892852783,3.0476131439208984,-0.0025887489318847656
6,19,49,101.0,2.2807674407958984,2.2796130180358887,-0.0011544227600097656
6,19,50,177.0,3.28656005859375,3.288294792175293,0.0017347335815429688
6,19,51,252.0,3.729534387588501,3.7363979816436768,0.006863594055175781
6,19,52,259.0,3.0285918712615967,3.0246541500091553,-0.003937721252441406
6,19,53,47.0,3.0469322204589844,3.040001153945923,-0.0069310665130615234
6,19,54,164.0,2.354414463043213,2.362832546234131,0.008418083190917969
6,19,55,94.0,3.564063310623169,3.5609447956085205,-0.0031185150146484375
6,19,56,103.0,3.668520927429199,3.6693201065063477,0.0007991790771484375
6,19,57,78.0,3.6771252155303955,3.6665234565734863,-0.01060175895690918
6,19,58,239.0,3.4083893299102783,3.4062795639038086,-0.0021097660064697266
6,19,59,271.0,4.502346992492676,4.502113342285156,-0.00023365020751953125
6,19,60,162.0,3.0323004722595215,3.0312092304229736,-0.0010912418365478516
6,19,61,179.0,3.618516206741333,3.6263842582702637,0.007868051528930664
6,19,62,218.0,2.710827112197876,2.713020086288452,0.002192974090576172
6,19,63,81.0,3.249349355697632,3.2431211471557617,-0.006228208541870117
6,19,64,93.0,3.696587085723877,3.6936402320861816,-0.0029468536376953125
6,19,65,72.0,3.9958338737487793,4.000761985778809,0.004928112030029297
6,19,66,230.0,3.6442677974700928,3.64149808883667,-0.0027697086334228516
6,19,67,99.0,2.919395685195923,2.924968719482422,0.0055730342864990234
6,19,68,213.0,2.9106554985046387,2.9051527976989746,-0.0055027008056640625
6,19,69,119.0,2.7914681434631348,2.8005101680755615,0.009042024612426758
6,19,70,161.0,3.1008999347686768,3.1033830642700195,0.0024831295013427734
6,19,71,90.0,4.010181903839111,4.010402202606201,0.00022029876708984375
6,19,72,181.0,3.0067594051361084,3.008429527282715,0.0016701221466064453
6,19,73,95.0,4.08024787902832,4.074563980102539,-0.00568389892578125
6,19,74,245.0,2.442718744277954,2.4468042850494385,0.004085540771484375
6,19,75,93.0,2.114382266998291,2.1090943813323975,-0.005287885665893555
6,19,76,225.0,2.825653553009033,2.822266101837158,-0.003387451171875
6,19,77,61.0,3.338794708251953,3.3315165042877197,-0.0072782039642333984
6,19,78,257.0,3.9624106884002686,3.9690849781036377,0.006674289703369141
6,19,79,165.0,3.2207393646240234,3.2148845195770264,-0.00585484504699707
6,19,80,117.0,4.315102577209473,4.306241989135742,-0.008860588073730469
6,19,81,89.0,3.6350255012512207,3.633253574371338,-0.0017719268798828125
6,19,82,291.0,3.772111177444458,3.773864507675171,0.0017533302307128906
6,19,83,93.0,3.43058443069458,3.425475835800171,-0.00510859489440918
6,19,84,228.0,2.4015636444091797,2.392009973526001,-0.009553670883178711
6,19,85,131.0,2.8454298973083496,2.840972661972046,-0.004457235336303711
6,19,86,191.0,4.341160774230957,4.344101428985596,0.002940654754638672
6,19,87,238.0,5.110036849975586,5.109611988067627,-0.0004248619079589844
6,19,88,210.0,3.3413021564483643,3.3422622680664062,0.0009601116180419922
6,19,89,107.0,4.339839935302734,4.347841739654541,0.00800180435180664
6,19,90,217.0,3.0681116580963135,3.0688929557800293,0.0007812976837158203
6,19,91,199.0,3.2457942962646484,3.2499353885650635,0.004141092300415039
6,19,92,84.0,2.6276965141296387,2.639383316040039,0.01168680191040039
6,19,93,271.0,3.756063222885132,3.7529642581939697,-0.0030989646911621094
6,19,94,226.0,3.251934289932251,3.252439260482788,0.0005049705505371094
6,19,95,258.0,3.875674247741699,3.884516716003418,0.00884246826171875
6,19,96,86.0,3.585750102996826,3.5899200439453125,0.004169940948486328
6,19,97,142.0,4.497574806213379,4.490217685699463,-0.007357120513916016
6,19,98,42.0,3.347982168197632,3.3547937870025635,0.006811618804931641
6,19,99,224.0,2.679133892059326,2.671708345413208,-0.007425546646118164
6,19,100,197.0,2.196375608444214,2.192627191543579,-0.0037484169006347656
6,19,101,85.0,2.568619728088379,2.5576331615448,-0.010986566543579102
6,19,102,195.0,3.2174572944641113,3.221104383468628,0.0036470890045166016
6,19,103,102.0,3.6202828884124756,3.6345157623291016,0.014232873916625977
6,19,104,181.0,3.483546018600464,3.4883384704589844,0.004792451858520508
6,19,105,72.0,2.1719796657562256,2.16713809967041,-0.00484156608581543
6,19,106,130.0,4.735745906829834,4.737775802612305,0.002029895782470703
6,19,107,62.0,2.6150100231170654,2.6123275756835938,-0.0026824474334716797
6,19,108,263.0,3.6819097995758057,3.6848642826080322,0.0029544830322265625
6,19,109,194.0,2.822662115097046,2.8218283653259277,-0.0008337497711181641
6,19,110,174.0,2.753187417984009,2.753918170928955,0.0007307529449462891
6,19,111,235.0,4.053600788116455,4.0627641677856445,0.009163379669189453
6,19,112,143.0,4.031272888183594,4.032760143280029,0.0014872550964355469
6,19,113,117.0,4.415828704833984,4.364168643951416,-0.05166006088256836
6,19,114,160.0,3.988440990447998,3.9918618202209473,0.0034208297729492188
6,19,115,115.0,3.474060297012329,3.476297616958618,0.0022373199462890625
6,19,116,120.0,3.551665782928467,3.5556461811065674,0.003980398178100586
6,19,117,186.0,3.7136735916137695,3.715805768966675,0.0021321773529052734
6,19,118,138.0,3.1632800102233887,3.168030261993408,0.004750251770019531
6,19,119,80.0,2.3273348808288574,2.3115811347961426,-0.015753746032714844
6,19,120,164.0,2.849583864212036,2.853696584701538,0.004112720489501953
6,19,121,215.0,3.761408567428589,3.7609477043151855,-0.0004608631134033203
6,19,122,81.0,3.2764456272125244,3.280374526977539,0.0039288997650146484
6,19,123,171.0,3.1637179851531982,3.1678905487060547,0.004172563552856445
6,19,124,41.0,5.6693196296691895,5.6923956871032715,0.02307605743408203
6,19,125,103.0,3.8813576698303223,3.8846585750579834,0.003300905227661133
6,19,126,145.0,3.006119966506958,2.9998159408569336,-0.006304025650024414
6,19,127,102.0,2.92803955078125,2.932962417602539,0.0049228668212890625
6,20,0,196.0,3.6189582347869873,3.6156551837921143,-0.003303050994873047
6,20,1,127.0,3.22214412689209,3.2186384201049805,-0.003505706787109375
6,20,2,162.0,2.2713801860809326,2.2677159309387207,-0.003664255142211914
6,20,3,92.0,4.133184909820557,4.125155448913574,-0.008029460906982422
6,20,4,194.0,3.299353837966919,3.298544406890869,-0.0008094310760498047
6,20,5,115.0,2.8214778900146484,2.821507215499878,2.9325485229492188e-05
6,20,6,109.0,4.325214862823486,4.329930782318115,0.004715919494628906
6,20,7,48.0,3.449648857116699,3.446026086807251,-0.003622770309448242
6,20,8,69.0,3.7256877422332764,3.7340071201324463,0.008319377899169922
6,20,9,85.0,3.190195322036743,3.1926653385162354,0.0024700164794921875
6,20,10,238.0,2.782064914703369,2.7809484004974365,-0.0011165142059326172
6,20,11,233.0,2.6044344902038574,2.607973575592041,0.0035390853881835938
6,20,12,208.0,3.147305488586426,3.147047519683838,-0.0002579689025878906
6,20,13,196.0,2.917774200439453,2.921295166015625,0.003520965576171875
6,20,14,131.0,3.2567384243011475,3.2586324214935303,0.0018939971923828125
6,20,15,125.0,2.790242910385132,2.787950277328491,-0.002292633056640625
6,20,16,61.0,4.113956451416016,4.112208843231201,-0.0017476081848144531
6,20,17,164.0,2.230290412902832,2.230057716369629,-0.000232696533203125
6,20,18,107.0,3.345957040786743,3.3489432334899902,0.0029861927032470703
6,20,19,48.0,3.959183692932129,3.9547407627105713,-0.004442930221557617
6,20,20,74.0,2.182640314102173,2.1776602268218994,-0.0049800872802734375
6,20,21,103.0,2.7647080421447754,2.7777860164642334,0.013077974319458008
6,20,22,114.0,3.4331488609313965,3.440218210220337,0.00706934928894043
6,20,23,50.0,5.562728404998779,5.569016933441162,0.0062885284423828125
6,20,24,281.0,2.4593505859375,2.457338809967041,-0.0020117759704589844
6,20,25,247.0,2.162877321243286,2.166506052017212,0.0036287307739257812
6,20,26,173.0,3.780362606048584,3.783344268798828,0.0029816627502441406
6,20,27,166.0,3.268761396408081,3.271076202392578,0.0023148059844970703
6,20,28,98.0,2.8850836753845215,2.8796541690826416,-0.005429506301879883
6,20,29,174.0,3.2879021167755127,3.285224199295044,-0.00267791748046875
6,20,30,173.0,3.087313413619995,3.0871286392211914,-0.00018477439880371094
6,20,31,215.0,3.7688708305358887,3.7685580253601074,-0.00031280517578125
6,20,32,186.0,2.7773280143737793,2.784348964691162,0.0070209503173828125
6,20,33,153.0,2.610452890396118,2.6054182052612305,-0.005034685134887695
6,20,34,147.0,3.096090793609619,3.0917060375213623,-0.004384756088256836
6,20,35,50.0,4.262930870056152,4.255745887756348,-0.0071849822998046875
6,20,36,86.0,2.5445685386657715,2.566126585006714,0.021558046340942383
6,20,37,154.0,4.032649040222168,4.031764984130859,-0.0008840560913085938
6,20,38,265.0,2.685051679611206,2.6799187660217285,-0.005132913589477539
6,20,39,199.0,3.442211389541626,3.4393253326416016,-0.002886056900024414
6,20,40,138.0,3.036294937133789,3.038323402404785,0.0020284652709960938
6,20,41,98.0,3.56339955329895,3.5672385692596436,0.0038390159606933594
6,20,42,167.0,2.791276693344116,2.793823719024658,0.002547025680541992
6,20,43,288.0,3.996307849884033,3.997138500213623,0.0008306503295898438
6,20,44,225.0,2.764963150024414,2.762411117553711,-0.002552032470703125
6,20,45,191.0,3.2674989700317383,3.267820358276367,0.00032138824462890625
6,20,46,92.0,4.787234783172607,4.784280300140381,-0.0029544830322265625
6,20,47,41.0,5.17321252822876,5.182891845703125,0.009679317474365234
6,20,48,231.0,3.050201892852783,3.0515310764312744,0.001329183578491211
6,20,49,101.0,2.2807674407958984,2.2782340049743652,-0.002533435821533203
6,20,50,177.0,3.28656005859375,3.284254789352417,-0.002305269241333008
6,20,51,252.0,3.729534387588501,3.7380542755126953,0.008519887924194336
6,20,52,259.0,3.0285918712615967,3.0286922454833984,0.00010037422180175781
6,20,53,47.0,3.0469322204589844,3.041696071624756,-0.005236148834228516
6,20,54,164.0,2.354414463043213,2.3541579246520996,-0.00025653839111328125
6,20,55,94.0,3.564063310623169,3.5580248832702637,-0.0060384273529052734
6,20,56,103.0,3.668520927429199,3.6671462059020996,-0.0013747215270996094
6,20,57,78.0,3.6771252155303955,3.672117233276367,-0.00500798225402832
6,20,58,239.0,3.4083893299102783,3.4075045585632324,-0.0008847713470458984
6,20,59,271.0,4.502346992492676,4.505090713500977,0.0027437210083007812
6,20,60,162.0,3.0323004722595215,3.024803400039673,-0.007497072219848633
6,20,61,179.0,3.618516206741333,3.6224303245544434,0.0039141178131103516
6,20,62,218.0,2.710827112197876,2.71293044090271,0.0021033287048339844
6,20,63,81.0,3.249349355697632,3.2551488876342773,0.005799531936645508
6,20,64,93.0,3.696587085723877,3.7064969539642334,0.009909868240356445
6,20,65,72.0,3.9958338737487793,3.9900665283203125,-0.005767345428466797
6,20,66,230.0,3.6442677974700928,3.642336368560791,-0.0019314289093017578
6,20,67,99.0,2.919395685195923,2.9242467880249023,0.004851102828979492
6,20,68,213.0,2.9106554985046387,2.904369592666626,-0.006285905838012695
6,20,69,119.0,2.7914681434631348,2.795672655105591,0.004204511642456055
6,20,70,161.0,3.1008999347686768,3.105898857116699,0.004998922348022461
6,20,71,90.0,4.010181903839111,3.9988386631011963,-0.011343240737915039
6,20,72,181.0,3.0067594051361084,3.0072062015533447,0.0004467964172363281
6,20,73,95.0,4.08024787902832,4.068721771240234,-0.011526107788085938
6,20,74,245.0,2.442718744277954,2.4376938343048096,-0.005024909973144531
6,20,75,93.0,2.114382266998291,2.121910333633423,0.007528066635131836
6,20,76,225.0,2.825653553009033,2.828040838241577,0.0023872852325439453
6,20,77,61.0,3.338794708251953,3.3365328311920166,-0.0022618770599365234
6,20,78,257.0,3.9624106884002686,3.9627957344055176,0.00038504600524902344
6,20,79,165.0,3.2207393646240234,3.2208125591278076,7.319450378417969e-05
6,20,80,117.0,4.315102577209473,4.315772533416748,0.0006699562072753906
6,20,81,89.0,3.6350255012512207,3.6330318450927734,-0.0019936561584472656
6,20,82,291.0,3.772111177444458,3.7736964225769043,0.001585245132446289
6,20,83,93.0,3.43058443069458,3.4269468784332275,-0.003637552261352539
6,20,84,228.0,2.4015636444091797,2.4120848178863525,0.010521173477172852
6,20,85,131.0,2.8454298973083496,2.842745542526245,-0.002684354782104492
6,20,86,191.0,4.341160774230957,4.3454813957214355,0.004320621490478516
6,20,87,238.0,5.110036849975586,5.108615875244141,-0.0014209747314453125
6,20,88,210.0,3.3413021564483643,3.3474621772766113,0.00616002082824707
6,20,89,107.0,4.339839935302734,4.346325874328613,0.006485939025878906
6,20,90,217.0,3.0681116580963135,3.0728578567504883,0.004746198654174805
6,20,91,199.0,3.2457942962646484,3.251335620880127,0.005541324615478516
6,20,92,84.0,2.6276965141296387,2.63889741897583,0.011200904846191406
6,20,93,271.0,3.756063222885132,3.753091812133789,-0.0029714107513427734
6,20,94,226.0,3.251934289932251,3.2542686462402344,0.0023343563079833984
6,20,95,258.0,3.875674247741699,3.8819003105163574,0.006226062774658203
6,20,96,86.0,3.585750102996826,3.5992956161499023,0.013545513153076172
6,20,97,142.0,4.497574806213379,4.493771076202393,-0.003803730010986328
6,20,98,42.0,3.347982168197632,3.3457560539245605,-0.002226114273071289
6,20,99,224.0,2.679133892059326,2.679889678955078,0.0007557868957519531
6,20,100,197.0,2.196375608444214,2.195136547088623,-0.0012390613555908203
6,20,101,85.0,2.568619728088379,2.5623505115509033,-0.006269216537475586
6,20,102,195.0,3.2174572944641113,3.2171761989593506,-0.0002810955047607422
6,20,103,102.0,3.6202828884124756,3.620985507965088,0.0007026195526123047
6,20,104,181.0,3.483546018600464,3.4825050830841064,-0.0010409355163574219
6,20,105,72.0,2.1719796657562256,2.1704330444335938,-0.001546621322631836
6,20,106,130.0,4.735745906829834,4.730064868927002,-0.005681037902832031
6,20,107,62.0,2.6150100231170654,2.6077818870544434,-0.00722813606262207
6,20,108,263.0,3.6819097995758057,3.679431676864624,-0.0024781227111816406
6,20,109,194.0,2.822662115097046,2.8162646293640137,-0.0063974857330322266
6,20,110,174.0,2.753187417984009,2.747565984725952,-0.005621433258056641
6,20,111,235.0,4.053600788116455,4.069306373596191,0.015705585479736328
6,20,112,143.0,4.031272888183594,4.033156394958496,0.0018835067749023438
6,20,113,117.0,4.415828704833984,4.441745281219482,0.025916576385498047
6,20,114,160.0,3.988440990447998,3.9861626625061035,-0.0022783279418945312
6,20,115,115.0,3.474060297012329,3.4783036708831787,0.004243373870849609
6,20,116,120.0,3.551665782928467,3.552128553390503,0.0004627704620361328
6,20,117,186.0,3.7136735916137695,3.711907386779785,-0.001766204833984375
6,20,118,138.0,3.1632800102233887,3.1720168590545654,0.008736848831176758
6,20,119,80.0,2.3273348808288574,2.321566104888916,-0.005768775939941406
6,20,120,164.0,2.849583864212036,2.8509392738342285,0.0013554096221923828
6,20,121,215.0,3.761408567428589,3.7622005939483643,0.0007920265197753906
6,20,122,81.0,3.2764456272125244,3.2834901809692383,0.007044553756713867
6,20,123,171.0,3.1637179851531982,3.167598009109497,0.003880023956298828
6,20,124,41.0,5.6693196296691895,5.6377387046813965,-0.03158092498779297
6,20,125,103.0,3.8813576698303223,3.885345697402954,0.003988027572631836
6,20,126,145.0,3.006119966506958,3.006239414215088,0.00011944770812988281
6,20,127,102.0,2.92803955078125,2.9261724948883057,-0.001867055892944336
6,21,0,196.0,3.6189582347869873,3.6025900840759277,-0.01636815071105957
6,21,1,127.0,3.22214412689209,3.2266292572021484,0.004485130310058594
6,21,2,162.0,2.2713801860809326,2.270864963531494,-0.0005152225494384766
6,21,3,92.0,4.133184909820557,4.123592853546143,-0.009592056274414062
6,21,4,194.0,3.299353837966919,3.296292304992676,-0.003061532974243164
6,21,5,115.0,2.8214778900146484,2.8124547004699707,-0.009023189544677734
6,21,6,109.0,4.325214862823486,4.331976890563965,0.006762027740478516
6,21,7,48.0,3.449648857116699,3.4514095783233643,0.001760721206665039
6,21,8,69.0,3.7256877422332764,3.72991681098938,0.004229068756103516
6,21,9,85.0,3.190195322036743,3.194343090057373,0.004147768020629883
6,21,10,238.0,2.782064914703369,2.7834770679473877,0.0014121532440185547
6,21,11,233.0,2.6044344902038574,2.606907844543457,0.0024733543395996094
6,21,12,208.0,3.147305488586426,3.1468923091888428,-0.0004131793975830078
6,21,13,196.0,2.917774200439453,2.9169304370880127,-0.0008437633514404297
6,21,14,131.0,3.2567384243011475,3.2608489990234375,0.004110574722290039
6,21,15,125.0,2.790242910385132,2.781585931777954,-0.008656978607177734
6,21,16,61.0,4.113956451416016,4.108162879943848,-0.005793571472167969
6,21,17,164.0,2.230290412902832,2.231550931930542,0.001260519027709961
6,21,18,107.0,3.345957040786743,3.358064651489258,0.012107610702514648
6,21,19,48.0,3.959183692932129,3.9519405364990234,-0.007243156433105469
6,21,20,74.0,2.182640314102173,2.1847035884857178,0.002063274383544922
6,21,21,103.0,2.7647080421447754,2.758652687072754,-0.006055355072021484
6,21,22,114.0,3.4331488609313965,3.4400992393493652,0.00695037841796875
6,21,23,50.0,5.562728404998779,5.562029838562012,-0.0006985664367675781
6,21,24,281.0,2.4593505859375,2.4618349075317383,0.0024843215942382812
6,21,25,247.0,2.162877321243286,2.1665170192718506,0.003639698028564453
6,21,26,173.0,3.780362606048584,3.7784013748168945,-0.001961231231689453
6,21,27,166.0,3.268761396408081,3.271251678466797,0.0024902820587158203
6,21,28,98.0,2.8850836753845215,2.8857662677764893,0.0006825923919677734
6,21,29,174.0,3.2879021167755127,3.276656150817871,-0.011245965957641602
6,21,30,173.0,3.087313413619995,3.0922374725341797,0.00492405891418457
6,21,31,215.0,3.7688708305358887,3.760601758956909,-0.008269071578979492
6,21,32,186.0,2.7773280143737793,2.774935245513916,-0.0023927688598632812
6,21,33,153.0,2.610452890396118,2.5993707180023193,-0.011082172393798828
6,21,34,147.0,3.096090793609619,3.096975803375244,0.000885009765625
6,21,35,50.0,4.262930870056152,4.260449409484863,-0.0024814605712890625
6,21,36,86.0,2.5445685386657715,2.557816505432129,0.013247966766357422
6,21,37,154.0,4.032649040222168,4.036861419677734,0.004212379455566406
6,21,38,265.0,2.685051679611206,2.6882221698760986,0.003170490264892578
6,21,39,199.0,3.442211389541626,3.441950559616089,-0.0002608299255371094
6,21,40,138.0,3.036294937133789,3.050057888031006,0.013762950897216797
6,21,41,98.0,3.56339955329895,3.5697133541107178,0.006313800811767578
6,21,42,167.0,2.791276693344116,2.7927603721618652,0.0014836788177490234
6,21,43,288.0,3.996307849884033,3.99666428565979,0.00035643577575683594
6,21,44,225.0,2.764963150024414,2.763867139816284,-0.0010960102081298828
6,21,45,191.0,3.2674989700317383,3.2680702209472656,0.0005712509155273438
6,21,46,92.0,4.787234783172607,4.789642333984375,0.002407550811767578
6,21,47,41.0,5.17321252822876,5.165380954742432,-0.007831573486328125
6,21,48,231.0,3.050201892852783,3.046138286590576,-0.004063606262207031
6,21,49,101.0,2.2807674407958984,2.2817554473876953,0.000988006591796875
6,21,50,177.0,3.28656005859375,3.287642478942871,0.0010824203491210938
6,21,51,252.0,3.729534387588501,3.7373533248901367,0.007818937301635742
6,21,52,259.0,3.0285918712615967,3.0273845195770264,-0.0012073516845703125
6,21,53,47.0,3.0469322204589844,3.0386557579040527,-0.00827646255493164
6,21,54,164.0,2.354414463043213,2.3546221256256104,0.00020766258239746094
6,21,55,94.0,3.564063310623169,3.5611066818237305,-0.0029566287994384766
6,21,56,103.0,3.668520927429199,3.6587560176849365,-0.009764909744262695
6,21,57,78.0,3.6771252155303955,3.672828435897827,-0.004296779632568359
6,21,58,239.0,3.4083893299102783,3.402690887451172,-0.005698442459106445
6,21,59,271.0,4.502346992492676,4.5022358894348145,-0.00011110305786132812
6,21,60,162.0,3.0323004722595215,3.0306396484375,-0.0016608238220214844
6,21,61,179.0,3.618516206741333,3.6190366744995117,0.0005204677581787109
6,21,62,218.0,2.710827112197876,2.715999126434326,0.005172014236450195
6,21,63,81.0,3.249349355697632,3.253153085708618,0.003803730010986328
6,21,64,93.0,3.696587085723877,3.704636812210083,0.008049726486206055
6,21,65,72.0,3.9958338737487793,4.012338638305664,0.016504764556884766
6,21,66,230.0,3.6442677974700928,3.636737823486328,-0.0075299739837646484
6,21,67,99.0,2.919395685195923,2.9433865547180176,0.023990869522094727
6,21,68,213.0,2.9106554985046387,2.9055824279785156,-0.005073070526123047
6,21,69,119.0,2.7914681434631348,2.7900452613830566,-0.001422882080078125
6,21,70,161.0,3.1008999347686768,3.1059751510620117,0.005075216293334961
6,21,71,90.0,4.010181903839111,4.009712219238281,-0.0004696846008300781
6,21,72,181.0,3.0067594051361084,3.006924629211426,0.0001652240753173828
6,21,73,95.0,4.08024787902832,4.074647426605225,-0.005600452423095703
6,21,74,245.0,2.442718744277954,2.436450242996216,-0.006268501281738281
6,21,75,93.0,2.114382266998291,2.117513418197632,0.0031311511993408203
6,21,76,225.0,2.825653553009033,2.8244786262512207,-0.0011749267578125
6,21,77,61.0,3.338794708251953,3.344172954559326,0.005378246307373047
6,21,78,257.0,3.9624106884002686,3.964634656906128,0.002223968505859375
6,21,79,165.0,3.2207393646240234,3.222644805908203,0.0019054412841796875
6,21,80,117.0,4.315102577209473,4.307553291320801,-0.007549285888671875
6,21,81,89.0,3.6350255012512207,3.6336112022399902,-0.0014142990112304688
6,21,82,291.0,3.772111177444458,3.779637098312378,0.007525920867919922
6,21,83,93.0,3.43058443069458,3.423090696334839,-0.007493734359741211
6,21,84,228.0,2.4015636444091797,2.399970054626465,-0.0015935897827148438
6,21,85,131.0,2.8454298973083496,2.8385000228881836,-0.006929874420166016
6,21,86,191.0,4.341160774230957,4.3413166999816895,0.00015592575073242188
6,21,87,238.0,5.110036849975586,5.109405994415283,-0.0006308555603027344
6,21,88,210.0,3.3413021564483643,3.3491780757904053,0.007875919342041016
6,21,89,107.0,4.339839935302734,4.348108768463135,0.00826883316040039
6,21,90,217.0,3.0681116580963135,3.0729990005493164,0.00488734245300293
6,21,91,199.0,3.2457942962646484,3.2393245697021484,-0.0064697265625
6,21,92,84.0,2.6276965141296387,2.6292920112609863,0.0015954971313476562
6,21,93,271.0,3.756063222885132,3.7532620429992676,-0.002801179885864258
6,21,94,226.0,3.251934289932251,3.2537548542022705,0.0018205642700195312
6,21,95,258.0,3.875674247741699,3.8798468112945557,0.004172563552856445
6,21,96,86.0,3.585750102996826,3.5988965034484863,0.013146400451660156
6,21,97,142.0,4.497574806213379,4.492839813232422,-0.004734992980957031
6,21,98,42.0,3.347982168197632,3.324615001678467,-0.02336716651916504
6,21,99,224.0,2.679133892059326,2.672290802001953,-0.006843090057373047
6,21,100,197.0,2.196375608444214,2.1928107738494873,-0.0035648345947265625
6,21,101,85.0,2.568619728088379,2.569575309753418,0.0009555816650390625
6,21,102,195.0,3.2174572944641113,3.2126526832580566,-0.0048046112060546875
6,21,103,102.0,3.6202828884124756,3.640669345855713,0.020386457443237305
6,21,104,181.0,3.483546018600464,3.479072332382202,-0.004473686218261719
6,21,105,72.0,2.1719796657562256,2.182271718978882,0.01029205322265625
6,21,106,130.0,4.735745906829834,4.742685794830322,0.006939888000488281
6,21,107,62.0,2.6150100231170654,2.615943670272827,0.0009336471557617188
6,21,108,263.0,3.6819097995758057,3.688044548034668,0.006134748458862305
6,21,109,194.0,2.822662115097046,2.814868211746216,-0.007793903350830078
6,21,110,174.0,2.753187417984009,2.7481043338775635,-0.0050830841064453125
6,21,111,235.0,4.053600788116455,4.063262462615967,0.009661674499511719
6,21,112,143.0,4.031272888183594,4.032317638397217,0.0010447502136230469
6,21,113,117.0,4.415828704833984,4.428744792938232,0.012916088104248047
6,21,114,160.0,3.988440990447998,3.9888224601745605,0.0003814697265625
6,21,115,115.0,3.474060297012329,3.4751343727111816,0.001074075698852539
6,21,116,120.0,3.551665782928467,3.558474063873291,0.006808280944824219
6,21,117,186.0,3.7136735916137695,3.7179667949676514,0.004293203353881836
6,21,118,138.0,3.1632800102233887,3.1640708446502686,0.0007908344268798828
6,21,119,80.0,2.3273348808288574,2.333345890045166,0.006011009216308594
6,21,120,164.0,2.849583864212036,2.8489646911621094,-0.0006191730499267578
6,21,121,215.0,3.761408567428589,3.7493996620178223,-0.012008905410766602
6,21,122,81.0,3.2764456272125244,3.284501791000366,0.008056163787841797
6,21,123,171.0,3.1637179851531982,3.1649370193481445,0.001219034194946289
6,21,124,41.0,5.6693196296691895,5.691689491271973,0.022369861602783203
6,21,125,103.0,3.8813576698303223,3.8768346309661865,-0.004523038864135742
6,21,126,145.0,3.006119966506958,3.010284662246704,0.004164695739746094
6,21,127,102.0,2.92803955078125,2.9422316551208496,0.01419210433959961
6,22,0,196.0,3.6189582347869873,3.6108691692352295,-0.008089065551757812
6,22,1,127.0,3.22214412689209,3.2163121700286865,-0.00583195686340332
6,22,2,162.0,2.2713801860809326,2.2712862491607666,-9.393692016601562e-05
6,22,3,92.0,4.133184909820557,4.12547492980957,-0.007709980010986328
6,22,4,194.0,3.299353837966919,3.2937989234924316,-0.005554914474487305
6,22,5,115.0,2.8214778900146484,2.8249149322509766,0.003437042236328125
6,22,6,109.0,4.325214862823486,4.333161354064941,0.007946491241455078
6,22,7,48.0,3.449648857116699,3.45349383354187,0.0038449764251708984
6,22,8,69.0,3.7256877422332764,3.72746205329895,0.0017743110656738281
6,22,9,85.0,3.190195322036743,3.1914124488830566,0.0012171268463134766
6,22,10,238.0,2.782064914703369,2.7837538719177246,0.0016889572143554688
6,22,11,233.0,2.6044344902038574,2.603972911834717,-0.000461578369140625
6,22,12,208.0,3.147305488586426,3.148226737976074,0.0009212493896484375
6,22,13,196.0,2.917774200439453,2.9235689640045166,0.0057947635650634766
6,22,14,131.0,3.2567384243011475,3.261526346206665,0.004787921905517578
6,22,15,125.0,2.790242910385132,2.790008068084717,-0.00023484230041503906
6,22,16,61.0,4.113956451416016,4.10977840423584,-0.004178047180175781
6,22,17,164.0,2.230290412902832,2.227419137954712,-0.002871274948120117
6,22,18,107.0,3.345957040786743,3.3465418815612793,0.0005848407745361328
6,22,19,48.0,3.959183692932129,3.949601888656616,-0.009581804275512695
6,22,20,74.0,2.182640314102173,2.179819345474243,-0.0028209686279296875
6,22,21,103.0,2.7647080421447754,2.7543649673461914,-0.010343074798583984
6,22,22,114.0,3.4331488609313965,3.445232629776001,0.012083768844604492
6,22,23,50.0,5.562728404998779,5.563216686248779,0.00048828125
6,22,24,281.0,2.4593505859375,2.450845241546631,-0.00850534439086914
6,22,25,247.0,2.162877321243286,2.163686752319336,0.0008094310760498047
6,22,26,173.0,3.780362606048584,3.7743513584136963,-0.006011247634887695
6,22,27,166.0,3.268761396408081,3.270855665206909,0.002094268798828125
6,22,28,98.0,2.8850836753845215,2.8782548904418945,-0.006828784942626953
6,22,29,174.0,3.2879021167755127,3.2875866889953613,-0.0003154277801513672
6,22,30,173.0,3.087313413619995,3.0955779552459717,0.008264541625976562
6,22,31,215.0,3.7688708305358887,3.766268253326416,-0.0026025772094726562
6,22,32,186.0,2.7773280143737793,2.7856202125549316,0.008292198181152344
6,22,33,153.0,2.610452890396118,2.6052322387695312,-0.005220651626586914
6,22,34,147.0,3.096090793609619,3.0902247428894043,-0.005866050720214844
6,22,35,50.0,4.262930870056152,4.263174533843994,0.00024366378784179688
6,22,36,86.0,2.5445685386657715,2.567204236984253,0.022635698318481445
6,22,37,154.0,4.032649040222168,4.028683185577393,-0.003965854644775391
6,22,38,265.0,2.685051679611206,2.680307626724243,-0.004744052886962891
6,22,39,199.0,3.442211389541626,3.4359889030456543,-0.00622248649597168
6,22,40,138.0,3.036294937133789,3.042647123336792,0.00635218620300293
6,22,41,98.0,3.56339955329895,3.5680549144744873,0.004655361175537109
6,22,42,167.0,2.791276693344116,2.7943944931030273,0.003117799758911133
6,22,43,288.0,3.996307849884033,3.9941024780273438,-0.002205371856689453
6,22,44,225.0,2.764963150024414,2.7646279335021973,-0.0003352165222167969
6,22,45,191.0,3.2674989700317383,3.271615505218506,0.004116535186767578
6,22,46,92.0,4.787234783172607,4.779265880584717,-0.007968902587890625
6,22,47,41.0,5.17321252822876,5.177394390106201,0.004181861877441406
6,22,48,231.0,3.050201892852783,3.046340227127075,-0.003861665725708008
6,22,49,101.0,2.2807674407958984,2.2789580821990967,-0.0018093585968017578
6,22,50,177.0,3.28656005859375,3.280071258544922,-0.006488800048828125
6,22,51,252.0,3.729534387588501,3.73637056350708,0.0068361759185791016
6,22,52,259.0,3.0285918712615967,3.030778169631958,0.002186298370361328
6,22,53,47.0,3.0469322204589844,3.049537420272827,0.0026051998138427734
6,22,54,164.0,2.354414463043213,2.3601009845733643,0.005686521530151367
6,22,55,94.0,3.564063310623169,3.5561881065368652,-0.007875204086303711
6,22,56,103.0,3.668520927429199,3.665306806564331,-0.003214120864868164
6,22,57,78.0,3.6771252155303955,3.669983386993408,-0.007141828536987305
6,22,58,239.0,3.4083893299102783,3.4072377681732178,-0.0011515617370605469
6,22,59,271.0,4.502346992492676,4.508121490478516,0.005774497985839844
6,22,60,162.0,3.0323004722595215,3.0321900844573975,-0.00011038780212402344
6,22,61,179.0,3.618516206741333,3.627659320831299,0.00914311408996582
6,22,62,218.0,2.710827112197876,2.7122609615325928,0.0014338493347167969
6,22,63,81.0,3.249349355697632,3.248278856277466,-0.0010704994201660156
6,22,64,93.0,3.696587085723877,3.69980788230896,0.003220796585083008
6,22,65,72.0,3.9958338737487793,3.9883999824523926,-0.007433891296386719
6,22,66,230.0,3.6442677974700928,3.6412484645843506,-0.0030193328857421875
6,22,67,99.0,2.919395685195923,2.906132221221924,-0.013263463973999023
6,22,68,213.0,2.9106554985046387,2.911365509033203,0.0007100105285644531
6,22,69,119.0,2.7914681434631348,2.79504132270813,0.003573179244995117
6,22,70,161.0,3.1008999347686768,3.0980875492095947,-0.0028123855590820312
6,22,71,90.0,4.010181903839111,4.007926940917969,-0.002254962921142578
6,22,72,181.0,3.0067594051361084,3.0076804161071777,0.0009210109710693359
6,22,73,95.0,4.08024787902832,4.087288856506348,0.007040977478027344
6,22,74,245.0,2.442718744277954,2.4403076171875,-0.0024111270904541016
6,22,75,93.0,2.114382266998291,2.1209356784820557,0.0065534114837646484
6,22,76,225.0,2.825653553009033,2.8249900341033936,-0.0006635189056396484
6,22,77,61.0,3.338794708251953,3.344503879547119,0.005709171295166016
6,22,78,257.0,3.9624106884002686,3.9659390449523926,0.0035283565521240234
6,22,79,165.0,3.2207393646240234,3.2220189571380615,0.001279592514038086
6,22,80,117.0,4.315102577209473,4.312986373901367,-0.0021162033081054688
6,22,81,89.0,3.6350255012512207,3.644287347793579,0.009261846542358398
6,22,82,291.0,3.772111177444458,3.7711596488952637,-0.0009515285491943359
6,22,83,93.0,3.43058443069458,3.4294204711914062,-0.0011639595031738281
6,22,84,228.0,2.4015636444091797,2.3985493183135986,-0.0030143260955810547
6,22,85,131.0,2.8454298973083496,2.8419904708862305,-0.0034394264221191406
6,22,86,191.0,4.341160774230957,4.343714237213135,0.0025534629821777344
6,22,87,238.0,5.110036849975586,5.110435962677002,0.0003991127014160156
6,22,88,210.0,3.3413021564483643,3.3508150577545166,0.009512901306152344
6,22,89,107.0,4.339839935302734,4.348905563354492,0.009065628051757812
6,22,90,217.0,3.0681116580963135,3.069915294647217,0.0018036365509033203
6,22,91,199.0,3.2457942962646484,3.244687080383301,-0.0011072158813476562
6,22,92,84.0,2.6276965141296387,2.6419448852539062,0.014248371124267578
6,22,93,271.0,3.756063222885132,3.7599520683288574,0.003888845443725586
6,22,94,226.0,3.251934289932251,3.2527387142181396,0.0008044242858886719
6,22,95,258.0,3.875674247741699,3.878676176071167,0.0030019283294677734
6,22,96,86.0,3.585750102996826,3.5888845920562744,0.003134489059448242
6,22,97,142.0,4.497574806213379,4.497427940368652,-0.0001468658447265625
6,22,98,42.0,3.347982168197632,3.3565304279327393,0.008548259735107422
6,22,99,224.0,2.679133892059326,2.6763644218444824,-0.00276947021484375
6,22,100,197.0,2.196375608444214,2.1948275566101074,-0.0015480518341064453
6,22,101,85.0,2.568619728088379,2.5603346824645996,-0.008285045623779297
6,22,102,195.0,3.2174572944641113,3.215792179107666,-0.0016651153564453125
6,22,103,102.0,3.6202828884124756,3.635662078857422,0.015379190444946289
6,22,104,181.0,3.483546018600464,3.484370708465576,0.0008246898651123047
6,22,105,72.0,2.1719796657562256,2.1672818660736084,-0.0046977996826171875
6,22,106,130.0,4.735745906829834,4.737754821777344,0.0020089149475097656
6,22,107,62.0,2.6150100231170654,2.6068928241729736,-0.008117198944091797
6,22,108,263.0,3.6819097995758057,3.684931516647339,0.003021717071533203
6,22,109,194.0,2.822662115097046,2.8189218044281006,-0.0037403106689453125
6,22,110,174.0,2.753187417984009,2.754058837890625,0.0008714199066162109
6,22,111,235.0,4.053600788116455,4.055331230163574,0.0017304420471191406
6,22,112,143.0,4.031272888183594,4.038991451263428,0.007718563079833984
6,22,113,117.0,4.415828704833984,4.407949447631836,-0.007879257202148438
6,22,114,160.0,3.988440990447998,3.988213062286377,-0.00022792816162109375
6,22,115,115.0,3.474060297012329,3.470799207687378,-0.003261089324951172
6,22,116,120.0,3.551665782928467,3.5536797046661377,0.0020139217376708984
6,22,117,186.0,3.7136735916137695,3.7179853916168213,0.004311800003051758
6,22,118,138.0,3.1632800102233887,3.1609387397766113,-0.0023412704467773438
6,22,119,80.0,2.3273348808288574,2.3251209259033203,-0.0022139549255371094
6,22,120,164.0,2.849583864212036,2.852322816848755,0.00273895263671875
6,22,121,215.0,3.761408567428589,3.7637717723846436,0.0023632049560546875
6,22,122,81.0,3.2764456272125244,3.2785863876342773,0.0021407604217529297
6,22,123,171.0,3.1637179851531982,3.169437885284424,0.005719900131225586
6,22,124,41.0,5.6693196296691895,5.6642866134643555,-0.005033016204833984
6,22,125,103.0,3.8813576698303223,3.8815503120422363,0.0001926422119140625
6,22,126,145.0,3.006119966506958,3.0096194744110107,0.0034995079040527344
6,22,127,102.0,2.92803955078125,2.9262516498565674,-0.0017879009246826172
6,23,0,196.0,3.6189582347869873,3.61383056640625,-0.005127668380737305
6,23,1,127.0,3.22214412689209,3.216730833053589,-0.0054132938385009766
6,23,2,162.0,2.2713801860809326,2.262350559234619,-0.009029626846313477
6,23,3,92.0,4.133184909820557,4.108624458312988,-0.02456045150756836
6,23,4,194.0,3.299353837966919,3.296316146850586,-0.003037691116333008
6,23,5,115.0,2.8214778900146484,2.8174777030944824,-0.004000186920166016
6,23,6,109.0,4.325214862823486,4.321934700012207,-0.003280162811279297
6,23,7,48.0,3.449648857116699,3.4503161907196045,0.0006673336029052734
6,23,8,69.0,3.7256877422332764,3.7274246215820312,0.0017368793487548828
6,23,9,85.0,3.190195322036743,3.202765703201294,0.012570381164550781
6,23,10,238.0,2.782064914703369,2.7808258533477783,-0.0012390613555908203
6,23,11,233.0,2.6044344902038574,2.6014366149902344,-0.002997875213623047
6,23,12,208.0,3.147305488586426,3.1452548503875732,-0.002050638198852539
6,23,13,196.0,2.917774200439453,2.919905662536621,0.0021314620971679688
6,23,14,131.0,3.2567384243011475,3.266240119934082,0.00950169563293457
6,23,15,125.0,2.790242910385132,2.7863152027130127,-0.003927707672119141
6,23,16,61.0,4.113956451416016,4.105286121368408,-0.008670330047607422
6,23,17,164.0,2.230290412902832,2.2347962856292725,0.00450587272644043
6,23,18,107.0,3.345957040786743,3.352705955505371,0.00674891471862793
6,23,19,48.0,3.959183692932129,3.957975149154663,-0.0012085437774658203
6,23,20,74.0,2.182640314102173,2.177396297454834,-0.005244016647338867
6,23,21,103.0,2.7647080421447754,2.762615203857422,-0.0020928382873535156
6,23,22,114.0,3.4331488609313965,3.4404916763305664,0.007342815399169922
6,23,23,50.0,5.562728404998779,5.566310882568359,0.003582477569580078
6,23,24,281.0,2.4593505859375,2.4590346813201904,-0.0003159046173095703
6,23,25,247.0,2.162877321243286,2.16699481010437,0.004117488861083984
6,23,26,173.0,3.780362606048584,3.7951481342315674,0.014785528182983398
6,23,27,166.0,3.268761396408081,3.2604708671569824,-0.008290529251098633
6,23,28,98.0,2.8850836753845215,2.8779406547546387,-0.0071430206298828125
6,23,29,174.0,3.2879021167755127,3.2818946838378906,-0.00600743293762207
6,23,30,173.0,3.087313413619995,3.0892961025238037,0.0019826889038085938
6,23,31,215.0,3.7688708305358887,3.7647199630737305,-0.004150867462158203
6,23,32,186.0,2.7773280143737793,2.7804365158081055,0.003108501434326172
6,23,33,153.0,2.610452890396118,2.608534812927246,-0.0019180774688720703
6,23,34,147.0,3.096090793609619,3.091834545135498,-0.004256248474121094
6,23,35,50.0,4.262930870056152,4.247938632965088,-0.014992237091064453
6,23,36,86.0,2.5445685386657715,2.5579710006713867,0.013402462005615234
6,23,37,154.0,4.032649040222168,4.0328474044799805,0.0001983642578125
6,23,38,265.0,2.685051679611206,2.6879141330718994,0.0028624534606933594
6,23,39,199.0,3.442211389541626,3.4364099502563477,-0.00580143928527832
6,23,40,138.0,3.036294937133789,3.034334421157837,-0.0019605159759521484
6,23,41,98.0,3.56339955329895,3.5696306228637695,0.006231069564819336
6,23,42,167.0,2.791276693344116,2.7951500415802,0.0038733482360839844
6,23,43,288.0,3.996307849884033,3.9926440715789795,-0.003663778305053711
6,23,44,225.0,2.764963150024414,2.7668023109436035,0.0018391609191894531
6,23,45,191.0,3.2674989700317383,3.2633886337280273,-0.0041103363037109375
6,23,46,92.0,4.787234783172607,4.793003559112549,0.005768775939941406
6,23,47,41.0,5.17321252822876,5.182943344116211,0.009730815887451172
6,23,48,231.0,3.050201892852783,3.057325839996338,0.0071239471435546875
6,23,49,101.0,2.2807674407958984,2.2803428173065186,-0.0004246234893798828
6,23,50,177.0,3.28656005859375,3.2827796936035156,-0.003780364990234375
6,23,51,252.0,3.729534387588501,3.7273495197296143,-0.0021848678588867188
6,23,52,259.0,3.0285918712615967,3.027935743331909,-0.0006561279296875
6,23,53,47.0,3.0469322204589844,3.05722975730896,0.010297536849975586
6,23,54,164.0,2.354414463043213,2.35333251953125,-0.0010819435119628906
6,23,55,94.0,3.564063310623169,3.557741165161133,-0.006322145462036133
6,23,56,103.0,3.668520927429199,3.6570520401000977,-0.011468887329101562
6,23,57,78.0,3.6771252155303955,3.679100275039673,0.0019750595092773438
6,23,58,239.0,3.4083893299102783,3.4051756858825684,-0.003213644027709961
6,23,59,271.0,4.502346992492676,4.50465202331543,0.0023050308227539062
6,23,60,162.0,3.0323004722595215,3.0301530361175537,-0.0021474361419677734
6,23,61,179.0,3.618516206741333,3.6195228099823,0.0010066032409667969
6,23,62,218.0,2.710827112197876,2.71199631690979,0.0011692047119140625
6,23,63,81.0,3.249349355697632,3.2548828125,0.005533456802368164
6,23,64,93.0,3.696587085723877,3.6949477195739746,-0.0016393661499023438
6,23,65,72.0,3.9958338737487793,3.984888792037964,-0.01094508171081543
6,23,66,230.0,3.6442677974700928,3.6381454467773438,-0.0061223506927490234
6,23,67,99.0,2.919395685195923,2.9061293601989746,-0.013266324996948242
6,23,68,213.0,2.9106554985046387,2.912896156311035,0.0022406578063964844
6,23,69,119.0,2.7914681434631348,2.7942702770233154,0.002802133560180664
6,23,70,161.0,3.1008999347686768,3.095341444015503,-0.005558490753173828
6,23,71,90.0,4.010181903839111,4.017629146575928,0.007447242736816406
6,23,72,181.0,3.0067594051361084,2.997586965560913,-0.009172439575195312
6,23,73,95.0,4.08024787902832,4.07409143447876,-0.006156444549560547
6,23,74,245.0,2.442718744277954,2.442098379135132,-0.0006203651428222656
6,23,75,93.0,2.114382266998291,2.116093397140503,0.001711130142211914
6,23,76,225.0,2.825653553009033,2.8204829692840576,-0.005170583724975586
6,23,77,61.0,3.338794708251953,3.3401572704315186,0.0013625621795654297
6,23,78,257.0,3.9624106884002686,3.969148874282837,0.006738185882568359
6,23,79,165.0,3.2207393646240234,3.2171905040740967,-0.003548860549926758
6,23,80,117.0,4.315102577209473,4.313713073730469,-0.0013895034790039062
6,23,81,89.0,3.6350255012512207,3.634176254272461,-0.0008492469787597656
6,23,82,291.0,3.772111177444458,3.768767833709717,-0.003343343734741211
6,23,83,93.0,3.43058443069458,3.4281487464904785,-0.0024356842041015625
6,23,84,228.0,2.4015636444091797,2.4063751697540283,0.004811525344848633
6,23,85,131.0,2.8454298973083496,2.8415141105651855,-0.0039157867431640625
6,23,86,191.0,4.341160774230957,4.339262962341309,-0.0018978118896484375
6,23,87,238.0,5.110036849975586,5.111759662628174,0.0017228126525878906
6,23,88,210.0,3.3413021564483643,3.3344061374664307,-0.006896018981933594
6,23,89,107.0,4.339839935302734,4.338616371154785,-0.0012235641479492188
6,23,90,217.0,3.0681116580963135,3.069129705429077,0.0010180473327636719
6,23,91,199.0,3.2457942962646484,3.2387967109680176,-0.006997585296630859
6,23,92,84.0,2.6276965141296387,2.636462926864624,0.008766412734985352
6,23,93,271.0,3.756063222885132,3.7593703269958496,0.0033071041107177734
6,23,94,226.0,3.251934289932251,3.2537193298339844,0.0017850399017333984
6,23,95,258.0,3.875674247741699,3.874645471572876,-0.0010287761688232422
6,23,96,86.0,3.585750102996826,3.6041085720062256,0.018358469009399414
6,23,97,142.0,4.497574806213379,4.493834495544434,-0.0037403106689453125
6,23,98,42.0,3.347982168197632,3.331173896789551,-0.016808271408081055
6,23,99,224.0,2.679133892059326,2.6732723712921143,-0.005861520767211914
6,23,100,197.0,2.196375608444214,2.1909101009368896,-0.005465507507324219
6,23,101,85.0,2.568619728088379,2.5573246479034424,-0.011295080184936523
6,23,102,195.0,3.2174572944641113,3.2130496501922607,-0.004407644271850586
6,23,103,102.0,3.6202828884124756,3.6231162548065186,0.0028333663940429688
6,23,104,181.0,3.483546018600464,3.483478307723999,-6.771087646484375e-05
6,23,105,72.0,2.1719796657562256,2.16995906829834,-0.002020597457885742
6,23,106,130.0,4.735745906829834,4.7176079750061035,-0.01813793182373047
6,23,107,62.0,2.6150100231170654,2.610973834991455,-0.0040361881256103516
6,23,108,263.0,3.6819097995758057,3.6812543869018555,-0.0006554126739501953
6,23,109,194.0,2.822662115097046,2.8149590492248535,-0.007703065872192383
6,23,110,174.0,2.753187417984009,2.752013921737671,-0.0011734962463378906
6,23,111,235.0,4.053600788116455,4.058529853820801,0.004929065704345703
6,23,112,143.0,4.031272888183594,4.041373252868652,0.010100364685058594
6,23,113,117.0,4.415828704833984,4.3913092613220215,-0.02451944351196289
6,23,114,160.0,3.988440990447998,3.9841830730438232,-0.004257917404174805
6,23,115,115.0,3.474060297012329,3.4809391498565674,0.006878852844238281
6,23,116,120.0,3.551665782928467,3.5591588020324707,0.007493019104003906
6,23,117,186.0,3.7136735916137695,3.71636962890625,0.0026960372924804688
6,23,118,138.0,3.1632800102233887,3.1734044551849365,0.010124444961547852
6,23,119,80.0,2.3273348808288574,2.3198800086975098,-0.007454872131347656
6,23,120,164.0,2.849583864212036,2.850048303604126,0.00046443939208984375
6,23,121,215.0,3.761408567428589,3.7511417865753174,-0.010266780853271484
6,23,122,81.0,3.2764456272125244,3.276672840118408,0.00022721290588378906
6,23,123,171.0,3.1637179851531982,3.165705442428589,0.001987457275390625
6,23,124,41.0,5.6693196296691895,5.6600141525268555,-0.009305477142333984
6,23,125,103.0,3.8813576698303223,3.8926444053649902,0.011286735534667969
6,23,126,145.0,3.006119966506958,3.004768133163452,-0.0013518333435058594
6,23,127,102.0,2.92803955078125,2.9225924015045166,-0.0054471492767333984
6,24,0,196.0,3.6189582347869873,3.626236915588379,0.0072786808013916016
6,24,1,127.0,3.22214412689209,3.2156572341918945,-0.0064868927001953125
6,24,2,162.0,2.2713801860809326,2.26888370513916,-0.002496480941772461
6,24,3,92.0,4.133184909820557,4.132341384887695,-0.0008435249328613281
6,24,4,194.0,3.299353837966919,3.299638032913208,0.0002841949462890625
6,24,5,115.0,2.8214778900146484,2.8197741508483887,-0.0017037391662597656
6,24,6,109.0,4.325214862823486,4.3323564529418945,0.007141590118408203
6,24,7,48.0,3.449648857116699,3.4564285278320312,0.006779670715332031
6,24,8,69.0,3.7256877422332764,3.731795072555542,0.006107330322265625
6,24,9,85.0,3.190195322036743,3.1917684078216553,0.0015730857849121094
6,24,10,238.0,2.782064914703369,2.7856357097625732,0.0035707950592041016
6,24,11,233.0,2.6044344902038574,2.6073789596557617,0.002944469451904297
6,24,12,208.0,3.147305488586426,3.14215087890625,-0.005154609680175781
6,24,13,196.0,2.917774200439453,2.916835308074951,-0.0009388923645019531
6,24,14,131.0,3.2567384243011475,3.269650459289551,0.01291203498840332
6,24,15,125.0,2.790242910385132,2.7907092571258545,0.00046634674072265625
6,24,16,61.0,4.113956451416016,4.106126308441162,-0.007830142974853516
6,24,17,164.0,2.230290412902832,2.2285327911376953,-0.0017576217651367188
6,24,18,107.0,3.345957040786743,3.342845916748047,-0.003111124038696289
6,24,19,48.0,3.959183692932129,3.9571692943573,-0.0020143985748291016
6,24,20,74.0,2.182640314102173,2.179107189178467,-0.0035331249237060547
6,24,21,103.0,2.7647080421447754,2.802469491958618,0.03776144981384277
6,24,22,114.0,3.4331488609313965,3.4370839595794678,0.003935098648071289
6,24,23,50.0,5.562728404998779,5.575528621673584,0.012800216674804688
6,24,24,281.0,2.4593505859375,2.4496428966522217,-0.00970768928527832
6,24,25,247.0,2.162877321243286,2.1677043437957764,0.004827022552490234
6,24,26,173.0,3.780362606048584,3.7850427627563477,0.004680156707763672
6,24,27,166.0,3.268761396408081,3.2639293670654297,-0.004832029342651367
6,24,28,98.0,2.8850836753845215,2.878971576690674,-0.006112098693847656
6,24,29,174.0,3.2879021167755127,3.2846784591674805,-0.0032236576080322266
6,24,30,173.0,3.087313413619995,3.0939300060272217,0.0066165924072265625
6,24,31,215.0,3.7688708305358887,3.7710442543029785,0.0021734237670898438
6,24,32,186.0,2.7773280143737793,2.784729242324829,0.007401227951049805
6,24,33,153.0,2.610452890396118,2.6048991680145264,-0.005553722381591797
6,24,34,147.0,3.096090793609619,3.0939927101135254,-0.00209808349609375
6,24,35,50.0,4.262930870056152,4.259512901306152,-0.00341796875
6,24,36,86.0,2.5445685386657715,2.546823740005493,0.0022552013397216797
6,24,37,154.0,4.032649040222168,4.0297064781188965,-0.0029425621032714844
6,24,38,265.0,2.685051679611206,2.6844449043273926,-0.0006067752838134766
6,24,39,199.0,3.442211389541626,3.435577154159546,-0.006634235382080078
6,24,40,138.0,3.036294937133789,3.0453732013702393,0.009078264236450195
6,24,41,98.0,3.56339955329895,3.5605969429016113,-0.002802610397338867
6,24,42,167.0,2.791276693344116,2.79351544380188,0.002238750457763672
6,24,43,288.0,3.996307849884033,3.994706153869629,-0.0016016960144042969
6,24,44,225.0,2.764963150024414,2.768721342086792,0.0037581920623779297
6,24,45,191.0,3.2674989700317383,3.2635581493377686,-0.0039408206939697266
6,24,46,92.0,4.787234783172607,4.781034469604492,-0.006200313568115234
6,24,47,41.0,5.17321252822876,5.173797607421875,0.0005850791931152344
6,24,48,231.0,3.050201892852783,3.045706272125244,-0.0044956207275390625
6,24,49,101.0,2.2807674407958984,2.2776520252227783,-0.003115415573120117
6,24,50,177.0,3.28656005859375,3.2873587608337402,0.0007987022399902344
6,24,51,252.0,3.729534387588501,3.7312254905700684,0.0016911029815673828
6,24,52,259.0,3.0285918712615967,3.028972625732422,0.0003807544708251953
6,24,53,47.0,3.0469322204589844,3.041271448135376,-0.0056607723236083984
6,24,54,164.0,2.354414463043213,2.3562917709350586,0.0018773078918457031
6,24,55,94.0,3.564063310623169,3.5622971057891846,-0.001766204833984375
6,24,56,103.0,3.668520927429199,3.6632275581359863,-0.005293369293212891
6,24,57,78.0,3.6771252155303955,3.6739587783813477,-0.0031664371490478516
6,24,58,239.0,3.4083893299102783,3.4073293209075928,-0.0010600090026855469
6,24,59,271.0,4.502346992492676,4.5041399002075195,0.00179290771484375
6,24,60,162.0,3.0323004722595215,3.0270581245422363,-0.005242347717285156
6,24,61,179.0,3.618516206741333,3.6171939373016357,-0.0013222694396972656
6,24,62,218.0,2.710827112197876,2.7115590572357178,0.0007319450378417969
6,24,63,81.0,3.249349355697632,3.2466442584991455,-0.002705097198486328
6,24,64,93.0,3.696587085723877,3.6912543773651123,-0.0053327083587646484
6,24,65,72.0,3.9958338737487793,3.9947292804718018,-0.001104593276977539
6,24,66,230.0,3.6442677974700928,3.6451632976531982,0.0008955001831054688
6,24,67,99.0,2.919395685195923,2.9821531772613525,0.06275749206542969
6,24,68,213.0,2.9106554985046387,2.911872625350952,0.0012171268463134766
6,24,69,119.0,2.7914681434631348,2.792292833328247,0.0008246898651123047
6,24,70,161.0,3.1008999347686768,3.1038053035736084,0.0029053688049316406
6,24,71,90.0,4.010181903839111,4.005460739135742,-0.004721164703369141
6,24,72,181.0,3.0067594051361084,3.00838565826416,0.0016262531280517578
6,24,73,95.0,4.08024787902832,4.068737506866455,-0.011510372161865234
6,24,74,245.0,2.442718744277954,2.442716360092163,-2.384185791015625e-06
6,24,75,93.0,2.114382266998291,2.115051031112671,0.0006687641143798828
6,24,76,225.0,2.825653553009033,2.824697256088257,-0.0009562969207763672
6,24,77,61.0,3.338794708251953,3.3381547927856445,-0.0006399154663085938
6,24,78,257.0,3.9624106884002686,3.958509922027588,-0.003900766372680664
6,24,79,165.0,3.2207393646240234,3.214876651763916,-0.005862712860107422
6,24,80,117.0,4.315102577209473,4.317627429962158,0.002524852752685547
6,24,81,89.0,3.6350255012512207,3.6345064640045166,-0.0005190372467041016
6,24,82,291.0,3.772111177444458,3.7753961086273193,0.003284931182861328
6,24,83,93.0,3.43058443069458,3.433297872543335,0.002713441848754883
6,24,84,228.0,2.4015636444091797,2.3907599449157715,-0.010803699493408203
6,24,85,131.0,2.8454298973083496,2.84061861038208,-0.004811286926269531
6,24,86,191.0,4.341160774230957,4.343169689178467,0.0020089149475097656
6,24,87,238.0,5.110036849975586,5.114128589630127,0.004091739654541016
6,24,88,210.0,3.3413021564483643,3.3415708541870117,0.00026869773864746094
6,24,89,107.0,4.339839935302734,4.340363502502441,0.0005235671997070312
6,24,90,217.0,3.0681116580963135,3.0673165321350098,-0.0007951259613037109
6,24,91,199.0,3.2457942962646484,3.2444074153900146,-0.001386880874633789
6,24,92,84.0,2.6276965141296387,2.633162021636963,0.005465507507324219
6,24,93,271.0,3.756063222885132,3.7597053050994873,0.0036420822143554688
6,24,94,226.0,3.251934289932251,3.25191593170166,-1.8358230590820312e-05
6,24,95,258.0,3.875674247741699,3.883388042449951,0.007713794708251953
6,24,96,86.0,3.585750102996826,3.5993573665618896,0.013607263565063477
6,24,97,142.0,4.497574806213379,4.491620063781738,-0.005954742431640625
6,24,98,42.0,3.347982168197632,3.355856418609619,0.007874250411987305
6,24,99,224.0,2.679133892059326,2.6749179363250732,-0.00421595573425293
6,24,100,197.0,2.196375608444214,2.194695472717285,-0.001680135726928711
6,24,101,85.0,2.568619728088379,2.561621904373169,-0.006997823715209961
6,24,102,195.0,3.2174572944641113,3.217345952987671,-0.00011134147644042969
6,24,103,102.0,3.6202828884124756,3.639612913131714,0.01933002471923828
6,24,104,181.0,3.483546018600464,3.482212543487549,-0.001333475112915039
6,24,105,72.0,2.1719796657562256,2.1780967712402344,0.006117105484008789
6,24,106,130.0,4.735745906829834,4.7374444007873535,0.0016984939575195312
6,24,107,62.0,2.6150100231170654,2.6091511249542236,-0.005858898162841797
6,24,108,263.0,3.6819097995758057,3.6840178966522217,0.0021080970764160156
6,24,109,194.0,2.822662115097046,2.8195202350616455,-0.0031418800354003906
6,24,110,174.0,2.753187417984009,2.752873182296753,-0.0003142356872558594
6,24,111,235.0,4.053600788116455,4.059526443481445,0.005925655364990234
6,24,112,143.0,4.031272888183594,4.035345554351807,0.004072666168212891
6,24,113,117.0,4.415828704833984,4.415737152099609,-9.1552734375e-05
6,24,114,160.0,3.988440990447998,3.990321636199951,0.001880645751953125
6,24,115,115.0,3.474060297012329,3.4809045791625977,0.006844282150268555
6,24,116,120.0,3.551665782928467,3.5512375831604004,-0.00042819976806640625
6,24,117,186.0,3.7136735916137695,3.7153372764587402,0.0016636848449707031
6,24,118,138.0,3.1632800102233887,3.1726467609405518,0.009366750717163086
6,24,119,80.0,2.3273348808288574,2.32391619682312,-0.0034186840057373047
6,24,120,164.0,2.849583864212036,2.8557348251342773,0.006150960922241211
6,24,121,215.0,3.761408567428589,3.750619888305664,-0.010788679122924805
6,24,122,81.0,3.2764456272125244,3.2764365673065186,-9.059906005859375e-06
6,24,123,171.0,3.1637179851531982,3.169165849685669,0.005447864532470703
6,24,124,41.0,5.6693196296691895,5.645262718200684,-0.02405691146850586
6,24,125,103.0,3.8813576698303223,3.8863680362701416,0.005010366439819336
6,24,126,145.0,3.006119966506958,3.004091739654541,-0.002028226852416992
6,24,127,102.0,2.92803955078125,2.927755117416382,-0.00028443336486816406
6,25,0,196.0,3.6189582347869873,3.6056325435638428,-0.013325691223144531
6,25,1,127.0,3.22214412689209,3.212038278579712,-0.01010584831237793
6,25,2,162.0,2.2713801860809326,2.264618396759033,-0.006761789321899414
6,25,3,92.0,4.133184909820557,4.126394271850586,-0.006790637969970703
6,25,4,194.0,3.299353837966919,3.2984001636505127,-0.00095367431640625
6,25,5,115.0,2.8214778900146484,2.8165931701660156,-0.0048847198486328125
6,25,6,109.0,4.325214862823486,4.325699806213379,0.0004849433898925781
6,25,7,48.0,3.449648857116699,3.4589550495147705,0.009306192398071289
6,25,8,69.0,3.7256877422332764,3.7360219955444336,0.010334253311157227
6,25,9,85.0,3.190195322036743,3.195067882537842,0.004872560501098633
6,25,10,238.0,2.782064914703369,2.785365104675293,0.003300189971923828
6,25,11,233.0,2.6044344902038574,2.6078100204467773,0.003375530242919922
6,25,12,208.0,3.147305488586426,3.146292209625244,-0.0010132789611816406
6,25,13,196.0,2.917774200439453,2.917724609375,-4.9591064453125e-05
6,25,14,131.0,3.2567384243011475,3.2686591148376465,0.011920690536499023
6,25,15,125.0,2.790242910385132,2.788534164428711,-0.0017087459564208984
6,25,16,61.0,4.113956451416016,4.114153861999512,0.00019741058349609375
6,25,17,164.0,2.230290412902832,2.226536750793457,-0.003753662109375
6,25,18,107.0,3.345957040786743,3.351203680038452,0.005246639251708984
6,25,19,48.0,3.959183692932129,3.9452314376831055,-0.013952255249023438
6,25,20,74.0,2.182640314102173,2.183384656906128,0.0007443428039550781
6,25,21,103.0,2.7647080421447754,2.7641186714172363,-0.0005893707275390625
6,25,22,114.0,3.4331488609313965,3.4434540271759033,0.010305166244506836
6,25,23,50.0,5.562728404998779,5.562499523162842,-0.0002288818359375
6,25,24,281.0,2.4593505859375,2.4582791328430176,-0.0010714530944824219
6,25,25,247.0,2.162877321243286,2.160304069519043,-0.002573251724243164
6,25,26,173.0,3.780362606048584,3.7880475521087646,0.007684946060180664
6,25,27,166.0,3.268761396408081,3.2715330123901367,0.002771615982055664
6,25,28,98.0,2.8850836753845215,2.877741575241089,-0.007342100143432617
6,25,29,174.0,3.2879021167755127,3.285459280014038,-0.0024428367614746094
6,25,30,173.0,3.087313413619995,3.0877742767333984,0.0004608631134033203
6,25,31,215.0,3.7688708305358887,3.7691168785095215,0.0002460479736328125
6,25,32,186.0,2.7773280143737793,2.770486831665039,-0.006841182708740234
6,25,33,153.0,2.610452890396118,2.5996506214141846,-0.010802268981933594
6,25,34,147.0,3.096090793609619,3.0927300453186035,-0.003360748291015625
6,25,35,50.0,4.262930870056152,4.255099773406982,-0.007831096649169922
6,25,36,86.0,2.5445685386657715,2.574532985687256,0.029964447021484375
6,25,37,154.0,4.032649040222168,4.036160469055176,0.0035114288330078125
6,25,38,265.0,2.685051679611206,2.6840758323669434,-0.0009758472442626953
6,25,39,199.0,3.442211389541626,3.4459118843078613,0.0037004947662353516
6,25,40,138.0,3.036294937133789,3.045790910720825,0.009495973587036133
6,25,41,98.0,3.56339955329895,3.5646893978118896,0.0012898445129394531
6,25,42,167.0,2.791276693344116,2.787917375564575,-0.0033593177795410156
6,25,43,288.0,3.996307849884033,3.9972848892211914,0.0009770393371582031
6,25,44,225.0,2.764963150024414,2.765298366546631,0.0003352165222167969
6,25,45,191.0,3.2674989700317383,3.2645111083984375,-0.0029878616333007812
6,25,46,92.0,4.787234783172607,4.78744649887085,0.0002117156982421875
6,25,47,41.0,5.17321252822876,5.178295612335205,0.0050830841064453125
6,25,48,231.0,3.050201892852783,3.0500102043151855,-0.00019168853759765625
6,25,49,101.0,2.2807674407958984,2.2713990211486816,-0.009368419647216797
6,25,50,177.0,3.28656005859375,3.281799554824829,-0.0047605037689208984
6,25,51,252.0,3.729534387588501,3.727094888687134,-0.0024394989013671875
6,25,52,259.0,3.0285918712615967,3.0338656902313232,0.0052738189697265625
6,25,53,47.0,3.0469322204589844,3.039381980895996,-0.007550239562988281
6,25,54,164.0,2.354414463043213,2.3577964305877686,0.003381967544555664
6,25,55,94.0,3.564063310623169,3.5586326122283936,-0.005430698394775391
6,25,56,103.0,3.668520927429199,3.673293113708496,0.004772186279296875
6,25,57,78.0,3.6771252155303955,3.6611669063568115,-0.015958309173583984
6,25,58,239.0,3.4083893299102783,3.404017925262451,-0.0043714046478271484
6,25,59,271.0,4.502346992492676,4.506402015686035,0.004055023193359375
6,25,60,162.0,3.0323004722595215,3.034533739089966,0.002233266830444336
6,25,61,179.0,3.618516206741333,3.6353728771209717,0.016856670379638672
6,25,62,218.0,2.710827112197876,2.704988718032837,-0.0058383941650390625
6,25,63,81.0,3.249349355697632,3.25903058052063,0.009681224822998047
6,25,64,93.0,3.696587085723877,3.695380210876465,-0.0012068748474121094
6,25,65,72.0,3.9958338737487793,3.994724750518799,-0.0011091232299804688
6,25,66,230.0,3.6442677974700928,3.641718626022339,-0.0025491714477539062
6,25,67,99.0,2.919395685195923,2.942661762237549,0.023266077041625977
6,25,68,213.0,2.9106554985046387,2.9105281829833984,-0.00012731552124023438
6,25,69,119.0,2.7914681434631348,2.792051076889038,0.0005829334259033203
6,25,70,161.0,3.1008999347686768,3.0973427295684814,-0.0035572052001953125
6,25,71,90.0,4.010181903839111,4.008160591125488,-0.002021312713623047
6,25,72,181.0,3.0067594051361084,3.0075507164001465,0.0007913112640380859
6,25,73,95.0,4.08024787902832,4.080173969268799,-7.390975952148438e-05
6,25,74,245.0,2.442718744277954,2.4453787803649902,0.002660036087036133
6,25,75,93.0,2.114382266998291,2.114302396774292,-7.987022399902344e-05
6,25,76,225.0,2.825653553009033,2.8407845497131348,0.015130996704101562
6,25,77,61.0,3.338794708251953,3.3442788124084473,0.005484104156494141
6,25,78,257.0,3.9624106884002686,3.971158742904663,0.008748054504394531
6,25,79,165.0,3.2207393646240234,3.2113149166107178,-0.009424448013305664
6,25,80,117.0,4.315102577209473,4.310946941375732,-0.004155635833740234
6,25,81,89.0,3.6350255012512207,3.6351778507232666,0.00015234947204589844
6,25,82,291.0,3.772111177444458,3.7723183631896973,0.0002071857452392578
6,25,83,93.0,3.43058443069458,3.4286553859710693,-0.0019290447235107422
6,25,84,228.0,2.4015636444091797,2.4136760234832764,0.01211237907409668
6,25,85,131.0,2.8454298973083496,2.8397886753082275,-0.00564122200012207
6,25,86,191.0,4.341160774230957,4.351485252380371,0.010324478149414062
6,25,87,238.0,5.110036849975586,5.111647605895996,0.0016107559204101562
6,25,88,210.0,3.3413021564483643,3.354702949523926,0.013400793075561523
6,25,89,107.0,4.339839935302734,4.337231159210205,-0.002608776092529297
6,25,90,217.0,3.0681116580963135,3.067443609237671,-0.0006680488586425781
6,25,91,199.0,3.2457942962646484,3.245842218399048,4.792213439941406e-05
6,25,92,84.0,2.6276965141296387,2.619800090789795,-0.00789642333984375
6,25,93,271.0,3.756063222885132,3.7540266513824463,-0.002036571502685547
6,25,94,226.0,3.251934289932251,3.2482457160949707,-0.0036885738372802734
6,25,95,258.0,3.875674247741699,3.8814733028411865,0.005799055099487305
6,25,96,86.0,3.585750102996826,3.5938057899475098,0.008055686950683594
6,25,97,142.0,4.497574806213379,4.50233793258667,0.004763126373291016
6,25,98,42.0,3.347982168197632,3.3079707622528076,-0.04001140594482422
6,25,99,224.0,2.679133892059326,2.6753013134002686,-0.003832578659057617
6,25,100,197.0,2.196375608444214,2.194514036178589,-0.001861572265625
6,25,101,85.0,2.568619728088379,2.5678226947784424,-0.0007970333099365234
6,25,102,195.0,3.2174572944641113,3.2161734104156494,-0.001283884048461914
6,25,103,102.0,3.6202828884124756,3.6231212615966797,0.0028383731842041016
6,25,104,181.0,3.483546018600464,3.4845848083496094,0.0010387897491455078
6,25,105,72.0,2.1719796657562256,2.167325019836426,-0.004654645919799805
6,25,106,130.0,4.735745906829834,4.741646766662598,0.005900859832763672
6,25,107,62.0,2.6150100231170654,2.6191508769989014,0.0041408538818359375
6,25,108,263.0,3.6819097995758057,3.6820731163024902,0.0001633167266845703
6,25,109,194.0,2.822662115097046,2.8162224292755127,-0.006439685821533203
6,25,110,174.0,2.753187417984009,2.7565348148345947,0.0033473968505859375
6,25,111,235.0,4.053600788116455,4.051605701446533,-0.001995086669921875
6,25,112,143.0,4.031272888183594,4.036825180053711,0.0055522918701171875
6,25,113,117.0,4.415828704833984,4.409610748291016,-0.00621795654296875
6,25,114,160.0,3.988440990447998,3.99153470993042,0.003093719482421875
6,25,115,115.0,3.474060297012329,3.474202871322632,0.00014257431030273438
6,25,116,120.0,3.551665782928467,3.5531249046325684,0.0014591217041015625
6,25,117,186.0,3.7136735916137695,3.7176241874694824,0.003950595855712891
6,25,118,138.0,3.1632800102233887,3.1675705909729004,0.004290580749511719
6,25,119,80.0,2.3273348808288574,2.316436290740967,-0.010898590087890625
6,25,120,164.0,2.849583864212036,2.845004081726074,-0.004579782485961914
6,25,121,215.0,3.761408567428589,3.7480294704437256,-0.013379096984863281
6,25,122,81.0,3.2764456272125244,3.2820889949798584,0.005643367767333984
6,25,123,171.0,3.1637179851531982,3.1588127613067627,-0.004905223846435547
6,25,124,41.0,5.6693196296691895,5.652880668640137,-0.016438961029052734
6,25,125,103.0,3.8813576698303223,3.8907833099365234,0.009425640106201172
6,25,126,145.0,3.006119966506958,3.004955530166626,-0.0011644363403320312
6,25,127,102.0,2.92803955078125,2.938840866088867,0.010801315307617188
6,26,0,196.0,3.6189582347869873,3.614450454711914,-0.004507780075073242
6,26,1,127.0,3.22214412689209,3.2218430042266846,-0.00030112266540527344
6,26,2,162.0,2.2713801860809326,2.2663590908050537,-0.005021095275878906
6,26,3,92.0,4.133184909820557,4.119915962219238,-0.01326894760131836
6,26,4,194.0,3.299353837966919,3.292651653289795,-0.0067021846771240234
6,26,5,115.0,2.8214778900146484,2.80629825592041,-0.015179634094238281
6,26,6,109.0,4.325214862823486,4.320741653442383,-0.004473209381103516
6,26,7,48.0,3.449648857116699,3.4406254291534424,-0.009023427963256836
6,26,8,69.0,3.7256877422332764,3.734616994857788,0.008929252624511719
6,26,9,85.0,3.190195322036743,3.1848700046539307,-0.0053253173828125
6,26,10,238.0,2.782064914703369,2.7847890853881836,0.002724170684814453
6,26,11,233.0,2.6044344902038574,2.6054508686065674,0.001016378402709961
6,26,12,208.0,3.147305488586426,3.1446402072906494,-0.002665281295776367
6,26,13,196.0,2.917774200439453,2.917728900909424,-4.5299530029296875e-05
6,26,14,131.0,3.2567384243011475,3.266669273376465,0.009930849075317383
6,26,15,125.0,2.790242910385132,2.7892861366271973,-0.0009567737579345703
6,26,16,61.0,4.113956451416016,4.109396934509277,-0.004559516906738281
6,26,17,164.0,2.230290412902832,2.2365591526031494,0.006268739700317383
6,26,18,107.0,3.345957040786743,3.357151985168457,0.011194944381713867
6,26,19,48.0,3.959183692932129,3.9606058597564697,0.0014221668243408203
6,26,20,74.0,2.182640314102173,2.1903738975524902,0.007733583450317383
6,26,21,103.0,2.7647080421447754,2.758601188659668,-0.006106853485107422
6,26,22,114.0,3.4331488609313965,3.437659502029419,0.004510641098022461
6,26,23,50.0,5.562728404998779,5.580984592437744,0.018256187438964844
6,26,24,281.0,2.4593505859375,2.4648330211639404,0.00548243522644043
6,26,25,247.0,2.162877321243286,2.160773992538452,-0.0021033287048339844
6,26,26,173.0,3.780362606048584,3.7988126277923584,0.018450021743774414
6,26,27,166.0,3.268761396408081,3.270596504211426,0.0018351078033447266
6,26,28,98.0,2.8850836753845215,2.887545585632324,0.0024619102478027344
6,26,29,174.0,3.2879021167755127,3.2829835414886475,-0.004918575286865234
6,26,30,173.0,3.087313413619995,3.084467649459839,-0.00284576416015625
6,26,31,215.0,3.7688708305358887,3.764716625213623,-0.004154205322265625
6,26,32,186.0,2.7773280143737793,2.785247802734375,0.007919788360595703
6,26,33,153.0,2.610452890396118,2.595285415649414,-0.015167474746704102
6,26,34,147.0,3.096090793609619,3.088303804397583,-0.007786989212036133
6,26,35,50.0,4.262930870056152,4.235757827758789,-0.02717304229736328
6,26,36,86.0,2.5445685386657715,2.556530714035034,0.011962175369262695
6,26,37,154.0,4.032649040222168,4.036070823669434,0.003421783447265625
6,26,38,265.0,2.685051679611206,2.686134099960327,0.0010824203491210938
6,26,39,199.0,3.442211389541626,3.437191963195801,-0.005019426345825195
6,26,40,138.0,3.036294937133789,3.0285630226135254,-0.007731914520263672
6,26,41,98.0,3.56339955329895,3.566380023956299,0.002980470657348633
6,26,42,167.0,2.791276693344116,2.788510322570801,-0.0027663707733154297
6,26,43,288.0,3.996307849884033,3.995607614517212,-0.0007002353668212891
6,26,44,225.0,2.764963150024414,2.7608821392059326,-0.004081010818481445
6,26,45,191.0,3.2674989700317383,3.276561737060547,0.009062767028808594
6,26,46,92.0,4.787234783172607,4.811659812927246,0.024425029754638672
6,26,47,41.0,5.17321252822876,5.175069808959961,0.0018572807312011719
6,26,48,231.0,3.050201892852783,3.0537326335906982,0.003530740737915039
6,26,49,101.0,2.2807674407958984,2.270235776901245,-0.01053166389465332
6,26,50,177.0,3.28656005859375,3.2869465351104736,0.0003864765167236328
6,26,51,252.0,3.729534387588501,3.729022979736328,-0.0005114078521728516
6,26,52,259.0,3.0285918712615967,3.031198740005493,0.0026068687438964844
6,26,53,47.0,3.0469322204589844,3.025228977203369,-0.021703243255615234
6,26,54,164.0,2.354414463043213,2.3583576679229736,0.003943204879760742
6,26,55,94.0,3.564063310623169,3.550584554672241,-0.013478755950927734
6,26,56,103.0,3.668520927429199,3.666076898574829,-0.002444028854370117
6,26,57,78.0,3.6771252155303955,3.677658796310425,0.0005335807800292969
6,26,58,239.0,3.4083893299102783,3.401757001876831,-0.006632328033447266
6,26,59,271.0,4.502346992492676,4.506138801574707,0.00379180908203125
6,26,60,162.0,3.0323004722595215,3.0311832427978516,-0.0011172294616699219
6,26,61,179.0,3.618516206741333,3.6328744888305664,0.014358282089233398
6,26,62,218.0,2.710827112197876,2.719806432723999,0.008979320526123047
6,26,63,81.0,3.249349355697632,3.2493624687194824,1.3113021850585938e-05
6,26,64,93.0,3.696587085723877,3.7040457725524902,0.007458686828613281
6,26,65,72.0,3.9958338737487793,3.990931510925293,-0.004902362823486328
6,26,66,230.0,3.6442677974700928,3.645030975341797,0.0007631778717041016
6,26,67,99.0,2.919395685195923,2.9283554553985596,0.008959770202636719
6,26,68,213.0,2.9106554985046387,2.907994031906128,-0.002661466598510742
6,26,69,119.0,2.7914681434631348,2.7820773124694824,-0.009390830993652344
6,26,70,161.0,3.1008999347686768,3.105346202850342,0.004446268081665039
6,26,71,90.0,4.010181903839111,3.965049982070923,-0.04513192176818848
6,26,72,181.0,3.0067594051361084,3.0049867630004883,-0.0017726421356201172
6,26,73,95.0,4.08024787902832,4.073159217834473,-0.007088661193847656
6,26,74,245.0,2.442718744277954,2.451371431350708,0.008652687072753906
6,26,75,93.0,2.114382266998291,2.1244430541992188,0.010060787200927734
6,26,76,225.0,2.825653553009033,2.8221933841705322,-0.0034601688385009766
6,26,77,61.0,3.338794708251953,3.3458404541015625,0.007045745849609375
6,26,78,257.0,3.9624106884002686,3.961397409439087,-0.0010132789611816406
6,26,79,165.0,3.2207393646240234,3.2161073684692383,-0.004631996154785156
6,26,80,117.0,4.315102577209473,4.31190824508667,-0.0031943321228027344
6,26,81,89.0,3.6350255012512207,3.6342086791992188,-0.0008168220520019531
6,26,82,291.0,3.772111177444458,3.770341634750366,-0.0017695426940917969
6,26,83,93.0,3.43058443069458,3.429724931716919,-0.0008594989776611328
6,26,84,228.0,2.4015636444091797,2.3972034454345703,-0.004360198974609375
6,26,85,131.0,2.8454298973083496,2.842040538787842,-0.0033893585205078125
6,26,86,191.0,4.341160774230957,4.345519542694092,0.004358768463134766
6,26,87,238.0,5.110036849975586,5.104202747344971,-0.005834102630615234
6,26,88,210.0,3.3413021564483643,3.334038496017456,-0.007263660430908203
6,26,89,107.0,4.339839935302734,4.346124649047852,0.0062847137451171875
6,26,90,217.0,3.0681116580963135,3.061462163925171,-0.006649494171142578
6,26,91,199.0,3.2457942962646484,3.240131378173828,-0.0056629180908203125
6,26,92,84.0,2.6276965141296387,2.6370129585266113,0.009316444396972656
6,26,93,271.0,3.756063222885132,3.7600257396698,0.003962516784667969
6,26,94,226.0,3.251934289932251,3.2544620037078857,0.0025277137756347656
6,26,95,258.0,3.875674247741699,3.8818161487579346,0.0061419010162353516
6,26,96,86.0,3.585750102996826,3.596417188644409,0.010667085647583008
6,26,97,142.0,4.497574806213379,4.501881122589111,0.004306316375732422
6,26,98,42.0,3.347982168197632,3.311525344848633,-0.03645682334899902
6,26,99,224.0,2.679133892059326,2.6756908893585205,-0.003443002700805664
6,26,100,197.0,2.196375608444214,2.1928164958953857,-0.003559112548828125
6,26,101,85.0,2.568619728088379,2.5577878952026367,-0.010831832885742188
6,26,102,195.0,3.2174572944641113,3.2217540740966797,0.004296779632568359
6,26,103,102.0,3.6202828884124756,3.6285765171051025,0.008293628692626953
6,26,104,181.0,3.483546018600464,3.487243890762329,0.0036978721618652344
6,26,105,72.0,2.1719796657562256,2.1698577404022217,-0.0021219253540039062
6,26,106,130.0,4.735745906829834,4.729409694671631,-0.006336212158203125
6,26,107,62.0,2.6150100231170654,2.6126270294189453,-0.002382993698120117
6,26,108,263.0,3.6819097995758057,3.67983078956604,-0.002079010009765625
6,26,109,194.0,2.822662115097046,2.8221423625946045,-0.0005197525024414062
6,26,110,174.0,2.753187417984009,2.7502081394195557,-0.002979278564453125
6,26,111,235.0,4.053600788116455,4.092508316040039,0.038907527923583984
6,26,112,143.0,4.031272888183594,4.04026460647583,0.008991718292236328
6,26,113,117.0,4.415828704833984,4.389743804931641,-0.02608489990234375
6,26,114,160.0,3.988440990447998,3.9851622581481934,-0.0032787322998046875
6,26,115,115.0,3.474060297012329,3.474187135696411,0.00012683868408203125
6,26,116,120.0,3.551665782928467,3.5542798042297363,0.0026140213012695312
6,26,117,186.0,3.7136735916137695,3.7139534950256348,0.0002799034118652344
6,26,118,138.0,3.1632800102233887,3.1714248657226562,0.008144855499267578
6,26,119,80.0,2.3273348808288574,2.309493064880371,-0.017841815948486328
6,26,120,164.0,2.849583864212036,2.850853443145752,0.0012695789337158203
6,26,121,215.0,3.761408567428589,3.7714555263519287,0.010046958923339844
6,26,122,81.0,3.2764456272125244,3.269739866256714,-0.006705760955810547
6,26,123,171.0,3.1637179851531982,3.166538953781128,0.0028209686279296875
6,26,124,41.0,5.6693196296691895,5.662691116333008,-0.006628513336181641
6,26,125,103.0,3.8813576698303223,3.8861842155456543,0.004826545715332031
6,26,126,145.0,3.006119966506958,3.0084991455078125,0.002379179000854492
6,26,127,102.0,2.92803955078125,2.923649787902832,-0.004389762878417969
6,27,0,196.0,3.6189582347869873,3.613954544067383,-0.005003690719604492
6,27,1,127.0,3.22214412689209,3.210801839828491,-0.011342287063598633
6,27,2,162.0,2.2713801860809326,2.26547908782959,-0.0059010982513427734
6,27,3,92.0,4.133184909820557,4.127987384796143,-0.0051975250244140625
6,27,4,194.0,3.299353837966919,3.2988243103027344,-0.0005295276641845703
6,27,5,115.0,2.8214778900146484,2.8127384185791016,-0.008739471435546875
6,27,6,109.0,4.325214862823486,4.323934555053711,-0.0012803077697753906
6,27,7,48.0,3.449648857116699,3.4502127170562744,0.0005638599395751953
6,27,8,69.0,3.7256877422332764,3.73152494430542,0.005837202072143555
6,27,9,85.0,3.190195322036743,3.190948009490967,0.0007526874542236328
6,27,10,238.0,2.782064914703369,2.7808351516723633,-0.0012297630310058594
6,27,11,233.0,2.6044344902038574,2.604834794998169,0.00040030479431152344
6,27,12,208.0,3.147305488586426,3.1464719772338867,-0.0008335113525390625
6,27,13,196.0,2.917774200439453,2.916966676712036,-0.0008075237274169922
6,27,14,131.0,3.2567384243011475,3.2695565223693848,0.012818098068237305
6,27,15,125.0,2.790242910385132,2.7877700328826904,-0.0024728775024414062
6,27,16,61.0,4.113956451416016,4.1191487312316895,0.005192279815673828
6,27,17,164.0,2.230290412902832,2.2318758964538574,0.0015854835510253906
6,27,18,107.0,3.345957040786743,3.344700336456299,-0.001256704330444336
6,27,19,48.0,3.959183692932129,3.958279609680176,-0.000904083251953125
6,27,20,74.0,2.182640314102173,2.1849207878112793,0.0022804737091064453
6,27,21,103.0,2.7647080421447754,2.8378965854644775,0.07318854331970215
6,27,22,114.0,3.4331488609313965,3.4380619525909424,0.0049130916595458984
6,27,23,50.0,5.562728404998779,5.57084846496582,0.008120059967041016
6,27,24,281.0,2.4593505859375,2.458817481994629,-0.0005331039428710938
6,27,25,247.0,2.162877321243286,2.165673017501831,0.002795696258544922
6,27,26,173.0,3.780362606048584,3.7793893814086914,-0.0009732246398925781
6,27,27,166.0,3.268761396408081,3.275033950805664,0.006272554397583008
6,27,28,98.0,2.8850836753845215,2.8845691680908203,-0.0005145072937011719
6,27,29,174.0,3.2879021167755127,3.283327341079712,-0.004574775695800781
6,27,30,173.0,3.087313413619995,3.0890767574310303,0.0017633438110351562
6,27,31,215.0,3.7688708305358887,3.7697324752807617,0.0008616447448730469
6,27,32,186.0,2.7773280143737793,2.7827095985412598,0.005381584167480469
6,27,33,153.0,2.610452890396118,2.604705333709717,-0.005747556686401367
6,27,34,147.0,3.096090793609619,3.0908403396606445,-0.005250453948974609
6,27,35,50.0,4.262930870056152,4.2614216804504395,-0.0015091896057128906
6,27,36,86.0,2.5445685386657715,2.567317247390747,0.022748708724975586
6,27,37,154.0,4.032649040222168,4.030758857727051,-0.0018901824951171875
6,27,38,265.0,2.685051679611206,2.687462329864502,0.0024106502532958984
6,27,39,199.0,3.442211389541626,3.442080497741699,-0.0001308917999267578
6,27,40,138.0,3.036294937133789,3.0482070446014404,0.011912107467651367
6,27,41,98.0,3.56339955329895,3.558070659637451,-0.0053288936614990234
6,27,42,167.0,2.791276693344116,2.7976293563842773,0.006352663040161133
6,27,43,288.0,3.996307849884033,3.9982354640960693,0.0019276142120361328
6,27,44,225.0,2.764963150024414,2.758283853530884,-0.0066792964935302734
6,27,45,191.0,3.2674989700317383,3.259195327758789,-0.008303642272949219
6,27,46,92.0,4.787234783172607,4.772826671600342,-0.014408111572265625
6,27,47,41.0,5.17321252822876,5.156486511230469,-0.016726016998291016
6,27,48,231.0,3.050201892852783,3.0451810359954834,-0.005020856857299805
6,27,49,101.0,2.2807674407958984,2.28193998336792,0.0011725425720214844
6,27,50,177.0,3.28656005859375,3.288469076156616,0.001909017562866211
6,27,51,252.0,3.729534387588501,3.729504346847534,-3.0040740966796875e-05
6,27,52,259.0,3.0285918712615967,3.0227842330932617,-0.005807638168334961
6,27,53,47.0,3.0469322204589844,3.0468714237213135,-6.079673767089844e-05
6,27,54,164.0,2.354414463043213,2.3524022102355957,-0.0020122528076171875
6,27,55,94.0,3.564063310623169,3.5611512660980225,-0.0029120445251464844
6,27,56,103.0,3.668520927429199,3.665818214416504,-0.0027027130126953125
6,27,57,78.0,3.6771252155303955,3.668321371078491,-0.008803844451904297
6,27,58,239.0,3.4083893299102783,3.4111716747283936,0.0027823448181152344
6,27,59,271.0,4.502346992492676,4.505255699157715,0.0029087066650390625
6,27,60,162.0,3.0323004722595215,3.0302681922912598,-0.0020322799682617188
6,27,61,179.0,3.618516206741333,3.6273841857910156,0.008867979049682617
6,27,62,218.0,2.710827112197876,2.7172882556915283,0.006461143493652344
6,27,63,81.0,3.249349355697632,3.246180772781372,-0.0031685829162597656
6,27,64,93.0,3.696587085723877,3.692943572998047,-0.003643512725830078
6,27,65,72.0,3.9958338737487793,3.9886114597320557,-0.007222414016723633
6,27,66,230.0,3.6442677974700928,3.636122226715088,-0.008145570755004883
6,27,67,99.0,2.919395685195923,3.0093994140625,0.09000372886657715
6,27,68,213.0,2.9106554985046387,2.900749444961548,-0.00990605354309082
6,27,69,119.0,2.7914681434631348,2.794511556625366,0.0030434131622314453
6,27,70,161.0,3.1008999347686768,3.096754550933838,-0.004145383834838867
6,27,71,90.0,4.010181903839111,3.9812164306640625,-0.028965473175048828
6,27,72,181.0,3.0067594051361084,3.0115952491760254,0.004835844039916992
6,27,73,95.0,4.08024787902832,4.082989692687988,0.0027418136596679688
6,27,74,245.0,2.442718744277954,2.4419538974761963,-0.0007648468017578125
6,27,75,93.0,2.114382266998291,2.110886335372925,-0.003495931625366211
6,27,76,225.0,2.825653553009033,2.825329303741455,-0.000324249267578125
6,27,77,61.0,3.338794708251953,3.3417809009552,0.0029861927032470703
6,27,78,257.0,3.9624106884002686,3.9642601013183594,0.0018494129180908203
6,27,79,165.0,3.2207393646240234,3.219423294067383,-0.001316070556640625
6,27,80,117.0,4.315102577209473,4.31581449508667,0.0007119178771972656
6,27,81,89.0,3.6350255012512207,3.6387219429016113,0.003696441650390625
6,27,82,291.0,3.772111177444458,3.7756004333496094,0.003489255905151367
6,27,83,93.0,3.43058443069458,3.441594362258911,0.011009931564331055
6,27,84,228.0,2.4015636444091797,2.3993771076202393,-0.0021865367889404297
6,27,85,131.0,2.8454298973083496,2.8437206745147705,-0.0017092227935791016
6,27,86,191.0,4.341160774230957,4.346616268157959,0.005455493927001953
6,27,87,238.0,5.110036849975586,5.114562511444092,0.004525661468505859
6,27,88,210.0,3.3413021564483643,3.3463222980499268,0.0050201416015625
6,27,89,107.0,4.339839935302734,4.355528831481934,0.01568889617919922
6,27,90,217.0,3.0681116580963135,3.063171625137329,-0.004940032958984375
6,27,91,199.0,3.2457942962646484,3.2428228855133057,-0.0029714107513427734
6,27,92,84.0,2.6276965141296387,2.6284396648406982,0.0007431507110595703
6,27,93,271.0,3.756063222885132,3.752880811691284,-0.0031824111938476562
6,27,94,226.0,3.251934289932251,3.261932611465454,0.009998321533203125
6,27,95,258.0,3.875674247741699,3.880194664001465,0.004520416259765625
6,27,96,86.0,3.585750102996826,3.601860523223877,0.01611042022705078
6,27,97,142.0,4.497574806213379,4.49247932434082,-0.005095481872558594
6,27,98,42.0,3.347982168197632,3.3115601539611816,-0.036422014236450195
6,27,99,224.0,2.679133892059326,2.6717350482940674,-0.007398843765258789
6,27,100,197.0,2.196375608444214,2.194399356842041,-0.0019762516021728516
6,27,101,85.0,2.568619728088379,2.562305450439453,-0.006314277648925781
6,27,102,195.0,3.2174572944641113,3.2199413776397705,0.0024840831756591797
6,27,103,102.0,3.6202828884124756,3.6375389099121094,0.01725602149963379
6,27,104,181.0,3.483546018600464,3.4830636978149414,-0.00048232078552246094
6,27,105,72.0,2.1719796657562256,2.170403480529785,-0.0015761852264404297
6,27,106,130.0,4.735745906829834,4.750174522399902,0.01442861557006836
6,27,107,62.0,2.6150100231170654,2.618589162826538,0.0035791397094726562
6,27,108,263.0,3.6819097995758057,3.6862077713012695,0.004297971725463867
6,27,109,194.0,2.822662115097046,2.8246049880981445,0.0019428730010986328
6,27,110,174.0,2.753187417984009,2.759326219558716,0.006138801574707031
6,27,111,235.0,4.053600788116455,4.05739688873291,0.003796100616455078
6,27,112,143.0,4.031272888183594,4.0238752365112305,-0.007397651672363281
6,27,113,117.0,4.415828704833984,4.397050380706787,-0.018778324127197266
6,27,114,160.0,3.988440990447998,3.983452320098877,-0.004988670349121094
6,27,115,115.0,3.474060297012329,3.473947048187256,-0.00011324882507324219
6,27,116,120.0,3.551665782928467,3.5570247173309326,0.00535893440246582
6,27,117,186.0,3.7136735916137695,3.7125279903411865,-0.0011456012725830078
6,27,118,138.0,3.1632800102233887,3.165403127670288,0.002123117446899414
6,27,119,80.0,2.3273348808288574,2.3239798545837402,-0.0033550262451171875
6,27,120,164.0,2.849583864212036,2.850979804992676,0.0013959407806396484
6,27,121,215.0,3.761408567428589,3.758211612701416,-0.0031969547271728516
6,27,122,81.0,3.2764456272125244,3.292358875274658,0.01591324806213379
6,27,123,171.0,3.1637179851531982,3.173881769180298,0.01016378402709961
6,27,124,41.0,5.6693196296691895,5.672578811645508,0.0032591819763183594
6,27,125,103.0,3.8813576698303223,3.8800570964813232,-0.0013005733489990234
6,27,126,145.0,3.006119966506958,3.002286195755005,-0.003833770751953125
6,27,127,102.0,2.92803955078125,2.924015522003174,-0.004024028778076172
6,28,0,196.0,3.6189582347869873,3.611570358276367,-0.007387876510620117
6,28,1,127.0,3.22214412689209,3.225208044052124,0.0030639171600341797
6,28,2,162.0,2.2713801860809326,2.2720224857330322,0.0006422996520996094
6,28,3,92.0,4.133184909820557,4.111950397491455,-0.021234512329101562
6,28,4,194.0,3.299353837966919,3.294872760772705,-0.004481077194213867
6,28,5,115.0,2.8214778900146484,2.8005478382110596,-0.020930051803588867
6,28,6,109.0,4.325214862823486,4.331550121307373,0.006335258483886719
6,28,7,48.0,3.449648857116699,3.4505157470703125,0.0008668899536132812
6,28,8,69.0,3.7256877422332764,3.721862316131592,-0.0038254261016845703
6,28,9,85.0,3.190195322036743,3.2135093212127686,0.02331399917602539
6,28,10,238.0,2.782064914703369,2.7900538444519043,0.007988929748535156
6,28,11,233.0,2.6044344902038574,2.619502067565918,0.015067577362060547
6,28,12,208.0,3.147305488586426,3.152031421661377,0.004725933074951172
6,28,13,196.0,2.917774200439453,2.916308879852295,-0.0014653205871582031
6,28,14,131.0,3.2567384243011475,3.268646478652954,0.01190805435180664
6,28,15,125.0,2.790242910385132,2.787400245666504,-0.0028426647186279297
6,28,16,61.0,4.113956451416016,4.12735652923584,0.013400077819824219
6,28,17,164.0,2.230290412902832,2.229400157928467,-0.0008902549743652344
6,28,18,107.0,3.345957040786743,3.354785680770874,0.00882863998413086
6,28,19,48.0,3.959183692932129,3.9471189975738525,-0.012064695358276367
6,28,20,74.0,2.182640314102173,2.176354169845581,-0.006286144256591797
6,28,21,103.0,2.7647080421447754,2.6133036613464355,-0.15140438079833984
6,28,22,114.0,3.4331488609313965,3.445366621017456,0.01221776008605957
6,28,23,50.0,5.562728404998779,5.574970245361328,0.012241840362548828
6,28,24,281.0,2.4593505859375,2.4543795585632324,-0.004971027374267578
6,28,25,247.0,2.162877321243286,2.1649179458618164,0.0020406246185302734
6,28,26,173.0,3.780362606048584,3.795337438583374,0.014974832534790039
6,28,27,166.0,3.268761396408081,3.2782437801361084,0.009482383728027344
6,28,28,98.0,2.8850836753845215,2.889467477798462,0.00438380241394043
6,28,29,174.0,3.2879021167755127,3.2832417488098145,-0.004660367965698242
6,28,30,173.0,3.087313413619995,3.0863375663757324,-0.0009758472442626953
6,28,31,215.0,3.7688708305358887,3.7652406692504883,-0.0036301612854003906
6,28,32,186.0,2.7773280143737793,2.7882893085479736,0.010961294174194336
6,28,33,153.0,2.610452890396118,2.5993106365203857,-0.011142253875732422
6,28,34,147.0,3.096090793609619,3.1028354167938232,0.0067446231842041016
6,28,35,50.0,4.262930870056152,4.255191326141357,-0.007739543914794922
6,28,36,86.0,2.5445685386657715,2.5639097690582275,0.019341230392456055
6,28,37,154.0,4.032649040222168,4.03253173828125,-0.00011730194091796875
6,28,38,265.0,2.685051679611206,2.6817023754119873,-0.00334930419921875
6,28,39,199.0,3.442211389541626,3.439700126647949,-0.002511262893676758
6,28,40,138.0,3.036294937133789,3.01401686668396,-0.0222780704498291
6,28,41,98.0,3.56339955329895,3.5693957805633545,0.005996227264404297
6,28,42,167.0,2.791276693344116,2.799046039581299,0.007769346237182617
6,28,43,288.0,3.996307849884033,3.998379945755005,0.0020720958709716797
6,28,44,225.0,2.764963150024414,2.7529773712158203,-0.01198577880859375
6,28,45,191.0,3.2674989700317383,3.263136386871338,-0.004362583160400391
6,28,46,92.0,4.787234783172607,4.779296398162842,-0.007938385009765625
6,28,47,41.0,5.17321252822876,5.195026874542236,0.021814346313476562
6,28,48,231.0,3.050201892852783,3.0411386489868164,-0.009063243865966797
6,28,49,101.0,2.2807674407958984,2.279916524887085,-0.0008509159088134766
6,28,50,177.0,3.28656005859375,3.279142141342163,-0.007417917251586914
6,28,51,252.0,3.729534387588501,3.7359912395477295,0.006456851959228516
6,28,52,259.0,3.0285918712615967,3.0274717807769775,-0.0011200904846191406
6,28,53,47.0,3.0469322204589844,3.0584402084350586,0.011507987976074219
6,28,54,164.0,2.354414463043213,2.36879563331604,0.014381170272827148
6,28,55,94.0,3.564063310623169,3.56141996383667,-0.0026433467864990234
6,28,56,103.0,3.668520927429199,3.6681394577026367,-0.0003814697265625
6,28,57,78.0,3.6771252155303955,3.682176351547241,0.005051136016845703
6,28,58,239.0,3.4083893299102783,3.4120209217071533,0.003631591796875
6,28,59,271.0,4.502346992492676,4.505758285522461,0.0034112930297851562
6,28,60,162.0,3.0323004722595215,3.0295495986938477,-0.002750873565673828
6,28,61,179.0,3.618516206741333,3.635112762451172,0.016596555709838867
6,28,62,218.0,2.710827112197876,2.7059779167175293,-0.00484919548034668
6,28,63,81.0,3.249349355697632,3.2441554069519043,-0.005193948745727539
6,28,64,93.0,3.696587085723877,3.703446865081787,0.006859779357910156
6,28,65,72.0,3.9958338737487793,4.001412391662598,0.005578517913818359
6,28,66,230.0,3.6442677974700928,3.637829065322876,-0.006438732147216797
6,28,67,99.0,2.919395685195923,2.845339059829712,-0.07405662536621094
6,28,68,213.0,2.9106554985046387,2.909972906112671,-0.0006825923919677734
6,28,69,119.0,2.7914681434631348,2.7873947620391846,-0.004073381423950195
6,28,70,161.0,3.1008999347686768,3.104661226272583,0.00376129150390625
6,28,71,90.0,4.010181903839111,3.9988667964935303,-0.011315107345581055
6,28,72,181.0,3.0067594051361084,3.0193467140197754,0.012587308883666992
6,28,73,95.0,4.08024787902832,4.0754594802856445,-0.004788398742675781
6,28,74,245.0,2.442718744277954,2.4566636085510254,0.013944864273071289
6,28,75,93.0,2.114382266998291,2.1354472637176514,0.02106499671936035
6,28,76,225.0,2.825653553009033,2.821385145187378,-0.0042684078216552734
6,28,77,61.0,3.338794708251953,3.341156005859375,0.002361297607421875
6,28,78,257.0,3.9624106884002686,3.971252202987671,0.008841514587402344
6,28,79,165.0,3.2207393646240234,3.2125768661499023,-0.008162498474121094
6,28,80,117.0,4.315102577209473,4.30693244934082,-0.008170127868652344
6,28,81,89.0,3.6350255012512207,3.629472017288208,-0.005553483963012695
6,28,82,291.0,3.772111177444458,3.7673566341400146,-0.004754543304443359
6,28,83,93.0,3.43058443069458,3.440319776535034,0.009735345840454102
6,28,84,228.0,2.4015636444091797,2.400580644607544,-0.0009829998016357422
6,28,85,131.0,2.8454298973083496,2.851778030395508,0.006348133087158203
6,28,86,191.0,4.341160774230957,4.341919898986816,0.000759124755859375
6,28,87,238.0,5.110036849975586,5.115778923034668,0.005742073059082031
6,28,88,210.0,3.3413021564483643,3.3330583572387695,-0.008243799209594727
6,28,89,107.0,4.339839935302734,4.36055850982666,0.02071857452392578
6,28,90,217.0,3.0681116580963135,3.0674192905426025,-0.0006923675537109375
6,28,91,199.0,3.2457942962646484,3.2438583374023438,-0.0019359588623046875
6,28,92,84.0,2.6276965141296387,2.651850938796997,0.0241544246673584
6,28,93,271.0,3.756063222885132,3.7547245025634766,-0.0013387203216552734
6,28,94,226.0,3.251934289932251,3.2615809440612793,0.00964665412902832
6,28,95,258.0,3.875674247741699,3.8739583492279053,-0.0017158985137939453
6,28,96,86.0,3.585750102996826,3.5738418102264404,-0.011908292770385742
6,28,97,142.0,4.497574806213379,4.507704257965088,0.010129451751708984
6,28,98,42.0,3.347982168197632,3.3367228507995605,-0.011259317398071289
6,28,99,224.0,2.679133892059326,2.675393581390381,-0.0037403106689453125
6,28,100,197.0,2.196375608444214,2.1921966075897217,-0.0041790008544921875
6,28,101,85.0,2.568619728088379,2.562289237976074,-0.0063304901123046875
6,28,102,195.0,3.2174572944641113,3.2153327465057373,-0.0021245479583740234
6,28,103,102.0,3.6202828884124756,3.622589349746704,0.0023064613342285156
6,28,104,181.0,3.483546018600464,3.4828596115112305,-0.0006864070892333984
6,28,105,72.0,2.1719796657562256,2.1548845767974854,-0.017095088958740234
6,28,106,130.0,4.735745906829834,4.717896938323975,-0.017848968505859375
6,28,107,62.0,2.6150100231170654,2.6153573989868164,0.00034737586975097656
6,28,108,263.0,3.6819097995758057,3.6837265491485596,0.0018167495727539062
6,28,109,194.0,2.822662115097046,2.813871383666992,-0.008790731430053711
6,28,110,174.0,2.753187417984009,2.753662586212158,0.00047516822814941406
6,28,111,235.0,4.053600788116455,4.048512935638428,-0.005087852478027344
6,28,112,143.0,4.031272888183594,4.042121887207031,0.0108489990234375
6,28,113,117.0,4.415828704833984,4.362519264221191,-0.05330944061279297
6,28,114,160.0,3.988440990447998,3.9870753288269043,-0.00136566162109375
6,28,115,115.0,3.474060297012329,3.4805471897125244,0.0064868927001953125
6,28,116,120.0,3.551665782928467,3.5540013313293457,0.0023355484008789062
6,28,117,186.0,3.7136735916137695,3.7134976387023926,-0.00017595291137695312
6,28,118,138.0,3.1632800102233887,3.1624884605407715,-0.0007915496826171875
6,28,119,80.0,2.3273348808288574,2.3352322578430176,0.007897377014160156
6,28,120,164.0,2.849583864212036,2.854749917984009,0.005166053771972656
6,28,121,215.0,3.761408567428589,3.7793514728546143,0.01794290542602539
6,28,122,81.0,3.2764456272125244,3.268311023712158,-0.008134603500366211
6,28,123,171.0,3.1637179851531982,3.174628734588623,0.010910749435424805
6,28,124,41.0,5.6693196296691895,5.795485496520996,0.12616586685180664
6,28,125,103.0,3.8813576698303223,3.892188310623169,0.01083064079284668
6,28,126,145.0,3.006119966506958,3.0092251300811768,0.00310516357421875
6,28,127,102.0,2.92803955078125,2.9155662059783936,-0.012473344802856445
6,29,0,196.0,3.6189582347869873,3.6116437911987305,-0.007314443588256836
6,29,1,127.0,3.22214412689209,3.2215206623077393,-0.0006234645843505859
6,29,2,162.0,2.2713801860809326,2.266881227493286,-0.004498958587646484
6,29,3,92.0,4.133184909820557,4.132697105407715,-0.0004878044128417969
6,29,4,194.0,3.299353837966919,3.3012988567352295,0.0019450187683105469
6,29,5,115.0,2.8214778900146484,2.823821544647217,0.0023436546325683594
6,29,6,109.0,4.325214862823486,4.329986095428467,0.004771232604980469
6,29,7,48.0,3.449648857116699,3.4450454711914062,-0.004603385925292969
6,29,8,69.0,3.7256877422332764,3.7280547618865967,0.0023670196533203125
6,29,9,85.0,3.190195322036743,3.1825215816497803,-0.007673740386962891
6,29,10,238.0,2.782064914703369,2.7904796600341797,0.008414745330810547
6,29,11,233.0,2.6044344902038574,2.603985548019409,-0.0004489421844482422
6,29,12,208.0,3.147305488586426,3.146206855773926,-0.0010986328125
6,29,13,196.0,2.917774200439453,2.922394037246704,0.0046198368072509766
6,29,14,131.0,3.2567384243011475,3.2598671913146973,0.0031287670135498047
6,29,15,125.0,2.790242910385132,2.7910218238830566,0.0007789134979248047
6,29,16,61.0,4.113956451416016,4.110910415649414,-0.0030460357666015625
6,29,17,164.0,2.230290412902832,2.232623338699341,0.002332925796508789
6,29,18,107.0,3.345957040786743,3.3454267978668213,-0.000530242919921875
6,29,19,48.0,3.959183692932129,3.958045244216919,-0.001138448715209961
6,29,20,74.0,2.182640314102173,2.187670946121216,0.005030632019042969
6,29,21,103.0,2.7647080421447754,2.7771224975585938,0.01241445541381836
6,29,22,114.0,3.4331488609313965,3.4357926845550537,0.0026438236236572266
6,29,23,50.0,5.562728404998779,5.583834171295166,0.02110576629638672
6,29,24,281.0,2.4593505859375,2.4491748809814453,-0.010175704956054688
6,29,25,247.0,2.162877321243286,2.162228584289551,-0.0006487369537353516
6,29,26,173.0,3.780362606048584,3.7789254188537598,-0.0014371871948242188
6,29,27,166.0,3.268761396408081,3.2715089321136475,0.0027475357055664062
6,29,28,98.0,2.8850836753845215,2.8845837116241455,-0.0004999637603759766
6,29,29,174.0,3.2879021167755127,3.2869300842285156,-0.0009720325469970703
6,29,30,173.0,3.087313413619995,3.0934572219848633,0.006143808364868164
6,29,31,215.0,3.7688708305358887,3.7710537910461426,0.0021829605102539062
6,29,32,186.0,2.7773280143737793,2.776392698287964,-0.0009353160858154297
6,29,33,153.0,2.610452890396118,2.601848602294922,-0.008604288101196289
6,29,34,147.0,3.096090793609619,3.095635175704956,-0.00045561790466308594
6,29,35,50.0,4.262930870056152,4.249217987060547,-0.013712882995605469
6,29,36,86.0,2.5445685386657715,2.5409889221191406,-0.0035796165466308594
6,29,37,154.0,4.032649040222168,4.0239434242248535,-0.008705615997314453
6,29,38,265.0,2.685051679611206,2.685094118118286,4.2438507080078125e-05
6,29,39,199.0,3.442211389541626,3.431861400604248,-0.01034998893737793
6,29,40,138.0,3.036294937133789,3.0410773754119873,0.004782438278198242
6,29,41,98.0,3.56339955329895,3.5648233890533447,0.0014238357543945312
6,29,42,167.0,2.791276693344116,2.790313482284546,-0.0009632110595703125
6,29,43,288.0,3.996307849884033,3.9973902702331543,0.0010824203491210938
6,29,44,225.0,2.764963150024414,2.758765459060669,-0.006197690963745117
6,29,45,191.0,3.2674989700317383,3.2687761783599854,0.0012772083282470703
6,29,46,92.0,4.787234783172607,4.782253265380859,-0.004981517791748047
6,29,47,41.0,5.17321252822876,5.181084632873535,0.00787210464477539
6,29,48,231.0,3.050201892852783,3.0485353469848633,-0.0016665458679199219
6,29,49,101.0,2.2807674407958984,2.279680013656616,-0.0010874271392822266
6,29,50,177.0,3.28656005859375,3.285454273223877,-0.0011057853698730469
6,29,51,252.0,3.729534387588501,3.7339510917663574,0.004416704177856445
6,29,52,259.0,3.0285918712615967,3.024324417114258,-0.004267454147338867
6,29,53,47.0,3.0469322204589844,3.0523364543914795,0.005404233932495117
6,29,54,164.0,2.354414463043213,2.3536477088928223,-0.000766754150390625
6,29,55,94.0,3.564063310623169,3.561767816543579,-0.0022954940795898438
6,29,56,103.0,3.668520927429199,3.656949281692505,-0.011571645736694336
6,29,57,78.0,3.6771252155303955,3.6801276206970215,0.0030024051666259766
6,29,58,239.0,3.4083893299102783,3.406433582305908,-0.001955747604370117
6,29,59,271.0,4.502346992492676,4.505389213562012,0.0030422210693359375
6,29,60,162.0,3.0323004722595215,3.0238473415374756,-0.008453130722045898
6,29,61,179.0,3.618516206741333,3.616199016571045,-0.002317190170288086
6,29,62,218.0,2.710827112197876,2.713406801223755,0.0025796890258789062
6,29,63,81.0,3.249349355697632,3.25433611869812,0.004986763000488281
6,29,64,93.0,3.696587085723877,3.699035406112671,0.0024483203887939453
6,29,65,72.0,3.9958338737487793,3.9980685710906982,0.0022346973419189453
6,29,66,230.0,3.6442677974700928,3.64198637008667,-0.0022814273834228516
6,29,67,99.0,2.919395685195923,2.94039249420166,0.020996809005737305
6,29,68,213.0,2.9106554985046387,2.8986027240753174,-0.012052774429321289
6,29,69,119.0,2.7914681434631348,2.789846658706665,-0.0016214847564697266
6,29,70,161.0,3.1008999347686768,3.101774215698242,0.0008742809295654297
6,29,71,90.0,4.010181903839111,4.032599925994873,0.02241802215576172
6,29,72,181.0,3.0067594051361084,3.0061612129211426,-0.0005981922149658203
6,29,73,95.0,4.08024787902832,4.078447341918945,-0.001800537109375
6,29,74,245.0,2.442718744277954,2.4370148181915283,-0.005703926086425781
6,29,75,93.0,2.114382266998291,2.1174468994140625,0.0030646324157714844
6,29,76,225.0,2.825653553009033,2.8259923458099365,0.0003387928009033203
6,29,77,61.0,3.338794708251953,3.331623077392578,-0.007171630859375
6,29,78,257.0,3.9624106884002686,3.963387966156006,0.0009772777557373047
6,29,79,165.0,3.2207393646240234,3.223766326904297,0.0030269622802734375
6,29,80,117.0,4.315102577209473,4.314888954162598,-0.000213623046875
6,29,81,89.0,3.6350255012512207,3.639721393585205,0.004695892333984375
6,29,82,291.0,3.772111177444458,3.774658679962158,0.0025475025177001953
6,29,83,93.0,3.43058443069458,3.424835205078125,-0.005749225616455078
6,29,84,228.0,2.4015636444091797,2.3925020694732666,-0.009061574935913086
6,29,85,131.0,2.8454298973083496,2.8476850986480713,0.0022552013397216797
6,29,86,191.0,4.341160774230957,4.341210842132568,5.0067901611328125e-05
6,29,87,238.0,5.110036849975586,5.116702079772949,0.006665229797363281
6,29,88,210.0,3.3413021564483643,3.3454859256744385,0.004183769226074219
6,29,89,107.0,4.339839935302734,4.343445777893066,0.0036058425903320312
6,29,90,217.0,3.0681116580963135,3.0683791637420654,0.0002675056457519531
6,29,91,199.0,3.2457942962646484,3.244511365890503,-0.0012829303741455078
6,29,92,84.0,2.6276965141296387,2.6376898288726807,0.009993314743041992
6,29,93,271.0,3.756063222885132,3.7537004947662354,-0.0023627281188964844
6,29,94,226.0,3.251934289932251,3.246143102645874,-0.005791187286376953
6,29,95,258.0,3.875674247741699,3.8780012130737305,0.00232696533203125
6,29,96,86.0,3.585750102996826,3.5996429920196533,0.013892889022827148
6,29,97,142.0,4.497574806213379,4.4990553855896,0.0014805793762207031
6,29,98,42.0,3.347982168197632,3.3358988761901855,-0.012083292007446289
6,29,99,224.0,2.679133892059326,2.6735661029815674,-0.005567789077758789
6,29,100,197.0,2.196375608444214,2.1927382946014404,-0.0036373138427734375
6,29,101,85.0,2.568619728088379,2.5665171146392822,-0.0021026134490966797
6,29,102,195.0,3.2174572944641113,3.2167627811431885,-0.0006945133209228516
6,29,103,102.0,3.6202828884124756,3.626577854156494,0.006294965744018555
6,29,104,181.0,3.483546018600464,3.4798130989074707,-0.003732919692993164
6,29,105,72.0,2.1719796657562256,2.1803431510925293,0.008363485336303711
6,29,106,130.0,4.735745906829834,4.73926305770874,0.00351715087890625
6,29,107,62.0,2.6150100231170654,2.6167001724243164,0.0016901493072509766
6,29,108,263.0,3.6819097995758057,3.684666872024536,0.0027570724487304688
6,29,109,194.0,2.822662115097046,2.82898211479187,0.006319999694824219
6,29,110,174.0,2.753187417984009,2.7523574829101562,-0.0008299350738525391
6,29,111,235.0,4.053600788116455,4.0568766593933105,0.0032758712768554688
6,29,112,143.0,4.031272888183594,4.043763160705566,0.012490272521972656
6,29,113,117.0,4.415828704833984,4.401015758514404,-0.014812946319580078
6,29,114,160.0,3.988440990447998,3.9890308380126953,0.0005898475646972656
6,29,115,115.0,3.474060297012329,3.476365566253662,0.002305269241333008
6,29,116,120.0,3.551665782928467,3.551892042160034,0.0002262592315673828
6,29,117,186.0,3.7136735916137695,3.7162718772888184,0.002598285675048828
6,29,118,138.0,3.1632800102233887,3.1673290729522705,0.004049062728881836
6,29,119,80.0,2.3273348808288574,2.3189034461975098,-0.008431434631347656
6,29,120,164.0,2.849583864212036,2.8554162979125977,0.0058324337005615234
6,29,121,215.0,3.761408567428589,3.765803813934326,0.004395246505737305
6,29,122,81.0,3.2764456272125244,3.2809982299804688,0.004552602767944336
6,29,123,171.0,3.1637179851531982,3.1680972576141357,0.0043792724609375
6,29,124,41.0,5.6693196296691895,5.708437919616699,0.039118289947509766
6,29,125,103.0,3.8813576698303223,3.8816184997558594,0.0002608299255371094
6,29,126,145.0,3.006119966506958,3.001706838607788,-0.004413127899169922
6,29,127,102.0,2.92803955078125,2.926762580871582,-0.0012769699096679688
6,30,0,196.0,3.6189582347869873,3.609046459197998,-0.009911775588989258
6,30,1,127.0,3.22214412689209,3.2203590869903564,-0.0017850399017333984
6,30,2,162.0,2.2713801860809326,2.2672088146209717,-0.0041713714599609375
6,30,3,92.0,4.133184909820557,4.116458415985107,-0.01672649383544922
6,30,4,194.0,3.299353837966919,3.298058271408081,-0.0012955665588378906
6,30,5,115.0,2.8214778900146484,2.82004451751709,-0.0014333724975585938
6,30,6,109.0,4.325214862823486,4.330811023712158,0.005596160888671875
6,30,7,48.0,3.449648857116699,3.452183485031128,0.002534627914428711
6,30,8,69.0,3.7256877422332764,3.7168357372283936,-0.008852005004882812
6,30,9,85.0,3.190195322036743,3.188154935836792,-0.002040386199951172
6,30,10,238.0,2.782064914703369,2.7885260581970215,0.006461143493652344
6,30,11,233.0,2.6044344902038574,2.607011556625366,0.002577066421508789
6,30,12,208.0,3.147305488586426,3.1468896865844727,-0.000415802001953125
6,30,13,196.0,2.917774200439453,2.92409086227417,0.006316661834716797
6,30,14,131.0,3.2567384243011475,3.2600209712982178,0.0032825469970703125
6,30,15,125.0,2.790242910385132,2.792210578918457,0.0019676685333251953
6,30,16,61.0,4.113956451416016,4.107126712799072,-0.006829738616943359
6,30,17,164.0,2.230290412902832,2.236215353012085,0.00592494010925293
6,30,18,107.0,3.345957040786743,3.3437511920928955,-0.0022058486938476562
6,30,19,48.0,3.959183692932129,3.958970308303833,-0.00021338462829589844
6,30,20,74.0,2.182640314102173,2.17093563079834,-0.011704683303833008
6,30,21,103.0,2.7647080421447754,2.754142999649048,-0.010565042495727539
6,30,22,114.0,3.4331488609313965,3.4369304180145264,0.003781557083129883
6,30,23,50.0,5.562728404998779,5.573049545288086,0.01032114028930664
6,30,24,281.0,2.4593505859375,2.4601073265075684,0.0007567405700683594
6,30,25,247.0,2.162877321243286,2.1654770374298096,0.0025997161865234375
6,30,26,173.0,3.780362606048584,3.7830753326416016,0.002712726593017578
6,30,27,166.0,3.268761396408081,3.2735066413879395,0.0047452449798583984
6,30,28,98.0,2.8850836753845215,2.8864550590515137,0.0013713836669921875
6,30,29,174.0,3.2879021167755127,3.287241220474243,-0.0006608963012695312
6,30,30,173.0,3.087313413619995,3.0974481105804443,0.010134696960449219
6,30,31,215.0,3.7688708305358887,3.770113706588745,0.0012428760528564453
6,30,32,186.0,2.7773280143737793,2.7858059406280518,0.008477926254272461
6,30,33,153.0,2.610452890396118,2.597865581512451,-0.012587308883666992
6,30,34,147.0,3.096090793609619,3.0939321517944336,-0.002158641815185547
6,30,35,50.0,4.262930870056152,4.263994216918945,0.0010633468627929688
6,30,36,86.0,2.5445685386657715,2.5689616203308105,0.024393081665039062
6,30,37,154.0,4.032649040222168,4.030982971191406,-0.0016660690307617188
6,30,38,265.0,2.685051679611206,2.679375648498535,-0.0056760311126708984
6,30,39,199.0,3.442211389541626,3.4442665576934814,0.0020551681518554688
6,30,40,138.0,3.036294937133789,3.035781145095825,-0.0005137920379638672
6,30,41,98.0,3.56339955329895,3.568765640258789,0.005366086959838867
6,30,42,167.0,2.791276693344116,2.7902069091796875,-0.001069784164428711
6,30,43,288.0,3.996307849884033,3.995091676712036,-0.0012161731719970703
6,30,44,225.0,2.764963150024414,2.761080265045166,-0.003882884979248047
6,30,45,191.0,3.2674989700317383,3.2668137550354004,-0.0006852149963378906
6,30,46,92.0,4.787234783172607,4.782883167266846,-0.004351615905761719
6,30,47,41.0,5.17321252822876,5.18563175201416,0.01241922378540039
6,30,48,231.0,3.050201892852783,3.047775983810425,-0.0024259090423583984
6,30,49,101.0,2.2807674407958984,2.282179594039917,0.0014121532440185547
6,30,50,177.0,3.28656005859375,3.2825326919555664,-0.004027366638183594
6,30,51,252.0,3.729534387588501,3.7312753200531006,0.0017409324645996094
6,30,52,259.0,3.0285918712615967,3.0258359909057617,-0.002755880355834961
6,30,53,47.0,3.0469322204589844,3.0515999794006348,0.004667758941650391
6,30,54,164.0,2.354414463043213,2.357933282852173,0.003518819808959961
6,30,55,94.0,3.564063310623169,3.5588881969451904,-0.005175113677978516
6,30,56,103.0,3.668520927429199,3.667949676513672,-0.0005712509155273438
6,30,57,78.0,3.6771252155303955,3.673145055770874,-0.003980159759521484
6,30,58,239.0,3.4083893299102783,3.40134596824646,-0.007043361663818359
6,30,59,271.0,4.502346992492676,4.507205963134766,0.004858970642089844
6,30,60,162.0,3.0323004722595215,3.0254321098327637,-0.0068683624267578125
6,30,61,179.0,3.618516206741333,3.621321439743042,0.0028052330017089844
6,30,62,218.0,2.710827112197876,2.711435317993164,0.0006082057952880859
6,30,63,81.0,3.249349355697632,3.249098300933838,-0.0002510547637939453
6,30,64,93.0,3.696587085723877,3.704840660095215,0.00825357437133789
6,30,65,72.0,3.9958338737487793,3.9915034770965576,-0.00433039665222168
6,30,66,230.0,3.6442677974700928,3.6406657695770264,-0.0036020278930664062
6,30,67,99.0,2.919395685195923,2.9371745586395264,0.017778873443603516
6,30,68,213.0,2.9106554985046387,2.9137918949127197,0.0031363964080810547
6,30,69,119.0,2.7914681434631348,2.78932785987854,-0.0021402835845947266
6,30,70,161.0,3.1008999347686768,3.0947606563568115,-0.006139278411865234
6,30,71,90.0,4.010181903839111,4.010366916656494,0.0001850128173828125
6,30,72,181.0,3.0067594051361084,3.008999824523926,0.002240419387817383
6,30,73,95.0,4.08024787902832,4.062533378601074,-0.017714500427246094
6,30,74,245.0,2.442718744277954,2.443066358566284,0.0003476142883300781
6,30,75,93.0,2.114382266998291,2.117929458618164,0.003547191619873047
6,30,76,225.0,2.825653553009033,2.828636884689331,0.0029833316802978516
6,30,77,61.0,3.338794708251953,3.3506128787994385,0.011818170547485352
6,30,78,257.0,3.9624106884002686,3.9671411514282227,0.0047304630279541016
6,30,79,165.0,3.2207393646240234,3.2220606803894043,0.0013213157653808594
6,30,80,117.0,4.315102577209473,4.31367301940918,-0.0014295578002929688
6,30,81,89.0,3.6350255012512207,3.6373507976531982,0.002325296401977539
6,30,82,291.0,3.772111177444458,3.774535655975342,0.002424478530883789
6,30,83,93.0,3.43058443069458,3.422905683517456,-0.0076787471771240234
6,30,84,228.0,2.4015636444091797,2.398101329803467,-0.0034623146057128906
6,30,85,131.0,2.8454298973083496,2.8415122032165527,-0.003917694091796875
6,30,86,191.0,4.341160774230957,4.345182418823242,0.004021644592285156
6,30,87,238.0,5.110036849975586,5.117076873779297,0.0070400238037109375
6,30,88,210.0,3.3413021564483643,3.3448548316955566,0.003552675247192383
6,30,89,107.0,4.339839935302734,4.346471309661865,0.006631374359130859
6,30,90,217.0,3.0681116580963135,3.06500506401062,-0.0031065940856933594
6,30,91,199.0,3.2457942962646484,3.247636556625366,0.0018422603607177734
6,30,92,84.0,2.6276965141296387,2.6306591033935547,0.0029625892639160156
6,30,93,271.0,3.756063222885132,3.7513296604156494,-0.004733562469482422
6,30,94,226.0,3.251934289932251,3.2513067722320557,-0.0006275177001953125
6,30,95,258.0,3.875674247741699,3.88200044631958,0.006326198577880859
6,30,96,86.0,3.585750102996826,3.592941999435425,0.007191896438598633
6,30,97,142.0,4.497574806213379,4.500093460083008,0.0025186538696289062
6,30,98,42.0,3.347982168197632,3.312685966491699,-0.03529620170593262
6,30,99,224.0,2.679133892059326,2.6736748218536377,-0.0054590702056884766
6,30,100,197.0,2.196375608444214,2.194176435470581,-0.0021991729736328125
6,30,101,85.0,2.568619728088379,2.5563578605651855,-0.01226186752319336
6,30,102,195.0,3.2174572944641113,3.2214393615722656,0.003982067108154297
6,30,103,102.0,3.6202828884124756,3.624706268310547,0.004423379898071289
6,30,104,181.0,3.483546018600464,3.4765031337738037,-0.007042884826660156
6,30,105,72.0,2.1719796657562256,2.1719443798065186,-3.528594970703125e-05
6,30,106,130.0,4.735745906829834,4.730910301208496,-0.004835605621337891
6,30,107,62.0,2.6150100231170654,2.605583906173706,-0.009426116943359375
6,30,108,263.0,3.6819097995758057,3.6817588806152344,-0.00015091896057128906
6,30,109,194.0,2.822662115097046,2.806857109069824,-0.01580500602722168
6,30,110,174.0,2.753187417984009,2.749903678894043,-0.0032837390899658203
6,30,111,235.0,4.053600788116455,4.054758548736572,0.0011577606201171875
6,30,112,143.0,4.031272888183594,4.036100387573242,0.0048274993896484375
6,30,113,117.0,4.415828704833984,4.405055046081543,-0.010773658752441406
6,30,114,160.0,3.988440990447998,3.9817187786102295,-0.006722211837768555
6,30,115,115.0,3.474060297012329,3.4783520698547363,0.0042917728424072266
6,30,116,120.0,3.551665782928467,3.555738687515259,0.004072904586791992
6,30,117,186.0,3.7136735916137695,3.7191202640533447,0.005446672439575195
6,30,118,138.0,3.1632800102233887,3.1639461517333984,0.0006661415100097656
6,30,119,80.0,2.3273348808288574,2.3276052474975586,0.0002703666687011719
6,30,120,164.0,2.849583864212036,2.854320526123047,0.004736661911010742
6,30,121,215.0,3.761408567428589,3.748858690261841,-0.012549877166748047
6,30,122,81.0,3.2764456272125244,3.2851991653442383,0.008753538131713867
6,30,123,171.0,3.1637179851531982,3.160531759262085,-0.0031862258911132812
6,30,124,41.0,5.6693196296691895,5.7234601974487305,0.054140567779541016
6,30,125,103.0,3.8813576698303223,3.8851521015167236,0.003794431686401367
6,30,126,145.0,3.006119966506958,3.0099973678588867,0.003877401351928711
6,30,127,102.0,2.92803955078125,2.9263620376586914,-0.0016775131225585938
6,31,0,196.0,3.6189582347869873,3.62062668800354,0.0016684532165527344
6,31,1,127.0,3.22214412689209,3.2135040760040283,-0.008640050888061523
6,31,2,162.0,2.2713801860809326,2.270674228668213,-0.0007059574127197266
6,31,3,92.0,4.133184909820557,4.1280837059021,-0.005101203918457031
6,31,4,194.0,3.299353837966919,3.2973544597625732,-0.001999378204345703
6,31,5,115.0,2.8214778900146484,2.8280131816864014,0.00653529167175293
6,31,6,109.0,4.325214862823486,4.328372001647949,0.0031571388244628906
6,31,7,48.0,3.449648857116699,3.4455184936523438,-0.004130363464355469
6,31,8,69.0,3.7256877422332764,3.727647066116333,0.0019593238830566406
6,31,9,85.0,3.190195322036743,3.1949691772460938,0.004773855209350586
6,31,10,238.0,2.782064914703369,2.7855827808380127,0.0035178661346435547
6,31,11,233.0,2.6044344902038574,2.60874080657959,0.004306316375732422
6,31,12,208.0,3.147305488586426,3.149850606918335,0.0025451183319091797
6,31,13,196.0,2.917774200439453,2.916933059692383,-0.0008411407470703125
6,31,14,131.0,3.2567384243011475,3.2563159465789795,-0.00042247772216796875
6,31,15,125.0,2.790242910385132,2.7925305366516113,0.002287626266479492
6,31,16,61.0,4.113956451416016,4.122800350189209,0.00884389877319336
6,31,17,164.0,2.230290412902832,2.2276225090026855,-0.0026679039001464844
6,31,18,107.0,3.345957040786743,3.3526201248168945,0.006663084030151367
6,31,19,48.0,3.959183692932129,3.965176582336426,0.005992889404296875
6,31,20,74.0,2.182640314102173,2.185849666595459,0.003209352493286133
6,31,21,103.0,2.7647080421447754,2.712754249572754,-0.051953792572021484
6,31,22,114.0,3.4331488609313965,3.431975841522217,-0.0011730194091796875
6,31,23,50.0,5.562728404998779,5.580602645874023,0.01787424087524414
6,31,24,281.0,2.4593505859375,2.454475164413452,-0.0048754215240478516
6,31,25,247.0,2.162877321243286,2.1639010906219482,0.0010237693786621094
6,31,26,173.0,3.780362606048584,3.7671031951904297,-0.013259410858154297
6,31,27,166.0,3.268761396408081,3.269227981567383,0.0004665851593017578
6,31,28,98.0,2.8850836753845215,2.8767292499542236,-0.008354425430297852
6,31,29,174.0,3.2879021167755127,3.284177541732788,-0.0037245750427246094
6,31,30,173.0,3.087313413619995,3.094895124435425,0.0075817108154296875
6,31,31,215.0,3.7688708305358887,3.7704215049743652,0.0015506744384765625
6,31,32,186.0,2.7773280143737793,2.775261640548706,-0.002066373825073242
6,31,33,153.0,2.610452890396118,2.603616237640381,-0.006836652755737305
6,31,34,147.0,3.096090793609619,3.0911784172058105,-0.004912376403808594
6,31,35,50.0,4.262930870056152,4.248065948486328,-0.014864921569824219
6,31,36,86.0,2.5445685386657715,2.563145875930786,0.01857733726501465
6,31,37,154.0,4.032649040222168,4.015904903411865,-0.016744136810302734
6,31,38,265.0,2.685051679611206,2.6797091960906982,-0.0053424835205078125
6,31,39,199.0,3.442211389541626,3.439486026763916,-0.002725362777709961
6,31,40,138.0,3.036294937133789,3.0574960708618164,0.021201133728027344
6,31,41,98.0,3.56339955329895,3.5575385093688965,-0.005861043930053711
6,31,42,167.0,2.791276693344116,2.798131227493286,0.006854534149169922
6,31,43,288.0,3.996307849884033,4.0017876625061035,0.0054798126220703125
6,31,44,225.0,2.764963150024414,2.7619404792785645,-0.0030226707458496094
6,31,45,191.0,3.2674989700317383,3.269688367843628,0.0021893978118896484
6,31,46,92.0,4.787234783172607,4.8244218826293945,0.03718709945678711
6,31,47,41.0,5.17321252822876,5.186264514923096,0.013051986694335938
6,31,48,231.0,3.050201892852783,3.057199478149414,0.006997585296630859
6,31,49,101.0,2.2807674407958984,2.2787797451019287,-0.0019876956939697266
6,31,50,177.0,3.28656005859375,3.280355930328369,-0.006204128265380859
6,31,51,252.0,3.729534387588501,3.7324798107147217,0.002945423126220703
6,31,52,259.0,3.0285918712615967,3.0329208374023438,0.00432896614074707
6,31,53,47.0,3.0469322204589844,3.0522828102111816,0.005350589752197266
6,31,54,164.0,2.354414463043213,2.356696367263794,0.0022819042205810547
6,31,55,94.0,3.564063310623169,3.5568759441375732,-0.007187366485595703
6,31,56,103.0,3.668520927429199,3.6663057804107666,-0.002215147018432617
6,31,57,78.0,3.6771252155303955,3.6657893657684326,-0.01133584976196289
6,31,58,239.0,3.4083893299102783,3.40340256690979,-0.004986763000488281
6,31,59,271.0,4.502346992492676,4.506579399108887,0.0042324066162109375
6,31,60,162.0,3.0323004722595215,3.02435040473938,-0.007950067520141602
6,31,61,179.0,3.618516206741333,3.613612651824951,-0.004903554916381836
6,31,62,218.0,2.710827112197876,2.7120392322540283,0.0012121200561523438
6,31,63,81.0,3.249349355697632,3.2402467727661133,-0.009102582931518555
6,31,64,93.0,3.696587085723877,3.710155963897705,0.013568878173828125
6,31,65,72.0,3.9958338737487793,3.9880895614624023,-0.007744312286376953
6,31,66,230.0,3.6442677974700928,3.6458518505096436,0.0015840530395507812
6,31,67,99.0,2.919395685195923,2.8913650512695312,-0.0280306339263916
6,31,68,213.0,2.9106554985046387,2.908938407897949,-0.0017170906066894531
6,31,69,119.0,2.7914681434631348,2.790076494216919,-0.0013916492462158203
6,31,70,161.0,3.1008999347686768,3.1005170345306396,-0.0003829002380371094
6,31,71,90.0,4.010181903839111,4.0036492347717285,-0.0065326690673828125
6,31,72,181.0,3.0067594051361084,3.001610279083252,-0.005149126052856445
6,31,73,95.0,4.08024787902832,4.069364070892334,-0.010883808135986328
6,31,74,245.0,2.442718744277954,2.4401936531066895,-0.0025250911712646484
6,31,75,93.0,2.114382266998291,2.117077112197876,0.002694845199584961
6,31,76,225.0,2.825653553009033,2.8220088481903076,-0.003644704818725586
6,31,77,61.0,3.338794708251953,3.3363828659057617,-0.0024118423461914062
6,31,78,257.0,3.9624106884002686,3.9619104862213135,-0.0005002021789550781
6,31,79,165.0,3.2207393646240234,3.2188758850097656,-0.0018634796142578125
6,31,80,117.0,4.315102577209473,4.313412666320801,-0.001689910888671875
6,31,81,89.0,3.6350255012512207,3.644606590270996,0.00958108901977539
6,31,82,291.0,3.772111177444458,3.7703135013580322,-0.0017976760864257812
6,31,83,93.0,3.43058443069458,3.4290285110473633,-0.0015559196472167969
6,31,84,228.0,2.4015636444091797,2.4001524448394775,-0.0014111995697021484
6,31,85,131.0,2.8454298973083496,2.842987060546875,-0.0024428367614746094
6,31,86,191.0,4.341160774230957,4.344266891479492,0.0031061172485351562
6,31,87,238.0,5.110036849975586,5.1091532707214355,-0.0008835792541503906
6,31,88,210.0,3.3413021564483643,3.3548858165740967,0.013583660125732422
6,31,89,107.0,4.339839935302734,4.353504657745361,0.013664722442626953
6,31,90,217.0,3.0681116580963135,3.0690157413482666,0.000904083251953125
6,31,91,199.0,3.2457942962646484,3.2496912479400635,0.003896951675415039
6,31,92,84.0,2.6276965141296387,2.6246683597564697,-0.0030281543731689453
6,31,93,271.0,3.756063222885132,3.7522480487823486,-0.003815174102783203
6,31,94,226.0,3.251934289932251,3.2510669231414795,-0.0008673667907714844
6,31,95,258.0,3.875674247741699,3.873652458190918,-0.00202178955078125
6,31,96,86.0,3.585750102996826,3.5999996662139893,0.014249563217163086
6,31,97,142.0,4.497574806213379,4.4887309074401855,-0.00884389877319336
6,31,98,42.0,3.347982168197632,3.329741954803467,-0.01824021339416504
6,31,99,224.0,2.679133892059326,2.6706225872039795,-0.00851130485534668
6,31,100,197.0,2.196375608444214,2.1896426677703857,-0.006732940673828125
6,31,101,85.0,2.568619728088379,2.5675859451293945,-0.001033782958984375
6,31,102,195.0,3.2174572944641113,3.218491554260254,0.0010342597961425781
6,31,103,102.0,3.6202828884124756,3.643486976623535,0.02320408821105957
6,31,104,181.0,3.483546018600464,3.4886832237243652,0.005137205123901367
6,31,105,72.0,2.1719796657562256,2.189831018447876,0.01785135269165039
6,31,106,130.0,4.735745906829834,4.7324371337890625,-0.0033087730407714844
6,31,107,62.0,2.6150100231170654,2.6149306297302246,-7.939338684082031e-05
6,31,108,263.0,3.6819097995758057,3.684452533721924,0.002542734146118164
6,31,109,194.0,2.822662115097046,2.8177433013916016,-0.004918813705444336
6,31,110,174.0,2.753187417984009,2.756162166595459,0.0029747486114501953
6,31,111,235.0,4.053600788116455,4.040072441101074,-0.01352834701538086
6,31,112,143.0,4.031272888183594,4.034583568572998,0.003310680389404297
6,31,113,117.0,4.415828704833984,4.407036781311035,-0.008791923522949219
6,31,114,160.0,3.988440990447998,3.991546630859375,0.003105640411376953
6,31,115,115.0,3.474060297012329,3.4804465770721436,0.006386280059814453
6,31,116,120.0,3.551665782928467,3.5536375045776367,0.001971721649169922
6,31,117,186.0,3.7136735916137695,3.7136080265045166,-6.556510925292969e-05
6,31,118,138.0,3.1632800102233887,3.1705729961395264,0.007292985916137695
6,31,119,80.0,2.3273348808288574,2.3227829933166504,-0.004551887512207031
6,31,120,164.0,2.849583864212036,2.8518364429473877,0.0022525787353515625
6,31,121,215.0,3.761408567428589,3.7544353008270264,-0.0069732666015625
6,31,122,81.0,3.2764456272125244,3.286749839782715,0.01030421257019043
6,31,123,171.0,3.1637179851531982,3.173499822616577,0.009781837463378906
6,31,124,41.0,5.6693196296691895,5.686607360839844,0.017287731170654297
6,31,125,103.0,3.8813576698303223,3.887769937515259,0.0064122676849365234
6,31,126,145.0,3.006119966506958,3.0106680393218994,0.004548072814941406
6,31,127,102.0,2.92803955078125,2.927380323410034,-0.0006592273712158203
18,0,0,196.0,3.6189582347869873,3.6108005046844482,-0.008157730102539062
18,0,1,127.0,3.22214412689209,3.2215826511383057,-0.0005614757537841797
18,0,2,162.0,2.2713801860809326,2.258450746536255,-0.012929439544677734
18,0,3,92.0,4.133184909820557,4.135653495788574,0.002468585968017578
18,0,4,194.0,3.299353837966919,3.303203821182251,0.0038499832153320312
18,0,5,115.0,2.8214778900146484,2.8188743591308594,-0.0026035308837890625
18,0,6,109.0,4.325214862823486,4.325986862182617,0.0007719993591308594
18,0,7,48.0,3.449648857116699,3.445357084274292,-0.0042917728424072266
18,0,8,69.0,3.7256877422332764,3.7185120582580566,-0.0071756839752197266
18,0,9,85.0,3.190195322036743,3.187286853790283,-0.002908468246459961
18,0,10,238.0,2.782064914703369,2.7820751667022705,1.0251998901367188e-05
18,0,11,233.0,2.6044344902038574,2.6105268001556396,0.0060923099517822266
18,0,12,208.0,3.147305488586426,3.1479318141937256,0.0006263256072998047
18,0,13,196.0,2.917774200439453,2.9143476486206055,-0.0034265518188476562
18,0,14,131.0,3.2567384243011475,3.255448579788208,-0.0012898445129394531
18,0,15,125.0,2.790242910385132,2.7896811962127686,-0.0005617141723632812
18,0,16,61.0,4.113956451416016,4.114505767822266,0.00054931640625
18,0,17,164.0,2.230290412902832,2.2296504974365234,-0.0006399154663085938
18,0,18,107.0,3.345957040786743,3.341907501220703,-0.004049539566040039
18,0,19,48.0,3.959183692932129,3.9532454013824463,-0.005938291549682617
18,0,20,74.0,2.182640314102173,2.180859088897705,-0.0017812252044677734
18,0,21,103.0,2.7647080421447754,2.767338514328003,0.002630472183227539
18,0,22,114.0,3.4331488609313965,3.435262680053711,0.002113819122314453
18,0,23,50.0,5.562728404998779,5.566611289978027,0.003882884979248047
18,0,24,281.0,2.4593505859375,2.4529619216918945,-0.006388664245605469
18,0,25,247.0,2.162877321243286,2.1644866466522217,0.0016093254089355469
18,0,26,173.0,3.780362606048584,3.772101879119873,-0.008260726928710938
18,0,27,166.0,3.268761396408081,3.2708122730255127,0.0020508766174316406
18,0,28,98.0,2.8850836753845215,2.888101577758789,0.003017902374267578
18,0,29,174.0,3.2879021167755127,3.2807302474975586,-0.0071718692779541016
18,0,30,173.0,3.087313413619995,3.0772550106048584,-0.010058403015136719
18,0,31,215.0,3.7688708305358887,3.758439779281616,-0.010431051254272461
18,0,32,186.0,2.7773280143737793,2.773240327835083,-0.004087686538696289
18,0,33,153.0,2.610452890396118,2.5983452796936035,-0.012107610702514648
18,0,34,147.0,3.096090793609619,3.090874433517456,-0.005216360092163086
18,0,35,50.0,4.262930870056152,4.254088401794434,-0.00884246826171875
18,0,36,86.0,2.5445685386657715,2.557629346847534,0.013060808181762695
18,0,37,154.0,4.032649040222168,4.0293121337890625,-0.0033369064331054688
18,0,38,265.0,2.685051679611206,2.681305408477783,-0.0037462711334228516
18,0,39,199.0,3.442211389541626,3.4374141693115234,-0.004797220230102539
18,0,40,138.0,3.036294937133789,3.027555227279663,-0.008739709854125977
18,0,41,98.0,3.56339955329895,3.5717031955718994,0.008303642272949219
18,0,42,167.0,2.791276693344116,2.7861359119415283,-0.005140781402587891
18,0,43,288.0,3.996307849884033,3.9929494857788086,-0.0033583641052246094
18,0,44,225.0,2.764963150024414,2.761873483657837,-0.0030896663665771484
18,0,45,191.0,3.2674989700317383,3.278481960296631,0.010982990264892578
18,0,46,92.0,4.787234783172607,4.785302639007568,-0.0019321441650390625
18,0,47,41.0,5.17321252822876,5.1731367111206055,-7.581710815429688e-05
18,0,48,231.0,3.050201892852783,3.0479111671447754,-0.0022907257080078125
18,0,49,101.0,2.2807674407958984,2.271029233932495,-0.00973820686340332
18,0,50,177.0,3.28656005859375,3.284379005432129,-0.0021810531616210938
18,0,51,252.0,3.729534387588501,3.7297120094299316,0.00017762184143066406
18,0,52,259.0,3.0285918712615967,3.0231986045837402,-0.005393266677856445
18,0,53,47.0,3.0469322204589844,3.0627665519714355,0.015834331512451172
18,0,54,164.0,2.354414463043213,2.3449230194091797,-0.009491443634033203
18,0,55,94.0,3.564063310623169,3.5555641651153564,-0.0084991455078125
18,0,56,103.0,3.668520927429199,3.6568691730499268,-0.011651754379272461
18,0,57,78.0,3.6771252155303955,3.680626392364502,0.0035011768341064453
18,0,58,239.0,3.4083893299102783,3.3980681896209717,-0.01032114028930664
18,0,59,271.0,4.502346992492676,4.5022382736206055,-0.0001087188720703125
18,0,60,162.0,3.0323004722595215,3.031794309616089,-0.0005061626434326172
18,0,61,179.0,3.618516206741333,3.615415334701538,-0.003100872039794922
18,0,62,218.0,2.710827112197876,2.7066102027893066,-0.004216909408569336
18,0,63,81.0,3.249349355697632,3.228720188140869,-0.020629167556762695
18,0,64,93.0,3.696587085723877,3.6932241916656494,-0.003362894058227539
18,0,65,72.0,3.9958338737487793,3.9879744052886963,-0.007859468460083008
18,0,66,230.0,3.6442677974700928,3.639317035675049,-0.004950761795043945
18,0,67,99.0,2.919395685195923,2.92429256439209,0.004896879196166992
18,0,68,213.0,2.9106554985046387,2.9045042991638184,-0.0061511993408203125
18,0,69,119.0,2.7914681434631348,2.790808916091919,-0.0006592273712158203
18,0,70,161.0,3.1008999347686768,3.101092576980591,0.0001926422119140625
18,0,71,90.0,4.010181903839111,4.024082660675049,0.0139007568359375
18,0,72,181.0,3.0067594051361084,3.0066659450531006,-9.34600830078125e-05
18,0,73,95.0,4.08024787902832,4.07653284072876,-0.003715038299560547
18,0,74,245.0,2.442718744277954,2.4349420070648193,-0.007776737213134766
18,0,75,93.0,2.114382266998291,2.1186156272888184,0.004233360290527344
18,0,76,225.0,2.825653553009033,2.8231887817382812,-0.002464771270751953
18,0,77,61.0,3.338794708251953,3.3502745628356934,0.011479854583740234
18,0,78,257.0,3.9624106884002686,3.9609413146972656,-0.0014693737030029297
18,0,79,165.0,3.2207393646240234,3.2137396335601807,-0.0069997310638427734
18,0,80,117.0,4.315102577209473,4.315864086151123,0.0007615089416503906
18,0,81,89.0,3.6350255012512207,3.637596607208252,0.00257110595703125
18,0,82,291.0,3.772111177444458,3.767599582672119,-0.004511594772338867
18,0,83,93.0,3.43058443069458,3.4341816902160645,0.003597259521484375
18,0,84,228.0,2.4015636444091797,2.4145872592926025,0.013023614883422852
18,0,85,131.0,2.8454298973083496,2.8399248123168945,-0.005505084991455078
18,0,86,191.0,4.341160774230957,4.337246894836426,-0.00391387939453125
18,0,87,238.0,5.110036849975586,5.115213871002197,0.005177021026611328
18,0,88,210.0,3.3413021564483643,3.3365049362182617,-0.004797220230102539
18,0,89,107.0,4.339839935302734,4.336356163024902,-0.0034837722778320312
18,0,90,217.0,3.0681116580963135,3.0659685134887695,-0.0021431446075439453
18,0,91,199.0,3.2457942962646484,3.248668909072876,0.002874612808227539
18,0,92,84.0,2.6276965141296387,2.6351726055145264,0.007476091384887695
18,0,93,271.0,3.756063222885132,3.750134229660034,-0.005928993225097656
18,0,94,226.0,3.251934289932251,3.2571966648101807,0.0052623748779296875
18,0,95,258.0,3.875674247741699,3.880587100982666,0.004912853240966797
18,0,96,86.0,3.585750102996826,3.582767963409424,-0.0029821395874023438
18,0,97,142.0,4.497574806213379,4.496649265289307,-0.0009255409240722656
18,0,98,42.0,3.347982168197632,3.3149406909942627,-0.03304147720336914
18,0,99,224.0,2.679133892059326,2.6756060123443604,-0.0035278797149658203
18,0,100,197.0,2.196375608444214,2.1889257431030273,-0.0074498653411865234
18,0,101,85.0,2.568619728088379,2.5635108947753906,-0.005108833312988281
18,0,102,195.0,3.2174572944641113,3.21152400970459,-0.005933284759521484
18,0,103,102.0,3.6202828884124756,3.6243157386779785,0.00403285026550293
18,0,104,181.0,3.483546018600464,3.4750444889068604,-0.008501529693603516
18,0,105,72.0,2.1719796657562256,2.175823211669922,0.003843545913696289
18,0,106,130.0,4.735745906829834,4.7399678230285645,0.004221916198730469
18,0,107,62.0,2.6150100231170654,2.610713005065918,-0.004297018051147461
18,0,108,263.0,3.6819097995758057,3.680957794189453,-0.0009520053863525391
18,0,109,194.0,2.822662115097046,2.815997838973999,-0.006664276123046875
18,0,110,174.0,2.753187417984009,2.7513322830200195,-0.0018551349639892578
18,0,111,235.0,4.053600788116455,4.074878215789795,0.021277427673339844
18,0,112,143.0,4.031272888183594,4.022006988525391,-0.009265899658203125
18,0,113,117.0,4.415828704833984,4.407663822174072,-0.00816488265991211
18,0,114,160.0,3.988440990447998,3.9755821228027344,-0.012858867645263672
18,0,115,115.0,3.474060297012329,3.480685234069824,0.006624937057495117
18,0,116,120.0,3.551665782928467,3.5555419921875,0.003876209259033203
18,0,117,186.0,3.7136735916137695,3.7141225337982178,0.0004489421844482422
18,0,118,138.0,3.1632800102233887,3.1679117679595947,0.004631757736206055
18,0,119,80.0,2.3273348808288574,2.320542573928833,-0.006792306900024414
18,0,120,164.0,2.849583864212036,2.855811595916748,0.006227731704711914
18,0,121,215.0,3.761408567428589,3.7605202198028564,-0.0008883476257324219
18,0,122,81.0,3.2764456272125244,3.2675716876983643,-0.008873939514160156
18,0,123,171.0,3.1637179851531982,3.1655948162078857,0.0018768310546875
18,0,124,41.0,5.6693196296691895,5.6590704917907715,-0.010249137878417969
18,0,125,103.0,3.8813576698303223,3.8770320415496826,-0.0043256282806396484
18,0,126,145.0,3.006119966506958,3.0051050186157227,-0.0010149478912353516
18,0,127,102.0,2.92803955078125,2.9174253940582275,-0.010614156723022461
18,1,0,196.0,3.6189582347869873,3.6189260482788086,-3.218650817871094e-05
18,1,1,127.0,3.22214412689209,3.224048614501953,0.0019044876098632812
18,1,2,162.0,2.2713801860809326,2.2665436267852783,-0.004836559295654297
18,1,3,92.0,4.133184909820557,4.133649826049805,0.0004649162292480469
18,1,4,194.0,3.299353837966919,3.29213285446167,-0.0072209835052490234
18,1,5,115.0,2.8214778900146484,2.821373462677002,-0.00010442733764648438
18,1,6,109.0,4.325214862823486,4.321285247802734,-0.003929615020751953
18,1,7,48.0,3.449648857116699,3.450852632522583,0.001203775405883789
18,1,8,69.0,3.7256877422332764,3.7292046546936035,0.0035169124603271484
18,1,9,85.0,3.190195322036743,3.1895041465759277,-0.0006911754608154297
18,1,10,238.0,2.782064914703369,2.7844107151031494,0.0023458003997802734
18,1,11,233.0,2.6044344902038574,2.6050291061401367,0.0005946159362792969
18,1,12,208.0,3.147305488586426,3.148113489151001,0.0008080005645751953
18,1,13,196.0,2.917774200439453,2.914748191833496,-0.0030260086059570312
18,1,14,131.0,3.2567384243011475,3.2601664066314697,0.0034279823303222656
18,1,15,125.0,2.790242910385132,2.787318229675293,-0.002924680709838867
18,1,16,61.0,4.113956451416016,4.1199727058410645,0.006016254425048828
18,1,17,164.0,2.230290412902832,2.2282516956329346,-0.002038717269897461
18,1,18,107.0,3.345957040786743,3.3588058948516846,0.012848854064941406
18,1,19,48.0,3.959183692932129,3.9558887481689453,-0.0032949447631835938
18,1,20,74.0,2.182640314102173,2.1814229488372803,-0.0012173652648925781
18,1,21,103.0,2.7647080421447754,2.780329942703247,0.01562190055847168
18,1,22,114.0,3.4331488609313965,3.439781427383423,0.006632566452026367
18,1,23,50.0,5.562728404998779,5.553323268890381,-0.009405136108398438
18,1,24,281.0,2.4593505859375,2.457855224609375,-0.001495361328125
18,1,25,247.0,2.162877321243286,2.1639492511749268,0.001071929931640625
18,1,26,173.0,3.780362606048584,3.779644727706909,-0.0007178783416748047
18,1,27,166.0,3.268761396408081,3.268444061279297,-0.0003173351287841797
18,1,28,98.0,2.8850836753845215,2.8837080001831055,-0.0013756752014160156
18,1,29,174.0,3.2879021167755127,3.280867338180542,-0.007034778594970703
18,1,30,173.0,3.087313413619995,3.094534397125244,0.0072209835052490234
18,1,31,215.0,3.7688708305358887,3.765213966369629,-0.0036568641662597656
18,1,32,186.0,2.7773280143737793,2.773317813873291,-0.004010200500488281
18,1,33,153.0,2.610452890396118,2.6112048625946045,0.0007519721984863281
18,1,34,147.0,3.096090793609619,3.089569330215454,-0.006521463394165039
18,1,35,50.0,4.262930870056152,4.271108627319336,0.008177757263183594
18,1,36,86.0,2.5445685386657715,2.562147378921509,0.017578840255737305
18,1,37,154.0,4.032649040222168,4.025483131408691,-0.0071659088134765625
18,1,38,265.0,2.685051679611206,2.6824405193328857,-0.0026111602783203125
18,1,39,199.0,3.442211389541626,3.4443576335906982,0.0021462440490722656
18,1,40,138.0,3.036294937133789,3.0411336421966553,0.004838705062866211
18,1,41,98.0,3.56339955329895,3.567861557006836,0.004462003707885742
18,1,42,167.0,2.791276693344116,2.787888526916504,-0.0033881664276123047
18,1,43,288.0,3.996307849884033,3.9944026470184326,-0.001905202865600586
18,1,44,225.0,2.764963150024414,2.7623908519744873,-0.002572298049926758
18,1,45,191.0,3.2674989700317383,3.2685863971710205,0.0010874271392822266
18,1,46,92.0,4.787234783172607,4.788806915283203,0.0015721321105957031
18,1,47,41.0,5.17321252822876,5.178295612335205,0.0050830841064453125
18,1,48,231.0,3.050201892852783,3.0480973720550537,-0.002104520797729492
18,1,49,101.0,2.2807674407958984,2.2843687534332275,0.0036013126373291016
18,1,50,177.0,3.28656005859375,3.2864480018615723,-0.00011205673217773438
18,1,51,252.0,3.729534387588501,3.732773542404175,0.003239154815673828
18,1,52,259.0,3.0285918712615967,3.034695863723755,0.006103992462158203
18,1,53,47.0,3.0469322204589844,3.047989845275879,0.0010576248168945312
18,1,54,164.0,2.354414463043213,2.3602991104125977,0.005884647369384766
18,1,55,94.0,3.564063310623169,3.555684804916382,-0.00837850570678711
18,1,56,103.0,3.668520927429199,3.663787364959717,-0.004733562469482422
18,1,57,78.0,3.6771252155303955,3.673579216003418,-0.003545999526977539
18,1,58,239.0,3.4083893299102783,3.411980390548706,0.0035910606384277344
18,1,59,271.0,4.502346992492676,4.503454685211182,0.0011076927185058594
18,1,60,162.0,3.0323004722595215,3.0281858444213867,-0.004114627838134766
18,1,61,179.0,3.618516206741333,3.6198525428771973,0.0013363361358642578
18,1,62,218.0,2.710827112197876,2.7114787101745605,0.0006515979766845703
18,1,63,81.0,3.249349355697632,3.2610597610473633,0.011710405349731445
18,1,64,93.0,3.696587085723877,3.7085821628570557,0.011995077133178711
18,1,65,72.0,3.9958338737487793,3.979221820831299,-0.01661205291748047
18,1,66,230.0,3.6442677974700928,3.6516308784484863,0.007363080978393555
18,1,67,99.0,2.919395685195923,2.911869764328003,-0.007525920867919922
18,1,68,213.0,2.9106554985046387,2.9030041694641113,-0.007651329040527344
18,1,69,119.0,2.7914681434631348,2.791184425354004,-0.0002837181091308594
18,1,70,161.0,3.1008999347686768,3.0992519855499268,-0.00164794921875
18,1,71,90.0,4.010181903839111,3.99609112739563,-0.014090776443481445
18,1,72,181.0,3.0067594051361084,3.007560968399048,0.0008015632629394531
18,1,73,95.0,4.08024787902832,4.083144187927246,0.0028963088989257812
18,1,74,245.0,2.442718744277954,2.4318861961364746,-0.010832548141479492
18,1,75,93.0,2.114382266998291,2.117189884185791,0.0028076171875
18,1,76,225.0,2.825653553009033,2.8190183639526367,-0.006635189056396484
18,1,77,61.0,3.338794708251953,3.344478130340576,0.005683422088623047
18,1,78,257.0,3.9624106884002686,3.9630556106567383,0.0006449222564697266
18,1,79,165.0,3.2207393646240234,3.2188384532928467,-0.0019009113311767578
18,1,80,117.0,4.315102577209473,4.314152240753174,-0.0009503364562988281
18,1,81,89.0,3.6350255012512207,3.6464200019836426,0.011394500732421875
18,1,82,291.0,3.772111177444458,3.7718493938446045,-0.0002617835998535156
18,1,83,93.0,3.43058443069458,3.435938596725464,0.005354166030883789
18,1,84,228.0,2.4015636444091797,2.389406442642212,-0.012157201766967773
18,1,85,131.0,2.8454298973083496,2.8395822048187256,-0.0058476924896240234
18,1,86,191.0,4.341160774230957,4.344470977783203,0.0033102035522460938
18,1,87,238.0,5.110036849975586,5.1016926765441895,-0.008344173431396484
18,1,88,210.0,3.3413021564483643,3.3437418937683105,0.002439737319946289
18,1,89,107.0,4.339839935302734,4.339105606079102,-0.0007343292236328125
18,1,90,217.0,3.0681116580963135,3.0675835609436035,-0.0005280971527099609
18,1,91,199.0,3.2457942962646484,3.247833728790283,0.0020394325256347656
18,1,92,84.0,2.6276965141296387,2.6315629482269287,0.003866434097290039
18,1,93,271.0,3.756063222885132,3.754948139190674,-0.0011150836944580078
18,1,94,226.0,3.251934289932251,3.248835563659668,-0.003098726272583008
18,1,95,258.0,3.875674247741699,3.869591474533081,-0.006082773208618164
18,1,96,86.0,3.585750102996826,3.589815616607666,0.004065513610839844
18,1,97,142.0,4.497574806213379,4.497745990753174,0.00017118453979492188
18,1,98,42.0,3.347982168197632,3.320385456085205,-0.027596712112426758
18,1,99,224.0,2.679133892059326,2.6811180114746094,0.001984119415283203
18,1,100,197.0,2.196375608444214,2.1951630115509033,-0.0012125968933105469
18,1,101,85.0,2.568619728088379,2.5659263134002686,-0.0026934146881103516
18,1,102,195.0,3.2174572944641113,3.2202117443084717,0.0027544498443603516
18,1,103,102.0,3.6202828884124756,3.623774766921997,0.0034918785095214844
18,1,104,181.0,3.483546018600464,3.485236644744873,0.0016906261444091797
18,1,105,72.0,2.1719796657562256,2.1643166542053223,-0.00766301155090332
18,1,106,130.0,4.735745906829834,4.738554000854492,0.002808094024658203
18,1,107,62.0,2.6150100231170654,2.613206386566162,-0.0018036365509033203
18,1,108,263.0,3.6819097995758057,3.677198648452759,-0.004711151123046875
18,1,109,194.0,2.822662115097046,2.820108652114868,-0.0025534629821777344
18,1,110,174.0,2.753187417984009,2.753567934036255,0.00038051605224609375
18,1,111,235.0,4.053600788116455,4.03371000289917,-0.019890785217285156
18,1,112,143.0,4.031272888183594,4.041699409484863,0.010426521301269531
18,1,113,117.0,4.415828704833984,4.400096416473389,-0.015732288360595703
18,1,114,160.0,3.988440990447998,3.9851677417755127,-0.0032732486724853516
18,1,115,115.0,3.474060297012329,3.4747252464294434,0.0006649494171142578
18,1,116,120.0,3.551665782928467,3.556133508682251,0.00446772575378418
18,1,117,186.0,3.7136735916137695,3.7151732444763184,0.0014996528625488281
18,1,118,138.0,3.1632800102233887,3.165497303009033,0.0022172927856445312
18,1,119,80.0,2.3273348808288574,2.3394649028778076,0.012130022048950195
18,1,120,164.0,2.849583864212036,2.850325345993042,0.0007414817810058594
18,1,121,215.0,3.761408567428589,3.7633635997772217,0.0019550323486328125
18,1,122,81.0,3.2764456272125244,3.279026746749878,0.0025811195373535156
18,1,123,171.0,3.1637179851531982,3.1640546321868896,0.00033664703369140625
18,1,124,41.0,5.6693196296691895,5.68097448348999,0.011654853820800781
18,1,125,103.0,3.8813576698303223,3.88218092918396,0.0008232593536376953
18,1,126,145.0,3.006119966506958,3.003939628601074,-0.002180337905883789
18,1,127,102.0,2.92803955078125,2.9265315532684326,-0.0015079975128173828
18,2,0,196.0,3.6189582347869873,3.625385284423828,0.00642704963684082
18,2,1,127.0,3.22214412689209,3.223748207092285,0.0016040802001953125
18,2,2,162.0,2.2713801860809326,2.282398223876953,0.011018037796020508
18,2,3,92.0,4.133184909820557,4.139224529266357,0.006039619445800781
18,2,4,194.0,3.299353837966919,3.309412956237793,0.010059118270874023
18,2,5,115.0,2.8214778900146484,2.825072765350342,0.0035948753356933594
18,2,6,109.0,4.325214862823486,4.359361171722412,0.03414630889892578
18,2,7,48.0,3.449648857116699,3.4677505493164062,0.01810169219970703
18,2,8,69.0,3.7256877422332764,3.7260329723358154,0.0003452301025390625
18,2,9,85.0,3.190195322036743,3.201483964920044,0.011288642883300781
18,2,10,238.0,2.782064914703369,2.7885565757751465,0.006491661071777344
18,2,11,233.0,2.6044344902038574,2.618853807449341,0.014419317245483398
18,2,12,208.0,3.147305488586426,3.1575067043304443,0.010201215744018555
18,2,13,196.0,2.917774200439453,2.919236898422241,0.001462697982788086
18,2,14,131.0,3.2567384243011475,3.2847139835357666,0.02797555923461914
18,2,15,125.0,2.790242910385132,2.787576913833618,-0.002665996551513672
18,2,16,61.0,4.113956451416016,4.128180980682373,0.014224529266357422
18,2,17,164.0,2.230290412902832,2.2460646629333496,0.015774250030517578
18,2,18,107.0,3.345957040786743,3.3309621810913086,-0.01499485969543457
18,2,19,48.0,3.959183692932129,3.994039535522461,0.03485584259033203
18,2,20,74.0,2.182640314102173,2.205725908279419,0.023085594177246094
18,2,21,103.0,2.7647080421447754,2.7720584869384766,0.007350444793701172
18,2,22,114.0,3.4331488609313965,3.4467267990112305,0.013577938079833984
18,2,23,50.0,5.562728404998779,5.573822021484375,0.011093616485595703
18,2,24,281.0,2.4593505859375,2.469928741455078,0.010578155517578125
18,2,25,247.0,2.162877321243286,2.1726410388946533,0.009763717651367188
18,2,26,173.0,3.780362606048584,3.8034565448760986,0.02309393882751465
18,2,27,166.0,3.268761396408081,3.2828354835510254,0.014074087142944336
18,2,28,98.0,2.8850836753845215,2.906014919281006,0.020931243896484375
18,2,29,174.0,3.2879021167755127,3.3069214820861816,0.019019365310668945
18,2,30,173.0,3.087313413619995,3.109652280807495,0.0223388671875
18,2,31,215.0,3.7688708305358887,3.7793757915496826,0.010504961013793945
18,2,32,186.0,2.7773280143737793,2.7975871562957764,0.02025914192199707
18,2,33,153.0,2.610452890396118,2.620549201965332,0.010096311569213867
18,2,34,147.0,3.096090793609619,3.1099746227264404,0.013883829116821289
18,2,35,50.0,4.262930870056152,4.278615951538086,0.015685081481933594
18,2,36,86.0,2.5445685386657715,2.589104652404785,0.04453611373901367
18,2,37,154.0,4.032649040222168,4.054943084716797,0.022294044494628906
18,2,38,265.0,2.685051679611206,2.704096794128418,0.019045114517211914
18,2,39,199.0,3.442211389541626,3.4311363697052,-0.011075019836425781
18,2,40,138.0,3.036294937133789,3.041036367416382,0.0047414302825927734
18,2,41,98.0,3.56339955329895,3.5800607204437256,0.01666116714477539
18,2,42,167.0,2.791276693344116,2.803480386734009,0.012203693389892578
18,2,43,288.0,3.996307849884033,4.017132759094238,0.020824909210205078
18,2,44,225.0,2.764963150024414,2.7653727531433105,0.0004096031188964844
18,2,45,191.0,3.2674989700317383,3.293513536453247,0.02601456642150879
18,2,46,92.0,4.787234783172607,4.80023717880249,0.013002395629882812
18,2,47,41.0,5.17321252822876,5.207564353942871,0.03435182571411133
18,2,48,231.0,3.050201892852783,3.0600063800811768,0.009804487228393555
18,2,49,101.0,2.2807674407958984,2.278200149536133,-0.002567291259765625
18,2,50,177.0,3.28656005859375,3.2968802452087402,0.010320186614990234
18,2,51,252.0,3.729534387588501,3.7586941719055176,0.0291597843170166
18,2,52,259.0,3.0285918712615967,3.0326948165893555,0.004102945327758789
18,2,53,47.0,3.0469322204589844,3.031154155731201,-0.015778064727783203
18,2,54,164.0,2.354414463043213,2.3545117378234863,9.72747802734375e-05
18,2,55,94.0,3.564063310623169,3.576392650604248,0.012329339981079102
18,2,56,103.0,3.668520927429199,3.6724014282226562,0.0038805007934570312
18,2,57,78.0,3.6771252155303955,3.670598030090332,-0.0065271854400634766
18,2,58,239.0,3.4083893299102783,3.423948049545288,0.015558719635009766
18,2,59,271.0,4.502346992492676,4.512268543243408,0.009921550750732422
18,2,60,162.0,3.0323004722595215,3.0405349731445312,0.008234500885009766
18,2,61,179.0,3.618516206741333,3.6412882804870605,0.02277207374572754
18,2,62,218.0,2.710827112197876,2.717535972595215,0.006708860397338867
18,2,63,81.0,3.249349355697632,3.2768630981445312,0.027513742446899414
18,2,64,93.0,3.696587085723877,3.7232136726379395,0.0266265869140625
18,2,65,72.0,3.9958338737487793,4.010751724243164,0.014917850494384766
18,2,66,230.0,3.6442677974700928,3.6538968086242676,0.009629011154174805
18,2,67,99.0,2.919395685195923,2.926149368286133,0.006753683090209961
18,2,68,213.0,2.9106554985046387,2.925076961517334,0.014421463012695312
18,2,69,119.0,2.7914681434631348,2.811183452606201,0.019715309143066406
18,2,70,161.0,3.1008999347686768,3.112473487854004,0.011573553085327148
18,2,71,90.0,4.010181903839111,4.034143447875977,0.023961544036865234
18,2,72,181.0,3.0067594051361084,3.0134310722351074,0.0066716670989990234
18,2,73,95.0,4.08024787902832,4.0899810791015625,0.009733200073242188
18,2,74,245.0,2.442718744277954,2.442434072494507,-0.0002846717834472656
18,2,75,93.0,2.114382266998291,2.1187973022460938,0.004415035247802734
18,2,76,225.0,2.825653553009033,2.8282947540283203,0.0026412010192871094
18,2,77,61.0,3.338794708251953,3.353660821914673,0.014866113662719727
18,2,78,257.0,3.9624106884002686,3.982771158218384,0.020360469818115234
18,2,79,165.0,3.2207393646240234,3.223198890686035,0.0024595260620117188
18,2,80,117.0,4.315102577209473,4.302548885345459,-0.012553691864013672
18,2,81,89.0,3.6350255012512207,3.6636524200439453,0.02862691879272461
18,2,82,291.0,3.772111177444458,3.7931196689605713,0.02100849151611328
18,2,83,93.0,3.43058443069458,3.4558892250061035,0.025304794311523438
18,2,84,228.0,2.4015636444091797,2.4177894592285156,0.016225814819335938
18,2,85,131.0,2.8454298973083496,2.8476498126983643,0.0022199153900146484
18,2,86,191.0,4.341160774230957,4.364494800567627,0.023334026336669922
18,2,87,238.0,5.110036849975586,5.1318583488464355,0.02182149887084961
18,2,88,210.0,3.3413021564483643,3.368403434753418,0.02710127830505371
18,2,89,107.0,4.339839935302734,4.362635612487793,0.022795677185058594
18,2,90,217.0,3.0681116580963135,3.084838390350342,0.01672673225402832
18,2,91,199.0,3.2457942962646484,3.2605907917022705,0.01479649543762207
18,2,92,84.0,2.6276965141296387,2.6429264545440674,0.015229940414428711
18,2,93,271.0,3.756063222885132,3.7791779041290283,0.023114681243896484
18,2,94,226.0,3.251934289932251,3.2833991050720215,0.03146481513977051
18,2,95,258.0,3.875674247741699,3.8994617462158203,0.023787498474121094
18,2,96,86.0,3.585750102996826,3.6040642261505127,0.018314123153686523
18,2,97,142.0,4.497574806213379,4.504769325256348,0.00719451904296875
18,2,98,42.0,3.347982168197632,3.373384714126587,0.025402545928955078
18,2,99,224.0,2.679133892059326,2.6860828399658203,0.006948947906494141
18,2,100,197.0,2.196375608444214,2.2089102268218994,0.012534618377685547
18,2,101,85.0,2.568619728088379,2.5693514347076416,0.0007317066192626953
18,2,102,195.0,3.2174572944641113,3.2333872318267822,0.0159299373626709
18,2,103,102.0,3.6202828884124756,3.635465145111084,0.015182256698608398
18,2,104,181.0,3.483546018600464,3.48797869682312,0.00443267822265625
18,2,105,72.0,2.1719796657562256,2.166802167892456,-0.005177497863769531
18,2,106,130.0,4.735745906829834,4.7726521492004395,0.03690624237060547
18,2,107,62.0,2.6150100231170654,2.628883123397827,0.013873100280761719
18,2,108,263.0,3.6819097995758057,3.683371067047119,0.0014612674713134766
18,2,109,194.0,2.822662115097046,2.8398241996765137,0.017162084579467773
18,2,110,174.0,2.753187417984009,2.772388458251953,0.019201040267944336
18,2,111,235.0,4.053600788116455,4.083268642425537,0.02966785430908203
18,2,112,143.0,4.031272888183594,4.0521955490112305,0.02092266082763672
18,2,113,117.0,4.415828704833984,4.423155307769775,0.007326602935791016
18,2,114,160.0,3.988440990447998,3.985405445098877,-0.0030355453491210938
18,2,115,115.0,3.474060297012329,3.4872844219207764,0.013224124908447266
18,2,116,120.0,3.551665782928467,3.5648696422576904,0.013203859329223633
18,2,117,186.0,3.7136735916137695,3.7352750301361084,0.021601438522338867
18,2,118,138.0,3.1632800102233887,3.185791015625,0.022511005401611328
18,2,119,80.0,2.3273348808288574,2.3031551837921143,-0.024179697036743164
18,2,120,164.0,2.849583864212036,2.8624234199523926,0.012839555740356445
18,2,121,215.0,3.761408567428589,3.7682440280914307,0.006835460662841797
18,2,122,81.0,3.2764456272125244,3.2868404388427734,0.010394811630249023
18,2,123,171.0,3.1637179851531982,3.18385648727417,0.02013850212097168
18,2,124,41.0,5.6693196296691895,5.833028316497803,0.16370868682861328
18,2,125,103.0,3.8813576698303223,3.888803482055664,0.007445812225341797
18,2,126,145.0,3.006119966506958,3.0085842609405518,0.00246429443359375
18,2,127,102.0,2.92803955078125,2.9337968826293945,0.005757331848144531
18,3,0,196.0,3.6189582347869873,3.6191885471343994,0.00023031234741210938
18,3,1,127.0,3.22214412689209,3.2188026905059814,-0.0033414363861083984
18,3,2,162.0,2.2713801860809326,2.2695558071136475,-0.0018243789672851562
18,3,3,92.0,4.133184909820557,4.119032382965088,-0.01415252685546875
18,3,4,194.0,3.299353837966919,3.295546293258667,-0.003807544708251953
18,3,5,115.0,2.8214778900146484,2.814711093902588,-0.006766796112060547
18,3,6,109.0,4.325214862823486,4.325192451477051,-2.2411346435546875e-05
18,3,7,48.0,3.449648857116699,3.4518091678619385,0.002160310745239258
18,3,8,69.0,3.7256877422332764,3.7172436714172363,-0.008444070816040039
18,3,9,85.0,3.190195322036743,3.1776394844055176,-0.012555837631225586
18,3,10,238.0,2.782064914703369,2.779892921447754,-0.0021719932556152344
18,3,11,233.0,2.6044344902038574,2.611593723297119,0.007159233093261719
18,3,12,208.0,3.147305488586426,3.1442830562591553,-0.003022432327270508
18,3,13,196.0,2.917774200439453,2.9116716384887695,-0.006102561950683594
18,3,14,131.0,3.2567384243011475,3.2486143112182617,-0.008124113082885742
18,3,15,125.0,2.790242910385132,2.7878494262695312,-0.002393484115600586
18,3,16,61.0,4.113956451416016,4.096552848815918,-0.017403602600097656
18,3,17,164.0,2.230290412902832,2.2302753925323486,-1.5020370483398438e-05
18,3,18,107.0,3.345957040786743,3.349243640899658,0.003286600112915039
18,3,19,48.0,3.959183692932129,3.932793378829956,-0.02639031410217285
18,3,20,74.0,2.182640314102173,2.175793170928955,-0.0068471431732177734
18,3,21,103.0,2.7647080421447754,2.7705814838409424,0.005873441696166992
18,3,22,114.0,3.4331488609313965,3.4247024059295654,-0.008446455001831055
18,3,23,50.0,5.562728404998779,5.548325061798096,-0.014403343200683594
18,3,24,281.0,2.4593505859375,2.454073429107666,-0.005277156829833984
18,3,25,247.0,2.162877321243286,2.1562869548797607,-0.006590366363525391
18,3,26,173.0,3.780362606048584,3.7920188903808594,0.01165628433227539
18,3,27,166.0,3.268761396408081,3.269805431365967,0.0010440349578857422
18,3,28,98.0,2.8850836753845215,2.874580144882202,-0.010503530502319336
18,3,29,174.0,3.2879021167755127,3.2836759090423584,-0.004226207733154297
18,3,30,173.0,3.087313413619995,3.0626001358032227,-0.02471327781677246
18,3,31,215.0,3.7688708305358887,3.7628676891326904,-0.006003141403198242
18,3,32,186.0,2.7773280143737793,2.7703561782836914,-0.006971836090087891
18,3,33,153.0,2.610452890396118,2.600224018096924,-0.010228872299194336
18,3,34,147.0,3.096090793609619,3.083531379699707,-0.01255941390991211
18,3,35,50.0,4.262930870056152,4.244223594665527,-0.018707275390625
18,3,36,86.0,2.5445685386657715,2.5453503131866455,0.0007817745208740234
18,3,37,154.0,4.032649040222168,4.0170769691467285,-0.015572071075439453
18,3,38,265.0,2.685051679611206,2.6762585639953613,-0.008793115615844727
18,3,39,199.0,3.442211389541626,3.441108226776123,-0.0011031627655029297
18,3,40,138.0,3.036294937133789,3.034419298171997,-0.0018756389617919922
18,3,41,98.0,3.56339955329895,3.5756828784942627,0.0122833251953125
18,3,42,167.0,2.791276693344116,2.782075881958008,-0.009200811386108398
18,3,43,288.0,3.996307849884033,3.989344358444214,-0.006963491439819336
18,3,44,225.0,2.764963150024414,2.7619075775146484,-0.003055572509765625
18,3,45,191.0,3.2674989700317383,3.266028881072998,-0.0014700889587402344
18,3,46,92.0,4.787234783172607,4.77523136138916,-0.012003421783447266
18,3,47,41.0,5.17321252822876,5.165931224822998,-0.007281303405761719
18,3,48,231.0,3.050201892852783,3.044611930847168,-0.005589962005615234
18,3,49,101.0,2.2807674407958984,2.2861363887786865,0.005368947982788086
18,3,50,177.0,3.28656005859375,3.273914098739624,-0.012645959854125977
18,3,51,252.0,3.729534387588501,3.722097635269165,-0.0074367523193359375
18,3,52,259.0,3.0285918712615967,3.027174472808838,-0.001417398452758789
18,3,53,47.0,3.0469322204589844,3.0530545711517334,0.0061223506927490234
18,3,54,164.0,2.354414463043213,2.355696201324463,0.00128173828125
18,3,55,94.0,3.564063310623169,3.5582480430603027,-0.005815267562866211
18,3,56,103.0,3.668520927429199,3.660283088684082,-0.008237838745117188
18,3,57,78.0,3.6771252155303955,3.677699565887451,0.0005743503570556641
18,3,58,239.0,3.4083893299102783,3.4033145904541016,-0.005074739456176758
18,3,59,271.0,4.502346992492676,4.501802444458008,-0.0005445480346679688
18,3,60,162.0,3.0323004722595215,3.025480031967163,-0.0068204402923583984
18,3,61,179.0,3.618516206741333,3.6045048236846924,-0.014011383056640625
18,3,62,218.0,2.710827112197876,2.702014684677124,-0.008812427520751953
18,3,63,81.0,3.249349355697632,3.2401809692382812,-0.009168386459350586
18,3,64,93.0,3.696587085723877,3.697674512863159,0.0010874271392822266
18,3,65,72.0,3.9958338737487793,3.989189624786377,-0.006644248962402344
18,3,66,230.0,3.6442677974700928,3.6399991512298584,-0.004268646240234375
18,3,67,99.0,2.919395685195923,2.9154224395751953,-0.003973245620727539
18,3,68,213.0,2.9106554985046387,2.906996250152588,-0.0036592483520507812
18,3,69,119.0,2.7914681434631348,2.7887003421783447,-0.002767801284790039
18,3,70,161.0,3.1008999347686768,3.0882842540740967,-0.012615680694580078
18,3,71,90.0,4.010181903839111,4.000216960906982,-0.009964942932128906
18,3,72,181.0,3.0067594051361084,3.0051472187042236,-0.0016121864318847656
18,3,73,95.0,4.08024787902832,4.058435916900635,-0.021811962127685547
18,3,74,245.0,2.442718744277954,2.4509317874908447,0.008213043212890625
18,3,75,93.0,2.114382266998291,2.118002414703369,0.003620147705078125
18,3,76,225.0,2.825653553009033,2.8228960037231445,-0.002757549285888672
18,3,77,61.0,3.338794708251953,3.355135440826416,0.01634073257446289
18,3,78,257.0,3.9624106884002686,3.962613105773926,0.00020241737365722656
18,3,79,165.0,3.2207393646240234,3.2215795516967773,0.0008401870727539062
18,3,80,117.0,4.315102577209473,4.309734344482422,-0.005368232727050781
18,3,81,89.0,3.6350255012512207,3.622725486755371,-0.01230001449584961
18,3,82,291.0,3.772111177444458,3.7608084678649902,-0.011302709579467773
18,3,83,93.0,3.43058443069458,3.442599058151245,0.012014627456665039
18,3,84,228.0,2.4015636444091797,2.402815103530884,0.0012514591217041016
18,3,85,131.0,2.8454298973083496,2.8365142345428467,-0.00891566276550293
18,3,86,191.0,4.341160774230957,4.333950042724609,-0.007210731506347656
18,3,87,238.0,5.110036849975586,5.118613243103027,0.008576393127441406
18,3,88,210.0,3.3413021564483643,3.3378963470458984,-0.0034058094024658203
18,3,89,107.0,4.339839935302734,4.345564842224121,0.005724906921386719
18,3,90,217.0,3.0681116580963135,3.063875436782837,-0.0042362213134765625
18,3,91,199.0,3.2457942962646484,3.246122360229492,0.00032806396484375
18,3,92,84.0,2.6276965141296387,2.6317431926727295,0.00404667854309082
18,3,93,271.0,3.756063222885132,3.751019239425659,-0.005043983459472656
18,3,94,226.0,3.251934289932251,3.244396686553955,-0.0075376033782958984
18,3,95,258.0,3.875674247741699,3.8732433319091797,-0.0024309158325195312
18,3,96,86.0,3.585750102996826,3.5776121616363525,-0.008137941360473633
18,3,97,142.0,4.497574806213379,4.488765239715576,-0.008809566497802734
18,3,98,42.0,3.347982168197632,3.2374961376190186,-0.11048603057861328
18,3,99,224.0,2.679133892059326,2.668919324874878,-0.010214567184448242
18,3,100,197.0,2.196375608444214,2.1879751682281494,-0.008400440216064453
18,3,101,85.0,2.568619728088379,2.5614547729492188,-0.007164955139160156
18,3,102,195.0,3.2174572944641113,3.211693286895752,-0.005764007568359375
18,3,103,102.0,3.6202828884124756,3.6187164783477783,-0.0015664100646972656
18,3,104,181.0,3.483546018600464,3.4715094566345215,-0.012036561965942383
18,3,105,72.0,2.1719796657562256,2.16202712059021,-0.009952545166015625
18,3,106,130.0,4.735745906829834,4.736678600311279,0.0009326934814453125
18,3,107,62.0,2.6150100231170654,2.5973806381225586,-0.017629384994506836
18,3,108,263.0,3.6819097995758057,3.672724962234497,-0.009184837341308594
18,3,109,194.0,2.822662115097046,2.8160135746002197,-0.006648540496826172
18,3,110,174.0,2.753187417984009,2.749396562576294,-0.0037908554077148438
18,3,111,235.0,4.053600788116455,4.0558319091796875,0.002231121063232422
18,3,112,143.0,4.031272888183594,4.03554630279541,0.004273414611816406
18,3,113,117.0,4.415828704833984,4.397237777709961,-0.018590927124023438
18,3,114,160.0,3.988440990447998,3.9858546257019043,-0.00258636474609375
18,3,115,115.0,3.474060297012329,3.4716310501098633,-0.0024292469024658203
18,3,116,120.0,3.551665782928467,3.5475168228149414,-0.004148960113525391
18,3,117,186.0,3.7136735916137695,3.706120014190674,-0.007553577423095703
18,3,118,138.0,3.1632800102233887,3.162914276123047,-0.0003657341003417969
18,3,119,80.0,2.3273348808288574,2.329799175262451,0.00246429443359375
18,3,120,164.0,2.849583864212036,2.842339038848877,-0.00724482536315918
18,3,121,215.0,3.761408567428589,3.762556791305542,0.001148223876953125
18,3,122,81.0,3.2764456272125244,3.275331497192383,-0.0011141300201416016
18,3,123,171.0,3.1637179851531982,3.171638250350952,0.007920265197753906
18,3,124,41.0,5.6693196296691895,5.594999313354492,-0.07432031631469727
18,3,125,103.0,3.8813576698303223,3.873215675354004,-0.00814199447631836
18,3,126,145.0,3.006119966506958,2.9998884201049805,-0.006231546401977539
18,3,127,102.0,2.92803955078125,2.9260852336883545,-0.001954317092895508
18,4,0,196.0,3.6189582347869873,3.6200356483459473,0.001077413558959961
18,4,1,127.0,3.22214412689209,3.2327938079833984,0.010649681091308594
18,4,2,162.0,2.2713801860809326,2.2729718685150146,0.0015916824340820312
18,4,3,92.0,4.133184909820557,4.142033576965332,0.00884866714477539
18,4,4,194.0,3.299353837966919,3.3017704486846924,0.0024166107177734375
18,4,5,115.0,2.8214778900146484,2.824427604675293,0.0029497146606445312
18,4,6,109.0,4.325214862823486,4.3309645652771,0.005749702453613281
18,4,7,48.0,3.449648857116699,3.4537150859832764,0.0040662288665771484
18,4,8,69.0,3.7256877422332764,3.7342135906219482,0.008525848388671875
18,4,9,85.0,3.190195322036743,3.204328775405884,0.014133453369140625
18,4,10,238.0,2.782064914703369,2.7979698181152344,0.015904903411865234
18,4,11,233.0,2.6044344902038574,2.6148524284362793,0.010417938232421875
18,4,12,208.0,3.147305488586426,3.1629791259765625,0.01567363739013672
18,4,13,196.0,2.917774200439453,2.93430495262146,0.016530752182006836
18,4,14,131.0,3.2567384243011475,3.266144037246704,0.00940561294555664
18,4,15,125.0,2.790242910385132,2.797419548034668,0.007176637649536133
18,4,16,61.0,4.113956451416016,4.10676908493042,-0.007187366485595703
18,4,17,164.0,2.230290412902832,2.241570234298706,0.011279821395874023
18,4,18,107.0,3.345957040786743,3.349062919616699,0.0031058788299560547
18,4,19,48.0,3.959183692932129,3.9742891788482666,0.015105485916137695
18,4,20,74.0,2.182640314102173,2.190122127532959,0.007481813430786133
18,4,21,103.0,2.7647080421447754,2.817863941192627,0.05315589904785156
18,4,22,114.0,3.4331488609313965,3.442617654800415,0.009468793869018555
18,4,23,50.0,5.562728404998779,5.580084323883057,0.017355918884277344
18,4,24,281.0,2.4593505859375,2.4593145847320557,-3.600120544433594e-05
18,4,25,247.0,2.162877321243286,2.1748249530792236,0.0119476318359375
18,4,26,173.0,3.780362606048584,3.799135684967041,0.01877307891845703
18,4,27,166.0,3.268761396408081,3.2705905437469482,0.0018291473388671875
18,4,28,98.0,2.8850836753845215,2.8820838928222656,-0.0029997825622558594
18,4,29,174.0,3.2879021167755127,3.289109468460083,0.0012073516845703125
18,4,30,173.0,3.087313413619995,3.096677541732788,0.009364128112792969
18,4,31,215.0,3.7688708305358887,3.761312484741211,-0.007558345794677734
18,4,32,186.0,2.7773280143737793,2.779414415359497,0.0020864009857177734
18,4,33,153.0,2.610452890396118,2.6105074882507324,5.459785461425781e-05
18,4,34,147.0,3.096090793609619,3.1076436042785645,0.011552810668945312
18,4,35,50.0,4.262930870056152,4.25058126449585,-0.012349605560302734
18,4,36,86.0,2.5445685386657715,2.5841987133026123,0.03963017463684082
18,4,37,154.0,4.032649040222168,4.041215419769287,0.00856637954711914
18,4,38,265.0,2.685051679611206,2.684091567993164,-0.0009601116180419922
18,4,39,199.0,3.442211389541626,3.437209129333496,-0.005002260208129883
18,4,40,138.0,3.036294937133789,3.045198678970337,0.008903741836547852
18,4,41,98.0,3.56339955329895,3.5666205883026123,0.0032210350036621094
18,4,42,167.0,2.791276693344116,2.8019330501556396,0.010656356811523438
18,4,43,288.0,3.996307849884033,3.9999821186065674,0.0036742687225341797
18,4,44,225.0,2.764963150024414,2.7709364891052246,0.005973339080810547
18,4,45,191.0,3.2674989700317383,3.277353048324585,0.00985407829284668
18,4,46,92.0,4.787234783172607,4.792089939117432,0.004855155944824219
18,4,47,41.0,5.17321252822876,5.174036026000977,0.0008234977722167969
18,4,48,231.0,3.050201892852783,3.0568552017211914,0.006653308868408203
18,4,49,101.0,2.2807674407958984,2.2883524894714355,0.007585048675537109
18,4,50,177.0,3.28656005859375,3.2865869998931885,2.6941299438476562e-05
18,4,51,252.0,3.729534387588501,3.744194984436035,0.01466059684753418
18,4,52,259.0,3.0285918712615967,3.0438709259033203,0.015279054641723633
18,4,53,47.0,3.0469322204589844,3.046041250228882,-0.0008909702301025391
18,4,54,164.0,2.354414463043213,2.3658571243286133,0.01144266128540039
18,4,55,94.0,3.564063310623169,3.565727472305298,0.0016641616821289062
18,4,56,103.0,3.668520927429199,3.682750701904297,0.014229774475097656
18,4,57,78.0,3.6771252155303955,3.674440860748291,-0.002684354782104492
18,4,58,239.0,3.4083893299102783,3.4093618392944336,0.0009725093841552734
18,4,59,271.0,4.502346992492676,4.504058361053467,0.0017113685607910156
18,4,60,162.0,3.0323004722595215,3.0378799438476562,0.005579471588134766
18,4,61,179.0,3.618516206741333,3.6194353103637695,0.0009191036224365234
18,4,62,218.0,2.710827112197876,2.724057197570801,0.013230085372924805
18,4,63,81.0,3.249349355697632,3.254053831100464,0.004704475402832031
18,4,64,93.0,3.696587085723877,3.711186170578003,0.014599084854125977
18,4,65,72.0,3.9958338737487793,3.9927244186401367,-0.003109455108642578
18,4,66,230.0,3.6442677974700928,3.6621994972229004,0.017931699752807617
18,4,67,99.0,2.919395685195923,2.9569079875946045,0.03751230239868164
18,4,68,213.0,2.9106554985046387,2.9197194576263428,0.009063959121704102
18,4,69,119.0,2.7914681434631348,2.7947402000427246,0.0032720565795898438
18,4,70,161.0,3.1008999347686768,3.103025197982788,0.002125263214111328
18,4,71,90.0,4.010181903839111,4.007960796356201,-0.0022211074829101562
18,4,72,181.0,3.0067594051361084,3.022195816040039,0.015436410903930664
18,4,73,95.0,4.08024787902832,4.086050033569336,0.005802154541015625
18,4,74,245.0,2.442718744277954,2.438326597213745,-0.004392147064208984
18,4,75,93.0,2.114382266998291,2.100036382675171,-0.014345884323120117
18,4,76,225.0,2.825653553009033,2.818899154663086,-0.006754398345947266
18,4,77,61.0,3.338794708251953,3.3511486053466797,0.012353897094726562
18,4,78,257.0,3.9624106884002686,3.9829070568084717,0.020496368408203125
18,4,79,165.0,3.2207393646240234,3.217944383621216,-0.002794981002807617
18,4,80,117.0,4.315102577209473,4.321526527404785,0.0064239501953125
18,4,81,89.0,3.6350255012512207,3.640406608581543,0.005381107330322266
18,4,82,291.0,3.772111177444458,3.7831969261169434,0.011085748672485352
18,4,83,93.0,3.43058443069458,3.42608380317688,-0.004500627517700195
18,4,84,228.0,2.4015636444091797,2.418292760848999,0.016729116439819336
18,4,85,131.0,2.8454298973083496,2.851531744003296,0.006101846694946289
18,4,86,191.0,4.341160774230957,4.34692907333374,0.005768299102783203
18,4,87,238.0,5.110036849975586,5.124232292175293,0.014195442199707031
18,4,88,210.0,3.3413021564483643,3.354935646057129,0.013633489608764648
18,4,89,107.0,4.339839935302734,4.366339683532715,0.02649974822998047
18,4,90,217.0,3.0681116580963135,3.072810649871826,0.004698991775512695
18,4,91,199.0,3.2457942962646484,3.2528297901153564,0.007035493850708008
18,4,92,84.0,2.6276965141296387,2.626762866973877,-0.0009336471557617188
18,4,93,271.0,3.756063222885132,3.76664400100708,0.010580778121948242
18,4,94,226.0,3.251934289932251,3.2733547687530518,0.02142047882080078
18,4,95,258.0,3.875674247741699,3.896265745162964,0.02059149742126465
18,4,96,86.0,3.585750102996826,3.5840706825256348,-0.0016794204711914062
18,4,97,142.0,4.497574806213379,4.4977707862854,0.00019598007202148438
18,4,98,42.0,3.347982168197632,3.359369993209839,0.011387825012207031
18,4,99,224.0,2.679133892059326,2.6820926666259766,0.0029587745666503906
18,4,100,197.0,2.196375608444214,2.1894094944000244,-0.006966114044189453
18,4,101,85.0,2.568619728088379,2.573941469192505,0.0053217411041259766
18,4,102,195.0,3.2174572944641113,3.2258338928222656,0.008376598358154297
18,4,103,102.0,3.6202828884124756,3.635439395904541,0.01515650749206543
18,4,104,181.0,3.483546018600464,3.4917056560516357,0.008159637451171875
18,4,105,72.0,2.1719796657562256,2.176360607147217,0.004380941390991211
18,4,106,130.0,4.735745906829834,4.739120006561279,0.0033740997314453125
18,4,107,62.0,2.6150100231170654,2.6125099658966064,-0.0025000572204589844
18,4,108,263.0,3.6819097995758057,3.6899380683898926,0.008028268814086914
18,4,109,194.0,2.822662115097046,2.8299031257629395,0.007241010665893555
18,4,110,174.0,2.753187417984009,2.764615774154663,0.011428356170654297
18,4,111,235.0,4.053600788116455,4.1055192947387695,0.05191850662231445
18,4,112,143.0,4.031272888183594,4.045873641967773,0.014600753784179688
18,4,113,117.0,4.415828704833984,4.427180290222168,0.011351585388183594
18,4,114,160.0,3.988440990447998,3.999660015106201,0.011219024658203125
18,4,115,115.0,3.474060297012329,3.477888822555542,0.0038285255432128906
18,4,116,120.0,3.551665782928467,3.561976194381714,0.01031041145324707
18,4,117,186.0,3.7136735916137695,3.7251594066619873,0.011485815048217773
18,4,118,138.0,3.1632800102233887,3.1657755374908447,0.0024955272674560547
18,4,119,80.0,2.3273348808288574,2.316005229949951,-0.01132965087890625
18,4,120,164.0,2.849583864212036,2.8556363582611084,0.006052494049072266
18,4,121,215.0,3.761408567428589,3.785491704940796,0.02408313751220703
18,4,122,81.0,3.2764456272125244,3.2881906032562256,0.011744976043701172
18,4,123,171.0,3.1637179851531982,3.1746232509613037,0.010905265808105469
18,4,124,41.0,5.6693196296691895,5.642468452453613,-0.026851177215576172
18,4,125,103.0,3.8813576698303223,3.8827526569366455,0.0013949871063232422
18,4,126,145.0,3.006119966506958,3.0206189155578613,0.01449894905090332
18,4,127,102.0,2.92803955078125,2.935288667678833,0.007249116897583008
18,5,0,196.0,3.6189582347869873,3.607842206954956,-0.01111602783203125
18,5,1,127.0,3.22214412689209,3.219141960144043,-0.003002166748046875
18,5,2,162.0,2.2713801860809326,2.2660248279571533,-0.005355358123779297
18,5,3,92.0,4.133184909820557,4.126620292663574,-0.006564617156982422
18,5,4,194.0,3.299353837966919,3.300877809524536,0.0015239715576171875
18,5,5,115.0,2.8214778900146484,2.822768211364746,0.0012903213500976562
18,5,6,109.0,4.325214862823486,4.33384895324707,0.008634090423583984
18,5,7,48.0,3.449648857116699,3.4428672790527344,-0.006781578063964844
18,5,8,69.0,3.7256877422332764,3.7177340984344482,-0.007953643798828125
18,5,9,85.0,3.190195322036743,3.1884872913360596,-0.0017080307006835938
18,5,10,238.0,2.782064914703369,2.7806286811828613,-0.0014362335205078125
18,5,11,233.0,2.6044344902038574,2.6095221042633057,0.005087614059448242
18,5,12,208.0,3.147305488586426,3.1453909873962402,-0.0019145011901855469
18,5,13,196.0,2.917774200439453,2.9162395000457764,-0.0015347003936767578
18,5,14,131.0,3.2567384243011475,3.2640233039855957,0.007284879684448242
18,5,15,125.0,2.790242910385132,2.7793970108032227,-0.01084589958190918
18,5,16,61.0,4.113956451416016,4.108867168426514,-0.005089282989501953
18,5,17,164.0,2.230290412902832,2.2328953742980957,0.002604961395263672
18,5,18,107.0,3.345957040786743,3.34684681892395,0.0008897781372070312
18,5,19,48.0,3.959183692932129,3.9452741146087646,-0.013909578323364258
18,5,20,74.0,2.182640314102173,2.1816911697387695,-0.0009491443634033203
18,5,21,103.0,2.7647080421447754,2.727782726287842,-0.036925315856933594
18,5,22,114.0,3.4331488609313965,3.43820858001709,0.005059719085693359
18,5,23,50.0,5.562728404998779,5.552851676940918,-0.009876728057861328
18,5,24,281.0,2.4593505859375,2.462911605834961,0.0035610198974609375
18,5,25,247.0,2.162877321243286,2.1579885482788086,-0.004888772964477539
18,5,26,173.0,3.780362606048584,3.783942699432373,0.0035800933837890625
18,5,27,166.0,3.268761396408081,3.265519380569458,-0.003242015838623047
18,5,28,98.0,2.8850836753845215,2.880890130996704,-0.004193544387817383
18,5,29,174.0,3.2879021167755127,3.284759759902954,-0.0031423568725585938
18,5,30,173.0,3.087313413619995,3.0848934650421143,-0.0024199485778808594
18,5,31,215.0,3.7688708305358887,3.769550085067749,0.0006792545318603516
18,5,32,186.0,2.7773280143737793,2.7735588550567627,-0.0037691593170166016
18,5,33,153.0,2.610452890396118,2.603847026824951,-0.006605863571166992
18,5,34,147.0,3.096090793609619,3.0969743728637695,0.0008835792541503906
18,5,35,50.0,4.262930870056152,4.251623630523682,-0.011307239532470703
18,5,36,86.0,2.5445685386657715,2.5573220252990723,0.012753486633300781
18,5,37,154.0,4.032649040222168,4.020071029663086,-0.012578010559082031
18,5,38,265.0,2.685051679611206,2.684532642364502,-0.0005190372467041016
18,5,39,199.0,3.442211389541626,3.4430277347564697,0.00081634521484375
18,5,40,138.0,3.036294937133789,3.036156177520752,-0.00013875961303710938
18,5,41,98.0,3.56339955329895,3.566990852355957,0.003591299057006836
18,5,42,167.0,2.791276693344116,2.788966655731201,-0.002310037612915039
18,5,43,288.0,3.996307849884033,3.9958436489105225,-0.0004642009735107422
18,5,44,225.0,2.764963150024414,2.757660150527954,-0.007302999496459961
18,5,45,191.0,3.2674989700317383,3.266240119934082,-0.00125885009765625
18,5,46,92.0,4.787234783172607,4.785794258117676,-0.0014405250549316406
18,5,47,41.0,5.17321252822876,5.180704116821289,0.007491588592529297
18,5,48,231.0,3.050201892852783,3.0482594966888428,-0.0019423961639404297
18,5,49,101.0,2.2807674407958984,2.2850112915039062,0.0042438507080078125
18,5,50,177.0,3.28656005859375,3.282496452331543,-0.004063606262207031
18,5,51,252.0,3.729534387588501,3.731260299682617,0.001725912094116211
18,5,52,259.0,3.0285918712615967,3.02929425239563,0.0007023811340332031
18,5,53,47.0,3.0469322204589844,3.0483298301696777,0.0013976097106933594
18,5,54,164.0,2.354414463043213,2.356168508529663,0.0017540454864501953
18,5,55,94.0,3.564063310623169,3.570651054382324,0.0065877437591552734
18,5,56,103.0,3.668520927429199,3.6628916263580322,-0.005629301071166992
18,5,57,78.0,3.6771252155303955,3.674318313598633,-0.0028069019317626953
18,5,58,239.0,3.4083893299102783,3.4058470726013184,-0.002542257308959961
18,5,59,271.0,4.502346992492676,4.50219202041626,-0.00015497207641601562
18,5,60,162.0,3.0323004722595215,3.0211596488952637,-0.011140823364257812
18,5,61,179.0,3.618516206741333,3.6214067935943604,0.0028905868530273438
18,5,62,218.0,2.710827112197876,2.7094566822052,-0.0013704299926757812
18,5,63,81.0,3.249349355697632,3.2397966384887695,-0.009552717208862305
18,5,64,93.0,3.696587085723877,3.7117791175842285,0.015192031860351562
18,5,65,72.0,3.9958338737487793,3.9812862873077393,-0.014547586441040039
18,5,66,230.0,3.6442677974700928,3.640507221221924,-0.0037605762481689453
18,5,67,99.0,2.919395685195923,2.917429208755493,-0.0019664764404296875
18,5,68,213.0,2.9106554985046387,2.9072160720825195,-0.0034394264221191406
18,5,69,119.0,2.7914681434631348,2.7887189388275146,-0.002749204635620117
18,5,70,161.0,3.1008999347686768,3.1011171340942383,0.00021719932556152344
18,5,71,90.0,4.010181903839111,4.008770942687988,-0.0014109611511230469
18,5,72,181.0,3.0067594051361084,3.005098581314087,-0.0016608238220214844
18,5,73,95.0,4.08024787902832,4.089943885803223,0.009696006774902344
18,5,74,245.0,2.442718744277954,2.4343292713165283,-0.008389472961425781
18,5,75,93.0,2.114382266998291,2.116887331008911,0.002505064010620117
18,5,76,225.0,2.825653553009033,2.8285903930664062,0.002936840057373047
18,5,77,61.0,3.338794708251953,3.3428843021392822,0.0040895938873291016
18,5,78,257.0,3.9624106884002686,3.96260404586792,0.0001933574676513672
18,5,79,165.0,3.2207393646240234,3.223224401473999,0.002485036849975586
18,5,80,117.0,4.315102577209473,4.313854694366455,-0.0012478828430175781
18,5,81,89.0,3.6350255012512207,3.6367592811584473,0.0017337799072265625
18,5,82,291.0,3.772111177444458,3.769712448120117,-0.0023987293243408203
18,5,83,93.0,3.43058443069458,3.4310128688812256,0.0004284381866455078
18,5,84,228.0,2.4015636444091797,2.398475408554077,-0.003088235855102539
18,5,85,131.0,2.8454298973083496,2.831510305404663,-0.013919591903686523
18,5,86,191.0,4.341160774230957,4.345272064208984,0.004111289978027344
18,5,87,238.0,5.110036849975586,5.110657215118408,0.0006203651428222656
18,5,88,210.0,3.3413021564483643,3.344214916229248,0.002912759780883789
18,5,89,107.0,4.339839935302734,4.334409236907959,-0.005430698394775391
18,5,90,217.0,3.0681116580963135,3.0644025802612305,-0.003709077835083008
18,5,91,199.0,3.2457942962646484,3.2428674697875977,-0.0029268264770507812
18,5,92,84.0,2.6276965141296387,2.628403902053833,0.0007073879241943359
18,5,93,271.0,3.756063222885132,3.7515687942504883,-0.004494428634643555
18,5,94,226.0,3.251934289932251,3.248725175857544,-0.0032091140747070312
18,5,95,258.0,3.875674247741699,3.884052038192749,0.008377790451049805
18,5,96,86.0,3.585750102996826,3.5855276584625244,-0.0002224445343017578
18,5,97,142.0,4.497574806213379,4.505752086639404,0.00817728042602539
18,5,98,42.0,3.347982168197632,3.308361530303955,-0.03962063789367676
18,5,99,224.0,2.679133892059326,2.6782302856445312,-0.0009036064147949219
18,5,100,197.0,2.196375608444214,2.192499876022339,-0.003875732421875
18,5,101,85.0,2.568619728088379,2.563314914703369,-0.005304813385009766
18,5,102,195.0,3.2174572944641113,3.2224972248077393,0.00503993034362793
18,5,103,102.0,3.6202828884124756,3.6281306743621826,0.007847785949707031
18,5,104,181.0,3.483546018600464,3.4828197956085205,-0.0007262229919433594
18,5,105,72.0,2.1719796657562256,2.1704185009002686,-0.0015611648559570312
18,5,106,130.0,4.735745906829834,4.7391133308410645,0.0033674240112304688
18,5,107,62.0,2.6150100231170654,2.604783535003662,-0.01022648811340332
18,5,108,263.0,3.6819097995758057,3.6756091117858887,-0.006300687789916992
18,5,109,194.0,2.822662115097046,2.82238507270813,-0.0002770423889160156
18,5,110,174.0,2.753187417984009,2.7508504390716553,-0.0023369789123535156
18,5,111,235.0,4.053600788116455,4.041382789611816,-0.012217998504638672
18,5,112,143.0,4.031272888183594,4.032561302185059,0.0012884140014648438
18,5,113,117.0,4.415828704833984,4.4013519287109375,-0.014476776123046875
18,5,114,160.0,3.988440990447998,3.98583984375,-0.002601146697998047
18,5,115,115.0,3.474060297012329,3.482492446899414,0.008432149887084961
18,5,116,120.0,3.551665782928467,3.553206443786621,0.0015406608581542969
18,5,117,186.0,3.7136735916137695,3.7150049209594727,0.001331329345703125
18,5,118,138.0,3.1632800102233887,3.1661672592163086,0.002887248992919922
18,5,119,80.0,2.3273348808288574,2.3380041122436523,0.010669231414794922
18,5,120,164.0,2.849583864212036,2.851590633392334,0.0020067691802978516
18,5,121,215.0,3.761408567428589,3.7650442123413086,0.0036356449127197266
18,5,122,81.0,3.2764456272125244,3.2814533710479736,0.005007743835449219
18,5,123,171.0,3.1637179851531982,3.168313503265381,0.004595518112182617
18,5,124,41.0,5.6693196296691895,5.6778669357299805,0.008547306060791016
18,5,125,103.0,3.8813576698303223,3.8739583492279053,-0.007399320602416992
18,5,126,145.0,3.006119966506958,3.0101635456085205,0.0040435791015625
18,5,127,102.0,2.92803955078125,2.922950267791748,-0.005089282989501953
18,6,0,196.0,3.6189582347869873,3.6138908863067627,-0.005067348480224609
18,6,1,127.0,3.22214412689209,3.2149479389190674,-0.007196187973022461
18,6,2,162.0,2.2713801860809326,2.269407033920288,-0.0019731521606445312
18,6,3,92.0,4.133184909820557,4.124691009521484,-0.008493900299072266
18,6,4,194.0,3.299353837966919,3.2954702377319336,-0.0038836002349853516
18,6,5,115.0,2.8214778900146484,2.8187732696533203,-0.002704620361328125
18,6,6,109.0,4.325214862823486,4.330687999725342,0.005473136901855469
18,6,7,48.0,3.449648857116699,3.444324493408203,-0.005324363708496094
18,6,8,69.0,3.7256877422332764,3.7270400524139404,0.0013523101806640625
18,6,9,85.0,3.190195322036743,3.18810772895813,-0.0020875930786132812
18,6,10,238.0,2.782064914703369,2.7787208557128906,-0.0033440589904785156
18,6,11,233.0,2.6044344902038574,2.599011182785034,-0.005423307418823242
18,6,12,208.0,3.147305488586426,3.1440927982330322,-0.0032126903533935547
18,6,13,196.0,2.917774200439453,2.913027048110962,-0.004747152328491211
18,6,14,131.0,3.2567384243011475,3.258091688156128,0.0013532638549804688
18,6,15,125.0,2.790242910385132,2.7830827236175537,-0.007160186767578125
18,6,16,61.0,4.113956451416016,4.11965274810791,0.005696296691894531
18,6,17,164.0,2.230290412902832,2.227262020111084,-0.003028392791748047
18,6,18,107.0,3.345957040786743,3.342740297317505,-0.0032167434692382812
18,6,19,48.0,3.959183692932129,3.9512107372283936,-0.007972955703735352
18,6,20,74.0,2.182640314102173,2.1788392066955566,-0.003801107406616211
18,6,21,103.0,2.7647080421447754,2.7742252349853516,0.009517192840576172
18,6,22,114.0,3.4331488609313965,3.43306827545166,-8.058547973632812e-05
18,6,23,50.0,5.562728404998779,5.5605788230896,-0.0021495819091796875
18,6,24,281.0,2.4593505859375,2.461195468902588,0.0018448829650878906
18,6,25,247.0,2.162877321243286,2.160188913345337,-0.0026884078979492188
18,6,26,173.0,3.780362606048584,3.7803306579589844,-3.1948089599609375e-05
18,6,27,166.0,3.268761396408081,3.2729263305664062,0.004164934158325195
18,6,28,98.0,2.8850836753845215,2.874605655670166,-0.010478019714355469
18,6,29,174.0,3.2879021167755127,3.284736394882202,-0.003165721893310547
18,6,30,173.0,3.087313413619995,3.101083993911743,0.013770580291748047
18,6,31,215.0,3.7688708305358887,3.7686898708343506,-0.00018095970153808594
18,6,32,186.0,2.7773280143737793,2.7788445949554443,0.001516580581665039
18,6,33,153.0,2.610452890396118,2.6079225540161133,-0.002530336380004883
18,6,34,147.0,3.096090793609619,3.086674928665161,-0.009415864944458008
18,6,35,50.0,4.262930870056152,4.250085830688477,-0.012845039367675781
18,6,36,86.0,2.5445685386657715,2.556065797805786,0.011497259140014648
18,6,37,154.0,4.032649040222168,4.0215559005737305,-0.0110931396484375
18,6,38,265.0,2.685051679611206,2.684919834136963,-0.00013184547424316406
18,6,39,199.0,3.442211389541626,3.441833734512329,-0.000377655029296875
18,6,40,138.0,3.036294937133789,3.03727650642395,0.0009815692901611328
18,6,41,98.0,3.56339955329895,3.5697848796844482,0.006385326385498047
18,6,42,167.0,2.791276693344116,2.7869977951049805,-0.004278898239135742
18,6,43,288.0,3.996307849884033,3.994262218475342,-0.0020456314086914062
18,6,44,225.0,2.764963150024414,2.7626750469207764,-0.0022881031036376953
18,6,45,191.0,3.2674989700317383,3.2610087394714355,-0.006490230560302734
18,6,46,92.0,4.787234783172607,4.789160251617432,0.0019254684448242188
18,6,47,41.0,5.17321252822876,5.172643661499023,-0.0005688667297363281
18,6,48,231.0,3.050201892852783,3.0420305728912354,-0.008171319961547852
18,6,49,101.0,2.2807674407958984,2.280515670776367,-0.00025177001953125
18,6,50,177.0,3.28656005859375,3.282364845275879,-0.004195213317871094
18,6,51,252.0,3.729534387588501,3.730647563934326,0.0011131763458251953
18,6,52,259.0,3.0285918712615967,3.0204055309295654,-0.00818634033203125
18,6,53,47.0,3.0469322204589844,3.045865058898926,-0.0010671615600585938
18,6,54,164.0,2.354414463043213,2.3550071716308594,0.0005927085876464844
18,6,55,94.0,3.564063310623169,3.560502767562866,-0.0035605430603027344
18,6,56,103.0,3.668520927429199,3.6573994159698486,-0.011121511459350586
18,6,57,78.0,3.6771252155303955,3.6679844856262207,-0.009140729904174805
18,6,58,239.0,3.4083893299102783,3.4104132652282715,0.002023935317993164
18,6,59,271.0,4.502346992492676,4.498916149139404,-0.0034308433532714844
18,6,60,162.0,3.0323004722595215,3.023427963256836,-0.008872509002685547
18,6,61,179.0,3.618516206741333,3.6186790466308594,0.0001628398895263672
18,6,62,218.0,2.710827112197876,2.7079451084136963,-0.0028820037841796875
18,6,63,81.0,3.249349355697632,3.2475743293762207,-0.0017750263214111328
18,6,64,93.0,3.696587085723877,3.7044100761413574,0.007822990417480469
18,6,65,72.0,3.9958338737487793,3.9907150268554688,-0.005118846893310547
18,6,66,230.0,3.6442677974700928,3.6392359733581543,-0.0050318241119384766
18,6,67,99.0,2.919395685195923,2.8925321102142334,-0.026863574981689453
18,6,68,213.0,2.9106554985046387,2.909299850463867,-0.0013556480407714844
18,6,69,119.0,2.7914681434631348,2.795193672180176,0.0037255287170410156
18,6,70,161.0,3.1008999347686768,3.0977580547332764,-0.0031418800354003906
18,6,71,90.0,4.010181903839111,4.013336181640625,0.003154277801513672
18,6,72,181.0,3.0067594051361084,3.008953332901001,0.002193927764892578
18,6,73,95.0,4.08024787902832,4.077625751495361,-0.0026221275329589844
18,6,74,245.0,2.442718744277954,2.4397082328796387,-0.0030105113983154297
18,6,75,93.0,2.114382266998291,2.1231696605682373,0.008787393569946289
18,6,76,225.0,2.825653553009033,2.821213722229004,-0.004439830780029297
18,6,77,61.0,3.338794708251953,3.3405344486236572,0.0017397403717041016
18,6,78,257.0,3.9624106884002686,3.9579524993896484,-0.004458189010620117
18,6,79,165.0,3.2207393646240234,3.223984956741333,0.0032455921173095703
18,6,80,117.0,4.315102577209473,4.315360069274902,0.0002574920654296875
18,6,81,89.0,3.6350255012512207,3.641101598739624,0.00607609748840332
18,6,82,291.0,3.772111177444458,3.770062208175659,-0.002048969268798828
18,6,83,93.0,3.43058443069458,3.434767246246338,0.0041828155517578125
18,6,84,228.0,2.4015636444091797,2.401876926422119,0.0003132820129394531
18,6,85,131.0,2.8454298973083496,2.8433837890625,-0.0020461082458496094
18,6,86,191.0,4.341160774230957,4.338109016418457,-0.0030517578125
18,6,87,238.0,5.110036849975586,5.114394187927246,0.004357337951660156
18,6,88,210.0,3.3413021564483643,3.344381093978882,0.003078937530517578
18,6,89,107.0,4.339839935302734,4.333057403564453,-0.00678253173828125
18,6,90,217.0,3.0681116580963135,3.0645992755889893,-0.0035123825073242188
18,6,91,199.0,3.2457942962646484,3.2444937229156494,-0.0013005733489990234
18,6,92,84.0,2.6276965141296387,2.6379051208496094,0.010208606719970703
18,6,93,271.0,3.756063222885132,3.755699634552002,-0.0003635883331298828
18,6,94,226.0,3.251934289932251,3.247912883758545,-0.004021406173706055
18,6,95,258.0,3.875674247741699,3.871523380279541,-0.004150867462158203
18,6,96,86.0,3.585750102996826,3.593388795852661,0.007638692855834961
18,6,97,142.0,4.497574806213379,4.4984846115112305,0.0009098052978515625
18,6,98,42.0,3.347982168197632,3.327507495880127,-0.020474672317504883
18,6,99,224.0,2.679133892059326,2.676133394241333,-0.003000497817993164
18,6,100,197.0,2.196375608444214,2.190009593963623,-0.00636601448059082
18,6,101,85.0,2.568619728088379,2.5634231567382812,-0.005196571350097656
18,6,102,195.0,3.2174572944641113,3.215360403060913,-0.002096891403198242
18,6,103,102.0,3.6202828884124756,3.620154857635498,-0.00012803077697753906
18,6,104,181.0,3.483546018600464,3.480163812637329,-0.0033822059631347656
18,6,105,72.0,2.1719796657562256,2.1652820110321045,-0.006697654724121094
18,6,106,130.0,4.735745906829834,4.73861837387085,0.002872467041015625
18,6,107,62.0,2.6150100231170654,2.611323595046997,-0.0036864280700683594
18,6,108,263.0,3.6819097995758057,3.6796321868896484,-0.0022776126861572266
18,6,109,194.0,2.822662115097046,2.823573589324951,0.0009114742279052734
18,6,110,174.0,2.753187417984009,2.7463934421539307,-0.006793975830078125
18,6,111,235.0,4.053600788116455,4.044308185577393,-0.0092926025390625
18,6,112,143.0,4.031272888183594,4.032776355743408,0.0015034675598144531
18,6,113,117.0,4.415828704833984,4.410799980163574,-0.005028724670410156
18,6,114,160.0,3.988440990447998,3.9857230186462402,-0.0027179718017578125
18,6,115,115.0,3.474060297012329,3.4774880409240723,0.003427743911743164
18,6,116,120.0,3.551665782928467,3.5532002449035645,0.0015344619750976562
18,6,117,186.0,3.7136735916137695,3.7167134284973145,0.003039836883544922
18,6,118,138.0,3.1632800102233887,3.1636433601379395,0.00036334991455078125
18,6,119,80.0,2.3273348808288574,2.3137776851654053,-0.013557195663452148
18,6,120,164.0,2.849583864212036,2.849484443664551,-9.942054748535156e-05
18,6,121,215.0,3.761408567428589,3.749037027359009,-0.012371540069580078
18,6,122,81.0,3.2764456272125244,3.2751450538635254,-0.0013005733489990234
18,6,123,171.0,3.1637179851531982,3.1619298458099365,-0.0017881393432617188
18,6,124,41.0,5.6693196296691895,5.639122486114502,-0.0301971435546875
18,6,125,103.0,3.8813576698303223,3.8812694549560547,-8.821487426757812e-05
18,6,126,145.0,3.006119966506958,3.002842664718628,-0.003277301788330078
18,6,127,102.0,2.92803955078125,2.9214699268341064,-0.006569623947143555
18,7,0,196.0,3.6189582347869873,3.6082570552825928,-0.010701179504394531
18,7,1,127.0,3.22214412689209,3.2162106037139893,-0.005933523178100586
18,7,2,162.0,2.2713801860809326,2.2666139602661133,-0.004766225814819336
18,7,3,92.0,4.133184909820557,4.125803470611572,-0.007381439208984375
18,7,4,194.0,3.299353837966919,3.29681396484375,-0.0025398731231689453
18,7,5,115.0,2.8214778900146484,2.814401865005493,-0.0070760250091552734
18,7,6,109.0,4.325214862823486,4.328072547912598,0.002857685089111328
18,7,7,48.0,3.449648857116699,3.441556215286255,-0.008092641830444336
18,7,8,69.0,3.7256877422332764,3.7301862239837646,0.004498481750488281
18,7,9,85.0,3.190195322036743,3.1798856258392334,-0.010309696197509766
18,7,10,238.0,2.782064914703369,2.783928394317627,0.0018634796142578125
18,7,11,233.0,2.6044344902038574,2.5992274284362793,-0.005207061767578125
18,7,12,208.0,3.147305488586426,3.150214672088623,0.0029091835021972656
18,7,13,196.0,2.917774200439453,2.9091787338256836,-0.008595466613769531
18,7,14,131.0,3.2567384243011475,3.2601125240325928,0.0033740997314453125
18,7,15,125.0,2.790242910385132,2.782513380050659,-0.007729530334472656
18,7,16,61.0,4.113956451416016,4.114633083343506,0.0006766319274902344
18,7,17,164.0,2.230290412902832,2.222290515899658,-0.007999897003173828
18,7,18,107.0,3.345957040786743,3.344898223876953,-0.001058816909790039
18,7,19,48.0,3.959183692932129,3.9500319957733154,-0.009151697158813477
18,7,20,74.0,2.182640314102173,2.179973602294922,-0.0026667118072509766
18,7,21,103.0,2.7647080421447754,2.7332022190093994,-0.03150582313537598
18,7,22,114.0,3.4331488609313965,3.4351603984832764,0.002011537551879883
18,7,23,50.0,5.562728404998779,5.554452896118164,-0.008275508880615234
18,7,24,281.0,2.4593505859375,2.4582345485687256,-0.001116037368774414
18,7,25,247.0,2.162877321243286,2.162393808364868,-0.00048351287841796875
18,7,26,173.0,3.780362606048584,3.768916606903076,-0.011445999145507812
18,7,27,166.0,3.268761396408081,3.278935194015503,0.010173797607421875
18,7,28,98.0,2.8850836753845215,2.8732168674468994,-0.01186680793762207
18,7,29,174.0,3.2879021167755127,3.267554998397827,-0.020347118377685547
18,7,30,173.0,3.087313413619995,3.0873360633850098,2.2649765014648438e-05
18,7,31,215.0,3.7688708305358887,3.770042896270752,0.0011720657348632812
18,7,32,186.0,2.7773280143737793,2.767409086227417,-0.009918928146362305
18,7,33,153.0,2.610452890396118,2.60244083404541,-0.008012056350708008
18,7,34,147.0,3.096090793609619,3.079500675201416,-0.016590118408203125
18,7,35,50.0,4.262930870056152,4.265589714050293,0.002658843994140625
18,7,36,86.0,2.5445685386657715,2.5066027641296387,-0.03796577453613281
18,7,37,154.0,4.032649040222168,4.023218154907227,-0.009430885314941406
18,7,38,265.0,2.685051679611206,2.6847190856933594,-0.0003325939178466797
18,7,39,199.0,3.442211389541626,3.4401445388793945,-0.0020668506622314453
18,7,40,138.0,3.036294937133789,3.0355210304260254,-0.0007739067077636719
18,7,41,98.0,3.56339955329895,3.5674848556518555,0.0040853023529052734
18,7,42,167.0,2.791276693344116,2.788670063018799,-0.002606630325317383
18,7,43,288.0,3.996307849884033,3.9957242012023926,-0.000583648681640625
18,7,44,225.0,2.764963150024414,2.757631778717041,-0.007331371307373047
18,7,45,191.0,3.2674989700317383,3.2636454105377197,-0.0038535594940185547
18,7,46,92.0,4.787234783172607,4.783290863037109,-0.003943920135498047
18,7,47,41.0,5.17321252822876,5.163376808166504,-0.00983572006225586
18,7,48,231.0,3.050201892852783,3.0443077087402344,-0.005894184112548828
18,7,49,101.0,2.2807674407958984,2.2826507091522217,0.0018832683563232422
18,7,50,177.0,3.28656005859375,3.279970645904541,-0.006589412689208984
18,7,51,252.0,3.729534387588501,3.7200980186462402,-0.009436368942260742
18,7,52,259.0,3.0285918712615967,3.0168774127960205,-0.011714458465576172
18,7,53,47.0,3.0469322204589844,3.059896945953369,0.012964725494384766
18,7,54,164.0,2.354414463043213,2.357358694076538,0.0029442310333251953
18,7,55,94.0,3.564063310623169,3.5616865158081055,-0.0023767948150634766
18,7,56,103.0,3.668520927429199,3.6634349822998047,-0.005085945129394531
18,7,57,78.0,3.6771252155303955,3.669498920440674,-0.00762629508972168
18,7,58,239.0,3.4083893299102783,3.406432867050171,-0.001956462860107422
18,7,59,271.0,4.502346992492676,4.503599166870117,0.0012521743774414062
18,7,60,162.0,3.0323004722595215,3.0234596729278564,-0.008840799331665039
18,7,61,179.0,3.618516206741333,3.607433795928955,-0.01108241081237793
18,7,62,218.0,2.710827112197876,2.7037129402160645,-0.0071141719818115234
18,7,63,81.0,3.249349355697632,3.253988742828369,0.004639387130737305
18,7,64,93.0,3.696587085723877,3.694653034210205,-0.001934051513671875
18,7,65,72.0,3.9958338737487793,3.9825527667999268,-0.013281106948852539
18,7,66,230.0,3.6442677974700928,3.636230707168579,-0.008037090301513672
18,7,67,99.0,2.919395685195923,2.8624677658081055,-0.05692791938781738
18,7,68,213.0,2.9106554985046387,2.903796672821045,-0.00685882568359375
18,7,69,119.0,2.7914681434631348,2.7858481407165527,-0.005620002746582031
18,7,70,161.0,3.1008999347686768,3.0961806774139404,-0.004719257354736328
18,7,71,90.0,4.010181903839111,3.9945669174194336,-0.015614986419677734
18,7,72,181.0,3.0067594051361084,3.000175952911377,-0.006583452224731445
18,7,73,95.0,4.08024787902832,4.06927490234375,-0.010972976684570312
18,7,74,245.0,2.442718744277954,2.444645404815674,0.0019266605377197266
18,7,75,93.0,2.114382266998291,2.1222763061523438,0.007894039154052734
18,7,76,225.0,2.825653553009033,2.821448564529419,-0.004204988479614258
18,7,77,61.0,3.338794708251953,3.3511245250701904,0.012329816818237305
18,7,78,257.0,3.9624106884002686,3.949021100997925,-0.01338958740234375
18,7,79,165.0,3.2207393646240234,3.224086284637451,0.0033469200134277344
18,7,80,117.0,4.315102577209473,4.30488395690918,-0.010218620300292969
18,7,81,89.0,3.6350255012512207,3.6309640407562256,-0.004061460494995117
18,7,82,291.0,3.772111177444458,3.765843629837036,-0.006267547607421875
18,7,83,93.0,3.43058443069458,3.431553363800049,0.00096893310546875
18,7,84,228.0,2.4015636444091797,2.383655309677124,-0.017908334732055664
18,7,85,131.0,2.8454298973083496,2.8428702354431152,-0.002559661865234375
18,7,86,191.0,4.341160774230957,4.334807872772217,-0.006352901458740234
18,7,87,238.0,5.110036849975586,5.102624416351318,-0.007412433624267578
18,7,88,210.0,3.3413021564483643,3.336581230163574,-0.004720926284790039
18,7,89,107.0,4.339839935302734,4.317525863647461,-0.022314071655273438
18,7,90,217.0,3.0681116580963135,3.0562918186187744,-0.011819839477539062
18,7,91,199.0,3.2457942962646484,3.2438244819641113,-0.0019698143005371094
18,7,92,84.0,2.6276965141296387,2.634293556213379,0.006597042083740234
18,7,93,271.0,3.756063222885132,3.751161813735962,-0.004901409149169922
18,7,94,226.0,3.251934289932251,3.2423501014709473,-0.009584188461303711
18,7,95,258.0,3.875674247741699,3.8697879314422607,-0.0058863162994384766
18,7,96,86.0,3.585750102996826,3.5972023010253906,0.011452198028564453
18,7,97,142.0,4.497574806213379,4.487496376037598,-0.01007843017578125
18,7,98,42.0,3.347982168197632,3.3632493019104004,0.015267133712768555
18,7,99,224.0,2.679133892059326,2.6649603843688965,-0.014173507690429688
18,7,100,197.0,2.196375608444214,2.1957452297210693,-0.0006303787231445312
18,7,101,85.0,2.568619728088379,2.559882164001465,-0.008737564086914062
18,7,102,195.0,3.2174572944641113,3.2137699127197266,-0.0036873817443847656
18,7,103,102.0,3.6202828884124756,3.6096768379211426,-0.010606050491333008
18,7,104,181.0,3.483546018600464,3.475554943084717,-0.00799107551574707
18,7,105,72.0,2.1719796657562256,2.1750669479370117,0.003087282180786133
18,7,106,130.0,4.735745906829834,4.7333221435546875,-0.0024237632751464844
18,7,107,62.0,2.6150100231170654,2.6119003295898438,-0.0031096935272216797
18,7,108,263.0,3.6819097995758057,3.6759684085845947,-0.0059413909912109375
18,7,109,194.0,2.822662115097046,2.8120341300964355,-0.010627985000610352
18,7,110,174.0,2.753187417984009,2.7508137226104736,-0.0023736953735351562
18,7,111,235.0,4.053600788116455,4.029732704162598,-0.023868083953857422
18,7,112,143.0,4.031272888183594,4.0243330001831055,-0.006939888000488281
18,7,113,117.0,4.415828704833984,4.39777946472168,-0.018049240112304688
18,7,114,160.0,3.988440990447998,3.9728713035583496,-0.015569686889648438
18,7,115,115.0,3.474060297012329,3.4693539142608643,-0.004706382751464844
18,7,116,120.0,3.551665782928467,3.5494089126586914,-0.0022568702697753906
18,7,117,186.0,3.7136735916137695,3.7145771980285645,0.0009036064147949219
18,7,118,138.0,3.1632800102233887,3.162546396255493,-0.0007336139678955078
18,7,119,80.0,2.3273348808288574,2.3271052837371826,-0.0002295970916748047
18,7,120,164.0,2.849583864212036,2.852973222732544,0.0033893585205078125
18,7,121,215.0,3.761408567428589,3.7510311603546143,-0.01037740707397461
18,7,122,81.0,3.2764456272125244,3.2670955657958984,-0.009350061416625977
18,7,123,171.0,3.1637179851531982,3.1616129875183105,-0.0021049976348876953
18,7,124,41.0,5.6693196296691895,5.64387845993042,-0.02544116973876953
18,7,125,103.0,3.8813576698303223,3.8879501819610596,0.006592512130737305
18,7,126,145.0,3.006119966506958,3.001699447631836,-0.00442051887512207
18,7,127,102.0,2.92803955078125,2.9218385219573975,-0.006201028823852539
18,8,0,196.0,3.6189582347869873,3.605410575866699,-0.013547658920288086
18,8,1,127.0,3.22214412689209,3.2171382904052734,-0.005005836486816406
18,8,2,162.0,2.2713801860809326,2.2770891189575195,0.005708932876586914
18,8,3,92.0,4.133184909820557,4.127579689025879,-0.005605220794677734
18,8,4,194.0,3.299353837966919,3.295994758605957,-0.003359079360961914
18,8,5,115.0,2.8214778900146484,2.8229148387908936,0.0014369487762451172
18,8,6,109.0,4.325214862823486,4.329250335693359,0.004035472869873047
18,8,7,48.0,3.449648857116699,3.4552981853485107,0.0056493282318115234
18,8,8,69.0,3.7256877422332764,3.736053466796875,0.010365724563598633
18,8,9,85.0,3.190195322036743,3.1879868507385254,-0.0022084712982177734
18,8,10,238.0,2.782064914703369,2.7870781421661377,0.005013227462768555
18,8,11,233.0,2.6044344902038574,2.6065804958343506,0.002146005630493164
18,8,12,208.0,3.147305488586426,3.1451492309570312,-0.0021562576293945312
18,8,13,196.0,2.917774200439453,2.9170925617218018,-0.0006816387176513672
18,8,14,131.0,3.2567384243011475,3.256394624710083,-0.0003437995910644531
18,8,15,125.0,2.790242910385132,2.786090850830078,-0.004152059555053711
18,8,16,61.0,4.113956451416016,4.114530086517334,0.0005736351013183594
18,8,17,164.0,2.230290412902832,2.2255043983459473,-0.004786014556884766
18,8,18,107.0,3.345957040786743,3.345733404159546,-0.00022363662719726562
18,8,19,48.0,3.959183692932129,3.958921194076538,-0.0002624988555908203
18,8,20,74.0,2.182640314102173,2.182335138320923,-0.00030517578125
18,8,21,103.0,2.7647080421447754,2.7757296562194824,0.011021614074707031
18,8,22,114.0,3.4331488609313965,3.441248893737793,0.008100032806396484
18,8,23,50.0,5.562728404998779,5.565154552459717,0.0024261474609375
18,8,24,281.0,2.4593505859375,2.4566354751586914,-0.0027151107788085938
18,8,25,247.0,2.162877321243286,2.163971185684204,0.0010938644409179688
18,8,26,173.0,3.780362606048584,3.780062437057495,-0.0003001689910888672
18,8,27,166.0,3.268761396408081,3.27020525932312,0.0014438629150390625
18,8,28,98.0,2.8850836753845215,2.8790628910064697,-0.006020784378051758
18,8,29,174.0,3.2879021167755127,3.2805843353271484,-0.007317781448364258
18,8,30,173.0,3.087313413619995,3.0698704719543457,-0.017442941665649414
18,8,31,215.0,3.7688708305358887,3.764904499053955,-0.003966331481933594
18,8,32,186.0,2.7773280143737793,2.7781107425689697,0.0007827281951904297
18,8,33,153.0,2.610452890396118,2.6069633960723877,-0.0034894943237304688
18,8,34,147.0,3.096090793609619,3.0896947383880615,-0.006396055221557617
18,8,35,50.0,4.262930870056152,4.25446891784668,-0.008461952209472656
18,8,36,86.0,2.5445685386657715,2.562269449234009,0.017700910568237305
18,8,37,154.0,4.032649040222168,4.01275634765625,-0.01989269256591797
18,8,38,265.0,2.685051679611206,2.6860530376434326,0.0010013580322265625
18,8,39,199.0,3.442211389541626,3.439305067062378,-0.002906322479248047
18,8,40,138.0,3.036294937133789,3.027069091796875,-0.009225845336914062
18,8,41,98.0,3.56339955329895,3.5662777423858643,0.0028781890869140625
18,8,42,167.0,2.791276693344116,2.787585496902466,-0.0036911964416503906
18,8,43,288.0,3.996307849884033,3.989346742630005,-0.00696110725402832
18,8,44,225.0,2.764963150024414,2.7605583667755127,-0.004404783248901367
18,8,45,191.0,3.2674989700317383,3.2695953845977783,0.002096414566040039
18,8,46,92.0,4.787234783172607,4.781062126159668,-0.006172657012939453
18,8,47,41.0,5.17321252822876,5.176588535308838,0.003376007080078125
18,8,48,231.0,3.050201892852783,3.0461668968200684,-0.004034996032714844
18,8,49,101.0,2.2807674407958984,2.2763640880584717,-0.004403352737426758
18,8,50,177.0,3.28656005859375,3.274970531463623,-0.011589527130126953
18,8,51,252.0,3.729534387588501,3.727503538131714,-0.0020308494567871094
18,8,52,259.0,3.0285918712615967,3.0259084701538086,-0.002683401107788086
18,8,53,47.0,3.0469322204589844,3.0530052185058594,0.006072998046875
18,8,54,164.0,2.354414463043213,2.3559343814849854,0.001519918441772461
18,8,55,94.0,3.564063310623169,3.5606749057769775,-0.0033884048461914062
18,8,56,103.0,3.668520927429199,3.6656625270843506,-0.002858400344848633
18,8,57,78.0,3.6771252155303955,3.6712193489074707,-0.005905866622924805
18,8,58,239.0,3.4083893299102783,3.4049532413482666,-0.0034360885620117188
18,8,59,271.0,4.502346992492676,4.501039505004883,-0.0013074874877929688
18,8,60,162.0,3.0323004722595215,3.026642084121704,-0.005658388137817383
18,8,61,179.0,3.618516206741333,3.606013059616089,-0.01250314712524414
18,8,62,218.0,2.710827112197876,2.7086315155029297,-0.002195596694946289
18,8,63,81.0,3.249349355697632,3.2463619709014893,-0.002987384796142578
18,8,64,93.0,3.696587085723877,3.689481019973755,-0.00710606575012207
18,8,65,72.0,3.9958338737487793,3.982682466506958,-0.013151407241821289
18,8,66,230.0,3.6442677974700928,3.6440062522888184,-0.00026154518127441406
18,8,67,99.0,2.919395685195923,2.9158830642700195,-0.0035126209259033203
18,8,68,213.0,2.9106554985046387,2.9023942947387695,-0.00826120376586914
18,8,69,119.0,2.7914681434631348,2.7855966091156006,-0.00587153434753418
18,8,70,161.0,3.1008999347686768,3.0966930389404297,-0.00420689582824707
18,8,71,90.0,4.010181903839111,4.014511585235596,0.004329681396484375
18,8,72,181.0,3.0067594051361084,3.011202096939087,0.004442691802978516
18,8,73,95.0,4.08024787902832,4.080328464508057,8.058547973632812e-05
18,8,74,245.0,2.442718744277954,2.441023826599121,-0.0016949176788330078
18,8,75,93.0,2.114382266998291,2.1178102493286133,0.0034279823303222656
18,8,76,225.0,2.825653553009033,2.821241617202759,-0.004411935806274414
18,8,77,61.0,3.338794708251953,3.342601776123047,0.00380706787109375
18,8,78,257.0,3.9624106884002686,3.9577107429504395,-0.0046999454498291016
18,8,79,165.0,3.2207393646240234,3.218689441680908,-0.0020499229431152344
18,8,80,117.0,4.315102577209473,4.3059468269348145,-0.009155750274658203
18,8,81,89.0,3.6350255012512207,3.6317317485809326,-0.003293752670288086
18,8,82,291.0,3.772111177444458,3.7711994647979736,-0.000911712646484375
18,8,83,93.0,3.43058443069458,3.4394044876098633,0.008820056915283203
18,8,84,228.0,2.4015636444091797,2.402134656906128,0.0005710124969482422
18,8,85,131.0,2.8454298973083496,2.837855577468872,-0.007574319839477539
18,8,86,191.0,4.341160774230957,4.328103065490723,-0.013057708740234375
18,8,87,238.0,5.110036849975586,5.109667778015137,-0.00036907196044921875
18,8,88,210.0,3.3413021564483643,3.344212055206299,0.0029098987579345703
18,8,89,107.0,4.339839935302734,4.338991165161133,-0.0008487701416015625
18,8,90,217.0,3.0681116580963135,3.061439037322998,-0.00667262077331543
18,8,91,199.0,3.2457942962646484,3.247173309326172,0.0013790130615234375
18,8,92,84.0,2.6276965141296387,2.624143600463867,-0.0035529136657714844
18,8,93,271.0,3.756063222885132,3.748305320739746,-0.007757902145385742
18,8,94,226.0,3.251934289932251,3.2482094764709473,-0.003724813461303711
18,8,95,258.0,3.875674247741699,3.8777546882629395,0.0020804405212402344
18,8,96,86.0,3.585750102996826,3.588121175765991,0.002371072769165039
18,8,97,142.0,4.497574806213379,4.491927146911621,-0.0056476593017578125
18,8,98,42.0,3.347982168197632,3.3492228984832764,0.0012407302856445312
18,8,99,224.0,2.679133892059326,2.672778367996216,-0.0063555240631103516
18,8,100,197.0,2.196375608444214,2.1908469200134277,-0.005528688430786133
18,8,101,85.0,2.568619728088379,2.5543017387390137,-0.014317989349365234
18,8,102,195.0,3.2174572944641113,3.2138748168945312,-0.003582477569580078
18,8,103,102.0,3.6202828884124756,3.6276044845581055,0.007321596145629883
18,8,104,181.0,3.483546018600464,3.4739773273468018,-0.00956869125366211
18,8,105,72.0,2.1719796657562256,2.16778302192688,-0.004196643829345703
18,8,106,130.0,4.735745906829834,4.738132953643799,0.0023870468139648438
18,8,107,62.0,2.6150100231170654,2.608635902404785,-0.0063741207122802734
18,8,108,263.0,3.6819097995758057,3.6778271198272705,-0.004082679748535156
18,8,109,194.0,2.822662115097046,2.8237226009368896,0.00106048583984375
18,8,110,174.0,2.753187417984009,2.7553188800811768,0.0021314620971679688
18,8,111,235.0,4.053600788116455,4.050195693969727,-0.0034050941467285156
18,8,112,143.0,4.031272888183594,4.0242085456848145,-0.007064342498779297
18,8,113,117.0,4.415828704833984,4.413478374481201,-0.002350330352783203
18,8,114,160.0,3.988440990447998,3.9853968620300293,-0.00304412841796875
18,8,115,115.0,3.474060297012329,3.4772489070892334,0.003188610076904297
18,8,116,120.0,3.551665782928467,3.550239324569702,-0.0014264583587646484
18,8,117,186.0,3.7136735916137695,3.7218167781829834,0.008143186569213867
18,8,118,138.0,3.1632800102233887,3.1737616062164307,0.010481595993041992
18,8,119,80.0,2.3273348808288574,2.3185818195343018,-0.008753061294555664
18,8,120,164.0,2.849583864212036,2.8541858196258545,0.004601955413818359
18,8,121,215.0,3.761408567428589,3.7565581798553467,-0.0048503875732421875
18,8,122,81.0,3.2764456272125244,3.2702784538269043,-0.006167173385620117
18,8,123,171.0,3.1637179851531982,3.165989637374878,0.0022716522216796875
18,8,124,41.0,5.6693196296691895,5.694747447967529,0.025427818298339844
18,8,125,103.0,3.8813576698303223,3.8776490688323975,-0.0037086009979248047
18,8,126,145.0,3.006119966506958,3.005645513534546,-0.0004744529724121094
18,8,127,102.0,2.92803955078125,2.9213411808013916,-0.0066983699798583984
18,9,0,196.0,3.6189582347869873,3.613487958908081,-0.00547027587890625
18,9,1,127.0,3.22214412689209,3.2180473804473877,-0.0040967464447021484
18,9,2,162.0,2.2713801860809326,2.273815870285034,0.0024356842041015625
18,9,3,92.0,4.133184909820557,4.126213550567627,-0.0069713592529296875
18,9,4,194.0,3.299353837966919,3.2996058464050293,0.00025200843811035156
18,9,5,115.0,2.8214778900146484,2.824568033218384,0.0030901432037353516
18,9,6,109.0,4.325214862823486,4.332037925720215,0.006823062896728516
18,9,7,48.0,3.449648857116699,3.455265998840332,0.0056171417236328125
18,9,8,69.0,3.7256877422332764,3.7302706241607666,0.004582881927490234
18,9,9,85.0,3.190195322036743,3.1984124183654785,0.008217096328735352
18,9,10,238.0,2.782064914703369,2.786747694015503,0.004682779312133789
18,9,11,233.0,2.6044344902038574,2.6077699661254883,0.0033354759216308594
18,9,12,208.0,3.147305488586426,3.1494855880737305,0.0021800994873046875
18,9,13,196.0,2.917774200439453,2.9114508628845215,-0.006323337554931641
18,9,14,131.0,3.2567384243011475,3.256319284439087,-0.0004191398620605469
18,9,15,125.0,2.790242910385132,2.780327558517456,-0.009915351867675781
18,9,16,61.0,4.113956451416016,4.116079330444336,0.0021228790283203125
18,9,17,164.0,2.230290412902832,2.228062152862549,-0.002228260040283203
18,9,18,107.0,3.345957040786743,3.345935106277466,-2.193450927734375e-05
18,9,19,48.0,3.959183692932129,3.9489495754241943,-0.01023411750793457
18,9,20,74.0,2.182640314102173,2.1781880855560303,-0.004452228546142578
18,9,21,103.0,2.7647080421447754,2.7882163524627686,0.023508310317993164
18,9,22,114.0,3.4331488609313965,3.4371278285980225,0.0039789676666259766
18,9,23,50.0,5.562728404998779,5.5649733543396,0.0022449493408203125
18,9,24,281.0,2.4593505859375,2.454479932785034,-0.00487065315246582
18,9,25,247.0,2.162877321243286,2.162893772125244,1.6450881958007812e-05
18,9,26,173.0,3.780362606048584,3.7886807918548584,0.008318185806274414
18,9,27,166.0,3.268761396408081,3.2719318866729736,0.003170490264892578
18,9,28,98.0,2.8850836753845215,2.882586717605591,-0.002496957778930664
18,9,29,174.0,3.2879021167755127,3.278934955596924,-0.008967161178588867
18,9,30,173.0,3.087313413619995,3.0908541679382324,0.0035407543182373047
18,9,31,215.0,3.7688708305358887,3.7651309967041016,-0.0037398338317871094
18,9,32,186.0,2.7773280143737793,2.777601957321167,0.0002739429473876953
18,9,33,153.0,2.610452890396118,2.609232187271118,-0.001220703125
18,9,34,147.0,3.096090793609619,3.0922248363494873,-0.003865957260131836
18,9,35,50.0,4.262930870056152,4.2630228996276855,9.202957153320312e-05
18,9,36,86.0,2.5445685386657715,2.5510854721069336,0.006516933441162109
18,9,37,154.0,4.032649040222168,4.024200439453125,-0.008448600769042969
18,9,38,265.0,2.685051679611206,2.6866633892059326,0.0016117095947265625
18,9,39,199.0,3.442211389541626,3.4383201599121094,-0.0038912296295166016
18,9,40,138.0,3.036294937133789,3.037445068359375,0.0011501312255859375
18,9,41,98.0,3.56339955329895,3.569166421890259,0.005766868591308594
18,9,42,167.0,2.791276693344116,2.7925546169281006,0.001277923583984375
18,9,43,288.0,3.996307849884033,3.99755859375,0.0012507438659667969
18,9,44,225.0,2.764963150024414,2.7630579471588135,-0.001905202865600586
18,9,45,191.0,3.2674989700317383,3.272278070449829,0.00477910041809082
18,9,46,92.0,4.787234783172607,4.78814172744751,0.0009069442749023438
18,9,47,41.0,5.17321252822876,5.173157691955566,-5.4836273193359375e-05
18,9,48,231.0,3.050201892852783,3.049733877182007,-0.0004680156707763672
18,9,49,101.0,2.2807674407958984,2.269437789916992,-0.01132965087890625
18,9,50,177.0,3.28656005859375,3.284433126449585,-0.002126932144165039
18,9,51,252.0,3.729534387588501,3.733109712600708,0.0035753250122070312
18,9,52,259.0,3.0285918712615967,3.0288519859313965,0.0002601146697998047
18,9,53,47.0,3.0469322204589844,3.0562660694122314,0.00933384895324707
18,9,54,164.0,2.354414463043213,2.353245258331299,-0.0011692047119140625
18,9,55,94.0,3.564063310623169,3.558091163635254,-0.005972146987915039
18,9,56,103.0,3.668520927429199,3.6611599922180176,-0.007360935211181641
18,9,57,78.0,3.6771252155303955,3.6761932373046875,-0.0009319782257080078
18,9,58,239.0,3.4083893299102783,3.4097604751586914,0.001371145248413086
18,9,59,271.0,4.502346992492676,4.507765769958496,0.0054187774658203125
18,9,60,162.0,3.0323004722595215,3.030609130859375,-0.0016913414001464844
18,9,61,179.0,3.618516206741333,3.617957830429077,-0.0005583763122558594
18,9,62,218.0,2.710827112197876,2.7092928886413574,-0.0015342235565185547
18,9,63,81.0,3.249349355697632,3.2497811317443848,0.0004317760467529297
18,9,64,93.0,3.696587085723877,3.6943976879119873,-0.0021893978118896484
18,9,65,72.0,3.9958338737487793,3.9746997356414795,-0.021134138107299805
18,9,66,230.0,3.6442677974700928,3.6420867443084717,-0.0021810531616210938
18,9,67,99.0,2.919395685195923,2.908888578414917,-0.01050710678100586
18,9,68,213.0,2.9106554985046387,2.9090120792388916,-0.0016434192657470703
18,9,69,119.0,2.7914681434631348,2.7894160747528076,-0.0020520687103271484
18,9,70,161.0,3.1008999347686768,3.0994887351989746,-0.0014111995697021484
18,9,71,90.0,4.010181903839111,4.018176078796387,0.00799417495727539
18,9,72,181.0,3.0067594051361084,3.00433087348938,-0.0024285316467285156
18,9,73,95.0,4.08024787902832,4.081323146820068,0.0010752677917480469
18,9,74,245.0,2.442718744277954,2.445401430130005,0.0026826858520507812
18,9,75,93.0,2.114382266998291,2.1143851280212402,2.86102294921875e-06
18,9,76,225.0,2.825653553009033,2.821805477142334,-0.0038480758666992188
18,9,77,61.0,3.338794708251953,3.3469078540802,0.00811314582824707
18,9,78,257.0,3.9624106884002686,3.9643924236297607,0.0019817352294921875
18,9,79,165.0,3.2207393646240234,3.219958782196045,-0.0007805824279785156
18,9,80,117.0,4.315102577209473,4.313508987426758,-0.0015935897827148438
18,9,81,89.0,3.6350255012512207,3.6367640495300293,0.0017385482788085938
18,9,82,291.0,3.772111177444458,3.768918752670288,-0.003192424774169922
18,9,83,93.0,3.43058443069458,3.437445640563965,0.006861209869384766
18,9,84,228.0,2.4015636444091797,2.410654067993164,0.009090423583984375
18,9,85,131.0,2.8454298973083496,2.839428424835205,-0.006001472473144531
18,9,86,191.0,4.341160774230957,4.338992118835449,-0.0021686553955078125
18,9,87,238.0,5.110036849975586,5.109492301940918,-0.0005445480346679688
18,9,88,210.0,3.3413021564483643,3.3483200073242188,0.007017850875854492
18,9,89,107.0,4.339839935302734,4.340269565582275,0.0004296302795410156
18,9,90,217.0,3.0681116580963135,3.0660035610198975,-0.0021080970764160156
18,9,91,199.0,3.2457942962646484,3.243472099304199,-0.0023221969604492188
18,9,92,84.0,2.6276965141296387,2.6334621906280518,0.005765676498413086
18,9,93,271.0,3.756063222885132,3.749128818511963,-0.006934404373168945
18,9,94,226.0,3.251934289932251,3.2520804405212402,0.0001461505889892578
18,9,95,258.0,3.875674247741699,3.878021240234375,0.0023469924926757812
18,9,96,86.0,3.585750102996826,3.584472894668579,-0.0012772083282470703
18,9,97,142.0,4.497574806213379,4.4987473487854,0.0011725425720214844
18,9,98,42.0,3.347982168197632,3.3355555534362793,-0.012426614761352539
18,9,99,224.0,2.679133892059326,2.676124095916748,-0.003009796142578125
18,9,100,197.0,2.196375608444214,2.193249464035034,-0.0031261444091796875
18,9,101,85.0,2.568619728088379,2.556076765060425,-0.012542963027954102
18,9,102,195.0,3.2174572944641113,3.218258857727051,0.0008015632629394531
18,9,103,102.0,3.6202828884124756,3.6240220069885254,0.0037391185760498047
18,9,104,181.0,3.483546018600464,3.4803786277770996,-0.003167390823364258
18,9,105,72.0,2.1719796657562256,2.17175555229187,-0.00022411346435546875
18,9,106,130.0,4.735745906829834,4.734926223754883,-0.0008196830749511719
18,9,107,62.0,2.6150100231170654,2.614499568939209,-0.0005104541778564453
18,9,108,263.0,3.6819097995758057,3.6830320358276367,0.0011222362518310547
18,9,109,194.0,2.822662115097046,2.8228955268859863,0.0002334117889404297
18,9,110,174.0,2.753187417984009,2.752490758895874,-0.0006966590881347656
18,9,111,235.0,4.053600788116455,4.050469875335693,-0.0031309127807617188
18,9,112,143.0,4.031272888183594,4.029828071594238,-0.0014448165893554688
18,9,113,117.0,4.415828704833984,4.410758018493652,-0.005070686340332031
18,9,114,160.0,3.988440990447998,3.9906973838806152,0.0022563934326171875
18,9,115,115.0,3.474060297012329,3.478050470352173,0.00399017333984375
18,9,116,120.0,3.551665782928467,3.5534493923187256,0.001783609390258789
18,9,117,186.0,3.7136735916137695,3.714754104614258,0.0010805130004882812
18,9,118,138.0,3.1632800102233887,3.16201114654541,-0.0012688636779785156
18,9,119,80.0,2.3273348808288574,2.325244426727295,-0.0020904541015625
18,9,120,164.0,2.849583864212036,2.8468072414398193,-0.002776622772216797
18,9,121,215.0,3.761408567428589,3.761943817138672,0.0005352497100830078
18,9,122,81.0,3.2764456272125244,3.282602310180664,0.0061566829681396484
18,9,123,171.0,3.1637179851531982,3.1667051315307617,0.0029871463775634766
18,9,124,41.0,5.6693196296691895,5.711453437805176,0.04213380813598633
18,9,125,103.0,3.8813576698303223,3.8812966346740723,-6.103515625e-05
18,9,126,145.0,3.006119966506958,3.0081067085266113,0.0019867420196533203
18,9,127,102.0,2.92803955078125,2.921663999557495,-0.006375551223754883
18,10,0,196.0,3.6189582347869873,3.615166425704956,-0.00379180908203125
18,10,1,127.0,3.22214412689209,3.221468925476074,-0.000675201416015625
18,10,2,162.0,2.2713801860809326,2.268198251724243,-0.003181934356689453
18,10,3,92.0,4.133184909820557,4.131967067718506,-0.0012178421020507812
18,10,4,194.0,3.299353837966919,3.2954604625701904,-0.0038933753967285156
18,10,5,115.0,2.8214778900146484,2.82631778717041,0.004839897155761719
18,10,6,109.0,4.325214862823486,4.328713893890381,0.0034990310668945312
18,10,7,48.0,3.449648857116699,3.446340560913086,-0.0033082962036132812
18,10,8,69.0,3.7256877422332764,3.735579013824463,0.009891271591186523
18,10,9,85.0,3.190195322036743,3.1873013973236084,-0.0028939247131347656
18,10,10,238.0,2.782064914703369,2.785106897354126,0.003041982650756836
18,10,11,233.0,2.6044344902038574,2.6063966751098633,0.0019621849060058594
18,10,12,208.0,3.147305488586426,3.1505126953125,0.0032072067260742188
18,10,13,196.0,2.917774200439453,2.916001081466675,-0.0017731189727783203
18,10,14,131.0,3.2567384243011475,3.2598891258239746,0.0031507015228271484
18,10,15,125.0,2.790242910385132,2.787661075592041,-0.0025818347930908203
18,10,16,61.0,4.113956451416016,4.111749649047852,-0.0022068023681640625
18,10,17,164.0,2.230290412902832,2.231149673461914,0.0008592605590820312
18,10,18,107.0,3.345957040786743,3.3545331954956055,0.008576154708862305
18,10,19,48.0,3.959183692932129,3.9561607837677,-0.003022909164428711
18,10,20,74.0,2.182640314102173,2.1889407634735107,0.006300449371337891
18,10,21,103.0,2.7647080421447754,2.7768537998199463,0.012145757675170898
18,10,22,114.0,3.4331488609313965,3.4397170543670654,0.006568193435668945
18,10,23,50.0,5.562728404998779,5.565554618835449,0.002826213836669922
18,10,24,281.0,2.4593505859375,2.459063768386841,-0.0002868175506591797
18,10,25,247.0,2.162877321243286,2.1589643955230713,-0.003912925720214844
18,10,26,173.0,3.780362606048584,3.783311128616333,0.0029485225677490234
18,10,27,166.0,3.268761396408081,3.2665350437164307,-0.0022263526916503906
18,10,28,98.0,2.8850836753845215,2.8790760040283203,-0.006007671356201172
18,10,29,174.0,3.2879021167755127,3.2880425453186035,0.0001404285430908203
18,10,30,173.0,3.087313413619995,3.0902833938598633,0.002969980239868164
18,10,31,215.0,3.7688708305358887,3.766507625579834,-0.0023632049560546875
18,10,32,186.0,2.7773280143737793,2.777940273284912,0.0006122589111328125
18,10,33,153.0,2.610452890396118,2.6076791286468506,-0.002773761749267578
18,10,34,147.0,3.096090793609619,3.0943994522094727,-0.0016913414001464844
18,10,35,50.0,4.262930870056152,4.253474235534668,-0.009456634521484375
18,10,36,86.0,2.5445685386657715,2.5544068813323975,0.009838342666625977
18,10,37,154.0,4.032649040222168,4.028995513916016,-0.0036535263061523438
18,10,38,265.0,2.685051679611206,2.6815249919891357,-0.0035266876220703125
18,10,39,199.0,3.442211389541626,3.4387497901916504,-0.003461599349975586
18,10,40,138.0,3.036294937133789,3.0393764972686768,0.0030815601348876953
18,10,41,98.0,3.56339955329895,3.5705599784851074,0.0071604251861572266
18,10,42,167.0,2.791276693344116,2.793550491333008,0.0022737979888916016
18,10,43,288.0,3.996307849884033,3.99810528755188,0.0017974376678466797
18,10,44,225.0,2.764963150024414,2.7640767097473145,-0.0008864402770996094
18,10,45,191.0,3.2674989700317383,3.266592025756836,-0.0009069442749023438
18,10,46,92.0,4.787234783172607,4.79158353805542,0.0043487548828125
18,10,47,41.0,5.17321252822876,5.180885314941406,0.007672786712646484
18,10,48,231.0,3.050201892852783,3.044297456741333,-0.005904436111450195
18,10,49,101.0,2.2807674407958984,2.2782843112945557,-0.0024831295013427734
18,10,50,177.0,3.28656005859375,3.2830755710601807,-0.003484487533569336
18,10,51,252.0,3.729534387588501,3.733881711959839,0.004347324371337891
18,10,52,259.0,3.0285918712615967,3.027836799621582,-0.0007550716400146484
18,10,53,47.0,3.0469322204589844,3.0535287857055664,0.006596565246582031
18,10,54,164.0,2.354414463043213,2.353473663330078,-0.0009407997131347656
18,10,55,94.0,3.564063310623169,3.5637271404266357,-0.0003361701965332031
18,10,56,103.0,3.668520927429199,3.668623447418213,0.00010251998901367188
18,10,57,78.0,3.6771252155303955,3.673546314239502,-0.0035789012908935547
18,10,58,239.0,3.4083893299102783,3.403424024581909,-0.004965305328369141
18,10,59,271.0,4.502346992492676,4.503467082977295,0.0011200904846191406
18,10,60,162.0,3.0323004722595215,3.0272560119628906,-0.005044460296630859
18,10,61,179.0,3.618516206741333,3.6224310398101807,0.003914833068847656
18,10,62,218.0,2.710827112197876,2.710639715194702,-0.00018739700317382812
18,10,63,81.0,3.249349355697632,3.2460949420928955,-0.003254413604736328
18,10,64,93.0,3.696587085723877,3.704925775527954,0.008338689804077148
18,10,65,72.0,3.9958338737487793,3.995058298110962,-0.0007755756378173828
18,10,66,230.0,3.6442677974700928,3.6453654766082764,0.0010976791381835938
18,10,67,99.0,2.919395685195923,2.90876841545105,-0.010627269744873047
18,10,68,213.0,2.9106554985046387,2.9037365913391113,-0.006918907165527344
18,10,69,119.0,2.7914681434631348,2.7906620502471924,-0.0008060932159423828
18,10,70,161.0,3.1008999347686768,3.0970816612243652,-0.0038182735443115234
18,10,71,90.0,4.010181903839111,4.0107855796813965,0.0006036758422851562
18,10,72,181.0,3.0067594051361084,3.0070059299468994,0.0002465248107910156
18,10,73,95.0,4.08024787902832,4.075299263000488,-0.004948616027832031
18,10,74,245.0,2.442718744277954,2.4419524669647217,-0.0007662773132324219
18,10,75,93.0,2.114382266998291,2.114049196243286,-0.0003330707550048828
18,10,76,225.0,2.825653553009033,2.8213918209075928,-0.00426173210144043
18,10,77,61.0,3.338794708251953,3.3360495567321777,-0.0027451515197753906
18,10,78,257.0,3.9624106884002686,3.9665024280548096,0.004091739654541016
18,10,79,165.0,3.2207393646240234,3.2221486568450928,0.001409292221069336
18,10,80,117.0,4.315102577209473,4.30834436416626,-0.006758213043212891
18,10,81,89.0,3.6350255012512207,3.63675856590271,0.0017330646514892578
18,10,82,291.0,3.772111177444458,3.771348476409912,-0.0007627010345458984
18,10,83,93.0,3.43058443069458,3.4320292472839355,0.0014448165893554688
18,10,84,228.0,2.4015636444091797,2.40727162361145,0.005707979202270508
18,10,85,131.0,2.8454298973083496,2.8468570709228516,0.0014271736145019531
18,10,86,191.0,4.341160774230957,4.349706649780273,0.008545875549316406
18,10,87,238.0,5.110036849975586,5.114323139190674,0.004286289215087891
18,10,88,210.0,3.3413021564483643,3.351788282394409,0.010486125946044922
18,10,89,107.0,4.339839935302734,4.347080230712891,0.00724029541015625
18,10,90,217.0,3.0681116580963135,3.062494993209839,-0.005616664886474609
18,10,91,199.0,3.2457942962646484,3.2423863410949707,-0.0034079551696777344
18,10,92,84.0,2.6276965141296387,2.637734889984131,0.010038375854492188
18,10,93,271.0,3.756063222885132,3.755697727203369,-0.0003654956817626953
18,10,94,226.0,3.251934289932251,3.2530815601348877,0.0011472702026367188
18,10,95,258.0,3.875674247741699,3.8809826374053955,0.005308389663696289
18,10,96,86.0,3.585750102996826,3.5863776206970215,0.0006275177001953125
18,10,97,142.0,4.497574806213379,4.501476287841797,0.0039014816284179688
18,10,98,42.0,3.347982168197632,3.3354666233062744,-0.012515544891357422
18,10,99,224.0,2.679133892059326,2.674344778060913,-0.004789113998413086
18,10,100,197.0,2.196375608444214,2.195777416229248,-0.0005981922149658203
18,10,101,85.0,2.568619728088379,2.5661065578460693,-0.0025131702423095703
18,10,102,195.0,3.2174572944641113,3.218296527862549,0.0008392333984375
18,10,103,102.0,3.6202828884124756,3.627774477005005,0.007491588592529297
18,10,104,181.0,3.483546018600464,3.4820590019226074,-0.0014870166778564453
18,10,105,72.0,2.1719796657562256,2.175076961517334,0.0030972957611083984
18,10,106,130.0,4.735745906829834,4.7380051612854,0.0022592544555664062
18,10,107,62.0,2.6150100231170654,2.611274003982544,-0.0037360191345214844
18,10,108,263.0,3.6819097995758057,3.679386854171753,-0.0025229454040527344
18,10,109,194.0,2.822662115097046,2.8200035095214844,-0.0026586055755615234
18,10,110,174.0,2.753187417984009,2.7512524127960205,-0.0019350051879882812
18,10,111,235.0,4.053600788116455,4.04981803894043,-0.0037827491760253906
18,10,112,143.0,4.031272888183594,4.031785011291504,0.0005121231079101562
18,10,113,117.0,4.415828704833984,4.411187648773193,-0.004641056060791016
18,10,114,160.0,3.988440990447998,3.985729932785034,-0.002711057662963867
18,10,115,115.0,3.474060297012329,3.4803946018218994,0.0063343048095703125
18,10,116,120.0,3.551665782928467,3.5547964572906494,0.003130674362182617
18,10,117,186.0,3.7136735916137695,3.7139108180999756,0.0002372264862060547
18,10,118,138.0,3.1632800102233887,3.1744611263275146,0.011181116104125977
18,10,119,80.0,2.3273348808288574,2.321190357208252,-0.006144523620605469
18,10,120,164.0,2.849583864212036,2.8505735397338867,0.000989675521850586
18,10,121,215.0,3.761408567428589,3.7625699043273926,0.001161336898803711
18,10,122,81.0,3.2764456272125244,3.280992269515991,0.004546642303466797
18,10,123,171.0,3.1637179851531982,3.1691408157348633,0.005422830581665039
18,10,124,41.0,5.6693196296691895,5.696860313415527,0.02754068374633789
18,10,125,103.0,3.8813576698303223,3.883066177368164,0.0017085075378417969
18,10,126,145.0,3.006119966506958,3.0086417198181152,0.0025217533111572266
18,10,127,102.0,2.92803955078125,2.92087459564209,-0.007164955139160156
18,11,0,196.0,3.6189582347869873,3.6167449951171875,-0.0022132396697998047
18,11,1,127.0,3.22214412689209,3.22164249420166,-0.0005016326904296875
18,11,2,162.0,2.2713801860809326,2.272951126098633,0.0015709400177001953
18,11,3,92.0,4.133184909820557,4.125046730041504,-0.008138179779052734
18,11,4,194.0,3.299353837966919,3.2928991317749023,-0.0064547061920166016
18,11,5,115.0,2.8214778900146484,2.8240044116973877,0.002526521682739258
18,11,6,109.0,4.325214862823486,4.330009460449219,0.004794597625732422
18,11,7,48.0,3.449648857116699,3.451148271560669,0.0014994144439697266
18,11,8,69.0,3.7256877422332764,3.7313148975372314,0.005627155303955078
18,11,9,85.0,3.190195322036743,3.193439483642578,0.003244161605834961
18,11,10,238.0,2.782064914703369,2.7843668460845947,0.002301931381225586
18,11,11,233.0,2.6044344902038574,2.6086604595184326,0.004225969314575195
18,11,12,208.0,3.147305488586426,3.1504054069519043,0.0030999183654785156
18,11,13,196.0,2.917774200439453,2.9184072017669678,0.0006330013275146484
18,11,14,131.0,3.2567384243011475,3.262364387512207,0.00562596321105957
18,11,15,125.0,2.790242910385132,2.788778781890869,-0.0014641284942626953
18,11,16,61.0,4.113956451416016,4.111693859100342,-0.002262592315673828
18,11,17,164.0,2.230290412902832,2.230618715286255,0.00032830238342285156
18,11,18,107.0,3.345957040786743,3.3486359119415283,0.0026788711547851562
18,11,19,48.0,3.959183692932129,3.9591357707977295,-4.792213439941406e-05
18,11,20,74.0,2.182640314102173,2.1854209899902344,0.0027806758880615234
18,11,21,103.0,2.7647080421447754,2.7714152336120605,0.006707191467285156
18,11,22,114.0,3.4331488609313965,3.4391634464263916,0.006014585494995117
18,11,23,50.0,5.562728404998779,5.567594051361084,0.0048656463623046875
18,11,24,281.0,2.4593505859375,2.4595932960510254,0.00024271011352539062
18,11,25,247.0,2.162877321243286,2.1642227172851562,0.0013453960418701172
18,11,26,173.0,3.780362606048584,3.7826170921325684,0.002254486083984375
18,11,27,166.0,3.268761396408081,3.272317886352539,0.003556489944458008
18,11,28,98.0,2.8850836753845215,2.8870158195495605,0.0019321441650390625
18,11,29,174.0,3.2879021167755127,3.288522243499756,0.0006201267242431641
18,11,30,173.0,3.087313413619995,3.093167543411255,0.005854129791259766
18,11,31,215.0,3.7688708305358887,3.7639944553375244,-0.004876375198364258
18,11,32,186.0,2.7773280143737793,2.777398109436035,7.009506225585938e-05
18,11,33,153.0,2.610452890396118,2.6033294200897217,-0.007123470306396484
18,11,34,147.0,3.096090793609619,3.0957727432250977,-0.0003180503845214844
18,11,35,50.0,4.262930870056152,4.260215759277344,-0.0027151107788085938
18,11,36,86.0,2.5445685386657715,2.556302070617676,0.011733531951904297
18,11,37,154.0,4.032649040222168,4.030431747436523,-0.0022172927856445312
18,11,38,265.0,2.685051679611206,2.6866283416748047,0.0015766620635986328
18,11,39,199.0,3.442211389541626,3.437218427658081,-0.004992961883544922
18,11,40,138.0,3.036294937133789,3.0322866439819336,-0.004008293151855469
18,11,41,98.0,3.56339955329895,3.566248655319214,0.002849102020263672
18,11,42,167.0,2.791276693344116,2.793470621109009,0.002193927764892578
18,11,43,288.0,3.996307849884033,3.994636058807373,-0.0016717910766601562
18,11,44,225.0,2.764963150024414,2.7635579109191895,-0.0014052391052246094
18,11,45,191.0,3.2674989700317383,3.266545534133911,-0.0009534358978271484
18,11,46,92.0,4.787234783172607,4.789017200469971,0.0017824172973632812
18,11,47,41.0,5.17321252822876,5.182262420654297,0.00904989242553711
18,11,48,231.0,3.050201892852783,3.0469231605529785,-0.0032787322998046875
18,11,49,101.0,2.2807674407958984,2.2775909900665283,-0.003176450729370117
18,11,50,177.0,3.28656005859375,3.2828664779663086,-0.0036935806274414062
18,11,51,252.0,3.729534387588501,3.7338595390319824,0.004325151443481445
18,11,52,259.0,3.0285918712615967,3.0257978439331055,-0.002794027328491211
18,11,53,47.0,3.0469322204589844,3.0531134605407715,0.006181240081787109
18,11,54,164.0,2.354414463043213,2.356285810470581,0.001871347427368164
18,11,55,94.0,3.564063310623169,3.560089349746704,-0.003973960876464844
18,11,56,103.0,3.668520927429199,3.666755437850952,-0.0017654895782470703
18,11,57,78.0,3.6771252155303955,3.6676268577575684,-0.009498357772827148
18,11,58,239.0,3.4083893299102783,3.404158115386963,-0.00423121452331543
18,11,59,271.0,4.502346992492676,4.501513957977295,-0.0008330345153808594
18,11,60,162.0,3.0323004722595215,3.027884006500244,-0.004416465759277344
18,11,61,179.0,3.618516206741333,3.623098611831665,0.004582405090332031
18,11,62,218.0,2.710827112197876,2.7132182121276855,0.0023910999298095703
18,11,63,81.0,3.249349355697632,3.252317190170288,0.00296783447265625
18,11,64,93.0,3.696587085723877,3.703737735748291,0.0071506500244140625
18,11,65,72.0,3.9958338737487793,3.983503580093384,-0.012330293655395508
18,11,66,230.0,3.6442677974700928,3.642310619354248,-0.0019571781158447266
18,11,67,99.0,2.919395685195923,2.9095489978790283,-0.009846687316894531
18,11,68,213.0,2.9106554985046387,2.910688638687134,3.314018249511719e-05
18,11,69,119.0,2.7914681434631348,2.794166088104248,0.0026979446411132812
18,11,70,161.0,3.1008999347686768,3.0956785678863525,-0.005221366882324219
18,11,71,90.0,4.010181903839111,4.011119842529297,0.0009379386901855469
18,11,72,181.0,3.0067594051361084,3.0086374282836914,0.0018780231475830078
18,11,73,95.0,4.08024787902832,4.072793006896973,-0.007454872131347656
18,11,74,245.0,2.442718744277954,2.440704107284546,-0.002014636993408203
18,11,75,93.0,2.114382266998291,2.114875316619873,0.0004930496215820312
18,11,76,225.0,2.825653553009033,2.8253283500671387,-0.00032520294189453125
18,11,77,61.0,3.338794708251953,3.348142147064209,0.00934743881225586
18,11,78,257.0,3.9624106884002686,3.9619383811950684,-0.0004723072052001953
18,11,79,165.0,3.2207393646240234,3.2157275676727295,-0.005011796951293945
18,11,80,117.0,4.315102577209473,4.315652847290039,0.0005502700805664062
18,11,81,89.0,3.6350255012512207,3.6330606937408447,-0.0019648075103759766
18,11,82,291.0,3.772111177444458,3.773514747619629,0.0014035701751708984
18,11,83,93.0,3.43058443069458,3.428277015686035,-0.002307415008544922
18,11,84,228.0,2.4015636444091797,2.3951375484466553,-0.006426095962524414
18,11,85,131.0,2.8454298973083496,2.8388397693634033,-0.006590127944946289
18,11,86,191.0,4.341160774230957,4.344720840454102,0.0035600662231445312
18,11,87,238.0,5.110036849975586,5.1107258796691895,0.0006890296936035156
18,11,88,210.0,3.3413021564483643,3.345381021499634,0.004078865051269531
18,11,89,107.0,4.339839935302734,4.344825267791748,0.004985332489013672
18,11,90,217.0,3.0681116580963135,3.06249737739563,-0.005614280700683594
18,11,91,199.0,3.2457942962646484,3.240985870361328,-0.0048084259033203125
18,11,92,84.0,2.6276965141296387,2.6337461471557617,0.006049633026123047
18,11,93,271.0,3.756063222885132,3.7601351737976074,0.004071950912475586
18,11,94,226.0,3.251934289932251,3.2513346672058105,-0.0005996227264404297
18,11,95,258.0,3.875674247741699,3.878997564315796,0.0033233165740966797
18,11,96,86.0,3.585750102996826,3.591174364089966,0.0054242610931396484
18,11,97,142.0,4.497574806213379,4.496767520904541,-0.0008072853088378906
18,11,98,42.0,3.347982168197632,3.331517219543457,-0.016464948654174805
18,11,99,224.0,2.679133892059326,2.6774075031280518,-0.001726388931274414
18,11,100,197.0,2.196375608444214,2.194031000137329,-0.0023446083068847656
18,11,101,85.0,2.568619728088379,2.5606894493103027,-0.007930278778076172
18,11,102,195.0,3.2174572944641113,3.222773313522339,0.005316019058227539
18,11,103,102.0,3.6202828884124756,3.6288154125213623,0.008532524108886719
18,11,104,181.0,3.483546018600464,3.486255168914795,0.0027091503143310547
18,11,105,72.0,2.1719796657562256,2.1719107627868652,-6.890296936035156e-05
18,11,106,130.0,4.735745906829834,4.738888740539551,0.003142833709716797
18,11,107,62.0,2.6150100231170654,2.610882043838501,-0.004127979278564453
18,11,108,263.0,3.6819097995758057,3.681553363800049,-0.00035643577575683594
18,11,109,194.0,2.822662115097046,2.824775218963623,0.0021131038665771484
18,11,110,174.0,2.753187417984009,2.7559995651245117,0.0028121471405029297
18,11,111,235.0,4.053600788116455,4.061407566070557,0.0078067779541015625
18,11,112,143.0,4.031272888183594,4.032690048217773,0.0014171600341796875
18,11,113,117.0,4.415828704833984,4.410682678222656,-0.005146026611328125
18,11,114,160.0,3.988440990447998,3.9882729053497314,-0.00016808509826660156
18,11,115,115.0,3.474060297012329,3.48419451713562,0.010134220123291016
18,11,116,120.0,3.551665782928467,3.546826124191284,-0.004839658737182617
18,11,117,186.0,3.7136735916137695,3.7131190299987793,-0.0005545616149902344
18,11,118,138.0,3.1632800102233887,3.167165994644165,0.003885984420776367
18,11,119,80.0,2.3273348808288574,2.3234901428222656,-0.003844738006591797
18,11,120,164.0,2.849583864212036,2.8536760807037354,0.004092216491699219
18,11,121,215.0,3.761408567428589,3.7645411491394043,0.0031325817108154297
18,11,122,81.0,3.2764456272125244,3.281697988510132,0.005252361297607422
18,11,123,171.0,3.1637179851531982,3.1695191860198975,0.005801200866699219
18,11,124,41.0,5.6693196296691895,5.688701152801514,0.01938152313232422
18,11,125,103.0,3.8813576698303223,3.881117343902588,-0.000240325927734375
18,11,126,145.0,3.006119966506958,3.0062685012817383,0.00014853477478027344
18,11,127,102.0,2.92803955078125,2.9262664318084717,-0.0017731189727783203
18,12,0,196.0,3.6189582347869873,3.6114702224731445,-0.0074880123138427734
18,12,1,127.0,3.22214412689209,3.2234888076782227,0.0013446807861328125
18,12,2,162.0,2.2713801860809326,2.2651138305664062,-0.006266355514526367
18,12,3,92.0,4.133184909820557,4.133355617523193,0.00017070770263671875
18,12,4,194.0,3.299353837966919,3.2916674613952637,-0.0076863765716552734
18,12,5,115.0,2.8214778900146484,2.828396797180176,0.006918907165527344
18,12,6,109.0,4.325214862823486,4.323981285095215,-0.0012335777282714844
18,12,7,48.0,3.449648857116699,3.431102752685547,-0.018546104431152344
18,12,8,69.0,3.7256877422332764,3.724958896636963,-0.0007288455963134766
18,12,9,85.0,3.190195322036743,3.199235200881958,0.009039878845214844
18,12,10,238.0,2.782064914703369,2.7804198265075684,-0.0016450881958007812
18,12,11,233.0,2.6044344902038574,2.607793092727661,0.003358602523803711
18,12,12,208.0,3.147305488586426,3.15574049949646,0.00843501091003418
18,12,13,196.0,2.917774200439453,2.9198954105377197,0.0021212100982666016
18,12,14,131.0,3.2567384243011475,3.272979497909546,0.016241073608398438
18,12,15,125.0,2.790242910385132,2.7848451137542725,-0.005397796630859375
18,12,16,61.0,4.113956451416016,4.109781265258789,-0.0041751861572265625
18,12,17,164.0,2.230290412902832,2.2265737056732178,-0.003716707229614258
18,12,18,107.0,3.345957040786743,3.359977960586548,0.014020919799804688
18,12,19,48.0,3.959183692932129,3.953282594680786,-0.0059010982513427734
18,12,20,74.0,2.182640314102173,2.1965744495391846,0.013934135437011719
18,12,21,103.0,2.7647080421447754,2.7806308269500732,0.01592278480529785
18,12,22,114.0,3.4331488609313965,3.4358949661254883,0.002746105194091797
18,12,23,50.0,5.562728404998779,5.560036659240723,-0.0026917457580566406
18,12,24,281.0,2.4593505859375,2.455752372741699,-0.0035982131958007812
18,12,25,247.0,2.162877321243286,2.165459632873535,0.0025823116302490234
18,12,26,173.0,3.780362606048584,3.7765555381774902,-0.00380706787109375
18,12,27,166.0,3.268761396408081,3.274374008178711,0.005612611770629883
18,12,28,98.0,2.8850836753845215,2.882722854614258,-0.002360820770263672
18,12,29,174.0,3.2879021167755127,3.2836050987243652,-0.004297018051147461
18,12,30,173.0,3.087313413619995,3.095762014389038,0.008448600769042969
18,12,31,215.0,3.7688708305358887,3.766735315322876,-0.0021355152130126953
18,12,32,186.0,2.7773280143737793,2.77595591545105,-0.0013720989227294922
18,12,33,153.0,2.610452890396118,2.598050355911255,-0.012402534484863281
18,12,34,147.0,3.096090793609619,3.089735269546509,-0.0063555240631103516
18,12,35,50.0,4.262930870056152,4.250255584716797,-0.012675285339355469
18,12,36,86.0,2.5445685386657715,2.5599749088287354,0.015406370162963867
18,12,37,154.0,4.032649040222168,4.027318954467773,-0.005330085754394531
18,12,38,265.0,2.685051679611206,2.67795729637146,-0.007094383239746094
18,12,39,199.0,3.442211389541626,3.4374024868011475,-0.004808902740478516
18,12,40,138.0,3.036294937133789,3.0311925411224365,-0.005102396011352539
18,12,41,98.0,3.56339955329895,3.5591163635253906,-0.00428318977355957
18,12,42,167.0,2.791276693344116,2.7880239486694336,-0.003252744674682617
18,12,43,288.0,3.996307849884033,3.993880271911621,-0.0024275779724121094
18,12,44,225.0,2.764963150024414,2.762424945831299,-0.0025382041931152344
18,12,45,191.0,3.2674989700317383,3.2724809646606445,0.00498199462890625
18,12,46,92.0,4.787234783172607,4.788836479187012,0.0016016960144042969
18,12,47,41.0,5.17321252822876,5.152556896209717,-0.02065563201904297
18,12,48,231.0,3.050201892852783,3.0474398136138916,-0.0027620792388916016
18,12,49,101.0,2.2807674407958984,2.280547857284546,-0.00021958351135253906
18,12,50,177.0,3.28656005859375,3.2750775814056396,-0.011482477188110352
18,12,51,252.0,3.729534387588501,3.7272896766662598,-0.002244710922241211
18,12,52,259.0,3.0285918712615967,3.0271990299224854,-0.0013928413391113281
18,12,53,47.0,3.0469322204589844,3.0602738857269287,0.013341665267944336
18,12,54,164.0,2.354414463043213,2.356382131576538,0.0019676685333251953
18,12,55,94.0,3.564063310623169,3.564845561981201,0.0007822513580322266
18,12,56,103.0,3.668520927429199,3.656186103820801,-0.012334823608398438
18,12,57,78.0,3.6771252155303955,3.679912805557251,0.0027875900268554688
18,12,58,239.0,3.4083893299102783,3.398232936859131,-0.010156393051147461
18,12,59,271.0,4.502346992492676,4.5039567947387695,0.00160980224609375
18,12,60,162.0,3.0323004722595215,3.0276100635528564,-0.004690408706665039
18,12,61,179.0,3.618516206741333,3.6232340335845947,0.004717826843261719
18,12,62,218.0,2.710827112197876,2.717966318130493,0.0071392059326171875
18,12,63,81.0,3.249349355697632,3.2589454650878906,0.009596109390258789
18,12,64,93.0,3.696587085723877,3.6987555027008057,0.002168416976928711
18,12,65,72.0,3.9958338737487793,3.9839205741882324,-0.011913299560546875
18,12,66,230.0,3.6442677974700928,3.641563892364502,-0.0027039051055908203
18,12,67,99.0,2.919395685195923,2.9175007343292236,-0.0018949508666992188
18,12,68,213.0,2.9106554985046387,2.9100115299224854,-0.0006439685821533203
18,12,69,119.0,2.7914681434631348,2.789154052734375,-0.0023140907287597656
18,12,70,161.0,3.1008999347686768,3.1000990867614746,-0.0008008480072021484
18,12,71,90.0,4.010181903839111,4.024996757507324,0.01481485366821289
18,12,72,181.0,3.0067594051361084,3.008866548538208,0.0021071434020996094
18,12,73,95.0,4.08024787902832,4.084655284881592,0.004407405853271484
18,12,74,245.0,2.442718744277954,2.451369285583496,0.008650541305541992
18,12,75,93.0,2.114382266998291,2.118295431137085,0.003913164138793945
18,12,76,225.0,2.825653553009033,2.825333595275879,-0.0003199577331542969
18,12,77,61.0,3.338794708251953,3.335878610610962,-0.002916097640991211
18,12,78,257.0,3.9624106884002686,3.964327335357666,0.001916646957397461
18,12,79,165.0,3.2207393646240234,3.2274036407470703,0.006664276123046875
18,12,80,117.0,4.315102577209473,4.3061652183532715,-0.008937358856201172
18,12,81,89.0,3.6350255012512207,3.640704870223999,0.00567936897277832
18,12,82,291.0,3.772111177444458,3.7655768394470215,-0.0065343379974365234
18,12,83,93.0,3.43058443069458,3.43868350982666,0.008099079132080078
18,12,84,228.0,2.4015636444091797,2.3896214962005615,-0.011942148208618164
18,12,85,131.0,2.8454298973083496,2.8573520183563232,0.011922121047973633
18,12,86,191.0,4.341160774230957,4.339028358459473,-0.002132415771484375
18,12,87,238.0,5.110036849975586,5.11712121963501,0.007084369659423828
18,12,88,210.0,3.3413021564483643,3.3569345474243164,0.01563239097595215
18,12,89,107.0,4.339839935302734,4.342764377593994,0.0029244422912597656
18,12,90,217.0,3.0681116580963135,3.0669023990631104,-0.001209259033203125
18,12,91,199.0,3.2457942962646484,3.244434118270874,-0.001360177993774414
18,12,92,84.0,2.6276965141296387,2.636091470718384,0.008394956588745117
18,12,93,271.0,3.756063222885132,3.747880697250366,-0.008182525634765625
18,12,94,226.0,3.251934289932251,3.256002426147461,0.004068136215209961
18,12,95,258.0,3.875674247741699,3.873976945877075,-0.0016973018646240234
18,12,96,86.0,3.585750102996826,3.5866549015045166,0.0009047985076904297
18,12,97,142.0,4.497574806213379,4.4946513175964355,-0.0029234886169433594
18,12,98,42.0,3.347982168197632,3.335203170776367,-0.012778997421264648
18,12,99,224.0,2.679133892059326,2.672546625137329,-0.00658726692199707
18,12,100,197.0,2.196375608444214,2.196667194366455,0.00029158592224121094
18,12,101,85.0,2.568619728088379,2.557389497756958,-0.011230230331420898
18,12,102,195.0,3.2174572944641113,3.212188243865967,-0.005269050598144531
18,12,103,102.0,3.6202828884124756,3.61897611618042,-0.001306772232055664
18,12,104,181.0,3.483546018600464,3.4783308506011963,-0.005215167999267578
18,12,105,72.0,2.1719796657562256,2.1716392040252686,-0.00034046173095703125
18,12,106,130.0,4.735745906829834,4.7299346923828125,-0.005811214447021484
18,12,107,62.0,2.6150100231170654,2.614316463470459,-0.0006935596466064453
18,12,108,263.0,3.6819097995758057,3.673213481903076,-0.008696317672729492
18,12,109,194.0,2.822662115097046,2.817517042160034,-0.005145072937011719
18,12,110,174.0,2.753187417984009,2.7454795837402344,-0.007707834243774414
18,12,111,235.0,4.053600788116455,4.0646138191223145,0.011013031005859375
18,12,112,143.0,4.031272888183594,4.017116069793701,-0.014156818389892578
18,12,113,117.0,4.415828704833984,4.4110589027404785,-0.004769802093505859
18,12,114,160.0,3.988440990447998,3.9853920936584473,-0.0030488967895507812
18,12,115,115.0,3.474060297012329,3.4856646060943604,0.01160430908203125
18,12,116,120.0,3.551665782928467,3.552532196044922,0.0008664131164550781
18,12,117,186.0,3.7136735916137695,3.7130751609802246,-0.0005984306335449219
18,12,118,138.0,3.1632800102233887,3.15938401222229,-0.003895998001098633
18,12,119,80.0,2.3273348808288574,2.3223204612731934,-0.0050144195556640625
18,12,120,164.0,2.849583864212036,2.8517065048217773,0.002122640609741211
18,12,121,215.0,3.761408567428589,3.7569942474365234,-0.00441431999206543
18,12,122,81.0,3.2764456272125244,3.2807300090789795,0.004284381866455078
18,12,123,171.0,3.1637179851531982,3.1662161350250244,0.002498149871826172
18,12,124,41.0,5.6693196296691895,5.634792804718018,-0.034526824951171875
18,12,125,103.0,3.8813576698303223,3.8730955123901367,-0.008262157440185547
18,12,126,145.0,3.006119966506958,3.0049233436584473,-0.0011966228485107422
18,12,127,102.0,2.92803955078125,2.9179954528808594,-0.010044097900390625
18,13,0,196.0,3.6189582347869873,3.609006881713867,-0.009951353073120117
18,13,1,127.0,3.22214412689209,3.218306541442871,-0.00383758544921875
18,13,2,162.0,2.2713801860809326,2.259392023086548,-0.011988162994384766
18,13,3,92.0,4.133184909820557,4.137772083282471,0.0045871734619140625
18,13,4,194.0,3.299353837966919,3.2939672470092773,-0.0053865909576416016
18,13,5,115.0,2.8214778900146484,2.8191990852355957,-0.0022788047790527344
18,13,6,109.0,4.325214862823486,4.329075813293457,0.003860950469970703
18,13,7,48.0,3.449648857116699,3.4484341144561768,-0.001214742660522461
18,13,8,69.0,3.7256877422332764,3.7254209518432617,-0.00026679039001464844
18,13,9,85.0,3.190195322036743,3.1857874393463135,-0.0044078826904296875
18,13,10,238.0,2.782064914703369,2.7750742435455322,-0.006990671157836914
18,13,11,233.0,2.6044344902038574,2.6046698093414307,0.0002353191375732422
18,13,12,208.0,3.147305488586426,3.138505697250366,-0.00879979133605957
18,13,13,196.0,2.917774200439453,2.911921262741089,-0.005852937698364258
18,13,14,131.0,3.2567384243011475,3.2474584579467773,-0.009279966354370117
18,13,15,125.0,2.790242910385132,2.7820777893066406,-0.008165121078491211
18,13,16,61.0,4.113956451416016,4.1152238845825195,0.0012674331665039062
18,13,17,164.0,2.230290412902832,2.226834535598755,-0.0034558773040771484
18,13,18,107.0,3.345957040786743,3.3404340744018555,-0.005522966384887695
18,13,19,48.0,3.959183692932129,3.9594497680664062,0.00026607513427734375
18,13,20,74.0,2.182640314102173,2.1804375648498535,-0.002202749252319336
18,13,21,103.0,2.7647080421447754,2.7432262897491455,-0.021481752395629883
18,13,22,114.0,3.4331488609313965,3.436002492904663,0.0028536319732666016
18,13,23,50.0,5.562728404998779,5.5437188148498535,-0.01900959014892578
18,13,24,281.0,2.4593505859375,2.4620509147644043,0.002700328826904297
18,13,25,247.0,2.162877321243286,2.1673519611358643,0.004474639892578125
18,13,26,173.0,3.780362606048584,3.777301073074341,-0.003061532974243164
18,13,27,166.0,3.268761396408081,3.2731850147247314,0.004423618316650391
18,13,28,98.0,2.8850836753845215,2.878898859024048,-0.006184816360473633
18,13,29,174.0,3.2879021167755127,3.2717576026916504,-0.016144514083862305
18,13,30,173.0,3.087313413619995,3.084743022918701,-0.0025703907012939453
18,13,31,215.0,3.7688708305358887,3.762707233428955,-0.006163597106933594
18,13,32,186.0,2.7773280143737793,2.7787389755249023,0.0014109611511230469
18,13,33,153.0,2.610452890396118,2.6031646728515625,-0.007288217544555664
18,13,34,147.0,3.096090793609619,3.0862505435943604,-0.009840250015258789
18,13,35,50.0,4.262930870056152,4.250332832336426,-0.012598037719726562
18,13,36,86.0,2.5445685386657715,2.560368061065674,0.015799522399902344
18,13,37,154.0,4.032649040222168,4.004837512969971,-0.027811527252197266
18,13,38,265.0,2.685051679611206,2.6844289302825928,-0.0006227493286132812
18,13,39,199.0,3.442211389541626,3.43399977684021,-0.008211612701416016
18,13,40,138.0,3.036294937133789,3.0407350063323975,0.0044400691986083984
18,13,41,98.0,3.56339955329895,3.564387083053589,0.0009875297546386719
18,13,42,167.0,2.791276693344116,2.781231641769409,-0.010045051574707031
18,13,43,288.0,3.996307849884033,3.9906022548675537,-0.005705595016479492
18,13,44,225.0,2.764963150024414,2.7496135234832764,-0.015349626541137695
18,13,45,191.0,3.2674989700317383,3.2614376544952393,-0.0060613155364990234
18,13,46,92.0,4.787234783172607,4.777359485626221,-0.009875297546386719
18,13,47,41.0,5.17321252822876,5.1593804359436035,-0.01383209228515625
18,13,48,231.0,3.050201892852783,3.0443241596221924,-0.00587773323059082
18,13,49,101.0,2.2807674407958984,2.27671480178833,-0.004052639007568359
18,13,50,177.0,3.28656005859375,3.2818443775177,-0.004715681076049805
18,13,51,252.0,3.729534387588501,3.7276577949523926,-0.0018765926361083984
18,13,52,259.0,3.0285918712615967,3.028247833251953,-0.0003440380096435547
18,13,53,47.0,3.0469322204589844,3.0483858585357666,0.0014536380767822266
18,13,54,164.0,2.354414463043213,2.3522346019744873,-0.002179861068725586
18,13,55,94.0,3.564063310623169,3.563054084777832,-0.001009225845336914
18,13,56,103.0,3.668520927429199,3.660438299179077,-0.00808262825012207
18,13,57,78.0,3.6771252155303955,3.669127941131592,-0.007997274398803711
18,13,58,239.0,3.4083893299102783,3.408841609954834,0.00045228004455566406
18,13,59,271.0,4.502346992492676,4.495443344116211,-0.006903648376464844
18,13,60,162.0,3.0323004722595215,3.029411792755127,-0.0028886795043945312
18,13,61,179.0,3.618516206741333,3.605815887451172,-0.012700319290161133
18,13,62,218.0,2.710827112197876,2.7091026306152344,-0.0017244815826416016
18,13,63,81.0,3.249349355697632,3.244257688522339,-0.005091667175292969
18,13,64,93.0,3.696587085723877,3.6962976455688477,-0.0002894401550292969
18,13,65,72.0,3.9958338737487793,3.983510732650757,-0.012323141098022461
18,13,66,230.0,3.6442677974700928,3.638547420501709,-0.005720376968383789
18,13,67,99.0,2.919395685195923,2.89103102684021,-0.02836465835571289
18,13,68,213.0,2.9106554985046387,2.9040958881378174,-0.006559610366821289
18,13,69,119.0,2.7914681434631348,2.7977588176727295,0.0062906742095947266
18,13,70,161.0,3.1008999347686768,3.098053455352783,-0.0028464794158935547
18,13,71,90.0,4.010181903839111,3.992853879928589,-0.01732802391052246
18,13,72,181.0,3.0067594051361084,3.0116379261016846,0.004878520965576172
18,13,73,95.0,4.08024787902832,4.062102317810059,-0.01814556121826172
18,13,74,245.0,2.442718744277954,2.435694932937622,-0.007023811340332031
18,13,75,93.0,2.114382266998291,2.1071834564208984,-0.007198810577392578
18,13,76,225.0,2.825653553009033,2.815518617630005,-0.01013493537902832
18,13,77,61.0,3.338794708251953,3.3374414443969727,-0.0013532638549804688
18,13,78,257.0,3.9624106884002686,3.9607744216918945,-0.0016362667083740234
18,13,79,165.0,3.2207393646240234,3.2154347896575928,-0.005304574966430664
18,13,80,117.0,4.315102577209473,4.307376384735107,-0.007726192474365234
18,13,81,89.0,3.6350255012512207,3.6326546669006348,-0.0023708343505859375
18,13,82,291.0,3.772111177444458,3.7679784297943115,-0.004132747650146484
18,13,83,93.0,3.43058443069458,3.4321846961975098,0.0016002655029296875
18,13,84,228.0,2.4015636444091797,2.4056503772735596,0.004086732864379883
18,13,85,131.0,2.8454298973083496,2.845219135284424,-0.00021076202392578125
18,13,86,191.0,4.341160774230957,4.33213472366333,-0.009026050567626953
18,13,87,238.0,5.110036849975586,5.108220100402832,-0.0018167495727539062
18,13,88,210.0,3.3413021564483643,3.3409128189086914,-0.00038933753967285156
18,13,89,107.0,4.339839935302734,4.336092472076416,-0.0037474632263183594
18,13,90,217.0,3.0681116580963135,3.06298565864563,-0.005125999450683594
18,13,91,199.0,3.2457942962646484,3.2402889728546143,-0.00550532341003418
18,13,92,84.0,2.6276965141296387,2.6257214546203613,-0.0019750595092773438
18,13,93,271.0,3.756063222885132,3.7489516735076904,-0.007111549377441406
18,13,94,226.0,3.251934289932251,3.247631549835205,-0.0043027400970458984
18,13,95,258.0,3.875674247741699,3.872206926345825,-0.0034673213958740234
18,13,96,86.0,3.585750102996826,3.587924003601074,0.002173900604248047
18,13,97,142.0,4.497574806213379,4.4950761795043945,-0.002498626708984375
18,13,98,42.0,3.347982168197632,3.339533805847168,-0.008448362350463867
18,13,99,224.0,2.679133892059326,2.677643299102783,-0.0014905929565429688
18,13,100,197.0,2.196375608444214,2.1881680488586426,-0.008207559585571289
18,13,101,85.0,2.568619728088379,2.563793182373047,-0.004826545715332031
18,13,102,195.0,3.2174572944641113,3.213547945022583,-0.00390934944152832
18,13,103,102.0,3.6202828884124756,3.6145544052124023,-0.005728483200073242
18,13,104,181.0,3.483546018600464,3.482320785522461,-0.0012252330780029297
18,13,105,72.0,2.1719796657562256,2.166449546813965,-0.005530118942260742
18,13,106,130.0,4.735745906829834,4.727344989776611,-0.008400917053222656
18,13,107,62.0,2.6150100231170654,2.6112992763519287,-0.0037107467651367188
18,13,108,263.0,3.6819097995758057,3.682596206665039,0.0006864070892333984
18,13,109,194.0,2.822662115097046,2.820094108581543,-0.0025680065155029297
18,13,110,174.0,2.753187417984009,2.7535722255706787,0.0003848075866699219
18,13,111,235.0,4.053600788116455,4.0449748039245605,-0.008625984191894531
18,13,112,143.0,4.031272888183594,4.027496814727783,-0.003776073455810547
18,13,113,117.0,4.415828704833984,4.392129421234131,-0.023699283599853516
18,13,114,160.0,3.988440990447998,3.9845824241638184,-0.0038585662841796875
18,13,115,115.0,3.474060297012329,3.474649429321289,0.0005891323089599609
18,13,116,120.0,3.551665782928467,3.5557363033294678,0.0040705204010009766
18,13,117,186.0,3.7136735916137695,3.7123279571533203,-0.0013456344604492188
18,13,118,138.0,3.1632800102233887,3.163787841796875,0.0005078315734863281
18,13,119,80.0,2.3273348808288574,2.323352336883545,-0.0039825439453125
18,13,120,164.0,2.849583864212036,2.8496811389923096,9.72747802734375e-05
18,13,121,215.0,3.761408567428589,3.759533166885376,-0.0018754005432128906
18,13,122,81.0,3.2764456272125244,3.2760367393493652,-0.0004088878631591797
18,13,123,171.0,3.1637179851531982,3.1594738960266113,-0.004244089126586914
18,13,124,41.0,5.6693196296691895,5.7112531661987305,0.041933536529541016
18,13,125,103.0,3.8813576698303223,3.879281759262085,-0.0020759105682373047
18,13,126,145.0,3.006119966506958,2.997298002243042,-0.008821964263916016
18,13,127,102.0,2.92803955078125,2.917111873626709,-0.010927677154541016
18,14,0,196.0,3.6189582347869873,3.6184425354003906,-0.0005156993865966797
18,14,1,127.0,3.22214412689209,3.2274179458618164,0.0052738189697265625
18,14,2,162.0,2.2713801860809326,2.278682231903076,0.007302045822143555
18,14,3,92.0,4.133184909820557,4.139618873596191,0.006433963775634766
18,14,4,194.0,3.299353837966919,3.297548294067383,-0.0018055438995361328
18,14,5,115.0,2.8214778900146484,2.8336410522460938,0.012163162231445312
18,14,6,109.0,4.325214862823486,4.340069770812988,0.014854907989501953
18,14,7,48.0,3.449648857116699,3.45666766166687,0.0070188045501708984
18,14,8,69.0,3.7256877422332764,3.747347593307495,0.02165985107421875
18,14,9,85.0,3.190195322036743,3.1845250129699707,-0.005670309066772461
18,14,10,238.0,2.782064914703369,2.787654161453247,0.00558924674987793
18,14,11,233.0,2.6044344902038574,2.611988067626953,0.007553577423095703
18,14,12,208.0,3.147305488586426,3.145322322845459,-0.001983165740966797
18,14,13,196.0,2.917774200439453,2.9361846446990967,0.018410444259643555
18,14,14,131.0,3.2567384243011475,3.2708749771118164,0.014136552810668945
18,14,15,125.0,2.790242910385132,2.798668622970581,0.008425712585449219
18,14,16,61.0,4.113956451416016,4.128915309906006,0.014958858489990234
18,14,17,164.0,2.230290412902832,2.240947723388672,0.010657310485839844
18,14,18,107.0,3.345957040786743,3.341750144958496,-0.00420689582824707
18,14,19,48.0,3.959183692932129,3.972900152206421,0.013716459274291992
18,14,20,74.0,2.182640314102173,2.1694648265838623,-0.013175487518310547
18,14,21,103.0,2.7647080421447754,2.767401933670044,0.0026938915252685547
18,14,22,114.0,3.4331488609313965,3.442990303039551,0.009841442108154297
18,14,23,50.0,5.562728404998779,5.565942287445068,0.0032138824462890625
18,14,24,281.0,2.4593505859375,2.4580750465393066,-0.0012755393981933594
18,14,25,247.0,2.162877321243286,2.15594220161438,-0.00693511962890625
18,14,26,173.0,3.780362606048584,3.8005340099334717,0.020171403884887695
18,14,27,166.0,3.268761396408081,3.283723831176758,0.014962434768676758
18,14,28,98.0,2.8850836753845215,2.884993314743042,-9.036064147949219e-05
18,14,29,174.0,3.2879021167755127,3.2978434562683105,0.009941339492797852
18,14,30,173.0,3.087313413619995,3.07326340675354,-0.014050006866455078
18,14,31,215.0,3.7688708305358887,3.7900450229644775,0.021174192428588867
18,14,32,186.0,2.7773280143737793,2.765674114227295,-0.011653900146484375
18,14,33,153.0,2.610452890396118,2.602952003479004,-0.007500886917114258
18,14,34,147.0,3.096090793609619,3.1108977794647217,0.014806985855102539
18,14,35,50.0,4.262930870056152,4.29442024230957,0.03148937225341797
18,14,36,86.0,2.5445685386657715,2.5649378299713135,0.020369291305541992
18,14,37,154.0,4.032649040222168,4.044851779937744,0.012202739715576172
18,14,38,265.0,2.685051679611206,2.6830332279205322,-0.002018451690673828
18,14,39,199.0,3.442211389541626,3.4481122493743896,0.005900859832763672
18,14,40,138.0,3.036294937133789,3.028714179992676,-0.007580757141113281
18,14,41,98.0,3.56339955329895,3.5729057788848877,0.0095062255859375
18,14,42,167.0,2.791276693344116,2.804192304611206,0.012915611267089844
18,14,43,288.0,3.996307849884033,4.006254196166992,0.009946346282958984
18,14,44,225.0,2.764963150024414,2.7667605876922607,0.0017974376678466797
18,14,45,191.0,3.2674989700317383,3.2705078125,0.0030088424682617188
18,14,46,92.0,4.787234783172607,4.787477493286133,0.00024271011352539062
18,14,47,41.0,5.17321252822876,5.194857597351074,0.021645069122314453
18,14,48,231.0,3.050201892852783,3.0506646633148193,0.0004627704620361328
18,14,49,101.0,2.2807674407958984,2.289299726486206,0.008532285690307617
18,14,50,177.0,3.28656005859375,3.292466640472412,0.005906581878662109
18,14,51,252.0,3.729534387588501,3.7482364177703857,0.018702030181884766
18,14,52,259.0,3.0285918712615967,3.0347156524658203,0.006123781204223633
18,14,53,47.0,3.0469322204589844,3.0552172660827637,0.008285045623779297
18,14,54,164.0,2.354414463043213,2.3603579998016357,0.0059435367584228516
18,14,55,94.0,3.564063310623169,3.573129177093506,0.009065866470336914
18,14,56,103.0,3.668520927429199,3.6716067790985107,0.0030858516693115234
18,14,57,78.0,3.6771252155303955,3.681349515914917,0.004224300384521484
18,14,58,239.0,3.4083893299102783,3.410572052001953,0.0021827220916748047
18,14,59,271.0,4.502346992492676,4.4958176612854,-0.006529331207275391
18,14,60,162.0,3.0323004722595215,3.031517744064331,-0.0007827281951904297
18,14,61,179.0,3.618516206741333,3.6334285736083984,0.01491236686706543
18,14,62,218.0,2.710827112197876,2.7158925533294678,0.005065441131591797
18,14,63,81.0,3.249349355697632,3.2594521045684814,0.01010274887084961
18,14,64,93.0,3.696587085723877,3.7554070949554443,0.05882000923156738
18,14,65,72.0,3.9958338737487793,3.999119281768799,0.0032854080200195312
18,14,66,230.0,3.6442677974700928,3.658794403076172,0.014526605606079102
18,14,67,99.0,2.919395685195923,2.943967819213867,0.024572134017944336
18,14,68,213.0,2.9106554985046387,2.9027605056762695,-0.00789499282836914
18,14,69,119.0,2.7914681434631348,2.8007426261901855,0.009274482727050781
18,14,70,161.0,3.1008999347686768,3.10310697555542,0.002207040786743164
18,14,71,90.0,4.010181903839111,3.970018148422241,-0.04016375541687012
18,14,72,181.0,3.0067594051361084,3.0197300910949707,0.012970685958862305
18,14,73,95.0,4.08024787902832,4.0756516456604,-0.004596233367919922
18,14,74,245.0,2.442718744277954,2.4262325763702393,-0.016486167907714844
18,14,75,93.0,2.114382266998291,2.1218032836914062,0.007421016693115234
18,14,76,225.0,2.825653553009033,2.8326566219329834,0.007003068923950195
18,14,77,61.0,3.338794708251953,3.3783438205718994,0.03954911231994629
18,14,78,257.0,3.9624106884002686,3.975062608718872,0.012651920318603516
18,14,79,165.0,3.2207393646240234,3.232992649078369,0.012253284454345703
18,14,80,117.0,4.315102577209473,4.306646823883057,-0.008455753326416016
18,14,81,89.0,3.6350255012512207,3.6431710720062256,0.008145570755004883
18,14,82,291.0,3.772111177444458,3.7684473991394043,-0.003663778305053711
18,14,83,93.0,3.43058443069458,3.4585256576538086,0.027941226959228516
18,14,84,228.0,2.4015636444091797,2.388000011444092,-0.01356363296508789
18,14,85,131.0,2.8454298973083496,2.844681739807129,-0.0007481575012207031
18,14,86,191.0,4.341160774230957,4.36053991317749,0.019379138946533203
18,14,87,238.0,5.110036849975586,5.1445465087890625,0.03450965881347656
18,14,88,210.0,3.3413021564483643,3.3509445190429688,0.009642362594604492
18,14,89,107.0,4.339839935302734,4.374906539916992,0.03506660461425781
18,14,90,217.0,3.0681116580963135,3.0820484161376953,0.013936758041381836
18,14,91,199.0,3.2457942962646484,3.250462532043457,0.004668235778808594
18,14,92,84.0,2.6276965141296387,2.6347286701202393,0.007032155990600586
18,14,93,271.0,3.756063222885132,3.7670042514801025,0.010941028594970703
18,14,94,226.0,3.251934289932251,3.2690417766571045,0.017107486724853516
18,14,95,258.0,3.875674247741699,3.880289316177368,0.004615068435668945
18,14,96,86.0,3.585750102996826,3.592495918273926,0.006745815277099609
18,14,97,142.0,4.497574806213379,4.496091842651367,-0.0014829635620117188
18,14,98,42.0,3.347982168197632,3.3190510272979736,-0.028931140899658203
18,14,99,224.0,2.679133892059326,2.6723287105560303,-0.0068051815032958984
18,14,100,197.0,2.196375608444214,2.1985599994659424,0.0021843910217285156
18,14,101,85.0,2.568619728088379,2.5662918090820312,-0.0023279190063476562
18,14,102,195.0,3.2174572944641113,3.2261269092559814,0.008669614791870117
18,14,103,102.0,3.6202828884124756,3.6461052894592285,0.02582240104675293
18,14,104,181.0,3.483546018600464,3.497009515762329,0.013463497161865234
18,14,105,72.0,2.1719796657562256,2.195338010787964,0.02335834503173828
18,14,106,130.0,4.735745906829834,4.751039505004883,0.015293598175048828
18,14,107,62.0,2.6150100231170654,2.6398634910583496,0.02485346794128418
18,14,108,263.0,3.6819097995758057,3.6954495906829834,0.013539791107177734
18,14,109,194.0,2.822662115097046,2.825619697570801,0.002957582473754883
18,14,110,174.0,2.753187417984009,2.760601758956909,0.007414340972900391
18,14,111,235.0,4.053600788116455,4.0202531814575195,-0.03334760665893555
18,14,112,143.0,4.031272888183594,4.050454616546631,0.01918172836303711
18,14,113,117.0,4.415828704833984,4.388537406921387,-0.027291297912597656
18,14,114,160.0,3.988440990447998,3.9847412109375,-0.003699779510498047
18,14,115,115.0,3.474060297012329,3.461256265640259,-0.012804031372070312
18,14,116,120.0,3.551665782928467,3.5490686893463135,-0.0025970935821533203
18,14,117,186.0,3.7136735916137695,3.7250657081604004,0.01139211654663086
18,14,118,138.0,3.1632800102233887,3.1636335849761963,0.0003535747528076172
18,14,119,80.0,2.3273348808288574,2.310201644897461,-0.017133235931396484
18,14,120,164.0,2.849583864212036,2.857494354248047,0.007910490036010742
18,14,121,215.0,3.761408567428589,3.7605063915252686,-0.0009021759033203125
18,14,122,81.0,3.2764456272125244,3.309908628463745,0.0334630012512207
18,14,123,171.0,3.1637179851531982,3.150120735168457,-0.013597249984741211
18,14,124,41.0,5.6693196296691895,5.673161029815674,0.003841400146484375
18,14,125,103.0,3.8813576698303223,3.8891355991363525,0.0077779293060302734
18,14,126,145.0,3.006119966506958,3.0125300884246826,0.006410121917724609
18,14,127,102.0,2.92803955078125,2.9428513050079346,0.01481175422668457
18,15,0,196.0,3.6189582347869873,3.6183433532714844,-0.0006148815155029297
18,15,1,127.0,3.22214412689209,3.220728635787964,-0.0014154911041259766
18,15,2,162.0,2.2713801860809326,2.2689716815948486,-0.0024085044860839844
18,15,3,92.0,4.133184909820557,4.127017974853516,-0.006166934967041016
18,15,4,194.0,3.299353837966919,3.313030958175659,0.013677120208740234
18,15,5,115.0,2.8214778900146484,2.8119728565216064,-0.009505033493041992
18,15,6,109.0,4.325214862823486,4.331592082977295,0.006377220153808594
18,15,7,48.0,3.449648857116699,3.4499588012695312,0.00030994415283203125
18,15,8,69.0,3.7256877422332764,3.730316162109375,0.004628419876098633
18,15,9,85.0,3.190195322036743,3.180013418197632,-0.010181903839111328
18,15,10,238.0,2.782064914703369,2.7808237075805664,-0.0012412071228027344
18,15,11,233.0,2.6044344902038574,2.60752010345459,0.003085613250732422
18,15,12,208.0,3.147305488586426,3.1437923908233643,-0.0035130977630615234
18,15,13,196.0,2.917774200439453,2.9068233966827393,-0.010950803756713867
18,15,14,131.0,3.2567384243011475,3.260782480239868,0.004044055938720703
18,15,15,125.0,2.790242910385132,2.7831060886383057,-0.007136821746826172
18,15,16,61.0,4.113956451416016,4.104861259460449,-0.009095191955566406
18,15,17,164.0,2.230290412902832,2.2304251194000244,0.0001347064971923828
18,15,18,107.0,3.345957040786743,3.3460681438446045,0.00011110305786132812
18,15,19,48.0,3.959183692932129,3.958820104598999,-0.0003635883331298828
18,15,20,74.0,2.182640314102173,2.176755666732788,-0.005884647369384766
18,15,21,103.0,2.7647080421447754,2.7936177253723145,0.028909683227539062
18,15,22,114.0,3.4331488609313965,3.4426419734954834,0.009493112564086914
18,15,23,50.0,5.562728404998779,5.562620162963867,-0.00010824203491210938
18,15,24,281.0,2.4593505859375,2.457005262374878,-0.0023453235626220703
18,15,25,247.0,2.162877321243286,2.1678996086120605,0.005022287368774414
18,15,26,173.0,3.780362606048584,3.7874374389648438,0.007074832916259766
18,15,27,166.0,3.268761396408081,3.277397871017456,0.008636474609375
18,15,28,98.0,2.8850836753845215,2.8771941661834717,-0.007889509201049805
18,15,29,174.0,3.2879021167755127,3.270561456680298,-0.017340660095214844
18,15,30,173.0,3.087313413619995,3.096494197845459,0.009180784225463867
18,15,31,215.0,3.7688708305358887,3.766484022140503,-0.002386808395385742
18,15,32,186.0,2.7773280143737793,2.80043888092041,0.02311086654663086
18,15,33,153.0,2.610452890396118,2.5996592044830322,-0.010793685913085938
18,15,34,147.0,3.096090793609619,3.08888840675354,-0.0072023868560791016
18,15,35,50.0,4.262930870056152,4.2479634284973145,-0.01496744155883789
18,15,36,86.0,2.5445685386657715,2.5468218326568604,0.002253293991088867
18,15,37,154.0,4.032649040222168,4.009943962097168,-0.022705078125
18,15,38,265.0,2.685051679611206,2.6846890449523926,-0.00036263465881347656
18,15,39,199.0,3.442211389541626,3.4344675540924072,-0.00774383544921875
18,15,40,138.0,3.036294937133789,3.0397331714630127,0.003438234329223633
18,15,41,98.0,3.56339955329895,3.572715997695923,0.009316444396972656
18,15,42,167.0,2.791276693344116,2.781886577606201,-0.009390115737915039
18,15,43,288.0,3.996307849884033,3.9903242588043213,-0.005983591079711914
18,15,44,225.0,2.764963150024414,2.758411407470703,-0.0065517425537109375
18,15,45,191.0,3.2674989700317383,3.268561601638794,0.001062631607055664
18,15,46,92.0,4.787234783172607,4.786825656890869,-0.00040912628173828125
18,15,47,41.0,5.17321252822876,5.176392555236816,0.0031800270080566406
18,15,48,231.0,3.050201892852783,3.0449471473693848,-0.0052547454833984375
18,15,49,101.0,2.2807674407958984,2.272022247314453,-0.008745193481445312
18,15,50,177.0,3.28656005859375,3.2835631370544434,-0.0029969215393066406
18,15,51,252.0,3.729534387588501,3.729954719543457,0.0004203319549560547
18,15,52,259.0,3.0285918712615967,3.026362895965576,-0.002228975296020508
18,15,53,47.0,3.0469322204589844,3.0364155769348145,-0.010516643524169922
18,15,54,164.0,2.354414463043213,2.3513612747192383,-0.0030531883239746094
18,15,55,94.0,3.564063310623169,3.5612289905548096,-0.002834320068359375
18,15,56,103.0,3.668520927429199,3.6789820194244385,0.010461091995239258
18,15,57,78.0,3.6771252155303955,3.669282913208008,-0.007842302322387695
18,15,58,239.0,3.4083893299102783,3.41345477104187,0.005065441131591797
18,15,59,271.0,4.502346992492676,4.503018856048584,0.0006718635559082031
18,15,60,162.0,3.0323004722595215,3.0242810249328613,-0.008019447326660156
18,15,61,179.0,3.618516206741333,3.6137094497680664,-0.0048067569732666016
18,15,62,218.0,2.710827112197876,2.7084171772003174,-0.0024099349975585938
18,15,63,81.0,3.249349355697632,3.249223470687866,-0.000125885009765625
18,15,64,93.0,3.696587085723877,3.6946377754211426,-0.001949310302734375
18,15,65,72.0,3.9958338737487793,3.9941601753234863,-0.0016736984252929688
18,15,66,230.0,3.6442677974700928,3.6363871097564697,-0.007880687713623047
18,15,67,99.0,2.919395685195923,2.926757574081421,0.007361888885498047
18,15,68,213.0,2.9106554985046387,2.91017484664917,-0.00048065185546875
18,15,69,119.0,2.7914681434631348,2.7880568504333496,-0.0034112930297851562
18,15,70,161.0,3.1008999347686768,3.092525005340576,-0.008374929428100586
18,15,71,90.0,4.010181903839111,4.029480457305908,0.019298553466796875
18,15,72,181.0,3.0067594051361084,3.011153221130371,0.004393815994262695
18,15,73,95.0,4.08024787902832,4.093572616577148,0.013324737548828125
18,15,74,245.0,2.442718744277954,2.4486215114593506,0.005902767181396484
18,15,75,93.0,2.114382266998291,2.119669198989868,0.0052869319915771484
18,15,76,225.0,2.825653553009033,2.817006826400757,-0.008646726608276367
18,15,77,61.0,3.338794708251953,3.346391201019287,0.007596492767333984
18,15,78,257.0,3.9624106884002686,3.9750397205352783,0.012629032135009766
18,15,79,165.0,3.2207393646240234,3.230386734008789,0.009647369384765625
18,15,80,117.0,4.315102577209473,4.316612243652344,0.0015096664428710938
18,15,81,89.0,3.6350255012512207,3.6290197372436523,-0.006005764007568359
18,15,82,291.0,3.772111177444458,3.7751591205596924,0.003047943115234375
18,15,83,93.0,3.43058443069458,3.4238104820251465,-0.006773948669433594
18,15,84,228.0,2.4015636444091797,2.4148285388946533,0.013264894485473633
18,15,85,131.0,2.8454298973083496,2.8375704288482666,-0.007859468460083008
18,15,86,191.0,4.341160774230957,4.341043472290039,-0.00011730194091796875
18,15,87,238.0,5.110036849975586,5.108599662780762,-0.0014371871948242188
18,15,88,210.0,3.3413021564483643,3.3594133853912354,0.018111228942871094
18,15,89,107.0,4.339839935302734,4.33774995803833,-0.002089977264404297
18,15,90,217.0,3.0681116580963135,3.064481258392334,-0.003630399703979492
18,15,91,199.0,3.2457942962646484,3.251110315322876,0.005316019058227539
18,15,92,84.0,2.6276965141296387,2.6279149055480957,0.00021839141845703125
18,15,93,271.0,3.756063222885132,3.7557241916656494,-0.0003390312194824219
18,15,94,226.0,3.251934289932251,3.2521724700927734,0.00023818016052246094
18,15,95,258.0,3.875674247741699,3.873810052871704,-0.0018641948699951172
18,15,96,86.0,3.585750102996826,3.5844357013702393,-0.001314401626586914
18,15,97,142.0,4.497574806213379,4.494462966918945,-0.0031118392944335938
18,15,98,42.0,3.347982168197632,3.3328912258148193,-0.0150909423828125
18,15,99,224.0,2.679133892059326,2.6810801029205322,0.0019462108612060547
18,15,100,197.0,2.196375608444214,2.194725275039673,-0.0016503334045410156
18,15,101,85.0,2.568619728088379,2.565014600753784,-0.0036051273345947266
18,15,102,195.0,3.2174572944641113,3.217038154602051,-0.0004191398620605469
18,15,103,102.0,3.6202828884124756,3.6261987686157227,0.00591588020324707
18,15,104,181.0,3.483546018600464,3.483433485031128,-0.0001125335693359375
18,15,105,72.0,2.1719796657562256,2.1744937896728516,0.0025141239166259766
18,15,106,130.0,4.735745906829834,4.733478546142578,-0.0022673606872558594
18,15,107,62.0,2.6150100231170654,2.6083431243896484,-0.006666898727416992
18,15,108,263.0,3.6819097995758057,3.6769964694976807,-0.004913330078125
18,15,109,194.0,2.822662115097046,2.81689453125,-0.0057675838470458984
18,15,110,174.0,2.753187417984009,2.7435505390167236,-0.009636878967285156
18,15,111,235.0,4.053600788116455,4.073657035827637,0.02005624771118164
18,15,112,143.0,4.031272888183594,4.029414653778076,-0.0018582344055175781
18,15,113,117.0,4.415828704833984,4.418450832366943,0.0026221275329589844
18,15,114,160.0,3.988440990447998,3.9831290245056152,-0.0053119659423828125
18,15,115,115.0,3.474060297012329,3.4737346172332764,-0.0003256797790527344
18,15,116,120.0,3.551665782928467,3.5598878860473633,0.008222103118896484
18,15,117,186.0,3.7136735916137695,3.7093863487243652,-0.004287242889404297
18,15,118,138.0,3.1632800102233887,3.1725332736968994,0.009253263473510742
18,15,119,80.0,2.3273348808288574,2.3250324726104736,-0.002302408218383789
18,15,120,164.0,2.849583864212036,2.8459951877593994,-0.0035886764526367188
18,15,121,215.0,3.761408567428589,3.7762463092803955,0.01483774185180664
18,15,122,81.0,3.2764456272125244,3.273608922958374,-0.0028367042541503906
18,15,123,171.0,3.1637179851531982,3.1773674488067627,0.013649463653564453
18,15,124,41.0,5.6693196296691895,5.799656391143799,0.13033676147460938
18,15,125,103.0,3.8813576698303223,3.875800609588623,-0.005557060241699219
18,15,126,145.0,3.006119966506958,3.0083627700805664,0.0022428035736083984
18,15,127,102.0,2.92803955078125,2.918116569519043,-0.009922981262207031
18,16,0,196.0,3.6189582347869873,3.621238946914673,0.002280712127685547
18,16,1,127.0,3.22214412689209,3.229790210723877,0.007646083831787109
18,16,2,162.0,2.2713801860809326,2.2681801319122314,-0.003200054168701172
18,16,3,92.0,4.133184909820557,4.13585090637207,0.002665996551513672
18,16,4,194.0,3.299353837966919,3.2971129417419434,-0.002240896224975586
18,16,5,115.0,2.8214778900146484,2.8200995922088623,-0.0013782978057861328
18,16,6,109.0,4.325214862823486,4.335321426391602,0.010106563568115234
18,16,7,48.0,3.449648857116699,3.462470293045044,0.012821435928344727
18,16,8,69.0,3.7256877422332764,3.7159743309020996,-0.009713411331176758
18,16,9,85.0,3.190195322036743,3.1926937103271484,0.0024983882904052734
18,16,10,238.0,2.782064914703369,2.7833805084228516,0.0013155937194824219
18,16,11,233.0,2.6044344902038574,2.6145989894866943,0.010164499282836914
18,16,12,208.0,3.147305488586426,3.1590235233306885,0.011718034744262695
18,16,13,196.0,2.917774200439453,2.9151008129119873,-0.0026733875274658203
18,16,14,131.0,3.2567384243011475,3.2550673484802246,-0.0016710758209228516
18,16,15,125.0,2.790242910385132,2.800945281982422,0.010702371597290039
18,16,16,61.0,4.113956451416016,4.113320827484131,-0.0006356239318847656
18,16,17,164.0,2.230290412902832,2.2333083152770996,0.003017902374267578
18,16,18,107.0,3.345957040786743,3.3646912574768066,0.018734216690063477
18,16,19,48.0,3.959183692932129,3.958930253982544,-0.00025343894958496094
18,16,20,74.0,2.182640314102173,2.175767183303833,-0.006873130798339844
18,16,21,103.0,2.7647080421447754,2.753098964691162,-0.011609077453613281
18,16,22,114.0,3.4331488609313965,3.432394504547119,-0.0007543563842773438
18,16,23,50.0,5.562728404998779,5.567574501037598,0.004846096038818359
18,16,24,281.0,2.4593505859375,2.457432746887207,-0.0019178390502929688
18,16,25,247.0,2.162877321243286,2.177834987640381,0.014957666397094727
18,16,26,173.0,3.780362606048584,3.779902219772339,-0.0004603862762451172
18,16,27,166.0,3.268761396408081,3.2784171104431152,0.00965571403503418
18,16,28,98.0,2.8850836753845215,2.887843132019043,0.0027594566345214844
18,16,29,174.0,3.2879021167755127,3.29561185836792,0.0077097415924072266
18,16,30,173.0,3.087313413619995,3.090585231781006,0.003271818161010742
18,16,31,215.0,3.7688708305358887,3.7668209075927734,-0.0020499229431152344
18,16,32,186.0,2.7773280143737793,2.778395175933838,0.0010671615600585938
18,16,33,153.0,2.610452890396118,2.6042799949645996,-0.006172895431518555
18,16,34,147.0,3.096090793609619,3.0921895503997803,-0.003901243209838867
18,16,35,50.0,4.262930870056152,4.278095245361328,0.015164375305175781
18,16,36,86.0,2.5445685386657715,2.582697629928589,0.03812909126281738
18,16,37,154.0,4.032649040222168,4.028048515319824,-0.00460052490234375
18,16,38,265.0,2.685051679611206,2.6810872554779053,-0.003964424133300781
18,16,39,199.0,3.442211389541626,3.449442148208618,0.0072307586669921875
18,16,40,138.0,3.036294937133789,3.041187286376953,0.0048923492431640625
18,16,41,98.0,3.56339955329895,3.577942132949829,0.014542579650878906
18,16,42,167.0,2.791276693344116,2.797517776489258,0.0062410831451416016
18,16,43,288.0,3.996307849884033,4.006832122802734,0.010524272918701172
18,16,44,225.0,2.764963150024414,2.768754005432129,0.0037908554077148438
18,16,45,191.0,3.2674989700317383,3.282026767730713,0.01452779769897461
18,16,46,92.0,4.787234783172607,4.791771411895752,0.004536628723144531
18,16,47,41.0,5.17321252822876,5.193908214569092,0.02069568634033203
18,16,48,231.0,3.050201892852783,3.0480802059173584,-0.0021216869354248047
18,16,49,101.0,2.2807674407958984,2.2852678298950195,0.004500389099121094
18,16,50,177.0,3.28656005859375,3.285611152648926,-0.0009489059448242188
18,16,51,252.0,3.729534387588501,3.7389628887176514,0.00942850112915039
18,16,52,259.0,3.0285918712615967,3.0297834873199463,0.0011916160583496094
18,16,53,47.0,3.0469322204589844,3.026878833770752,-0.020053386688232422
18,16,54,164.0,2.354414463043213,2.356083869934082,0.0016694068908691406
18,16,55,94.0,3.564063310623169,3.567016363143921,0.002953052520751953
18,16,56,103.0,3.668520927429199,3.649449110031128,-0.01907181739807129
18,16,57,78.0,3.6771252155303955,3.6742212772369385,-0.0029039382934570312
18,16,58,239.0,3.4083893299102783,3.4130337238311768,0.0046443939208984375
18,16,59,271.0,4.502346992492676,4.5032453536987305,0.0008983612060546875
18,16,60,162.0,3.0323004722595215,3.027282238006592,-0.0050182342529296875
18,16,61,179.0,3.618516206741333,3.6407225131988525,0.02220630645751953
18,16,62,218.0,2.710827112197876,2.713517189025879,0.0026900768280029297
18,16,63,81.0,3.249349355697632,3.2552990913391113,0.005949735641479492
18,16,64,93.0,3.696587085723877,3.716794490814209,0.02020740509033203
18,16,65,72.0,3.9958338737487793,3.9973368644714355,0.00150299072265625
18,16,66,230.0,3.6442677974700928,3.6515696048736572,0.007301807403564453
18,16,67,99.0,2.919395685195923,2.928868055343628,0.009472370147705078
18,16,68,213.0,2.9106554985046387,2.9131174087524414,0.0024619102478027344
18,16,69,119.0,2.7914681434631348,2.791849136352539,0.0003809928894042969
18,16,70,161.0,3.1008999347686768,3.1021645069122314,0.0012645721435546875
18,16,71,90.0,4.010181903839111,4.033477306365967,0.02329540252685547
18,16,72,181.0,3.0067594051361084,3.0145344734191895,0.007775068283081055
18,16,73,95.0,4.08024787902832,4.082721710205078,0.0024738311767578125
18,16,74,245.0,2.442718744277954,2.436896562576294,-0.005822181701660156
18,16,75,93.0,2.114382266998291,2.1280357837677,0.01365351676940918
18,16,76,225.0,2.825653553009033,2.821364164352417,-0.004289388656616211
18,16,77,61.0,3.338794708251953,3.3572230339050293,0.018428325653076172
18,16,78,257.0,3.9624106884002686,3.9743475914001465,0.01193690299987793
18,16,79,165.0,3.2207393646240234,3.2352232933044434,0.014483928680419922
18,16,80,117.0,4.315102577209473,4.3129730224609375,-0.0021295547485351562
18,16,81,89.0,3.6350255012512207,3.6408910751342773,0.005865573883056641
18,16,82,291.0,3.772111177444458,3.771698236465454,-0.00041294097900390625
18,16,83,93.0,3.43058443069458,3.4374425411224365,0.006858110427856445
18,16,84,228.0,2.4015636444091797,2.3964126110076904,-0.005151033401489258
18,16,85,131.0,2.8454298973083496,2.8365657329559326,-0.008864164352416992
18,16,86,191.0,4.341160774230957,4.351442337036133,0.010281562805175781
18,16,87,238.0,5.110036849975586,5.126270771026611,0.01623392105102539
18,16,88,210.0,3.3413021564483643,3.3411498069763184,-0.00015234947204589844
18,16,89,107.0,4.339839935302734,4.355921268463135,0.01608133316040039
18,16,90,217.0,3.0681116580963135,3.0743610858917236,0.006249427795410156
18,16,91,199.0,3.2457942962646484,3.2463538646698,0.0005595684051513672
18,16,92,84.0,2.6276965141296387,2.6337900161743164,0.006093502044677734
18,16,93,271.0,3.756063222885132,3.7633800506591797,0.0073168277740478516
18,16,94,226.0,3.251934289932251,3.2591240406036377,0.007189750671386719
18,16,95,258.0,3.875674247741699,3.883342981338501,0.007668733596801758
18,16,96,86.0,3.585750102996826,3.5936954021453857,0.00794529914855957
18,16,97,142.0,4.497574806213379,4.50738525390625,0.009810447692871094
18,16,98,42.0,3.347982168197632,3.3117661476135254,-0.036216020584106445
18,16,99,224.0,2.679133892059326,2.681713342666626,0.0025794506072998047
18,16,100,197.0,2.196375608444214,2.1898884773254395,-0.006487131118774414
18,16,101,85.0,2.568619728088379,2.5548856258392334,-0.013734102249145508
18,16,102,195.0,3.2174572944641113,3.2264764308929443,0.009019136428833008
18,16,103,102.0,3.6202828884124756,3.635420560836792,0.015137672424316406
18,16,104,181.0,3.483546018600464,3.4807024002075195,-0.002843618392944336
18,16,105,72.0,2.1719796657562256,2.170259714126587,-0.0017199516296386719
18,16,106,130.0,4.735745906829834,4.738002300262451,0.0022563934326171875
18,16,107,62.0,2.6150100231170654,2.6105992794036865,-0.004410743713378906
18,16,108,263.0,3.6819097995758057,3.6911532878875732,0.009243488311767578
18,16,109,194.0,2.822662115097046,2.8274576663970947,0.004795551300048828
18,16,110,174.0,2.753187417984009,2.7547876834869385,0.0016002655029296875
18,16,111,235.0,4.053600788116455,4.053919315338135,0.0003185272216796875
18,16,112,143.0,4.031272888183594,4.0418477058410645,0.010574817657470703
18,16,113,117.0,4.415828704833984,4.420902729034424,0.005074024200439453
18,16,114,160.0,3.988440990447998,3.999016523361206,0.010575532913208008
18,16,115,115.0,3.474060297012329,3.487278461456299,0.013218164443969727
18,16,116,120.0,3.551665782928467,3.563612937927246,0.011947154998779297
18,16,117,186.0,3.7136735916137695,3.7242250442504883,0.01055145263671875
18,16,118,138.0,3.1632800102233887,3.1732523441314697,0.009972333908081055
18,16,119,80.0,2.3273348808288574,2.3209378719329834,-0.0063970088958740234
18,16,120,164.0,2.849583864212036,2.8640213012695312,0.014437437057495117
18,16,121,215.0,3.761408567428589,3.770768165588379,0.009359598159790039
18,16,122,81.0,3.2764456272125244,3.2884416580200195,0.011996030807495117
18,16,123,171.0,3.1637179851531982,3.1664559841156006,0.0027379989624023438
18,16,124,41.0,5.6693196296691895,5.7272233963012695,0.05790376663208008
18,16,125,103.0,3.8813576698303223,3.8867580890655518,0.005400419235229492
18,16,126,145.0,3.006119966506958,3.012058973312378,0.005939006805419922
18,16,127,102.0,2.92803955078125,2.922830820083618,-0.005208730697631836
18,17,0,196.0,3.6189582347869873,3.6092522144317627,-0.00970602035522461
18,17,1,127.0,3.22214412689209,3.2260725498199463,0.003928422927856445
18,17,2,162.0,2.2713801860809326,2.264493942260742,-0.00688624382019043
18,17,3,92.0,4.133184909820557,4.139144420623779,0.005959510803222656
18,17,4,194.0,3.299353837966919,3.294743537902832,-0.004610300064086914
18,17,5,115.0,2.8214778900146484,2.820279598236084,-0.0011982917785644531
18,17,6,109.0,4.325214862823486,4.329987049102783,0.004772186279296875
18,17,7,48.0,3.449648857116699,3.4592912197113037,0.009642362594604492
18,17,8,69.0,3.7256877422332764,3.7378482818603516,0.012160539627075195
18,17,9,85.0,3.190195322036743,3.1892693042755127,-0.0009260177612304688
18,17,10,238.0,2.782064914703369,2.779878616333008,-0.002186298370361328
18,17,11,233.0,2.6044344902038574,2.603402614593506,-0.0010318756103515625
18,17,12,208.0,3.147305488586426,3.1471452713012695,-0.00016021728515625
18,17,13,196.0,2.917774200439453,2.918971538543701,0.0011973381042480469
18,17,14,131.0,3.2567384243011475,3.268742561340332,0.01200413703918457
18,17,15,125.0,2.790242910385132,2.781177520751953,-0.009065389633178711
18,17,16,61.0,4.113956451416016,4.109434127807617,-0.0045223236083984375
18,17,17,164.0,2.230290412902832,2.2299554347991943,-0.0003349781036376953
18,17,18,107.0,3.345957040786743,3.343874454498291,-0.0020825862884521484
18,17,19,48.0,3.959183692932129,3.96769642829895,0.008512735366821289
18,17,20,74.0,2.182640314102173,2.1802759170532227,-0.0023643970489501953
18,17,21,103.0,2.7647080421447754,2.786756992340088,0.0220489501953125
18,17,22,114.0,3.4331488609313965,3.4303529262542725,-0.0027959346771240234
18,17,23,50.0,5.562728404998779,5.569095611572266,0.006367206573486328
18,17,24,281.0,2.4593505859375,2.4628541469573975,0.003503561019897461
18,17,25,247.0,2.162877321243286,2.1648876667022705,0.002010345458984375
18,17,26,173.0,3.780362606048584,3.77817702293396,-0.0021855831146240234
18,17,27,166.0,3.268761396408081,3.263507127761841,-0.005254268646240234
18,17,28,98.0,2.8850836753845215,2.8804588317871094,-0.004624843597412109
18,17,29,174.0,3.2879021167755127,3.2793688774108887,-0.008533239364624023
18,17,30,173.0,3.087313413619995,3.0864315032958984,-0.0008819103240966797
18,17,31,215.0,3.7688708305358887,3.763629198074341,-0.0052416324615478516
18,17,32,186.0,2.7773280143737793,2.778212308883667,0.0008842945098876953
18,17,33,153.0,2.610452890396118,2.6060118675231934,-0.004441022872924805
18,17,34,147.0,3.096090793609619,3.0946459770202637,-0.0014448165893554688
18,17,35,50.0,4.262930870056152,4.249838352203369,-0.013092517852783203
18,17,36,86.0,2.5445685386657715,2.5469024181365967,0.0023338794708251953
18,17,37,154.0,4.032649040222168,4.028061866760254,-0.0045871734619140625
18,17,38,265.0,2.685051679611206,2.685980796813965,0.0009291172027587891
18,17,39,199.0,3.442211389541626,3.4393692016601562,-0.0028421878814697266
18,17,40,138.0,3.036294937133789,3.0326271057128906,-0.0036678314208984375
18,17,41,98.0,3.56339955329895,3.5720326900482178,0.008633136749267578
18,17,42,167.0,2.791276693344116,2.7925360202789307,0.0012593269348144531
18,17,43,288.0,3.996307849884033,3.9951705932617188,-0.0011372566223144531
18,17,44,225.0,2.764963150024414,2.762251615524292,-0.0027115345001220703
18,17,45,191.0,3.2674989700317383,3.261568546295166,-0.005930423736572266
18,17,46,92.0,4.787234783172607,4.7819976806640625,-0.005237102508544922
18,17,47,41.0,5.17321252822876,5.176181793212891,0.0029692649841308594
18,17,48,231.0,3.050201892852783,3.0496156215667725,-0.0005862712860107422
18,17,49,101.0,2.2807674407958984,2.2800726890563965,-0.0006947517395019531
18,17,50,177.0,3.28656005859375,3.2854056358337402,-0.0011544227600097656
18,17,51,252.0,3.729534387588501,3.7266950607299805,-0.002839326858520508
18,17,52,259.0,3.0285918712615967,3.0254886150360107,-0.0031032562255859375
18,17,53,47.0,3.0469322204589844,3.051117181777954,0.0041849613189697266
18,17,54,164.0,2.354414463043213,2.3590247631073,0.004610300064086914
18,17,55,94.0,3.564063310623169,3.5521252155303955,-0.011938095092773438
18,17,56,103.0,3.668520927429199,3.6698291301727295,0.0013082027435302734
18,17,57,78.0,3.6771252155303955,3.6737122535705566,-0.003412961959838867
18,17,58,239.0,3.4083893299102783,3.4053735733032227,-0.003015756607055664
18,17,59,271.0,4.502346992492676,4.504995346069336,0.0026483535766601562
18,17,60,162.0,3.0323004722595215,3.02679705619812,-0.005503416061401367
18,17,61,179.0,3.618516206741333,3.618778944015503,0.0002627372741699219
18,17,62,218.0,2.710827112197876,2.7114880084991455,0.0006608963012695312
18,17,63,81.0,3.249349355697632,3.2483859062194824,-0.0009634494781494141
18,17,64,93.0,3.696587085723877,3.702404022216797,0.005816936492919922
18,17,65,72.0,3.9958338737487793,3.984227180480957,-0.011606693267822266
18,17,66,230.0,3.6442677974700928,3.64235258102417,-0.0019152164459228516
18,17,67,99.0,2.919395685195923,2.9298348426818848,0.010439157485961914
18,17,68,213.0,2.9106554985046387,2.905029773712158,-0.005625724792480469
18,17,69,119.0,2.7914681434631348,2.7946603298187256,0.0031921863555908203
18,17,70,161.0,3.1008999347686768,3.1003496646881104,-0.0005502700805664062
18,17,71,90.0,4.010181903839111,4.001619338989258,-0.008562564849853516
18,17,72,181.0,3.0067594051361084,3.002455234527588,-0.004304170608520508
18,17,73,95.0,4.08024787902832,4.075892925262451,-0.004354953765869141
18,17,74,245.0,2.442718744277954,2.4367904663085938,-0.0059282779693603516
18,17,75,93.0,2.114382266998291,2.1179213523864746,0.0035390853881835938
18,17,76,225.0,2.825653553009033,2.8270843029022217,0.0014307498931884766
18,17,77,61.0,3.338794708251953,3.3328464031219482,-0.005948305130004883
18,17,78,257.0,3.9624106884002686,3.9621410369873047,-0.0002696514129638672
18,17,79,165.0,3.2207393646240234,3.214071273803711,-0.0066680908203125
18,17,80,117.0,4.315102577209473,4.3155670166015625,0.00046443939208984375
18,17,81,89.0,3.6350255012512207,3.6353955268859863,0.000370025634765625
18,17,82,291.0,3.772111177444458,3.7732551097869873,0.0011439323425292969
18,17,83,93.0,3.43058443069458,3.428554058074951,-0.0020303726196289062
18,17,84,228.0,2.4015636444091797,2.392155170440674,-0.00940847396850586
18,17,85,131.0,2.8454298973083496,2.849680185317993,0.004250288009643555
18,17,86,191.0,4.341160774230957,4.334308624267578,-0.006852149963378906
18,17,87,238.0,5.110036849975586,5.111717700958252,0.0016808509826660156
18,17,88,210.0,3.3413021564483643,3.355433940887451,0.014131784439086914
18,17,89,107.0,4.339839935302734,4.342166423797607,0.002326488494873047
18,17,90,217.0,3.0681116580963135,3.066344976425171,-0.0017666816711425781
18,17,91,199.0,3.2457942962646484,3.241694211959839,-0.00410008430480957
18,17,92,84.0,2.6276965141296387,2.625722885131836,-0.0019736289978027344
18,17,93,271.0,3.756063222885132,3.7539494037628174,-0.002113819122314453
18,17,94,226.0,3.251934289932251,3.254047155380249,0.002112865447998047
18,17,95,258.0,3.875674247741699,3.870729446411133,-0.004944801330566406
18,17,96,86.0,3.585750102996826,3.588656425476074,0.002906322479248047
18,17,97,142.0,4.497574806213379,4.492455959320068,-0.005118846893310547
18,17,98,42.0,3.347982168197632,3.3427894115448,-0.005192756652832031
18,17,99,224.0,2.679133892059326,2.6764581203460693,-0.002675771713256836
18,17,100,197.0,2.196375608444214,2.196476697921753,0.0001010894775390625
18,17,101,85.0,2.568619728088379,2.5604395866394043,-0.00818014144897461
18,17,102,195.0,3.2174572944641113,3.2223193645477295,0.004862070083618164
18,17,103,102.0,3.6202828884124756,3.6151583194732666,-0.005124568939208984
18,17,104,181.0,3.483546018600464,3.4852278232574463,0.0016818046569824219
18,17,105,72.0,2.1719796657562256,2.165801763534546,-0.0061779022216796875
18,17,106,130.0,4.735745906829834,4.732557773590088,-0.0031881332397460938
18,17,107,62.0,2.6150100231170654,2.6140549182891846,-0.0009551048278808594
18,17,108,263.0,3.6819097995758057,3.6782619953155518,-0.0036478042602539062
18,17,109,194.0,2.822662115097046,2.8235955238342285,0.0009334087371826172
18,17,110,174.0,2.753187417984009,2.756631374359131,0.0034439563751220703
18,17,111,235.0,4.053600788116455,4.055490016937256,0.0018892288208007812
18,17,112,143.0,4.031272888183594,4.032381057739258,0.0011081695556640625
18,17,113,117.0,4.415828704833984,4.4137282371521,-0.0021004676818847656
18,17,114,160.0,3.988440990447998,3.990668535232544,0.0022275447845458984
18,17,115,115.0,3.474060297012329,3.466218948364258,-0.007841348648071289
18,17,116,120.0,3.551665782928467,3.5494489669799805,-0.002216815948486328
18,17,117,186.0,3.7136735916137695,3.714139938354492,0.00046634674072265625
18,17,118,138.0,3.1632800102233887,3.1618170738220215,-0.0014629364013671875
18,17,119,80.0,2.3273348808288574,2.3242857456207275,-0.003049135208129883
18,17,120,164.0,2.849583864212036,2.8499133586883545,0.0003294944763183594
18,17,121,215.0,3.761408567428589,3.7562777996063232,-0.005130767822265625
18,17,122,81.0,3.2764456272125244,3.281388759613037,0.004943132400512695
18,17,123,171.0,3.1637179851531982,3.168884038925171,0.005166053771972656
18,17,124,41.0,5.6693196296691895,5.671396732330322,0.0020771026611328125
18,17,125,103.0,3.8813576698303223,3.8772494792938232,-0.0041081905364990234
18,17,126,145.0,3.006119966506958,3.0078861713409424,0.001766204833984375
18,17,127,102.0,2.92803955078125,2.928812265396118,0.0007727146148681641
18,18,0,196.0,3.6189582347869873,3.6120169162750244,-0.006941318511962891
18,18,1,127.0,3.22214412689209,3.2226524353027344,0.0005083084106445312
18,18,2,162.0,2.2713801860809326,2.2687060832977295,-0.002674102783203125
18,18,3,92.0,4.133184909820557,4.1295037269592285,-0.003681182861328125
18,18,4,194.0,3.299353837966919,3.2975680828094482,-0.0017857551574707031
18,18,5,115.0,2.8214778900146484,2.825437307357788,0.0039594173431396484
18,18,6,109.0,4.325214862823486,4.329117298126221,0.003902435302734375
18,18,7,48.0,3.449648857116699,3.4512767791748047,0.0016279220581054688
18,18,8,69.0,3.7256877422332764,3.726938486099243,0.0012507438659667969
18,18,9,85.0,3.190195322036743,3.196425199508667,0.006229877471923828
18,18,10,238.0,2.782064914703369,2.7829959392547607,0.0009310245513916016
18,18,11,233.0,2.6044344902038574,2.609387159347534,0.004952669143676758
18,18,12,208.0,3.147305488586426,3.149167537689209,0.0018620491027832031
18,18,13,196.0,2.917774200439453,2.917083501815796,-0.0006906986236572266
18,18,14,131.0,3.2567384243011475,3.2557926177978516,-0.0009458065032958984
18,18,15,125.0,2.790242910385132,2.7891533374786377,-0.0010895729064941406
18,18,16,61.0,4.113956451416016,4.113511562347412,-0.0004448890686035156
18,18,17,164.0,2.230290412902832,2.23018741607666,-0.000102996826171875
18,18,18,107.0,3.345957040786743,3.3492417335510254,0.0032846927642822266
18,18,19,48.0,3.959183692932129,3.9548351764678955,-0.0043485164642333984
18,18,20,74.0,2.182640314102173,2.1795051097869873,-0.003135204315185547
18,18,21,103.0,2.7647080421447754,2.7446913719177246,-0.02001667022705078
18,18,22,114.0,3.4331488609313965,3.4412143230438232,0.008065462112426758
18,18,23,50.0,5.562728404998779,5.563688278198242,0.0009598731994628906
18,18,24,281.0,2.4593505859375,2.4567933082580566,-0.0025572776794433594
18,18,25,247.0,2.162877321243286,2.1620466709136963,-0.0008306503295898438
18,18,26,173.0,3.780362606048584,3.793936252593994,0.013573646545410156
18,18,27,166.0,3.268761396408081,3.2731616497039795,0.0044002532958984375
18,18,28,98.0,2.8850836753845215,2.880730390548706,-0.00435328483581543
18,18,29,174.0,3.2879021167755127,3.2862699031829834,-0.0016322135925292969
18,18,30,173.0,3.087313413619995,3.090035915374756,0.002722501754760742
18,18,31,215.0,3.7688708305358887,3.7678887844085693,-0.000982046127319336
18,18,32,186.0,2.7773280143737793,2.7835805416107178,0.0062525272369384766
18,18,33,153.0,2.610452890396118,2.6062209606170654,-0.004231929779052734
18,18,34,147.0,3.096090793609619,3.099616527557373,0.0035257339477539062
18,18,35,50.0,4.262930870056152,4.258666515350342,-0.004264354705810547
18,18,36,86.0,2.5445685386657715,2.5535056591033936,0.00893712043762207
18,18,37,154.0,4.032649040222168,4.034156322479248,0.0015072822570800781
18,18,38,265.0,2.685051679611206,2.6841723918914795,-0.0008792877197265625
18,18,39,199.0,3.442211389541626,3.4429800510406494,0.0007686614990234375
18,18,40,138.0,3.036294937133789,3.0377166271209717,0.0014216899871826172
18,18,41,98.0,3.56339955329895,3.5741424560546875,0.010742902755737305
18,18,42,167.0,2.791276693344116,2.796326160430908,0.005049467086791992
18,18,43,288.0,3.996307849884033,3.99180269241333,-0.004505157470703125
18,18,44,225.0,2.764963150024414,2.76330304145813,-0.0016601085662841797
18,18,45,191.0,3.2674989700317383,3.267174243927002,-0.0003247261047363281
18,18,46,92.0,4.787234783172607,4.7842183113098145,-0.0030164718627929688
18,18,47,41.0,5.17321252822876,5.166032791137695,-0.007179737091064453
18,18,48,231.0,3.050201892852783,3.0488123893737793,-0.0013895034790039062
18,18,49,101.0,2.2807674407958984,2.2831497192382812,0.0023822784423828125
18,18,50,177.0,3.28656005859375,3.281374931335449,-0.005185127258300781
18,18,51,252.0,3.729534387588501,3.7331292629241943,0.0035948753356933594
18,18,52,259.0,3.0285918712615967,3.027630567550659,-0.0009613037109375
18,18,53,47.0,3.0469322204589844,3.0526444911956787,0.005712270736694336
18,18,54,164.0,2.354414463043213,2.356264352798462,0.0018498897552490234
18,18,55,94.0,3.564063310623169,3.5600059032440186,-0.004057407379150391
18,18,56,103.0,3.668520927429199,3.6651461124420166,-0.003374814987182617
18,18,57,78.0,3.6771252155303955,3.6733171939849854,-0.0038080215454101562
18,18,58,239.0,3.4083893299102783,3.4121344089508057,0.0037450790405273438
18,18,59,271.0,4.502346992492676,4.503851413726807,0.0015044212341308594
18,18,60,162.0,3.0323004722595215,3.032735824584961,0.0004353523254394531
18,18,61,179.0,3.618516206741333,3.618889331817627,0.0003731250762939453
18,18,62,218.0,2.710827112197876,2.707920551300049,-0.0029065608978271484
18,18,63,81.0,3.249349355697632,3.256708860397339,0.007359504699707031
18,18,64,93.0,3.696587085723877,3.701617479324341,0.005030393600463867
18,18,65,72.0,3.9958338737487793,3.9920403957366943,-0.003793478012084961
18,18,66,230.0,3.6442677974700928,3.646240711212158,0.0019729137420654297
18,18,67,99.0,2.919395685195923,2.896501302719116,-0.02289438247680664
18,18,68,213.0,2.9106554985046387,2.9129819869995117,0.002326488494873047
18,18,69,119.0,2.7914681434631348,2.7982544898986816,0.006786346435546875
18,18,70,161.0,3.1008999347686768,3.100328207015991,-0.0005717277526855469
18,18,71,90.0,4.010181903839111,4.0058913230896,-0.004290580749511719
18,18,72,181.0,3.0067594051361084,3.0111727714538574,0.0044133663177490234
18,18,73,95.0,4.08024787902832,4.074709415435791,-0.005538463592529297
18,18,74,245.0,2.442718744277954,2.443437099456787,0.0007183551788330078
18,18,75,93.0,2.114382266998291,2.124119520187378,0.009737253189086914
18,18,76,225.0,2.825653553009033,2.824838876724243,-0.0008146762847900391
18,18,77,61.0,3.338794708251953,3.345886707305908,0.007091999053955078
18,18,78,257.0,3.9624106884002686,3.961928606033325,-0.0004820823669433594
18,18,79,165.0,3.2207393646240234,3.2249956130981445,0.004256248474121094
18,18,80,117.0,4.315102577209473,4.309488296508789,-0.005614280700683594
18,18,81,89.0,3.6350255012512207,3.640779972076416,0.0057544708251953125
18,18,82,291.0,3.772111177444458,3.7692677974700928,-0.0028433799743652344
18,18,83,93.0,3.43058443069458,3.432858943939209,0.0022745132446289062
18,18,84,228.0,2.4015636444091797,2.401710033416748,0.00014638900756835938
18,18,85,131.0,2.8454298973083496,2.848414421081543,0.0029845237731933594
18,18,86,191.0,4.341160774230957,4.3465576171875,0.005396842956542969
18,18,87,238.0,5.110036849975586,5.113778114318848,0.0037412643432617188
18,18,88,210.0,3.3413021564483643,3.3461897373199463,0.004887580871582031
18,18,89,107.0,4.339839935302734,4.348322868347168,0.008482933044433594
18,18,90,217.0,3.0681116580963135,3.0673935413360596,-0.0007181167602539062
18,18,91,199.0,3.2457942962646484,3.2458033561706543,9.059906005859375e-06
18,18,92,84.0,2.6276965141296387,2.6278369426727295,0.0001404285430908203
18,18,93,271.0,3.756063222885132,3.7512478828430176,-0.004815340042114258
18,18,94,226.0,3.251934289932251,3.256373882293701,0.004439592361450195
18,18,95,258.0,3.875674247741699,3.875977039337158,0.0003027915954589844
18,18,96,86.0,3.585750102996826,3.59383487701416,0.008084774017333984
18,18,97,142.0,4.497574806213379,4.496284484863281,-0.0012903213500976562
18,18,98,42.0,3.347982168197632,3.3371214866638184,-0.010860681533813477
18,18,99,224.0,2.679133892059326,2.6753361225128174,-0.003797769546508789
18,18,100,197.0,2.196375608444214,2.194004535675049,-0.002371072769165039
18,18,101,85.0,2.568619728088379,2.5592219829559326,-0.009397745132446289
18,18,102,195.0,3.2174572944641113,3.216850757598877,-0.000606536865234375
18,18,103,102.0,3.6202828884124756,3.6198508739471436,-0.00043201446533203125
18,18,104,181.0,3.483546018600464,3.4820995330810547,-0.0014464855194091797
18,18,105,72.0,2.1719796657562256,2.1650681495666504,-0.006911516189575195
18,18,106,130.0,4.735745906829834,4.731843948364258,-0.003901958465576172
18,18,107,62.0,2.6150100231170654,2.6108407974243164,-0.0041692256927490234
18,18,108,263.0,3.6819097995758057,3.6789119243621826,-0.002997875213623047
18,18,109,194.0,2.822662115097046,2.8235533237457275,0.0008912086486816406
18,18,110,174.0,2.753187417984009,2.7592763900756836,0.006088972091674805
18,18,111,235.0,4.053600788116455,4.054051876068115,0.00045108795166015625
18,18,112,143.0,4.031272888183594,4.032078742980957,0.0008058547973632812
18,18,113,117.0,4.415828704833984,4.423484802246094,0.007656097412109375
18,18,114,160.0,3.988440990447998,3.983306407928467,-0.00513458251953125
18,18,115,115.0,3.474060297012329,3.4761664867401123,0.002106189727783203
18,18,116,120.0,3.551665782928467,3.5526540279388428,0.0009882450103759766
18,18,117,186.0,3.7136735916137695,3.7144734859466553,0.0007998943328857422
18,18,118,138.0,3.1632800102233887,3.1636176109313965,0.0003376007080078125
18,18,119,80.0,2.3273348808288574,2.3295845985412598,0.0022497177124023438
18,18,120,164.0,2.849583864212036,2.8474202156066895,-0.0021636486053466797
18,18,121,215.0,3.761408567428589,3.765308141708374,0.0038995742797851562
18,18,122,81.0,3.2764456272125244,3.277172803878784,0.0007271766662597656
18,18,123,171.0,3.1637179851531982,3.1686854362487793,0.004967451095581055
18,18,124,41.0,5.6693196296691895,5.6587815284729,-0.010538101196289062
18,18,125,103.0,3.8813576698303223,3.8775858879089355,-0.0037717819213867188
18,18,126,145.0,3.006119966506958,3.012593984603882,0.006474018096923828
18,18,127,102.0,2.92803955078125,2.931128978729248,0.003089427947998047
18,19,0,196.0,3.6189582347869873,3.6014766693115234,-0.017481565475463867
18,19,1,127.0,3.22214412689209,3.2149710655212402,-0.007173061370849609
18,19,2,162.0,2.2713801860809326,2.265542984008789,-0.005837202072143555
18,19,3,92.0,4.133184909820557,4.121667861938477,-0.011517047882080078
18,19,4,194.0,3.299353837966919,3.29998517036438,0.0006313323974609375
18,19,5,115.0,2.8214778900146484,2.8305132389068604,0.009035348892211914
18,19,6,109.0,4.325214862823486,4.321422100067139,-0.0037927627563476562
18,19,7,48.0,3.449648857116699,3.443507432937622,-0.0061414241790771484
18,19,8,69.0,3.7256877422332764,3.747298002243042,0.021610260009765625
18,19,9,85.0,3.190195322036743,3.1928305625915527,0.0026352405548095703
18,19,10,238.0,2.782064914703369,2.7850100994110107,0.0029451847076416016
18,19,11,233.0,2.6044344902038574,2.5984086990356445,-0.006025791168212891
18,19,12,208.0,3.147305488586426,3.147367238998413,6.175041198730469e-05
18,19,13,196.0,2.917774200439453,2.9173007011413574,-0.0004734992980957031
18,19,14,131.0,3.2567384243011475,3.255133628845215,-0.0016047954559326172
18,19,15,125.0,2.790242910385132,2.780839443206787,-0.009403467178344727
18,19,16,61.0,4.113956451416016,4.109112739562988,-0.004843711853027344
18,19,17,164.0,2.230290412902832,2.222229480743408,-0.008060932159423828
18,19,18,107.0,3.345957040786743,3.338226079940796,-0.007730960845947266
18,19,19,48.0,3.959183692932129,3.9554240703582764,-0.003759622573852539
18,19,20,74.0,2.182640314102173,2.197795867919922,0.015155553817749023
18,19,21,103.0,2.7647080421447754,2.7607228755950928,-0.003985166549682617
18,19,22,114.0,3.4331488609313965,3.4365108013153076,0.003361940383911133
18,19,23,50.0,5.562728404998779,5.553267002105713,-0.009461402893066406
18,19,24,281.0,2.4593505859375,2.4576525688171387,-0.0016980171203613281
18,19,25,247.0,2.162877321243286,2.1633622646331787,0.0004849433898925781
18,19,26,173.0,3.780362606048584,3.783189058303833,0.0028264522552490234
18,19,27,166.0,3.268761396408081,3.266251564025879,-0.0025098323822021484
18,19,28,98.0,2.8850836753845215,2.8733062744140625,-0.011777400970458984
18,19,29,174.0,3.2879021167755127,3.281337022781372,-0.006565093994140625
18,19,30,173.0,3.087313413619995,3.0802125930786133,-0.007100820541381836
18,19,31,215.0,3.7688708305358887,3.7661962509155273,-0.002674579620361328
18,19,32,186.0,2.7773280143737793,2.7732157707214355,-0.00411224365234375
18,19,33,153.0,2.610452890396118,2.5993053913116455,-0.011147499084472656
18,19,34,147.0,3.096090793609619,3.0958163738250732,-0.00027441978454589844
18,19,35,50.0,4.262930870056152,4.245061874389648,-0.017868995666503906
18,19,36,86.0,2.5445685386657715,2.5586259365081787,0.014057397842407227
18,19,37,154.0,4.032649040222168,4.018407821655273,-0.014241218566894531
18,19,38,265.0,2.685051679611206,2.684326171875,-0.0007255077362060547
18,19,39,199.0,3.442211389541626,3.4344780445098877,-0.007733345031738281
18,19,40,138.0,3.036294937133789,3.0309407711029053,-0.005354166030883789
18,19,41,98.0,3.56339955329895,3.562912940979004,-0.00048661231994628906
18,19,42,167.0,2.791276693344116,2.7842624187469482,-0.007014274597167969
18,19,43,288.0,3.996307849884033,3.9885876178741455,-0.007720232009887695
18,19,44,225.0,2.764963150024414,2.757890462875366,-0.0070726871490478516
18,19,45,191.0,3.2674989700317383,3.2664153575897217,-0.0010836124420166016
18,19,46,92.0,4.787234783172607,4.775691032409668,-0.011543750762939453
18,19,47,41.0,5.17321252822876,5.1752753257751465,0.0020627975463867188
18,19,48,231.0,3.050201892852783,3.0447678565979004,-0.0054340362548828125
18,19,49,101.0,2.2807674407958984,2.277038335800171,-0.003729104995727539
18,19,50,177.0,3.28656005859375,3.2821731567382812,-0.00438690185546875
18,19,51,252.0,3.729534387588501,3.723780632019043,-0.005753755569458008
18,19,52,259.0,3.0285918712615967,3.034324884414673,0.005733013153076172
18,19,53,47.0,3.0469322204589844,3.062661647796631,0.015729427337646484
18,19,54,164.0,2.354414463043213,2.357173442840576,0.0027589797973632812
18,19,55,94.0,3.564063310623169,3.5573697090148926,-0.006693601608276367
18,19,56,103.0,3.668520927429199,3.6776123046875,0.009091377258300781
18,19,57,78.0,3.6771252155303955,3.677532434463501,0.00040721893310546875
18,19,58,239.0,3.4083893299102783,3.397265672683716,-0.0111236572265625
18,19,59,271.0,4.502346992492676,4.501526832580566,-0.000820159912109375
18,19,60,162.0,3.0323004722595215,3.0233078002929688,-0.008992671966552734
18,19,61,179.0,3.618516206741333,3.5976061820983887,-0.020910024642944336
18,19,62,218.0,2.710827112197876,2.712352991104126,0.00152587890625
18,19,63,81.0,3.249349355697632,3.2469873428344727,-0.0023620128631591797
18,19,64,93.0,3.696587085723877,3.7116823196411133,0.015095233917236328
18,19,65,72.0,3.9958338737487793,3.987244129180908,-0.008589744567871094
18,19,66,230.0,3.6442677974700928,3.642728090286255,-0.0015397071838378906
18,19,67,99.0,2.919395685195923,2.9078209400177,-0.011574745178222656
18,19,68,213.0,2.9106554985046387,2.906919479370117,-0.0037360191345214844
18,19,69,119.0,2.7914681434631348,2.797309398651123,0.005841255187988281
18,19,70,161.0,3.1008999347686768,3.0948140621185303,-0.006085872650146484
18,19,71,90.0,4.010181903839111,4.0079121589660645,-0.002269744873046875
18,19,72,181.0,3.0067594051361084,3.005281448364258,-0.001477956771850586
18,19,73,95.0,4.08024787902832,4.081778526306152,0.0015306472778320312
18,19,74,245.0,2.442718744277954,2.4479894638061523,0.005270719528198242
18,19,75,93.0,2.114382266998291,2.113874912261963,-0.000507354736328125
18,19,76,225.0,2.825653553009033,2.820251226425171,-0.005402326583862305
18,19,77,61.0,3.338794708251953,3.3299336433410645,-0.008861064910888672
18,19,78,257.0,3.9624106884002686,3.9552276134490967,-0.007183074951171875
18,19,79,165.0,3.2207393646240234,3.2163078784942627,-0.004431486129760742
18,19,80,117.0,4.315102577209473,4.304305553436279,-0.01079702377319336
18,19,81,89.0,3.6350255012512207,3.632145881652832,-0.002879619598388672
18,19,82,291.0,3.772111177444458,3.7676992416381836,-0.004411935806274414
18,19,83,93.0,3.43058443069458,3.432415008544922,0.0018305778503417969
18,19,84,228.0,2.4015636444091797,2.3996572494506836,-0.0019063949584960938
18,19,85,131.0,2.8454298973083496,2.851541042327881,0.00611114501953125
18,19,86,191.0,4.341160774230957,4.336904525756836,-0.004256248474121094
18,19,87,238.0,5.110036849975586,5.102116584777832,-0.007920265197753906
18,19,88,210.0,3.3413021564483643,3.3491432666778564,0.007841110229492188
18,19,89,107.0,4.339839935302734,4.337831497192383,-0.0020084381103515625
18,19,90,217.0,3.0681116580963135,3.0606155395507812,-0.0074961185455322266
18,19,91,199.0,3.2457942962646484,3.2419381141662598,-0.003856182098388672
18,19,92,84.0,2.6276965141296387,2.62579083442688,-0.001905679702758789
18,19,93,271.0,3.756063222885132,3.747422456741333,-0.008640766143798828
18,19,94,226.0,3.251934289932251,3.24721622467041,-0.00471806526184082
18,19,95,258.0,3.875674247741699,3.875808000564575,0.00013375282287597656
18,19,96,86.0,3.585750102996826,3.5885684490203857,0.0028183460235595703
18,19,97,142.0,4.497574806213379,4.497790336608887,0.0002155303955078125
18,19,98,42.0,3.347982168197632,3.35657000541687,0.008587837219238281
18,19,99,224.0,2.679133892059326,2.674787998199463,-0.004345893859863281
18,19,100,197.0,2.196375608444214,2.1909523010253906,-0.005423307418823242
18,19,101,85.0,2.568619728088379,2.561418294906616,-0.007201433181762695
18,19,102,195.0,3.2174572944641113,3.2171530723571777,-0.00030422210693359375
18,19,103,102.0,3.6202828884124756,3.6106297969818115,-0.009653091430664062
18,19,104,181.0,3.483546018600464,3.4883055686950684,0.004759550094604492
18,19,105,72.0,2.1719796657562256,2.1813571453094482,0.009377479553222656
18,19,106,130.0,4.735745906829834,4.735073566436768,-0.0006723403930664062
18,19,107,62.0,2.6150100231170654,2.607740879058838,-0.007269144058227539
18,19,108,263.0,3.6819097995758057,3.6757454872131348,-0.0061643123626708984
18,19,109,194.0,2.822662115097046,2.815173864364624,-0.007488250732421875
18,19,110,174.0,2.753187417984009,2.7605814933776855,0.007394075393676758
18,19,111,235.0,4.053600788116455,4.041985511779785,-0.011615276336669922
18,19,112,143.0,4.031272888183594,4.0282111167907715,-0.0030617713928222656
18,19,113,117.0,4.415828704833984,4.412199974060059,-0.0036287307739257812
18,19,114,160.0,3.988440990447998,3.9773483276367188,-0.011092662811279297
18,19,115,115.0,3.474060297012329,3.4628419876098633,-0.01121830940246582
18,19,116,120.0,3.551665782928467,3.544858694076538,-0.006807088851928711
18,19,117,186.0,3.7136735916137695,3.7142457962036133,0.00057220458984375
18,19,118,138.0,3.1632800102233887,3.1649820804595947,0.0017020702362060547
18,19,119,80.0,2.3273348808288574,2.327523708343506,0.0001888275146484375
18,19,120,164.0,2.849583864212036,2.8443455696105957,-0.00523829460144043
18,19,121,215.0,3.761408567428589,3.756486654281616,-0.004921913146972656
18,19,122,81.0,3.2764456272125244,3.2791457176208496,0.0027000904083251953
18,19,123,171.0,3.1637179851531982,3.168330669403076,0.00461268424987793
18,19,124,41.0,5.6693196296691895,5.6628642082214355,-0.006455421447753906
18,19,125,103.0,3.8813576698303223,3.8865468502044678,0.005189180374145508
18,19,126,145.0,3.006119966506958,3.004955530166626,-0.0011644363403320312
18,19,127,102.0,2.92803955078125,2.906580924987793,-0.02145862579345703
18,20,0,196.0,3.6189582347869873,3.6102662086486816,-0.008692026138305664
18,20,1,127.0,3.22214412689209,3.217975616455078,-0.004168510437011719
18,20,2,162.0,2.2713801860809326,2.270406723022461,-0.0009734630584716797
18,20,3,92.0,4.133184909820557,4.131442070007324,-0.0017428398132324219
18,20,4,194.0,3.299353837966919,3.298438549041748,-0.0009152889251708984
18,20,5,115.0,2.8214778900146484,2.8192896842956543,-0.0021882057189941406
18,20,6,109.0,4.325214862823486,4.325425624847412,0.00021076202392578125
18,20,7,48.0,3.449648857116699,3.4541265964508057,0.004477739334106445
18,20,8,69.0,3.7256877422332764,3.730898141860962,0.005210399627685547
18,20,9,85.0,3.190195322036743,3.1841695308685303,-0.006025791168212891
18,20,10,238.0,2.782064914703369,2.784322500228882,0.0022575855255126953
18,20,11,233.0,2.6044344902038574,2.6132094860076904,0.008774995803833008
18,20,12,208.0,3.147305488586426,3.1490437984466553,0.0017383098602294922
18,20,13,196.0,2.917774200439453,2.913818120956421,-0.0039560794830322266
18,20,14,131.0,3.2567384243011475,3.2758290767669678,0.019090652465820312
18,20,15,125.0,2.790242910385132,2.783684492111206,-0.006558418273925781
18,20,16,61.0,4.113956451416016,4.109875679016113,-0.004080772399902344
18,20,17,164.0,2.230290412902832,2.2258121967315674,-0.0044782161712646484
18,20,18,107.0,3.345957040786743,3.345913887023926,-4.315376281738281e-05
18,20,19,48.0,3.959183692932129,3.959824323654175,0.0006406307220458984
18,20,20,74.0,2.182640314102173,2.181577205657959,-0.0010631084442138672
18,20,21,103.0,2.7647080421447754,2.777264356613159,0.012556314468383789
18,20,22,114.0,3.4331488609313965,3.4375529289245605,0.0044040679931640625
18,20,23,50.0,5.562728404998779,5.563049793243408,0.00032138824462890625
18,20,24,281.0,2.4593505859375,2.462191104888916,0.0028405189514160156
18,20,25,247.0,2.162877321243286,2.1593565940856934,-0.0035207271575927734
18,20,26,173.0,3.780362606048584,3.7753679752349854,-0.004994630813598633
18,20,27,166.0,3.268761396408081,3.277763605117798,0.009002208709716797
18,20,28,98.0,2.8850836753845215,2.8850719928741455,-1.1682510375976562e-05
18,20,29,174.0,3.2879021167755127,3.2808480262756348,-0.00705409049987793
18,20,30,173.0,3.087313413619995,3.091705083847046,0.004391670227050781
18,20,31,215.0,3.7688708305358887,3.7624030113220215,-0.0064678192138671875
18,20,32,186.0,2.7773280143737793,2.775111675262451,-0.002216339111328125
18,20,33,153.0,2.610452890396118,2.6057355403900146,-0.004717350006103516
18,20,34,147.0,3.096090793609619,3.0892653465270996,-0.006825447082519531
18,20,35,50.0,4.262930870056152,4.261148452758789,-0.0017824172973632812
18,20,36,86.0,2.5445685386657715,2.5576870441436768,0.013118505477905273
18,20,37,154.0,4.032649040222168,4.022444248199463,-0.010204792022705078
18,20,38,265.0,2.685051679611206,2.685110330581665,5.8650970458984375e-05
18,20,39,199.0,3.442211389541626,3.4434545040130615,0.0012431144714355469
18,20,40,138.0,3.036294937133789,3.033151865005493,-0.0031430721282958984
18,20,41,98.0,3.56339955329895,3.5690693855285645,0.005669832229614258
18,20,42,167.0,2.791276693344116,2.7925407886505127,0.0012640953063964844
18,20,43,288.0,3.996307849884033,3.9916789531707764,-0.004628896713256836
18,20,44,225.0,2.764963150024414,2.7554759979248047,-0.009487152099609375
18,20,45,191.0,3.2674989700317383,3.266660451889038,-0.0008385181427001953
18,20,46,92.0,4.787234783172607,4.7903547286987305,0.003119945526123047
18,20,47,41.0,5.17321252822876,5.170498371124268,-0.0027141571044921875
18,20,48,231.0,3.050201892852783,3.0509276390075684,0.0007257461547851562
18,20,49,101.0,2.2807674407958984,2.277557849884033,-0.0032095909118652344
18,20,50,177.0,3.28656005859375,3.2807023525238037,-0.005857706069946289
18,20,51,252.0,3.729534387588501,3.7345499992370605,0.00501561164855957
18,20,52,259.0,3.0285918712615967,3.024829864501953,-0.0037620067596435547
18,20,53,47.0,3.0469322204589844,3.0508105754852295,0.003878355026245117
18,20,54,164.0,2.354414463043213,2.357914924621582,0.0035004615783691406
18,20,55,94.0,3.564063310623169,3.560699462890625,-0.0033638477325439453
18,20,56,103.0,3.668520927429199,3.659360647201538,-0.009160280227661133
18,20,57,78.0,3.6771252155303955,3.6635115146636963,-0.013613700866699219
18,20,58,239.0,3.4083893299102783,3.405968427658081,-0.0024209022521972656
18,20,59,271.0,4.502346992492676,4.50592041015625,0.0035734176635742188
18,20,60,162.0,3.0323004722595215,3.0289454460144043,-0.0033550262451171875
18,20,61,179.0,3.618516206741333,3.6140689849853516,-0.004447221755981445
18,20,62,218.0,2.710827112197876,2.7090516090393066,-0.001775503158569336
18,20,63,81.0,3.249349355697632,3.2516467571258545,0.0022974014282226562
18,20,64,93.0,3.696587085723877,3.7026803493499756,0.006093263626098633
18,20,65,72.0,3.9958338737487793,3.9913949966430664,-0.004438877105712891
18,20,66,230.0,3.6442677974700928,3.6387765407562256,-0.0054912567138671875
18,20,67,99.0,2.919395685195923,2.9120981693267822,-0.007297515869140625
18,20,68,213.0,2.9106554985046387,2.911029100418091,0.00037360191345214844
18,20,69,119.0,2.7914681434631348,2.7939867973327637,0.0025186538696289062
18,20,70,161.0,3.1008999347686768,3.1001248359680176,-0.0007750988006591797
18,20,71,90.0,4.010181903839111,4.012404918670654,0.0022230148315429688
18,20,72,181.0,3.0067594051361084,3.006422519683838,-0.0003368854522705078
18,20,73,95.0,4.08024787902832,4.074531078338623,-0.005716800689697266
18,20,74,245.0,2.442718744277954,2.438821792602539,-0.003896951675415039
18,20,75,93.0,2.114382266998291,2.1223032474517822,0.007920980453491211
18,20,76,225.0,2.825653553009033,2.827038288116455,0.001384735107421875
18,20,77,61.0,3.338794708251953,3.3428099155426025,0.004015207290649414
18,20,78,257.0,3.9624106884002686,3.96134352684021,-0.0010671615600585938
18,20,79,165.0,3.2207393646240234,3.212355375289917,-0.008383989334106445
18,20,80,117.0,4.315102577209473,4.316056251525879,0.00095367431640625
18,20,81,89.0,3.6350255012512207,3.644139289855957,0.009113788604736328
18,20,82,291.0,3.772111177444458,3.768527030944824,-0.003584146499633789
18,20,83,93.0,3.43058443069458,3.4251368045806885,-0.0054476261138916016
18,20,84,228.0,2.4015636444091797,2.4063119888305664,0.004748344421386719
18,20,85,131.0,2.8454298973083496,2.844050645828247,-0.001379251480102539
18,20,86,191.0,4.341160774230957,4.340494155883789,-0.0006666183471679688
18,20,87,238.0,5.110036849975586,5.1120429039001465,0.002006053924560547
18,20,88,210.0,3.3413021564483643,3.352297782897949,0.010995626449584961
18,20,89,107.0,4.339839935302734,4.344152927398682,0.004312992095947266
18,20,90,217.0,3.0681116580963135,3.061307191848755,-0.006804466247558594
18,20,91,199.0,3.2457942962646484,3.2497546672821045,0.003960371017456055
18,20,92,84.0,2.6276965141296387,2.6315412521362305,0.003844738006591797
18,20,93,271.0,3.756063222885132,3.751330614089966,-0.004732608795166016
18,20,94,226.0,3.251934289932251,3.2516307830810547,-0.00030350685119628906
18,20,95,258.0,3.875674247741699,3.878213882446289,0.0025396347045898438
18,20,96,86.0,3.585750102996826,3.585984230041504,0.00023412704467773438
18,20,97,142.0,4.497574806213379,4.496006011962891,-0.0015687942504882812
18,20,98,42.0,3.347982168197632,3.334501028060913,-0.01348114013671875
18,20,99,224.0,2.679133892059326,2.678529977798462,-0.0006039142608642578
18,20,100,197.0,2.196375608444214,2.1942298412323,-0.0021457672119140625
18,20,101,85.0,2.568619728088379,2.560758352279663,-0.00786137580871582
18,20,102,195.0,3.2174572944641113,3.2222001552581787,0.004742860794067383
18,20,103,102.0,3.6202828884124756,3.619910717010498,-0.00037217140197753906
18,20,104,181.0,3.483546018600464,3.4792227745056152,-0.004323244094848633
18,20,105,72.0,2.1719796657562256,2.1731083393096924,0.0011286735534667969
18,20,106,130.0,4.735745906829834,4.737553119659424,0.0018072128295898438
18,20,107,62.0,2.6150100231170654,2.608555555343628,-0.0064544677734375
18,20,108,263.0,3.6819097995758057,3.6808483600616455,-0.0010614395141601562
18,20,109,194.0,2.822662115097046,2.817613124847412,-0.005048990249633789
18,20,110,174.0,2.753187417984009,2.7488937377929688,-0.004293680191040039
18,20,111,235.0,4.053600788116455,4.047290325164795,-0.006310462951660156
18,20,112,143.0,4.031272888183594,4.029050827026367,-0.0022220611572265625
18,20,113,117.0,4.415828704833984,4.396705627441406,-0.019123077392578125
18,20,114,160.0,3.988440990447998,3.983149290084839,-0.00529170036315918
18,20,115,115.0,3.474060297012329,3.478750705718994,0.004690408706665039
18,20,116,120.0,3.551665782928467,3.554114818572998,0.00244903564453125
18,20,117,186.0,3.7136735916137695,3.7108712196350098,-0.0028023719787597656
18,20,118,138.0,3.1632800102233887,3.165022850036621,0.0017428398132324219
18,20,119,80.0,2.3273348808288574,2.3312039375305176,0.0038690567016601562
18,20,120,164.0,2.849583864212036,2.8476881980895996,-0.0018956661224365234
18,20,121,215.0,3.761408567428589,3.747091054916382,-0.014317512512207031
18,20,122,81.0,3.2764456272125244,3.274681568145752,-0.001764059066772461
18,20,123,171.0,3.1637179851531982,3.1652278900146484,0.0015099048614501953
18,20,124,41.0,5.6693196296691895,5.656844139099121,-0.01247549057006836
18,20,125,103.0,3.8813576698303223,3.877767562866211,-0.003590106964111328
18,20,126,145.0,3.006119966506958,3.0055103302001953,-0.0006096363067626953
18,20,127,102.0,2.92803955078125,2.9269258975982666,-0.0011136531829833984
18,21,0,196.0,3.6189582347869873,3.6079607009887695,-0.010997533798217773
18,21,1,127.0,3.22214412689209,3.2178680896759033,-0.0042760372161865234
18,21,2,162.0,2.2713801860809326,2.2701869010925293,-0.0011932849884033203
18,21,3,92.0,4.133184909820557,4.121837615966797,-0.011347293853759766
18,21,4,194.0,3.299353837966919,3.300816535949707,0.001462697982788086
18,21,5,115.0,2.8214778900146484,2.820934534072876,-0.0005433559417724609
18,21,6,109.0,4.325214862823486,4.32542085647583,0.00020599365234375
18,21,7,48.0,3.449648857116699,3.4480762481689453,-0.0015726089477539062
18,21,8,69.0,3.7256877422332764,3.73254656791687,0.00685882568359375
18,21,9,85.0,3.190195322036743,3.187002420425415,-0.003192901611328125
18,21,10,238.0,2.782064914703369,2.783919095993042,0.0018541812896728516
18,21,11,233.0,2.6044344902038574,2.607652187347412,0.0032176971435546875
18,21,12,208.0,3.147305488586426,3.1444592475891113,-0.002846240997314453
18,21,13,196.0,2.917774200439453,2.913114070892334,-0.004660129547119141
18,21,14,131.0,3.2567384243011475,3.245959758758545,-0.010778665542602539
18,21,15,125.0,2.790242910385132,2.785576820373535,-0.00466609001159668
18,21,16,61.0,4.113956451416016,4.1087236404418945,-0.005232810974121094
18,21,17,164.0,2.230290412902832,2.2301390171051025,-0.0001513957977294922
18,21,18,107.0,3.345957040786743,3.343477964401245,-0.002479076385498047
18,21,19,48.0,3.959183692932129,3.969770669937134,0.010586977005004883
18,21,20,74.0,2.182640314102173,2.183568000793457,0.0009276866912841797
18,21,21,103.0,2.7647080421447754,2.7700297832489014,0.0053217411041259766
18,21,22,114.0,3.4331488609313965,3.453864336013794,0.02071547508239746
18,21,23,50.0,5.562728404998779,5.568184852600098,0.005456447601318359
18,21,24,281.0,2.4593505859375,2.455597162246704,-0.0037534236907958984
18,21,25,247.0,2.162877321243286,2.165778398513794,0.0029010772705078125
18,21,26,173.0,3.780362606048584,3.7823896408081055,0.0020270347595214844
18,21,27,166.0,3.268761396408081,3.272188186645508,0.003426790237426758
18,21,28,98.0,2.8850836753845215,2.8735687732696533,-0.011514902114868164
18,21,29,174.0,3.2879021167755127,3.2807633876800537,-0.007138729095458984
18,21,30,173.0,3.087313413619995,3.089157819747925,0.0018444061279296875
18,21,31,215.0,3.7688708305358887,3.760737657546997,-0.008133172988891602
18,21,32,186.0,2.7773280143737793,2.78149676322937,0.00416874885559082
18,21,33,153.0,2.610452890396118,2.599997043609619,-0.010455846786499023
18,21,34,147.0,3.096090793609619,3.087146043777466,-0.00894474983215332
18,21,35,50.0,4.262930870056152,4.2664079666137695,0.0034770965576171875
18,21,36,86.0,2.5445685386657715,2.548088312149048,0.003519773483276367
18,21,37,154.0,4.032649040222168,4.011781215667725,-0.02086782455444336
18,21,38,265.0,2.685051679611206,2.6825287342071533,-0.0025229454040527344
18,21,39,199.0,3.442211389541626,3.443413257598877,0.0012018680572509766
18,21,40,138.0,3.036294937133789,3.028167247772217,-0.008127689361572266
18,21,41,98.0,3.56339955329895,3.5693881511688232,0.005988597869873047
18,21,42,167.0,2.791276693344116,2.7826459407806396,-0.008630752563476562
18,21,43,288.0,3.996307849884033,3.9914846420288086,-0.004823207855224609
18,21,44,225.0,2.764963150024414,2.760554313659668,-0.004408836364746094
18,21,45,191.0,3.2674989700317383,3.2767512798309326,0.009252309799194336
18,21,46,92.0,4.787234783172607,4.775786876678467,-0.011447906494140625
18,21,47,41.0,5.17321252822876,5.163266181945801,-0.009946346282958984
18,21,48,231.0,3.050201892852783,3.0446572303771973,-0.0055446624755859375
18,21,49,101.0,2.2807674407958984,2.2786014080047607,-0.0021660327911376953
18,21,50,177.0,3.28656005859375,3.277937889099121,-0.008622169494628906
18,21,51,252.0,3.729534387588501,3.7306222915649414,0.0010879039764404297
18,21,52,259.0,3.0285918712615967,3.0277984142303467,-0.00079345703125
18,21,53,47.0,3.0469322204589844,3.043252468109131,-0.0036797523498535156
18,21,54,164.0,2.354414463043213,2.352198600769043,-0.002215862274169922
18,21,55,94.0,3.564063310623169,3.564069986343384,6.67572021484375e-06
18,21,56,103.0,3.668520927429199,3.660939931869507,-0.007580995559692383
18,21,57,78.0,3.6771252155303955,3.6734118461608887,-0.003713369369506836
18,21,58,239.0,3.4083893299102783,3.3987200260162354,-0.009669303894042969
18,21,59,271.0,4.502346992492676,4.505082130432129,0.002735137939453125
18,21,60,162.0,3.0323004722595215,3.0316004753112793,-0.0006999969482421875
18,21,61,179.0,3.618516206741333,3.605983018875122,-0.012533187866210938
18,21,62,218.0,2.710827112197876,2.708568811416626,-0.00225830078125
18,21,63,81.0,3.249349355697632,3.246837854385376,-0.0025115013122558594
18,21,64,93.0,3.696587085723877,3.710258960723877,0.013671875
18,21,65,72.0,3.9958338737487793,3.9941282272338867,-0.0017056465148925781
18,21,66,230.0,3.6442677974700928,3.639892816543579,-0.004374980926513672
18,21,67,99.0,2.919395685195923,2.9277637004852295,0.00836801528930664
18,21,68,213.0,2.9106554985046387,2.906881093978882,-0.003774404525756836
18,21,69,119.0,2.7914681434631348,2.790192127227783,-0.0012760162353515625
18,21,70,161.0,3.1008999347686768,3.0990028381347656,-0.0018970966339111328
18,21,71,90.0,4.010181903839111,4.029227256774902,0.019045352935791016
18,21,72,181.0,3.0067594051361084,3.0087037086486816,0.0019443035125732422
18,21,73,95.0,4.08024787902832,4.078677177429199,-0.0015707015991210938
18,21,74,245.0,2.442718744277954,2.4495246410369873,0.006805896759033203
18,21,75,93.0,2.114382266998291,2.117155075073242,0.002772808074951172
18,21,76,225.0,2.825653553009033,2.8187813758850098,-0.0068721771240234375
18,21,77,61.0,3.338794708251953,3.3392457962036133,0.00045108795166015625
18,21,78,257.0,3.9624106884002686,3.95683217048645,-0.005578517913818359
18,21,79,165.0,3.2207393646240234,3.2179718017578125,-0.0027675628662109375
18,21,80,117.0,4.315102577209473,4.31241512298584,-0.0026874542236328125
18,21,81,89.0,3.6350255012512207,3.627230167388916,-0.0077953338623046875
18,21,82,291.0,3.772111177444458,3.7670345306396484,-0.00507664680480957
18,21,83,93.0,3.43058443069458,3.4321610927581787,0.0015766620635986328
18,21,84,228.0,2.4015636444091797,2.3942999839782715,-0.007263660430908203
18,21,85,131.0,2.8454298973083496,2.841618776321411,-0.0038111209869384766
18,21,86,191.0,4.341160774230957,4.335049629211426,-0.00611114501953125
18,21,87,238.0,5.110036849975586,5.109133243560791,-0.0009036064147949219
18,21,88,210.0,3.3413021564483643,3.3542304039001465,0.012928247451782227
18,21,89,107.0,4.339839935302734,4.33621883392334,-0.0036211013793945312
18,21,90,217.0,3.0681116580963135,3.056657314300537,-0.011454343795776367
18,21,91,199.0,3.2457942962646484,3.2419581413269043,-0.0038361549377441406
18,21,92,84.0,2.6276965141296387,2.6280102729797363,0.00031375885009765625
18,21,93,271.0,3.756063222885132,3.7513978481292725,-0.004665374755859375
18,21,94,226.0,3.251934289932251,3.251267671585083,-0.0006666183471679688
18,21,95,258.0,3.875674247741699,3.8782055377960205,0.002531290054321289
18,21,96,86.0,3.585750102996826,3.5847182273864746,-0.0010318756103515625
18,21,97,142.0,4.497574806213379,4.4990949630737305,0.0015201568603515625
18,21,98,42.0,3.347982168197632,3.342867851257324,-0.005114316940307617
18,21,99,224.0,2.679133892059326,2.6778945922851562,-0.0012392997741699219
18,21,100,197.0,2.196375608444214,2.189091920852661,-0.007283687591552734
18,21,101,85.0,2.568619728088379,2.563230276107788,-0.00538945198059082
18,21,102,195.0,3.2174572944641113,3.2132627964019775,-0.004194498062133789
18,21,103,102.0,3.6202828884124756,3.6134512424468994,-0.006831645965576172
18,21,104,181.0,3.483546018600464,3.4826841354370117,-0.0008618831634521484
18,21,105,72.0,2.1719796657562256,2.176218271255493,0.004238605499267578
18,21,106,130.0,4.735745906829834,4.728455066680908,-0.007290840148925781
18,21,107,62.0,2.6150100231170654,2.6127777099609375,-0.0022323131561279297
18,21,108,263.0,3.6819097995758057,3.6786153316497803,-0.0032944679260253906
18,21,109,194.0,2.822662115097046,2.8092920780181885,-0.013370037078857422
18,21,110,174.0,2.753187417984009,2.7510757446289062,-0.002111673355102539
18,21,111,235.0,4.053600788116455,4.052121639251709,-0.0014791488647460938
18,21,112,143.0,4.031272888183594,4.01792049407959,-0.013352394104003906
18,21,113,117.0,4.415828704833984,4.405397891998291,-0.01043081283569336
18,21,114,160.0,3.988440990447998,3.9744434356689453,-0.013997554779052734
18,21,115,115.0,3.474060297012329,3.4770333766937256,0.0029730796813964844
18,21,116,120.0,3.551665782928467,3.554579973220825,0.0029141902923583984
18,21,117,186.0,3.7136735916137695,3.71357798576355,-9.560585021972656e-05
18,21,118,138.0,3.1632800102233887,3.163911819458008,0.0006318092346191406
18,21,119,80.0,2.3273348808288574,2.3246936798095703,-0.0026412010192871094
18,21,120,164.0,2.849583864212036,2.846834897994995,-0.0027489662170410156
18,21,121,215.0,3.761408567428589,3.7525885105133057,-0.008820056915283203
18,21,122,81.0,3.2764456272125244,3.2770068645477295,0.0005612373352050781
18,21,123,171.0,3.1637179851531982,3.1675915718078613,0.003873586654663086
18,21,124,41.0,5.6693196296691895,5.697292327880859,0.027972698211669922
18,21,125,103.0,3.8813576698303223,3.880007266998291,-0.00135040283203125
18,21,126,145.0,3.006119966506958,3.005160331726074,-0.0009596347808837891
18,21,127,102.0,2.92803955078125,2.9089324474334717,-0.01910710334777832
18,22,0,196.0,3.6189582347869873,3.6251931190490723,0.006234884262084961
18,22,1,127.0,3.22214412689209,3.2218236923217773,-0.0003204345703125
18,22,2,162.0,2.2713801860809326,2.269498586654663,-0.0018815994262695312
18,22,3,92.0,4.133184909820557,4.131778717041016,-0.0014061927795410156
18,22,4,194.0,3.299353837966919,3.2907328605651855,-0.008620977401733398
18,22,5,115.0,2.8214778900146484,2.820474624633789,-0.001003265380859375
18,22,6,109.0,4.325214862823486,4.329261302947998,0.004046440124511719
18,22,7,48.0,3.449648857116699,3.4505860805511475,0.0009372234344482422
18,22,8,69.0,3.7256877422332764,3.7244272232055664,-0.001260519027709961
18,22,9,85.0,3.190195322036743,3.193291187286377,0.003095865249633789
18,22,10,238.0,2.782064914703369,2.7857613563537598,0.003696441650390625
18,22,11,233.0,2.6044344902038574,2.6104846000671387,0.00605010986328125
18,22,12,208.0,3.147305488586426,3.151397466659546,0.004091978073120117
18,22,13,196.0,2.917774200439453,2.9212138652801514,0.003439664840698242
18,22,14,131.0,3.2567384243011475,3.259629964828491,0.00289154052734375
18,22,15,125.0,2.790242910385132,2.785987377166748,-0.004255533218383789
18,22,16,61.0,4.113956451416016,4.120957851409912,0.007001399993896484
18,22,17,164.0,2.230290412902832,2.235764980316162,0.005474567413330078
18,22,18,107.0,3.345957040786743,3.361788272857666,0.01583123207092285
18,22,19,48.0,3.959183692932129,3.946765184402466,-0.012418508529663086
18,22,20,74.0,2.182640314102173,2.1887879371643066,0.006147623062133789
18,22,21,103.0,2.7647080421447754,2.76142954826355,-0.003278493881225586
18,22,22,114.0,3.4331488609313965,3.431995153427124,-0.001153707504272461
18,22,23,50.0,5.562728404998779,5.565597057342529,0.00286865234375
18,22,24,281.0,2.4593505859375,2.4560632705688477,-0.0032873153686523438
18,22,25,247.0,2.162877321243286,2.1667728424072266,0.0038955211639404297
18,22,26,173.0,3.780362606048584,3.7805182933807373,0.0001556873321533203
18,22,27,166.0,3.268761396408081,3.2747442722320557,0.005982875823974609
18,22,28,98.0,2.8850836753845215,2.8856143951416016,0.0005307197570800781
18,22,29,174.0,3.2879021167755127,3.2894458770751953,0.0015437602996826172
18,22,30,173.0,3.087313413619995,3.08699369430542,-0.0003197193145751953
18,22,31,215.0,3.7688708305358887,3.767986297607422,-0.0008845329284667969
18,22,32,186.0,2.7773280143737793,2.776782512664795,-0.000545501708984375
18,22,33,153.0,2.610452890396118,2.604750394821167,-0.005702495574951172
18,22,34,147.0,3.096090793609619,3.0925562381744385,-0.003534555435180664
18,22,35,50.0,4.262930870056152,4.246418476104736,-0.016512393951416016
18,22,36,86.0,2.5445685386657715,2.5553972721099854,0.010828733444213867
18,22,37,154.0,4.032649040222168,4.029726982116699,-0.00292205810546875
18,22,38,265.0,2.685051679611206,2.684993267059326,-5.841255187988281e-05
18,22,39,199.0,3.442211389541626,3.44197678565979,-0.0002346038818359375
18,22,40,138.0,3.036294937133789,3.0449132919311523,0.008618354797363281
18,22,41,98.0,3.56339955329895,3.5726804733276367,0.009280920028686523
18,22,42,167.0,2.791276693344116,2.7954254150390625,0.004148721694946289
18,22,43,288.0,3.996307849884033,4.001418113708496,0.005110263824462891
18,22,44,225.0,2.764963150024414,2.7655556201934814,0.0005924701690673828
18,22,45,191.0,3.2674989700317383,3.2687368392944336,0.0012378692626953125
18,22,46,92.0,4.787234783172607,4.787308216094971,7.343292236328125e-05
18,22,47,41.0,5.17321252822876,5.187246322631836,0.014033794403076172
18,22,48,231.0,3.050201892852783,3.049574375152588,-0.0006275177001953125
18,22,49,101.0,2.2807674407958984,2.2846717834472656,0.0039043426513671875
18,22,50,177.0,3.28656005859375,3.290203094482422,0.003643035888671875
18,22,51,252.0,3.729534387588501,3.736570119857788,0.007035732269287109
18,22,52,259.0,3.0285918712615967,3.0295047760009766,0.0009129047393798828
18,22,53,47.0,3.0469322204589844,3.053187608718872,0.006255388259887695
18,22,54,164.0,2.354414463043213,2.3564295768737793,0.0020151138305664062
18,22,55,94.0,3.564063310623169,3.5582807064056396,-0.005782604217529297
18,22,56,103.0,3.668520927429199,3.6666100025177,-0.0019109249114990234
18,22,57,78.0,3.6771252155303955,3.6812782287597656,0.004153013229370117
18,22,58,239.0,3.4083893299102783,3.4096899032592773,0.0013005733489990234
18,22,59,271.0,4.502346992492676,4.503628730773926,0.00128173828125
18,22,60,162.0,3.0323004722595215,3.0214130878448486,-0.010887384414672852
18,22,61,179.0,3.618516206741333,3.6249303817749023,0.006414175033569336
18,22,62,218.0,2.710827112197876,2.7175230979919434,0.006695985794067383
18,22,63,81.0,3.249349355697632,3.2520205974578857,0.0026712417602539062
18,22,64,93.0,3.696587085723877,3.6976284980773926,0.001041412353515625
18,22,65,72.0,3.9958338737487793,3.9913134574890137,-0.004520416259765625
18,22,66,230.0,3.6442677974700928,3.6482999324798584,0.004032135009765625
18,22,67,99.0,2.919395685195923,2.9162375926971436,-0.003158092498779297
18,22,68,213.0,2.9106554985046387,2.904487133026123,-0.006168365478515625
18,22,69,119.0,2.7914681434631348,2.7929248809814453,0.0014567375183105469
18,22,70,161.0,3.1008999347686768,3.101743459701538,0.0008435249328613281
18,22,71,90.0,4.010181903839111,4.002397060394287,-0.007784843444824219
18,22,72,181.0,3.0067594051361084,3.014082670211792,0.007323265075683594
18,22,73,95.0,4.08024787902832,4.086444854736328,0.0061969757080078125
18,22,74,245.0,2.442718744277954,2.4360928535461426,-0.0066258907318115234
18,22,75,93.0,2.114382266998291,2.1078054904937744,-0.0065767765045166016
18,22,76,225.0,2.825653553009033,2.824504852294922,-0.0011487007141113281
18,22,77,61.0,3.338794708251953,3.341838836669922,0.00304412841796875
18,22,78,257.0,3.9624106884002686,3.9752817153930664,0.012871026992797852
18,22,79,165.0,3.2207393646240234,3.22257661819458,0.0018372535705566406
18,22,80,117.0,4.315102577209473,4.3142547607421875,-0.0008478164672851562
18,22,81,89.0,3.6350255012512207,3.6418569087982178,0.00683140754699707
18,22,82,291.0,3.772111177444458,3.7767791748046875,0.004667997360229492
18,22,83,93.0,3.43058443069458,3.42718243598938,-0.0034019947052001953
18,22,84,228.0,2.4015636444091797,2.402785539627075,0.0012218952178955078
18,22,85,131.0,2.8454298973083496,2.842393636703491,-0.0030362606048583984
18,22,86,191.0,4.341160774230957,4.352553844451904,0.011393070220947266
18,22,87,238.0,5.110036849975586,5.11950159072876,0.009464740753173828
18,22,88,210.0,3.3413021564483643,3.3453400135040283,0.0040378570556640625
18,22,89,107.0,4.339839935302734,4.354733467102051,0.014893531799316406
18,22,90,217.0,3.0681116580963135,3.070621967315674,0.0025103092193603516
18,22,91,199.0,3.2457942962646484,3.247464656829834,0.0016703605651855469
18,22,92,84.0,2.6276965141296387,2.6354174613952637,0.007720947265625
18,22,93,271.0,3.756063222885132,3.764673948287964,0.008610725402832031
18,22,94,226.0,3.251934289932251,3.2596237659454346,0.007689476013183594
18,22,95,258.0,3.875674247741699,3.878328561782837,0.0026543140411376953
18,22,96,86.0,3.585750102996826,3.5917766094207764,0.006026506423950195
18,22,97,142.0,4.497574806213379,4.494831085205078,-0.0027437210083007812
18,22,98,42.0,3.347982168197632,3.3344533443450928,-0.013528823852539062
18,22,99,224.0,2.679133892059326,2.6766836643218994,-0.002450227737426758
18,22,100,197.0,2.196375608444214,2.19411563873291,-0.002259969711303711
18,22,101,85.0,2.568619728088379,2.5668444633483887,-0.0017752647399902344
18,22,102,195.0,3.2174572944641113,3.2198946475982666,0.0024373531341552734
18,22,103,102.0,3.6202828884124756,3.630112648010254,0.00982975959777832
18,22,104,181.0,3.483546018600464,3.48714017868042,0.0035941600799560547
18,22,105,72.0,2.1719796657562256,2.1737449169158936,0.0017652511596679688
18,22,106,130.0,4.735745906829834,4.745361328125,0.009615421295166016
18,22,107,62.0,2.6150100231170654,2.6182973384857178,0.0032873153686523438
18,22,108,263.0,3.6819097995758057,3.684183120727539,0.0022733211517333984
18,22,109,194.0,2.822662115097046,2.8200299739837646,-0.00263214111328125
18,22,110,174.0,2.753187417984009,2.7495956420898438,-0.003591775894165039
18,22,111,235.0,4.053600788116455,4.0481367111206055,-0.005464076995849609
18,22,112,143.0,4.031272888183594,4.046459197998047,0.015186309814453125
18,22,113,117.0,4.415828704833984,4.416374683380127,0.0005459785461425781
18,22,114,160.0,3.988440990447998,3.999830961227417,0.011389970779418945
18,22,115,115.0,3.474060297012329,3.4858083724975586,0.011748075485229492
18,22,116,120.0,3.551665782928467,3.5521209239959717,0.0004551410675048828
18,22,117,186.0,3.7136735916137695,3.7162041664123535,0.0025305747985839844
18,22,118,138.0,3.1632800102233887,3.1667559146881104,0.0034759044647216797
18,22,119,80.0,2.3273348808288574,2.331347703933716,0.0040128231048583984
18,22,120,164.0,2.849583864212036,2.8571300506591797,0.007546186447143555
18,22,121,215.0,3.761408567428589,3.7660651206970215,0.004656553268432617
18,22,122,81.0,3.2764456272125244,3.289349317550659,0.012903690338134766
18,22,123,171.0,3.1637179851531982,3.1696484088897705,0.005930423736572266
18,22,124,41.0,5.6693196296691895,5.695899486541748,0.026579856872558594
18,22,125,103.0,3.8813576698303223,3.8858494758605957,0.0044918060302734375
18,22,126,145.0,3.006119966506958,3.006732225418091,0.0006122589111328125
18,22,127,102.0,2.92803955078125,2.934950351715088,0.006910800933837891
18,23,0,196.0,3.6189582347869873,3.6197028160095215,0.0007445812225341797
18,23,1,127.0,3.22214412689209,3.2209813594818115,-0.0011627674102783203
18,23,2,162.0,2.2713801860809326,2.2703590393066406,-0.0010211467742919922
18,23,3,92.0,4.133184909820557,4.131171703338623,-0.0020132064819335938
18,23,4,194.0,3.299353837966919,3.2922186851501465,-0.007135152816772461
18,23,5,115.0,2.8214778900146484,2.8280656337738037,0.0065877437591552734
18,23,6,109.0,4.325214862823486,4.326266765594482,0.0010519027709960938
18,23,7,48.0,3.449648857116699,3.44262433052063,-0.007024526596069336
18,23,8,69.0,3.7256877422332764,3.731261730194092,0.00557398796081543
18,23,9,85.0,3.190195322036743,3.1844921112060547,-0.0057032108306884766
18,23,10,238.0,2.782064914703369,2.7838518619537354,0.001786947250366211
18,23,11,233.0,2.6044344902038574,2.6052486896514893,0.0008141994476318359
18,23,12,208.0,3.147305488586426,3.1470537185668945,-0.00025177001953125
18,23,13,196.0,2.917774200439453,2.9139161109924316,-0.0038580894470214844
18,23,14,131.0,3.2567384243011475,3.2613720893859863,0.004633665084838867
18,23,15,125.0,2.790242910385132,2.7863047122955322,-0.003938198089599609
18,23,16,61.0,4.113956451416016,4.113097667694092,-0.0008587837219238281
18,23,17,164.0,2.230290412902832,2.2310988903045654,0.0008084774017333984
18,23,18,107.0,3.345957040786743,3.346372127532959,0.0004150867462158203
18,23,19,48.0,3.959183692932129,3.9567391872406006,-0.0024445056915283203
18,23,20,74.0,2.182640314102173,2.1829540729522705,0.00031375885009765625
18,23,21,103.0,2.7647080421447754,2.756403923034668,-0.008304119110107422
18,23,22,114.0,3.4331488609313965,3.436779260635376,0.003630399703979492
18,23,23,50.0,5.562728404998779,5.5595293045043945,-0.0031991004943847656
18,23,24,281.0,2.4593505859375,2.4603121280670166,0.0009615421295166016
18,23,25,247.0,2.162877321243286,2.1625442504882812,-0.0003330707550048828
18,23,26,173.0,3.780362606048584,3.7814366817474365,0.001074075698852539
18,23,27,166.0,3.268761396408081,3.274644136428833,0.005882740020751953
18,23,28,98.0,2.8850836753845215,2.8904762268066406,0.005392551422119141
18,23,29,174.0,3.2879021167755127,3.282940149307251,-0.004961967468261719
18,23,30,173.0,3.087313413619995,3.090121030807495,0.0028076171875
18,23,31,215.0,3.7688708305358887,3.766115665435791,-0.0027551651000976562
18,23,32,186.0,2.7773280143737793,2.77413272857666,-0.0031952857971191406
18,23,33,153.0,2.610452890396118,2.606360673904419,-0.004092216491699219
18,23,34,147.0,3.096090793609619,3.094754219055176,-0.0013365745544433594
18,23,35,50.0,4.262930870056152,4.258133411407471,-0.004797458648681641
18,23,36,86.0,2.5445685386657715,2.5603504180908203,0.015781879425048828
18,23,37,154.0,4.032649040222168,4.01829719543457,-0.014351844787597656
18,23,38,265.0,2.685051679611206,2.684846878051758,-0.0002048015594482422
18,23,39,199.0,3.442211389541626,3.4401769638061523,-0.002034425735473633
18,23,40,138.0,3.036294937133789,3.04182505607605,0.005530118942260742
18,23,41,98.0,3.56339955329895,3.575068235397339,0.011668682098388672
18,23,42,167.0,2.791276693344116,2.7948358058929443,0.003559112548828125
18,23,43,288.0,3.996307849884033,3.9963912963867188,8.344650268554688e-05
18,23,44,225.0,2.764963150024414,2.7652807235717773,0.00031757354736328125
18,23,45,191.0,3.2674989700317383,3.270700216293335,0.0032012462615966797
18,23,46,92.0,4.787234783172607,4.790966033935547,0.003731250762939453
18,23,47,41.0,5.17321252822876,5.170048236846924,-0.0031642913818359375
18,23,48,231.0,3.050201892852783,3.0462450981140137,-0.003956794738769531
18,23,49,101.0,2.2807674407958984,2.2752857208251953,-0.005481719970703125
18,23,50,177.0,3.28656005859375,3.2832581996917725,-0.003301858901977539
18,23,51,252.0,3.729534387588501,3.733119010925293,0.003584623336791992
18,23,52,259.0,3.0285918712615967,3.0309088230133057,0.0023169517517089844
18,23,53,47.0,3.0469322204589844,3.0520360469818115,0.0051038265228271484
18,23,54,164.0,2.354414463043213,2.3552637100219727,0.0008492469787597656
18,23,55,94.0,3.564063310623169,3.5600781440734863,-0.003985166549682617
18,23,56,103.0,3.668520927429199,3.6663098335266113,-0.0022110939025878906
18,23,57,78.0,3.6771252155303955,3.672738790512085,-0.004386425018310547
18,23,58,239.0,3.4083893299102783,3.404637336730957,-0.003751993179321289
18,23,59,271.0,4.502346992492676,4.5056376457214355,0.0032906532287597656
18,23,60,162.0,3.0323004722595215,3.024143934249878,-0.008156538009643555
18,23,61,179.0,3.618516206741333,3.609762668609619,-0.008753538131713867
18,23,62,218.0,2.710827112197876,2.7136549949645996,0.002827882766723633
18,23,63,81.0,3.249349355697632,3.2569568157196045,0.007607460021972656
18,23,64,93.0,3.696587085723877,3.7083890438079834,0.011801958084106445
18,23,65,72.0,3.9958338737487793,3.9854719638824463,-0.010361909866333008
18,23,66,230.0,3.6442677974700928,3.642069101333618,-0.0021986961364746094
18,23,67,99.0,2.919395685195923,2.9141950607299805,-0.005200624465942383
18,23,68,213.0,2.9106554985046387,2.910327434539795,-0.00032806396484375
18,23,69,119.0,2.7914681434631348,2.788590669631958,-0.002877473831176758
18,23,70,161.0,3.1008999347686768,3.0971856117248535,-0.003714323043823242
18,23,71,90.0,4.010181903839111,4.013951301574707,0.003769397735595703
18,23,72,181.0,3.0067594051361084,3.006784677505493,2.5272369384765625e-05
18,23,73,95.0,4.08024787902832,4.08276891708374,0.002521038055419922
18,23,74,245.0,2.442718744277954,2.4444379806518555,0.0017192363739013672
18,23,75,93.0,2.114382266998291,2.12080717086792,0.006424903869628906
18,23,76,225.0,2.825653553009033,2.823927879333496,-0.0017256736755371094
18,23,77,61.0,3.338794708251953,3.339092254638672,0.00029754638671875
18,23,78,257.0,3.9624106884002686,3.9673972129821777,0.00498652458190918
18,23,79,165.0,3.2207393646240234,3.218374490737915,-0.0023648738861083984
18,23,80,117.0,4.315102577209473,4.319759368896484,0.004656791687011719
18,23,81,89.0,3.6350255012512207,3.638319492340088,0.0032939910888671875
18,23,82,291.0,3.772111177444458,3.7727537155151367,0.0006425380706787109
18,23,83,93.0,3.43058443069458,3.4263691902160645,-0.004215240478515625
18,23,84,228.0,2.4015636444091797,2.406735420227051,0.005171775817871094
18,23,85,131.0,2.8454298973083496,2.8437211513519287,-0.0017087459564208984
18,23,86,191.0,4.341160774230957,4.342226982116699,0.0010662078857421875
18,23,87,238.0,5.110036849975586,5.110512733459473,0.00047588348388671875
18,23,88,210.0,3.3413021564483643,3.3498380184173584,0.00853586196899414
18,23,89,107.0,4.339839935302734,4.335118770599365,-0.004721164703369141
18,23,90,217.0,3.0681116580963135,3.0622928142547607,-0.005818843841552734
18,23,91,199.0,3.2457942962646484,3.2483930587768555,0.0025987625122070312
18,23,92,84.0,2.6276965141296387,2.6325762271881104,0.00487971305847168
18,23,93,271.0,3.756063222885132,3.7493176460266113,-0.006745576858520508
18,23,94,226.0,3.251934289932251,3.2491133213043213,-0.0028209686279296875
18,23,95,258.0,3.875674247741699,3.8731181621551514,-0.0025560855865478516
18,23,96,86.0,3.585750102996826,3.587832450866699,0.002082347869873047
18,23,97,142.0,4.497574806213379,4.498632431030273,0.0010576248168945312
18,23,98,42.0,3.347982168197632,3.3481287956237793,0.00014662742614746094
18,23,99,224.0,2.679133892059326,2.677764892578125,-0.0013689994812011719
18,23,100,197.0,2.196375608444214,2.1954257488250732,-0.000949859619140625
18,23,101,85.0,2.568619728088379,2.5606794357299805,-0.007940292358398438
18,23,102,195.0,3.2174572944641113,3.215635061264038,-0.0018222332000732422
18,23,103,102.0,3.6202828884124756,3.623926877975464,0.0036439895629882812
18,23,104,181.0,3.483546018600464,3.4765827655792236,-0.006963253021240234
18,23,105,72.0,2.1719796657562256,2.1791067123413086,0.007127046585083008
18,23,106,130.0,4.735745906829834,4.737423896789551,0.0016779899597167969
18,23,107,62.0,2.6150100231170654,2.6137819290161133,-0.0012280941009521484
18,23,108,263.0,3.6819097995758057,3.6795921325683594,-0.002317667007446289
18,23,109,194.0,2.822662115097046,2.8152852058410645,-0.007376909255981445
18,23,110,174.0,2.753187417984009,2.756073236465454,0.0028858184814453125
18,23,111,235.0,4.053600788116455,4.0532684326171875,-0.0003323554992675781
18,23,112,143.0,4.031272888183594,4.029735565185547,-0.001537322998046875
18,23,113,117.0,4.415828704833984,4.413561820983887,-0.0022668838500976562
18,23,114,160.0,3.988440990447998,3.986978054046631,-0.0014629364013671875
18,23,115,115.0,3.474060297012329,3.4777536392211914,0.0036933422088623047
18,23,116,120.0,3.551665782928467,3.5541508197784424,0.002485036849975586
18,23,117,186.0,3.7136735916137695,3.7136576175689697,-1.5974044799804688e-05
18,23,118,138.0,3.1632800102233887,3.166701078414917,0.0034210681915283203
18,23,119,80.0,2.3273348808288574,2.331648349761963,0.004313468933105469
18,23,120,164.0,2.849583864212036,2.8516182899475098,0.002034425735473633
18,23,121,215.0,3.761408567428589,3.761950969696045,0.0005424022674560547
18,23,122,81.0,3.2764456272125244,3.2799487113952637,0.003503084182739258
18,23,123,171.0,3.1637179851531982,3.168126106262207,0.004408121109008789
18,23,124,41.0,5.6693196296691895,5.701473712921143,0.032154083251953125
18,23,125,103.0,3.8813576698303223,3.8811581134796143,-0.0001995563507080078
18,23,126,145.0,3.006119966506958,3.0078744888305664,0.0017545223236083984
18,23,127,102.0,2.92803955078125,2.927762508392334,-0.0002770423889160156
18,24,0,196.0,3.6189582347869873,3.6186749935150146,-0.00028324127197265625
18,24,1,127.0,3.22214412689209,3.213284492492676,-0.008859634399414062
18,24,2,162.0,2.2713801860809326,2.2704203128814697,-0.0009598731994628906
18,24,3,92.0,4.133184909820557,4.127054691314697,-0.006130218505859375
18,24,4,194.0,3.299353837966919,3.3010542392730713,0.0017004013061523438
18,24,5,115.0,2.8214778900146484,2.832470655441284,0.010992765426635742
18,24,6,109.0,4.325214862823486,4.334968566894531,0.009753704071044922
18,24,7,48.0,3.449648857116699,3.443635940551758,-0.006012916564941406
18,24,8,69.0,3.7256877422332764,3.7325243949890137,0.006836652755737305
18,24,9,85.0,3.190195322036743,3.185457468032837,-0.00473785400390625
18,24,10,238.0,2.782064914703369,2.788043975830078,0.005979061126708984
18,24,11,233.0,2.6044344902038574,2.6058413982391357,0.0014069080352783203
18,24,12,208.0,3.147305488586426,3.149860143661499,0.002554655075073242
18,24,13,196.0,2.917774200439453,2.920903444290161,0.003129243850708008
18,24,14,131.0,3.2567384243011475,3.2642271518707275,0.007488727569580078
18,24,15,125.0,2.790242910385132,2.785398006439209,-0.0048449039459228516
18,24,16,61.0,4.113956451416016,4.106506824493408,-0.007449626922607422
18,24,17,164.0,2.230290412902832,2.2348215579986572,0.004531145095825195
18,24,18,107.0,3.345957040786743,3.3536598682403564,0.007702827453613281
18,24,19,48.0,3.959183692932129,3.959789991378784,0.0006062984466552734
18,24,20,74.0,2.182640314102173,2.173893451690674,-0.008746862411499023
18,24,21,103.0,2.7647080421447754,2.7681143283843994,0.0034062862396240234
18,24,22,114.0,3.4331488609313965,3.4417831897735596,0.008634328842163086
18,24,23,50.0,5.562728404998779,5.5636210441589355,0.00089263916015625
18,24,24,281.0,2.4593505859375,2.4572792053222656,-0.002071380615234375
18,24,25,247.0,2.162877321243286,2.161534309387207,-0.0013430118560791016
18,24,26,173.0,3.780362606048584,3.7907590866088867,0.010396480560302734
18,24,27,166.0,3.268761396408081,3.28039288520813,0.011631488800048828
18,24,28,98.0,2.8850836753845215,2.876009464263916,-0.009074211120605469
18,24,29,174.0,3.2879021167755127,3.2878355979919434,-6.651878356933594e-05
18,24,30,173.0,3.087313413619995,3.0895910263061523,0.0022776126861572266
18,24,31,215.0,3.7688708305358887,3.766796827316284,-0.002074003219604492
18,24,32,186.0,2.7773280143737793,2.772503614425659,-0.004824399948120117
18,24,33,153.0,2.610452890396118,2.60373854637146,-0.006714344024658203
18,24,34,147.0,3.096090793609619,3.096198558807373,0.00010776519775390625
18,24,35,50.0,4.262930870056152,4.260335922241211,-0.0025949478149414062
18,24,36,86.0,2.5445685386657715,2.5511326789855957,0.006564140319824219
18,24,37,154.0,4.032649040222168,4.020148754119873,-0.012500286102294922
18,24,38,265.0,2.685051679611206,2.6858928203582764,0.0008411407470703125
18,24,39,199.0,3.442211389541626,3.4405484199523926,-0.0016629695892333984
18,24,40,138.0,3.036294937133789,3.051879644393921,0.015584707260131836
18,24,41,98.0,3.56339955329895,3.563072443008423,-0.00032711029052734375
18,24,42,167.0,2.791276693344116,2.7912213802337646,-5.53131103515625e-05
18,24,43,288.0,3.996307849884033,3.993647575378418,-0.0026602745056152344
18,24,44,225.0,2.764963150024414,2.7592973709106445,-0.005665779113769531
18,24,45,191.0,3.2674989700317383,3.268286943435669,0.0007879734039306641
18,24,46,92.0,4.787234783172607,4.779305458068848,-0.007929325103759766
18,24,47,41.0,5.17321252822876,5.174947738647461,0.0017352104187011719
18,24,48,231.0,3.050201892852783,3.046637773513794,-0.003564119338989258
18,24,49,101.0,2.2807674407958984,2.2753331661224365,-0.005434274673461914
18,24,50,177.0,3.28656005859375,3.2839179039001465,-0.0026421546936035156
18,24,51,252.0,3.729534387588501,3.734100341796875,0.0045659542083740234
18,24,52,259.0,3.0285918712615967,3.0247175693511963,-0.0038743019104003906
18,24,53,47.0,3.0469322204589844,3.046581506729126,-0.00035071372985839844
18,24,54,164.0,2.354414463043213,2.3540329933166504,-0.0003814697265625
18,24,55,94.0,3.564063310623169,3.565171957015991,0.0011086463928222656
18,24,56,103.0,3.668520927429199,3.666783094406128,-0.001737833023071289
18,24,57,78.0,3.6771252155303955,3.6694939136505127,-0.0076313018798828125
18,24,58,239.0,3.4083893299102783,3.408604621887207,0.00021529197692871094
18,24,59,271.0,4.502346992492676,4.5081024169921875,0.005755424499511719
18,24,60,162.0,3.0323004722595215,3.0296294689178467,-0.0026710033416748047
18,24,61,179.0,3.618516206741333,3.6166136264801025,-0.0019025802612304688
18,24,62,218.0,2.710827112197876,2.71232008934021,0.0014929771423339844
18,24,63,81.0,3.249349355697632,3.246901035308838,-0.0024483203887939453
18,24,64,93.0,3.696587085723877,3.7099568843841553,0.01336979866027832
18,24,65,72.0,3.9958338737487793,3.998176097869873,0.00234222412109375
18,24,66,230.0,3.6442677974700928,3.6432888507843018,-0.0009789466857910156
18,24,67,99.0,2.919395685195923,2.901515483856201,-0.01788020133972168
18,24,68,213.0,2.9106554985046387,2.90971302986145,-0.0009424686431884766
18,24,69,119.0,2.7914681434631348,2.7915725708007812,0.00010442733764648438
18,24,70,161.0,3.1008999347686768,3.103178024291992,0.0022780895233154297
18,24,71,90.0,4.010181903839111,4.014191150665283,0.004009246826171875
18,24,72,181.0,3.0067594051361084,3.0053133964538574,-0.0014460086822509766
18,24,73,95.0,4.08024787902832,4.072905540466309,-0.007342338562011719
18,24,74,245.0,2.442718744277954,2.4409618377685547,-0.001756906509399414
18,24,75,93.0,2.114382266998291,2.111109495162964,-0.0032727718353271484
18,24,76,225.0,2.825653553009033,2.824315309524536,-0.0013382434844970703
18,24,77,61.0,3.338794708251953,3.3415722846984863,0.002777576446533203
18,24,78,257.0,3.9624106884002686,3.9615321159362793,-0.0008785724639892578
18,24,79,165.0,3.2207393646240234,3.2228071689605713,0.0020678043365478516
18,24,80,117.0,4.315102577209473,4.3061699867248535,-0.00893259048461914
18,24,81,89.0,3.6350255012512207,3.639585018157959,0.004559516906738281
18,24,82,291.0,3.772111177444458,3.770648241043091,-0.0014629364013671875
18,24,83,93.0,3.43058443069458,3.422858238220215,-0.007726192474365234
18,24,84,228.0,2.4015636444091797,2.4154272079467773,0.013863563537597656
18,24,85,131.0,2.8454298973083496,2.8453481197357178,-8.177757263183594e-05
18,24,86,191.0,4.341160774230957,4.342312335968018,0.0011515617370605469
18,24,87,238.0,5.110036849975586,5.116298198699951,0.006261348724365234
18,24,88,210.0,3.3413021564483643,3.356600522994995,0.01529836654663086
18,24,89,107.0,4.339839935302734,4.338415622711182,-0.0014243125915527344
18,24,90,217.0,3.0681116580963135,3.065688133239746,-0.002423524856567383
18,24,91,199.0,3.2457942962646484,3.2456815242767334,-0.00011277198791503906
18,24,92,84.0,2.6276965141296387,2.6316981315612793,0.004001617431640625
18,24,93,271.0,3.756063222885132,3.7502689361572266,-0.0057942867279052734
18,24,94,226.0,3.251934289932251,3.25657057762146,0.004636287689208984
18,24,95,258.0,3.875674247741699,3.880647897720337,0.004973649978637695
18,24,96,86.0,3.585750102996826,3.5982911586761475,0.012541055679321289
18,24,97,142.0,4.497574806213379,4.5015869140625,0.004012107849121094
18,24,98,42.0,3.347982168197632,3.3441481590270996,-0.0038340091705322266
18,24,99,224.0,2.679133892059326,2.6775755882263184,-0.0015583038330078125
18,24,100,197.0,2.196375608444214,2.1970248222351074,0.0006492137908935547
18,24,101,85.0,2.568619728088379,2.561060905456543,-0.0075588226318359375
18,24,102,195.0,3.2174572944641113,3.2166926860809326,-0.0007646083831787109
18,24,103,102.0,3.6202828884124756,3.621058464050293,0.0007755756378173828
18,24,104,181.0,3.483546018600464,3.482123374938965,-0.0014226436614990234
18,24,105,72.0,2.1719796657562256,2.178751230239868,0.006771564483642578
18,24,106,130.0,4.735745906829834,4.733911037445068,-0.001834869384765625
18,24,107,62.0,2.6150100231170654,2.6194517612457275,0.004441738128662109
18,24,108,263.0,3.6819097995758057,3.6822407245635986,0.00033092498779296875
18,24,109,194.0,2.822662115097046,2.823786497116089,0.0011243820190429688
18,24,110,174.0,2.753187417984009,2.754185199737549,0.000997781753540039
18,24,111,235.0,4.053600788116455,4.073651313781738,0.020050525665283203
18,24,112,143.0,4.031272888183594,4.0360918045043945,0.004818916320800781
18,24,113,117.0,4.415828704833984,4.422706127166748,0.006877422332763672
18,24,114,160.0,3.988440990447998,3.984816074371338,-0.0036249160766601562
18,24,115,115.0,3.474060297012329,3.4711203575134277,-0.002939939498901367
18,24,116,120.0,3.551665782928467,3.554590940475464,0.0029251575469970703
18,24,117,186.0,3.7136735916137695,3.7179152965545654,0.0042417049407958984
18,24,118,138.0,3.1632800102233887,3.165192127227783,0.0019121170043945312
18,24,119,80.0,2.3273348808288574,2.3315625190734863,0.004227638244628906
18,24,120,164.0,2.849583864212036,2.852613925933838,0.003030061721801758
18,24,121,215.0,3.761408567428589,3.7579612731933594,-0.003447294235229492
18,24,122,81.0,3.2764456272125244,3.287606716156006,0.011161088943481445
18,24,123,171.0,3.1637179851531982,3.1688554286956787,0.005137443542480469
18,24,124,41.0,5.6693196296691895,5.676738262176514,0.007418632507324219
18,24,125,103.0,3.8813576698303223,3.8795645236968994,-0.0017931461334228516
18,24,126,145.0,3.006119966506958,3.002378463745117,-0.0037415027618408203
18,24,127,102.0,2.92803955078125,2.9423468112945557,0.014307260513305664
18,25,0,196.0,3.6189582347869873,3.6182494163513184,-0.0007088184356689453
18,25,1,127.0,3.22214412689209,3.220022678375244,-0.002121448516845703
18,25,2,162.0,2.2713801860809326,2.2696852684020996,-0.0016949176788330078
18,25,3,92.0,4.133184909820557,4.123410224914551,-0.00977468490600586
18,25,4,194.0,3.299353837966919,3.2902700901031494,-0.009083747863769531
18,25,5,115.0,2.8214778900146484,2.824885845184326,0.0034079551696777344
18,25,6,109.0,4.325214862823486,4.3350510597229,0.009836196899414062
18,25,7,48.0,3.449648857116699,3.4465439319610596,-0.0031049251556396484
18,25,8,69.0,3.7256877422332764,3.7217605113983154,-0.0039272308349609375
18,25,9,85.0,3.190195322036743,3.1894426345825195,-0.0007526874542236328
18,25,10,238.0,2.782064914703369,2.7861380577087402,0.004073143005371094
18,25,11,233.0,2.6044344902038574,2.6095876693725586,0.005153179168701172
18,25,12,208.0,3.147305488586426,3.1503918170928955,0.0030863285064697266
18,25,13,196.0,2.917774200439453,2.9215569496154785,0.0037827491760253906
18,25,14,131.0,3.2567384243011475,3.265965700149536,0.009227275848388672
18,25,15,125.0,2.790242910385132,2.788754940032959,-0.0014879703521728516
18,25,16,61.0,4.113956451416016,4.1176652908325195,0.0037088394165039062
18,25,17,164.0,2.230290412902832,2.2279179096221924,-0.0023725032806396484
18,25,18,107.0,3.345957040786743,3.3529226779937744,0.00696563720703125
18,25,19,48.0,3.959183692932129,3.961421251296997,0.002237558364868164
18,25,20,74.0,2.182640314102173,2.184483051300049,0.0018427371978759766
18,25,21,103.0,2.7647080421447754,2.7676522731781006,0.0029442310333251953
18,25,22,114.0,3.4331488609313965,3.4351892471313477,0.002040386199951172
18,25,23,50.0,5.562728404998779,5.568353176116943,0.0056247711181640625
18,25,24,281.0,2.4593505859375,2.46079421043396,0.001443624496459961
18,25,25,247.0,2.162877321243286,2.164741277694702,0.0018639564514160156
18,25,26,173.0,3.780362606048584,3.7760143280029297,-0.004348278045654297
18,25,27,166.0,3.268761396408081,3.2791483402252197,0.010386943817138672
18,25,28,98.0,2.8850836753845215,2.884774923324585,-0.00030875205993652344
18,25,29,174.0,3.2879021167755127,3.2786037921905518,-0.009298324584960938
18,25,30,173.0,3.087313413619995,3.0893118381500244,0.001998424530029297
18,25,31,215.0,3.7688708305358887,3.771707773208618,0.002836942672729492
18,25,32,186.0,2.7773280143737793,2.7759928703308105,-0.00133514404296875
18,25,33,153.0,2.610452890396118,2.603503704071045,-0.006949186325073242
18,25,34,147.0,3.096090793609619,3.092658519744873,-0.0034322738647460938
18,25,35,50.0,4.262930870056152,4.258166313171387,-0.004764556884765625
18,25,36,86.0,2.5445685386657715,2.5444605350494385,-0.00010800361633300781
18,25,37,154.0,4.032649040222168,4.026926517486572,-0.005722522735595703
18,25,38,265.0,2.685051679611206,2.684964656829834,-8.702278137207031e-05
18,25,39,199.0,3.442211389541626,3.4345154762268066,-0.007695913314819336
18,25,40,138.0,3.036294937133789,3.032411813735962,-0.0038831233978271484
18,25,41,98.0,3.56339955329895,3.5689632892608643,0.0055637359619140625
18,25,42,167.0,2.791276693344116,2.7937300205230713,0.002453327178955078
18,25,43,288.0,3.996307849884033,3.9954304695129395,-0.00087738037109375
18,25,44,225.0,2.764963150024414,2.766361951828003,0.0013988018035888672
18,25,45,191.0,3.2674989700317383,3.2681968212127686,0.0006978511810302734
18,25,46,92.0,4.787234783172607,4.785464286804199,-0.0017704963684082031
18,25,47,41.0,5.17321252822876,5.180983543395996,0.007771015167236328
18,25,48,231.0,3.050201892852783,3.0503668785095215,0.00016498565673828125
18,25,49,101.0,2.2807674407958984,2.286341905593872,0.005574464797973633
18,25,50,177.0,3.28656005859375,3.283548593521118,-0.003011465072631836
18,25,51,252.0,3.729534387588501,3.7318623065948486,0.0023279190063476562
18,25,52,259.0,3.0285918712615967,3.0284080505371094,-0.0001838207244873047
18,25,53,47.0,3.0469322204589844,3.040083885192871,-0.006848335266113281
18,25,54,164.0,2.354414463043213,2.358891487121582,0.004477024078369141
18,25,55,94.0,3.564063310623169,3.550901412963867,-0.013161897659301758
18,25,56,103.0,3.668520927429199,3.666231393814087,-0.0022895336151123047
18,25,57,78.0,3.6771252155303955,3.6732592582702637,-0.003865957260131836
18,25,58,239.0,3.4083893299102783,3.4068245887756348,-0.0015647411346435547
18,25,59,271.0,4.502346992492676,4.502255916595459,-9.107589721679688e-05
18,25,60,162.0,3.0323004722595215,3.0311214923858643,-0.0011789798736572266
18,25,61,179.0,3.618516206741333,3.617844581604004,-0.0006716251373291016
18,25,62,218.0,2.710827112197876,2.7129130363464355,0.0020859241485595703
18,25,63,81.0,3.249349355697632,3.2531394958496094,0.003790140151977539
18,25,64,93.0,3.696587085723877,3.707033157348633,0.01044607162475586
18,25,65,72.0,3.9958338737487793,3.993643045425415,-0.002190828323364258
18,25,66,230.0,3.6442677974700928,3.6477060317993164,0.003438234329223633
18,25,67,99.0,2.919395685195923,2.9192066192626953,-0.00018906593322753906
18,25,68,213.0,2.9106554985046387,2.9106035232543945,-5.1975250244140625e-05
18,25,69,119.0,2.7914681434631348,2.7893729209899902,-0.0020952224731445312
18,25,70,161.0,3.1008999347686768,3.0977511405944824,-0.003148794174194336
18,25,71,90.0,4.010181903839111,4.010717391967773,0.0005354881286621094
18,25,72,181.0,3.0067594051361084,3.009129047393799,0.0023696422576904297
18,25,73,95.0,4.08024787902832,4.094568252563477,0.01432037353515625
18,25,74,245.0,2.442718744277954,2.438084602355957,-0.00463414192199707
18,25,75,93.0,2.114382266998291,2.113860845565796,-0.0005214214324951172
18,25,76,225.0,2.825653553009033,2.824741840362549,-0.000911712646484375
18,25,77,61.0,3.338794708251953,3.3376736640930176,-0.0011210441589355469
18,25,78,257.0,3.9624106884002686,3.965764284133911,0.003353595733642578
18,25,79,165.0,3.2207393646240234,3.2196226119995117,-0.0011167526245117188
18,25,80,117.0,4.315102577209473,4.322535514831543,0.0074329376220703125
18,25,81,89.0,3.6350255012512207,3.6399424076080322,0.0049169063568115234
18,25,82,291.0,3.772111177444458,3.772059440612793,-5.173683166503906e-05
18,25,83,93.0,3.43058443069458,3.4355108737945557,0.004926443099975586
18,25,84,228.0,2.4015636444091797,2.4097437858581543,0.00818014144897461
18,25,85,131.0,2.8454298973083496,2.838724136352539,-0.006705760955810547
18,25,86,191.0,4.341160774230957,4.340450286865234,-0.0007104873657226562
18,25,87,238.0,5.110036849975586,5.113062858581543,0.0030260086059570312
18,25,88,210.0,3.3413021564483643,3.3386902809143066,-0.002611875534057617
18,25,89,107.0,4.339839935302734,4.345179080963135,0.005339145660400391
18,25,90,217.0,3.0681116580963135,3.0694785118103027,0.0013668537139892578
18,25,91,199.0,3.2457942962646484,3.2475016117095947,0.001707315444946289
18,25,92,84.0,2.6276965141296387,2.629798173904419,0.0021016597747802734
18,25,93,271.0,3.756063222885132,3.7574801445007324,0.001416921615600586
18,25,94,226.0,3.251934289932251,3.2529115676879883,0.0009772777557373047
18,25,95,258.0,3.875674247741699,3.884080648422241,0.008406400680541992
18,25,96,86.0,3.585750102996826,3.5875868797302246,0.0018367767333984375
18,25,97,142.0,4.497574806213379,4.492483139038086,-0.005091667175292969
18,25,98,42.0,3.347982168197632,3.323697090148926,-0.024285078048706055
18,25,99,224.0,2.679133892059326,2.681842803955078,0.002708911895751953
18,25,100,197.0,2.196375608444214,2.193194627761841,-0.003180980682373047
18,25,101,85.0,2.568619728088379,2.5690646171569824,0.0004448890686035156
18,25,102,195.0,3.2174572944641113,3.2239887714385986,0.006531476974487305
18,25,103,102.0,3.6202828884124756,3.6240594387054443,0.00377655029296875
18,25,104,181.0,3.483546018600464,3.4838907718658447,0.0003447532653808594
18,25,105,72.0,2.1719796657562256,2.168174982070923,-0.0038046836853027344
18,25,106,130.0,4.735745906829834,4.739565849304199,0.0038199424743652344
18,25,107,62.0,2.6150100231170654,2.6159236431121826,0.0009136199951171875
18,25,108,263.0,3.6819097995758057,3.6778907775878906,-0.004019021987915039
18,25,109,194.0,2.822662115097046,2.823044538497925,0.00038242340087890625
18,25,110,174.0,2.753187417984009,2.752434015274048,-0.0007534027099609375
18,25,111,235.0,4.053600788116455,4.058017253875732,0.004416465759277344
18,25,112,143.0,4.031272888183594,4.030002593994141,-0.001270294189453125
18,25,113,117.0,4.415828704833984,4.403204441070557,-0.012624263763427734
18,25,114,160.0,3.988440990447998,3.9909679889678955,0.002526998519897461
18,25,115,115.0,3.474060297012329,3.4726686477661133,-0.0013916492462158203
18,25,116,120.0,3.551665782928467,3.5589680671691895,0.007302284240722656
18,25,117,186.0,3.7136735916137695,3.7178099155426025,0.004136323928833008
18,25,118,138.0,3.1632800102233887,3.1653177738189697,0.0020377635955810547
18,25,119,80.0,2.3273348808288574,2.319807291030884,-0.007527589797973633
18,25,120,164.0,2.849583864212036,2.8480021953582764,-0.0015816688537597656
18,25,121,215.0,3.761408567428589,3.761937379837036,0.0005288124084472656
18,25,122,81.0,3.2764456272125244,3.274167776107788,-0.002277851104736328
18,25,123,171.0,3.1637179851531982,3.1679012775421143,0.004183292388916016
18,25,124,41.0,5.6693196296691895,5.766743183135986,0.09742355346679688
18,25,125,103.0,3.8813576698303223,3.885470390319824,0.004112720489501953
18,25,126,145.0,3.006119966506958,3.005544900894165,-0.0005750656127929688
18,25,127,102.0,2.92803955078125,2.9229533672332764,-0.005086183547973633
18,26,0,196.0,3.6189582347869873,3.620124340057373,0.0011661052703857422
18,26,1,127.0,3.22214412689209,3.219386577606201,-0.002757549285888672
18,26,2,162.0,2.2713801860809326,2.2708332538604736,-0.0005469322204589844
18,26,3,92.0,4.133184909820557,4.126786708831787,-0.006398200988769531
18,26,4,194.0,3.299353837966919,3.298029899597168,-0.0013239383697509766
18,26,5,115.0,2.8214778900146484,2.8227076530456543,0.0012297630310058594
18,26,6,109.0,4.325214862823486,4.3260087966918945,0.0007939338684082031
18,26,7,48.0,3.449648857116699,3.450103998184204,0.0004551410675048828
18,26,8,69.0,3.7256877422332764,3.7210264205932617,-0.0046613216400146484
18,26,9,85.0,3.190195322036743,3.184497117996216,-0.005698204040527344
18,26,10,238.0,2.782064914703369,2.7857506275177,0.0036857128143310547
18,26,11,233.0,2.6044344902038574,2.609402656555176,0.004968166351318359
18,26,12,208.0,3.147305488586426,3.147702932357788,0.0003974437713623047
18,26,13,196.0,2.917774200439453,2.918856620788574,0.0010824203491210938
18,26,14,131.0,3.2567384243011475,3.2550225257873535,-0.0017158985137939453
18,26,15,125.0,2.790242910385132,2.792945146560669,0.0027022361755371094
18,26,16,61.0,4.113956451416016,4.109656810760498,-0.004299640655517578
18,26,17,164.0,2.230290412902832,2.2256968021392822,-0.004593610763549805
18,26,18,107.0,3.345957040786743,3.3458049297332764,-0.00015211105346679688
18,26,19,48.0,3.959183692932129,3.9582250118255615,-0.0009586811065673828
18,26,20,74.0,2.182640314102173,2.188840627670288,0.006200313568115234
18,26,21,103.0,2.7647080421447754,2.7646970748901367,-1.0967254638671875e-05
18,26,22,114.0,3.4331488609313965,3.4318478107452393,-0.0013010501861572266
18,26,23,50.0,5.562728404998779,5.567744731903076,0.005016326904296875
18,26,24,281.0,2.4593505859375,2.4572651386260986,-0.002085447311401367
18,26,25,247.0,2.162877321243286,2.1628031730651855,-7.414817810058594e-05
18,26,26,173.0,3.780362606048584,3.7823450565338135,0.001982450485229492
18,26,27,166.0,3.268761396408081,3.268819808959961,5.841255187988281e-05
18,26,28,98.0,2.8850836753845215,2.8812143802642822,-0.003869295120239258
18,26,29,174.0,3.2879021167755127,3.2778878211975098,-0.01001429557800293
18,26,30,173.0,3.087313413619995,3.082867383956909,-0.0044460296630859375
18,26,31,215.0,3.7688708305358887,3.760127305984497,-0.008743524551391602
18,26,32,186.0,2.7773280143737793,2.780621290206909,0.003293275833129883
18,26,33,153.0,2.610452890396118,2.6094448566436768,-0.0010080337524414062
18,26,34,147.0,3.096090793609619,3.0895988941192627,-0.006491899490356445
18,26,35,50.0,4.262930870056152,4.265697956085205,0.0027670860290527344
18,26,36,86.0,2.5445685386657715,2.5408966541290283,-0.003671884536743164
18,26,37,154.0,4.032649040222168,4.0246806144714355,-0.007968425750732422
18,26,38,265.0,2.685051679611206,2.68570613861084,0.0006544589996337891
18,26,39,199.0,3.442211389541626,3.437309741973877,-0.0049016475677490234
18,26,40,138.0,3.036294937133789,3.033731698989868,-0.0025632381439208984
18,26,41,98.0,3.56339955329895,3.565988540649414,0.002588987350463867
18,26,42,167.0,2.791276693344116,2.787883758544922,-0.003392934799194336
18,26,43,288.0,3.996307849884033,3.9954147338867188,-0.0008931159973144531
18,26,44,225.0,2.764963150024414,2.76488995552063,-7.319450378417969e-05
18,26,45,191.0,3.2674989700317383,3.265359878540039,-0.0021390914916992188
18,26,46,92.0,4.787234783172607,4.790863513946533,0.0036287307739257812
18,26,47,41.0,5.17321252822876,5.181825160980225,0.008612632751464844
18,26,48,231.0,3.050201892852783,3.0462958812713623,-0.0039060115814208984
18,26,49,101.0,2.2807674407958984,2.278458595275879,-0.0023088455200195312
18,26,50,177.0,3.28656005859375,3.28554630279541,-0.0010137557983398438
18,26,51,252.0,3.729534387588501,3.7303476333618164,0.0008132457733154297
18,26,52,259.0,3.0285918712615967,3.025275230407715,-0.003316640853881836
18,26,53,47.0,3.0469322204589844,3.0512988567352295,0.004366636276245117
18,26,54,164.0,2.354414463043213,2.3523128032684326,-0.0021016597747802734
18,26,55,94.0,3.564063310623169,3.5556347370147705,-0.008428573608398438
18,26,56,103.0,3.668520927429199,3.6655898094177246,-0.0029311180114746094
18,26,57,78.0,3.6771252155303955,3.6843461990356445,0.0072209835052490234
18,26,58,239.0,3.4083893299102783,3.405344247817993,-0.0030450820922851562
18,26,59,271.0,4.502346992492676,4.504991054534912,0.002644062042236328
18,26,60,162.0,3.0323004722595215,3.024937868118286,-0.0073626041412353516
18,26,61,179.0,3.618516206741333,3.6216962337493896,0.0031800270080566406
18,26,62,218.0,2.710827112197876,2.712339162826538,0.0015120506286621094
18,26,63,81.0,3.249349355697632,3.2478177547454834,-0.0015316009521484375
18,26,64,93.0,3.696587085723877,3.702569007873535,0.005981922149658203
18,26,65,72.0,3.9958338737487793,3.9778425693511963,-0.017991304397583008
18,26,66,230.0,3.6442677974700928,3.6413185596466064,-0.002949237823486328
18,26,67,99.0,2.919395685195923,2.897571563720703,-0.021824121475219727
18,26,68,213.0,2.9106554985046387,2.9018266201019287,-0.008828878402709961
18,26,69,119.0,2.7914681434631348,2.7850141525268555,-0.006453990936279297
18,26,70,161.0,3.1008999347686768,3.1005184650421143,-0.0003814697265625
18,26,71,90.0,4.010181903839111,4.006706714630127,-0.003475189208984375
18,26,72,181.0,3.0067594051361084,3.009251832962036,0.0024924278259277344
18,26,73,95.0,4.08024787902832,4.07806921005249,-0.002178668975830078
18,26,74,245.0,2.442718744277954,2.4405367374420166,-0.0021820068359375
18,26,75,93.0,2.114382266998291,2.1119470596313477,-0.0024352073669433594
18,26,76,225.0,2.825653553009033,2.821967840194702,-0.0036857128143310547
18,26,77,61.0,3.338794708251953,3.342048168182373,0.003253459930419922
18,26,78,257.0,3.9624106884002686,3.9588708877563477,-0.0035398006439208984
18,26,79,165.0,3.2207393646240234,3.222200870513916,0.0014615058898925781
18,26,80,117.0,4.315102577209473,4.311580181121826,-0.0035223960876464844
18,26,81,89.0,3.6350255012512207,3.635697603225708,0.0006721019744873047
18,26,82,291.0,3.772111177444458,3.7701306343078613,-0.0019805431365966797
18,26,83,93.0,3.43058443069458,3.4372732639312744,0.006688833236694336
18,26,84,228.0,2.4015636444091797,2.3939812183380127,-0.007582426071166992
18,26,85,131.0,2.8454298973083496,2.8435399532318115,-0.001889944076538086
18,26,86,191.0,4.341160774230957,4.344827651977539,0.0036668777465820312
18,26,87,238.0,5.110036849975586,5.110967636108398,0.0009307861328125
18,26,88,210.0,3.3413021564483643,3.34938645362854,0.008084297180175781
18,26,89,107.0,4.339839935302734,4.338167190551758,-0.0016727447509765625
18,26,90,217.0,3.0681116580963135,3.0594565868377686,-0.008655071258544922
18,26,91,199.0,3.2457942962646484,3.242258310317993,-0.0035359859466552734
18,26,92,84.0,2.6276965141296387,2.6310856342315674,0.003389120101928711
18,26,93,271.0,3.756063222885132,3.752875566482544,-0.0031876564025878906
18,26,94,226.0,3.251934289932251,3.2519116401672363,-2.2649765014648438e-05
18,26,95,258.0,3.875674247741699,3.88181209564209,0.006137847900390625
18,26,96,86.0,3.585750102996826,3.5881240367889404,0.002373933792114258
18,26,97,142.0,4.497574806213379,4.489346981048584,-0.008227825164794922
18,26,98,42.0,3.347982168197632,3.329028606414795,-0.018953561782836914
18,26,99,224.0,2.679133892059326,2.6763274669647217,-0.002806425094604492
18,26,100,197.0,2.196375608444214,2.1935741901397705,-0.0028014183044433594
18,26,101,85.0,2.568619728088379,2.5690174102783203,0.00039768218994140625
18,26,102,195.0,3.2174572944641113,3.21448016166687,-0.002977132797241211
18,26,103,102.0,3.6202828884124756,3.625944137573242,0.0056612491607666016
18,26,104,181.0,3.483546018600464,3.481370210647583,-0.0021758079528808594
18,26,105,72.0,2.1719796657562256,2.1702260971069336,-0.0017535686492919922
18,26,106,130.0,4.735745906829834,4.735134124755859,-0.0006117820739746094
18,26,107,62.0,2.6150100231170654,2.612854242324829,-0.002155780792236328
18,26,108,263.0,3.6819097995758057,3.6788222789764404,-0.0030875205993652344
18,26,109,194.0,2.822662115097046,2.824392795562744,0.0017306804656982422
18,26,110,174.0,2.753187417984009,2.749816417694092,-0.003371000289916992
18,26,111,235.0,4.053600788116455,4.050190448760986,-0.00341033935546875
18,26,112,143.0,4.031272888183594,4.02967643737793,-0.0015964508056640625
18,26,113,117.0,4.415828704833984,4.39455509185791,-0.02127361297607422
18,26,114,160.0,3.988440990447998,3.9948573112487793,0.00641632080078125
18,26,115,115.0,3.474060297012329,3.480170965194702,0.006110668182373047
18,26,116,120.0,3.551665782928467,3.5533058643341064,0.0016400814056396484
18,26,117,186.0,3.7136735916137695,3.712557554244995,-0.001116037368774414
18,26,118,138.0,3.1632800102233887,3.1596953868865967,-0.003584623336791992
18,26,119,80.0,2.3273348808288574,2.3306403160095215,0.0033054351806640625
18,26,120,164.0,2.849583864212036,2.8563053607940674,0.00672149658203125
18,26,121,215.0,3.761408567428589,3.76218318939209,0.0007746219635009766
18,26,122,81.0,3.2764456272125244,3.281202554702759,0.004756927490234375
18,26,123,171.0,3.1637179851531982,3.168466329574585,0.004748344421386719
18,26,124,41.0,5.6693196296691895,5.733187198638916,0.06386756896972656
18,26,125,103.0,3.8813576698303223,3.8795409202575684,-0.0018167495727539062
18,26,126,145.0,3.006119966506958,3.001812219619751,-0.004307746887207031
18,26,127,102.0,2.92803955078125,2.9241135120391846,-0.00392603874206543
18,27,0,196.0,3.6189582347869873,3.613020181655884,-0.005938053131103516
18,27,1,127.0,3.22214412689209,3.218432664871216,-0.0037114620208740234
18,27,2,162.0,2.2713801860809326,2.2631661891937256,-0.008213996887207031
18,27,3,92.0,4.133184909820557,4.140454292297363,0.007269382476806641
18,27,4,194.0,3.299353837966919,3.2906274795532227,-0.008726358413696289
18,27,5,115.0,2.8214778900146484,2.8211286067962646,-0.00034928321838378906
18,27,6,109.0,4.325214862823486,4.325652599334717,0.00043773651123046875
18,27,7,48.0,3.449648857116699,3.4440460205078125,-0.005602836608886719
18,27,8,69.0,3.7256877422332764,3.729820728302002,0.004132986068725586
18,27,9,85.0,3.190195322036743,3.1952364444732666,0.0050411224365234375
18,27,10,238.0,2.782064914703369,2.782742500305176,0.0006775856018066406
18,27,11,233.0,2.6044344902038574,2.603421211242676,-0.0010132789611816406
18,27,12,208.0,3.147305488586426,3.1475300788879395,0.00022459030151367188
18,27,13,196.0,2.917774200439453,2.9167685508728027,-0.0010056495666503906
18,27,14,131.0,3.2567384243011475,3.2642574310302734,0.0075190067291259766
18,27,15,125.0,2.790242910385132,2.7904341220855713,0.00019121170043945312
18,27,16,61.0,4.113956451416016,4.108783721923828,-0.0051727294921875
18,27,17,164.0,2.230290412902832,2.228456497192383,-0.0018339157104492188
18,27,18,107.0,3.345957040786743,3.349433422088623,0.003476381301879883
18,27,19,48.0,3.959183692932129,3.9672114849090576,0.008027791976928711
18,27,20,74.0,2.182640314102173,2.185762405395508,0.003122091293334961
18,27,21,103.0,2.7647080421447754,2.742793321609497,-0.02191472053527832
18,27,22,114.0,3.4331488609313965,3.4335434436798096,0.00039458274841308594
18,27,23,50.0,5.562728404998779,5.560826301574707,-0.0019021034240722656
18,27,24,281.0,2.4593505859375,2.456073045730591,-0.0032775402069091797
18,27,25,247.0,2.162877321243286,2.1671905517578125,0.004313230514526367
18,27,26,173.0,3.780362606048584,3.785158395767212,0.00479578971862793
18,27,27,166.0,3.268761396408081,3.2713940143585205,0.002632617950439453
18,27,28,98.0,2.8850836753845215,2.8810911178588867,-0.003992557525634766
18,27,29,174.0,3.2879021167755127,3.2841150760650635,-0.0037870407104492188
18,27,30,173.0,3.087313413619995,3.089890956878662,0.002577543258666992
18,27,31,215.0,3.7688708305358887,3.7659435272216797,-0.0029273033142089844
18,27,32,186.0,2.7773280143737793,2.767113447189331,-0.010214567184448242
18,27,33,153.0,2.610452890396118,2.6027016639709473,-0.0077512264251708984
18,27,34,147.0,3.096090793609619,3.0940394401550293,-0.0020513534545898438
18,27,35,50.0,4.262930870056152,4.242125988006592,-0.020804882049560547
18,27,36,86.0,2.5445685386657715,2.572413682937622,0.027845144271850586
18,27,37,154.0,4.032649040222168,4.020108222961426,-0.012540817260742188
18,27,38,265.0,2.685051679611206,2.683800458908081,-0.001251220703125
18,27,39,199.0,3.442211389541626,3.4302783012390137,-0.011933088302612305
18,27,40,138.0,3.036294937133789,3.037712812423706,0.0014178752899169922
18,27,41,98.0,3.56339955329895,3.564168930053711,0.0007693767547607422
18,27,42,167.0,2.791276693344116,2.796818256378174,0.005541563034057617
18,27,43,288.0,3.996307849884033,3.994229555130005,-0.0020782947540283203
18,27,44,225.0,2.764963150024414,2.760737419128418,-0.004225730895996094
18,27,45,191.0,3.2674989700317383,3.2708253860473633,0.003326416015625
18,27,46,92.0,4.787234783172607,4.78257417678833,-0.004660606384277344
18,27,47,41.0,5.17321252822876,5.171830654144287,-0.0013818740844726562
18,27,48,231.0,3.050201892852783,3.0497965812683105,-0.00040531158447265625
18,27,49,101.0,2.2807674407958984,2.2726259231567383,-0.008141517639160156
18,27,50,177.0,3.28656005859375,3.276468276977539,-0.010091781616210938
18,27,51,252.0,3.729534387588501,3.7354345321655273,0.005900144577026367
18,27,52,259.0,3.0285918712615967,3.027120351791382,-0.0014715194702148438
18,27,53,47.0,3.0469322204589844,3.0513548851013184,0.004422664642333984
18,27,54,164.0,2.354414463043213,2.3592004776000977,0.004786014556884766
18,27,55,94.0,3.564063310623169,3.555008888244629,-0.009054422378540039
18,27,56,103.0,3.668520927429199,3.6617634296417236,-0.006757497787475586
18,27,57,78.0,3.6771252155303955,3.6715855598449707,-0.005539655685424805
18,27,58,239.0,3.4083893299102783,3.4041411876678467,-0.004248142242431641
18,27,59,271.0,4.502346992492676,4.5031657218933105,0.0008187294006347656
18,27,60,162.0,3.0323004722595215,3.027867078781128,-0.004433393478393555
18,27,61,179.0,3.618516206741333,3.6150014400482178,-0.0035147666931152344
18,27,62,218.0,2.710827112197876,2.709026336669922,-0.0018007755279541016
18,27,63,81.0,3.249349355697632,3.2566721439361572,0.007322788238525391
18,27,64,93.0,3.696587085723877,3.7072508335113525,0.010663747787475586
18,27,65,72.0,3.9958338737487793,4.001604080200195,0.005770206451416016
18,27,66,230.0,3.6442677974700928,3.6435422897338867,-0.0007255077362060547
18,27,67,99.0,2.919395685195923,2.8644907474517822,-0.054904937744140625
18,27,68,213.0,2.9106554985046387,2.9087600708007812,-0.0018954277038574219
18,27,69,119.0,2.7914681434631348,2.7959043979644775,0.0044362545013427734
18,27,70,161.0,3.1008999347686768,3.1001274585723877,-0.0007724761962890625
18,27,71,90.0,4.010181903839111,4.011438846588135,0.0012569427490234375
18,27,72,181.0,3.0067594051361084,3.008389711380005,0.0016303062438964844
18,27,73,95.0,4.08024787902832,4.071784973144531,-0.008462905883789062
18,27,74,245.0,2.442718744277954,2.4412074089050293,-0.0015113353729248047
18,27,75,93.0,2.114382266998291,2.114579200744629,0.00019693374633789062
18,27,76,225.0,2.825653553009033,2.8251047134399414,-0.0005488395690917969
18,27,77,61.0,3.338794708251953,3.3484480381011963,0.009653329849243164
18,27,78,257.0,3.9624106884002686,3.967214584350586,0.004803895950317383
18,27,79,165.0,3.2207393646240234,3.213477373123169,-0.007261991500854492
18,27,80,117.0,4.315102577209473,4.314373970031738,-0.000728607177734375
18,27,81,89.0,3.6350255012512207,3.6410152912139893,0.005989789962768555
18,27,82,291.0,3.772111177444458,3.774869680404663,0.002758502960205078
18,27,83,93.0,3.43058443069458,3.4346811771392822,0.0040967464447021484
18,27,84,228.0,2.4015636444091797,2.4096522331237793,0.00808858871459961
18,27,85,131.0,2.8454298973083496,2.840714454650879,-0.004715442657470703
18,27,86,191.0,4.341160774230957,4.339563369750977,-0.0015974044799804688
18,27,87,238.0,5.110036849975586,5.112171173095703,0.0021343231201171875
18,27,88,210.0,3.3413021564483643,3.3443336486816406,0.003031492233276367
18,27,89,107.0,4.339839935302734,4.334694862365723,-0.005145072937011719
18,27,90,217.0,3.0681116580963135,3.060577869415283,-0.0075337886810302734
18,27,91,199.0,3.2457942962646484,3.244701385498047,-0.0010929107666015625
18,27,92,84.0,2.6276965141296387,2.628389596939087,0.0006930828094482422
18,27,93,271.0,3.756063222885132,3.7552907466888428,-0.0007724761962890625
18,27,94,226.0,3.251934289932251,3.256758213043213,0.004823923110961914
18,27,95,258.0,3.875674247741699,3.8725812435150146,-0.0030930042266845703
18,27,96,86.0,3.585750102996826,3.58548641204834,-0.0002636909484863281
18,27,97,142.0,4.497574806213379,4.4984941482543945,0.000919342041015625
18,27,98,42.0,3.347982168197632,3.352036237716675,0.004054069519042969
18,27,99,224.0,2.679133892059326,2.673081159591675,-0.006052732467651367
18,27,100,197.0,2.196375608444214,2.1960060596466064,-0.0003695487976074219
18,27,101,85.0,2.568619728088379,2.5610759258270264,-0.007543802261352539
18,27,102,195.0,3.2174572944641113,3.2163286209106445,-0.0011286735534667969
18,27,103,102.0,3.6202828884124756,3.607254981994629,-0.01302790641784668
18,27,104,181.0,3.483546018600464,3.486090660095215,0.0025446414947509766
18,27,105,72.0,2.1719796657562256,2.178560495376587,0.006580829620361328
18,27,106,130.0,4.735745906829834,4.732794284820557,-0.0029516220092773438
18,27,107,62.0,2.6150100231170654,2.613199472427368,-0.0018105506896972656
18,27,108,263.0,3.6819097995758057,3.6797664165496826,-0.002143383026123047
18,27,109,194.0,2.822662115097046,2.8172860145568848,-0.005376100540161133
18,27,110,174.0,2.753187417984009,2.7483038902282715,-0.004883527755737305
18,27,111,235.0,4.053600788116455,4.037503719329834,-0.016097068786621094
18,27,112,143.0,4.031272888183594,4.0320916175842285,0.0008187294006347656
18,27,113,117.0,4.415828704833984,4.421718597412109,0.005889892578125
18,27,114,160.0,3.988440990447998,3.9845657348632812,-0.003875255584716797
18,27,115,115.0,3.474060297012329,3.4816720485687256,0.007611751556396484
18,27,116,120.0,3.551665782928467,3.556011915206909,0.004346132278442383
18,27,117,186.0,3.7136735916137695,3.7076661586761475,-0.00600743293762207
18,27,118,138.0,3.1632800102233887,3.1645264625549316,0.0012464523315429688
18,27,119,80.0,2.3273348808288574,2.318248987197876,-0.009085893630981445
18,27,120,164.0,2.849583864212036,2.8523361682891846,0.0027523040771484375
18,27,121,215.0,3.761408567428589,3.7575252056121826,-0.00388336181640625
18,27,122,81.0,3.2764456272125244,3.275989294052124,-0.0004563331604003906
18,27,123,171.0,3.1637179851531982,3.165308952331543,0.0015909671783447266
18,27,124,41.0,5.6693196296691895,5.592043399810791,-0.07727622985839844
18,27,125,103.0,3.8813576698303223,3.877713918685913,-0.0036437511444091797
18,27,126,145.0,3.006119966506958,3.012437343597412,0.0063173770904541016
18,27,127,102.0,2.92803955078125,2.9180548191070557,-0.009984731674194336
18,28,0,196.0,3.6189582347869873,3.6070241928100586,-0.011934041976928711
18,28,1,127.0,3.22214412689209,3.2188403606414795,-0.0033037662506103516
18,28,2,162.0,2.2713801860809326,2.271524429321289,0.0001442432403564453
18,28,3,92.0,4.133184909820557,4.124171257019043,-0.009013652801513672
18,28,4,194.0,3.299353837966919,3.2976016998291016,-0.0017521381378173828
18,28,5,115.0,2.8214778900146484,2.823279619216919,0.0018017292022705078
18,28,6,109.0,4.325214862823486,4.327528476715088,0.0023136138916015625
18,28,7,48.0,3.449648857116699,3.443925142288208,-0.005723714828491211
18,28,8,69.0,3.7256877422332764,3.719092845916748,-0.00659489631652832
18,28,9,85.0,3.190195322036743,3.189054250717163,-0.0011410713195800781
18,28,10,238.0,2.782064914703369,2.782604932785034,0.0005400180816650391
18,28,11,233.0,2.6044344902038574,2.5995984077453613,-0.004836082458496094
18,28,12,208.0,3.147305488586426,3.1425962448120117,-0.0047092437744140625
18,28,13,196.0,2.917774200439453,2.9188690185546875,0.001094818115234375
18,28,14,131.0,3.2567384243011475,3.2578113079071045,0.0010728836059570312
18,28,15,125.0,2.790242910385132,2.784506320953369,-0.005736589431762695
18,28,16,61.0,4.113956451416016,4.115564346313477,0.0016078948974609375
18,28,17,164.0,2.230290412902832,2.2262492179870605,-0.004041194915771484
18,28,18,107.0,3.345957040786743,3.3448822498321533,-0.0010747909545898438
18,28,19,48.0,3.959183692932129,3.9540255069732666,-0.005158185958862305
18,28,20,74.0,2.182640314102173,2.1815595626831055,-0.0010807514190673828
18,28,21,103.0,2.7647080421447754,2.775993824005127,0.011285781860351562
18,28,22,114.0,3.4331488609313965,3.4347455501556396,0.001596689224243164
18,28,23,50.0,5.562728404998779,5.560309886932373,-0.00241851806640625
18,28,24,281.0,2.4593505859375,2.4559426307678223,-0.0034079551696777344
18,28,25,247.0,2.162877321243286,2.1648731231689453,0.0019958019256591797
18,28,26,173.0,3.780362606048584,3.779212236404419,-0.001150369644165039
18,28,27,166.0,3.268761396408081,3.2749099731445312,0.006148576736450195
18,28,28,98.0,2.8850836753845215,2.888744831085205,0.0036611557006835938
18,28,29,174.0,3.2879021167755127,3.282707929611206,-0.005194187164306641
18,28,30,173.0,3.087313413619995,3.0901107788085938,0.002797365188598633
18,28,31,215.0,3.7688708305358887,3.760082244873047,-0.008788585662841797
18,28,32,186.0,2.7773280143737793,2.7792770862579346,0.0019490718841552734
18,28,33,153.0,2.610452890396118,2.608747959136963,-0.0017049312591552734
18,28,34,147.0,3.096090793609619,3.0913760662078857,-0.0047147274017333984
18,28,35,50.0,4.262930870056152,4.236354351043701,-0.026576519012451172
18,28,36,86.0,2.5445685386657715,2.5574827194213867,0.012914180755615234
18,28,37,154.0,4.032649040222168,4.022953987121582,-0.009695053100585938
18,28,38,265.0,2.685051679611206,2.6792266368865967,-0.005825042724609375
18,28,39,199.0,3.442211389541626,3.4303321838378906,-0.011879205703735352
18,28,40,138.0,3.036294937133789,3.0440731048583984,0.007778167724609375
18,28,41,98.0,3.56339955329895,3.567864179611206,0.004464626312255859
18,28,42,167.0,2.791276693344116,2.7858479022979736,-0.005428791046142578
18,28,43,288.0,3.996307849884033,3.9928648471832275,-0.003443002700805664
18,28,44,225.0,2.764963150024414,2.7666873931884766,0.0017242431640625
18,28,45,191.0,3.2674989700317383,3.2660045623779297,-0.0014944076538085938
18,28,46,92.0,4.787234783172607,4.779381275177002,-0.007853507995605469
18,28,47,41.0,5.17321252822876,5.177910804748535,0.004698276519775391
18,28,48,231.0,3.050201892852783,3.0432658195495605,-0.006936073303222656
18,28,49,101.0,2.2807674407958984,2.2774012088775635,-0.003366231918334961
18,28,50,177.0,3.28656005859375,3.279364824295044,-0.007195234298706055
18,28,51,252.0,3.729534387588501,3.73140287399292,0.0018684864044189453
18,28,52,259.0,3.0285918712615967,3.022517204284668,-0.006074666976928711
18,28,53,47.0,3.0469322204589844,3.063887357711792,0.016955137252807617
18,28,54,164.0,2.354414463043213,2.3546535968780518,0.0002391338348388672
18,28,55,94.0,3.564063310623169,3.5605432987213135,-0.0035200119018554688
18,28,56,103.0,3.668520927429199,3.661184310913086,-0.007336616516113281
18,28,57,78.0,3.6771252155303955,3.67938232421875,0.002257108688354492
18,28,58,239.0,3.4083893299102783,3.4057188034057617,-0.0026705265045166016
18,28,59,271.0,4.502346992492676,4.500421524047852,-0.0019254684448242188
18,28,60,162.0,3.0323004722595215,3.024742603302002,-0.007557868957519531
18,28,61,179.0,3.618516206741333,3.614077091217041,-0.004439115524291992
18,28,62,218.0,2.710827112197876,2.7107081413269043,-0.00011897087097167969
18,28,63,81.0,3.249349355697632,3.245943307876587,-0.003406047821044922
18,28,64,93.0,3.696587085723877,3.7104380130767822,0.013850927352905273
18,28,65,72.0,3.9958338737487793,3.989689826965332,-0.006144046783447266
18,28,66,230.0,3.6442677974700928,3.641056537628174,-0.0032112598419189453
18,28,67,99.0,2.919395685195923,2.9233453273773193,0.003949642181396484
18,28,68,213.0,2.9106554985046387,2.9054343700408936,-0.005221128463745117
18,28,69,119.0,2.7914681434631348,2.789595365524292,-0.0018727779388427734
18,28,70,161.0,3.1008999347686768,3.0943362712860107,-0.006563663482666016
18,28,71,90.0,4.010181903839111,4.018570423126221,0.008388519287109375
18,28,72,181.0,3.0067594051361084,3.008836507797241,0.0020771026611328125
18,28,73,95.0,4.08024787902832,4.0891242027282715,0.008876323699951172
18,28,74,245.0,2.442718744277954,2.4422011375427246,-0.0005176067352294922
18,28,75,93.0,2.114382266998291,2.115579843521118,0.0011975765228271484
18,28,76,225.0,2.825653553009033,2.818730354309082,-0.006923198699951172
18,28,77,61.0,3.338794708251953,3.340087890625,0.001293182373046875
18,28,78,257.0,3.9624106884002686,3.9626266956329346,0.00021600723266601562
18,28,79,165.0,3.2207393646240234,3.220900774002075,0.0001614093780517578
18,28,80,117.0,4.315102577209473,4.307450771331787,-0.007651805877685547
18,28,81,89.0,3.6350255012512207,3.6404104232788086,0.005384922027587891
18,28,82,291.0,3.772111177444458,3.7718517780303955,-0.0002593994140625
18,28,83,93.0,3.43058443069458,3.4301533699035645,-0.000431060791015625
18,28,84,228.0,2.4015636444091797,2.4041287899017334,0.002565145492553711
18,28,85,131.0,2.8454298973083496,2.8451480865478516,-0.0002818107604980469
18,28,86,191.0,4.341160774230957,4.338076114654541,-0.0030846595764160156
18,28,87,238.0,5.110036849975586,5.113597393035889,0.0035605430603027344
18,28,88,210.0,3.3413021564483643,3.3467750549316406,0.005472898483276367
18,28,89,107.0,4.339839935302734,4.33530855178833,-0.004531383514404297
18,28,90,217.0,3.0681116580963135,3.0618181228637695,-0.006293535232543945
18,28,91,199.0,3.2457942962646484,3.2434701919555664,-0.0023241043090820312
18,28,92,84.0,2.6276965141296387,2.6325931549072266,0.004896640777587891
18,28,93,271.0,3.756063222885132,3.755844831466675,-0.00021839141845703125
18,28,94,226.0,3.251934289932251,3.2470247745513916,-0.004909515380859375
18,28,95,258.0,3.875674247741699,3.8780972957611084,0.0024230480194091797
18,28,96,86.0,3.585750102996826,3.579350233078003,-0.006399869918823242
18,28,97,142.0,4.497574806213379,4.495725154876709,-0.0018496513366699219
18,28,98,42.0,3.347982168197632,3.347494602203369,-0.0004875659942626953
18,28,99,224.0,2.679133892059326,2.6723430156707764,-0.006790876388549805
18,28,100,197.0,2.196375608444214,2.1943910121917725,-0.0019845962524414062
18,28,101,85.0,2.568619728088379,2.5621249675750732,-0.006494760513305664
18,28,102,195.0,3.2174572944641113,3.2185256481170654,0.0010683536529541016
18,28,103,102.0,3.6202828884124756,3.6276328563690186,0.007349967956542969
18,28,104,181.0,3.483546018600464,3.4846596717834473,0.0011136531829833984
18,28,105,72.0,2.1719796657562256,2.1685421466827393,-0.003437519073486328
18,28,106,130.0,4.735745906829834,4.735011577606201,-0.0007343292236328125
18,28,107,62.0,2.6150100231170654,2.6143417358398438,-0.0006682872772216797
18,28,108,263.0,3.6819097995758057,3.6720244884490967,-0.009885311126708984
18,28,109,194.0,2.822662115097046,2.8162989616394043,-0.0063631534576416016
18,28,110,174.0,2.753187417984009,2.752617597579956,-0.0005698204040527344
18,28,111,235.0,4.053600788116455,4.055627822875977,0.0020270347595214844
18,28,112,143.0,4.031272888183594,4.0308918952941895,-0.0003809928894042969
18,28,113,117.0,4.415828704833984,4.415049076080322,-0.0007796287536621094
18,28,114,160.0,3.988440990447998,3.9845452308654785,-0.0038957595825195312
18,28,115,115.0,3.474060297012329,3.47371768951416,-0.0003426074981689453
18,28,116,120.0,3.551665782928467,3.549734592437744,-0.0019311904907226562
18,28,117,186.0,3.7136735916137695,3.711907386779785,-0.001766204833984375
18,28,118,138.0,3.1632800102233887,3.1582047939300537,-0.005075216293334961
18,28,119,80.0,2.3273348808288574,2.332252025604248,0.004917144775390625
18,28,120,164.0,2.849583864212036,2.8448939323425293,-0.004689931869506836
18,28,121,215.0,3.761408567428589,3.7627203464508057,0.0013117790222167969
18,28,122,81.0,3.2764456272125244,3.2848434448242188,0.008397817611694336
18,28,123,171.0,3.1637179851531982,3.167548894882202,0.0038309097290039062
18,28,124,41.0,5.6693196296691895,5.645898342132568,-0.023421287536621094
18,28,125,103.0,3.8813576698303223,3.883586883544922,0.0022292137145996094
18,28,126,145.0,3.006119966506958,3.0024569034576416,-0.0036630630493164062
18,28,127,102.0,2.92803955078125,2.9325454235076904,0.00450587272644043
18,29,0,196.0,3.6189582347869873,3.6279447078704834,0.008986473083496094
18,29,1,127.0,3.22214412689209,3.2206242084503174,-0.001519918441772461
18,29,2,162.0,2.2713801860809326,2.2658634185791016,-0.005516767501831055
18,29,3,92.0,4.133184909820557,4.131947994232178,-0.0012369155883789062
18,29,4,194.0,3.299353837966919,3.3018805980682373,0.0025267601013183594
18,29,5,115.0,2.8214778900146484,2.8194282054901123,-0.002049684524536133
18,29,6,109.0,4.325214862823486,4.332561016082764,0.007346153259277344
18,29,7,48.0,3.449648857116699,3.443723678588867,-0.005925178527832031
18,29,8,69.0,3.7256877422332764,3.7277796268463135,0.0020918846130371094
18,29,9,85.0,3.190195322036743,3.187887668609619,-0.0023076534271240234
18,29,10,238.0,2.782064914703369,2.7806334495544434,-0.0014314651489257812
18,29,11,233.0,2.6044344902038574,2.6058638095855713,0.0014293193817138672
18,29,12,208.0,3.147305488586426,3.1515302658081055,0.0042247772216796875
18,29,13,196.0,2.917774200439453,2.9187355041503906,0.0009613037109375
18,29,14,131.0,3.2567384243011475,3.2640254497528076,0.007287025451660156
18,29,15,125.0,2.790242910385132,2.7973310947418213,0.007088184356689453
18,29,16,61.0,4.113956451416016,4.103475570678711,-0.010480880737304688
18,29,17,164.0,2.230290412902832,2.2337613105773926,0.003470897674560547
18,29,18,107.0,3.345957040786743,3.3456265926361084,-0.0003304481506347656
18,29,19,48.0,3.959183692932129,3.959484100341797,0.00030040740966796875
18,29,20,74.0,2.182640314102173,2.1723127365112305,-0.010327577590942383
18,29,21,103.0,2.7647080421447754,2.756882667541504,-0.007825374603271484
18,29,22,114.0,3.4331488609313965,3.4392964839935303,0.006147623062133789
18,29,23,50.0,5.562728404998779,5.581240177154541,0.01851177215576172
18,29,24,281.0,2.4593505859375,2.459866523742676,0.0005159378051757812
18,29,25,247.0,2.162877321243286,2.164757251739502,0.0018799304962158203
18,29,26,173.0,3.780362606048584,3.7858450412750244,0.00548243522644043
18,29,27,166.0,3.268761396408081,3.2830870151519775,0.014325618743896484
18,29,28,98.0,2.8850836753845215,2.872333526611328,-0.01275014877319336
18,29,29,174.0,3.2879021167755127,3.2904038429260254,0.0025017261505126953
18,29,30,173.0,3.087313413619995,3.0882391929626465,0.0009257793426513672
18,29,31,215.0,3.7688708305358887,3.7678465843200684,-0.0010242462158203125
18,29,32,186.0,2.7773280143737793,2.790897846221924,0.013569831848144531
18,29,33,153.0,2.610452890396118,2.6081631183624268,-0.0022897720336914062
18,29,34,147.0,3.096090793609619,3.097964286804199,0.0018734931945800781
18,29,35,50.0,4.262930870056152,4.258865833282471,-0.004065036773681641
18,29,36,86.0,2.5445685386657715,2.575880765914917,0.03131222724914551
18,29,37,154.0,4.032649040222168,4.032698154449463,4.9114227294921875e-05
18,29,38,265.0,2.685051679611206,2.679521322250366,-0.005530357360839844
18,29,39,199.0,3.442211389541626,3.439403533935547,-0.0028078556060791016
18,29,40,138.0,3.036294937133789,3.038576126098633,0.00228118896484375
18,29,41,98.0,3.56339955329895,3.561793804168701,-0.0016057491302490234
18,29,42,167.0,2.791276693344116,2.7897748947143555,-0.0015017986297607422
18,29,43,288.0,3.996307849884033,4.0035858154296875,0.007277965545654297
18,29,44,225.0,2.764963150024414,2.777360677719116,0.012397527694702148
18,29,45,191.0,3.2674989700317383,3.281959295272827,0.014460325241088867
18,29,46,92.0,4.787234783172607,4.794322967529297,0.007088184356689453
18,29,47,41.0,5.17321252822876,5.165805339813232,-0.007407188415527344
18,29,48,231.0,3.050201892852783,3.0474679470062256,-0.002733945846557617
18,29,49,101.0,2.2807674407958984,2.279404401779175,-0.0013630390167236328
18,29,50,177.0,3.28656005859375,3.279910087585449,-0.006649971008300781
18,29,51,252.0,3.729534387588501,3.7294304370880127,-0.00010395050048828125
18,29,52,259.0,3.0285918712615967,3.0253689289093018,-0.003222942352294922
18,29,53,47.0,3.0469322204589844,3.078840970993042,0.03190875053405762
18,29,54,164.0,2.354414463043213,2.3546600341796875,0.0002455711364746094
18,29,55,94.0,3.564063310623169,3.560840368270874,-0.003222942352294922
18,29,56,103.0,3.668520927429199,3.668783187866211,0.00026226043701171875
18,29,57,78.0,3.6771252155303955,3.679389715194702,0.0022644996643066406
18,29,58,239.0,3.4083893299102783,3.4119560718536377,0.003566741943359375
18,29,59,271.0,4.502346992492676,4.506174564361572,0.0038275718688964844
18,29,60,162.0,3.0323004722595215,3.032522678375244,0.00022220611572265625
18,29,61,179.0,3.618516206741333,3.612316846847534,-0.006199359893798828
18,29,62,218.0,2.710827112197876,2.7126691341400146,0.0018420219421386719
18,29,63,81.0,3.249349355697632,3.2529802322387695,0.0036308765411376953
18,29,64,93.0,3.696587085723877,3.7081210613250732,0.011533975601196289
18,29,65,72.0,3.9958338737487793,3.980607748031616,-0.015226125717163086
18,29,66,230.0,3.6442677974700928,3.6485776901245117,0.004309892654418945
18,29,67,99.0,2.919395685195923,2.9121155738830566,-0.007280111312866211
18,29,68,213.0,2.9106554985046387,2.9114830493927,0.0008275508880615234
18,29,69,119.0,2.7914681434631348,2.795192241668701,0.0037240982055664062
18,29,70,161.0,3.1008999347686768,3.100452423095703,-0.0004475116729736328
18,29,71,90.0,4.010181903839111,3.9831058979034424,-0.027076005935668945
18,29,72,181.0,3.0067594051361084,3.0093047618865967,0.0025453567504882812
18,29,73,95.0,4.08024787902832,4.074368953704834,-0.005878925323486328
18,29,74,245.0,2.442718744277954,2.448967218399048,0.00624847412109375
18,29,75,93.0,2.114382266998291,2.132045030593872,0.017662763595581055
18,29,76,225.0,2.825653553009033,2.8211138248443604,-0.0045397281646728516
18,29,77,61.0,3.338794708251953,3.3486597537994385,0.009865045547485352
18,29,78,257.0,3.9624106884002686,3.963080644607544,0.0006699562072753906
18,29,79,165.0,3.2207393646240234,3.2171926498413086,-0.0035467147827148438
18,29,80,117.0,4.315102577209473,4.310830593109131,-0.004271984100341797
18,29,81,89.0,3.6350255012512207,3.6467292308807373,0.011703729629516602
18,29,82,291.0,3.772111177444458,3.7759199142456055,0.003808736801147461
18,29,83,93.0,3.43058443069458,3.4364013671875,0.005816936492919922
18,29,84,228.0,2.4015636444091797,2.4182937145233154,0.016730070114135742
18,29,85,131.0,2.8454298973083496,2.84991455078125,0.004484653472900391
18,29,86,191.0,4.341160774230957,4.340439319610596,-0.0007214546203613281
18,29,87,238.0,5.110036849975586,5.112609386444092,0.0025725364685058594
18,29,88,210.0,3.3413021564483643,3.3446738719940186,0.003371715545654297
18,29,89,107.0,4.339839935302734,4.332982540130615,-0.006857395172119141
18,29,90,217.0,3.0681116580963135,3.071241855621338,0.003130197525024414
18,29,91,199.0,3.2457942962646484,3.2394182682037354,-0.006376028060913086
18,29,92,84.0,2.6276965141296387,2.6328046321868896,0.0051081180572509766
18,29,93,271.0,3.756063222885132,3.762373208999634,0.006309986114501953
18,29,94,226.0,3.251934289932251,3.2493882179260254,-0.002546072006225586
18,29,95,258.0,3.875674247741699,3.8808093070983887,0.005135059356689453
18,29,96,86.0,3.585750102996826,3.5746748447418213,-0.011075258255004883
18,29,97,142.0,4.497574806213379,4.500942707061768,0.003367900848388672
18,29,98,42.0,3.347982168197632,3.419179916381836,0.0711977481842041
18,29,99,224.0,2.679133892059326,2.676820755004883,-0.0023131370544433594
18,29,100,197.0,2.196375608444214,2.1916165351867676,-0.004759073257446289
18,29,101,85.0,2.568619728088379,2.5659568309783936,-0.0026628971099853516
18,29,102,195.0,3.2174572944641113,3.2152822017669678,-0.0021750926971435547
18,29,103,102.0,3.6202828884124756,3.6052775382995605,-0.015005350112915039
18,29,104,181.0,3.483546018600464,3.487884998321533,0.004338979721069336
18,29,105,72.0,2.1719796657562256,2.164358615875244,-0.007621049880981445
18,29,106,130.0,4.735745906829834,4.729941368103027,-0.005804538726806641
18,29,107,62.0,2.6150100231170654,2.6165425777435303,0.0015325546264648438
18,29,108,263.0,3.6819097995758057,3.6752758026123047,-0.0066339969635009766
18,29,109,194.0,2.822662115097046,2.822795867919922,0.00013375282287597656
18,29,110,174.0,2.753187417984009,2.752534866333008,-0.0006525516510009766
18,29,111,235.0,4.053600788116455,4.052318096160889,-0.0012826919555664062
18,29,112,143.0,4.031272888183594,4.033604621887207,0.0023317337036132812
18,29,113,117.0,4.415828704833984,4.405160427093506,-0.010668277740478516
18,29,114,160.0,3.988440990447998,3.987656354904175,-0.0007846355438232422
18,29,115,115.0,3.474060297012329,3.4735817909240723,-0.00047850608825683594
18,29,116,120.0,3.551665782928467,3.551013231277466,-0.0006525516510009766
18,29,117,186.0,3.7136735916137695,3.7167303562164307,0.003056764602661133
18,29,118,138.0,3.1632800102233887,3.166177272796631,0.0028972625732421875
18,29,119,80.0,2.3273348808288574,2.3242859840393066,-0.0030488967895507812
18,29,120,164.0,2.849583864212036,2.846548557281494,-0.003035306930541992
18,29,121,215.0,3.761408567428589,3.7608416080474854,-0.0005669593811035156
18,29,122,81.0,3.2764456272125244,3.2879254817962646,0.011479854583740234
18,29,123,171.0,3.1637179851531982,3.165034770965576,0.0013167858123779297
18,29,124,41.0,5.6693196296691895,5.790343284606934,0.12102365493774414
18,29,125,103.0,3.8813576698303223,3.881246566772461,-0.00011110305786132812
18,29,126,145.0,3.006119966506958,3.011889696121216,0.0057697296142578125
18,29,127,102.0,2.92803955078125,2.9249515533447266,-0.0030879974365234375
18,30,0,196.0,3.6189582347869873,3.6098685264587402,-0.00908970832824707
18,30,1,127.0,3.22214412689209,3.223926067352295,0.0017819404602050781
18,30,2,162.0,2.2713801860809326,2.258753538131714,-0.01262664794921875
18,30,3,92.0,4.133184909820557,4.1282572746276855,-0.004927635192871094
18,30,4,194.0,3.299353837966919,3.2913994789123535,-0.00795435905456543
18,30,5,115.0,2.8214778900146484,2.8294777870178223,0.007999897003173828
18,30,6,109.0,4.325214862823486,4.33120059967041,0.005985736846923828
18,30,7,48.0,3.449648857116699,3.4488213062286377,-0.0008275508880615234
18,30,8,69.0,3.7256877422332764,3.7184500694274902,-0.007237672805786133
18,30,9,85.0,3.190195322036743,3.1884899139404297,-0.0017054080963134766
18,30,10,238.0,2.782064914703369,2.7864840030670166,0.004419088363647461
18,30,11,233.0,2.6044344902038574,2.606646776199341,0.0022122859954833984
18,30,12,208.0,3.147305488586426,3.145254373550415,-0.002051115036010742
18,30,13,196.0,2.917774200439453,2.9175853729248047,-0.0001888275146484375
18,30,14,131.0,3.2567384243011475,3.2502894401550293,-0.006448984146118164
18,30,15,125.0,2.790242910385132,2.7917847633361816,0.0015418529510498047
18,30,16,61.0,4.113956451416016,4.109492778778076,-0.004463672637939453
18,30,17,164.0,2.230290412902832,2.230283260345459,-7.152557373046875e-06
18,30,18,107.0,3.345957040786743,3.345175266265869,-0.0007817745208740234
18,30,19,48.0,3.959183692932129,3.949010133743286,-0.010173559188842773
18,30,20,74.0,2.182640314102173,2.1848084926605225,0.0021681785583496094
18,30,21,103.0,2.7647080421447754,2.7772696018218994,0.012561559677124023
18,30,22,114.0,3.4331488609313965,3.4349467754364014,0.0017979145050048828
18,30,23,50.0,5.562728404998779,5.5431342124938965,-0.019594192504882812
18,30,24,281.0,2.4593505859375,2.4574782848358154,-0.0018723011016845703
18,30,25,247.0,2.162877321243286,2.1603734493255615,-0.0025038719177246094
18,30,26,173.0,3.780362606048584,3.7809698581695557,0.0006072521209716797
18,30,27,166.0,3.268761396408081,3.2722973823547363,0.0035359859466552734
18,30,28,98.0,2.8850836753845215,2.877281904220581,-0.00780177116394043
18,30,29,174.0,3.2879021167755127,3.2832796573638916,-0.004622459411621094
18,30,30,173.0,3.087313413619995,3.0779101848602295,-0.009403228759765625
18,30,31,215.0,3.7688708305358887,3.7663564682006836,-0.002514362335205078
18,30,32,186.0,2.7773280143737793,2.7767691612243652,-0.0005588531494140625
18,30,33,153.0,2.610452890396118,2.610661029815674,0.00020813941955566406
18,30,34,147.0,3.096090793609619,3.093397617340088,-0.00269317626953125
18,30,35,50.0,4.262930870056152,4.260622024536133,-0.0023088455200195312
18,30,36,86.0,2.5445685386657715,2.5655791759490967,0.021010637283325195
18,30,37,154.0,4.032649040222168,4.027091026306152,-0.005558013916015625
18,30,38,265.0,2.685051679611206,2.6905479431152344,0.00549626350402832
18,30,39,199.0,3.442211389541626,3.4441745281219482,0.0019631385803222656
18,30,40,138.0,3.036294937133789,3.0366029739379883,0.00030803680419921875
18,30,41,98.0,3.56339955329895,3.5692739486694336,0.0058743953704833984
18,30,42,167.0,2.791276693344116,2.78904390335083,-0.002232789993286133
18,30,43,288.0,3.996307849884033,3.9943652153015137,-0.0019426345825195312
18,30,44,225.0,2.764963150024414,2.759934902191162,-0.005028247833251953
18,30,45,191.0,3.2674989700317383,3.267040729522705,-0.0004582405090332031
18,30,46,92.0,4.787234783172607,4.788125514984131,0.0008907318115234375
18,30,47,41.0,5.17321252822876,5.175902366638184,0.002689838409423828
18,30,48,231.0,3.050201892852783,3.047745943069458,-0.0024559497833251953
18,30,49,101.0,2.2807674407958984,2.274019241333008,-0.006748199462890625
18,30,50,177.0,3.28656005859375,3.271876811981201,-0.014683246612548828
18,30,51,252.0,3.729534387588501,3.729124069213867,-0.00041031837463378906
18,30,52,259.0,3.0285918712615967,3.026576519012451,-0.002015352249145508
18,30,53,47.0,3.0469322204589844,3.0501046180725098,0.0031723976135253906
18,30,54,164.0,2.354414463043213,2.354072093963623,-0.00034236907958984375
18,30,55,94.0,3.564063310623169,3.5514798164367676,-0.012583494186401367
18,30,56,103.0,3.668520927429199,3.665703058242798,-0.002817869186401367
18,30,57,78.0,3.6771252155303955,3.681366443634033,0.004241228103637695
18,30,58,239.0,3.4083893299102783,3.4008657932281494,-0.007523536682128906
18,30,59,271.0,4.502346992492676,4.502723217010498,0.0003762245178222656
18,30,60,162.0,3.0323004722595215,3.025934934616089,-0.006365537643432617
18,30,61,179.0,3.618516206741333,3.6188597679138184,0.00034356117248535156
18,30,62,218.0,2.710827112197876,2.7124578952789307,0.0016307830810546875
18,30,63,81.0,3.249349355697632,3.252275228500366,0.002925872802734375
18,30,64,93.0,3.696587085723877,3.70434308052063,0.00775599479675293
18,30,65,72.0,3.9958338737487793,3.984914541244507,-0.010919332504272461
18,30,66,230.0,3.6442677974700928,3.643678903579712,-0.0005888938903808594
18,30,67,99.0,2.919395685195923,2.9125144481658936,-0.006881237030029297
18,30,68,213.0,2.9106554985046387,2.908090114593506,-0.0025653839111328125
18,30,69,119.0,2.7914681434631348,2.7937915325164795,0.0023233890533447266
18,30,70,161.0,3.1008999347686768,3.0976955890655518,-0.003204345703125
18,30,71,90.0,4.010181903839111,4.010797023773193,0.0006151199340820312
18,30,72,181.0,3.0067594051361084,3.0058414936065674,-0.0009179115295410156
18,30,73,95.0,4.08024787902832,4.067821025848389,-0.01242685317993164
18,30,74,245.0,2.442718744277954,2.445909261703491,0.0031905174255371094
18,30,75,93.0,2.114382266998291,2.1166672706604004,0.002285003662109375
18,30,76,225.0,2.825653553009033,2.8201725482940674,-0.00548100471496582
18,30,77,61.0,3.338794708251953,3.344785213470459,0.005990505218505859
18,30,78,257.0,3.9624106884002686,3.963510036468506,0.0010993480682373047
18,30,79,165.0,3.2207393646240234,3.2202160358428955,-0.0005233287811279297
18,30,80,117.0,4.315102577209473,4.3181233406066895,0.003020763397216797
18,30,81,89.0,3.6350255012512207,3.6403892040252686,0.0053637027740478516
18,30,82,291.0,3.772111177444458,3.768705368041992,-0.0034058094024658203
18,30,83,93.0,3.43058443069458,3.4363632202148438,0.005778789520263672
18,30,84,228.0,2.4015636444091797,2.3990941047668457,-0.0024695396423339844
18,30,85,131.0,2.8454298973083496,2.844957113265991,-0.00047278404235839844
18,30,86,191.0,4.341160774230957,4.343000888824463,0.0018401145935058594
18,30,87,238.0,5.110036849975586,5.110985279083252,0.0009484291076660156
18,30,88,210.0,3.3413021564483643,3.347663164138794,0.0063610076904296875
18,30,89,107.0,4.339839935302734,4.332442760467529,-0.007397174835205078
18,30,90,217.0,3.0681116580963135,3.0609774589538574,-0.007134199142456055
18,30,91,199.0,3.2457942962646484,3.242990493774414,-0.002803802490234375
18,30,92,84.0,2.6276965141296387,2.6243391036987305,-0.003357410430908203
18,30,93,271.0,3.756063222885132,3.7521443367004395,-0.003918886184692383
18,30,94,226.0,3.251934289932251,3.253566026687622,0.0016317367553710938
18,30,95,258.0,3.875674247741699,3.8782918453216553,0.0026175975799560547
18,30,96,86.0,3.585750102996826,3.591038942337036,0.005288839340209961
18,30,97,142.0,4.497574806213379,4.502531051635742,0.004956245422363281
18,30,98,42.0,3.347982168197632,3.3517704010009766,0.0037882328033447266
18,30,99,224.0,2.679133892059326,2.6777522563934326,-0.0013816356658935547
18,30,100,197.0,2.196375608444214,2.1929256916046143,-0.0034499168395996094
18,30,101,85.0,2.568619728088379,2.5603575706481934,-0.008262157440185547
18,30,102,195.0,3.2174572944641113,3.213505268096924,-0.0039520263671875
18,30,103,102.0,3.6202828884124756,3.616096019744873,-0.004186868667602539
18,30,104,181.0,3.483546018600464,3.484079360961914,0.0005333423614501953
18,30,105,72.0,2.1719796657562256,2.1636962890625,-0.008283376693725586
18,30,106,130.0,4.735745906829834,4.731066703796387,-0.004679203033447266
18,30,107,62.0,2.6150100231170654,2.611876964569092,-0.003133058547973633
18,30,108,263.0,3.6819097995758057,3.679661512374878,-0.0022482872009277344
18,30,109,194.0,2.822662115097046,2.816070795059204,-0.006591320037841797
18,30,110,174.0,2.753187417984009,2.7456295490264893,-0.007557868957519531
18,30,111,235.0,4.053600788116455,4.037829399108887,-0.01577138900756836
18,30,112,143.0,4.031272888183594,4.024118900299072,-0.007153987884521484
18,30,113,117.0,4.415828704833984,4.403282642364502,-0.012546062469482422
18,30,114,160.0,3.988440990447998,3.985665798187256,-0.0027751922607421875
18,30,115,115.0,3.474060297012329,3.4785244464874268,0.004464149475097656
18,30,116,120.0,3.551665782928467,3.555487632751465,0.003821849822998047
18,30,117,186.0,3.7136735916137695,3.717764139175415,0.004090547561645508
18,30,118,138.0,3.1632800102233887,3.1620430946350098,-0.0012369155883789062
18,30,119,80.0,2.3273348808288574,2.3277885913848877,0.00045371055603027344
18,30,120,164.0,2.849583864212036,2.847883939743042,-0.0016999244689941406
18,30,121,215.0,3.761408567428589,3.7579522132873535,-0.0034563541412353516
18,30,122,81.0,3.2764456272125244,3.2703969478607178,-0.006048679351806641
18,30,123,171.0,3.1637179851531982,3.1647706031799316,0.0010526180267333984
18,30,124,41.0,5.6693196296691895,5.669358253479004,3.8623809814453125e-05
18,30,125,103.0,3.8813576698303223,3.8782007694244385,-0.003156900405883789
18,30,126,145.0,3.006119966506958,3.0102243423461914,0.0041043758392333984
18,30,127,102.0,2.92803955078125,2.9198172092437744,-0.008222341537475586
18,31,0,196.0,3.6189582347869873,3.6214046478271484,0.002446413040161133
18,31,1,127.0,3.22214412689209,3.221377372741699,-0.000766754150390625
18,31,2,162.0,2.2713801860809326,2.2703256607055664,-0.001054525375366211
18,31,3,92.0,4.133184909820557,4.148513317108154,0.015328407287597656
18,31,4,194.0,3.299353837966919,3.306272268295288,0.006918430328369141
18,31,5,115.0,2.8214778900146484,2.823782444000244,0.002304553985595703
18,31,6,109.0,4.325214862823486,4.327706813812256,0.0024919509887695312
18,31,7,48.0,3.449648857116699,3.462641477584839,0.012992620468139648
18,31,8,69.0,3.7256877422332764,3.73830246925354,0.012614727020263672
18,31,9,85.0,3.190195322036743,3.1812844276428223,-0.008910894393920898
18,31,10,238.0,2.782064914703369,2.785745620727539,0.003680706024169922
18,31,11,233.0,2.6044344902038574,2.6143856048583984,0.009951114654541016
18,31,12,208.0,3.147305488586426,3.1569595336914062,0.009654045104980469
18,31,13,196.0,2.917774200439453,2.919980525970459,0.0022063255310058594
18,31,14,131.0,3.2567384243011475,3.2713229656219482,0.014584541320800781
18,31,15,125.0,2.790242910385132,2.785628318786621,-0.004614591598510742
18,31,16,61.0,4.113956451416016,4.121946334838867,0.007989883422851562
18,31,17,164.0,2.230290412902832,2.2373924255371094,0.007102012634277344
18,31,18,107.0,3.345957040786743,3.3527705669403076,0.006813526153564453
18,31,19,48.0,3.959183692932129,3.957895517349243,-0.0012881755828857422
18,31,20,74.0,2.182640314102173,2.185586929321289,0.002946615219116211
18,31,21,103.0,2.7647080421447754,2.7799720764160156,0.015264034271240234
18,31,22,114.0,3.4331488609313965,3.4426796436309814,0.009530782699584961
18,31,23,50.0,5.562728404998779,5.5714898109436035,0.008761405944824219
18,31,24,281.0,2.4593505859375,2.456521987915039,-0.0028285980224609375
18,31,25,247.0,2.162877321243286,2.167968988418579,0.005091667175292969
18,31,26,173.0,3.780362606048584,3.785325527191162,0.004962921142578125
18,31,27,166.0,3.268761396408081,3.261974573135376,-0.006786823272705078
18,31,28,98.0,2.8850836753845215,2.8950977325439453,0.010014057159423828
18,31,29,174.0,3.2879021167755127,3.2846217155456543,-0.0032804012298583984
18,31,30,173.0,3.087313413619995,3.091787815093994,0.0044744014739990234
18,31,31,215.0,3.7688708305358887,3.7673110961914062,-0.0015597343444824219
18,31,32,186.0,2.7773280143737793,2.7638044357299805,-0.013523578643798828
18,31,33,153.0,2.610452890396118,2.607093095779419,-0.0033597946166992188
18,31,34,147.0,3.096090793609619,3.097635269165039,0.0015444755554199219
18,31,35,50.0,4.262930870056152,4.268543720245361,0.005612850189208984
18,31,36,86.0,2.5445685386657715,2.5436105728149414,-0.0009579658508300781
18,31,37,154.0,4.032649040222168,4.036455154418945,0.0038061141967773438
18,31,38,265.0,2.685051679611206,2.684612989425659,-0.000438690185546875
18,31,39,199.0,3.442211389541626,3.449157476425171,0.006946086883544922
18,31,40,138.0,3.036294937133789,3.0404746532440186,0.004179716110229492
18,31,41,98.0,3.56339955329895,3.5805141925811768,0.017114639282226562
18,31,42,167.0,2.791276693344116,2.798450231552124,0.0071735382080078125
18,31,43,288.0,3.996307849884033,3.99648380279541,0.00017595291137695312
18,31,44,225.0,2.764963150024414,2.755695104598999,-0.009268045425415039
18,31,45,191.0,3.2674989700317383,3.271458864212036,0.0039598941802978516
18,31,46,92.0,4.787234783172607,4.785763740539551,-0.0014710426330566406
18,31,47,41.0,5.17321252822876,5.195296287536621,0.022083759307861328
18,31,48,231.0,3.050201892852783,3.0498015880584717,-0.00040030479431152344
18,31,49,101.0,2.2807674407958984,2.289172887802124,0.008405447006225586
18,31,50,177.0,3.28656005859375,3.2887625694274902,0.0022025108337402344
18,31,51,252.0,3.729534387588501,3.741215467453003,0.011681079864501953
18,31,52,259.0,3.0285918712615967,3.0362255573272705,0.007633686065673828
18,31,53,47.0,3.0469322204589844,3.0306596755981445,-0.016272544860839844
18,31,54,164.0,2.354414463043213,2.362851142883301,0.00843667984008789
18,31,55,94.0,3.564063310623169,3.5643560886383057,0.00029277801513671875
18,31,56,103.0,3.668520927429199,3.6720755100250244,0.0035545825958251953
18,31,57,78.0,3.6771252155303955,3.680814266204834,0.0036890506744384766
18,31,58,239.0,3.4083893299102783,3.41149640083313,0.0031070709228515625
18,31,59,271.0,4.502346992492676,4.501870155334473,-0.000476837158203125
18,31,60,162.0,3.0323004722595215,3.031359910964966,-0.0009405612945556641
18,31,61,179.0,3.618516206741333,3.624235153198242,0.00571894645690918
18,31,62,218.0,2.710827112197876,2.712101697921753,0.0012745857238769531
18,31,63,81.0,3.249349355697632,3.257524251937866,0.008174896240234375
18,31,64,93.0,3.696587085723877,3.7052652835845947,0.008678197860717773
18,31,65,72.0,3.9958338737487793,3.991208791732788,-0.004625082015991211
18,31,66,230.0,3.6442677974700928,3.648899793624878,0.004631996154785156
18,31,67,99.0,2.919395685195923,2.924778461456299,0.0053827762603759766
18,31,68,213.0,2.9106554985046387,2.913651704788208,0.002996206283569336
18,31,69,119.0,2.7914681434631348,2.796018362045288,0.00455021858215332
18,31,70,161.0,3.1008999347686768,3.1012749671936035,0.0003750324249267578
18,31,71,90.0,4.010181903839111,4.013113021850586,0.0029311180114746094
18,31,72,181.0,3.0067594051361084,3.024282932281494,0.017523527145385742
18,31,73,95.0,4.08024787902832,4.089511394500732,0.00926351547241211
18,31,74,245.0,2.442718744277954,2.4302620887756348,-0.012456655502319336
18,31,75,93.0,2.114382266998291,2.1184396743774414,0.004057407379150391
18,31,76,225.0,2.825653553009033,2.8280603885650635,0.0024068355560302734
18,31,77,61.0,3.338794708251953,3.3466827869415283,0.007888078689575195
18,31,78,257.0,3.9624106884002686,3.972158670425415,0.009747982025146484
18,31,79,165.0,3.2207393646240234,3.2224159240722656,0.0016765594482421875
18,31,80,117.0,4.315102577209473,4.310586929321289,-0.004515647888183594
18,31,81,89.0,3.6350255012512207,3.640498399734497,0.005472898483276367
18,31,82,291.0,3.772111177444458,3.7727088928222656,0.0005977153778076172
18,31,83,93.0,3.43058443069458,3.439728021621704,0.009143590927124023
18,31,84,228.0,2.4015636444091797,2.4053568840026855,0.0037932395935058594
18,31,85,131.0,2.8454298973083496,2.8408451080322266,-0.004584789276123047
18,31,86,191.0,4.341160774230957,4.354708194732666,0.013547420501708984
18,31,87,238.0,5.110036849975586,5.119448661804199,0.009411811828613281
18,31,88,210.0,3.3413021564483643,3.343700885772705,0.0023987293243408203
18,31,89,107.0,4.339839935302734,4.364506244659424,0.024666309356689453
18,31,90,217.0,3.0681116580963135,3.073326349258423,0.005214691162109375
18,31,91,199.0,3.2457942962646484,3.2537851333618164,0.007990837097167969
18,31,92,84.0,2.6276965141296387,2.63910174369812,0.011405229568481445
18,31,93,271.0,3.756063222885132,3.7621593475341797,0.0060961246490478516
18,31,94,226.0,3.251934289932251,3.2620320320129395,0.010097742080688477
18,31,95,258.0,3.875674247741699,3.8804428577423096,0.0047686100006103516
18,31,96,86.0,3.585750102996826,3.5957257747650146,0.009975671768188477
18,31,97,142.0,4.497574806213379,4.4986772537231445,0.001102447509765625
18,31,98,42.0,3.347982168197632,3.2829785346984863,-0.06500363349914551
18,31,99,224.0,2.679133892059326,2.675152540206909,-0.003981351852416992
18,31,100,197.0,2.196375608444214,2.1945347785949707,-0.001840829849243164
18,31,101,85.0,2.568619728088379,2.5591049194335938,-0.009514808654785156
18,31,102,195.0,3.2174572944641113,3.230208396911621,0.012751102447509766
18,31,103,102.0,3.6202828884124756,3.6354873180389404,0.015204429626464844
18,31,104,181.0,3.483546018600464,3.4895195960998535,0.0059735774993896484
18,31,105,72.0,2.1719796657562256,2.177314519882202,0.0053348541259765625
18,31,106,130.0,4.735745906829834,4.740453243255615,0.00470733642578125
18,31,107,62.0,2.6150100231170654,2.6133172512054443,-0.0016927719116210938
18,31,108,263.0,3.6819097995758057,3.6866700649261475,0.004760265350341797
18,31,109,194.0,2.822662115097046,2.823742389678955,0.0010802745819091797
18,31,110,174.0,2.753187417984009,2.7555007934570312,0.002313375473022461
18,31,111,235.0,4.053600788116455,4.061489582061768,0.0078887939453125
18,31,112,143.0,4.031272888183594,4.041656494140625,0.01038360595703125
18,31,113,117.0,4.415828704833984,4.409102916717529,-0.006725788116455078
18,31,114,160.0,3.988440990447998,3.994600772857666,0.006159782409667969
18,31,115,115.0,3.474060297012329,3.48759126663208,0.013530969619750977
18,31,116,120.0,3.551665782928467,3.5534260272979736,0.001760244369506836
18,31,117,186.0,3.7136735916137695,3.714383125305176,0.00070953369140625
18,31,118,138.0,3.1632800102233887,3.1627793312072754,-0.0005006790161132812
18,31,119,80.0,2.3273348808288574,2.3188560009002686,-0.008478879928588867
18,31,120,164.0,2.849583864212036,2.857647180557251,0.008063316345214844
18,31,121,215.0,3.761408567428589,3.7731266021728516,0.011718034744262695
18,31,122,81.0,3.2764456272125244,3.2789859771728516,0.0025403499603271484
18,31,123,171.0,3.1637179851531982,3.1714413166046143,0.007723331451416016
18,31,124,41.0,5.6693196296691895,5.68625545501709,0.01693582534790039
18,31,125,103.0,3.8813576698303223,3.8791463375091553,-0.002211332321166992
18,31,126,145.0,3.006119966506958,3.0080642700195312,0.0019443035125732422
18,31,127,102.0,2.92803955078125,2.9246459007263184,-0.0033936500549316406
31,0,0,196.0,3.6189582347869873,3.612391471862793,-0.006566762924194336
31,0,1,127.0,3.22214412689209,3.2231245040893555,0.000980377197265625
31,0,2,162.0,2.2713801860809326,2.264008045196533,-0.007372140884399414
31,0,3,92.0,4.133184909820557,4.132603645324707,-0.0005812644958496094
31,0,4,194.0,3.299353837966919,3.2987663745880127,-0.00058746337890625
31,0,5,115.0,2.8214778900146484,2.824122905731201,0.0026450157165527344
31,0,6,109.0,4.325214862823486,4.323348045349121,-0.0018668174743652344
31,0,7,48.0,3.449648857116699,3.453817367553711,0.004168510437011719
31,0,8,69.0,3.7256877422332764,3.7231640815734863,-0.002523660659790039
31,0,9,85.0,3.190195322036743,3.1862800121307373,-0.003915309906005859
31,0,10,238.0,2.782064914703369,2.7826783657073975,0.0006134510040283203
31,0,11,233.0,2.6044344902038574,2.6067378520965576,0.0023033618927001953
31,0,12,208.0,3.147305488586426,3.147833824157715,0.0005283355712890625
31,0,13,196.0,2.917774200439453,2.9207963943481445,0.0030221939086914062
31,0,14,131.0,3.2567384243011475,3.2568163871765137,7.796287536621094e-05
31,0,15,125.0,2.790242910385132,2.7908284664154053,0.0005855560302734375
31,0,16,61.0,4.113956451416016,4.109161853790283,-0.004794597625732422
31,0,17,164.0,2.230290412902832,2.22871470451355,-0.0015757083892822266
31,0,18,107.0,3.345957040786743,3.350350856781006,0.004393815994262695
31,0,19,48.0,3.959183692932129,3.960261106491089,0.001077413558959961
31,0,20,74.0,2.182640314102173,2.1834466457366943,0.0008063316345214844
31,0,21,103.0,2.7647080421447754,2.7664010524749756,0.0016930103302001953
31,0,22,114.0,3.4331488609313965,3.4333271980285645,0.00017833709716796875
31,0,23,50.0,5.562728404998779,5.5690813064575195,0.006352901458740234
31,0,24,281.0,2.4593505859375,2.4603235721588135,0.0009729862213134766
31,0,25,247.0,2.162877321243286,2.1646175384521484,0.0017402172088623047
31,0,26,173.0,3.780362606048584,3.7810721397399902,0.00070953369140625
31,0,27,166.0,3.268761396408081,3.2732090950012207,0.0044476985931396484
31,0,28,98.0,2.8850836753845215,2.87776255607605,-0.00732111930847168
31,0,29,174.0,3.2879021167755127,3.2865867614746094,-0.0013153553009033203
31,0,30,173.0,3.087313413619995,3.0848114490509033,-0.002501964569091797
31,0,31,215.0,3.7688708305358887,3.7687199115753174,-0.00015091896057128906
31,0,32,186.0,2.7773280143737793,2.7795331478118896,0.0022051334381103516
31,0,33,153.0,2.610452890396118,2.6044042110443115,-0.006048679351806641
31,0,34,147.0,3.096090793609619,3.0940520763397217,-0.002038717269897461
31,0,35,50.0,4.262930870056152,4.253133773803711,-0.009797096252441406
31,0,36,86.0,2.5445685386657715,2.544577121734619,8.58306884765625e-06
31,0,37,154.0,4.032649040222168,4.02650260925293,-0.006146430969238281
31,0,38,265.0,2.685051679611206,2.6835548877716064,-0.0014967918395996094
31,0,39,199.0,3.442211389541626,3.4403505325317383,-0.0018608570098876953
31,0,40,138.0,3.036294937133789,3.0360753536224365,-0.00021958351135253906
31,0,41,98.0,3.56339955329895,3.5674116611480713,0.004012107849121094
31,0,42,167.0,2.791276693344116,2.7924344539642334,0.0011577606201171875
31,0,43,288.0,3.996307849884033,3.9970555305480957,0.0007476806640625
31,0,44,225.0,2.764963150024414,2.766037940979004,0.0010747909545898438
31,0,45,191.0,3.2674989700317383,3.269397020339966,0.001898050308227539
31,0,46,92.0,4.787234783172607,4.781274318695068,-0.0059604644775390625
31,0,47,41.0,5.17321252822876,5.176811695098877,0.0035991668701171875
31,0,48,231.0,3.050201892852783,3.048628091812134,-0.001573801040649414
31,0,49,101.0,2.2807674407958984,2.279111862182617,-0.00165557861328125
31,0,50,177.0,3.28656005859375,3.285924196243286,-0.0006358623504638672
31,0,51,252.0,3.729534387588501,3.729386806488037,-0.0001475811004638672
31,0,52,259.0,3.0285918712615967,3.0286667346954346,7.486343383789062e-05
31,0,53,47.0,3.0469322204589844,3.052809953689575,0.00587773323059082
31,0,54,164.0,2.354414463043213,2.3575968742370605,0.0031824111938476562
31,0,55,94.0,3.564063310623169,3.5586392879486084,-0.005424022674560547
31,0,56,103.0,3.668520927429199,3.667567491531372,-0.0009534358978271484
31,0,57,78.0,3.6771252155303955,3.6776952743530273,0.0005700588226318359
31,0,58,239.0,3.4083893299102783,3.4043383598327637,-0.0040509700775146484
31,0,59,271.0,4.502346992492676,4.502065658569336,-0.00028133392333984375
31,0,60,162.0,3.0323004722595215,3.0308985710144043,-0.0014019012451171875
31,0,61,179.0,3.618516206741333,3.6150553226470947,-0.0034608840942382812
31,0,62,218.0,2.710827112197876,2.7162957191467285,0.005468606948852539
31,0,63,81.0,3.249349355697632,3.2457995414733887,-0.003549814224243164
31,0,64,93.0,3.696587085723877,3.696934223175049,0.000347137451171875
31,0,65,72.0,3.9958338737487793,3.985783100128174,-0.010050773620605469
31,0,66,230.0,3.6442677974700928,3.646070957183838,0.0018031597137451172
31,0,67,99.0,2.919395685195923,2.916149616241455,-0.0032460689544677734
31,0,68,213.0,2.9106554985046387,2.9103927612304688,-0.0002627372741699219
31,0,69,119.0,2.7914681434631348,2.7861135005950928,-0.005354642868041992
31,0,70,161.0,3.1008999347686768,3.0959672927856445,-0.0049326419830322266
31,0,71,90.0,4.010181903839111,4.006623268127441,-0.003558635711669922
31,0,72,181.0,3.0067594051361084,3.012427568435669,0.005668163299560547
31,0,73,95.0,4.08024787902832,4.081640720367432,0.0013928413391113281
31,0,74,245.0,2.442718744277954,2.440620183944702,-0.002098560333251953
31,0,75,93.0,2.114382266998291,2.1168394088745117,0.002457141876220703
31,0,76,225.0,2.825653553009033,2.8248116970062256,-0.0008418560028076172
31,0,77,61.0,3.338794708251953,3.338768482208252,-2.6226043701171875e-05
31,0,78,257.0,3.9624106884002686,3.961790084838867,-0.0006206035614013672
31,0,79,165.0,3.2207393646240234,3.2208709716796875,0.0001316070556640625
31,0,80,117.0,4.315102577209473,4.307032108306885,-0.00807046890258789
31,0,81,89.0,3.6350255012512207,3.6362626552581787,0.0012371540069580078
31,0,82,291.0,3.772111177444458,3.7709970474243164,-0.0011141300201416016
31,0,83,93.0,3.43058443069458,3.4309167861938477,0.0003323554992675781
31,0,84,228.0,2.4015636444091797,2.4021575450897217,0.0005939006805419922
31,0,85,131.0,2.8454298973083496,2.8475236892700195,0.002093791961669922
31,0,86,191.0,4.341160774230957,4.342331409454346,0.0011706352233886719
31,0,87,238.0,5.110036849975586,5.1125006675720215,0.002463817596435547
31,0,88,210.0,3.3413021564483643,3.3479533195495605,0.006651163101196289
31,0,89,107.0,4.339839935302734,4.339648246765137,-0.00019168853759765625
31,0,90,217.0,3.0681116580963135,3.063448190689087,-0.0046634674072265625
31,0,91,199.0,3.2457942962646484,3.2457895278930664,-4.76837158203125e-06
31,0,92,84.0,2.6276965141296387,2.6317152976989746,0.0040187835693359375
31,0,93,271.0,3.756063222885132,3.753840684890747,-0.0022225379943847656
31,0,94,226.0,3.251934289932251,3.25154972076416,-0.0003845691680908203
31,0,95,258.0,3.875674247741699,3.8785738945007324,0.002899646759033203
31,0,96,86.0,3.585750102996826,3.590015172958374,0.0042650699615478516
31,0,97,142.0,4.497574806213379,4.495659351348877,-0.0019154548645019531
31,0,98,42.0,3.347982168197632,3.3344974517822266,-0.013484716415405273
31,0,99,224.0,2.679133892059326,2.677461624145508,-0.0016722679138183594
31,0,100,197.0,2.196375608444214,2.1943600177764893,-0.0020155906677246094
31,0,101,85.0,2.568619728088379,2.5641977787017822,-0.00442194938659668
31,0,102,195.0,3.2174572944641113,3.2166085243225098,-0.0008487701416015625
31,0,103,102.0,3.6202828884124756,3.6303725242614746,0.010089635848999023
31,0,104,181.0,3.483546018600464,3.4893293380737305,0.0057833194732666016
31,0,105,72.0,2.1719796657562256,2.168729543685913,-0.0032501220703125
31,0,106,130.0,4.735745906829834,4.737774848937988,0.002028942108154297
31,0,107,62.0,2.6150100231170654,2.6072354316711426,-0.0077745914459228516
31,0,108,263.0,3.6819097995758057,3.681697368621826,-0.0002124309539794922
31,0,109,194.0,2.822662115097046,2.8247692584991455,0.0021071434020996094
31,0,110,174.0,2.753187417984009,2.750096559524536,-0.0030908584594726562
31,0,111,235.0,4.053600788116455,4.056962013244629,0.003361225128173828
31,0,112,143.0,4.031272888183594,4.034271240234375,0.00299835205078125
31,0,113,117.0,4.415828704833984,4.4222822189331055,0.006453514099121094
31,0,114,160.0,3.988440990447998,3.986905574798584,-0.0015354156494140625
31,0,115,115.0,3.474060297012329,3.476534366607666,0.002474069595336914
31,0,116,120.0,3.551665782928467,3.552724599838257,0.001058816909790039
31,0,117,186.0,3.7136735916137695,3.717393398284912,0.003719806671142578
31,0,118,138.0,3.1632800102233887,3.1612133979797363,-0.0020666122436523438
31,0,119,80.0,2.3273348808288574,2.3246960639953613,-0.0026388168334960938
31,0,120,164.0,2.849583864212036,2.8521509170532227,0.0025670528411865234
31,0,121,215.0,3.761408567428589,3.762195110321045,0.0007865428924560547
31,0,122,81.0,3.2764456272125244,3.2715461254119873,-0.004899501800537109
31,0,123,171.0,3.1637179851531982,3.167274236679077,0.0035562515258789062
31,0,124,41.0,5.6693196296691895,5.674337863922119,0.0050182342529296875
31,0,125,103.0,3.8813576698303223,3.879854440689087,-0.0015032291412353516
31,0,126,145.0,3.006119966506958,3.0044384002685547,-0.0016815662384033203
31,0,127,102.0,2.92803955078125,2.9258272647857666,-0.0022122859954833984
31,1,0,196.0,3.6189582347869873,3.614274740219116,-0.004683494567871094
31,1,1,127.0,3.22214412689209,3.2223265171051025,0.0001823902130126953
31,1,2,162.0,2.2713801860809326,2.266375780105591,-0.005004405975341797
31,1,3,92.0,4.133184909820557,4.1294636726379395,-0.0037212371826171875
31,1,4,194.0,3.299353837966919,3.296732187271118,-0.0026216506958007812
31,1,5,115.0,2.8214778900146484,2.818690538406372,-0.002787351608276367
31,1,6,109.0,4.325214862823486,4.326529502868652,0.0013146400451660156
31,1,7,48.0,3.449648857116699,3.453169107437134,0.0035202503204345703
31,1,8,69.0,3.7256877422332764,3.7260985374450684,0.0004107952117919922
31,1,9,85.0,3.190195322036743,3.188812732696533,-0.001382589340209961
31,1,10,238.0,2.782064914703369,2.7846922874450684,0.0026273727416992188
31,1,11,233.0,2.6044344902038574,2.609393358230591,0.0049588680267333984
31,1,12,208.0,3.147305488586426,3.142073631286621,-0.0052318572998046875
31,1,13,196.0,2.917774200439453,2.921755313873291,0.003981113433837891
31,1,14,131.0,3.2567384243011475,3.2523093223571777,-0.0044291019439697266
31,1,15,125.0,2.790242910385132,2.790867567062378,0.0006246566772460938
31,1,16,61.0,4.113956451416016,4.101180553436279,-0.012775897979736328
31,1,17,164.0,2.230290412902832,2.2278635501861572,-0.0024268627166748047
31,1,18,107.0,3.345957040786743,3.3449676036834717,-0.0009894371032714844
31,1,19,48.0,3.959183692932129,3.9596073627471924,0.00042366981506347656
31,1,20,74.0,2.182640314102173,2.1813037395477295,-0.0013365745544433594
31,1,21,103.0,2.7647080421447754,2.7724533081054688,0.007745265960693359
31,1,22,114.0,3.4331488609313965,3.4403364658355713,0.007187604904174805
31,1,23,50.0,5.562728404998779,5.559147357940674,-0.0035810470581054688
31,1,24,281.0,2.4593505859375,2.4589099884033203,-0.0004405975341796875
31,1,25,247.0,2.162877321243286,2.1637673377990723,0.0008900165557861328
31,1,26,173.0,3.780362606048584,3.785057544708252,0.004694938659667969
31,1,27,166.0,3.268761396408081,3.265424966812134,-0.0033364295959472656
31,1,28,98.0,2.8850836753845215,2.8870279788970947,0.0019443035125732422
31,1,29,174.0,3.2879021167755127,3.2861201763153076,-0.0017819404602050781
31,1,30,173.0,3.087313413619995,3.087838649749756,0.0005252361297607422
31,1,31,215.0,3.7688708305358887,3.7687153816223145,-0.00015544891357421875
31,1,32,186.0,2.7773280143737793,2.773512363433838,-0.0038156509399414062
31,1,33,153.0,2.610452890396118,2.605344772338867,-0.0051081180572509766
31,1,34,147.0,3.096090793609619,3.092644214630127,-0.0034465789794921875
31,1,35,50.0,4.262930870056152,4.258752822875977,-0.004178047180175781
31,1,36,86.0,2.5445685386657715,2.5517594814300537,0.0071909427642822266
31,1,37,154.0,4.032649040222168,4.024345874786377,-0.008303165435791016
31,1,38,265.0,2.685051679611206,2.683621406555176,-0.0014302730560302734
31,1,39,199.0,3.442211389541626,3.438662052154541,-0.003549337387084961
31,1,40,138.0,3.036294937133789,3.041729211807251,0.005434274673461914
31,1,41,98.0,3.56339955329895,3.562371015548706,-0.0010285377502441406
31,1,42,167.0,2.791276693344116,2.7950069904327393,0.003730297088623047
31,1,43,288.0,3.996307849884033,3.9950075149536133,-0.0013003349304199219
31,1,44,225.0,2.764963150024414,2.7665929794311523,0.0016298294067382812
31,1,45,191.0,3.2674989700317383,3.269688367843628,0.0021893978118896484
31,1,46,92.0,4.787234783172607,4.7868146896362305,-0.0004200935363769531
31,1,47,41.0,5.17321252822876,5.178912162780762,0.005699634552001953
31,1,48,231.0,3.050201892852783,3.0468332767486572,-0.0033686161041259766
31,1,49,101.0,2.2807674407958984,2.2866947650909424,0.005927324295043945
31,1,50,177.0,3.28656005859375,3.2845747470855713,-0.001985311508178711
31,1,51,252.0,3.729534387588501,3.73125958442688,0.0017251968383789062
31,1,52,259.0,3.0285918712615967,3.0284416675567627,-0.00015020370483398438
31,1,53,47.0,3.0469322204589844,3.0531771183013916,0.0062448978424072266
31,1,54,164.0,2.354414463043213,2.357733964920044,0.0033195018768310547
31,1,55,94.0,3.564063310623169,3.549931287765503,-0.014132022857666016
31,1,56,103.0,3.668520927429199,3.667299509048462,-0.0012214183807373047
31,1,57,78.0,3.6771252155303955,3.6812145709991455,0.00408935546875
31,1,58,239.0,3.4083893299102783,3.40181565284729,-0.006573677062988281
31,1,59,271.0,4.502346992492676,4.5015869140625,-0.0007600784301757812
31,1,60,162.0,3.0323004722595215,3.028162717819214,-0.004137754440307617
31,1,61,179.0,3.618516206741333,3.6205334663391113,0.0020172595977783203
31,1,62,218.0,2.710827112197876,2.716397523880005,0.005570411682128906
31,1,63,81.0,3.249349355697632,3.2497122287750244,0.0003628730773925781
31,1,64,93.0,3.696587085723877,3.6976568698883057,0.001069784164428711
31,1,65,72.0,3.9958338737487793,3.98581862449646,-0.010015249252319336
31,1,66,230.0,3.6442677974700928,3.65106463432312,0.006796836853027344
31,1,67,99.0,2.919395685195923,2.910400152206421,-0.008995532989501953
31,1,68,213.0,2.9106554985046387,2.9102258682250977,-0.0004296302795410156
31,1,69,119.0,2.7914681434631348,2.7930679321289062,0.0015997886657714844
31,1,70,161.0,3.1008999347686768,3.0939016342163086,-0.006998300552368164
31,1,71,90.0,4.010181903839111,4.010766506195068,0.0005846023559570312
31,1,72,181.0,3.0067594051361084,3.0076584815979004,0.0008990764617919922
31,1,73,95.0,4.08024787902832,4.0799384117126465,-0.0003094673156738281
31,1,74,245.0,2.442718744277954,2.4407248497009277,-0.001993894577026367
31,1,75,93.0,2.114382266998291,2.1142959594726562,-8.630752563476562e-05
31,1,76,225.0,2.825653553009033,2.8207316398620605,-0.004921913146972656
31,1,77,61.0,3.338794708251953,3.339268684387207,0.00047397613525390625
31,1,78,257.0,3.9624106884002686,3.964742422103882,0.0023317337036132812
31,1,79,165.0,3.2207393646240234,3.2215635776519775,0.0008242130279541016
31,1,80,117.0,4.315102577209473,4.311701774597168,-0.0034008026123046875
31,1,81,89.0,3.6350255012512207,3.6309218406677246,-0.004103660583496094
31,1,82,291.0,3.772111177444458,3.775278091430664,0.0031669139862060547
31,1,83,93.0,3.43058443069458,3.431488037109375,0.0009036064147949219
31,1,84,228.0,2.4015636444091797,2.4036216735839844,0.0020580291748046875
31,1,85,131.0,2.8454298973083496,2.844115734100342,-0.0013141632080078125
31,1,86,191.0,4.341160774230957,4.343331813812256,0.002171039581298828
31,1,87,238.0,5.110036849975586,5.113738536834717,0.0037016868591308594
31,1,88,210.0,3.3413021564483643,3.3464088439941406,0.005106687545776367
31,1,89,107.0,4.339839935302734,4.340494155883789,0.0006542205810546875
31,1,90,217.0,3.0681116580963135,3.0663816928863525,-0.0017299652099609375
31,1,91,199.0,3.2457942962646484,3.2522990703582764,0.00650477409362793
31,1,92,84.0,2.6276965141296387,2.6310625076293945,0.0033659934997558594
31,1,93,271.0,3.756063222885132,3.7526895999908447,-0.0033736228942871094
31,1,94,226.0,3.251934289932251,3.255459785461426,0.0035254955291748047
31,1,95,258.0,3.875674247741699,3.885204553604126,0.009530305862426758
31,1,96,86.0,3.585750102996826,3.5865676403045654,0.0008175373077392578
31,1,97,142.0,4.497574806213379,4.500665187835693,0.003090381622314453
31,1,98,42.0,3.347982168197632,3.3288187980651855,-0.01916337013244629
31,1,99,224.0,2.679133892059326,2.67854905128479,-0.0005848407745361328
31,1,100,197.0,2.196375608444214,2.1919963359832764,-0.0043792724609375
31,1,101,85.0,2.568619728088379,2.562723398208618,-0.005896329879760742
31,1,102,195.0,3.2174572944641113,3.2188477516174316,0.0013904571533203125
31,1,103,102.0,3.6202828884124756,3.6202125549316406,-7.033348083496094e-05
31,1,104,181.0,3.483546018600464,3.4880950450897217,0.0045490264892578125
31,1,105,72.0,2.1719796657562256,2.171170234680176,-0.0008094310760498047
31,1,106,130.0,4.735745906829834,4.739500999450684,0.0037550926208496094
31,1,107,62.0,2.6150100231170654,2.6073343753814697,-0.007675647735595703
31,1,108,263.0,3.6819097995758057,3.682894706726074,0.0009849071502685547
31,1,109,194.0,2.822662115097046,2.822216272354126,-0.0004458427429199219
31,1,110,174.0,2.753187417984009,2.7586090564727783,0.005421638488769531
31,1,111,235.0,4.053600788116455,4.089599609375,0.03599882125854492
31,1,112,143.0,4.031272888183594,4.026134967803955,-0.005137920379638672
31,1,113,117.0,4.415828704833984,4.42073917388916,0.004910469055175781
31,1,114,160.0,3.988440990447998,3.9861559867858887,-0.002285003662109375
31,1,115,115.0,3.474060297012329,3.478468656539917,0.004408359527587891
31,1,116,120.0,3.551665782928467,3.5485048294067383,-0.0031609535217285156
31,1,117,186.0,3.7136735916137695,3.7115209102630615,-0.002152681350708008
31,1,118,138.0,3.1632800102233887,3.1614928245544434,-0.0017871856689453125
31,1,119,80.0,2.3273348808288574,2.3205952644348145,-0.006739616394042969
31,1,120,164.0,2.849583864212036,2.849449634552002,-0.0001342296600341797
31,1,121,215.0,3.761408567428589,3.7604353427886963,-0.0009732246398925781
31,1,122,81.0,3.2764456272125244,3.2769522666931152,0.0005066394805908203
31,1,123,171.0,3.1637179851531982,3.1643829345703125,0.0006649494171142578
31,1,124,41.0,5.6693196296691895,5.6794328689575195,0.010113239288330078
31,1,125,103.0,3.8813576698303223,3.887192726135254,0.005835056304931641
31,1,126,145.0,3.006119966506958,3.006289482116699,0.00016951560974121094
31,1,127,102.0,2.92803955078125,2.9266626834869385,-0.0013768672943115234
31,2,0,196.0,3.6189582347869873,3.6181368827819824,-0.0008213520050048828
31,2,1,127.0,3.22214412689209,3.2222867012023926,0.00014257431030273438
31,2,2,162.0,2.2713801860809326,2.2692711353302,-0.002109050750732422
31,2,3,92.0,4.133184909820557,4.153145790100098,0.019960880279541016
31,2,4,194.0,3.299353837966919,3.2980339527130127,-0.00131988525390625
31,2,5,115.0,2.8214778900146484,2.8212363719940186,-0.0002415180206298828
31,2,6,109.0,4.325214862823486,4.327599048614502,0.002384185791015625
31,2,7,48.0,3.449648857116699,3.451172113418579,0.0015232563018798828
31,2,8,69.0,3.7256877422332764,3.7289159297943115,0.0032281875610351562
31,2,9,85.0,3.190195322036743,3.191725730895996,0.0015304088592529297
31,2,10,238.0,2.782064914703369,2.780785322189331,-0.001279592514038086
31,2,11,233.0,2.6044344902038574,2.604959487915039,0.0005249977111816406
31,2,12,208.0,3.147305488586426,3.1437673568725586,-0.0035381317138671875
31,2,13,196.0,2.917774200439453,2.920149087905884,0.002374887466430664
31,2,14,131.0,3.2567384243011475,3.26381254196167,0.007074117660522461
31,2,15,125.0,2.790242910385132,2.7892813682556152,-0.0009615421295166016
31,2,16,61.0,4.113956451416016,4.1148200035095215,0.0008635520935058594
31,2,17,164.0,2.230290412902832,2.2321579456329346,0.001867532730102539
31,2,18,107.0,3.345957040786743,3.3548219203948975,0.008864879608154297
31,2,19,48.0,3.959183692932129,3.9580752849578857,-0.001108407974243164
31,2,20,74.0,2.182640314102173,2.1837384700775146,0.0010981559753417969
31,2,21,103.0,2.7647080421447754,2.761976718902588,-0.0027313232421875
31,2,22,114.0,3.4331488609313965,3.4306507110595703,-0.002498149871826172
31,2,23,50.0,5.562728404998779,5.561047554016113,-0.0016808509826660156
31,2,24,281.0,2.4593505859375,2.4565324783325195,-0.0028181076049804688
31,2,25,247.0,2.162877321243286,2.163547992706299,0.0006706714630126953
31,2,26,173.0,3.780362606048584,3.7858951091766357,0.005532503128051758
31,2,27,166.0,3.268761396408081,3.276550769805908,0.0077893733978271484
31,2,28,98.0,2.8850836753845215,2.88265061378479,-0.0024330615997314453
31,2,29,174.0,3.2879021167755127,3.2778103351593018,-0.010091781616210938
31,2,30,173.0,3.087313413619995,3.0856735706329346,-0.0016398429870605469
31,2,31,215.0,3.7688708305358887,3.773585796356201,0.0047149658203125
31,2,32,186.0,2.7773280143737793,2.775845527648926,-0.0014824867248535156
31,2,33,153.0,2.610452890396118,2.610548734664917,9.584426879882812e-05
31,2,34,147.0,3.096090793609619,3.101314067840576,0.005223274230957031
31,2,35,50.0,4.262930870056152,4.260091304779053,-0.0028395652770996094
31,2,36,86.0,2.5445685386657715,2.5427138805389404,-0.0018546581268310547
31,2,37,154.0,4.032649040222168,4.033568859100342,0.0009198188781738281
31,2,38,265.0,2.685051679611206,2.6826977729797363,-0.0023539066314697266
31,2,39,199.0,3.442211389541626,3.440153121948242,-0.002058267593383789
31,2,40,138.0,3.036294937133789,3.0333640575408936,-0.002930879592895508
31,2,41,98.0,3.56339955329895,3.568624496459961,0.005224943161010742
31,2,42,167.0,2.791276693344116,2.7973947525024414,0.006118059158325195
31,2,43,288.0,3.996307849884033,4.001856327056885,0.0055484771728515625
31,2,44,225.0,2.764963150024414,2.77118182182312,0.006218671798706055
31,2,45,191.0,3.2674989700317383,3.2719972133636475,0.00449824333190918
31,2,46,92.0,4.787234783172607,4.780737400054932,-0.006497383117675781
31,2,47,41.0,5.17321252822876,5.163297176361084,-0.009915351867675781
31,2,48,231.0,3.050201892852783,3.0477020740509033,-0.002499818801879883
31,2,49,101.0,2.2807674407958984,2.283493995666504,0.0027265548706054688
31,2,50,177.0,3.28656005859375,3.2875611782073975,0.001001119613647461
31,2,51,252.0,3.729534387588501,3.7298696041107178,0.0003352165222167969
31,2,52,259.0,3.0285918712615967,3.045612335205078,0.017020463943481445
31,2,53,47.0,3.0469322204589844,3.0426180362701416,-0.0043141841888427734
31,2,54,164.0,2.354414463043213,2.35589861869812,0.0014841556549072266
31,2,55,94.0,3.564063310623169,3.556483507156372,-0.007579803466796875
31,2,56,103.0,3.668520927429199,3.6634738445281982,-0.0050470829010009766
31,2,57,78.0,3.6771252155303955,3.675554037094116,-0.0015711784362792969
31,2,58,239.0,3.4083893299102783,3.4076030254364014,-0.0007863044738769531
31,2,59,271.0,4.502346992492676,4.503563404083252,0.0012164115905761719
31,2,60,162.0,3.0323004722595215,3.0279219150543213,-0.004378557205200195
31,2,61,179.0,3.618516206741333,3.6214210987091064,0.0029048919677734375
31,2,62,218.0,2.710827112197876,2.7149102687835693,0.004083156585693359
31,2,63,81.0,3.249349355697632,3.275557041168213,0.026207685470581055
31,2,64,93.0,3.696587085723877,3.7030205726623535,0.0064334869384765625
31,2,65,72.0,3.9958338737487793,3.996493101119995,0.0006592273712158203
31,2,66,230.0,3.6442677974700928,3.6497182846069336,0.00545048713684082
31,2,67,99.0,2.919395685195923,2.9082484245300293,-0.011147260665893555
31,2,68,213.0,2.9106554985046387,2.909114360809326,-0.0015411376953125
31,2,69,119.0,2.7914681434631348,2.792379856109619,0.000911712646484375
31,2,70,161.0,3.1008999347686768,3.09757661819458,-0.0033233165740966797
31,2,71,90.0,4.010181903839111,4.017599105834961,0.007417201995849609
31,2,72,181.0,3.0067594051361084,3.0066261291503906,-0.00013327598571777344
31,2,73,95.0,4.08024787902832,4.095433235168457,0.015185356140136719
31,2,74,245.0,2.442718744277954,2.4371931552886963,-0.0055255889892578125
31,2,75,93.0,2.114382266998291,2.120286464691162,0.005904197692871094
31,2,76,225.0,2.825653553009033,2.83205509185791,0.006401538848876953
31,2,77,61.0,3.338794708251953,3.3412578105926514,0.002463102340698242
31,2,78,257.0,3.9624106884002686,3.9606170654296875,-0.0017936229705810547
31,2,79,165.0,3.2207393646240234,3.205451250076294,-0.015288114547729492
31,2,80,117.0,4.315102577209473,4.303537845611572,-0.01156473159790039
31,2,81,89.0,3.6350255012512207,3.6395583152770996,0.004532814025878906
31,2,82,291.0,3.772111177444458,3.766237497329712,-0.005873680114746094
31,2,83,93.0,3.43058443069458,3.43169903755188,0.0011146068572998047
31,2,84,228.0,2.4015636444091797,2.401583671569824,2.002716064453125e-05
31,2,85,131.0,2.8454298973083496,2.8420515060424805,-0.0033783912658691406
31,2,86,191.0,4.341160774230957,4.34060001373291,-0.000560760498046875
31,2,87,238.0,5.110036849975586,5.106904983520508,-0.003131866455078125
31,2,88,210.0,3.3413021564483643,3.343676805496216,0.0023746490478515625
31,2,89,107.0,4.339839935302734,4.342319488525391,0.00247955322265625
31,2,90,217.0,3.0681116580963135,3.0655393600463867,-0.002572298049926758
31,2,91,199.0,3.2457942962646484,3.2384068965911865,-0.007387399673461914
31,2,92,84.0,2.6276965141296387,2.6244394779205322,-0.0032570362091064453
31,2,93,271.0,3.756063222885132,3.7537803649902344,-0.002282857894897461
31,2,94,226.0,3.251934289932251,3.2513973712921143,-0.0005369186401367188
31,2,95,258.0,3.875674247741699,3.863365650177002,-0.012308597564697266
31,2,96,86.0,3.585750102996826,3.605328321456909,0.019578218460083008
31,2,97,142.0,4.497574806213379,4.502669334411621,0.0050945281982421875
31,2,98,42.0,3.347982168197632,3.3385441303253174,-0.009438037872314453
31,2,99,224.0,2.679133892059326,2.6781535148620605,-0.000980377197265625
31,2,100,197.0,2.196375608444214,2.1979734897613525,0.0015978813171386719
31,2,101,85.0,2.568619728088379,2.5654284954071045,-0.003191232681274414
31,2,102,195.0,3.2174572944641113,3.214794397354126,-0.0026628971099853516
31,2,103,102.0,3.6202828884124756,3.626659870147705,0.006376981735229492
31,2,104,181.0,3.483546018600464,3.4927189350128174,0.009172916412353516
31,2,105,72.0,2.1719796657562256,2.1652581691741943,-0.00672149658203125
31,2,106,130.0,4.735745906829834,4.7403998374938965,0.0046539306640625
31,2,107,62.0,2.6150100231170654,2.608192205429077,-0.006817817687988281
31,2,108,263.0,3.6819097995758057,3.6838059425354004,0.0018961429595947266
31,2,109,194.0,2.822662115097046,2.8193931579589844,-0.0032689571380615234
31,2,110,174.0,2.753187417984009,2.756972074508667,0.003784656524658203
31,2,111,235.0,4.053600788116455,4.054049968719482,0.00044918060302734375
31,2,112,143.0,4.031272888183594,4.0341410636901855,0.002868175506591797
31,2,113,117.0,4.415828704833984,4.418564796447754,0.0027360916137695312
31,2,114,160.0,3.988440990447998,3.9828217029571533,-0.0056192874908447266
31,2,115,115.0,3.474060297012329,3.4750585556030273,0.0009982585906982422
31,2,116,120.0,3.551665782928467,3.5538268089294434,0.0021610260009765625
31,2,117,186.0,3.7136735916137695,3.715277671813965,0.0016040802001953125
31,2,118,138.0,3.1632800102233887,3.1650664806365967,0.0017864704132080078
31,2,119,80.0,2.3273348808288574,2.32940673828125,0.002071857452392578
31,2,120,164.0,2.849583864212036,2.847909688949585,-0.0016741752624511719
31,2,121,215.0,3.761408567428589,3.7631094455718994,0.0017008781433105469
31,2,122,81.0,3.2764456272125244,3.272841453552246,-0.0036041736602783203
31,2,123,171.0,3.1637179851531982,3.1642491817474365,0.0005311965942382812
31,2,124,41.0,5.6693196296691895,5.675414085388184,0.006094455718994141
31,2,125,103.0,3.8813576698303223,3.880469560623169,-0.0008881092071533203
31,2,126,145.0,3.006119966506958,3.0085906982421875,0.002470731735229492
31,2,127,102.0,2.92803955078125,2.920306921005249,-0.0077326297760009766
31,3,0,196.0,3.6189582347869873,3.6110734939575195,-0.007884740829467773
31,3,1,127.0,3.22214412689209,3.2218892574310303,-0.0002548694610595703
31,3,2,162.0,2.2713801860809326,2.2748100757598877,0.003429889678955078
31,3,3,92.0,4.133184909820557,4.124915599822998,-0.008269309997558594
31,3,4,194.0,3.299353837966919,3.2962450981140137,-0.0031087398529052734
31,3,5,115.0,2.8214778900146484,2.8243041038513184,0.002826213836669922
31,3,6,109.0,4.325214862823486,4.32711935043335,0.0019044876098632812
31,3,7,48.0,3.449648857116699,3.4351108074188232,-0.014538049697875977
31,3,8,69.0,3.7256877422332764,3.7201931476593018,-0.005494594573974609
31,3,9,85.0,3.190195322036743,3.1838271617889404,-0.006368160247802734
31,3,10,238.0,2.782064914703369,2.7859628200531006,0.0038979053497314453
31,3,11,233.0,2.6044344902038574,2.606903553009033,0.0024690628051757812
31,3,12,208.0,3.147305488586426,3.1479403972625732,0.0006349086761474609
31,3,13,196.0,2.917774200439453,2.927385091781616,0.009610891342163086
31,3,14,131.0,3.2567384243011475,3.262086868286133,0.0053484439849853516
31,3,15,125.0,2.790242910385132,2.789860486984253,-0.00038242340087890625
31,3,16,61.0,4.113956451416016,4.1160173416137695,0.0020608901977539062
31,3,17,164.0,2.230290412902832,2.2226037979125977,-0.007686614990234375
31,3,18,107.0,3.345957040786743,3.3485326766967773,0.0025756359100341797
31,3,19,48.0,3.959183692932129,3.9618804454803467,0.0026967525482177734
31,3,20,74.0,2.182640314102173,2.1785497665405273,-0.004090547561645508
31,3,21,103.0,2.7647080421447754,2.775418281555176,0.01071023941040039
31,3,22,114.0,3.4331488609313965,3.4374663829803467,0.004317522048950195
31,3,23,50.0,5.562728404998779,5.5526862144470215,-0.010042190551757812
31,3,24,281.0,2.4593505859375,2.4591128826141357,-0.0002377033233642578
31,3,25,247.0,2.162877321243286,2.1701440811157227,0.0072667598724365234
31,3,26,173.0,3.780362606048584,3.7807271480560303,0.00036454200744628906
31,3,27,166.0,3.268761396408081,3.268659830093384,-0.00010156631469726562
31,3,28,98.0,2.8850836753845215,2.8899412155151367,0.004857540130615234
31,3,29,174.0,3.2879021167755127,3.274797201156616,-0.013104915618896484
31,3,30,173.0,3.087313413619995,3.0888848304748535,0.0015714168548583984
31,3,31,215.0,3.7688708305358887,3.7676777839660645,-0.0011930465698242188
31,3,32,186.0,2.7773280143737793,2.7823004722595215,0.0049724578857421875
31,3,33,153.0,2.610452890396118,2.6074554920196533,-0.0029973983764648438
31,3,34,147.0,3.096090793609619,3.088613271713257,-0.007477521896362305
31,3,35,50.0,4.262930870056152,4.262311935424805,-0.0006189346313476562
31,3,36,86.0,2.5445685386657715,2.545466899871826,0.0008983612060546875
31,3,37,154.0,4.032649040222168,4.030489444732666,-0.002159595489501953
31,3,38,265.0,2.685051679611206,2.691136360168457,0.0060846805572509766
31,3,39,199.0,3.442211389541626,3.436708688735962,-0.0055027008056640625
31,3,40,138.0,3.036294937133789,3.033317804336548,-0.002977132797241211
31,3,41,98.0,3.56339955329895,3.5617129802703857,-0.0016865730285644531
31,3,42,167.0,2.791276693344116,2.7925310134887695,0.0012543201446533203
31,3,43,288.0,3.996307849884033,3.994579792022705,-0.001728057861328125
31,3,44,225.0,2.764963150024414,2.7603635787963867,-0.004599571228027344
31,3,45,191.0,3.2674989700317383,3.271012306213379,0.003513336181640625
31,3,46,92.0,4.787234783172607,4.7836689949035645,-0.0035657882690429688
31,3,47,41.0,5.17321252822876,5.167347431182861,-0.0058650970458984375
31,3,48,231.0,3.050201892852783,3.0460102558135986,-0.00419163703918457
31,3,49,101.0,2.2807674407958984,2.2810654640197754,0.0002980232238769531
31,3,50,177.0,3.28656005859375,3.281714916229248,-0.004845142364501953
31,3,51,252.0,3.729534387588501,3.7277910709381104,-0.001743316650390625
31,3,52,259.0,3.0285918712615967,3.0270192623138428,-0.0015726089477539062
31,3,53,47.0,3.0469322204589844,3.050769329071045,0.003837108612060547
31,3,54,164.0,2.354414463043213,2.352421760559082,-0.0019927024841308594
31,3,55,94.0,3.564063310623169,3.5628185272216797,-0.0012447834014892578
31,3,56,103.0,3.668520927429199,3.6702401638031006,0.0017192363739013672
31,3,57,78.0,3.6771252155303955,3.674107789993286,-0.003017425537109375
31,3,58,239.0,3.4083893299102783,3.407123327255249,-0.0012660026550292969
31,3,59,271.0,4.502346992492676,4.503560543060303,0.0012135505676269531
31,3,60,162.0,3.0323004722595215,3.023230791091919,-0.009069681167602539
31,3,61,179.0,3.618516206741333,3.616966485977173,-0.0015497207641601562
31,3,62,218.0,2.710827112197876,2.7208001613616943,0.00997304916381836
31,3,63,81.0,3.249349355697632,3.2490837574005127,-0.0002655982971191406
31,3,64,93.0,3.696587085723877,3.6887619495391846,-0.007825136184692383
31,3,65,72.0,3.9958338737487793,3.988952159881592,-0.0068817138671875
31,3,66,230.0,3.6442677974700928,3.631621837615967,-0.012645959854125977
31,3,67,99.0,2.919395685195923,2.8997013568878174,-0.01969432830810547
31,3,68,213.0,2.9106554985046387,2.9122025966644287,0.001547098159790039
31,3,69,119.0,2.7914681434631348,2.798936367034912,0.007468223571777344
31,3,70,161.0,3.1008999347686768,3.104102849960327,0.0032029151916503906
31,3,71,90.0,4.010181903839111,4.010355472564697,0.0001735687255859375
31,3,72,181.0,3.0067594051361084,3.0125186443328857,0.005759239196777344
31,3,73,95.0,4.08024787902832,4.0829339027404785,0.002686023712158203
31,3,74,245.0,2.442718744277954,2.4328794479370117,-0.009839296340942383
31,3,75,93.0,2.114382266998291,2.116182804107666,0.001800537109375
31,3,76,225.0,2.825653553009033,2.829162836074829,0.0035092830657958984
31,3,77,61.0,3.338794708251953,3.346059560775757,0.007264852523803711
31,3,78,257.0,3.9624106884002686,3.9678595066070557,0.005448818206787109
31,3,79,165.0,3.2207393646240234,3.208343029022217,-0.01239633560180664
31,3,80,117.0,4.315102577209473,4.309506893157959,-0.005595684051513672
31,3,81,89.0,3.6350255012512207,3.6363141536712646,0.0012886524200439453
31,3,82,291.0,3.772111177444458,3.7717137336730957,-0.0003974437713623047
31,3,83,93.0,3.43058443069458,3.430117130279541,-0.0004673004150390625
31,3,84,228.0,2.4015636444091797,2.3963944911956787,-0.0051691532135009766
31,3,85,131.0,2.8454298973083496,2.8424556255340576,-0.002974271774291992
31,3,86,191.0,4.341160774230957,4.34342098236084,0.0022602081298828125
31,3,87,238.0,5.110036849975586,5.109428882598877,-0.0006079673767089844
31,3,88,210.0,3.3413021564483643,3.349536657333374,0.008234500885009766
31,3,89,107.0,4.339839935302734,4.346378326416016,0.00653839111328125
31,3,90,217.0,3.0681116580963135,3.059377908706665,-0.008733749389648438
31,3,91,199.0,3.2457942962646484,3.248157262802124,0.002362966537475586
31,3,92,84.0,2.6276965141296387,2.6284172534942627,0.0007207393646240234
31,3,93,271.0,3.756063222885132,3.7577340602874756,0.00167083740234375
31,3,94,226.0,3.251934289932251,3.2512967586517334,-0.0006375312805175781
31,3,95,258.0,3.875674247741699,3.8627452850341797,-0.012928962707519531
31,3,96,86.0,3.585750102996826,3.596835136413574,0.011085033416748047
31,3,97,142.0,4.497574806213379,4.491446495056152,-0.0061283111572265625
31,3,98,42.0,3.347982168197632,3.3429696559906006,-0.00501251220703125
31,3,99,224.0,2.679133892059326,2.68082594871521,0.001692056655883789
31,3,100,197.0,2.196375608444214,2.195081949234009,-0.0012936592102050781
31,3,101,85.0,2.568619728088379,2.571605682373047,0.0029859542846679688
31,3,102,195.0,3.2174572944641113,3.218066930770874,0.0006096363067626953
31,3,103,102.0,3.6202828884124756,3.62070369720459,0.0004208087921142578
31,3,104,181.0,3.483546018600464,3.4873199462890625,0.003773927688598633
31,3,105,72.0,2.1719796657562256,2.171738624572754,-0.0002410411834716797
31,3,106,130.0,4.735745906829834,4.73213005065918,-0.003615856170654297
31,3,107,62.0,2.6150100231170654,2.6053688526153564,-0.009641170501708984
31,3,108,263.0,3.6819097995758057,3.6856496334075928,0.0037398338317871094
31,3,109,194.0,2.822662115097046,2.82037353515625,-0.0022885799407958984
31,3,110,174.0,2.753187417984009,2.7575936317443848,0.0044062137603759766
31,3,111,235.0,4.053600788116455,4.049916744232178,-0.0036840438842773438
31,3,112,143.0,4.031272888183594,4.027664661407471,-0.003608226776123047
31,3,113,117.0,4.415828704833984,4.411988735198975,-0.0038399696350097656
31,3,114,160.0,3.988440990447998,3.98065447807312,-0.00778651237487793
31,3,115,115.0,3.474060297012329,3.4781243801116943,0.004064083099365234
31,3,116,120.0,3.551665782928467,3.54719614982605,-0.004469633102416992
31,3,117,186.0,3.7136735916137695,3.711080551147461,-0.0025930404663085938
31,3,118,138.0,3.1632800102233887,3.163494110107422,0.00021409988403320312
31,3,119,80.0,2.3273348808288574,2.3176231384277344,-0.009711742401123047
31,3,120,164.0,2.849583864212036,2.8528194427490234,0.0032355785369873047
31,3,121,215.0,3.761408567428589,3.75765061378479,-0.003757953643798828
31,3,122,81.0,3.2764456272125244,3.2772936820983887,0.0008480548858642578
31,3,123,171.0,3.1637179851531982,3.16688871383667,0.0031707286834716797
31,3,124,41.0,5.6693196296691895,5.661938190460205,-0.007381439208984375
31,3,125,103.0,3.8813576698303223,3.8879542350769043,0.006596565246582031
31,3,126,145.0,3.006119966506958,3.00093936920166,-0.0051805973052978516
31,3,127,102.0,2.92803955078125,2.9240872859954834,-0.0039522647857666016
31,4,0,196.0,3.6189582347869873,3.6103851795196533,-0.008573055267333984
31,4,1,127.0,3.22214412689209,3.2191948890686035,-0.002949237823486328
31,4,2,162.0,2.2713801860809326,2.272371530532837,0.0009913444519042969
31,4,3,92.0,4.133184909820557,4.122652530670166,-0.010532379150390625
31,4,4,194.0,3.299353837966919,3.297842502593994,-0.0015113353729248047
31,4,5,115.0,2.8214778900146484,2.8249807357788086,0.0035028457641601562
31,4,6,109.0,4.325214862823486,4.321844577789307,-0.0033702850341796875
31,4,7,48.0,3.449648857116699,3.445993423461914,-0.0036554336547851562
31,4,8,69.0,3.7256877422332764,3.7249839305877686,-0.0007038116455078125
31,4,9,85.0,3.190195322036743,3.1887874603271484,-0.0014078617095947266
31,4,10,238.0,2.782064914703369,2.78115177154541,-0.0009131431579589844
31,4,11,233.0,2.6044344902038574,2.6046266555786133,0.00019216537475585938
31,4,12,208.0,3.147305488586426,3.1454660892486572,-0.0018393993377685547
31,4,13,196.0,2.917774200439453,2.9194986820220947,0.0017244815826416016
31,4,14,131.0,3.2567384243011475,3.258425235748291,0.0016868114471435547
31,4,15,125.0,2.790242910385132,2.788071870803833,-0.002171039581298828
31,4,16,61.0,4.113956451416016,4.112485408782959,-0.0014710426330566406
31,4,17,164.0,2.230290412902832,2.2314400672912598,0.0011496543884277344
31,4,18,107.0,3.345957040786743,3.3522183895111084,0.006261348724365234
31,4,19,48.0,3.959183692932129,3.949221611022949,-0.009962081909179688
31,4,20,74.0,2.182640314102173,2.1797430515289307,-0.0028972625732421875
31,4,21,103.0,2.7647080421447754,2.7705636024475098,0.005855560302734375
31,4,22,114.0,3.4331488609313965,3.4381885528564453,0.005039691925048828
31,4,23,50.0,5.562728404998779,5.573227405548096,0.010499000549316406
31,4,24,281.0,2.4593505859375,2.4592878818511963,-6.270408630371094e-05
31,4,25,247.0,2.162877321243286,2.1647231578826904,0.0018458366394042969
31,4,26,173.0,3.780362606048584,3.780398368835449,3.5762786865234375e-05
31,4,27,166.0,3.268761396408081,3.2750935554504395,0.0063321590423583984
31,4,28,98.0,2.8850836753845215,2.8741953372955322,-0.010888338088989258
31,4,29,174.0,3.2879021167755127,3.284790277481079,-0.0031118392944335938
31,4,30,173.0,3.087313413619995,3.089538812637329,0.0022253990173339844
31,4,31,215.0,3.7688708305358887,3.7672619819641113,-0.0016088485717773438
31,4,32,186.0,2.7773280143737793,2.7736599445343018,-0.003668069839477539
31,4,33,153.0,2.610452890396118,2.606746196746826,-0.003706693649291992
31,4,34,147.0,3.096090793609619,3.0930678844451904,-0.003022909164428711
31,4,35,50.0,4.262930870056152,4.259603500366211,-0.0033273696899414062
31,4,36,86.0,2.5445685386657715,2.535930633544922,-0.00863790512084961
31,4,37,154.0,4.032649040222168,4.030611991882324,-0.00203704833984375
31,4,38,265.0,2.685051679611206,2.6835973262786865,-0.0014543533325195312
31,4,39,199.0,3.442211389541626,3.441929578781128,-0.0002818107604980469
31,4,40,138.0,3.036294937133789,3.0366837978363037,0.00038886070251464844
31,4,41,98.0,3.56339955329895,3.5637900829315186,0.0003905296325683594
31,4,42,167.0,2.791276693344116,2.791790723800659,0.0005140304565429688
31,4,43,288.0,3.996307849884033,3.9976298809051514,0.001322031021118164
31,4,44,225.0,2.764963150024414,2.763636589050293,-0.0013265609741210938
31,4,45,191.0,3.2674989700317383,3.2716920375823975,0.00419306755065918
31,4,46,92.0,4.787234783172607,4.7847771644592285,-0.0024576187133789062
31,4,47,41.0,5.17321252822876,5.17844295501709,0.005230426788330078
31,4,48,231.0,3.050201892852783,3.0483102798461914,-0.0018916130065917969
31,4,49,101.0,2.2807674407958984,2.2802577018737793,-0.0005097389221191406
31,4,50,177.0,3.28656005859375,3.284425973892212,-0.002134084701538086
31,4,51,252.0,3.729534387588501,3.729926109313965,0.0003917217254638672
31,4,52,259.0,3.0285918712615967,3.0323071479797363,0.0037152767181396484
31,4,53,47.0,3.0469322204589844,3.049091100692749,0.0021588802337646484
31,4,54,164.0,2.354414463043213,2.355100393295288,0.0006859302520751953
31,4,55,94.0,3.564063310623169,3.556323528289795,-0.0077397823333740234
31,4,56,103.0,3.668520927429199,3.664949655532837,-0.0035712718963623047
31,4,57,78.0,3.6771252155303955,3.682678699493408,0.005553483963012695
31,4,58,239.0,3.4083893299102783,3.4078218936920166,-0.0005674362182617188
31,4,59,271.0,4.502346992492676,4.503818511962891,0.0014715194702148438
31,4,60,162.0,3.0323004722595215,3.0277068614959717,-0.004593610763549805
31,4,61,179.0,3.618516206741333,3.619371175765991,0.0008549690246582031
31,4,62,218.0,2.710827112197876,2.712958574295044,0.0021314620971679688
31,4,63,81.0,3.249349355697632,3.2506940364837646,0.0013446807861328125
31,4,64,93.0,3.696587085723877,3.6982126235961914,0.0016255378723144531
31,4,65,72.0,3.9958338737487793,3.990753173828125,-0.005080699920654297
31,4,66,230.0,3.6442677974700928,3.6408166885375977,-0.003451108932495117
31,4,67,99.0,2.919395685195923,2.91178297996521,-0.007612705230712891
31,4,68,213.0,2.9106554985046387,2.907200813293457,-0.0034546852111816406
31,4,69,119.0,2.7914681434631348,2.7906699180603027,-0.0007982254028320312
31,4,70,161.0,3.1008999347686768,3.0938057899475098,-0.007094144821166992
31,4,71,90.0,4.010181903839111,4.010411739349365,0.00022983551025390625
31,4,72,181.0,3.0067594051361084,3.007418394088745,0.0006589889526367188
31,4,73,95.0,4.08024787902832,4.075934886932373,-0.004312992095947266
31,4,74,245.0,2.442718744277954,2.442819595336914,0.00010085105895996094
31,4,75,93.0,2.114382266998291,2.118680953979492,0.004298686981201172
31,4,76,225.0,2.825653553009033,2.8234379291534424,-0.0022156238555908203
31,4,77,61.0,3.338794708251953,3.3458521366119385,0.0070574283599853516
31,4,78,257.0,3.9624106884002686,3.963642120361328,0.0012314319610595703
31,4,79,165.0,3.2207393646240234,3.218963384628296,-0.001775979995727539
31,4,80,117.0,4.315102577209473,4.31265115737915,-0.0024514198303222656
31,4,81,89.0,3.6350255012512207,3.6377956867218018,0.0027701854705810547
31,4,82,291.0,3.772111177444458,3.773064136505127,0.0009529590606689453
31,4,83,93.0,3.43058443069458,3.431445598602295,0.0008611679077148438
31,4,84,228.0,2.4015636444091797,2.4023756980895996,0.0008120536804199219
31,4,85,131.0,2.8454298973083496,2.8446948528289795,-0.0007350444793701172
31,4,86,191.0,4.341160774230957,4.337331295013428,-0.003829479217529297
31,4,87,238.0,5.110036849975586,5.112569332122803,0.002532482147216797
31,4,88,210.0,3.3413021564483643,3.3434252738952637,0.002123117446899414
31,4,89,107.0,4.339839935302734,4.341448783874512,0.0016088485717773438
31,4,90,217.0,3.0681116580963135,3.064972162246704,-0.003139495849609375
31,4,91,199.0,3.2457942962646484,3.2454562187194824,-0.0003380775451660156
31,4,92,84.0,2.6276965141296387,2.629765272140503,0.002068758010864258
31,4,93,271.0,3.756063222885132,3.7557337284088135,-0.0003294944763183594
31,4,94,226.0,3.251934289932251,3.2521653175354004,0.00023102760314941406
31,4,95,258.0,3.875674247741699,3.8762714862823486,0.0005972385406494141
31,4,96,86.0,3.585750102996826,3.5915870666503906,0.005836963653564453
31,4,97,142.0,4.497574806213379,4.496569633483887,-0.0010051727294921875
31,4,98,42.0,3.347982168197632,3.3482401371002197,0.0002579689025878906
31,4,99,224.0,2.679133892059326,2.67891263961792,-0.00022125244140625
31,4,100,197.0,2.196375608444214,2.1947126388549805,-0.0016629695892333984
31,4,101,85.0,2.568619728088379,2.5655605792999268,-0.0030591487884521484
31,4,102,195.0,3.2174572944641113,3.216305732727051,-0.0011515617370605469
31,4,103,102.0,3.6202828884124756,3.623046875,0.002763986587524414
31,4,104,181.0,3.483546018600464,3.4832794666290283,-0.0002665519714355469
31,4,105,72.0,2.1719796657562256,2.166316270828247,-0.005663394927978516
31,4,106,130.0,4.735745906829834,4.734601020812988,-0.0011448860168457031
31,4,107,62.0,2.6150100231170654,2.6148502826690674,-0.00015974044799804688
31,4,108,263.0,3.6819097995758057,3.68196177482605,5.1975250244140625e-05
31,4,109,194.0,2.822662115097046,2.8201708793640137,-0.0024912357330322266
31,4,110,174.0,2.753187417984009,2.7513318061828613,-0.001855611801147461
31,4,111,235.0,4.053600788116455,4.049787998199463,-0.0038127899169921875
31,4,112,143.0,4.031272888183594,4.0314717292785645,0.00019884109497070312
31,4,113,117.0,4.415828704833984,4.420044898986816,0.004216194152832031
31,4,114,160.0,3.988440990447998,3.9927818775177,0.0043408870697021484
31,4,115,115.0,3.474060297012329,3.4801721572875977,0.006111860275268555
31,4,116,120.0,3.551665782928467,3.5583503246307373,0.006684541702270508
31,4,117,186.0,3.7136735916137695,3.714681386947632,0.0010077953338623047
31,4,118,138.0,3.1632800102233887,3.1644301414489746,0.0011501312255859375
31,4,119,80.0,2.3273348808288574,2.3158297538757324,-0.011505126953125
31,4,120,164.0,2.849583864212036,2.8536503314971924,0.00406646728515625
31,4,121,215.0,3.761408567428589,3.7567694187164307,-0.004639148712158203
31,4,122,81.0,3.2764456272125244,3.2732393741607666,-0.0032062530517578125
31,4,123,171.0,3.1637179851531982,3.168382167816162,0.004664182662963867
31,4,124,41.0,5.6693196296691895,5.677570819854736,0.008251190185546875
31,4,125,103.0,3.8813576698303223,3.8799662590026855,-0.0013914108276367188
31,4,126,145.0,3.006119966506958,3.004894256591797,-0.0012257099151611328
31,4,127,102.0,2.92803955078125,2.9290292263031006,0.000989675521850586
31,5,0,196.0,3.6189582347869873,3.6149137020111084,-0.004044532775878906
31,5,1,127.0,3.22214412689209,3.2237188816070557,0.0015747547149658203
31,5,2,162.0,2.2713801860809326,2.2690227031707764,-0.00235748291015625
31,5,3,92.0,4.133184909820557,4.128253936767578,-0.004930973052978516
31,5,4,194.0,3.299353837966919,3.296858072280884,-0.0024957656860351562
31,5,5,115.0,2.8214778900146484,2.822535276412964,0.0010573863983154297
31,5,6,109.0,4.325214862823486,4.325351715087891,0.00013685226440429688
31,5,7,48.0,3.449648857116699,3.4519264698028564,0.0022776126861572266
31,5,8,69.0,3.7256877422332764,3.730963706970215,0.0052759647369384766
31,5,9,85.0,3.190195322036743,3.1871445178985596,-0.0030508041381835938
31,5,10,238.0,2.782064914703369,2.7852938175201416,0.003228902816772461
31,5,11,233.0,2.6044344902038574,2.6066336631774902,0.0021991729736328125
31,5,12,208.0,3.147305488586426,3.1480531692504883,0.0007476806640625
31,5,13,196.0,2.917774200439453,2.9216747283935547,0.0039005279541015625
31,5,14,131.0,3.2567384243011475,3.2618613243103027,0.0051229000091552734
31,5,15,125.0,2.790242910385132,2.7904980182647705,0.0002551078796386719
31,5,16,61.0,4.113956451416016,4.105358600616455,-0.008597850799560547
31,5,17,164.0,2.230290412902832,2.234358549118042,0.004068136215209961
31,5,18,107.0,3.345957040786743,3.3487548828125,0.002797842025756836
31,5,19,48.0,3.959183692932129,3.9583377838134766,-0.0008459091186523438
31,5,20,74.0,2.182640314102173,2.1824839115142822,-0.000156402587890625
31,5,21,103.0,2.7647080421447754,2.760972738265991,-0.0037353038787841797
31,5,22,114.0,3.4331488609313965,3.432603597640991,-0.0005452632904052734
31,5,23,50.0,5.562728404998779,5.56644344329834,0.003715038299560547
31,5,24,281.0,2.4593505859375,2.4585633277893066,-0.0007872581481933594
31,5,25,247.0,2.162877321243286,2.165179967880249,0.0023026466369628906
31,5,26,173.0,3.780362606048584,3.787595510482788,0.0072329044342041016
31,5,27,166.0,3.268761396408081,3.2733309268951416,0.004569530487060547
31,5,28,98.0,2.8850836753845215,2.8763253688812256,-0.008758306503295898
31,5,29,174.0,3.2879021167755127,3.286144733428955,-0.0017573833465576172
31,5,30,173.0,3.087313413619995,3.08699369430542,-0.0003197193145751953
31,5,31,215.0,3.7688708305358887,3.7668793201446533,-0.0019915103912353516
31,5,32,186.0,2.7773280143737793,2.7783515453338623,0.0010235309600830078
31,5,33,153.0,2.610452890396118,2.609949827194214,-0.0005030632019042969
31,5,34,147.0,3.096090793609619,3.0952539443969727,-0.0008368492126464844
31,5,35,50.0,4.262930870056152,4.265726089477539,0.0027952194213867188
31,5,36,86.0,2.5445685386657715,2.544872999191284,0.0003044605255126953
31,5,37,154.0,4.032649040222168,4.030177593231201,-0.002471446990966797
31,5,38,265.0,2.685051679611206,2.683441400527954,-0.0016102790832519531
31,5,39,199.0,3.442211389541626,3.439326763153076,-0.0028846263885498047
31,5,40,138.0,3.036294937133789,3.037322521209717,0.0010275840759277344
31,5,41,98.0,3.56339955329895,3.565516471862793,0.0021169185638427734
31,5,42,167.0,2.791276693344116,2.793166160583496,0.0018894672393798828
31,5,43,288.0,3.996307849884033,3.9949464797973633,-0.0013613700866699219
31,5,44,225.0,2.764963150024414,2.765435218811035,0.00047206878662109375
31,5,45,191.0,3.2674989700317383,3.270308494567871,0.0028095245361328125
31,5,46,92.0,4.787234783172607,4.7820024490356445,-0.005232334136962891
31,5,47,41.0,5.17321252822876,5.164159774780273,-0.009052753448486328
31,5,48,231.0,3.050201892852783,3.046438455581665,-0.003763437271118164
31,5,49,101.0,2.2807674407958984,2.2806670665740967,-0.00010037422180175781
31,5,50,177.0,3.28656005859375,3.280085802078247,-0.00647425651550293
31,5,51,252.0,3.729534387588501,3.73386287689209,0.004328489303588867
31,5,52,259.0,3.0285918712615967,3.0275909900665283,-0.0010008811950683594
31,5,53,47.0,3.0469322204589844,3.0562798976898193,0.009347677230834961
31,5,54,164.0,2.354414463043213,2.356870412826538,0.0024559497833251953
31,5,55,94.0,3.564063310623169,3.5613648891448975,-0.0026984214782714844
31,5,56,103.0,3.668520927429199,3.6663620471954346,-0.0021588802337646484
31,5,57,78.0,3.6771252155303955,3.6812877655029297,0.00416254997253418
31,5,58,239.0,3.4083893299102783,3.4087975025177,0.000408172607421875
31,5,59,271.0,4.502346992492676,4.50338077545166,0.001033782958984375
31,5,60,162.0,3.0323004722595215,3.0263619422912598,-0.005938529968261719
31,5,61,179.0,3.618516206741333,3.6203503608703613,0.0018341541290283203
31,5,62,218.0,2.710827112197876,2.714400053024292,0.0035729408264160156
31,5,63,81.0,3.249349355697632,3.2465760707855225,-0.002773284912109375
31,5,64,93.0,3.696587085723877,3.6965155601501465,-7.152557373046875e-05
31,5,65,72.0,3.9958338737487793,3.9963574409484863,0.0005235671997070312
31,5,66,230.0,3.6442677974700928,3.641796350479126,-0.002471446990966797
31,5,67,99.0,2.919395685195923,2.916314125061035,-0.0030815601348876953
31,5,68,213.0,2.9106554985046387,2.9086432456970215,-0.0020122528076171875
31,5,69,119.0,2.7914681434631348,2.7915844917297363,0.0001163482666015625
31,5,70,161.0,3.1008999347686768,3.096149444580078,-0.004750490188598633
31,5,71,90.0,4.010181903839111,4.012667655944824,0.0024857521057128906
31,5,72,181.0,3.0067594051361084,3.0080275535583496,0.001268148422241211
31,5,73,95.0,4.08024787902832,4.081846237182617,0.001598358154296875
31,5,74,245.0,2.442718744277954,2.4443118572235107,0.0015931129455566406
31,5,75,93.0,2.114382266998291,2.1193273067474365,0.004945039749145508
31,5,76,225.0,2.825653553009033,2.8239805698394775,-0.001672983169555664
31,5,77,61.0,3.338794708251953,3.3480241298675537,0.009229421615600586
31,5,78,257.0,3.9624106884002686,3.9605050086975098,-0.001905679702758789
31,5,79,165.0,3.2207393646240234,3.222748041152954,0.002008676528930664
31,5,80,117.0,4.315102577209473,4.313898086547852,-0.0012044906616210938
31,5,81,89.0,3.6350255012512207,3.6343588829040527,-0.0006666183471679688
31,5,82,291.0,3.772111177444458,3.7703707218170166,-0.0017404556274414062
31,5,83,93.0,3.43058443069458,3.4328811168670654,0.0022966861724853516
31,5,84,228.0,2.4015636444091797,2.3976266384124756,-0.0039370059967041016
31,5,85,131.0,2.8454298973083496,2.846128463745117,0.0006985664367675781
31,5,86,191.0,4.341160774230957,4.341529846191406,0.00036907196044921875
31,5,87,238.0,5.110036849975586,5.1129961013793945,0.0029592514038085938
31,5,88,210.0,3.3413021564483643,3.3433802127838135,0.0020780563354492188
31,5,89,107.0,4.339839935302734,4.3372883796691895,-0.002551555633544922
31,5,90,217.0,3.0681116580963135,3.064458131790161,-0.0036535263061523438
31,5,91,199.0,3.2457942962646484,3.245187997817993,-0.0006062984466552734
31,5,92,84.0,2.6276965141296387,2.6300830841064453,0.0023865699768066406
31,5,93,271.0,3.756063222885132,3.7531206607818604,-0.0029425621032714844
31,5,94,226.0,3.251934289932251,3.2519726753234863,3.838539123535156e-05
31,5,95,258.0,3.875674247741699,3.8779449462890625,0.0022706985473632812
31,5,96,86.0,3.585750102996826,3.5912630558013916,0.00551295280456543
31,5,97,142.0,4.497574806213379,4.493183612823486,-0.004391193389892578
31,5,98,42.0,3.347982168197632,3.3451335430145264,-0.0028486251831054688
31,5,99,224.0,2.679133892059326,2.677638292312622,-0.0014955997467041016
31,5,100,197.0,2.196375608444214,2.1927616596221924,-0.0036139488220214844
31,5,101,85.0,2.568619728088379,2.563112735748291,-0.005506992340087891
31,5,102,195.0,3.2174572944641113,3.2178397178649902,0.00038242340087890625
31,5,103,102.0,3.6202828884124756,3.620391845703125,0.00010895729064941406
31,5,104,181.0,3.483546018600464,3.485224723815918,0.0016787052154541016
31,5,105,72.0,2.1719796657562256,2.168231725692749,-0.0037479400634765625
31,5,106,130.0,4.735745906829834,4.739160537719727,0.003414630889892578
31,5,107,62.0,2.6150100231170654,2.612279176712036,-0.002730846405029297
31,5,108,263.0,3.6819097995758057,3.683288812637329,0.0013790130615234375
31,5,109,194.0,2.822662115097046,2.820845365524292,-0.0018167495727539062
31,5,110,174.0,2.753187417984009,2.7534408569335938,0.00025343894958496094
31,5,111,235.0,4.053600788116455,4.052549362182617,-0.0010514259338378906
31,5,112,143.0,4.031272888183594,4.032399654388428,0.0011267662048339844
31,5,113,117.0,4.415828704833984,4.418135166168213,0.0023064613342285156
31,5,114,160.0,3.988440990447998,3.992745876312256,0.0043048858642578125
31,5,115,115.0,3.474060297012329,3.4771642684936523,0.003103971481323242
31,5,116,120.0,3.551665782928467,3.555375576019287,0.0037097930908203125
31,5,117,186.0,3.7136735916137695,3.718791961669922,0.005118370056152344
31,5,118,138.0,3.1632800102233887,3.161609411239624,-0.0016705989837646484
31,5,119,80.0,2.3273348808288574,2.3250985145568848,-0.0022363662719726562
31,5,120,164.0,2.849583864212036,2.852376699447632,0.002792835235595703
31,5,121,215.0,3.761408567428589,3.7606453895568848,-0.0007631778717041016
31,5,122,81.0,3.2764456272125244,3.274472951889038,-0.001972675323486328
31,5,123,171.0,3.1637179851531982,3.1686129570007324,0.00489497184753418
31,5,124,41.0,5.6693196296691895,5.671093940734863,0.0017743110656738281
31,5,125,103.0,3.8813576698303223,3.8865036964416504,0.005146026611328125
31,5,126,145.0,3.006119966506958,3.0019938945770264,-0.004126071929931641
31,5,127,102.0,2.92803955078125,2.9213430881500244,-0.006696462631225586
31,6,0,196.0,3.6189582347869873,3.610907793045044,-0.00805044174194336
31,6,1,127.0,3.22214412689209,3.220989942550659,-0.001154184341430664
31,6,2,162.0,2.2713801860809326,2.270162582397461,-0.0012176036834716797
31,6,3,92.0,4.133184909820557,4.131842613220215,-0.0013422966003417969
31,6,4,194.0,3.299353837966919,3.3010215759277344,0.0016677379608154297
31,6,5,115.0,2.8214778900146484,2.8227295875549316,0.0012516975402832031
31,6,6,109.0,4.325214862823486,4.325735092163086,0.0005202293395996094
31,6,7,48.0,3.449648857116699,3.451629638671875,0.0019807815551757812
31,6,8,69.0,3.7256877422332764,3.73039174079895,0.004703998565673828
31,6,9,85.0,3.190195322036743,3.190467119216919,0.00027179718017578125
31,6,10,238.0,2.782064914703369,2.783750295639038,0.0016853809356689453
31,6,11,233.0,2.6044344902038574,2.6054937839508057,0.0010592937469482422
31,6,12,208.0,3.147305488586426,3.1497817039489746,0.002476215362548828
31,6,13,196.0,2.917774200439453,2.920668840408325,0.0028946399688720703
31,6,14,131.0,3.2567384243011475,3.255589246749878,-0.0011491775512695312
31,6,15,125.0,2.790242910385132,2.7858593463897705,-0.004383563995361328
31,6,16,61.0,4.113956451416016,4.117862224578857,0.003905773162841797
31,6,17,164.0,2.230290412902832,2.2288663387298584,-0.0014240741729736328
31,6,18,107.0,3.345957040786743,3.3489530086517334,0.0029959678649902344
31,6,19,48.0,3.959183692932129,3.9545066356658936,-0.0046770572662353516
31,6,20,74.0,2.182640314102173,2.1852807998657227,0.0026404857635498047
31,6,21,103.0,2.7647080421447754,2.76484751701355,0.00013947486877441406
31,6,22,114.0,3.4331488609313965,3.4403738975524902,0.00722503662109375
31,6,23,50.0,5.562728404998779,5.568620204925537,0.0058917999267578125
31,6,24,281.0,2.4593505859375,2.459850788116455,0.0005002021789550781
31,6,25,247.0,2.162877321243286,2.1633687019348145,0.0004913806915283203
31,6,26,173.0,3.780362606048584,3.7857556343078613,0.005393028259277344
31,6,27,166.0,3.268761396408081,3.2749156951904297,0.006154298782348633
31,6,28,98.0,2.8850836753845215,2.884383201599121,-0.0007004737854003906
31,6,29,174.0,3.2879021167755127,3.287567377090454,-0.00033473968505859375
31,6,30,173.0,3.087313413619995,3.086700677871704,-0.0006127357482910156
31,6,31,215.0,3.7688708305358887,3.7688965797424316,2.574920654296875e-05
31,6,32,186.0,2.7773280143737793,2.777655601501465,0.0003275871276855469
31,6,33,153.0,2.610452890396118,2.6045825481414795,-0.005870342254638672
31,6,34,147.0,3.096090793609619,3.0980942249298096,0.0020034313201904297
31,6,35,50.0,4.262930870056152,4.269819736480713,0.006888866424560547
31,6,36,86.0,2.5445685386657715,2.5442938804626465,-0.000274658203125
31,6,37,154.0,4.032649040222168,4.030366897583008,-0.0022821426391601562
31,6,38,265.0,2.685051679611206,2.684687852859497,-0.0003638267517089844
31,6,39,199.0,3.442211389541626,3.442537307739258,0.00032591819763183594
31,6,40,138.0,3.036294937133789,3.0343453884124756,-0.0019495487213134766
31,6,41,98.0,3.56339955329895,3.5654008388519287,0.0020012855529785156
31,6,42,167.0,2.791276693344116,2.791712999343872,0.0004363059997558594
31,6,43,288.0,3.996307849884033,3.9964098930358887,0.00010204315185546875
31,6,44,225.0,2.764963150024414,2.766190767288208,0.0012276172637939453
31,6,45,191.0,3.2674989700317383,3.268688201904297,0.0011892318725585938
31,6,46,92.0,4.787234783172607,4.78389310836792,-0.0033416748046875
31,6,47,41.0,5.17321252822876,5.176585674285889,0.0033731460571289062
31,6,48,231.0,3.050201892852783,3.047866106033325,-0.002335786819458008
31,6,49,101.0,2.2807674407958984,2.2803380489349365,-0.00042939186096191406
31,6,50,177.0,3.28656005859375,3.282165288925171,-0.0043947696685791016
31,6,51,252.0,3.729534387588501,3.7306675910949707,0.0011332035064697266
31,6,52,259.0,3.0285918712615967,3.0293142795562744,0.0007224082946777344
31,6,53,47.0,3.0469322204589844,3.054560899734497,0.007628679275512695
31,6,54,164.0,2.354414463043213,2.354641914367676,0.00022745132446289062
31,6,55,94.0,3.564063310623169,3.5610604286193848,-0.0030028820037841797
31,6,56,103.0,3.668520927429199,3.6628785133361816,-0.005642414093017578
31,6,57,78.0,3.6771252155303955,3.6727826595306396,-0.004342555999755859
31,6,58,239.0,3.4083893299102783,3.4088478088378906,0.0004584789276123047
31,6,59,271.0,4.502346992492676,4.50250244140625,0.00015544891357421875
31,6,60,162.0,3.0323004722595215,3.030133008956909,-0.0021674633026123047
31,6,61,179.0,3.618516206741333,3.6188855171203613,0.0003693103790283203
31,6,62,218.0,2.710827112197876,2.712726354598999,0.0018992424011230469
31,6,63,81.0,3.249349355697632,3.246030569076538,-0.00331878662109375
31,6,64,93.0,3.696587085723877,3.702796459197998,0.006209373474121094
31,6,65,72.0,3.9958338737487793,3.9863336086273193,-0.009500265121459961
31,6,66,230.0,3.6442677974700928,3.642001152038574,-0.0022666454315185547
31,6,67,99.0,2.919395685195923,2.9094109535217285,-0.009984731674194336
31,6,68,213.0,2.9106554985046387,2.9092347621917725,-0.001420736312866211
31,6,69,119.0,2.7914681434631348,2.7946674823760986,0.003199338912963867
31,6,70,161.0,3.1008999347686768,3.096019744873047,-0.004880189895629883
31,6,71,90.0,4.010181903839111,4.010143280029297,-3.8623809814453125e-05
31,6,72,181.0,3.0067594051361084,3.012763023376465,0.006003618240356445
31,6,73,95.0,4.08024787902832,4.081475734710693,0.0012278556823730469
31,6,74,245.0,2.442718744277954,2.444486141204834,0.0017673969268798828
31,6,75,93.0,2.114382266998291,2.117215394973755,0.002833127975463867
31,6,76,225.0,2.825653553009033,2.826307773590088,0.0006542205810546875
31,6,77,61.0,3.338794708251953,3.3412904739379883,0.0024957656860351562
31,6,78,257.0,3.9624106884002686,3.963012933731079,0.0006022453308105469
31,6,79,165.0,3.2207393646240234,3.222263813018799,0.0015244483947753906
31,6,80,117.0,4.315102577209473,4.316075325012207,0.000972747802734375
31,6,81,89.0,3.6350255012512207,3.6332321166992188,-0.0017933845520019531
31,6,82,291.0,3.772111177444458,3.7712059020996094,-0.0009052753448486328
31,6,83,93.0,3.43058443069458,3.427578926086426,-0.003005504608154297
31,6,84,228.0,2.4015636444091797,2.396167516708374,-0.005396127700805664
31,6,85,131.0,2.8454298973083496,2.8449032306671143,-0.0005266666412353516
31,6,86,191.0,4.341160774230957,4.34043025970459,-0.0007305145263671875
31,6,87,238.0,5.110036849975586,5.111947536468506,0.0019106864929199219
31,6,88,210.0,3.3413021564483643,3.34635591506958,0.00505375862121582
31,6,89,107.0,4.339839935302734,4.339295387268066,-0.0005445480346679688
31,6,90,217.0,3.0681116580963135,3.0647332668304443,-0.0033783912658691406
31,6,91,199.0,3.2457942962646484,3.2442564964294434,-0.0015377998352050781
31,6,92,84.0,2.6276965141296387,2.6322779655456543,0.004581451416015625
31,6,93,271.0,3.756063222885132,3.758004903793335,0.001941680908203125
31,6,94,226.0,3.251934289932251,3.251537322998047,-0.00039696693420410156
31,6,95,258.0,3.875674247741699,3.8780696392059326,0.0023953914642333984
31,6,96,86.0,3.585750102996826,3.5899970531463623,0.004246950149536133
31,6,97,142.0,4.497574806213379,4.496748447418213,-0.0008263587951660156
31,6,98,42.0,3.347982168197632,3.340291738510132,-0.0076904296875
31,6,99,224.0,2.679133892059326,2.6803348064422607,0.0012009143829345703
31,6,100,197.0,2.196375608444214,2.1939570903778076,-0.00241851806640625
31,6,101,85.0,2.568619728088379,2.564509153366089,-0.004110574722290039
31,6,102,195.0,3.2174572944641113,3.2179672718048096,0.0005099773406982422
31,6,103,102.0,3.6202828884124756,3.622997283935547,0.002714395523071289
31,6,104,181.0,3.483546018600464,3.4882233142852783,0.004677295684814453
31,6,105,72.0,2.1719796657562256,2.1754112243652344,0.003431558609008789
31,6,106,130.0,4.735745906829834,4.736732482910156,0.0009865760803222656
31,6,107,62.0,2.6150100231170654,2.609886407852173,-0.005123615264892578
31,6,108,263.0,3.6819097995758057,3.6810169219970703,-0.0008928775787353516
31,6,109,194.0,2.822662115097046,2.8243749141693115,0.001712799072265625
31,6,110,174.0,2.753187417984009,2.749901533126831,-0.0032858848571777344
31,6,111,235.0,4.053600788116455,4.048776149749756,-0.004824638366699219
31,6,112,143.0,4.031272888183594,4.029725074768066,-0.0015478134155273438
31,6,113,117.0,4.415828704833984,4.416480541229248,0.0006518363952636719
31,6,114,160.0,3.988440990447998,3.9908223152160645,0.0023813247680664062
31,6,115,115.0,3.474060297012329,3.4734106063842773,-0.0006496906280517578
31,6,116,120.0,3.551665782928467,3.550506591796875,-0.0011591911315917969
31,6,117,186.0,3.7136735916137695,3.715092420578003,0.0014188289642333984
31,6,118,138.0,3.1632800102233887,3.1661739349365234,0.0028939247131347656
31,6,119,80.0,2.3273348808288574,2.319591760635376,-0.007743120193481445
31,6,120,164.0,2.849583864212036,2.8533921241760254,0.003808259963989258
31,6,121,215.0,3.761408567428589,3.7586944103240967,-0.0027141571044921875
31,6,122,81.0,3.2764456272125244,3.2773756980895996,0.0009300708770751953
31,6,123,171.0,3.1637179851531982,3.1662614345550537,0.0025434494018554688
31,6,124,41.0,5.6693196296691895,5.6799821853637695,0.010662555694580078
31,6,125,103.0,3.8813576698303223,3.8805606365203857,-0.0007970333099365234
31,6,126,145.0,3.006119966506958,3.006373643875122,0.0002536773681640625
31,6,127,102.0,2.92803955078125,2.9273810386657715,-0.0006585121154785156
31,7,0,196.0,3.6189582347869873,3.6140170097351074,-0.004941225051879883
31,7,1,127.0,3.22214412689209,3.2198259830474854,-0.002318143844604492
31,7,2,162.0,2.2713801860809326,2.264742851257324,-0.0066373348236083984
31,7,3,92.0,4.133184909820557,4.134073257446289,0.0008883476257324219
31,7,4,194.0,3.299353837966919,3.2960312366485596,-0.003322601318359375
31,7,5,115.0,2.8214778900146484,2.8208229541778564,-0.0006549358367919922
31,7,6,109.0,4.325214862823486,4.326693058013916,0.0014781951904296875
31,7,7,48.0,3.449648857116699,3.4489994049072266,-0.0006494522094726562
31,7,8,69.0,3.7256877422332764,3.722698211669922,-0.002989530563354492
31,7,9,85.0,3.190195322036743,3.189610004425049,-0.0005853176116943359
31,7,10,238.0,2.782064914703369,2.7851455211639404,0.003080606460571289
31,7,11,233.0,2.6044344902038574,2.6057770252227783,0.0013425350189208984
31,7,12,208.0,3.147305488586426,3.1454532146453857,-0.001852273941040039
31,7,13,196.0,2.917774200439453,2.919935464859009,0.002161264419555664
31,7,14,131.0,3.2567384243011475,3.255946397781372,-0.0007920265197753906
31,7,15,125.0,2.790242910385132,2.790168523788452,-7.43865966796875e-05
31,7,16,61.0,4.113956451416016,4.113373279571533,-0.0005831718444824219
31,7,17,164.0,2.230290412902832,2.2322158813476562,0.0019254684448242188
31,7,18,107.0,3.345957040786743,3.351417064666748,0.005460023880004883
31,7,19,48.0,3.959183692932129,3.9528720378875732,-0.006311655044555664
31,7,20,74.0,2.182640314102173,2.182525873184204,-0.00011444091796875
31,7,21,103.0,2.7647080421447754,2.7666780948638916,0.001970052719116211
31,7,22,114.0,3.4331488609313965,3.4329864978790283,-0.00016236305236816406
31,7,23,50.0,5.562728404998779,5.566929817199707,0.004201412200927734
31,7,24,281.0,2.4593505859375,2.4562551975250244,-0.003095388412475586
31,7,25,247.0,2.162877321243286,2.164127826690674,0.0012505054473876953
31,7,26,173.0,3.780362606048584,3.7826220989227295,0.002259492874145508
31,7,27,166.0,3.268761396408081,3.271338701248169,0.0025773048400878906
31,7,28,98.0,2.8850836753845215,2.881316900253296,-0.003766775131225586
31,7,29,174.0,3.2879021167755127,3.2867608070373535,-0.0011413097381591797
31,7,30,173.0,3.087313413619995,3.0858280658721924,-0.0014853477478027344
31,7,31,215.0,3.7688708305358887,3.7661962509155273,-0.002674579620361328
31,7,32,186.0,2.7773280143737793,2.7779881954193115,0.0006601810455322266
31,7,33,153.0,2.610452890396118,2.6044466495513916,-0.0060062408447265625
31,7,34,147.0,3.096090793609619,3.0956058502197266,-0.0004849433898925781
31,7,35,50.0,4.262930870056152,4.2600507736206055,-0.002880096435546875
31,7,36,86.0,2.5445685386657715,2.5490498542785645,0.004481315612792969
31,7,37,154.0,4.032649040222168,4.028901100158691,-0.0037479400634765625
31,7,38,265.0,2.685051679611206,2.6857197284698486,0.0006680488586425781
31,7,39,199.0,3.442211389541626,3.4410996437072754,-0.001111745834350586
31,7,40,138.0,3.036294937133789,3.0389175415039062,0.0026226043701171875
31,7,41,98.0,3.56339955329895,3.566479206085205,0.003079652786254883
31,7,42,167.0,2.791276693344116,2.789919137954712,-0.0013575553894042969
31,7,43,288.0,3.996307849884033,3.9976577758789062,0.0013499259948730469
31,7,44,225.0,2.764963150024414,2.7638063430786133,-0.0011568069458007812
31,7,45,191.0,3.2674989700317383,3.2677793502807617,0.0002803802490234375
31,7,46,92.0,4.787234783172607,4.783682346343994,-0.0035524368286132812
31,7,47,41.0,5.17321252822876,5.17339563369751,0.00018310546875
31,7,48,231.0,3.050201892852783,3.044996500015259,-0.005205392837524414
31,7,49,101.0,2.2807674407958984,2.277515411376953,-0.0032520294189453125
31,7,50,177.0,3.28656005859375,3.283386468887329,-0.0031735897064208984
31,7,51,252.0,3.729534387588501,3.7291691303253174,-0.00036525726318359375
31,7,52,259.0,3.0285918712615967,3.0309152603149414,0.0023233890533447266
31,7,53,47.0,3.0469322204589844,3.0595436096191406,0.01261138916015625
31,7,54,164.0,2.354414463043213,2.3567347526550293,0.0023202896118164062
31,7,55,94.0,3.564063310623169,3.5617363452911377,-0.00232696533203125
31,7,56,103.0,3.668520927429199,3.667907238006592,-0.0006136894226074219
31,7,57,78.0,3.6771252155303955,3.6765599250793457,-0.0005652904510498047
31,7,58,239.0,3.4083893299102783,3.410346269607544,0.001956939697265625
31,7,59,271.0,4.502346992492676,4.505341053009033,0.002994060516357422
31,7,60,162.0,3.0323004722595215,3.0243008136749268,-0.007999658584594727
31,7,61,179.0,3.618516206741333,3.6170244216918945,-0.0014917850494384766
31,7,62,218.0,2.710827112197876,2.710685968399048,-0.000141143798828125
31,7,63,81.0,3.249349355697632,3.246232748031616,-0.003116607666015625
31,7,64,93.0,3.696587085723877,3.7016725540161133,0.005085468292236328
31,7,65,72.0,3.9958338737487793,3.988905191421509,-0.006928682327270508
31,7,66,230.0,3.6442677974700928,3.642181634902954,-0.002086162567138672
31,7,67,99.0,2.919395685195923,2.9143149852752686,-0.005080699920654297
31,7,68,213.0,2.9106554985046387,2.910604476928711,-5.1021575927734375e-05
31,7,69,119.0,2.7914681434631348,2.793328285217285,0.0018601417541503906
31,7,70,161.0,3.1008999347686768,3.096238374710083,-0.00466156005859375
31,7,71,90.0,4.010181903839111,4.0090155601501465,-0.0011663436889648438
31,7,72,181.0,3.0067594051361084,3.0109169483184814,0.004157543182373047
31,7,73,95.0,4.08024787902832,4.081153392791748,0.0009055137634277344
31,7,74,245.0,2.442718744277954,2.4386203289031982,-0.004098415374755859
31,7,75,93.0,2.114382266998291,2.1163854598999023,0.002003192901611328
31,7,76,225.0,2.825653553009033,2.824882745742798,-0.0007708072662353516
31,7,77,61.0,3.338794708251953,3.3394432067871094,0.00064849853515625
31,7,78,257.0,3.9624106884002686,3.962458848953247,4.8160552978515625e-05
31,7,79,165.0,3.2207393646240234,3.2238636016845703,0.003124237060546875
31,7,80,117.0,4.315102577209473,4.309439659118652,-0.0056629180908203125
31,7,81,89.0,3.6350255012512207,3.631054162979126,-0.0039713382720947266
31,7,82,291.0,3.772111177444458,3.7700791358947754,-0.002032041549682617
31,7,83,93.0,3.43058443069458,3.4306883811950684,0.00010395050048828125
31,7,84,228.0,2.4015636444091797,2.4021780490875244,0.0006144046783447266
31,7,85,131.0,2.8454298973083496,2.843449831008911,-0.0019800662994384766
31,7,86,191.0,4.341160774230957,4.342009544372559,0.0008487701416015625
31,7,87,238.0,5.110036849975586,5.115105628967285,0.005068778991699219
31,7,88,210.0,3.3413021564483643,3.3438007831573486,0.002498626708984375
31,7,89,107.0,4.339839935302734,4.341675281524658,0.0018353462219238281
31,7,90,217.0,3.0681116580963135,3.066344976425171,-0.0017666816711425781
31,7,91,199.0,3.2457942962646484,3.246602773666382,0.0008084774017333984
31,7,92,84.0,2.6276965141296387,2.630810260772705,0.0031137466430664062
31,7,93,271.0,3.756063222885132,3.7549095153808594,-0.001153707504272461
31,7,94,226.0,3.251934289932251,3.251178026199341,-0.0007562637329101562
31,7,95,258.0,3.875674247741699,3.8780834674835205,0.002409219741821289
31,7,96,86.0,3.585750102996826,3.5881218910217285,0.0023717880249023438
31,7,97,142.0,4.497574806213379,4.497044563293457,-0.000530242919921875
31,7,98,42.0,3.347982168197632,3.336106061935425,-0.011876106262207031
31,7,99,224.0,2.679133892059326,2.6786322593688965,-0.0005016326904296875
31,7,100,197.0,2.196375608444214,2.1947996616363525,-0.0015759468078613281
31,7,101,85.0,2.568619728088379,2.56799054145813,-0.0006291866302490234
31,7,102,195.0,3.2174572944641113,3.2174813747406006,2.4080276489257812e-05
31,7,103,102.0,3.6202828884124756,3.6202003955841064,-8.249282836914062e-05
31,7,104,181.0,3.483546018600464,3.4850916862487793,0.0015456676483154297
31,7,105,72.0,2.1719796657562256,2.169016122817993,-0.002963542938232422
31,7,106,130.0,4.735745906829834,4.738356590270996,0.0026106834411621094
31,7,107,62.0,2.6150100231170654,2.6114261150360107,-0.0035839080810546875
31,7,108,263.0,3.6819097995758057,3.682624578475952,0.0007147789001464844
31,7,109,194.0,2.822662115097046,2.824151039123535,0.0014889240264892578
31,7,110,174.0,2.753187417984009,2.7533512115478516,0.00016379356384277344
31,7,111,235.0,4.053600788116455,4.057552337646484,0.003951549530029297
31,7,112,143.0,4.031272888183594,4.029903888702393,-0.0013689994812011719
31,7,113,117.0,4.415828704833984,4.420297622680664,0.0044689178466796875
31,7,114,160.0,3.988440990447998,3.986790418624878,-0.0016505718231201172
31,7,115,115.0,3.474060297012329,3.4712040424346924,-0.0028562545776367188
31,7,116,120.0,3.551665782928467,3.5505824089050293,-0.0010833740234375
31,7,117,186.0,3.7136735916137695,3.7110953330993652,-0.002578258514404297
31,7,118,138.0,3.1632800102233887,3.160693645477295,-0.00258636474609375
31,7,119,80.0,2.3273348808288574,2.3196988105773926,-0.007636070251464844
31,7,120,164.0,2.849583864212036,2.8529226779937744,0.0033388137817382812
31,7,121,215.0,3.761408567428589,3.7573118209838867,-0.0040967464447021484
31,7,122,81.0,3.2764456272125244,3.2770442962646484,0.0005986690521240234
31,7,123,171.0,3.1637179851531982,3.166605234146118,0.002887248992919922
31,7,124,41.0,5.6693196296691895,5.686750411987305,0.017430782318115234
31,7,125,103.0,3.8813576698303223,3.883650064468384,0.0022923946380615234
31,7,126,145.0,3.006119966506958,3.0059654712677,-0.0001544952392578125
31,7,127,102.0,2.92803955078125,2.9295153617858887,0.0014758110046386719
31,8,0,196.0,3.6189582347869873,3.6137828826904297,-0.005175352096557617
31,8,1,127.0,3.22214412689209,3.2247531414031982,0.0026090145111083984
31,8,2,162.0,2.2713801860809326,2.2697489261627197,-0.0016312599182128906
31,8,3,92.0,4.133184909820557,4.136562824249268,0.0033779144287109375
31,8,4,194.0,3.299353837966919,3.2972474098205566,-0.0021064281463623047
31,8,5,115.0,2.8214778900146484,2.821568489074707,9.059906005859375e-05
31,8,6,109.0,4.325214862823486,4.32917594909668,0.003961086273193359
31,8,7,48.0,3.449648857116699,3.4452364444732666,-0.004412412643432617
31,8,8,69.0,3.7256877422332764,3.7283403873443604,0.0026526451110839844
31,8,9,85.0,3.190195322036743,3.192934036254883,0.0027387142181396484
31,8,10,238.0,2.782064914703369,2.7827281951904297,0.0006632804870605469
31,8,11,233.0,2.6044344902038574,2.6079719066619873,0.003537416458129883
31,8,12,208.0,3.147305488586426,3.1480026245117188,0.0006971359252929688
31,8,13,196.0,2.917774200439453,2.920151710510254,0.0023775100708007812
31,8,14,131.0,3.2567384243011475,3.2641379833221436,0.007399559020996094
31,8,15,125.0,2.790242910385132,2.78806209564209,-0.002180814743041992
31,8,16,61.0,4.113956451416016,4.106035232543945,-0.007921218872070312
31,8,17,164.0,2.230290412902832,2.229576826095581,-0.0007135868072509766
31,8,18,107.0,3.345957040786743,3.349782705307007,0.003825664520263672
31,8,19,48.0,3.959183692932129,3.952150344848633,-0.007033348083496094
31,8,20,74.0,2.182640314102173,2.1801509857177734,-0.002489328384399414
31,8,21,103.0,2.7647080421447754,2.770385265350342,0.005677223205566406
31,8,22,114.0,3.4331488609313965,3.442636013031006,0.009487152099609375
31,8,23,50.0,5.562728404998779,5.560025215148926,-0.0027031898498535156
31,8,24,281.0,2.4593505859375,2.459650754928589,0.0003001689910888672
31,8,25,247.0,2.162877321243286,2.1612119674682617,-0.001665353775024414
31,8,26,173.0,3.780362606048584,3.7824788093566895,0.0021162033081054688
31,8,27,166.0,3.268761396408081,3.276716947555542,0.007955551147460938
31,8,28,98.0,2.8850836753845215,2.886219024658203,0.0011353492736816406
31,8,29,174.0,3.2879021167755127,3.2871198654174805,-0.0007822513580322266
31,8,30,173.0,3.087313413619995,3.0949809551239014,0.00766754150390625
31,8,31,215.0,3.7688708305358887,3.7660109996795654,-0.002859830856323242
31,8,32,186.0,2.7773280143737793,2.7743005752563477,-0.0030274391174316406
31,8,33,153.0,2.610452890396118,2.605936288833618,-0.0045166015625
31,8,34,147.0,3.096090793609619,3.096238613128662,0.00014781951904296875
31,8,35,50.0,4.262930870056152,4.264546871185303,0.0016160011291503906
31,8,36,86.0,2.5445685386657715,2.5508904457092285,0.006321907043457031
31,8,37,154.0,4.032649040222168,4.030570030212402,-0.002079010009765625
31,8,38,265.0,2.685051679611206,2.684147834777832,-0.0009038448333740234
31,8,39,199.0,3.442211389541626,3.437138080596924,-0.0050733089447021484
31,8,40,138.0,3.036294937133789,3.035001516342163,-0.0012934207916259766
31,8,41,98.0,3.56339955329895,3.567669630050659,0.004270076751708984
31,8,42,167.0,2.791276693344116,2.791811466217041,0.0005347728729248047
31,8,43,288.0,3.996307849884033,3.9993557929992676,0.003047943115234375
31,8,44,225.0,2.764963150024414,2.7679800987243652,0.003016948699951172
31,8,45,191.0,3.2674989700317383,3.2672488689422607,-0.00025010108947753906
31,8,46,92.0,4.787234783172607,4.7822160720825195,-0.005018711090087891
31,8,47,41.0,5.17321252822876,5.178509712219238,0.005297183990478516
31,8,48,231.0,3.050201892852783,3.0448150634765625,-0.005386829376220703
31,8,49,101.0,2.2807674407958984,2.278895378112793,-0.0018720626831054688
31,8,50,177.0,3.28656005859375,3.2827985286712646,-0.0037615299224853516
31,8,51,252.0,3.729534387588501,3.731293201446533,0.0017588138580322266
31,8,52,259.0,3.0285918712615967,3.0264410972595215,-0.0021507740020751953
31,8,53,47.0,3.0469322204589844,3.051276922225952,0.0043447017669677734
31,8,54,164.0,2.354414463043213,2.3548994064331055,0.0004849433898925781
31,8,55,94.0,3.564063310623169,3.5576653480529785,-0.00639796257019043
31,8,56,103.0,3.668520927429199,3.6598241329193115,-0.008696794509887695
31,8,57,78.0,3.6771252155303955,3.675152063369751,-0.0019731521606445312
31,8,58,239.0,3.4083893299102783,3.4053990840911865,-0.002990245819091797
31,8,59,271.0,4.502346992492676,4.503955364227295,0.0016083717346191406
31,8,60,162.0,3.0323004722595215,3.0296053886413574,-0.0026950836181640625
31,8,61,179.0,3.618516206741333,3.615246295928955,-0.0032699108123779297
31,8,62,218.0,2.710827112197876,2.709937334060669,-0.0008897781372070312
31,8,63,81.0,3.249349355697632,3.2451021671295166,-0.004247188568115234
31,8,64,93.0,3.696587085723877,3.700108289718628,0.0035212039947509766
31,8,65,72.0,3.9958338737487793,3.9891324043273926,-0.006701469421386719
31,8,66,230.0,3.6442677974700928,3.6489741802215576,0.004706382751464844
31,8,67,99.0,2.919395685195923,2.9014029502868652,-0.017992734909057617
31,8,68,213.0,2.9106554985046387,2.9082603454589844,-0.002395153045654297
31,8,69,119.0,2.7914681434631348,2.7921793460845947,0.0007112026214599609
31,8,70,161.0,3.1008999347686768,3.1011836528778076,0.0002837181091308594
31,8,71,90.0,4.010181903839111,4.014030456542969,0.003848552703857422
31,8,72,181.0,3.0067594051361084,3.0163486003875732,0.009589195251464844
31,8,73,95.0,4.08024787902832,4.0832109451293945,0.0029630661010742188
31,8,74,245.0,2.442718744277954,2.446638345718384,0.0039196014404296875
31,8,75,93.0,2.114382266998291,2.117050886154175,0.002668619155883789
31,8,76,225.0,2.825653553009033,2.821502923965454,-0.0041506290435791016
31,8,77,61.0,3.338794708251953,3.3426976203918457,0.003902912139892578
31,8,78,257.0,3.9624106884002686,3.9630444049835205,0.0006337165832519531
31,8,79,165.0,3.2207393646240234,3.2226600646972656,0.0019207000732421875
31,8,80,117.0,4.315102577209473,4.308590888977051,-0.006511688232421875
31,8,81,89.0,3.6350255012512207,3.642825126647949,0.007799625396728516
31,8,82,291.0,3.772111177444458,3.7686569690704346,-0.0034542083740234375
31,8,83,93.0,3.43058443069458,3.427011728286743,-0.003572702407836914
31,8,84,228.0,2.4015636444091797,2.4036478996276855,0.0020842552185058594
31,8,85,131.0,2.8454298973083496,2.8481221199035645,0.0026922225952148438
31,8,86,191.0,4.341160774230957,4.347158432006836,0.005997657775878906
31,8,87,238.0,5.110036849975586,5.112040042877197,0.002003192901611328
31,8,88,210.0,3.3413021564483643,3.3464536666870117,0.005151510238647461
31,8,89,107.0,4.339839935302734,4.341047763824463,0.0012078285217285156
31,8,90,217.0,3.0681116580963135,3.0690152645111084,0.0009036064147949219
31,8,91,199.0,3.2457942962646484,3.2507550716400146,0.004960775375366211
31,8,92,84.0,2.6276965141296387,2.6366970539093018,0.009000539779663086
31,8,93,271.0,3.756063222885132,3.7577908039093018,0.0017275810241699219
31,8,94,226.0,3.251934289932251,3.2514848709106445,-0.0004494190216064453
31,8,95,258.0,3.875674247741699,3.8774871826171875,0.0018129348754882812
31,8,96,86.0,3.585750102996826,3.5820510387420654,-0.003699064254760742
31,8,97,142.0,4.497574806213379,4.498331069946289,0.0007562637329101562
31,8,98,42.0,3.347982168197632,3.349980354309082,0.0019981861114501953
31,8,99,224.0,2.679133892059326,2.6790995597839355,-3.4332275390625e-05
31,8,100,197.0,2.196375608444214,2.198023796081543,0.0016481876373291016
31,8,101,85.0,2.568619728088379,2.567505359649658,-0.0011143684387207031
31,8,102,195.0,3.2174572944641113,3.21791672706604,0.00045943260192871094
31,8,103,102.0,3.6202828884124756,3.6177008152008057,-0.002582073211669922
31,8,104,181.0,3.483546018600464,3.4867002964019775,0.003154277801513672
31,8,105,72.0,2.1719796657562256,2.1686103343963623,-0.0033693313598632812
31,8,106,130.0,4.735745906829834,4.735787868499756,4.1961669921875e-05
31,8,107,62.0,2.6150100231170654,2.6121408939361572,-0.002869129180908203
31,8,108,263.0,3.6819097995758057,3.6820809841156006,0.00017118453979492188
31,8,109,194.0,2.822662115097046,2.82159423828125,-0.0010678768157958984
31,8,110,174.0,2.753187417984009,2.748732566833496,-0.004454851150512695
31,8,111,235.0,4.053600788116455,4.05891752243042,0.005316734313964844
31,8,112,143.0,4.031272888183594,4.032073974609375,0.00080108642578125
31,8,113,117.0,4.415828704833984,4.412125110626221,-0.003703594207763672
31,8,114,160.0,3.988440990447998,3.989293336868286,0.0008523464202880859
31,8,115,115.0,3.474060297012329,3.4801931381225586,0.006132841110229492
31,8,116,120.0,3.551665782928467,3.551008701324463,-0.0006570816040039062
31,8,117,186.0,3.7136735916137695,3.714205503463745,0.0005319118499755859
31,8,118,138.0,3.1632800102233887,3.160435199737549,-0.0028448104858398438
31,8,119,80.0,2.3273348808288574,2.314018487930298,-0.01331639289855957
31,8,120,164.0,2.849583864212036,2.8558530807495117,0.006269216537475586
31,8,121,215.0,3.761408567428589,3.7634286880493164,0.002020120620727539
31,8,122,81.0,3.2764456272125244,3.278717041015625,0.002271413803100586
31,8,123,171.0,3.1637179851531982,3.1651833057403564,0.0014653205871582031
31,8,124,41.0,5.6693196296691895,5.689518451690674,0.020198822021484375
31,8,125,103.0,3.8813576698303223,3.873669385910034,-0.007688283920288086
31,8,126,145.0,3.006119966506958,3.008284568786621,0.002164602279663086
31,8,127,102.0,2.92803955078125,2.92521071434021,-0.002828836441040039
31,9,0,196.0,3.6189582347869873,3.6148738861083984,-0.004084348678588867
31,9,1,127.0,3.22214412689209,3.224400758743286,0.002256631851196289
31,9,2,162.0,2.2713801860809326,2.2691476345062256,-0.0022325515747070312
31,9,3,92.0,4.133184909820557,4.121092319488525,-0.01209259033203125
31,9,4,194.0,3.299353837966919,3.2975564002990723,-0.0017974376678466797
31,9,5,115.0,2.8214778900146484,2.8230998516082764,0.0016219615936279297
31,9,6,109.0,4.325214862823486,4.328800678253174,0.0035858154296875
31,9,7,48.0,3.449648857116699,3.4533183574676514,0.0036695003509521484
31,9,8,69.0,3.7256877422332764,3.7235727310180664,-0.002115011215209961
31,9,9,85.0,3.190195322036743,3.174906015396118,-0.015289306640625
31,9,10,238.0,2.782064914703369,2.7849936485290527,0.0029287338256835938
31,9,11,233.0,2.6044344902038574,2.606458902359009,0.002024412155151367
31,9,12,208.0,3.147305488586426,3.1457712650299072,-0.0015342235565185547
31,9,13,196.0,2.917774200439453,2.9163217544555664,-0.0014524459838867188
31,9,14,131.0,3.2567384243011475,3.2565248012542725,-0.000213623046875
31,9,15,125.0,2.790242910385132,2.787970781326294,-0.0022721290588378906
31,9,16,61.0,4.113956451416016,4.105461120605469,-0.008495330810546875
31,9,17,164.0,2.230290412902832,2.2295539379119873,-0.0007364749908447266
31,9,18,107.0,3.345957040786743,3.3457744121551514,-0.00018262863159179688
31,9,19,48.0,3.959183692932129,3.961210250854492,0.0020265579223632812
31,9,20,74.0,2.182640314102173,2.181633710861206,-0.0010066032409667969
31,9,21,103.0,2.7647080421447754,2.7615528106689453,-0.003155231475830078
31,9,22,114.0,3.4331488609313965,3.4339616298675537,0.0008127689361572266
31,9,23,50.0,5.562728404998779,5.553179740905762,-0.009548664093017578
31,9,24,281.0,2.4593505859375,2.454763650894165,-0.004586935043334961
31,9,25,247.0,2.162877321243286,2.1586084365844727,-0.0042688846588134766
31,9,26,173.0,3.780362606048584,3.7793753147125244,-0.0009872913360595703
31,9,27,166.0,3.268761396408081,3.2731058597564697,0.004344463348388672
31,9,28,98.0,2.8850836753845215,2.889831304550171,0.004747629165649414
31,9,29,174.0,3.2879021167755127,3.289383888244629,0.001481771469116211
31,9,30,173.0,3.087313413619995,3.0859968662261963,-0.0013165473937988281
31,9,31,215.0,3.7688708305358887,3.7651779651641846,-0.0036928653717041016
31,9,32,186.0,2.7773280143737793,2.7750768661499023,-0.002251148223876953
31,9,33,153.0,2.610452890396118,2.609302282333374,-0.0011506080627441406
31,9,34,147.0,3.096090793609619,3.0978918075561523,0.0018010139465332031
31,9,35,50.0,4.262930870056152,4.259352684020996,-0.00357818603515625
31,9,36,86.0,2.5445685386657715,2.5475149154663086,0.0029463768005371094
31,9,37,154.0,4.032649040222168,4.027743816375732,-0.004905223846435547
31,9,38,265.0,2.685051679611206,2.6862447261810303,0.0011930465698242188
31,9,39,199.0,3.442211389541626,3.4411098957061768,-0.0011014938354492188
31,9,40,138.0,3.036294937133789,3.0368704795837402,0.0005755424499511719
31,9,41,98.0,3.56339955329895,3.5650722980499268,0.0016727447509765625
31,9,42,167.0,2.791276693344116,2.787424325942993,-0.003852367401123047
31,9,43,288.0,3.996307849884033,3.998195171356201,0.0018873214721679688
31,9,44,225.0,2.764963150024414,2.764615535736084,-0.0003476142883300781
31,9,45,191.0,3.2674989700317383,3.2644495964050293,-0.0030493736267089844
31,9,46,92.0,4.787234783172607,4.787384033203125,0.00014925003051757812
31,9,47,41.0,5.17321252822876,5.180477142333984,0.007264614105224609
31,9,48,231.0,3.050201892852783,3.047661066055298,-0.0025408267974853516
31,9,49,101.0,2.2807674407958984,2.283067226409912,0.002299785614013672
31,9,50,177.0,3.28656005859375,3.2867114543914795,0.0001513957977294922
31,9,51,252.0,3.729534387588501,3.73103666305542,0.0015022754669189453
31,9,52,259.0,3.0285918712615967,3.0272209644317627,-0.0013709068298339844
31,9,53,47.0,3.0469322204589844,3.0454938411712646,-0.0014383792877197266
31,9,54,164.0,2.354414463043213,2.359219551086426,0.004805088043212891
31,9,55,94.0,3.564063310623169,3.559699535369873,-0.0043637752532958984
31,9,56,103.0,3.668520927429199,3.6638925075531006,-0.004628419876098633
31,9,57,78.0,3.6771252155303955,3.6789801120758057,0.0018548965454101562
31,9,58,239.0,3.4083893299102783,3.4096412658691406,0.0012519359588623047
31,9,59,271.0,4.502346992492676,4.500556945800781,-0.0017900466918945312
31,9,60,162.0,3.0323004722595215,3.0315017700195312,-0.0007987022399902344
31,9,61,179.0,3.618516206741333,3.622906446456909,0.004390239715576172
31,9,62,218.0,2.710827112197876,2.7127461433410645,0.0019190311431884766
31,9,63,81.0,3.249349355697632,3.247735023498535,-0.0016143321990966797
31,9,64,93.0,3.696587085723877,3.706665277481079,0.010078191757202148
31,9,65,72.0,3.9958338737487793,3.981881856918335,-0.013952016830444336
31,9,66,230.0,3.6442677974700928,3.640103816986084,-0.004163980484008789
31,9,67,99.0,2.919395685195923,2.91265869140625,-0.0067369937896728516
31,9,68,213.0,2.9106554985046387,2.9037106037139893,-0.006944894790649414
31,9,69,119.0,2.7914681434631348,2.790785789489746,-0.0006823539733886719
31,9,70,161.0,3.1008999347686768,3.095625877380371,-0.005274057388305664
31,9,71,90.0,4.010181903839111,4.009292125701904,-0.0008897781372070312
31,9,72,181.0,3.0067594051361084,3.002326726913452,-0.00443267822265625
31,9,73,95.0,4.08024787902832,4.074435234069824,-0.005812644958496094
31,9,74,245.0,2.442718744277954,2.4364991188049316,-0.006219625473022461
31,9,75,93.0,2.114382266998291,2.098079204559326,-0.016303062438964844
31,9,76,225.0,2.825653553009033,2.82421875,-0.0014348030090332031
31,9,77,61.0,3.338794708251953,3.3423216342926025,0.003526926040649414
31,9,78,257.0,3.9624106884002686,3.9596023559570312,-0.0028083324432373047
31,9,79,165.0,3.2207393646240234,3.223909616470337,0.0031702518463134766
31,9,80,117.0,4.315102577209473,4.313643455505371,-0.0014591217041015625
31,9,81,89.0,3.6350255012512207,3.6471030712127686,0.012077569961547852
31,9,82,291.0,3.772111177444458,3.767625570297241,-0.004485607147216797
31,9,83,93.0,3.43058443069458,3.427591323852539,-0.0029931068420410156
31,9,84,228.0,2.4015636444091797,2.4110782146453857,0.009514570236206055
31,9,85,131.0,2.8454298973083496,2.8404994010925293,-0.0049304962158203125
31,9,86,191.0,4.341160774230957,4.3398847579956055,-0.0012760162353515625
31,9,87,238.0,5.110036849975586,5.107026100158691,-0.0030107498168945312
31,9,88,210.0,3.3413021564483643,3.3439290523529053,0.0026268959045410156
31,9,89,107.0,4.339839935302734,4.340197563171387,0.00035762786865234375
31,9,90,217.0,3.0681116580963135,3.066955327987671,-0.0011563301086425781
31,9,91,199.0,3.2457942962646484,3.2478506565093994,0.0020563602447509766
31,9,92,84.0,2.6276965141296387,2.6272213459014893,-0.00047516822814941406
31,9,93,271.0,3.756063222885132,3.7537882328033447,-0.0022749900817871094
31,9,94,226.0,3.251934289932251,3.25311541557312,0.0011811256408691406
31,9,95,258.0,3.875674247741699,3.8804190158843994,0.004744768142700195
31,9,96,86.0,3.585750102996826,3.5890042781829834,0.0032541751861572266
31,9,97,142.0,4.497574806213379,4.496562480926514,-0.0010123252868652344
31,9,98,42.0,3.347982168197632,3.336857318878174,-0.011124849319458008
31,9,99,224.0,2.679133892059326,2.6823136806488037,0.003179788589477539
31,9,100,197.0,2.196375608444214,2.196610450744629,0.00023484230041503906
31,9,101,85.0,2.568619728088379,2.567493438720703,-0.0011262893676757812
31,9,102,195.0,3.2174572944641113,3.2159135341644287,-0.0015437602996826172
31,9,103,102.0,3.6202828884124756,3.623776912689209,0.0034940242767333984
31,9,104,181.0,3.483546018600464,3.489805221557617,0.00625920295715332
31,9,105,72.0,2.1719796657562256,2.180482864379883,0.008503198623657227
31,9,106,130.0,4.735745906829834,4.736976146697998,0.0012302398681640625
31,9,107,62.0,2.6150100231170654,2.6222310066223145,0.0072209835052490234
31,9,108,263.0,3.6819097995758057,3.6835381984710693,0.0016283988952636719
31,9,109,194.0,2.822662115097046,2.8162589073181152,-0.006403207778930664
31,9,110,174.0,2.753187417984009,2.7486987113952637,-0.004488706588745117
31,9,111,235.0,4.053600788116455,4.059082508087158,0.005481719970703125
31,9,112,143.0,4.031272888183594,4.031583309173584,0.0003104209899902344
31,9,113,117.0,4.415828704833984,4.416519641876221,0.0006909370422363281
31,9,114,160.0,3.988440990447998,3.9856858253479004,-0.0027551651000976562
31,9,115,115.0,3.474060297012329,3.4840786457061768,0.010018348693847656
31,9,116,120.0,3.551665782928467,3.5503365993499756,-0.001329183578491211
31,9,117,186.0,3.7136735916137695,3.7111353874206543,-0.0025382041931152344
31,9,118,138.0,3.1632800102233887,3.1598117351531982,-0.0034682750701904297
31,9,119,80.0,2.3273348808288574,2.3095834255218506,-0.017751455307006836
31,9,120,164.0,2.849583864212036,2.854707717895508,0.00512385368347168
31,9,121,215.0,3.761408567428589,3.7600603103637695,-0.001348257064819336
31,9,122,81.0,3.2764456272125244,3.2833383083343506,0.006892681121826172
31,9,123,171.0,3.1637179851531982,3.1662044525146484,0.0024864673614501953
31,9,124,41.0,5.6693196296691895,5.661747932434082,-0.007571697235107422
31,9,125,103.0,3.8813576698303223,3.873525857925415,-0.007831811904907227
31,9,126,145.0,3.006119966506958,3.0054283142089844,-0.0006916522979736328
31,9,127,102.0,2.92803955078125,2.920257329940796,-0.0077822208404541016
31,10,0,196.0,3.6189582347869873,3.610590934753418,-0.008367300033569336
31,10,1,127.0,3.22214412689209,3.2242918014526367,0.002147674560546875
31,10,2,162.0,2.2713801860809326,2.273746967315674,0.002366781234741211
31,10,3,92.0,4.133184909820557,4.1283674240112305,-0.004817485809326172
31,10,4,194.0,3.299353837966919,3.2987234592437744,-0.0006303787231445312
31,10,5,115.0,2.8214778900146484,2.824469804763794,0.002991914749145508
31,10,6,109.0,4.325214862823486,4.325427532196045,0.00021266937255859375
31,10,7,48.0,3.449648857116699,3.4528465270996094,0.0031976699829101562
31,10,8,69.0,3.7256877422332764,3.7190918922424316,-0.0065958499908447266
31,10,9,85.0,3.190195322036743,3.1949028968811035,0.0047075748443603516
31,10,10,238.0,2.782064914703369,2.7840375900268555,0.001972675323486328
31,10,11,233.0,2.6044344902038574,2.6107869148254395,0.006352424621582031
31,10,12,208.0,3.147305488586426,3.1502974033355713,0.002991914749145508
31,10,13,196.0,2.917774200439453,2.919740915298462,0.001966714859008789
31,10,14,131.0,3.2567384243011475,3.2658984661102295,0.009160041809082031
31,10,15,125.0,2.790242910385132,2.7933247089385986,0.003081798553466797
31,10,16,61.0,4.113956451416016,4.105168342590332,-0.008788108825683594
31,10,17,164.0,2.230290412902832,2.2201855182647705,-0.010104894638061523
31,10,18,107.0,3.345957040786743,3.358055830001831,0.01209878921508789
31,10,19,48.0,3.959183692932129,3.9571382999420166,-0.0020453929901123047
31,10,20,74.0,2.182640314102173,2.18428111076355,0.0016407966613769531
31,10,21,103.0,2.7647080421447754,2.752354383468628,-0.012353658676147461
31,10,22,114.0,3.4331488609313965,3.440436363220215,0.007287502288818359
31,10,23,50.0,5.562728404998779,5.571535587310791,0.008807182312011719
31,10,24,281.0,2.4593505859375,2.4640986919403076,0.004748106002807617
31,10,25,247.0,2.162877321243286,2.1710965633392334,0.008219242095947266
31,10,26,173.0,3.780362606048584,3.7836639881134033,0.003301382064819336
31,10,27,166.0,3.268761396408081,3.2788548469543457,0.010093450546264648
31,10,28,98.0,2.8850836753845215,2.885112762451172,2.9087066650390625e-05
31,10,29,174.0,3.2879021167755127,3.287412405014038,-0.0004897117614746094
31,10,30,173.0,3.087313413619995,3.0944480895996094,0.007134675979614258
31,10,31,215.0,3.7688708305358887,3.7673239707946777,-0.0015468597412109375
31,10,32,186.0,2.7773280143737793,2.7680253982543945,-0.009302616119384766
31,10,33,153.0,2.610452890396118,2.6095170974731445,-0.0009357929229736328
31,10,34,147.0,3.096090793609619,3.0935158729553223,-0.002574920654296875
31,10,35,50.0,4.262930870056152,4.262537479400635,-0.0003933906555175781
31,10,36,86.0,2.5445685386657715,2.521958827972412,-0.022609710693359375
31,10,37,154.0,4.032649040222168,4.0282440185546875,-0.004405021667480469
31,10,38,265.0,2.685051679611206,2.6887240409851074,0.003672361373901367
31,10,39,199.0,3.442211389541626,3.4390878677368164,-0.0031235218048095703
31,10,40,138.0,3.036294937133789,3.0368144512176514,0.0005195140838623047
31,10,41,98.0,3.56339955329895,3.569244384765625,0.005844831466674805
31,10,42,167.0,2.791276693344116,2.7937092781066895,0.002432584762573242
31,10,43,288.0,3.996307849884033,3.997286558151245,0.000978708267211914
31,10,44,225.0,2.764963150024414,2.7669289112091064,0.001965761184692383
31,10,45,191.0,3.2674989700317383,3.271409511566162,0.003910541534423828
31,10,46,92.0,4.787234783172607,4.785737991333008,-0.0014967918395996094
31,10,47,41.0,5.17321252822876,5.170834064483643,-0.0023784637451171875
31,10,48,231.0,3.050201892852783,3.0506694316864014,0.00046753883361816406
31,10,49,101.0,2.2807674407958984,2.2846839427948,0.003916501998901367
31,10,50,177.0,3.28656005859375,3.288926362991333,0.002366304397583008
31,10,51,252.0,3.729534387588501,3.734160900115967,0.00462651252746582
31,10,52,259.0,3.0285918712615967,3.038032293319702,0.009440422058105469
31,10,53,47.0,3.0469322204589844,3.0510292053222656,0.00409698486328125
31,10,54,164.0,2.354414463043213,2.351069450378418,-0.003345012664794922
31,10,55,94.0,3.564063310623169,3.5591161251068115,-0.004947185516357422
31,10,56,103.0,3.668520927429199,3.6663317680358887,-0.002189159393310547
31,10,57,78.0,3.6771252155303955,3.6867058277130127,0.009580612182617188
31,10,58,239.0,3.4083893299102783,3.410896062850952,0.002506732940673828
31,10,59,271.0,4.502346992492676,4.503026485443115,0.0006794929504394531
31,10,60,162.0,3.0323004722595215,3.030878782272339,-0.0014216899871826172
31,10,61,179.0,3.618516206741333,3.6220757961273193,0.003559589385986328
31,10,62,218.0,2.710827112197876,2.7154781818389893,0.004651069641113281
31,10,63,81.0,3.249349355697632,3.253772497177124,0.0044231414794921875
31,10,64,93.0,3.696587085723877,3.7049789428710938,0.008391857147216797
31,10,65,72.0,3.9958338737487793,3.9856443405151367,-0.010189533233642578
31,10,66,230.0,3.6442677974700928,3.644291639328003,2.384185791015625e-05
31,10,67,99.0,2.919395685195923,2.886176109313965,-0.03321957588195801
31,10,68,213.0,2.9106554985046387,2.908642053604126,-0.0020134449005126953
31,10,69,119.0,2.7914681434631348,2.7962849140167236,0.004816770553588867
31,10,70,161.0,3.1008999347686768,3.0975069999694824,-0.003392934799194336
31,10,71,90.0,4.010181903839111,4.013757228851318,0.0035753250122070312
31,10,72,181.0,3.0067594051361084,3.0208544731140137,0.014095067977905273
31,10,73,95.0,4.08024787902832,4.080592632293701,0.0003447532653808594
31,10,74,245.0,2.442718744277954,2.4481499195098877,0.005431175231933594
31,10,75,93.0,2.114382266998291,2.1273350715637207,0.012952804565429688
31,10,76,225.0,2.825653553009033,2.828474283218384,0.002820730209350586
31,10,77,61.0,3.338794708251953,3.343264102935791,0.004469394683837891
31,10,78,257.0,3.9624106884002686,3.96978759765625,0.007376909255981445
31,10,79,165.0,3.2207393646240234,3.2274398803710938,0.0067005157470703125
31,10,80,117.0,4.315102577209473,4.313254356384277,-0.0018482208251953125
31,10,81,89.0,3.6350255012512207,3.6391985416412354,0.0041730403900146484
31,10,82,291.0,3.772111177444458,3.7759876251220703,0.0038764476776123047
31,10,83,93.0,3.43058443069458,3.4402337074279785,0.009649276733398438
31,10,84,228.0,2.4015636444091797,2.4090559482574463,0.0074923038482666016
31,10,85,131.0,2.8454298973083496,2.847642183303833,0.0022122859954833984
31,10,86,191.0,4.341160774230957,4.350600719451904,0.009439945220947266
31,10,87,238.0,5.110036849975586,5.109748840332031,-0.0002880096435546875
31,10,88,210.0,3.3413021564483643,3.3425495624542236,0.001247406005859375
31,10,89,107.0,4.339839935302734,4.347105026245117,0.0072650909423828125
31,10,90,217.0,3.0681116580963135,3.0642571449279785,-0.003854513168334961
31,10,91,199.0,3.2457942962646484,3.24772572517395,0.0019314289093017578
31,10,92,84.0,2.6276965141296387,2.6438682079315186,0.016171693801879883
31,10,93,271.0,3.756063222885132,3.7572083473205566,0.0011451244354248047
31,10,94,226.0,3.251934289932251,3.249617576599121,-0.002316713333129883
31,10,95,258.0,3.875674247741699,3.8764808177948,0.0008065700531005859
31,10,96,86.0,3.585750102996826,3.5953214168548584,0.009571313858032227
31,10,97,142.0,4.497574806213379,4.499878883361816,0.0023040771484375
31,10,98,42.0,3.347982168197632,3.352154016494751,0.004171848297119141
31,10,99,224.0,2.679133892059326,2.677001953125,-0.002131938934326172
31,10,100,197.0,2.196375608444214,2.1971054077148438,0.0007297992706298828
31,10,101,85.0,2.568619728088379,2.572646141052246,0.0040264129638671875
31,10,102,195.0,3.2174572944641113,3.221889019012451,0.004431724548339844
31,10,103,102.0,3.6202828884124756,3.6256840229034424,0.005401134490966797
31,10,104,181.0,3.483546018600464,3.493607521057129,0.010061502456665039
31,10,105,72.0,2.1719796657562256,2.162602424621582,-0.009377241134643555
31,10,106,130.0,4.735745906829834,4.742447853088379,0.006701946258544922
31,10,107,62.0,2.6150100231170654,2.612438678741455,-0.0025713443756103516
31,10,108,263.0,3.6819097995758057,3.679351329803467,-0.002558469772338867
31,10,109,194.0,2.822662115097046,2.818817377090454,-0.003844738006591797
31,10,110,174.0,2.753187417984009,2.7564547061920166,0.0032672882080078125
31,10,111,235.0,4.053600788116455,4.060162544250488,0.006561756134033203
31,10,112,143.0,4.031272888183594,4.034412384033203,0.003139495849609375
31,10,113,117.0,4.415828704833984,4.416629314422607,0.0008006095886230469
31,10,114,160.0,3.988440990447998,3.988375186920166,-6.580352783203125e-05
31,10,115,115.0,3.474060297012329,3.4746620655059814,0.0006017684936523438
31,10,116,120.0,3.551665782928467,3.5560121536254883,0.004346370697021484
31,10,117,186.0,3.7136735916137695,3.7199175357818604,0.00624394416809082
31,10,118,138.0,3.1632800102233887,3.1685538291931152,0.0052738189697265625
31,10,119,80.0,2.3273348808288574,2.3230042457580566,-0.004330635070800781
31,10,120,164.0,2.849583864212036,2.856193780899048,0.006609916687011719
31,10,121,215.0,3.761408567428589,3.7626612186431885,0.0012526512145996094
31,10,122,81.0,3.2764456272125244,3.285208225250244,0.008762598037719727
31,10,123,171.0,3.1637179851531982,3.1686043739318848,0.0048863887786865234
31,10,124,41.0,5.6693196296691895,5.6997504234313965,0.03043079376220703
31,10,125,103.0,3.8813576698303223,3.8833956718444824,0.0020380020141601562
31,10,126,145.0,3.006119966506958,3.01427960395813,0.008159637451171875
31,10,127,102.0,2.92803955078125,2.926382064819336,-0.0016574859619140625
31,11,0,196.0,3.6189582347869873,3.6101179122924805,-0.008840322494506836
31,11,1,127.0,3.22214412689209,3.2098357677459717,-0.012308359146118164
31,11,2,162.0,2.2713801860809326,2.263528823852539,-0.007851362228393555
31,11,3,92.0,4.133184909820557,4.127951145172119,-0.0052337646484375
31,11,4,194.0,3.299353837966919,3.3008334636688232,0.0014796257019042969
31,11,5,115.0,2.8214778900146484,2.8173062801361084,-0.004171609878540039
31,11,6,109.0,4.325214862823486,4.321394920349121,-0.0038199424743652344
31,11,7,48.0,3.449648857116699,3.4458229541778564,-0.0038259029388427734
31,11,8,69.0,3.7256877422332764,3.7298805713653564,0.004192829132080078
31,11,9,85.0,3.190195322036743,3.1891558170318604,-0.0010395050048828125
31,11,10,238.0,2.782064914703369,2.7904396057128906,0.008374691009521484
31,11,11,233.0,2.6044344902038574,2.60127329826355,-0.003161191940307617
31,11,12,208.0,3.147305488586426,3.1424849033355713,-0.004820585250854492
31,11,13,196.0,2.917774200439453,2.915227174758911,-0.002547025680541992
31,11,14,131.0,3.2567384243011475,3.26015043258667,0.003412008285522461
31,11,15,125.0,2.790242910385132,2.790210485458374,-3.24249267578125e-05
31,11,16,61.0,4.113956451416016,4.110371112823486,-0.003585338592529297
31,11,17,164.0,2.230290412902832,2.2357592582702637,0.005468845367431641
31,11,18,107.0,3.345957040786743,3.3368728160858154,-0.009084224700927734
31,11,19,48.0,3.959183692932129,3.9519612789154053,-0.007222414016723633
31,11,20,74.0,2.182640314102173,2.1868598461151123,0.004219532012939453
31,11,21,103.0,2.7647080421447754,2.80773663520813,0.04302859306335449
31,11,22,114.0,3.4331488609313965,3.434307813644409,0.0011589527130126953
31,11,23,50.0,5.562728404998779,5.557884693145752,-0.004843711853027344
31,11,24,281.0,2.4593505859375,2.460644006729126,0.0012934207916259766
31,11,25,247.0,2.162877321243286,2.159789800643921,-0.0030875205993652344
31,11,26,173.0,3.780362606048584,3.787473440170288,0.0071108341217041016
31,11,27,166.0,3.268761396408081,3.2641043663024902,-0.00465703010559082
31,11,28,98.0,2.8850836753845215,2.877830743789673,-0.007252931594848633
31,11,29,174.0,3.2879021167755127,3.284611463546753,-0.0032906532287597656
31,11,30,173.0,3.087313413619995,3.0757484436035156,-0.011564970016479492
31,11,31,215.0,3.7688708305358887,3.7675015926361084,-0.0013692378997802734
31,11,32,186.0,2.7773280143737793,2.7787413597106934,0.0014133453369140625
31,11,33,153.0,2.610452890396118,2.6016266345977783,-0.008826255798339844
31,11,34,147.0,3.096090793609619,3.1009252071380615,0.004834413528442383
31,11,35,50.0,4.262930870056152,4.267758846282959,0.004827976226806641
31,11,36,86.0,2.5445685386657715,2.5888044834136963,0.044235944747924805
31,11,37,154.0,4.032649040222168,4.027360439300537,-0.005288600921630859
31,11,38,265.0,2.685051679611206,2.692667245864868,0.007615566253662109
31,11,39,199.0,3.442211389541626,3.437808036804199,-0.004403352737426758
31,11,40,138.0,3.036294937133789,3.034184217453003,-0.002110719680786133
31,11,41,98.0,3.56339955329895,3.569730758666992,0.006331205368041992
31,11,42,167.0,2.791276693344116,2.7966790199279785,0.005402326583862305
31,11,43,288.0,3.996307849884033,3.995506763458252,-0.00080108642578125
31,11,44,225.0,2.764963150024414,2.7622456550598145,-0.0027174949645996094
31,11,45,191.0,3.2674989700317383,3.261392116546631,-0.006106853485107422
31,11,46,92.0,4.787234783172607,4.7834672927856445,-0.0037674903869628906
31,11,47,41.0,5.17321252822876,5.185759544372559,0.012547016143798828
31,11,48,231.0,3.050201892852783,3.042882204055786,-0.00731968879699707
31,11,49,101.0,2.2807674407958984,2.2928707599639893,0.01210331916809082
31,11,50,177.0,3.28656005859375,3.2787692546844482,-0.007790803909301758
31,11,51,252.0,3.729534387588501,3.724815845489502,-0.0047185420989990234
31,11,52,259.0,3.0285918712615967,3.0331990718841553,0.004607200622558594
31,11,53,47.0,3.0469322204589844,3.0475480556488037,0.0006158351898193359
31,11,54,164.0,2.354414463043213,2.361360788345337,0.0069463253021240234
31,11,55,94.0,3.564063310623169,3.5675101280212402,0.003446817398071289
31,11,56,103.0,3.668520927429199,3.662710189819336,-0.005810737609863281
31,11,57,78.0,3.6771252155303955,3.6703529357910156,-0.006772279739379883
31,11,58,239.0,3.4083893299102783,3.3985679149627686,-0.009821414947509766
31,11,59,271.0,4.502346992492676,4.504538536071777,0.0021915435791015625
31,11,60,162.0,3.0323004722595215,3.02481746673584,-0.007483005523681641
31,11,61,179.0,3.618516206741333,3.6147191524505615,-0.0037970542907714844
31,11,62,218.0,2.710827112197876,2.7097537517547607,-0.0010733604431152344
31,11,63,81.0,3.249349355697632,3.2510616779327393,0.0017123222351074219
31,11,64,93.0,3.696587085723877,3.698392152786255,0.0018050670623779297
31,11,65,72.0,3.9958338737487793,3.9895689487457275,-0.006264925003051758
31,11,66,230.0,3.6442677974700928,3.6410622596740723,-0.003205537796020508
31,11,67,99.0,2.919395685195923,2.969984292984009,0.05058860778808594
31,11,68,213.0,2.9106554985046387,2.907388210296631,-0.0032672882080078125
31,11,69,119.0,2.7914681434631348,2.787748098373413,-0.0037200450897216797
31,11,70,161.0,3.1008999347686768,3.100273847579956,-0.0006260871887207031
31,11,71,90.0,4.010181903839111,4.006580829620361,-0.00360107421875
31,11,72,181.0,3.0067594051361084,3.0166397094726562,0.009880304336547852
31,11,73,95.0,4.08024787902832,4.07590913772583,-0.004338741302490234
31,11,74,245.0,2.442718744277954,2.442157506942749,-0.0005612373352050781
31,11,75,93.0,2.114382266998291,2.113535165786743,-0.0008471012115478516
31,11,76,225.0,2.825653553009033,2.8153624534606934,-0.010291099548339844
31,11,77,61.0,3.338794708251953,3.3580946922302246,0.019299983978271484
31,11,78,257.0,3.9624106884002686,3.966749429702759,0.004338741302490234
31,11,79,165.0,3.2207393646240234,3.221076011657715,0.00033664703369140625
31,11,80,117.0,4.315102577209473,4.310404300689697,-0.004698276519775391
31,11,81,89.0,3.6350255012512207,3.635913610458374,0.0008881092071533203
31,11,82,291.0,3.772111177444458,3.7695682048797607,-0.0025429725646972656
31,11,83,93.0,3.43058443069458,3.420954465866089,-0.009629964828491211
31,11,84,228.0,2.4015636444091797,2.3919475078582764,-0.00961613655090332
31,11,85,131.0,2.8454298973083496,2.8410677909851074,-0.0043621063232421875
31,11,86,191.0,4.341160774230957,4.336830139160156,-0.004330635070800781
31,11,87,238.0,5.110036849975586,5.108273506164551,-0.0017633438110351562
31,11,88,210.0,3.3413021564483643,3.337510347366333,-0.00379180908203125
31,11,89,107.0,4.339839935302734,4.3419952392578125,0.002155303955078125
31,11,90,217.0,3.0681116580963135,3.0665407180786133,-0.0015709400177001953
31,11,91,199.0,3.2457942962646484,3.2471096515655518,0.0013153553009033203
31,11,92,84.0,2.6276965141296387,2.629359006881714,0.0016624927520751953
31,11,93,271.0,3.756063222885132,3.756110191345215,4.696846008300781e-05
31,11,94,226.0,3.251934289932251,3.2545247077941895,0.0025904178619384766
31,11,95,258.0,3.875674247741699,3.871683359146118,-0.003990888595581055
31,11,96,86.0,3.585750102996826,3.5860161781311035,0.00026607513427734375
31,11,97,142.0,4.497574806213379,4.4861345291137695,-0.011440277099609375
31,11,98,42.0,3.347982168197632,3.337904453277588,-0.010077714920043945
31,11,99,224.0,2.679133892059326,2.6786282062530518,-0.0005056858062744141
31,11,100,197.0,2.196375608444214,2.19694447517395,0.0005688667297363281
31,11,101,85.0,2.568619728088379,2.556316375732422,-0.012303352355957031
31,11,102,195.0,3.2174572944641113,3.215364694595337,-0.002092599868774414
31,11,103,102.0,3.6202828884124756,3.632166624069214,0.011883735656738281
31,11,104,181.0,3.483546018600464,3.4822540283203125,-0.0012919902801513672
31,11,105,72.0,2.1719796657562256,2.17928409576416,0.00730443000793457
31,11,106,130.0,4.735745906829834,4.740559101104736,0.004813194274902344
31,11,107,62.0,2.6150100231170654,2.6218552589416504,0.006845235824584961
31,11,108,263.0,3.6819097995758057,3.6804139614105225,-0.0014958381652832031
31,11,109,194.0,2.822662115097046,2.818930149078369,-0.003731966018676758
31,11,110,174.0,2.753187417984009,2.738820791244507,-0.014366626739501953
31,11,111,235.0,4.053600788116455,4.048608779907227,-0.004992008209228516
31,11,112,143.0,4.031272888183594,4.036627292633057,0.005354404449462891
31,11,113,117.0,4.415828704833984,4.415133953094482,-0.0006947517395019531
31,11,114,160.0,3.988440990447998,3.9904308319091797,0.0019898414611816406
31,11,115,115.0,3.474060297012329,3.465669631958008,-0.008390665054321289
31,11,116,120.0,3.551665782928467,3.5538268089294434,0.0021610260009765625
31,11,117,186.0,3.7136735916137695,3.7056193351745605,-0.008054256439208984
31,11,118,138.0,3.1632800102233887,3.141752004623413,-0.021528005599975586
31,11,119,80.0,2.3273348808288574,2.328503370285034,0.0011684894561767578
31,11,120,164.0,2.849583864212036,2.852665901184082,0.0030820369720458984
31,11,121,215.0,3.761408567428589,3.7585573196411133,-0.002851247787475586
31,11,122,81.0,3.2764456272125244,3.2723464965820312,-0.004099130630493164
31,11,123,171.0,3.1637179851531982,3.157047986984253,-0.0066699981689453125
31,11,124,41.0,5.6693196296691895,5.673912048339844,0.004592418670654297
31,11,125,103.0,3.8813576698303223,3.8778040409088135,-0.003553628921508789
31,11,126,145.0,3.006119966506958,2.997802257537842,-0.008317708969116211
31,11,127,102.0,2.92803955078125,2.937455177307129,0.009415626525878906
31,12,0,196.0,3.6189582347869873,3.6137189865112305,-0.005239248275756836
31,12,1,127.0,3.22214412689209,3.2222132682800293,6.914138793945312e-05
31,12,2,162.0,2.2713801860809326,2.267630100250244,-0.0037500858306884766
31,12,3,92.0,4.133184909820557,4.132069110870361,-0.0011157989501953125
31,12,4,194.0,3.299353837966919,3.2980101108551025,-0.0013437271118164062
31,12,5,115.0,2.8214778900146484,2.8221685886383057,0.0006906986236572266
31,12,6,109.0,4.325214862823486,4.324157238006592,-0.0010576248168945312
31,12,7,48.0,3.449648857116699,3.4449472427368164,-0.0047016143798828125
31,12,8,69.0,3.7256877422332764,3.725334644317627,-0.00035309791564941406
31,12,9,85.0,3.190195322036743,3.1888248920440674,-0.0013704299926757812
31,12,10,238.0,2.782064914703369,2.7836313247680664,0.0015664100646972656
31,12,11,233.0,2.6044344902038574,2.603773832321167,-0.0006606578826904297
31,12,12,208.0,3.147305488586426,3.147075891494751,-0.0002295970916748047
31,12,13,196.0,2.917774200439453,2.9196505546569824,0.0018763542175292969
31,12,14,131.0,3.2567384243011475,3.256995439529419,0.0002570152282714844
31,12,15,125.0,2.790242910385132,2.7921299934387207,0.0018870830535888672
31,12,16,61.0,4.113956451416016,4.110673427581787,-0.0032830238342285156
31,12,17,164.0,2.230290412902832,2.2321882247924805,0.0018978118896484375
31,12,18,107.0,3.345957040786743,3.33894944190979,-0.007007598876953125
31,12,19,48.0,3.959183692932129,3.955049514770508,-0.004134178161621094
31,12,20,74.0,2.182640314102173,2.1821417808532715,-0.0004985332489013672
31,12,21,103.0,2.7647080421447754,2.7612709999084473,-0.003437042236328125
31,12,22,114.0,3.4331488609313965,3.433753252029419,0.0006043910980224609
31,12,23,50.0,5.562728404998779,5.5619096755981445,-0.0008187294006347656
31,12,24,281.0,2.4593505859375,2.456655979156494,-0.0026946067810058594
31,12,25,247.0,2.162877321243286,2.1690101623535156,0.006132841110229492
31,12,26,173.0,3.780362606048584,3.7913293838500977,0.010966777801513672
31,12,27,166.0,3.268761396408081,3.271923780441284,0.003162384033203125
31,12,28,98.0,2.8850836753845215,2.88490629196167,-0.0001773834228515625
31,12,29,174.0,3.2879021167755127,3.2854108810424805,-0.0024912357330322266
31,12,30,173.0,3.087313413619995,3.089142322540283,0.001828908920288086
31,12,31,215.0,3.7688708305358887,3.7682394981384277,-0.0006313323974609375
31,12,32,186.0,2.7773280143737793,2.7776291370391846,0.00030112266540527344
31,12,33,153.0,2.610452890396118,2.602597236633301,-0.007855653762817383
31,12,34,147.0,3.096090793609619,3.094639778137207,-0.0014510154724121094
31,12,35,50.0,4.262930870056152,4.264452934265137,0.001522064208984375
31,12,36,86.0,2.5445685386657715,2.54589581489563,0.0013272762298583984
31,12,37,154.0,4.032649040222168,4.030921459197998,-0.0017275810241699219
31,12,38,265.0,2.685051679611206,2.685324192047119,0.00027251243591308594
31,12,39,199.0,3.442211389541626,3.443571090698242,0.001359701156616211
31,12,40,138.0,3.036294937133789,3.037609100341797,0.0013141632080078125
31,12,41,98.0,3.56339955329895,3.569262981414795,0.0058634281158447266
31,12,42,167.0,2.791276693344116,2.792652130126953,0.001375436782836914
31,12,43,288.0,3.996307849884033,3.996943473815918,0.0006356239318847656
31,12,44,225.0,2.764963150024414,2.7688260078430176,0.0038628578186035156
31,12,45,191.0,3.2674989700317383,3.272212028503418,0.0047130584716796875
31,12,46,92.0,4.787234783172607,4.792075157165527,0.004840373992919922
31,12,47,41.0,5.17321252822876,5.174788951873779,0.0015764236450195312
31,12,48,231.0,3.050201892852783,3.047607898712158,-0.002593994140625
31,12,49,101.0,2.2807674407958984,2.2846789360046387,0.003911495208740234
31,12,50,177.0,3.28656005859375,3.284960985183716,-0.0015990734100341797
31,12,51,252.0,3.729534387588501,3.7296361923217773,0.00010180473327636719
31,12,52,259.0,3.0285918712615967,3.0319271087646484,0.003335237503051758
31,12,53,47.0,3.0469322204589844,3.057422399520874,0.010490179061889648
31,12,54,164.0,2.354414463043213,2.356703996658325,0.0022895336151123047
31,12,55,94.0,3.564063310623169,3.5565121173858643,-0.0075511932373046875
31,12,56,103.0,3.668520927429199,3.676905632019043,0.00838470458984375
31,12,57,78.0,3.6771252155303955,3.678760528564453,0.0016353130340576172
31,12,58,239.0,3.4083893299102783,3.406010866165161,-0.0023784637451171875
31,12,59,271.0,4.502346992492676,4.503997325897217,0.0016503334045410156
31,12,60,162.0,3.0323004722595215,3.0285704135894775,-0.0037300586700439453
31,12,61,179.0,3.618516206741333,3.6208066940307617,0.002290487289428711
31,12,62,218.0,2.710827112197876,2.7171781063079834,0.006350994110107422
31,12,63,81.0,3.249349355697632,3.2450244426727295,-0.004324913024902344
31,12,64,93.0,3.696587085723877,3.7004263401031494,0.003839254379272461
31,12,65,72.0,3.9958338737487793,3.99318265914917,-0.002651214599609375
31,12,66,230.0,3.6442677974700928,3.6418616771698,-0.0024061203002929688
31,12,67,99.0,2.919395685195923,2.913745641708374,-0.005650043487548828
31,12,68,213.0,2.9106554985046387,2.9101245403289795,-0.0005309581756591797
31,12,69,119.0,2.7914681434631348,2.7899036407470703,-0.0015645027160644531
31,12,70,161.0,3.1008999347686768,3.1023833751678467,0.0014834403991699219
31,12,71,90.0,4.010181903839111,4.007668495178223,-0.002513408660888672
31,12,72,181.0,3.0067594051361084,3.010573625564575,0.003814220428466797
31,12,73,95.0,4.08024787902832,4.082339763641357,0.0020918846130371094
31,12,74,245.0,2.442718744277954,2.4399783611297607,-0.0027403831481933594
31,12,75,93.0,2.114382266998291,2.1207635402679443,0.00638127326965332
31,12,76,225.0,2.825653553009033,2.8254456520080566,-0.0002079010009765625
31,12,77,61.0,3.338794708251953,3.341621160507202,0.0028264522552490234
31,12,78,257.0,3.9624106884002686,3.96262788772583,0.00021719932556152344
31,12,79,165.0,3.2207393646240234,3.221005439758301,0.00026607513427734375
31,12,80,117.0,4.315102577209473,4.309998035430908,-0.005104541778564453
31,12,81,89.0,3.6350255012512207,3.6349880695343018,-3.743171691894531e-05
31,12,82,291.0,3.772111177444458,3.7701199054718018,-0.00199127197265625
31,12,83,93.0,3.43058443069458,3.430332899093628,-0.00025153160095214844
31,12,84,228.0,2.4015636444091797,2.4026877880096436,0.0011241436004638672
31,12,85,131.0,2.8454298973083496,2.842348575592041,-0.0030813217163085938
31,12,86,191.0,4.341160774230957,4.3454060554504395,0.004245281219482422
31,12,87,238.0,5.110036849975586,5.105666637420654,-0.004370212554931641
31,12,88,210.0,3.3413021564483643,3.345165729522705,0.0038635730743408203
31,12,89,107.0,4.339839935302734,4.337778091430664,-0.0020618438720703125
31,12,90,217.0,3.0681116580963135,3.0644423961639404,-0.003669261932373047
31,12,91,199.0,3.2457942962646484,3.2511680126190186,0.005373716354370117
31,12,92,84.0,2.6276965141296387,2.637012243270874,0.009315729141235352
31,12,93,271.0,3.756063222885132,3.756528854370117,0.00046563148498535156
31,12,94,226.0,3.251934289932251,3.25384783744812,0.0019135475158691406
31,12,95,258.0,3.875674247741699,3.876443386077881,0.0007691383361816406
31,12,96,86.0,3.585750102996826,3.582676410675049,-0.0030736923217773438
31,12,97,142.0,4.497574806213379,4.498104572296143,0.0005297660827636719
31,12,98,42.0,3.347982168197632,3.3377392292022705,-0.010242938995361328
31,12,99,224.0,2.679133892059326,2.676175355911255,-0.002958536148071289
31,12,100,197.0,2.196375608444214,2.193195104598999,-0.0031805038452148438
31,12,101,85.0,2.568619728088379,2.566960573196411,-0.0016591548919677734
31,12,102,195.0,3.2174572944641113,3.2181622982025146,0.0007050037384033203
31,12,103,102.0,3.6202828884124756,3.6215765476226807,0.0012936592102050781
31,12,104,181.0,3.483546018600464,3.4849064350128174,0.0013604164123535156
31,12,105,72.0,2.1719796657562256,2.1692636013031006,-0.002716064453125
31,12,106,130.0,4.735745906829834,4.741393566131592,0.0056476593017578125
31,12,107,62.0,2.6150100231170654,2.6141560077667236,-0.0008540153503417969
31,12,108,263.0,3.6819097995758057,3.68210768699646,0.00019788742065429688
31,12,109,194.0,2.822662115097046,2.819746732711792,-0.0029153823852539062
31,12,110,174.0,2.753187417984009,2.7528316974639893,-0.00035572052001953125
31,12,111,235.0,4.053600788116455,4.054316520690918,0.0007157325744628906
31,12,112,143.0,4.031272888183594,4.032498836517334,0.0012259483337402344
31,12,113,117.0,4.415828704833984,4.418255805969238,0.0024271011352539062
31,12,114,160.0,3.988440990447998,3.9892477989196777,0.0008068084716796875
31,12,115,115.0,3.474060297012329,3.48478102684021,0.01072072982788086
31,12,116,120.0,3.551665782928467,3.5498814582824707,-0.0017843246459960938
31,12,117,186.0,3.7136735916137695,3.7152953147888184,0.0016217231750488281
31,12,118,138.0,3.1632800102233887,3.1620559692382812,-0.0012240409851074219
31,12,119,80.0,2.3273348808288574,2.317894458770752,-0.009440422058105469
31,12,120,164.0,2.849583864212036,2.854942560195923,0.005358695983886719
31,12,121,215.0,3.761408567428589,3.7552309036254883,-0.006177663803100586
31,12,122,81.0,3.2764456272125244,3.2742738723754883,-0.002171754837036133
31,12,123,171.0,3.1637179851531982,3.1706950664520264,0.006977081298828125
31,12,124,41.0,5.6693196296691895,5.686929702758789,0.01761007308959961
31,12,125,103.0,3.8813576698303223,3.8825185298919678,0.0011608600616455078
31,12,126,145.0,3.006119966506958,3.0068399906158447,0.0007200241088867188
31,12,127,102.0,2.92803955078125,2.9323065280914307,0.004266977310180664
31,13,0,196.0,3.6189582347869873,3.6153595447540283,-0.0035986900329589844
31,13,1,127.0,3.22214412689209,3.220475673675537,-0.0016684532165527344
31,13,2,162.0,2.2713801860809326,2.266676425933838,-0.0047037601470947266
31,13,3,92.0,4.133184909820557,4.130295753479004,-0.0028891563415527344
31,13,4,194.0,3.299353837966919,3.3000388145446777,0.0006849765777587891
31,13,5,115.0,2.8214778900146484,2.8228609561920166,0.001383066177368164
31,13,6,109.0,4.325214862823486,4.325894355773926,0.0006794929504394531
31,13,7,48.0,3.449648857116699,3.4457175731658936,-0.003931283950805664
31,13,8,69.0,3.7256877422332764,3.7230570316314697,-0.0026307106018066406
31,13,9,85.0,3.190195322036743,3.186450958251953,-0.003744363784790039
31,13,10,238.0,2.782064914703369,2.7838077545166016,0.0017428398132324219
31,13,11,233.0,2.6044344902038574,2.6043827533721924,-5.173683166503906e-05
31,13,12,208.0,3.147305488586426,3.146583080291748,-0.0007224082946777344
31,13,13,196.0,2.917774200439453,2.914146661758423,-0.0036275386810302734
31,13,14,131.0,3.2567384243011475,3.2602574825286865,0.0035190582275390625
31,13,15,125.0,2.790242910385132,2.78885817527771,-0.001384735107421875
31,13,16,61.0,4.113956451416016,4.108372211456299,-0.005584239959716797
31,13,17,164.0,2.230290412902832,2.2360682487487793,0.005777835845947266
31,13,18,107.0,3.345957040786743,3.344555139541626,-0.0014019012451171875
31,13,19,48.0,3.959183692932129,3.958141565322876,-0.0010421276092529297
31,13,20,74.0,2.182640314102173,2.1856772899627686,0.003036975860595703
31,13,21,103.0,2.7647080421447754,2.764822244644165,0.00011420249938964844
31,13,22,114.0,3.4331488609313965,3.4344022274017334,0.001253366470336914
31,13,23,50.0,5.562728404998779,5.5649871826171875,0.002258777618408203
31,13,24,281.0,2.4593505859375,2.460503578186035,0.0011529922485351562
31,13,25,247.0,2.162877321243286,2.163853645324707,0.0009763240814208984
31,13,26,173.0,3.780362606048584,3.7831668853759766,0.002804279327392578
31,13,27,166.0,3.268761396408081,3.2701916694641113,0.0014302730560302734
31,13,28,98.0,2.8850836753845215,2.8773343563079834,-0.007749319076538086
31,13,29,174.0,3.2879021167755127,3.2896335124969482,0.0017313957214355469
31,13,30,173.0,3.087313413619995,3.088435411453247,0.0011219978332519531
31,13,31,215.0,3.7688708305358887,3.768329381942749,-0.0005414485931396484
31,13,32,186.0,2.7773280143737793,2.776130199432373,-0.00119781494140625
31,13,33,153.0,2.610452890396118,2.6108405590057373,0.0003876686096191406
31,13,34,147.0,3.096090793609619,3.0955817699432373,-0.0005090236663818359
31,13,35,50.0,4.262930870056152,4.252242565155029,-0.010688304901123047
31,13,36,86.0,2.5445685386657715,2.5510177612304688,0.006449222564697266
31,13,37,154.0,4.032649040222168,4.028326034545898,-0.004323005676269531
31,13,38,265.0,2.685051679611206,2.6835572719573975,-0.0014944076538085938
31,13,39,199.0,3.442211389541626,3.439197301864624,-0.003014087677001953
31,13,40,138.0,3.036294937133789,3.038139820098877,0.0018448829650878906
31,13,41,98.0,3.56339955329895,3.5690524578094482,0.005652904510498047
31,13,42,167.0,2.791276693344116,2.792250633239746,0.0009739398956298828
31,13,43,288.0,3.996307849884033,3.996429443359375,0.00012159347534179688
31,13,44,225.0,2.764963150024414,2.7629401683807373,-0.002022981643676758
31,13,45,191.0,3.2674989700317383,3.2709405422210693,0.0034415721893310547
31,13,46,92.0,4.787234783172607,4.783791542053223,-0.0034432411193847656
31,13,47,41.0,5.17321252822876,5.177055835723877,0.0038433074951171875
31,13,48,231.0,3.050201892852783,3.04651141166687,-0.003690481185913086
31,13,49,101.0,2.2807674407958984,2.2833549976348877,0.002587556838989258
31,13,50,177.0,3.28656005859375,3.284134864807129,-0.0024251937866210938
31,13,51,252.0,3.729534387588501,3.731133222579956,0.0015988349914550781
31,13,52,259.0,3.0285918712615967,3.0290274620056152,0.0004355907440185547
31,13,53,47.0,3.0469322204589844,3.0546040534973145,0.007671833038330078
31,13,54,164.0,2.354414463043213,2.354445219039917,3.075599670410156e-05
31,13,55,94.0,3.564063310623169,3.5557024478912354,-0.008360862731933594
31,13,56,103.0,3.668520927429199,3.665046215057373,-0.003474712371826172
31,13,57,78.0,3.6771252155303955,3.682640314102173,0.005515098571777344
31,13,58,239.0,3.4083893299102783,3.4052698612213135,-0.0031194686889648438
31,13,59,271.0,4.502346992492676,4.498904228210449,-0.0034427642822265625
31,13,60,162.0,3.0323004722595215,3.029676675796509,-0.0026237964630126953
31,13,61,179.0,3.618516206741333,3.6190178394317627,0.0005016326904296875
31,13,62,218.0,2.710827112197876,2.7107677459716797,-5.936622619628906e-05
31,13,63,81.0,3.249349355697632,3.2562828063964844,0.006933450698852539
31,13,64,93.0,3.696587085723877,3.7030029296875,0.006415843963623047
31,13,65,72.0,3.9958338737487793,3.9851369857788086,-0.010696887969970703
31,13,66,230.0,3.6442677974700928,3.642500638961792,-0.0017671585083007812
31,13,67,99.0,2.919395685195923,2.9080162048339844,-0.011379480361938477
31,13,68,213.0,2.9106554985046387,2.909471035003662,-0.0011844635009765625
31,13,69,119.0,2.7914681434631348,2.795409679412842,0.003941535949707031
31,13,70,161.0,3.1008999347686768,3.0999293327331543,-0.0009706020355224609
31,13,71,90.0,4.010181903839111,4.00018310546875,-0.009998798370361328
31,13,72,181.0,3.0067594051361084,3.0101895332336426,0.0034301280975341797
31,13,73,95.0,4.08024787902832,4.083011150360107,0.0027632713317871094
31,13,74,245.0,2.442718744277954,2.442438840866089,-0.0002799034118652344
31,13,75,93.0,2.114382266998291,2.114232301712036,-0.0001499652862548828
31,13,76,225.0,2.825653553009033,2.8230555057525635,-0.0025980472564697266
31,13,77,61.0,3.338794708251953,3.3435423374176025,0.004747629165649414
31,13,78,257.0,3.9624106884002686,3.963667631149292,0.0012569427490234375
31,13,79,165.0,3.2207393646240234,3.2230002880096436,0.002260923385620117
31,13,80,117.0,4.315102577209473,4.311816692352295,-0.0032858848571777344
31,13,81,89.0,3.6350255012512207,3.6332035064697266,-0.0018219947814941406
31,13,82,291.0,3.772111177444458,3.771667242050171,-0.0004439353942871094
31,13,83,93.0,3.43058443069458,3.43157958984375,0.0009951591491699219
31,13,84,228.0,2.4015636444091797,2.3977136611938477,-0.0038499832153320312
31,13,85,131.0,2.8454298973083496,2.8496649265289307,0.004235029220581055
31,13,86,191.0,4.341160774230957,4.339599132537842,-0.0015616416931152344
31,13,87,238.0,5.110036849975586,5.112147331237793,0.0021104812622070312
31,13,88,210.0,3.3413021564483643,3.345759153366089,0.004456996917724609
31,13,89,107.0,4.339839935302734,4.338199615478516,-0.00164031982421875
31,13,90,217.0,3.0681116580963135,3.0659267902374268,-0.0021848678588867188
31,13,91,199.0,3.2457942962646484,3.2484495639801025,0.0026552677154541016
31,13,92,84.0,2.6276965141296387,2.6325795650482178,0.0048830509185791016
31,13,93,271.0,3.756063222885132,3.755617380142212,-0.0004458427429199219
31,13,94,226.0,3.251934289932251,3.251163959503174,-0.0007703304290771484
31,13,95,258.0,3.875674247741699,3.879892349243164,0.004218101501464844
31,13,96,86.0,3.585750102996826,3.589099645614624,0.0033495426177978516
31,13,97,142.0,4.497574806213379,4.4970479011535645,-0.0005269050598144531
31,13,98,42.0,3.347982168197632,3.3492846488952637,0.001302480697631836
31,13,99,224.0,2.679133892059326,2.679527759552002,0.00039386749267578125
31,13,100,197.0,2.196375608444214,2.1949026584625244,-0.0014729499816894531
31,13,101,85.0,2.568619728088379,2.569448232650757,0.0008285045623779297
31,13,102,195.0,3.2174572944641113,3.218947410583496,0.0014901161193847656
31,13,103,102.0,3.6202828884124756,3.619290828704834,-0.0009920597076416016
31,13,104,181.0,3.483546018600464,3.489503860473633,0.005957841873168945
31,13,105,72.0,2.1719796657562256,2.168527126312256,-0.0034525394439697266
31,13,106,130.0,4.735745906829834,4.7410173416137695,0.005271434783935547
31,13,107,62.0,2.6150100231170654,2.6126749515533447,-0.002335071563720703
31,13,108,263.0,3.6819097995758057,3.6800696849823,-0.0018401145935058594
31,13,109,194.0,2.822662115097046,2.8207173347473145,-0.0019447803497314453
31,13,110,174.0,2.753187417984009,2.754690647125244,0.0015032291412353516
31,13,111,235.0,4.053600788116455,4.053298473358154,-0.00030231475830078125
31,13,112,143.0,4.031272888183594,4.029356479644775,-0.0019164085388183594
31,13,113,117.0,4.415828704833984,4.41646671295166,0.0006380081176757812
31,13,114,160.0,3.988440990447998,3.9924919605255127,0.0040509700775146484
31,13,115,115.0,3.474060297012329,3.474736452102661,0.0006761550903320312
31,13,116,120.0,3.551665782928467,3.5483710765838623,-0.003294706344604492
31,13,117,186.0,3.7136735916137695,3.7128853797912598,-0.0007882118225097656
31,13,118,138.0,3.1632800102233887,3.1638996601104736,0.0006196498870849609
31,13,119,80.0,2.3273348808288574,2.322146415710449,-0.005188465118408203
31,13,120,164.0,2.849583864212036,2.850822687149048,0.0012388229370117188
31,13,121,215.0,3.761408567428589,3.7634055614471436,0.0019969940185546875
31,13,122,81.0,3.2764456272125244,3.2775840759277344,0.001138448715209961
31,13,123,171.0,3.1637179851531982,3.163959264755249,0.00024127960205078125
31,13,124,41.0,5.6693196296691895,5.676392555236816,0.007072925567626953
31,13,125,103.0,3.8813576698303223,3.8824141025543213,0.0010564327239990234
31,13,126,145.0,3.006119966506958,3.004124641418457,-0.0019953250885009766
31,13,127,102.0,2.92803955078125,2.9279184341430664,-0.00012111663818359375
31,14,0,196.0,3.6189582347869873,3.6089699268341064,-0.00998830795288086
31,14,1,127.0,3.22214412689209,3.2179815769195557,-0.00416254997253418
31,14,2,162.0,2.2713801860809326,2.270456552505493,-0.0009236335754394531
31,14,3,92.0,4.133184909820557,4.125051975250244,-0.0081329345703125
31,14,4,194.0,3.299353837966919,3.2985827922821045,-0.0007710456848144531
31,14,5,115.0,2.8214778900146484,2.8209097385406494,-0.0005681514739990234
31,14,6,109.0,4.325214862823486,4.324546813964844,-0.0006680488586425781
31,14,7,48.0,3.449648857116699,3.4406259059906006,-0.009022951126098633
31,14,8,69.0,3.7256877422332764,3.7227203845977783,-0.002967357635498047
31,14,9,85.0,3.190195322036743,3.186105251312256,-0.004090070724487305
31,14,10,238.0,2.782064914703369,2.7812962532043457,-0.0007686614990234375
31,14,11,233.0,2.6044344902038574,2.608616828918457,0.004182338714599609
31,14,12,208.0,3.147305488586426,3.1447644233703613,-0.002541065216064453
31,14,13,196.0,2.917774200439453,2.918612003326416,0.0008378028869628906
31,14,14,131.0,3.2567384243011475,3.260857105255127,0.004118680953979492
31,14,15,125.0,2.790242910385132,2.7897636890411377,-0.0004792213439941406
31,14,16,61.0,4.113956451416016,4.107297897338867,-0.0066585540771484375
31,14,17,164.0,2.230290412902832,2.2315008640289307,0.0012104511260986328
31,14,18,107.0,3.345957040786743,3.3477914333343506,0.0018343925476074219
31,14,19,48.0,3.959183692932129,3.9591064453125,-7.724761962890625e-05
31,14,20,74.0,2.182640314102173,2.187239646911621,0.004599332809448242
31,14,21,103.0,2.7647080421447754,2.7594616413116455,-0.005246400833129883
31,14,22,114.0,3.4331488609313965,3.4357540607452393,0.0026051998138427734
31,14,23,50.0,5.562728404998779,5.56131649017334,-0.0014119148254394531
31,14,24,281.0,2.4593505859375,2.456805467605591,-0.0025451183319091797
31,14,25,247.0,2.162877321243286,2.1638355255126953,0.0009582042694091797
31,14,26,173.0,3.780362606048584,3.784064292907715,0.0037016868591308594
31,14,27,166.0,3.268761396408081,3.2743983268737793,0.005636930465698242
31,14,28,98.0,2.8850836753845215,2.8830840587615967,-0.0019996166229248047
31,14,29,174.0,3.2879021167755127,3.2839431762695312,-0.003958940505981445
31,14,30,173.0,3.087313413619995,3.0870001316070557,-0.0003132820129394531
31,14,31,215.0,3.7688708305358887,3.770632743835449,0.0017619132995605469
31,14,32,186.0,2.7773280143737793,2.774986982345581,-0.002341032028198242
31,14,33,153.0,2.610452890396118,2.6104509830474854,-1.9073486328125e-06
31,14,34,147.0,3.096090793609619,3.0926735401153564,-0.0034172534942626953
31,14,35,50.0,4.262930870056152,4.2637410163879395,0.0008101463317871094
31,14,36,86.0,2.5445685386657715,2.546341896057129,0.0017733573913574219
31,14,37,154.0,4.032649040222168,4.0289387702941895,-0.0037102699279785156
31,14,38,265.0,2.685051679611206,2.681657075881958,-0.003394603729248047
31,14,39,199.0,3.442211389541626,3.4413509368896484,-0.0008604526519775391
31,14,40,138.0,3.036294937133789,3.0396852493286133,0.0033903121948242188
31,14,41,98.0,3.56339955329895,3.566937208175659,0.0035376548767089844
31,14,42,167.0,2.791276693344116,2.790034532546997,-0.0012421607971191406
31,14,43,288.0,3.996307849884033,3.9961750507354736,-0.0001327991485595703
31,14,44,225.0,2.764963150024414,2.7650809288024902,0.00011777877807617188
31,14,45,191.0,3.2674989700317383,3.2690699100494385,0.0015709400177001953
31,14,46,92.0,4.787234783172607,4.784027576446533,-0.0032072067260742188
31,14,47,41.0,5.17321252822876,5.170987606048584,-0.0022249221801757812
31,14,48,231.0,3.050201892852783,3.0471606254577637,-0.0030412673950195312
31,14,49,101.0,2.2807674407958984,2.2777199745178223,-0.003047466278076172
31,14,50,177.0,3.28656005859375,3.2862870693206787,-0.00027298927307128906
31,14,51,252.0,3.729534387588501,3.7328007221221924,0.0032663345336914062
31,14,52,259.0,3.0285918712615967,3.029989719390869,0.001397848129272461
31,14,53,47.0,3.0469322204589844,3.0548784732818604,0.007946252822875977
31,14,54,164.0,2.354414463043213,2.3575406074523926,0.0031261444091796875
31,14,55,94.0,3.564063310623169,3.558312177658081,-0.005751132965087891
31,14,56,103.0,3.668520927429199,3.666430950164795,-0.002089977264404297
31,14,57,78.0,3.6771252155303955,3.684004545211792,0.006879329681396484
31,14,58,239.0,3.4083893299102783,3.4049389362335205,-0.0034503936767578125
31,14,59,271.0,4.502346992492676,4.503795146942139,0.0014481544494628906
31,14,60,162.0,3.0323004722595215,3.02728009223938,-0.0050203800201416016
31,14,61,179.0,3.618516206741333,3.6203041076660156,0.0017879009246826172
31,14,62,218.0,2.710827112197876,2.717365264892578,0.0065381526947021484
31,14,63,81.0,3.249349355697632,3.2503793239593506,0.00102996826171875
31,14,64,93.0,3.696587085723877,3.69797945022583,0.001392364501953125
31,14,65,72.0,3.9958338737487793,3.9869542121887207,-0.008879661560058594
31,14,66,230.0,3.6442677974700928,3.6448397636413574,0.0005719661712646484
31,14,67,99.0,2.919395685195923,2.9174985885620117,-0.0018970966339111328
31,14,68,213.0,2.9106554985046387,2.9081616401672363,-0.0024938583374023438
31,14,69,119.0,2.7914681434631348,2.78804087638855,-0.003427267074584961
31,14,70,161.0,3.1008999347686768,3.097203254699707,-0.0036966800689697266
31,14,71,90.0,4.010181903839111,4.001381874084473,-0.008800029754638672
31,14,72,181.0,3.0067594051361084,3.00992751121521,0.0031681060791015625
31,14,73,95.0,4.08024787902832,4.084657192230225,0.004409313201904297
31,14,74,245.0,2.442718744277954,2.4429197311401367,0.0002009868621826172
31,14,75,93.0,2.114382266998291,2.1176865100860596,0.0033042430877685547
31,14,76,225.0,2.825653553009033,2.821671485900879,-0.003982067108154297
31,14,77,61.0,3.338794708251953,3.348168134689331,0.00937342643737793
31,14,78,257.0,3.9624106884002686,3.9632606506347656,0.0008499622344970703
31,14,79,165.0,3.2207393646240234,3.2201805114746094,-0.0005588531494140625
31,14,80,117.0,4.315102577209473,4.313924789428711,-0.0011777877807617188
31,14,81,89.0,3.6350255012512207,3.6324167251586914,-0.002608776092529297
31,14,82,291.0,3.772111177444458,3.7703466415405273,-0.001764535903930664
31,14,83,93.0,3.43058443069458,3.428295135498047,-0.002289295196533203
31,14,84,228.0,2.4015636444091797,2.4005167484283447,-0.001046895980834961
31,14,85,131.0,2.8454298973083496,2.844517946243286,-0.0009119510650634766
31,14,86,191.0,4.341160774230957,4.342371463775635,0.0012106895446777344
31,14,87,238.0,5.110036849975586,5.111993789672852,0.001956939697265625
31,14,88,210.0,3.3413021564483643,3.3430471420288086,0.001744985580444336
31,14,89,107.0,4.339839935302734,4.343031406402588,0.0031914710998535156
31,14,90,217.0,3.0681116580963135,3.0633645057678223,-0.004747152328491211
31,14,91,199.0,3.2457942962646484,3.2490484714508057,0.0032541751861572266
31,14,92,84.0,2.6276965141296387,2.627683401107788,-1.3113021850585938e-05
31,14,93,271.0,3.756063222885132,3.754638671875,-0.001424551010131836
31,14,94,226.0,3.251934289932251,3.251821756362915,-0.0001125335693359375
31,14,95,258.0,3.875674247741699,3.876624345779419,0.0009500980377197266
31,14,96,86.0,3.585750102996826,3.590545415878296,0.0047953128814697266
31,14,97,142.0,4.497574806213379,4.498029708862305,0.00045490264892578125
31,14,98,42.0,3.347982168197632,3.3527913093566895,0.004809141159057617
31,14,99,224.0,2.679133892059326,2.678644895553589,-0.0004889965057373047
31,14,100,197.0,2.196375608444214,2.193244695663452,-0.0031309127807617188
31,14,101,85.0,2.568619728088379,2.5649096965789795,-0.003710031509399414
31,14,102,195.0,3.2174572944641113,3.2181856632232666,0.0007283687591552734
31,14,103,102.0,3.6202828884124756,3.6216931343078613,0.0014102458953857422
31,14,104,181.0,3.483546018600464,3.48555588722229,0.002009868621826172
31,14,105,72.0,2.1719796657562256,2.1690256595611572,-0.0029540061950683594
31,14,106,130.0,4.735745906829834,4.73582649230957,8.058547973632812e-05
31,14,107,62.0,2.6150100231170654,2.611142873764038,-0.0038671493530273438
31,14,108,263.0,3.6819097995758057,3.67903995513916,-0.002869844436645508
31,14,109,194.0,2.822662115097046,2.823354482650757,0.0006923675537109375
31,14,110,174.0,2.753187417984009,2.7528929710388184,-0.0002944469451904297
31,14,111,235.0,4.053600788116455,4.055854320526123,0.0022535324096679688
31,14,112,143.0,4.031272888183594,4.0353593826293945,0.004086494445800781
31,14,113,117.0,4.415828704833984,4.410233497619629,-0.005595207214355469
31,14,114,160.0,3.988440990447998,3.9879860877990723,-0.00045490264892578125
31,14,115,115.0,3.474060297012329,3.477046251296997,0.0029859542846679688
31,14,116,120.0,3.551665782928467,3.556731700897217,0.00506591796875
31,14,117,186.0,3.7136735916137695,3.7129719257354736,-0.0007016658782958984
31,14,118,138.0,3.1632800102233887,3.1623291969299316,-0.0009508132934570312
31,14,119,80.0,2.3273348808288574,2.320711135864258,-0.006623744964599609
31,14,120,164.0,2.849583864212036,2.8531734943389893,0.003589630126953125
31,14,121,215.0,3.761408567428589,3.760941982269287,-0.0004665851593017578
31,14,122,81.0,3.2764456272125244,3.270695924758911,-0.005749702453613281
31,14,123,171.0,3.1637179851531982,3.167888879776001,0.004170894622802734
31,14,124,41.0,5.6693196296691895,5.676368713378906,0.007049083709716797
31,14,125,103.0,3.8813576698303223,3.8785269260406494,-0.0028307437896728516
31,14,126,145.0,3.006119966506958,3.0032482147216797,-0.0028717517852783203
31,14,127,102.0,2.92803955078125,2.9249563217163086,-0.0030832290649414062
31,15,0,196.0,3.6189582347869873,3.612536668777466,-0.006421566009521484
31,15,1,127.0,3.22214412689209,3.222489595413208,0.00034546852111816406
31,15,2,162.0,2.2713801860809326,2.269327163696289,-0.0020530223846435547
31,15,3,92.0,4.133184909820557,4.128518581390381,-0.004666328430175781
31,15,4,194.0,3.299353837966919,3.295527219772339,-0.003826618194580078
31,15,5,115.0,2.8214778900146484,2.8203067779541016,-0.001171112060546875
31,15,6,109.0,4.325214862823486,4.325498104095459,0.00028324127197265625
31,15,7,48.0,3.449648857116699,3.4482593536376953,-0.0013895034790039062
31,15,8,69.0,3.7256877422332764,3.7256853580474854,-2.384185791015625e-06
31,15,9,85.0,3.190195322036743,3.188614845275879,-0.0015804767608642578
31,15,10,238.0,2.782064914703369,2.7827625274658203,0.0006976127624511719
31,15,11,233.0,2.6044344902038574,2.607897996902466,0.0034635066986083984
31,15,12,208.0,3.147305488586426,3.1479978561401367,0.0006923675537109375
31,15,13,196.0,2.917774200439453,2.9175453186035156,-0.0002288818359375
31,15,14,131.0,3.2567384243011475,3.2591068744659424,0.002368450164794922
31,15,15,125.0,2.790242910385132,2.7887415885925293,-0.001501321792602539
31,15,16,61.0,4.113956451416016,4.111649036407471,-0.002307415008544922
31,15,17,164.0,2.230290412902832,2.2300493717193604,-0.0002410411834716797
31,15,18,107.0,3.345957040786743,3.351705312728882,0.005748271942138672
31,15,19,48.0,3.959183692932129,3.954824209213257,-0.00435948371887207
31,15,20,74.0,2.182640314102173,2.1857941150665283,0.0031538009643554688
31,15,21,103.0,2.7647080421447754,2.770550489425659,0.005842447280883789
31,15,22,114.0,3.4331488609313965,3.4288930892944336,-0.004255771636962891
31,15,23,50.0,5.562728404998779,5.566751480102539,0.004023075103759766
31,15,24,281.0,2.4593505859375,2.4604411125183105,0.0010905265808105469
31,15,25,247.0,2.162877321243286,2.16233229637146,-0.0005450248718261719
31,15,26,173.0,3.780362606048584,3.7800559997558594,-0.0003066062927246094
31,15,27,166.0,3.268761396408081,3.274162530899048,0.005401134490966797
31,15,28,98.0,2.8850836753845215,2.879478693008423,-0.005604982376098633
31,15,29,174.0,3.2879021167755127,3.2844483852386475,-0.0034537315368652344
31,15,30,173.0,3.087313413619995,3.0857934951782227,-0.001519918441772461
31,15,31,215.0,3.7688708305358887,3.767270565032959,-0.0016002655029296875
31,15,32,186.0,2.7773280143737793,2.7750399112701416,-0.0022881031036376953
31,15,33,153.0,2.610452890396118,2.6087112426757812,-0.001741647720336914
31,15,34,147.0,3.096090793609619,3.092949867248535,-0.0031409263610839844
31,15,35,50.0,4.262930870056152,4.266086101531982,0.003155231475830078
31,15,36,86.0,2.5445685386657715,2.547098159790039,0.002529621124267578
31,15,37,154.0,4.032649040222168,4.031123638153076,-0.0015254020690917969
31,15,38,265.0,2.685051679611206,2.684515953063965,-0.0005357265472412109
31,15,39,199.0,3.442211389541626,3.4399471282958984,-0.002264261245727539
31,15,40,138.0,3.036294937133789,3.0366415977478027,0.0003466606140136719
31,15,41,98.0,3.56339955329895,3.5674023628234863,0.004002809524536133
31,15,42,167.0,2.791276693344116,2.7905964851379395,-0.0006802082061767578
31,15,43,288.0,3.996307849884033,3.995391845703125,-0.0009160041809082031
31,15,44,225.0,2.764963150024414,2.7662196159362793,0.0012564659118652344
31,15,45,191.0,3.2674989700317383,3.266754388809204,-0.0007445812225341797
31,15,46,92.0,4.787234783172607,4.778685092926025,-0.008549690246582031
31,15,47,41.0,5.17321252822876,5.176519393920898,0.003306865692138672
31,15,48,231.0,3.050201892852783,3.0466551780700684,-0.0035467147827148438
31,15,49,101.0,2.2807674407958984,2.285144567489624,0.004377126693725586
31,15,50,177.0,3.28656005859375,3.2832446098327637,-0.003315448760986328
31,15,51,252.0,3.729534387588501,3.727959394454956,-0.0015749931335449219
31,15,52,259.0,3.0285918712615967,3.028423309326172,-0.0001685619354248047
31,15,53,47.0,3.0469322204589844,3.0496432781219482,0.002711057662963867
31,15,54,164.0,2.354414463043213,2.354234457015991,-0.0001800060272216797
31,15,55,94.0,3.564063310623169,3.5558536052703857,-0.008209705352783203
31,15,56,103.0,3.668520927429199,3.66796875,-0.0005521774291992188
31,15,57,78.0,3.6771252155303955,3.675145387649536,-0.001979827880859375
31,15,58,239.0,3.4083893299102783,3.409115791320801,0.0007264614105224609
31,15,59,271.0,4.502346992492676,4.504697322845459,0.002350330352783203
31,15,60,162.0,3.0323004722595215,3.0293774604797363,-0.0029230117797851562
31,15,61,179.0,3.618516206741333,3.616851568222046,-0.0016646385192871094
31,15,62,218.0,2.710827112197876,2.713780403137207,0.0029532909393310547
31,15,63,81.0,3.249349355697632,3.2527198791503906,0.003370523452758789
31,15,64,93.0,3.696587085723877,3.6980245113372803,0.0014374256134033203
31,15,65,72.0,3.9958338737487793,3.989039897918701,-0.006793975830078125
31,15,66,230.0,3.6442677974700928,3.6445138454437256,0.0002460479736328125
31,15,67,99.0,2.919395685195923,2.9170470237731934,-0.002348661422729492
31,15,68,213.0,2.9106554985046387,2.9083170890808105,-0.002338409423828125
31,15,69,119.0,2.7914681434631348,2.794632911682129,0.0031647682189941406
31,15,70,161.0,3.1008999347686768,3.09653902053833,-0.00436091423034668
31,15,71,90.0,4.010181903839111,4.004543304443359,-0.005638599395751953
31,15,72,181.0,3.0067594051361084,3.0105175971984863,0.0037581920623779297
31,15,73,95.0,4.08024787902832,4.080862522125244,0.0006146430969238281
31,15,74,245.0,2.442718744277954,2.4420888423919678,-0.0006299018859863281
31,15,75,93.0,2.114382266998291,2.1183080673217773,0.003925800323486328
31,15,76,225.0,2.825653553009033,2.823545455932617,-0.0021080970764160156
31,15,77,61.0,3.338794708251953,3.341341257095337,0.002546548843383789
31,15,78,257.0,3.9624106884002686,3.9647834300994873,0.00237274169921875
31,15,79,165.0,3.2207393646240234,3.225701093673706,0.004961729049682617
31,15,80,117.0,4.315102577209473,4.310580730438232,-0.004521846771240234
31,15,81,89.0,3.6350255012512207,3.6392624378204346,0.004236936569213867
31,15,82,291.0,3.772111177444458,3.7684805393218994,-0.0036306381225585938
31,15,83,93.0,3.43058443069458,3.426398515701294,-0.004185914993286133
31,15,84,228.0,2.4015636444091797,2.3991966247558594,-0.0023670196533203125
31,15,85,131.0,2.8454298973083496,2.84490966796875,-0.0005202293395996094
31,15,86,191.0,4.341160774230957,4.341669082641602,0.0005083084106445312
31,15,87,238.0,5.110036849975586,5.110909461975098,0.0008726119995117188
31,15,88,210.0,3.3413021564483643,3.347700357437134,0.006398200988769531
31,15,89,107.0,4.339839935302734,4.339239597320557,-0.0006003379821777344
31,15,90,217.0,3.0681116580963135,3.0636157989501953,-0.004495859146118164
31,15,91,199.0,3.2457942962646484,3.244520902633667,-0.0012733936309814453
31,15,92,84.0,2.6276965141296387,2.631568193435669,0.0038716793060302734
31,15,93,271.0,3.756063222885132,3.756382942199707,0.0003197193145751953
31,15,94,226.0,3.251934289932251,3.2515618801116943,-0.0003724098205566406
31,15,95,258.0,3.875674247741699,3.874305009841919,-0.0013692378997802734
31,15,96,86.0,3.585750102996826,3.5902411937713623,0.004491090774536133
31,15,97,142.0,4.497574806213379,4.495968341827393,-0.0016064643859863281
31,15,98,42.0,3.347982168197632,3.338993549346924,-0.008988618850708008
31,15,99,224.0,2.679133892059326,2.680119037628174,0.0009851455688476562
31,15,100,197.0,2.196375608444214,2.192779302597046,-0.0035963058471679688
31,15,101,85.0,2.568619728088379,2.5634448528289795,-0.005174875259399414
31,15,102,195.0,3.2174572944641113,3.2189602851867676,0.00150299072265625
31,15,103,102.0,3.6202828884124756,3.6219482421875,0.001665353775024414
31,15,104,181.0,3.483546018600464,3.4898829460144043,0.00633692741394043
31,15,105,72.0,2.1719796657562256,2.172417640686035,0.0004379749298095703
31,15,106,130.0,4.735745906829834,4.737605571746826,0.0018596649169921875
31,15,107,62.0,2.6150100231170654,2.6126675605773926,-0.0023424625396728516
31,15,108,263.0,3.6819097995758057,3.681567907333374,-0.0003418922424316406
31,15,109,194.0,2.822662115097046,2.82171893119812,-0.0009431838989257812
31,15,110,174.0,2.753187417984009,2.7486886978149414,-0.004498720169067383
31,15,111,235.0,4.053600788116455,4.054855823516846,0.001255035400390625
31,15,112,143.0,4.031272888183594,4.030481338500977,-0.0007915496826171875
31,15,113,117.0,4.415828704833984,4.422236919403076,0.006408214569091797
31,15,114,160.0,3.988440990447998,3.9885482788085938,0.00010728836059570312
31,15,115,115.0,3.474060297012329,3.475085973739624,0.0010256767272949219
31,15,116,120.0,3.551665782928467,3.552116870880127,0.00045108795166015625
31,15,117,186.0,3.7136735916137695,3.7148890495300293,0.0012154579162597656
31,15,118,138.0,3.1632800102233887,3.165470838546753,0.002190828323364258
31,15,119,80.0,2.3273348808288574,2.3225133419036865,-0.0048215389251708984
31,15,120,164.0,2.849583864212036,2.8532845973968506,0.003700733184814453
31,15,121,215.0,3.761408567428589,3.7629554271698,0.0015468597412109375
31,15,122,81.0,3.2764456272125244,3.2779507637023926,0.001505136489868164
31,15,123,171.0,3.1637179851531982,3.1650168895721436,0.0012989044189453125
31,15,124,41.0,5.6693196296691895,5.681159973144531,0.011840343475341797
31,15,125,103.0,3.8813576698303223,3.879176378250122,-0.0021812915802001953
31,15,126,145.0,3.006119966506958,3.006202459335327,8.249282836914062e-05
31,15,127,102.0,2.92803955078125,2.9265196323394775,-0.001519918441772461
31,16,0,196.0,3.6189582347869873,3.609407901763916,-0.009550333023071289
31,16,1,127.0,3.22214412689209,3.21382737159729,-0.008316755294799805
31,16,2,162.0,2.2713801860809326,2.266657590866089,-0.00472259521484375
31,16,3,92.0,4.133184909820557,4.1263747215271,-0.006810188293457031
31,16,4,194.0,3.299353837966919,3.2992265224456787,-0.00012731552124023438
31,16,5,115.0,2.8214778900146484,2.818852424621582,-0.0026254653930664062
31,16,6,109.0,4.325214862823486,4.330587863922119,0.0053730010986328125
31,16,7,48.0,3.449648857116699,3.4485676288604736,-0.001081228256225586
31,16,8,69.0,3.7256877422332764,3.7146105766296387,-0.011077165603637695
31,16,9,85.0,3.190195322036743,3.184015989303589,-0.006179332733154297
31,16,10,238.0,2.782064914703369,2.7816085815429688,-0.0004563331604003906
31,16,11,233.0,2.6044344902038574,2.6031646728515625,-0.0012698173522949219
31,16,12,208.0,3.147305488586426,3.152287721633911,0.0049822330474853516
31,16,13,196.0,2.917774200439453,2.9202990531921387,0.002524852752685547
31,16,14,131.0,3.2567384243011475,3.2635645866394043,0.006826162338256836
31,16,15,125.0,2.790242910385132,2.791567802429199,0.0013248920440673828
31,16,16,61.0,4.113956451416016,4.115291595458984,0.00133514404296875
31,16,17,164.0,2.230290412902832,2.230041980743408,-0.0002484321594238281
31,16,18,107.0,3.345957040786743,3.349663019180298,0.0037059783935546875
31,16,19,48.0,3.959183692932129,3.9616363048553467,0.0024526119232177734
31,16,20,74.0,2.182640314102173,2.1756889820098877,-0.006951332092285156
31,16,21,103.0,2.7647080421447754,2.7697701454162598,0.005062103271484375
31,16,22,114.0,3.4331488609313965,3.4264817237854004,-0.006667137145996094
31,16,23,50.0,5.562728404998779,5.565955638885498,0.00322723388671875
31,16,24,281.0,2.4593505859375,2.4546093940734863,-0.004741191864013672
31,16,25,247.0,2.162877321243286,2.1668200492858887,0.003942728042602539
31,16,26,173.0,3.780362606048584,3.7859084606170654,0.005545854568481445
31,16,27,166.0,3.268761396408081,3.264315366744995,-0.0044460296630859375
31,16,28,98.0,2.8850836753845215,2.8792264461517334,-0.005857229232788086
31,16,29,174.0,3.2879021167755127,3.285444974899292,-0.002457141876220703
31,16,30,173.0,3.087313413619995,3.0825605392456055,-0.0047528743743896484
31,16,31,215.0,3.7688708305358887,3.7708261013031006,0.001955270767211914
31,16,32,186.0,2.7773280143737793,2.7721331119537354,-0.005194902420043945
31,16,33,153.0,2.610452890396118,2.602416515350342,-0.008036375045776367
31,16,34,147.0,3.096090793609619,3.0923995971679688,-0.0036911964416503906
31,16,35,50.0,4.262930870056152,4.261624336242676,-0.0013065338134765625
31,16,36,86.0,2.5445685386657715,2.550118923187256,0.005550384521484375
31,16,37,154.0,4.032649040222168,4.0270490646362305,-0.0055999755859375
31,16,38,265.0,2.685051679611206,2.6832833290100098,-0.001768350601196289
31,16,39,199.0,3.442211389541626,3.43961763381958,-0.0025937557220458984
31,16,40,138.0,3.036294937133789,3.033379554748535,-0.0029153823852539062
31,16,41,98.0,3.56339955329895,3.563028335571289,-0.0003712177276611328
31,16,42,167.0,2.791276693344116,2.7906861305236816,-0.0005905628204345703
31,16,43,288.0,3.996307849884033,3.992844581604004,-0.003463268280029297
31,16,44,225.0,2.764963150024414,2.762472152709961,-0.002490997314453125
31,16,45,191.0,3.2674989700317383,3.2666008472442627,-0.0008981227874755859
31,16,46,92.0,4.787234783172607,4.782008171081543,-0.005226612091064453
31,16,47,41.0,5.17321252822876,5.172179222106934,-0.0010333061218261719
31,16,48,231.0,3.050201892852783,3.0446808338165283,-0.005521059036254883
31,16,49,101.0,2.2807674407958984,2.2855730056762695,0.004805564880371094
31,16,50,177.0,3.28656005859375,3.282811403274536,-0.003748655319213867
31,16,51,252.0,3.729534387588501,3.72906231880188,-0.00047206878662109375
31,16,52,259.0,3.0285918712615967,3.0309126377105713,0.0023207664489746094
31,16,53,47.0,3.0469322204589844,3.042147636413574,-0.004784584045410156
31,16,54,164.0,2.354414463043213,2.3582546710968018,0.003840208053588867
31,16,55,94.0,3.564063310623169,3.5653536319732666,0.0012903213500976562
31,16,56,103.0,3.668520927429199,3.672328233718872,0.0038073062896728516
31,16,57,78.0,3.6771252155303955,3.6796069145202637,0.002481698989868164
31,16,58,239.0,3.4083893299102783,3.406475782394409,-0.0019135475158691406
31,16,59,271.0,4.502346992492676,4.500715255737305,-0.0016317367553710938
31,16,60,162.0,3.0323004722595215,3.0243544578552246,-0.007946014404296875
31,16,61,179.0,3.618516206741333,3.62602162361145,0.0075054168701171875
31,16,62,218.0,2.710827112197876,2.7097344398498535,-0.001092672348022461
31,16,63,81.0,3.249349355697632,3.2515084743499756,0.00215911865234375
31,16,64,93.0,3.696587085723877,3.691843271255493,-0.004743814468383789
31,16,65,72.0,3.9958338737487793,3.9887101650238037,-0.007123708724975586
31,16,66,230.0,3.6442677974700928,3.642498016357422,-0.0017697811126708984
31,16,67,99.0,2.919395685195923,2.9186081886291504,-0.0007874965667724609
31,16,68,213.0,2.9106554985046387,2.90959095954895,-0.0010645389556884766
31,16,69,119.0,2.7914681434631348,2.7885982990264893,-0.002869844436645508
31,16,70,161.0,3.1008999347686768,3.0967068672180176,-0.00419306755065918
31,16,71,90.0,4.010181903839111,4.015816688537598,0.005634784698486328
31,16,72,181.0,3.0067594051361084,3.00683856010437,7.915496826171875e-05
31,16,73,95.0,4.08024787902832,4.081252574920654,0.0010046958923339844
31,16,74,245.0,2.442718744277954,2.4429168701171875,0.00019812583923339844
31,16,75,93.0,2.114382266998291,2.105581045150757,-0.00880122184753418
31,16,76,225.0,2.825653553009033,2.8216240406036377,-0.004029512405395508
31,16,77,61.0,3.338794708251953,3.3444876670837402,0.005692958831787109
31,16,78,257.0,3.9624106884002686,3.9587554931640625,-0.0036551952362060547
31,16,79,165.0,3.2207393646240234,3.221176862716675,0.0004374980926513672
31,16,80,117.0,4.315102577209473,4.307486057281494,-0.007616519927978516
31,16,81,89.0,3.6350255012512207,3.636030912399292,0.001005411148071289
31,16,82,291.0,3.772111177444458,3.765110731124878,-0.007000446319580078
31,16,83,93.0,3.43058443069458,3.4234471321105957,-0.007137298583984375
31,16,84,228.0,2.4015636444091797,2.4009368419647217,-0.0006268024444580078
31,16,85,131.0,2.8454298973083496,2.8388149738311768,-0.0066149234771728516
31,16,86,191.0,4.341160774230957,4.340224742889404,-0.0009360313415527344
31,16,87,238.0,5.110036849975586,5.112478733062744,0.002441883087158203
31,16,88,210.0,3.3413021564483643,3.34246826171875,0.0011661052703857422
31,16,89,107.0,4.339839935302734,4.347707748413086,0.007867813110351562
31,16,90,217.0,3.0681116580963135,3.0676801204681396,-0.0004315376281738281
31,16,91,199.0,3.2457942962646484,3.247791051864624,0.001996755599975586
31,16,92,84.0,2.6276965141296387,2.6410973072052,0.013400793075561523
31,16,93,271.0,3.756063222885132,3.749988079071045,-0.006075143814086914
31,16,94,226.0,3.251934289932251,3.252912998199463,0.000978708267211914
31,16,95,258.0,3.875674247741699,3.8764469623565674,0.0007727146148681641
31,16,96,86.0,3.585750102996826,3.5854275226593018,-0.00032258033752441406
31,16,97,142.0,4.497574806213379,4.497184753417969,-0.00039005279541015625
31,16,98,42.0,3.347982168197632,3.3426942825317383,-0.005287885665893555
31,16,99,224.0,2.679133892059326,2.674823760986328,-0.004310131072998047
31,16,100,197.0,2.196375608444214,2.195615291595459,-0.0007603168487548828
31,16,101,85.0,2.568619728088379,2.5548558235168457,-0.013763904571533203
31,16,102,195.0,3.2174572944641113,3.2186872959136963,0.001230001449584961
31,16,103,102.0,3.6202828884124756,3.625739812850952,0.0054569244384765625
31,16,104,181.0,3.483546018600464,3.486624240875244,0.0030782222747802734
31,16,105,72.0,2.1719796657562256,2.160367250442505,-0.011612415313720703
31,16,106,130.0,4.735745906829834,4.732369422912598,-0.003376483917236328
31,16,107,62.0,2.6150100231170654,2.6081485748291016,-0.006861448287963867
31,16,108,263.0,3.6819097995758057,3.6792140007019043,-0.002695798873901367
31,16,109,194.0,2.822662115097046,2.8203163146972656,-0.0023458003997802734
31,16,110,174.0,2.753187417984009,2.7458369731903076,-0.007350444793701172
31,16,111,235.0,4.053600788116455,4.060408592224121,0.006807804107666016
31,16,112,143.0,4.031272888183594,4.022274017333984,-0.008998870849609375
31,16,113,117.0,4.415828704833984,4.415229320526123,-0.0005993843078613281
31,16,114,160.0,3.988440990447998,3.9974045753479004,0.008963584899902344
31,16,115,115.0,3.474060297012329,3.4760429859161377,0.0019826889038085938
31,16,116,120.0,3.551665782928467,3.5506155490875244,-0.0010502338409423828
31,16,117,186.0,3.7136735916137695,3.7101709842681885,-0.0035026073455810547
31,16,118,138.0,3.1632800102233887,3.1645312309265137,0.001251220703125
31,16,119,80.0,2.3273348808288574,2.3260996341705322,-0.0012352466583251953
31,16,120,164.0,2.849583864212036,2.8520545959472656,0.002470731735229492
31,16,121,215.0,3.761408567428589,3.7594540119171143,-0.0019545555114746094
31,16,122,81.0,3.2764456272125244,3.2717747688293457,-0.004670858383178711
31,16,123,171.0,3.1637179851531982,3.1597259044647217,-0.0039920806884765625
31,16,124,41.0,5.6693196296691895,5.686247825622559,0.01692819595336914
31,16,125,103.0,3.8813576698303223,3.879100799560547,-0.0022568702697753906
31,16,126,145.0,3.006119966506958,3.0077390670776367,0.001619100570678711
31,16,127,102.0,2.92803955078125,2.9095566272735596,-0.01848292350769043
31,17,0,196.0,3.6189582347869873,3.607363224029541,-0.011595010757446289
31,17,1,127.0,3.22214412689209,3.2217061519622803,-0.0004379749298095703
31,17,2,162.0,2.2713801860809326,2.265044689178467,-0.00633549690246582
31,17,3,92.0,4.133184909820557,4.12900972366333,-0.0041751861572265625
31,17,4,194.0,3.299353837966919,3.301762819290161,0.0024089813232421875
31,17,5,115.0,2.8214778900146484,2.821624755859375,0.0001468658447265625
31,17,6,109.0,4.325214862823486,4.323690414428711,-0.0015244483947753906
31,17,7,48.0,3.449648857116699,3.4522464275360107,0.0025975704193115234
31,17,8,69.0,3.7256877422332764,3.7209057807922363,-0.004781961441040039
31,17,9,85.0,3.190195322036743,3.1735057830810547,-0.016689538955688477
31,17,10,238.0,2.782064914703369,2.7859537601470947,0.003888845443725586
31,17,11,233.0,2.6044344902038574,2.5993783473968506,-0.005056142807006836
31,17,12,208.0,3.147305488586426,3.1445043087005615,-0.002801179885864258
31,17,13,196.0,2.917774200439453,2.9131076335906982,-0.004666566848754883
31,17,14,131.0,3.2567384243011475,3.254373073577881,-0.0023653507232666016
31,17,15,125.0,2.790242910385132,2.7880003452301025,-0.002242565155029297
31,17,16,61.0,4.113956451416016,4.1254987716674805,0.011542320251464844
31,17,17,164.0,2.230290412902832,2.2215301990509033,-0.008760213851928711
31,17,18,107.0,3.345957040786743,3.3522286415100098,0.0062716007232666016
31,17,19,48.0,3.959183692932129,3.95316481590271,-0.006018877029418945
31,17,20,74.0,2.182640314102173,2.185887098312378,0.003246784210205078
31,17,21,103.0,2.7647080421447754,2.7582406997680664,-0.006467342376708984
31,17,22,114.0,3.4331488609313965,3.430628538131714,-0.002520322799682617
31,17,23,50.0,5.562728404998779,5.567614555358887,0.004886150360107422
31,17,24,281.0,2.4593505859375,2.4547762870788574,-0.004574298858642578
31,17,25,247.0,2.162877321243286,2.157205104827881,-0.0056722164154052734
31,17,26,173.0,3.780362606048584,3.782726526260376,0.002363920211791992
31,17,27,166.0,3.268761396408081,3.2605605125427246,-0.008200883865356445
31,17,28,98.0,2.8850836753845215,2.8733277320861816,-0.011755943298339844
31,17,29,174.0,3.2879021167755127,3.2786834239959717,-0.009218692779541016
31,17,30,173.0,3.087313413619995,3.081294298171997,-0.006019115447998047
31,17,31,215.0,3.7688708305358887,3.7631795406341553,-0.0056912899017333984
31,17,32,186.0,2.7773280143737793,2.7600083351135254,-0.017319679260253906
31,17,33,153.0,2.610452890396118,2.6072940826416016,-0.0031588077545166016
31,17,34,147.0,3.096090793609619,3.090130567550659,-0.005960226058959961
31,17,35,50.0,4.262930870056152,4.237945079803467,-0.024985790252685547
31,17,36,86.0,2.5445685386657715,2.552431106567383,0.007862567901611328
31,17,37,154.0,4.032649040222168,4.022002696990967,-0.010646343231201172
31,17,38,265.0,2.685051679611206,2.681281328201294,-0.0037703514099121094
31,17,39,199.0,3.442211389541626,3.4378137588500977,-0.00439763069152832
31,17,40,138.0,3.036294937133789,3.033228635787964,-0.0030663013458251953
31,17,41,98.0,3.56339955329895,3.5667216777801514,0.003322124481201172
31,17,42,167.0,2.791276693344116,2.792064905166626,0.0007882118225097656
31,17,43,288.0,3.996307849884033,3.990861177444458,-0.005446672439575195
31,17,44,225.0,2.764963150024414,2.753652334213257,-0.011310815811157227
31,17,45,191.0,3.2674989700317383,3.259030342102051,-0.0084686279296875
31,17,46,92.0,4.787234783172607,4.773276329040527,-0.013958454132080078
31,17,47,41.0,5.17321252822876,5.169613361358643,-0.0035991668701171875
31,17,48,231.0,3.050201892852783,3.0464460849761963,-0.003755807876586914
31,17,49,101.0,2.2807674407958984,2.287750482559204,0.006983041763305664
31,17,50,177.0,3.28656005859375,3.2709248065948486,-0.015635251998901367
31,17,51,252.0,3.729534387588501,3.724807024002075,-0.004727363586425781
31,17,52,259.0,3.0285918712615967,3.0279428958892822,-0.0006489753723144531
31,17,53,47.0,3.0469322204589844,3.050121307373047,0.0031890869140625
31,17,54,164.0,2.354414463043213,2.3588035106658936,0.004389047622680664
31,17,55,94.0,3.564063310623169,3.5623884201049805,-0.0016748905181884766
31,17,56,103.0,3.668520927429199,3.6446971893310547,-0.02382373809814453
31,17,57,78.0,3.6771252155303955,3.684760570526123,0.007635354995727539
31,17,58,239.0,3.4083893299102783,3.406618356704712,-0.0017709732055664062
31,17,59,271.0,4.502346992492676,4.500661849975586,-0.0016851425170898438
31,17,60,162.0,3.0323004722595215,3.030710220336914,-0.0015902519226074219
31,17,61,179.0,3.618516206741333,3.615295171737671,-0.0032210350036621094
31,17,62,218.0,2.710827112197876,2.7129435539245605,0.0021164417266845703
31,17,63,81.0,3.249349355697632,3.2482657432556152,-0.0010836124420166016
31,17,64,93.0,3.696587085723877,3.694901704788208,-0.0016853809356689453
31,17,65,72.0,3.9958338737487793,3.982813835144043,-0.013020038604736328
31,17,66,230.0,3.6442677974700928,3.64180064201355,-0.0024671554565429688
31,17,67,99.0,2.919395685195923,2.9219911098480225,0.0025954246520996094
31,17,68,213.0,2.9106554985046387,2.909929037094116,-0.0007264614105224609
31,17,69,119.0,2.7914681434631348,2.789623975753784,-0.001844167709350586
31,17,70,161.0,3.1008999347686768,3.0883069038391113,-0.01259303092956543
31,17,71,90.0,4.010181903839111,4.007241249084473,-0.002940654754638672
31,17,72,181.0,3.0067594051361084,3.0088653564453125,0.0021059513092041016
31,17,73,95.0,4.08024787902832,4.070108413696289,-0.01013946533203125
31,17,74,245.0,2.442718744277954,2.4323747158050537,-0.01034402847290039
31,17,75,93.0,2.114382266998291,2.1136324405670166,-0.0007498264312744141
31,17,76,225.0,2.825653553009033,2.8229939937591553,-0.0026595592498779297
31,17,77,61.0,3.338794708251953,3.3672430515289307,0.02844834327697754
31,17,78,257.0,3.9624106884002686,3.955551862716675,-0.00685882568359375
31,17,79,165.0,3.2207393646240234,3.2252397537231445,0.004500389099121094
31,17,80,117.0,4.315102577209473,4.312257289886475,-0.002845287322998047
31,17,81,89.0,3.6350255012512207,3.6353838443756104,0.00035834312438964844
31,17,82,291.0,3.772111177444458,3.7669413089752197,-0.005169868469238281
31,17,83,93.0,3.43058443069458,3.424950122833252,-0.005634307861328125
31,17,84,228.0,2.4015636444091797,2.397035837173462,-0.0045278072357177734
31,17,85,131.0,2.8454298973083496,2.8350276947021484,-0.010402202606201172
31,17,86,191.0,4.341160774230957,4.3334736824035645,-0.007687091827392578
31,17,87,238.0,5.110036849975586,5.1127753257751465,0.002738475799560547
31,17,88,210.0,3.3413021564483643,3.3403890132904053,-0.0009131431579589844
31,17,89,107.0,4.339839935302734,4.330969333648682,-0.008870601654052734
31,17,90,217.0,3.0681116580963135,3.0593101978302,-0.008801460266113281
31,17,91,199.0,3.2457942962646484,3.2467219829559326,0.0009276866912841797
31,17,92,84.0,2.6276965141296387,2.628023147583008,0.0003266334533691406
31,17,93,271.0,3.756063222885132,3.752962112426758,-0.0031011104583740234
31,17,94,226.0,3.251934289932251,3.2514209747314453,-0.0005133152008056641
31,17,95,258.0,3.875674247741699,3.871638298034668,-0.00403594970703125
31,17,96,86.0,3.585750102996826,3.588714361190796,0.0029642581939697266
31,17,97,142.0,4.497574806213379,4.493741512298584,-0.003833293914794922
31,17,98,42.0,3.347982168197632,3.3288211822509766,-0.019160985946655273
31,17,99,224.0,2.679133892059326,2.6709744930267334,-0.008159399032592773
31,17,100,197.0,2.196375608444214,2.202975034713745,0.00659942626953125
31,17,101,85.0,2.568619728088379,2.560636043548584,-0.007983684539794922
31,17,102,195.0,3.2174572944641113,3.222235918045044,0.004778623580932617
31,17,103,102.0,3.6202828884124756,3.613554000854492,-0.0067288875579833984
31,17,104,181.0,3.483546018600464,3.4810831546783447,-0.0024628639221191406
31,17,105,72.0,2.1719796657562256,2.1684961318969727,-0.0034835338592529297
31,17,106,130.0,4.735745906829834,4.7392191886901855,0.0034732818603515625
31,17,107,62.0,2.6150100231170654,2.6123900413513184,-0.0026199817657470703
31,17,108,263.0,3.6819097995758057,3.675786256790161,-0.006123542785644531
31,17,109,194.0,2.822662115097046,2.814695358276367,-0.007966756820678711
31,17,110,174.0,2.753187417984009,2.748391628265381,-0.00479578971862793
31,17,111,235.0,4.053600788116455,4.045223236083984,-0.008377552032470703
31,17,112,143.0,4.031272888183594,4.031007289886475,-0.0002655982971191406
31,17,113,117.0,4.415828704833984,4.410642147064209,-0.005186557769775391
31,17,114,160.0,3.988440990447998,3.989514112472534,0.0010731220245361328
31,17,115,115.0,3.474060297012329,3.4661920070648193,-0.007868289947509766
31,17,116,120.0,3.551665782928467,3.554213523864746,0.002547740936279297
31,17,117,186.0,3.7136735916137695,3.706857442855835,-0.00681614875793457
31,17,118,138.0,3.1632800102233887,3.163975477218628,0.0006954669952392578
31,17,119,80.0,2.3273348808288574,2.3324124813079834,0.0050776004791259766
31,17,120,164.0,2.849583864212036,2.8573713302612305,0.007787466049194336
31,17,121,215.0,3.761408567428589,3.7612569332122803,-0.00015163421630859375
31,17,122,81.0,3.2764456272125244,3.2728426456451416,-0.0036029815673828125
31,17,123,171.0,3.1637179851531982,3.1661622524261475,0.0024442672729492188
31,17,124,41.0,5.6693196296691895,5.675426959991455,0.006107330322265625
31,17,125,103.0,3.8813576698303223,3.884347915649414,0.002990245819091797
31,17,126,145.0,3.006119966506958,2.9990079402923584,-0.007112026214599609
31,17,127,102.0,2.92803955078125,2.9245831966400146,-0.0034563541412353516
31,18,0,196.0,3.6189582347869873,3.615633010864258,-0.003325223922729492
31,18,1,127.0,3.22214412689209,3.219172477722168,-0.002971649169921875
31,18,2,162.0,2.2713801860809326,2.270979404449463,-0.00040078163146972656
31,18,3,92.0,4.133184909820557,4.128710746765137,-0.004474163055419922
31,18,4,194.0,3.299353837966919,3.298732280731201,-0.0006215572357177734
31,18,5,115.0,2.8214778900146484,2.824861764907837,0.0033838748931884766
31,18,6,109.0,4.325214862823486,4.32656192779541,0.0013470649719238281
31,18,7,48.0,3.449648857116699,3.457498788833618,0.007849931716918945
31,18,8,69.0,3.7256877422332764,3.7421212196350098,0.0164334774017334
31,18,9,85.0,3.190195322036743,3.1942062377929688,0.004010915756225586
31,18,10,238.0,2.782064914703369,2.7849032878875732,0.0028383731842041016
31,18,11,233.0,2.6044344902038574,2.60721492767334,0.002780437469482422
31,18,12,208.0,3.147305488586426,3.145313024520874,-0.001992464065551758
31,18,13,196.0,2.917774200439453,2.9186513423919678,0.0008771419525146484
31,18,14,131.0,3.2567384243011475,3.256834030151367,9.560585021972656e-05
31,18,15,125.0,2.790242910385132,2.7861833572387695,-0.004059553146362305
31,18,16,61.0,4.113956451416016,4.114887237548828,0.0009307861328125
31,18,17,164.0,2.230290412902832,2.2241158485412598,-0.006174564361572266
31,18,18,107.0,3.345957040786743,3.3460309505462646,7.390975952148438e-05
31,18,19,48.0,3.959183692932129,3.9508323669433594,-0.008351325988769531
31,18,20,74.0,2.182640314102173,2.1903300285339355,0.007689714431762695
31,18,21,103.0,2.7647080421447754,2.782776355743408,0.018068313598632812
31,18,22,114.0,3.4331488609313965,3.4462625980377197,0.013113737106323242
31,18,23,50.0,5.562728404998779,5.55410623550415,-0.008622169494628906
31,18,24,281.0,2.4593505859375,2.459075927734375,-0.000274658203125
31,18,25,247.0,2.162877321243286,2.162306070327759,-0.0005712509155273438
31,18,26,173.0,3.780362606048584,3.78094482421875,0.0005822181701660156
31,18,27,166.0,3.268761396408081,3.2830986976623535,0.014337301254272461
31,18,28,98.0,2.8850836753845215,2.8803327083587646,-0.004750967025756836
31,18,29,174.0,3.2879021167755127,3.2807564735412598,-0.00714564323425293
31,18,30,173.0,3.087313413619995,3.0889031887054443,0.0015897750854492188
31,18,31,215.0,3.7688708305358887,3.767869472503662,-0.0010013580322265625
31,18,32,186.0,2.7773280143737793,2.7813775539398193,0.004049539566040039
31,18,33,153.0,2.610452890396118,2.6087801456451416,-0.0016727447509765625
31,18,34,147.0,3.096090793609619,3.0899910926818848,-0.006099700927734375
31,18,35,50.0,4.262930870056152,4.269435882568359,0.006505012512207031
31,18,36,86.0,2.5445685386657715,2.5180606842041016,-0.026507854461669922
31,18,37,154.0,4.032649040222168,4.036774635314941,0.0041255950927734375
31,18,38,265.0,2.685051679611206,2.6883342266082764,0.0032825469970703125
31,18,39,199.0,3.442211389541626,3.441195011138916,-0.001016378402709961
31,18,40,138.0,3.036294937133789,3.032426118850708,-0.0038688182830810547
31,18,41,98.0,3.56339955329895,3.5723259449005127,0.0089263916015625
31,18,42,167.0,2.791276693344116,2.789353609085083,-0.0019230842590332031
31,18,43,288.0,3.996307849884033,3.9938032627105713,-0.002504587173461914
31,18,44,225.0,2.764963150024414,2.7637999057769775,-0.0011632442474365234
31,18,45,191.0,3.2674989700317383,3.2726807594299316,0.005181789398193359
31,18,46,92.0,4.787234783172607,4.773321628570557,-0.013913154602050781
31,18,47,41.0,5.17321252822876,5.177538871765137,0.004326343536376953
31,18,48,231.0,3.050201892852783,3.042618989944458,-0.007582902908325195
31,18,49,101.0,2.2807674407958984,2.2836947441101074,0.0029273033142089844
31,18,50,177.0,3.28656005859375,3.282499313354492,-0.0040607452392578125
31,18,51,252.0,3.729534387588501,3.7352161407470703,0.005681753158569336
31,18,52,259.0,3.0285918712615967,3.0315487384796143,0.002956867218017578
31,18,53,47.0,3.0469322204589844,3.0578835010528564,0.01095128059387207
31,18,54,164.0,2.354414463043213,2.357117176055908,0.0027027130126953125
31,18,55,94.0,3.564063310623169,3.559920310974121,-0.0041429996490478516
31,18,56,103.0,3.668520927429199,3.6669418811798096,-0.0015790462493896484
31,18,57,78.0,3.6771252155303955,3.6774511337280273,0.00032591819763183594
31,18,58,239.0,3.4083893299102783,3.4045863151550293,-0.0038030147552490234
31,18,59,271.0,4.502346992492676,4.504414081573486,0.002067089080810547
31,18,60,162.0,3.0323004722595215,3.02714467048645,-0.005155801773071289
31,18,61,179.0,3.618516206741333,3.6100003719329834,-0.00851583480834961
31,18,62,218.0,2.710827112197876,2.709998369216919,-0.0008287429809570312
31,18,63,81.0,3.249349355697632,3.2476155757904053,-0.0017337799072265625
31,18,64,93.0,3.696587085723877,3.7122175693511963,0.015630483627319336
31,18,65,72.0,3.9958338737487793,3.9907193183898926,-0.005114555358886719
31,18,66,230.0,3.6442677974700928,3.6452388763427734,0.0009710788726806641
31,18,67,99.0,2.919395685195923,2.950608730316162,0.031213045120239258
31,18,68,213.0,2.9106554985046387,2.902796983718872,-0.007858514785766602
31,18,69,119.0,2.7914681434631348,2.7932517528533936,0.001783609390258789
31,18,70,161.0,3.1008999347686768,3.103179454803467,0.002279520034790039
31,18,71,90.0,4.010181903839111,4.015985488891602,0.005803585052490234
31,18,72,181.0,3.0067594051361084,3.011540651321411,0.004781246185302734
31,18,73,95.0,4.08024787902832,4.076296329498291,-0.003951549530029297
31,18,74,245.0,2.442718744277954,2.4445385932922363,0.0018198490142822266
31,18,75,93.0,2.114382266998291,2.125195264816284,0.010812997817993164
31,18,76,225.0,2.825653553009033,2.8227436542510986,-0.0029098987579345703
31,18,77,61.0,3.338794708251953,3.340085744857788,0.001291036605834961
31,18,78,257.0,3.9624106884002686,3.968369483947754,0.0059587955474853516
31,18,79,165.0,3.2207393646240234,3.217677354812622,-0.003062009811401367
31,18,80,117.0,4.315102577209473,4.3123369216918945,-0.002765655517578125
31,18,81,89.0,3.6350255012512207,3.629868745803833,-0.005156755447387695
31,18,82,291.0,3.772111177444458,3.773780584335327,0.0016694068908691406
31,18,83,93.0,3.43058443069458,3.428868055343628,-0.0017163753509521484
31,18,84,228.0,2.4015636444091797,2.4099884033203125,0.008424758911132812
31,18,85,131.0,2.8454298973083496,2.850815534591675,0.005385637283325195
31,18,86,191.0,4.341160774230957,4.350931167602539,0.009770393371582031
31,18,87,238.0,5.110036849975586,5.106261253356934,-0.0037755966186523438
31,18,88,210.0,3.3413021564483643,3.346928596496582,0.0056264400482177734
31,18,89,107.0,4.339839935302734,4.349483013153076,0.009643077850341797
31,18,90,217.0,3.0681116580963135,3.0683634281158447,0.00025177001953125
31,18,91,199.0,3.2457942962646484,3.2417173385620117,-0.004076957702636719
31,18,92,84.0,2.6276965141296387,2.6272637844085693,-0.00043272972106933594
31,18,93,271.0,3.756063222885132,3.751128673553467,-0.004934549331665039
31,18,94,226.0,3.251934289932251,3.250930070877075,-0.0010042190551757812
31,18,95,258.0,3.875674247741699,3.8798980712890625,0.004223823547363281
31,18,96,86.0,3.585750102996826,3.582256317138672,-0.003493785858154297
31,18,97,142.0,4.497574806213379,4.493855953216553,-0.003718852996826172
31,18,98,42.0,3.347982168197632,3.341186046600342,-0.006796121597290039
31,18,99,224.0,2.679133892059326,2.6808910369873047,0.0017571449279785156
31,18,100,197.0,2.196375608444214,2.195657253265381,-0.0007183551788330078
31,18,101,85.0,2.568619728088379,2.564229726791382,-0.00439000129699707
31,18,102,195.0,3.2174572944641113,3.21755313873291,9.584426879882812e-05
31,18,103,102.0,3.6202828884124756,3.62412166595459,0.003838777542114258
31,18,104,181.0,3.483546018600464,3.4860455989837646,0.0024995803833007812
31,18,105,72.0,2.1719796657562256,2.180558919906616,0.008579254150390625
31,18,106,130.0,4.735745906829834,4.734909534454346,-0.0008363723754882812
31,18,107,62.0,2.6150100231170654,2.614896774291992,-0.00011324882507324219
31,18,108,263.0,3.6819097995758057,3.680799722671509,-0.001110076904296875
31,18,109,194.0,2.822662115097046,2.825620651245117,0.002958536148071289
31,18,110,174.0,2.753187417984009,2.7539398670196533,0.0007524490356445312
31,18,111,235.0,4.053600788116455,4.062288284301758,0.008687496185302734
31,18,112,143.0,4.031272888183594,4.032437324523926,0.0011644363403320312
31,18,113,117.0,4.415828704833984,4.42353630065918,0.0077075958251953125
31,18,114,160.0,3.988440990447998,3.9941108226776123,0.005669832229614258
31,18,115,115.0,3.474060297012329,3.4662892818450928,-0.007771015167236328
31,18,116,120.0,3.551665782928467,3.5561282634735107,0.004462480545043945
31,18,117,186.0,3.7136735916137695,3.7133748531341553,-0.0002987384796142578
31,18,118,138.0,3.1632800102233887,3.165201425552368,0.0019214153289794922
31,18,119,80.0,2.3273348808288574,2.3179659843444824,-0.009368896484375
31,18,120,164.0,2.849583864212036,2.8542892932891846,0.0047054290771484375
31,18,121,215.0,3.761408567428589,3.7569198608398438,-0.004488706588745117
31,18,122,81.0,3.2764456272125244,3.285703659057617,0.009258031845092773
31,18,123,171.0,3.1637179851531982,3.171470880508423,0.007752895355224609
31,18,124,41.0,5.6693196296691895,5.686484336853027,0.01716470718383789
31,18,125,103.0,3.8813576698303223,3.8814876079559326,0.00012993812561035156
31,18,126,145.0,3.006119966506958,3.0029046535491943,-0.003215312957763672
31,18,127,102.0,2.92803955078125,2.932828426361084,0.004788875579833984
31,19,0,196.0,3.6189582347869873,3.615414619445801,-0.0035436153411865234
31,19,1,127.0,3.22214412689209,3.231092929840088,0.008948802947998047
31,19,2,162.0,2.2713801860809326,2.2641236782073975,-0.007256507873535156
31,19,3,92.0,4.133184909820557,4.119491100311279,-0.013693809509277344
31,19,4,194.0,3.299353837966919,3.2950363159179688,-0.004317522048950195
31,19,5,115.0,2.8214778900146484,2.8285586833953857,0.007080793380737305
31,19,6,109.0,4.325214862823486,4.322458267211914,-0.0027565956115722656
31,19,7,48.0,3.449648857116699,3.4480435848236084,-0.0016052722930908203
31,19,8,69.0,3.7256877422332764,3.7166244983673096,-0.009063243865966797
31,19,9,85.0,3.190195322036743,3.1795237064361572,-0.010671615600585938
31,19,10,238.0,2.782064914703369,2.784644842147827,0.002579927444458008
31,19,11,233.0,2.6044344902038574,2.5995967388153076,-0.004837751388549805
31,19,12,208.0,3.147305488586426,3.144683837890625,-0.0026216506958007812
31,19,13,196.0,2.917774200439453,2.9154162406921387,-0.002357959747314453
31,19,14,131.0,3.2567384243011475,3.2664968967437744,0.009758472442626953
31,19,15,125.0,2.790242910385132,2.786965847015381,-0.0032770633697509766
31,19,16,61.0,4.113956451416016,4.106473922729492,-0.0074825286865234375
31,19,17,164.0,2.230290412902832,2.2228541374206543,-0.007436275482177734
31,19,18,107.0,3.345957040786743,3.337567090988159,-0.008389949798583984
31,19,19,48.0,3.959183692932129,3.945263624191284,-0.013920068740844727
31,19,20,74.0,2.182640314102173,2.187260866165161,0.004620552062988281
31,19,21,103.0,2.7647080421447754,2.7714016437530518,0.006693601608276367
31,19,22,114.0,3.4331488609313965,3.4352834224700928,0.002134561538696289
31,19,23,50.0,5.562728404998779,5.551487922668457,-0.011240482330322266
31,19,24,281.0,2.4593505859375,2.457618236541748,-0.0017323493957519531
31,19,25,247.0,2.162877321243286,2.1623129844665527,-0.0005643367767333984
31,19,26,173.0,3.780362606048584,3.780256509780884,-0.00010609626770019531
31,19,27,166.0,3.268761396408081,3.2710049152374268,0.002243518829345703
31,19,28,98.0,2.8850836753845215,2.8776793479919434,-0.007404327392578125
31,19,29,174.0,3.2879021167755127,3.2870676517486572,-0.0008344650268554688
31,19,30,173.0,3.087313413619995,3.0963022708892822,0.00898885726928711
31,19,31,215.0,3.7688708305358887,3.76351261138916,-0.005358219146728516
31,19,32,186.0,2.7773280143737793,2.7735188007354736,-0.003809213638305664
31,19,33,153.0,2.610452890396118,2.611614227294922,0.001161336898803711
31,19,34,147.0,3.096090793609619,3.093083143234253,-0.003007650375366211
31,19,35,50.0,4.262930870056152,4.266530513763428,0.0035996437072753906
31,19,36,86.0,2.5445685386657715,2.54268741607666,-0.0018811225891113281
31,19,37,154.0,4.032649040222168,4.021001815795898,-0.011647224426269531
31,19,38,265.0,2.685051679611206,2.6834566593170166,-0.0015950202941894531
31,19,39,199.0,3.442211389541626,3.434412717819214,-0.007798671722412109
31,19,40,138.0,3.036294937133789,3.0349175930023193,-0.0013773441314697266
31,19,41,98.0,3.56339955329895,3.569490432739258,0.006090879440307617
31,19,42,167.0,2.791276693344116,2.7906103134155273,-0.0006663799285888672
31,19,43,288.0,3.996307849884033,3.9949772357940674,-0.0013306140899658203
31,19,44,225.0,2.764963150024414,2.7686209678649902,0.003657817840576172
31,19,45,191.0,3.2674989700317383,3.269239902496338,0.0017409324645996094
31,19,46,92.0,4.787234783172607,4.783583164215088,-0.0036516189575195312
31,19,47,41.0,5.17321252822876,5.17945671081543,0.006244182586669922
31,19,48,231.0,3.050201892852783,3.049015998840332,-0.0011858940124511719
31,19,49,101.0,2.2807674407958984,2.279759407043457,-0.0010080337524414062
31,19,50,177.0,3.28656005859375,3.284019708633423,-0.0025403499603271484
31,19,51,252.0,3.729534387588501,3.7346222400665283,0.005087852478027344
31,19,52,259.0,3.0285918712615967,3.026129722595215,-0.002462148666381836
31,19,53,47.0,3.0469322204589844,3.0521116256713867,0.005179405212402344
31,19,54,164.0,2.354414463043213,2.347287178039551,-0.007127285003662109
31,19,55,94.0,3.564063310623169,3.5543556213378906,-0.00970768928527832
31,19,56,103.0,3.668520927429199,3.665536642074585,-0.002984285354614258
31,19,57,78.0,3.6771252155303955,3.687974214553833,0.0108489990234375
31,19,58,239.0,3.4083893299102783,3.403834581375122,-0.00455474853515625
31,19,59,271.0,4.502346992492676,4.500417232513428,-0.0019297599792480469
31,19,60,162.0,3.0323004722595215,3.0291473865509033,-0.003153085708618164
31,19,61,179.0,3.618516206741333,3.618429660797119,-8.654594421386719e-05
31,19,62,218.0,2.710827112197876,2.712646484375,0.0018193721771240234
31,19,63,81.0,3.249349355697632,3.241353750228882,-0.00799560546875
31,19,64,93.0,3.696587085723877,3.692678689956665,-0.003908395767211914
31,19,65,72.0,3.9958338737487793,3.981954336166382,-0.013879537582397461
31,19,66,230.0,3.6442677974700928,3.6407082080841064,-0.003559589385986328
31,19,67,99.0,2.919395685195923,2.936490774154663,0.017095088958740234
31,19,68,213.0,2.9106554985046387,2.9118542671203613,0.0011987686157226562
31,19,69,119.0,2.7914681434631348,2.800412893295288,0.00894474983215332
31,19,70,161.0,3.1008999347686768,3.0974409580230713,-0.0034589767456054688
31,19,71,90.0,4.010181903839111,4.01815128326416,0.007969379425048828
31,19,72,181.0,3.0067594051361084,3.0053184032440186,-0.0014410018920898438
31,19,73,95.0,4.08024787902832,4.076327323913574,-0.003920555114746094
31,19,74,245.0,2.442718744277954,2.438105583190918,-0.004613161087036133
31,19,75,93.0,2.114382266998291,2.116529941558838,0.002147674560546875
31,19,76,225.0,2.825653553009033,2.8222358226776123,-0.0034177303314208984
31,19,77,61.0,3.338794708251953,3.3562278747558594,0.01743316650390625
31,19,78,257.0,3.9624106884002686,3.962829351425171,0.00041866302490234375
31,19,79,165.0,3.2207393646240234,3.225302219390869,0.004562854766845703
31,19,80,117.0,4.315102577209473,4.309590816497803,-0.005511760711669922
31,19,81,89.0,3.6350255012512207,3.644315242767334,0.009289741516113281
31,19,82,291.0,3.772111177444458,3.766998291015625,-0.005112886428833008
31,19,83,93.0,3.43058443069458,3.4221231937408447,-0.008461236953735352
31,19,84,228.0,2.4015636444091797,2.4043128490448,0.002749204635620117
31,19,85,131.0,2.8454298973083496,2.836515188217163,-0.008914709091186523
31,19,86,191.0,4.341160774230957,4.334188461303711,-0.006972312927246094
31,19,87,238.0,5.110036849975586,5.112929821014404,0.0028929710388183594
31,19,88,210.0,3.3413021564483643,3.3362741470336914,-0.0050280094146728516
31,19,89,107.0,4.339839935302734,4.344930648803711,0.0050907135009765625
31,19,90,217.0,3.0681116580963135,3.0610363483428955,-0.007075309753417969
31,19,91,199.0,3.2457942962646484,3.2465434074401855,0.0007491111755371094
31,19,92,84.0,2.6276965141296387,2.6298515796661377,0.0021550655364990234
31,19,93,271.0,3.756063222885132,3.749835729598999,-0.0062274932861328125
31,19,94,226.0,3.251934289932251,3.257981061935425,0.006046772003173828
31,19,95,258.0,3.875674247741699,3.876446008682251,0.0007717609405517578
31,19,96,86.0,3.585750102996826,3.5815181732177734,-0.004231929779052734
31,19,97,142.0,4.497574806213379,4.489226341247559,-0.008348464965820312
31,19,98,42.0,3.347982168197632,3.358802318572998,0.010820150375366211
31,19,99,224.0,2.679133892059326,2.6717567443847656,-0.007377147674560547
31,19,100,197.0,2.196375608444214,2.190234899520874,-0.006140708923339844
31,19,101,85.0,2.568619728088379,2.552229642868042,-0.016390085220336914
31,19,102,195.0,3.2174572944641113,3.2197396755218506,0.002282381057739258
31,19,103,102.0,3.6202828884124756,3.6206040382385254,0.0003211498260498047
31,19,104,181.0,3.483546018600464,3.4938910007476807,0.010344982147216797
31,19,105,72.0,2.1719796657562256,2.165347099304199,-0.006632566452026367
31,19,106,130.0,4.735745906829834,4.7356672286987305,-7.867813110351562e-05
31,19,107,62.0,2.6150100231170654,2.6040871143341064,-0.010922908782958984
31,19,108,263.0,3.6819097995758057,3.6824686527252197,0.0005588531494140625
31,19,109,194.0,2.822662115097046,2.828190803527832,0.005528688430786133
31,19,110,174.0,2.753187417984009,2.7505407333374023,-0.0026466846466064453
31,19,111,235.0,4.053600788116455,4.060418128967285,0.006817340850830078
31,19,112,143.0,4.031272888183594,4.032040596008301,0.0007677078247070312
31,19,113,117.0,4.415828704833984,4.424310207366943,0.008481502532958984
31,19,114,160.0,3.988440990447998,3.984534502029419,-0.0039064884185791016
31,19,115,115.0,3.474060297012329,3.470543622970581,-0.003516674041748047
31,19,116,120.0,3.551665782928467,3.5565102100372314,0.0048444271087646484
31,19,117,186.0,3.7136735916137695,3.710836410522461,-0.0028371810913085938
31,19,118,138.0,3.1632800102233887,3.156189441680908,-0.007090568542480469
31,19,119,80.0,2.3273348808288574,2.3281290531158447,0.0007941722869873047
31,19,120,164.0,2.849583864212036,2.855881929397583,0.006298065185546875
31,19,121,215.0,3.761408567428589,3.761801242828369,0.00039267539978027344
31,19,122,81.0,3.2764456272125244,3.275191307067871,-0.0012543201446533203
31,19,123,171.0,3.1637179851531982,3.1618809700012207,-0.001837015151977539
31,19,124,41.0,5.6693196296691895,5.682041645050049,0.012722015380859375
31,19,125,103.0,3.8813576698303223,3.8740718364715576,-0.0072858333587646484
31,19,126,145.0,3.006119966506958,3.0092275142669678,0.0031075477600097656
31,19,127,102.0,2.92803955078125,2.9282124042510986,0.0001728534698486328
31,20,0,196.0,3.6189582347869873,3.612675189971924,-0.0062830448150634766
31,20,1,127.0,3.22214412689209,3.2215046882629395,-0.0006394386291503906
31,20,2,162.0,2.2713801860809326,2.26814866065979,-0.003231525421142578
31,20,3,92.0,4.133184909820557,4.130303859710693,-0.0028810501098632812
31,20,4,194.0,3.299353837966919,3.2989633083343506,-0.0003905296325683594
31,20,5,115.0,2.8214778900146484,2.823655605316162,0.002177715301513672
31,20,6,109.0,4.325214862823486,4.324889183044434,-0.0003256797790527344
31,20,7,48.0,3.449648857116699,3.4479219913482666,-0.0017268657684326172
31,20,8,69.0,3.7256877422332764,3.7245497703552246,-0.0011379718780517578
31,20,9,85.0,3.190195322036743,3.1877944469451904,-0.0024008750915527344
31,20,10,238.0,2.782064914703369,2.7819013595581055,-0.00016355514526367188
31,20,11,233.0,2.6044344902038574,2.604417562484741,-1.6927719116210938e-05
31,20,12,208.0,3.147305488586426,3.1505303382873535,0.0032248497009277344
31,20,13,196.0,2.917774200439453,2.9193663597106934,0.0015921592712402344
31,20,14,131.0,3.2567384243011475,3.259457588195801,0.0027191638946533203
31,20,15,125.0,2.790242910385132,2.7919304370880127,0.0016875267028808594
31,20,16,61.0,4.113956451416016,4.111654758453369,-0.0023016929626464844
31,20,17,164.0,2.230290412902832,2.2292823791503906,-0.0010080337524414062
31,20,18,107.0,3.345957040786743,3.3482141494750977,0.002257108688354492
31,20,19,48.0,3.959183692932129,3.9560787677764893,-0.0031049251556396484
31,20,20,74.0,2.182640314102173,2.1840853691101074,0.0014450550079345703
31,20,21,103.0,2.7647080421447754,2.76069974899292,-0.004008293151855469
31,20,22,114.0,3.4331488609313965,3.430999755859375,-0.0021491050720214844
31,20,23,50.0,5.562728404998779,5.564426898956299,0.0016984939575195312
31,20,24,281.0,2.4593505859375,2.459224224090576,-0.00012636184692382812
31,20,25,247.0,2.162877321243286,2.1647326946258545,0.0018553733825683594
31,20,26,173.0,3.780362606048584,3.782845973968506,0.002483367919921875
31,20,27,166.0,3.268761396408081,3.273587226867676,0.0048258304595947266
31,20,28,98.0,2.8850836753845215,2.880067825317383,-0.005015850067138672
31,20,29,174.0,3.2879021167755127,3.287554979324341,-0.000347137451171875
31,20,30,173.0,3.087313413619995,3.0892791748046875,0.001965761184692383
31,20,31,215.0,3.7688708305358887,3.766474962234497,-0.0023958683013916016
31,20,32,186.0,2.7773280143737793,2.773104190826416,-0.004223823547363281
31,20,33,153.0,2.610452890396118,2.6047511100769043,-0.005701780319213867
31,20,34,147.0,3.096090793609619,3.0959815979003906,-0.00010919570922851562
31,20,35,50.0,4.262930870056152,4.260059356689453,-0.0028715133666992188
31,20,36,86.0,2.5445685386657715,2.54630446434021,0.0017359256744384766
31,20,37,154.0,4.032649040222168,4.031036853790283,-0.0016121864318847656
31,20,38,265.0,2.685051679611206,2.683492422103882,-0.0015592575073242188
31,20,39,199.0,3.442211389541626,3.441701889038086,-0.0005095005035400391
31,20,40,138.0,3.036294937133789,3.035120964050293,-0.0011739730834960938
31,20,41,98.0,3.56339955329895,3.568791627883911,0.0053920745849609375
31,20,42,167.0,2.791276693344116,2.791834831237793,0.0005581378936767578
31,20,43,288.0,3.996307849884033,3.9964802265167236,0.0001723766326904297
31,20,44,225.0,2.764963150024414,2.7644152641296387,-0.0005478858947753906
31,20,45,191.0,3.2674989700317383,3.269533157348633,0.0020341873168945312
31,20,46,92.0,4.787234783172607,4.7830610275268555,-0.004173755645751953
31,20,47,41.0,5.17321252822876,5.178116798400879,0.004904270172119141
31,20,48,231.0,3.050201892852783,3.0487425327301025,-0.001459360122680664
31,20,49,101.0,2.2807674407958984,2.2826602458953857,0.0018928050994873047
31,20,50,177.0,3.28656005859375,3.284783124923706,-0.0017769336700439453
31,20,51,252.0,3.729534387588501,3.7297284603118896,0.00019407272338867188
31,20,52,259.0,3.0285918712615967,3.0302441120147705,0.0016522407531738281
31,20,53,47.0,3.0469322204589844,3.051546812057495,0.004614591598510742
31,20,54,164.0,2.354414463043213,2.3558735847473145,0.0014591217041015625
31,20,55,94.0,3.564063310623169,3.5642127990722656,0.0001494884490966797
31,20,56,103.0,3.668520927429199,3.6613118648529053,-0.007209062576293945
31,20,57,78.0,3.6771252155303955,3.680217742919922,0.003092527389526367
31,20,58,239.0,3.4083893299102783,3.408154010772705,-0.0002353191375732422
31,20,59,271.0,4.502346992492676,4.505198955535889,0.0028519630432128906
31,20,60,162.0,3.0323004722595215,3.0276501178741455,-0.0046503543853759766
31,20,61,179.0,3.618516206741333,3.6178042888641357,-0.0007119178771972656
31,20,62,218.0,2.710827112197876,2.7146124839782715,0.003785371780395508
31,20,63,81.0,3.249349355697632,3.249870777130127,0.0005214214324951172
31,20,64,93.0,3.696587085723877,3.701122283935547,0.004535198211669922
31,20,65,72.0,3.9958338737487793,3.99281644821167,-0.003017425537109375
31,20,66,230.0,3.6442677974700928,3.64003586769104,-0.004231929779052734
31,20,67,99.0,2.919395685195923,2.9132802486419678,-0.006115436553955078
31,20,68,213.0,2.9106554985046387,2.9053146839141846,-0.0053408145904541016
31,20,69,119.0,2.7914681434631348,2.796050786972046,0.004582643508911133
31,20,70,161.0,3.1008999347686768,3.0936036109924316,-0.007296323776245117
31,20,71,90.0,4.010181903839111,4.010987758636475,0.0008058547973632812
31,20,72,181.0,3.0067594051361084,3.009028434753418,0.0022690296173095703
31,20,73,95.0,4.08024787902832,4.081385612487793,0.0011377334594726562
31,20,74,245.0,2.442718744277954,2.4456052780151367,0.002886533737182617
31,20,75,93.0,2.114382266998291,2.115957021713257,0.0015747547149658203
31,20,76,225.0,2.825653553009033,2.826127767562866,0.0004742145538330078
31,20,77,61.0,3.338794708251953,3.3427574634552,0.00396275520324707
31,20,78,257.0,3.9624106884002686,3.9616286754608154,-0.000782012939453125
31,20,79,165.0,3.2207393646240234,3.2224864959716797,0.00174713134765625
31,20,80,117.0,4.315102577209473,4.312972068786621,-0.0021305084228515625
31,20,81,89.0,3.6350255012512207,3.6394801139831543,0.004454612731933594
31,20,82,291.0,3.772111177444458,3.771141290664673,-0.0009698867797851562
31,20,83,93.0,3.43058443069458,3.4347448348999023,0.004160404205322266
31,20,84,228.0,2.4015636444091797,2.4011223316192627,-0.0004413127899169922
31,20,85,131.0,2.8454298973083496,2.840670108795166,-0.004759788513183594
31,20,86,191.0,4.341160774230957,4.340816020965576,-0.0003447532653808594
31,20,87,238.0,5.110036849975586,5.107351303100586,-0.002685546875
31,20,88,210.0,3.3413021564483643,3.34041690826416,-0.0008852481842041016
31,20,89,107.0,4.339839935302734,4.336902141571045,-0.002937793731689453
31,20,90,217.0,3.0681116580963135,3.0652670860290527,-0.002844572067260742
31,20,91,199.0,3.2457942962646484,3.244363307952881,-0.0014309883117675781
31,20,92,84.0,2.6276965141296387,2.6279642581939697,0.0002677440643310547
31,20,93,271.0,3.756063222885132,3.7539584636688232,-0.0021047592163085938
31,20,94,226.0,3.251934289932251,3.2515649795532227,-0.0003693103790283203
31,20,95,258.0,3.875674247741699,3.8741698265075684,-0.0015044212341308594
31,20,96,86.0,3.585750102996826,3.5902769565582275,0.004526853561401367
31,20,97,142.0,4.497574806213379,4.494944095611572,-0.0026307106018066406
31,20,98,42.0,3.347982168197632,3.336732864379883,-0.011249303817749023
31,20,99,224.0,2.679133892059326,2.6784565448760986,-0.0006773471832275391
31,20,100,197.0,2.196375608444214,2.193225145339966,-0.003150463104248047
31,20,101,85.0,2.568619728088379,2.5651376247406006,-0.0034821033477783203
31,20,102,195.0,3.2174572944641113,3.2191948890686035,0.0017375946044921875
31,20,103,102.0,3.6202828884124756,3.624086856842041,0.0038039684295654297
31,20,104,181.0,3.483546018600464,3.486609697341919,0.003063678741455078
31,20,105,72.0,2.1719796657562256,2.1707935333251953,-0.0011861324310302734
31,20,106,130.0,4.735745906829834,4.734319686889648,-0.0014262199401855469
31,20,107,62.0,2.6150100231170654,2.616107225418091,0.0010972023010253906
31,20,108,263.0,3.6819097995758057,3.6825809478759766,0.0006711483001708984
31,20,109,194.0,2.822662115097046,2.8220913410186768,-0.0005707740783691406
31,20,110,174.0,2.753187417984009,2.7486515045166016,-0.0045359134674072266
31,20,111,235.0,4.053600788116455,4.0531768798828125,-0.0004239082336425781
31,20,112,143.0,4.031272888183594,4.034193992614746,0.0029211044311523438
31,20,113,117.0,4.415828704833984,4.42343807220459,0.007609367370605469
31,20,114,160.0,3.988440990447998,3.9903464317321777,0.0019054412841796875
31,20,115,115.0,3.474060297012329,3.4749059677124023,0.0008456707000732422
31,20,116,120.0,3.551665782928467,3.551452159881592,-0.000213623046875
31,20,117,186.0,3.7136735916137695,3.7140581607818604,0.0003845691680908203
31,20,118,138.0,3.1632800102233887,3.1604530811309814,-0.0028269290924072266
31,20,119,80.0,2.3273348808288574,2.3197526931762695,-0.007582187652587891
31,20,120,164.0,2.849583864212036,2.8535406589508057,0.003956794738769531
31,20,121,215.0,3.761408567428589,3.760319948196411,-0.0010886192321777344
31,20,122,81.0,3.2764456272125244,3.279165744781494,0.0027201175689697266
31,20,123,171.0,3.1637179851531982,3.1663286685943604,0.0026106834411621094
31,20,124,41.0,5.6693196296691895,5.660906791687012,-0.008412837982177734
31,20,125,103.0,3.8813576698303223,3.886805295944214,0.0054476261138916016
31,20,126,145.0,3.006119966506958,3.0006768703460693,-0.005443096160888672
31,20,127,102.0,2.92803955078125,2.928938865661621,0.0008993148803710938
31,21,0,196.0,3.6189582347869873,3.613107681274414,-0.005850553512573242
31,21,1,127.0,3.22214412689209,3.222470760345459,0.0003266334533691406
31,21,2,162.0,2.2713801860809326,2.268418788909912,-0.002961397171020508
31,21,3,92.0,4.133184909820557,4.124698162078857,-0.008486747741699219
31,21,4,194.0,3.299353837966919,3.298966646194458,-0.0003871917724609375
31,21,5,115.0,2.8214778900146484,2.824496030807495,0.0030181407928466797
31,21,6,109.0,4.325214862823486,4.325978755950928,0.0007638931274414062
31,21,7,48.0,3.449648857116699,3.4471397399902344,-0.0025091171264648438
31,21,8,69.0,3.7256877422332764,3.724379777908325,-0.0013079643249511719
31,21,9,85.0,3.190195322036743,3.1861045360565186,-0.004090785980224609
31,21,10,238.0,2.782064914703369,2.7820863723754883,2.1457672119140625e-05
31,21,11,233.0,2.6044344902038574,2.60425066947937,-0.0001838207244873047
31,21,12,208.0,3.147305488586426,3.145601749420166,-0.0017037391662597656
31,21,13,196.0,2.917774200439453,2.9181461334228516,0.0003719329833984375
31,21,14,131.0,3.2567384243011475,3.261347532272339,0.004609107971191406
31,21,15,125.0,2.790242910385132,2.7896103858947754,-0.0006325244903564453
31,21,16,61.0,4.113956451416016,4.1118879318237305,-0.0020685195922851562
31,21,17,164.0,2.230290412902832,2.232452869415283,0.002162456512451172
31,21,18,107.0,3.345957040786743,3.351330280303955,0.005373239517211914
31,21,19,48.0,3.959183692932129,3.95635724067688,-0.0028264522552490234
31,21,20,74.0,2.182640314102173,2.185192108154297,0.0025517940521240234
31,21,21,103.0,2.7647080421447754,2.7548630237579346,-0.00984501838684082
31,21,22,114.0,3.4331488609313965,3.4339041709899902,0.00075531005859375
31,21,23,50.0,5.562728404998779,5.568972587585449,0.006244182586669922
31,21,24,281.0,2.4593505859375,2.459669351577759,0.00031876564025878906
31,21,25,247.0,2.162877321243286,2.164903163909912,0.0020258426666259766
31,21,26,173.0,3.780362606048584,3.7849700450897217,0.004607439041137695
31,21,27,166.0,3.268761396408081,3.2712652683258057,0.0025038719177246094
31,21,28,98.0,2.8850836753845215,2.8827085494995117,-0.0023751258850097656
31,21,29,174.0,3.2879021167755127,3.2847633361816406,-0.0031387805938720703
31,21,30,173.0,3.087313413619995,3.0891313552856445,0.001817941665649414
31,21,31,215.0,3.7688708305358887,3.7680675983428955,-0.0008032321929931641
31,21,32,186.0,2.7773280143737793,2.775259256362915,-0.002068758010864258
31,21,33,153.0,2.610452890396118,2.603685140609741,-0.006767749786376953
31,21,34,147.0,3.096090793609619,3.092454433441162,-0.0036363601684570312
31,21,35,50.0,4.262930870056152,4.260016441345215,-0.0029144287109375
31,21,36,86.0,2.5445685386657715,2.5470848083496094,0.0025162696838378906
31,21,37,154.0,4.032649040222168,4.0250749588012695,-0.0075740814208984375
31,21,38,265.0,2.685051679611206,2.685246706008911,0.00019502639770507812
31,21,39,199.0,3.442211389541626,3.441343307495117,-0.0008680820465087891
31,21,40,138.0,3.036294937133789,3.041544198989868,0.0052492618560791016
31,21,41,98.0,3.56339955329895,3.567458152770996,0.0040585994720458984
31,21,42,167.0,2.791276693344116,2.791550397872925,0.00027370452880859375
31,21,43,288.0,3.996307849884033,3.995530843734741,-0.0007770061492919922
31,21,44,225.0,2.764963150024414,2.7650277614593506,6.461143493652344e-05
31,21,45,191.0,3.2674989700317383,3.2685322761535645,0.0010333061218261719
31,21,46,92.0,4.787234783172607,4.780396938323975,-0.0068378448486328125
31,21,47,41.0,5.17321252822876,5.17060661315918,-0.002605915069580078
31,21,48,231.0,3.050201892852783,3.0489325523376465,-0.0012693405151367188
31,21,49,101.0,2.2807674407958984,2.280357837677002,-0.0004096031188964844
31,21,50,177.0,3.28656005859375,3.2859320640563965,-0.0006279945373535156
31,21,51,252.0,3.729534387588501,3.7324059009552,0.0028715133666992188
31,21,52,259.0,3.0285918712615967,3.0288493633270264,0.0002574920654296875
31,21,53,47.0,3.0469322204589844,3.048654079437256,0.0017218589782714844
31,21,54,164.0,2.354414463043213,2.3577284812927246,0.0033140182495117188
31,21,55,94.0,3.564063310623169,3.554720640182495,-0.009342670440673828
31,21,56,103.0,3.668520927429199,3.6664257049560547,-0.0020952224731445312
31,21,57,78.0,3.6771252155303955,3.676226854324341,-0.0008983612060546875
31,21,58,239.0,3.4083893299102783,3.4025309085845947,-0.005858421325683594
31,21,59,271.0,4.502346992492676,4.503134250640869,0.0007872581481933594
31,21,60,162.0,3.0323004722595215,3.0311031341552734,-0.0011973381042480469
31,21,61,179.0,3.618516206741333,3.6177725791931152,-0.0007436275482177734
31,21,62,218.0,2.710827112197876,2.7123119831085205,0.0014848709106445312
31,21,63,81.0,3.249349355697632,3.247363328933716,-0.0019860267639160156
31,21,64,93.0,3.696587085723877,3.7020263671875,0.005439281463623047
31,21,65,72.0,3.9958338737487793,3.994198799133301,-0.0016350746154785156
31,21,66,230.0,3.6442677974700928,3.6441235542297363,-0.0001442432403564453
31,21,67,99.0,2.919395685195923,2.9143600463867188,-0.0050356388092041016
31,21,68,213.0,2.9106554985046387,2.9088261127471924,-0.001829385757446289
31,21,69,119.0,2.7914681434631348,2.790860891342163,-0.0006072521209716797
31,21,70,161.0,3.1008999347686768,3.100881338119507,-1.8596649169921875e-05
31,21,71,90.0,4.010181903839111,4.0063347816467285,-0.0038471221923828125
31,21,72,181.0,3.0067594051361084,3.010338544845581,0.0035791397094726562
31,21,73,95.0,4.08024787902832,4.082601070404053,0.002353191375732422
31,21,74,245.0,2.442718744277954,2.441467523574829,-0.001251220703125
31,21,75,93.0,2.114382266998291,2.1184496879577637,0.004067420959472656
31,21,76,225.0,2.825653553009033,2.819495916366577,-0.006157636642456055
31,21,77,61.0,3.338794708251953,3.3449556827545166,0.0061609745025634766
31,21,78,257.0,3.9624106884002686,3.9594240188598633,-0.0029866695404052734
31,21,79,165.0,3.2207393646240234,3.225155830383301,0.004416465759277344
31,21,80,117.0,4.315102577209473,4.309196949005127,-0.005905628204345703
31,21,81,89.0,3.6350255012512207,3.6366653442382812,0.0016398429870605469
31,21,82,291.0,3.772111177444458,3.7721848487854004,7.367134094238281e-05
31,21,83,93.0,3.43058443069458,3.4320101737976074,0.0014257431030273438
31,21,84,228.0,2.4015636444091797,2.402484655380249,0.0009210109710693359
31,21,85,131.0,2.8454298973083496,2.845323324203491,-0.00010657310485839844
31,21,86,191.0,4.341160774230957,4.34077262878418,-0.00038814544677734375
31,21,87,238.0,5.110036849975586,5.112246036529541,0.002209186553955078
31,21,88,210.0,3.3413021564483643,3.3482916355133057,0.006989479064941406
31,21,89,107.0,4.339839935302734,4.343695640563965,0.0038557052612304688
31,21,90,217.0,3.0681116580963135,3.0673794746398926,-0.0007321834564208984
31,21,91,199.0,3.2457942962646484,3.2461068630218506,0.00031256675720214844
31,21,92,84.0,2.6276965141296387,2.6342854499816895,0.006588935852050781
31,21,93,271.0,3.756063222885132,3.754931688308716,-0.0011315345764160156
31,21,94,226.0,3.251934289932251,3.251471757888794,-0.00046253204345703125
31,21,95,258.0,3.875674247741699,3.8757755756378174,0.00010132789611816406
31,21,96,86.0,3.585750102996826,3.5859265327453613,0.00017642974853515625
31,21,97,142.0,4.497574806213379,4.497471809387207,-0.000102996826171875
31,21,98,42.0,3.347982168197632,3.3353703022003174,-0.012611865997314453
31,21,99,224.0,2.679133892059326,2.6760215759277344,-0.003112316131591797
31,21,100,197.0,2.196375608444214,2.1980996131896973,0.0017240047454833984
31,21,101,85.0,2.568619728088379,2.563178539276123,-0.005441188812255859
31,21,102,195.0,3.2174572944641113,3.218339681625366,0.0008823871612548828
31,21,103,102.0,3.6202828884124756,3.6245694160461426,0.004286527633666992
31,21,104,181.0,3.483546018600464,3.4873239994049072,0.0037779808044433594
31,21,105,72.0,2.1719796657562256,2.175459146499634,0.003479480743408203
31,21,106,130.0,4.735745906829834,4.737313747406006,0.001567840576171875
31,21,107,62.0,2.6150100231170654,2.6170825958251953,0.002072572708129883
31,21,108,263.0,3.6819097995758057,3.6827988624572754,0.0008890628814697266
31,21,109,194.0,2.822662115097046,2.821641206741333,-0.0010209083557128906
31,21,110,174.0,2.753187417984009,2.752230644226074,-0.0009567737579345703
31,21,111,235.0,4.053600788116455,4.049408435821533,-0.004192352294921875
31,21,112,143.0,4.031272888183594,4.026055335998535,-0.005217552185058594
31,21,113,117.0,4.415828704833984,4.409822463989258,-0.0060062408447265625
31,21,114,160.0,3.988440990447998,3.9890494346618652,0.0006084442138671875
31,21,115,115.0,3.474060297012329,3.4778740406036377,0.0038137435913085938
31,21,116,120.0,3.551665782928467,3.5530507564544678,0.0013849735260009766
31,21,117,186.0,3.7136735916137695,3.713876962661743,0.0002033710479736328
31,21,118,138.0,3.1632800102233887,3.164748430252075,0.0014684200286865234
31,21,119,80.0,2.3273348808288574,2.3211722373962402,-0.0061626434326171875
31,21,120,164.0,2.849583864212036,2.852867603302002,0.0032837390899658203
31,21,121,215.0,3.761408567428589,3.7551820278167725,-0.006226539611816406
31,21,122,81.0,3.2764456272125244,3.272932529449463,-0.0035130977630615234
31,21,123,171.0,3.1637179851531982,3.1606509685516357,-0.0030670166015625
31,21,124,41.0,5.6693196296691895,5.690215110778809,0.02089548110961914
31,21,125,103.0,3.8813576698303223,3.8846395015716553,0.003281831741333008
31,21,126,145.0,3.006119966506958,3.003180980682373,-0.002938985824584961
31,21,127,102.0,2.92803955078125,2.9244394302368164,-0.0036001205444335938
31,22,0,196.0,3.6189582347869873,3.6118412017822266,-0.007117033004760742
31,22,1,127.0,3.22214412689209,3.2208642959594727,-0.0012798309326171875
31,22,2,162.0,2.2713801860809326,2.2691099643707275,-0.002270221710205078
31,22,3,92.0,4.133184909820557,4.128441333770752,-0.0047435760498046875
31,22,4,194.0,3.299353837966919,3.299700975418091,0.000347137451171875
31,22,5,115.0,2.8214778900146484,2.82198429107666,0.0005064010620117188
31,22,6,109.0,4.325214862823486,4.323831558227539,-0.0013833045959472656
31,22,7,48.0,3.449648857116699,3.442397356033325,-0.0072515010833740234
31,22,8,69.0,3.7256877422332764,3.7235939502716064,-0.002093791961669922
31,22,9,85.0,3.190195322036743,3.1904423236846924,0.00024700164794921875
31,22,10,238.0,2.782064914703369,2.7857861518859863,0.0037212371826171875
31,22,11,233.0,2.6044344902038574,2.6057488918304443,0.001314401626586914
31,22,12,208.0,3.147305488586426,3.142509937286377,-0.004795551300048828
31,22,13,196.0,2.917774200439453,2.921165943145752,0.003391742706298828
31,22,14,131.0,3.2567384243011475,3.260380983352661,0.003642559051513672
31,22,15,125.0,2.790242910385132,2.7870824337005615,-0.0031604766845703125
31,22,16,61.0,4.113956451416016,4.110590934753418,-0.0033655166625976562
31,22,17,164.0,2.230290412902832,2.232301712036133,0.0020112991333007812
31,22,18,107.0,3.345957040786743,3.352721929550171,0.006764888763427734
31,22,19,48.0,3.959183692932129,3.951183319091797,-0.008000373840332031
31,22,20,74.0,2.182640314102173,2.18703293800354,0.0043926239013671875
31,22,21,103.0,2.7647080421447754,2.7678208351135254,0.00311279296875
31,22,22,114.0,3.4331488609313965,3.4415571689605713,0.008408308029174805
31,22,23,50.0,5.562728404998779,5.561746597290039,-0.0009818077087402344
31,22,24,281.0,2.4593505859375,2.4580280780792236,-0.0013225078582763672
31,22,25,247.0,2.162877321243286,2.163684844970703,0.0008075237274169922
31,22,26,173.0,3.780362606048584,3.7784202098846436,-0.0019423961639404297
31,22,27,166.0,3.268761396408081,3.2719666957855225,0.0032052993774414062
31,22,28,98.0,2.8850836753845215,2.8830559253692627,-0.002027750015258789
31,22,29,174.0,3.2879021167755127,3.286489486694336,-0.0014126300811767578
31,22,30,173.0,3.087313413619995,3.0835838317871094,-0.003729581832885742
31,22,31,215.0,3.7688708305358887,3.7694647312164307,0.0005939006805419922
31,22,32,186.0,2.7773280143737793,2.77347731590271,-0.003850698471069336
31,22,33,153.0,2.610452890396118,2.6065139770507812,-0.003938913345336914
31,22,34,147.0,3.096090793609619,3.0939829349517822,-0.002107858657836914
31,22,35,50.0,4.262930870056152,4.268026351928711,0.005095481872558594
31,22,36,86.0,2.5445685386657715,2.5511977672576904,0.006629228591918945
31,22,37,154.0,4.032649040222168,4.0305495262146,-0.0020995140075683594
31,22,38,265.0,2.685051679611206,2.6824069023132324,-0.002644777297973633
31,22,39,199.0,3.442211389541626,3.4427950382232666,0.000583648681640625
31,22,40,138.0,3.036294937133789,3.0404016971588135,0.004106760025024414
31,22,41,98.0,3.56339955329895,3.5639102458953857,0.0005106925964355469
31,22,42,167.0,2.791276693344116,2.7925121784210205,0.0012354850769042969
31,22,43,288.0,3.996307849884033,3.99792742729187,0.001619577407836914
31,22,44,225.0,2.764963150024414,2.7615864276885986,-0.0033767223358154297
31,22,45,191.0,3.2674989700317383,3.2727625370025635,0.005263566970825195
31,22,46,92.0,4.787234783172607,4.778684616088867,-0.008550167083740234
31,22,47,41.0,5.17321252822876,5.17723274230957,0.004020214080810547
31,22,48,231.0,3.050201892852783,3.0505921840667725,0.0003902912139892578
31,22,49,101.0,2.2807674407958984,2.2842183113098145,0.0034508705139160156
31,22,50,177.0,3.28656005859375,3.2890784740448,0.0025184154510498047
31,22,51,252.0,3.729534387588501,3.7357089519500732,0.006174564361572266
31,22,52,259.0,3.0285918712615967,3.0240020751953125,-0.00458979606628418
31,22,53,47.0,3.0469322204589844,3.054767370223999,0.007835149765014648
31,22,54,164.0,2.354414463043213,2.3558480739593506,0.0014336109161376953
31,22,55,94.0,3.564063310623169,3.557138681411743,-0.006924629211425781
31,22,56,103.0,3.668520927429199,3.6691806316375732,0.0006597042083740234
31,22,57,78.0,3.6771252155303955,3.6806864738464355,0.003561258316040039
31,22,58,239.0,3.4083893299102783,3.4036803245544434,-0.004709005355834961
31,22,59,271.0,4.502346992492676,4.504657745361328,0.0023107528686523438
31,22,60,162.0,3.0323004722595215,3.0278022289276123,-0.00449824333190918
31,22,61,179.0,3.618516206741333,3.6191468238830566,0.0006306171417236328
31,22,62,218.0,2.710827112197876,2.713494300842285,0.0026671886444091797
31,22,63,81.0,3.249349355697632,3.250387668609619,0.0010383129119873047
31,22,64,93.0,3.696587085723877,3.707021951675415,0.010434865951538086
31,22,65,72.0,3.9958338737487793,3.994232177734375,-0.0016016960144042969
31,22,66,230.0,3.6442677974700928,3.6374154090881348,-0.006852388381958008
31,22,67,99.0,2.919395685195923,2.914750576019287,-0.004645109176635742
31,22,68,213.0,2.9106554985046387,2.9114129543304443,0.0007574558258056641
31,22,69,119.0,2.7914681434631348,2.7977957725524902,0.006327629089355469
31,22,70,161.0,3.1008999347686768,3.100569725036621,-0.00033020973205566406
31,22,71,90.0,4.010181903839111,4.00969934463501,-0.0004825592041015625
31,22,72,181.0,3.0067594051361084,3.007106065750122,0.0003466606140136719
31,22,73,95.0,4.08024787902832,4.084489822387695,0.004241943359375
31,22,74,245.0,2.442718744277954,2.439606189727783,-0.0031125545501708984
31,22,75,93.0,2.114382266998291,2.123147964477539,0.008765697479248047
31,22,76,225.0,2.825653553009033,2.8257906436920166,0.00013709068298339844
31,22,77,61.0,3.338794708251953,3.33296537399292,-0.005829334259033203
31,22,78,257.0,3.9624106884002686,3.9675610065460205,0.005150318145751953
31,22,79,165.0,3.2207393646240234,3.2207703590393066,3.0994415283203125e-05
31,22,80,117.0,4.315102577209473,4.3135552406311035,-0.0015473365783691406
31,22,81,89.0,3.6350255012512207,3.635765790939331,0.0007402896881103516
31,22,82,291.0,3.772111177444458,3.7696785926818848,-0.002432584762573242
31,22,83,93.0,3.43058443069458,3.4318690299987793,0.0012845993041992188
31,22,84,228.0,2.4015636444091797,2.402345895767212,0.0007822513580322266
31,22,85,131.0,2.8454298973083496,2.8485052585601807,0.0030753612518310547
31,22,86,191.0,4.341160774230957,4.333728313446045,-0.007432460784912109
31,22,87,238.0,5.110036849975586,5.1155781745910645,0.005541324615478516
31,22,88,210.0,3.3413021564483643,3.343156099319458,0.00185394287109375
31,22,89,107.0,4.339839935302734,4.333576679229736,-0.006263256072998047
31,22,90,217.0,3.0681116580963135,3.0684266090393066,0.00031495094299316406
31,22,91,199.0,3.2457942962646484,3.243788242340088,-0.002006053924560547
31,22,92,84.0,2.6276965141296387,2.6380815505981445,0.01038503646850586
31,22,93,271.0,3.756063222885132,3.7538414001464844,-0.002221822738647461
31,22,94,226.0,3.251934289932251,3.249244451522827,-0.002689838409423828
31,22,95,258.0,3.875674247741699,3.878934144973755,0.003259897232055664
31,22,96,86.0,3.585750102996826,3.583035469055176,-0.0027146339416503906
31,22,97,142.0,4.497574806213379,4.496989727020264,-0.0005850791931152344
31,22,98,42.0,3.347982168197632,3.3406171798706055,-0.007364988327026367
31,22,99,224.0,2.679133892059326,2.6754093170166016,-0.0037245750427246094
31,22,100,197.0,2.196375608444214,2.194153070449829,-0.0022225379943847656
31,22,101,85.0,2.568619728088379,2.5580365657806396,-0.010583162307739258
31,22,102,195.0,3.2174572944641113,3.2185657024383545,0.001108407974243164
31,22,103,102.0,3.6202828884124756,3.615246057510376,-0.005036830902099609
31,22,104,181.0,3.483546018600464,3.4892170429229736,0.005671024322509766
31,22,105,72.0,2.1719796657562256,2.1760988235473633,0.004119157791137695
31,22,106,130.0,4.735745906829834,4.732030391693115,-0.00371551513671875
31,22,107,62.0,2.6150100231170654,2.6112186908721924,-0.003791332244873047
31,22,108,263.0,3.6819097995758057,3.681046724319458,-0.0008630752563476562
31,22,109,194.0,2.822662115097046,2.825662136077881,0.003000020980834961
31,22,110,174.0,2.753187417984009,2.7547507286071777,0.0015633106231689453
31,22,111,235.0,4.053600788116455,4.045889854431152,-0.007710933685302734
31,22,112,143.0,4.031272888183594,4.027562141418457,-0.0037107467651367188
31,22,113,117.0,4.415828704833984,4.414422988891602,-0.0014057159423828125
31,22,114,160.0,3.988440990447998,3.9872422218322754,-0.0011987686157226562
31,22,115,115.0,3.474060297012329,3.486950635910034,0.012890338897705078
31,22,116,120.0,3.551665782928467,3.5540897846221924,0.002424001693725586
31,22,117,186.0,3.7136735916137695,3.7151129245758057,0.0014393329620361328
31,22,118,138.0,3.1632800102233887,3.164259433746338,0.0009794235229492188
31,22,119,80.0,2.3273348808288574,2.3169894218444824,-0.010345458984375
31,22,120,164.0,2.849583864212036,2.847083806991577,-0.0025000572204589844
31,22,121,215.0,3.761408567428589,3.7624151706695557,0.0010066032409667969
31,22,122,81.0,3.2764456272125244,3.2799007892608643,0.0034551620483398438
31,22,123,171.0,3.1637179851531982,3.166565179824829,0.0028471946716308594
31,22,124,41.0,5.6693196296691895,5.676572799682617,0.007253170013427734
31,22,125,103.0,3.8813576698303223,3.880831480026245,-0.0005261898040771484
31,22,126,145.0,3.006119966506958,3.0020251274108887,-0.004094839096069336
31,22,127,102.0,2.92803955078125,2.925230026245117,-0.0028095245361328125
31,23,0,196.0,3.6189582347869873,3.6161651611328125,-0.0027930736541748047
31,23,1,127.0,3.22214412689209,3.221513032913208,-0.0006310939788818359
31,23,2,162.0,2.2713801860809326,2.26755428314209,-0.0038259029388427734
31,23,3,92.0,4.133184909820557,4.1329755783081055,-0.00020933151245117188
31,23,4,194.0,3.299353837966919,3.296398639678955,-0.002955198287963867
31,23,5,115.0,2.8214778900146484,2.8276526927948,0.006174802780151367
31,23,6,109.0,4.325214862823486,4.32227087020874,-0.0029439926147460938
31,23,7,48.0,3.449648857116699,3.449369430541992,-0.00027942657470703125
31,23,8,69.0,3.7256877422332764,3.7266554832458496,0.0009677410125732422
31,23,9,85.0,3.190195322036743,3.1929216384887695,0.002726316452026367
31,23,10,238.0,2.782064914703369,2.783334970474243,0.0012700557708740234
31,23,11,233.0,2.6044344902038574,2.608783006668091,0.0043485164642333984
31,23,12,208.0,3.147305488586426,3.1465442180633545,-0.0007612705230712891
31,23,13,196.0,2.917774200439453,2.9167416095733643,-0.0010325908660888672
31,23,14,131.0,3.2567384243011475,3.25571346282959,-0.0010249614715576172
31,23,15,125.0,2.790242910385132,2.7908575534820557,0.0006146430969238281
31,23,16,61.0,4.113956451416016,4.108522415161133,-0.0054340362548828125
31,23,17,164.0,2.230290412902832,2.2330217361450195,0.0027313232421875
31,23,18,107.0,3.345957040786743,3.344738245010376,-0.0012187957763671875
31,23,19,48.0,3.959183692932129,3.9570472240448,-0.0021364688873291016
31,23,20,74.0,2.182640314102173,2.1848974227905273,0.002257108688354492
31,23,21,103.0,2.7647080421447754,2.769014596939087,0.0043065547943115234
31,23,22,114.0,3.4331488609313965,3.437194347381592,0.0040454864501953125
31,23,23,50.0,5.562728404998779,5.570096492767334,0.0073680877685546875
31,23,24,281.0,2.4593505859375,2.4579224586486816,-0.0014281272888183594
31,23,25,247.0,2.162877321243286,2.1615545749664307,-0.0013227462768554688
31,23,26,173.0,3.780362606048584,3.7851760387420654,0.004813432693481445
31,23,27,166.0,3.268761396408081,3.2742533683776855,0.005491971969604492
31,23,28,98.0,2.8850836753845215,2.8816964626312256,-0.0033872127532958984
31,23,29,174.0,3.2879021167755127,3.2903292179107666,0.0024271011352539062
31,23,30,173.0,3.087313413619995,3.0851800441741943,-0.0021333694458007812
31,23,31,215.0,3.7688708305358887,3.7682230472564697,-0.0006477832794189453
31,23,32,186.0,2.7773280143737793,2.7730536460876465,-0.0042743682861328125
31,23,33,153.0,2.610452890396118,2.6031031608581543,-0.007349729537963867
31,23,34,147.0,3.096090793609619,3.0951290130615234,-0.0009617805480957031
31,23,35,50.0,4.262930870056152,4.2647905349731445,0.0018596649169921875
31,23,36,86.0,2.5445685386657715,2.5468766689300537,0.0023081302642822266
31,23,37,154.0,4.032649040222168,4.026543617248535,-0.0061054229736328125
31,23,38,265.0,2.685051679611206,2.6846554279327393,-0.0003962516784667969
31,23,39,199.0,3.442211389541626,3.4421792030334473,-3.218650817871094e-05
31,23,40,138.0,3.036294937133789,3.0404603481292725,0.0041654109954833984
31,23,41,98.0,3.56339955329895,3.5720818042755127,0.0086822509765625
31,23,42,167.0,2.791276693344116,2.7920846939086914,0.0008080005645751953
31,23,43,288.0,3.996307849884033,3.9966211318969727,0.0003132820129394531
31,23,44,225.0,2.764963150024414,2.764064073562622,-0.0008990764617919922
31,23,45,191.0,3.2674989700317383,3.2708559036254883,0.00335693359375
31,23,46,92.0,4.787234783172607,4.782540798187256,-0.0046939849853515625
31,23,47,41.0,5.17321252822876,5.174881458282471,0.0016689300537109375
31,23,48,231.0,3.050201892852783,3.0474705696105957,-0.0027313232421875
31,23,49,101.0,2.2807674407958984,2.283640146255493,0.0028727054595947266
31,23,50,177.0,3.28656005859375,3.2829666137695312,-0.00359344482421875
31,23,51,252.0,3.729534387588501,3.73203182220459,0.002497434616088867
31,23,52,259.0,3.0285918712615967,3.030534505844116,0.0019426345825195312
31,23,53,47.0,3.0469322204589844,3.0515875816345215,0.004655361175537109
31,23,54,164.0,2.354414463043213,2.354079484939575,-0.0003349781036376953
31,23,55,94.0,3.564063310623169,3.5583443641662598,-0.00571894645690918
31,23,56,103.0,3.668520927429199,3.6621224880218506,-0.006398439407348633
31,23,57,78.0,3.6771252155303955,3.674354314804077,-0.0027709007263183594
31,23,58,239.0,3.4083893299102783,3.4053077697753906,-0.0030815601348876953
31,23,59,271.0,4.502346992492676,4.503357410430908,0.0010104179382324219
31,23,60,162.0,3.0323004722595215,3.0328502655029297,0.0005497932434082031
31,23,61,179.0,3.618516206741333,3.6210525035858154,0.002536296844482422
31,23,62,218.0,2.710827112197876,2.7151403427124023,0.004313230514526367
31,23,63,81.0,3.249349355697632,3.250725269317627,0.0013759136199951172
31,23,64,93.0,3.696587085723877,3.692944049835205,-0.003643035888671875
31,23,65,72.0,3.9958338737487793,3.9855618476867676,-0.010272026062011719
31,23,66,230.0,3.6442677974700928,3.6430084705352783,-0.0012593269348144531
31,23,67,99.0,2.919395685195923,2.9141340255737305,-0.005261659622192383
31,23,68,213.0,2.9106554985046387,2.9100990295410156,-0.0005564689636230469
31,23,69,119.0,2.7914681434631348,2.7932209968566895,0.0017528533935546875
31,23,70,161.0,3.1008999347686768,3.1016106605529785,0.0007107257843017578
31,23,71,90.0,4.010181903839111,4.00487756729126,-0.0053043365478515625
31,23,72,181.0,3.0067594051361084,3.011565685272217,0.0048062801361083984
31,23,73,95.0,4.08024787902832,4.083690166473389,0.0034422874450683594
31,23,74,245.0,2.442718744277954,2.4437806606292725,0.0010619163513183594
31,23,75,93.0,2.114382266998291,2.1185433864593506,0.00416111946105957
31,23,76,225.0,2.825653553009033,2.826246738433838,0.0005931854248046875
31,23,77,61.0,3.338794708251953,3.3434157371520996,0.004621028900146484
31,23,78,257.0,3.9624106884002686,3.9686434268951416,0.006232738494873047
31,23,79,165.0,3.2207393646240234,3.226274251937866,0.0055348873138427734
31,23,80,117.0,4.315102577209473,4.319484233856201,0.004381656646728516
31,23,81,89.0,3.6350255012512207,3.6431710720062256,0.008145570755004883
31,23,82,291.0,3.772111177444458,3.770314931869507,-0.0017962455749511719
31,23,83,93.0,3.43058443069458,3.42986798286438,-0.0007164478302001953
31,23,84,228.0,2.4015636444091797,2.402618408203125,0.0010547637939453125
31,23,85,131.0,2.8454298973083496,2.8475584983825684,0.00212860107421875
31,23,86,191.0,4.341160774230957,4.345264434814453,0.004103660583496094
31,23,87,238.0,5.110036849975586,5.11566162109375,0.0056247711181640625
31,23,88,210.0,3.3413021564483643,3.342017650604248,0.0007154941558837891
31,23,89,107.0,4.339839935302734,4.3435540199279785,0.0037140846252441406
31,23,90,217.0,3.0681116580963135,3.064653158187866,-0.0034584999084472656
31,23,91,199.0,3.2457942962646484,3.2453956604003906,-0.0003986358642578125
31,23,92,84.0,2.6276965141296387,2.634859085083008,0.007162570953369141
31,23,93,271.0,3.756063222885132,3.7533257007598877,-0.0027375221252441406
31,23,94,226.0,3.251934289932251,3.2515246868133545,-0.0004096031188964844
31,23,95,258.0,3.875674247741699,3.8758370876312256,0.0001628398895263672
31,23,96,86.0,3.585750102996826,3.592696189880371,0.006946086883544922
31,23,97,142.0,4.497574806213379,4.497055530548096,-0.0005192756652832031
31,23,98,42.0,3.347982168197632,3.3436062335968018,-0.004375934600830078
31,23,99,224.0,2.679133892059326,2.6796019077301025,0.0004680156707763672
31,23,100,197.0,2.196375608444214,2.1935765743255615,-0.0027990341186523438
31,23,101,85.0,2.568619728088379,2.5712218284606934,0.002602100372314453
31,23,102,195.0,3.2174572944641113,3.218151330947876,0.0006940364837646484
31,23,103,102.0,3.6202828884124756,3.618684768676758,-0.0015981197357177734
31,23,104,181.0,3.483546018600464,3.4808030128479004,-0.0027430057525634766
31,23,105,72.0,2.1719796657562256,2.1729917526245117,0.0010120868682861328
31,23,106,130.0,4.735745906829834,4.736457824707031,0.0007119178771972656
31,23,107,62.0,2.6150100231170654,2.613813877105713,-0.001196146011352539
31,23,108,263.0,3.6819097995758057,3.683197259902954,0.0012874603271484375
31,23,109,194.0,2.822662115097046,2.8252475261688232,0.0025854110717773438
31,23,110,174.0,2.753187417984009,2.752603530883789,-0.0005838871002197266
31,23,111,235.0,4.053600788116455,4.05692720413208,0.003326416015625
31,23,112,143.0,4.031272888183594,4.033594131469727,0.0023212432861328125
31,23,113,117.0,4.415828704833984,4.412973880767822,-0.0028548240661621094
31,23,114,160.0,3.988440990447998,3.987865447998047,-0.0005755424499511719
31,23,115,115.0,3.474060297012329,3.4756405353546143,0.0015802383422851562
31,23,116,120.0,3.551665782928467,3.548356533050537,-0.0033092498779296875
31,23,117,186.0,3.7136735916137695,3.716043710708618,0.002370119094848633
31,23,118,138.0,3.1632800102233887,3.1643171310424805,0.0010371208190917969
31,23,119,80.0,2.3273348808288574,2.3240411281585693,-0.003293752670288086
31,23,120,164.0,2.849583864212036,2.852180004119873,0.002596139907836914
31,23,121,215.0,3.761408567428589,3.7604799270629883,-0.0009286403656005859
31,23,122,81.0,3.2764456272125244,3.275874376296997,-0.0005712509155273438
31,23,123,171.0,3.1637179851531982,3.1657564640045166,0.0020384788513183594
31,23,124,41.0,5.6693196296691895,5.653890609741211,-0.015429019927978516
31,23,125,103.0,3.8813576698303223,3.879667043685913,-0.0016906261444091797
31,23,126,145.0,3.006119966506958,3.003101110458374,-0.0030188560485839844
31,23,127,102.0,2.92803955078125,2.921287775039673,-0.0067517757415771484
31,24,0,196.0,3.6189582347869873,3.614887237548828,-0.00407099723815918
31,24,1,127.0,3.22214412689209,3.2221107482910156,-3.337860107421875e-05
31,24,2,162.0,2.2713801860809326,2.271016836166382,-0.00036334991455078125
31,24,3,92.0,4.133184909820557,4.12484884262085,-0.008336067199707031
31,24,4,194.0,3.299353837966919,3.3052287101745605,0.0058748722076416016
31,24,5,115.0,2.8214778900146484,2.8215060234069824,2.8133392333984375e-05
31,24,6,109.0,4.325214862823486,4.331974506378174,0.0067596435546875
31,24,7,48.0,3.449648857116699,3.450568199157715,0.000919342041015625
31,24,8,69.0,3.7256877422332764,3.72046160697937,-0.00522613525390625
31,24,9,85.0,3.190195322036743,3.1853673458099365,-0.004827976226806641
31,24,10,238.0,2.782064914703369,2.782369375228882,0.0003044605255126953
31,24,11,233.0,2.6044344902038574,2.6073758602142334,0.0029413700103759766
31,24,12,208.0,3.147305488586426,3.1490225791931152,0.0017170906066894531
31,24,13,196.0,2.917774200439453,2.917447090148926,-0.00032711029052734375
31,24,14,131.0,3.2567384243011475,3.266443967819214,0.009705543518066406
31,24,15,125.0,2.790242910385132,2.788849115371704,-0.0013937950134277344
31,24,16,61.0,4.113956451416016,4.107089996337891,-0.006866455078125
31,24,17,164.0,2.230290412902832,2.2287418842315674,-0.0015485286712646484
31,24,18,107.0,3.345957040786743,3.3475911617279053,0.0016341209411621094
31,24,19,48.0,3.959183692932129,3.9500434398651123,-0.009140253067016602
31,24,20,74.0,2.182640314102173,2.185710906982422,0.0030705928802490234
31,24,21,103.0,2.7647080421447754,2.7664053440093994,0.0016973018646240234
31,24,22,114.0,3.4331488609313965,3.440652370452881,0.007503509521484375
31,24,23,50.0,5.562728404998779,5.568402290344238,0.005673885345458984
31,24,24,281.0,2.4593505859375,2.459031343460083,-0.0003192424774169922
31,24,25,247.0,2.162877321243286,2.1664011478424072,0.0035238265991210938
31,24,26,173.0,3.780362606048584,3.782773494720459,0.002410888671875
31,24,27,166.0,3.268761396408081,3.2747998237609863,0.0060384273529052734
31,24,28,98.0,2.8850836753845215,2.886702299118042,0.0016186237335205078
31,24,29,174.0,3.2879021167755127,3.284579277038574,-0.0033228397369384766
31,24,30,173.0,3.087313413619995,3.0871598720550537,-0.00015354156494140625
31,24,31,215.0,3.7688708305358887,3.7662265300750732,-0.0026443004608154297
31,24,32,186.0,2.7773280143737793,2.777327060699463,-9.5367431640625e-07
31,24,33,153.0,2.610452890396118,2.607635736465454,-0.0028171539306640625
31,24,34,147.0,3.096090793609619,3.0942609310150146,-0.0018298625946044922
31,24,35,50.0,4.262930870056152,4.271967887878418,0.009037017822265625
31,24,36,86.0,2.5445685386657715,2.5435969829559326,-0.0009715557098388672
31,24,37,154.0,4.032649040222168,4.028827667236328,-0.0038213729858398438
31,24,38,265.0,2.685051679611206,2.681476354598999,-0.0035753250122070312
31,24,39,199.0,3.442211389541626,3.4405410289764404,-0.0016703605651855469
31,24,40,138.0,3.036294937133789,3.033418893814087,-0.0028760433197021484
31,24,41,98.0,3.56339955329895,3.565671443939209,0.002271890640258789
31,24,42,167.0,2.791276693344116,2.7928576469421387,0.001580953598022461
31,24,43,288.0,3.996307849884033,3.9992828369140625,0.002974987030029297
31,24,44,225.0,2.764963150024414,2.7645342350006104,-0.00042891502380371094
31,24,45,191.0,3.2674989700317383,3.2703428268432617,0.0028438568115234375
31,24,46,92.0,4.787234783172607,4.785851955413818,-0.0013828277587890625
31,24,47,41.0,5.17321252822876,5.179952144622803,0.006739616394042969
31,24,48,231.0,3.050201892852783,3.0493059158325195,-0.0008959770202636719
31,24,49,101.0,2.2807674407958984,2.279217004776001,-0.001550436019897461
31,24,50,177.0,3.28656005859375,3.285282850265503,-0.0012772083282470703
31,24,51,252.0,3.729534387588501,3.72928524017334,-0.0002491474151611328
31,24,52,259.0,3.0285918712615967,3.0300958156585693,0.0015039443969726562
31,24,53,47.0,3.0469322204589844,3.0554039478302,0.00847172737121582
31,24,54,164.0,2.354414463043213,2.354489326477051,7.486343383789062e-05
31,24,55,94.0,3.564063310623169,3.5601422786712646,-0.003921031951904297
31,24,56,103.0,3.668520927429199,3.659726142883301,-0.008794784545898438
31,24,57,78.0,3.6771252155303955,3.6766319274902344,-0.0004932880401611328
31,24,58,239.0,3.4083893299102783,3.406515598297119,-0.0018737316131591797
31,24,59,271.0,4.502346992492676,4.503276824951172,0.0009298324584960938
31,24,60,162.0,3.0323004722595215,3.0274856090545654,-0.004814863204956055
31,24,61,179.0,3.618516206741333,3.6168317794799805,-0.001684427261352539
31,24,62,218.0,2.710827112197876,2.711937189102173,0.001110076904296875
31,24,63,81.0,3.249349355697632,3.252467393875122,0.0031180381774902344
31,24,64,93.0,3.696587085723877,3.69675612449646,0.0001690387725830078
31,24,65,72.0,3.9958338737487793,3.9832136631011963,-0.012620210647583008
31,24,66,230.0,3.6442677974700928,3.644838571548462,0.0005707740783691406
31,24,67,99.0,2.919395685195923,2.9067258834838867,-0.012669801712036133
31,24,68,213.0,2.9106554985046387,2.906538486480713,-0.004117012023925781
31,24,69,119.0,2.7914681434631348,2.7925620079040527,0.0010938644409179688
31,24,70,161.0,3.1008999347686768,3.0981664657592773,-0.002733469009399414
31,24,71,90.0,4.010181903839111,4.005856037139893,-0.00432586669921875
31,24,72,181.0,3.0067594051361084,3.0075507164001465,0.0007913112640380859
31,24,73,95.0,4.08024787902832,4.077513694763184,-0.0027341842651367188
31,24,74,245.0,2.442718744277954,2.4407870769500732,-0.0019316673278808594
31,24,75,93.0,2.114382266998291,2.117375373840332,0.0029931068420410156
31,24,76,225.0,2.825653553009033,2.8234477043151855,-0.0022058486938476562
31,24,77,61.0,3.338794708251953,3.3405652046203613,0.0017704963684082031
31,24,78,257.0,3.9624106884002686,3.9654321670532227,0.0030214786529541016
31,24,79,165.0,3.2207393646240234,3.223989486694336,0.0032501220703125
31,24,80,117.0,4.315102577209473,4.312155723571777,-0.0029468536376953125
31,24,81,89.0,3.6350255012512207,3.638033866882324,0.0030083656311035156
31,24,82,291.0,3.772111177444458,3.7699716091156006,-0.002139568328857422
31,24,83,93.0,3.43058443069458,3.432974100112915,0.002389669418334961
31,24,84,228.0,2.4015636444091797,2.406357765197754,0.004794120788574219
31,24,85,131.0,2.8454298973083496,2.8494887351989746,0.004058837890625
31,24,86,191.0,4.341160774230957,4.344458103179932,0.0032973289489746094
31,24,87,238.0,5.110036849975586,5.109926700592041,-0.00011014938354492188
31,24,88,210.0,3.3413021564483643,3.347609281539917,0.006307125091552734
31,24,89,107.0,4.339839935302734,4.33477258682251,-0.005067348480224609
31,24,90,217.0,3.0681116580963135,3.0646657943725586,-0.003445863723754883
31,24,91,199.0,3.2457942962646484,3.244227409362793,-0.0015668869018554688
31,24,92,84.0,2.6276965141296387,2.625025510787964,-0.0026710033416748047
31,24,93,271.0,3.756063222885132,3.7595810890197754,0.0035178661346435547
31,24,94,226.0,3.251934289932251,3.2502405643463135,-0.0016937255859375
31,24,95,258.0,3.875674247741699,3.8731613159179688,-0.0025129318237304688
31,24,96,86.0,3.585750102996826,3.5839741230010986,-0.001775979995727539
31,24,97,142.0,4.497574806213379,4.495730876922607,-0.0018439292907714844
31,24,98,42.0,3.347982168197632,3.3393797874450684,-0.008602380752563477
31,24,99,224.0,2.679133892059326,2.6795074939727783,0.00037360191345214844
31,24,100,197.0,2.196375608444214,2.192852258682251,-0.0035233497619628906
31,24,101,85.0,2.568619728088379,2.5667290687561035,-0.0018906593322753906
31,24,102,195.0,3.2174572944641113,3.220547914505005,0.0030906200408935547
31,24,103,102.0,3.6202828884124756,3.6179001331329346,-0.0023827552795410156
31,24,104,181.0,3.483546018600464,3.485748052597046,0.0022020339965820312
31,24,105,72.0,2.1719796657562256,2.171078681945801,-0.0009009838104248047
31,24,106,130.0,4.735745906829834,4.735297203063965,-0.0004487037658691406
31,24,107,62.0,2.6150100231170654,2.6201868057250977,0.0051767826080322266
31,24,108,263.0,3.6819097995758057,3.6807022094726562,-0.001207590103149414
31,24,109,194.0,2.822662115097046,2.826223134994507,0.0035610198974609375
31,24,110,174.0,2.753187417984009,2.7520806789398193,-0.0011067390441894531
31,24,111,235.0,4.053600788116455,4.053215980529785,-0.0003848075866699219
31,24,112,143.0,4.031272888183594,4.030879497528076,-0.0003933906555175781
31,24,113,117.0,4.415828704833984,4.419596195220947,0.0037674903869628906
31,24,114,160.0,3.988440990447998,3.988849639892578,0.0004086494445800781
31,24,115,115.0,3.474060297012329,3.4779036045074463,0.0038433074951171875
31,24,116,120.0,3.551665782928467,3.5485377311706543,-0.0031280517578125
31,24,117,186.0,3.7136735916137695,3.71625018119812,0.002576589584350586
31,24,118,138.0,3.1632800102233887,3.163219928741455,-6.008148193359375e-05
31,24,119,80.0,2.3273348808288574,2.3181204795837402,-0.009214401245117188
31,24,120,164.0,2.849583864212036,2.854180335998535,0.0045964717864990234
31,24,121,215.0,3.761408567428589,3.7617294788360596,0.0003209114074707031
31,24,122,81.0,3.2764456272125244,3.274230480194092,-0.002215147018432617
31,24,123,171.0,3.1637179851531982,3.1669294834136963,0.003211498260498047
31,24,124,41.0,5.6693196296691895,5.690710067749023,0.021390438079833984
31,24,125,103.0,3.8813576698303223,3.885828733444214,0.0044710636138916016
31,24,126,145.0,3.006119966506958,3.0083580017089844,0.002238035202026367
31,24,127,102.0,2.92803955078125,2.9333417415618896,0.0053021907806396484
31,25,0,196.0,3.6189582347869873,3.616135835647583,-0.002822399139404297
31,25,1,127.0,3.22214412689209,3.2246131896972656,0.0024690628051757812
31,25,2,162.0,2.2713801860809326,2.2692840099334717,-0.0020961761474609375
31,25,3,92.0,4.133184909820557,4.125568389892578,-0.007616519927978516
31,25,4,194.0,3.299353837966919,3.2956628799438477,-0.003690958023071289
31,25,5,115.0,2.8214778900146484,2.827092409133911,0.005614519119262695
31,25,6,109.0,4.325214862823486,4.328671932220459,0.0034570693969726562
31,25,7,48.0,3.449648857116699,3.4528684616088867,0.0032196044921875
31,25,8,69.0,3.7256877422332764,3.726637363433838,0.0009496212005615234
31,25,9,85.0,3.190195322036743,3.183305025100708,-0.006890296936035156
31,25,10,238.0,2.782064914703369,2.7825024127960205,0.0004374980926513672
31,25,11,233.0,2.6044344902038574,2.6030263900756836,-0.0014081001281738281
31,25,12,208.0,3.147305488586426,3.148364543914795,0.0010590553283691406
31,25,13,196.0,2.917774200439453,2.9157609939575195,-0.0020132064819335938
31,25,14,131.0,3.2567384243011475,3.2581582069396973,0.0014197826385498047
31,25,15,125.0,2.790242910385132,2.7895987033843994,-0.0006442070007324219
31,25,16,61.0,4.113956451416016,4.111780166625977,-0.0021762847900390625
31,25,17,164.0,2.230290412902832,2.231153964996338,0.0008635520935058594
31,25,18,107.0,3.345957040786743,3.347167491912842,0.0012104511260986328
31,25,19,48.0,3.959183692932129,3.9601049423217773,0.0009212493896484375
31,25,20,74.0,2.182640314102173,2.1843700408935547,0.001729726791381836
31,25,21,103.0,2.7647080421447754,2.7725765705108643,0.007868528366088867
31,25,22,114.0,3.4331488609313965,3.4414632320404053,0.008314371109008789
31,25,23,50.0,5.562728404998779,5.56450080871582,0.0017724037170410156
31,25,24,281.0,2.4593505859375,2.459407329559326,5.6743621826171875e-05
31,25,25,247.0,2.162877321243286,2.1620490550994873,-0.0008282661437988281
31,25,26,173.0,3.780362606048584,3.7809154987335205,0.0005528926849365234
31,25,27,166.0,3.268761396408081,3.2692952156066895,0.0005338191986083984
31,25,28,98.0,2.8850836753845215,2.888209819793701,0.0031261444091796875
31,25,29,174.0,3.2879021167755127,3.2845711708068848,-0.0033309459686279297
31,25,30,173.0,3.087313413619995,3.083059310913086,-0.00425410270690918
31,25,31,215.0,3.7688708305358887,3.7718732357025146,0.0030024051666259766
31,25,32,186.0,2.7773280143737793,2.7746810913085938,-0.002646923065185547
31,25,33,153.0,2.610452890396118,2.6043262481689453,-0.0061266422271728516
31,25,34,147.0,3.096090793609619,3.0866353511810303,-0.009455442428588867
31,25,35,50.0,4.262930870056152,4.2636895179748535,0.0007586479187011719
31,25,36,86.0,2.5445685386657715,2.5453078746795654,0.0007393360137939453
31,25,37,154.0,4.032649040222168,4.029204845428467,-0.003444194793701172
31,25,38,265.0,2.685051679611206,2.6850087642669678,-4.291534423828125e-05
31,25,39,199.0,3.442211389541626,3.442284107208252,7.271766662597656e-05
31,25,40,138.0,3.036294937133789,3.03739595413208,0.0011010169982910156
31,25,41,98.0,3.56339955329895,3.5669829845428467,0.0035834312438964844
31,25,42,167.0,2.791276693344116,2.793307065963745,0.0020303726196289062
31,25,43,288.0,3.996307849884033,3.9965505599975586,0.00024271011352539062
31,25,44,225.0,2.764963150024414,2.765942335128784,0.0009791851043701172
31,25,45,191.0,3.2674989700317383,3.267848491668701,0.0003495216369628906
31,25,46,92.0,4.787234783172607,4.778205394744873,-0.009029388427734375
31,25,47,41.0,5.17321252822876,5.179885387420654,0.006672859191894531
31,25,48,231.0,3.050201892852783,3.0480661392211914,-0.002135753631591797
31,25,49,101.0,2.2807674407958984,2.2811503410339355,0.0003829002380371094
31,25,50,177.0,3.28656005859375,3.2815194129943848,-0.005040645599365234
31,25,51,252.0,3.729534387588501,3.727623701095581,-0.0019106864929199219
31,25,52,259.0,3.0285918712615967,3.0252315998077393,-0.003360271453857422
31,25,53,47.0,3.0469322204589844,3.0702784061431885,0.0233461856842041
31,25,54,164.0,2.354414463043213,2.3638663291931152,0.009451866149902344
31,25,55,94.0,3.564063310623169,3.560100793838501,-0.003962516784667969
31,25,56,103.0,3.668520927429199,3.669743537902832,0.0012226104736328125
31,25,57,78.0,3.6771252155303955,3.670682191848755,-0.006443023681640625
31,25,58,239.0,3.4083893299102783,3.4040584564208984,-0.004330873489379883
31,25,59,271.0,4.502346992492676,4.501847743988037,-0.0004992485046386719
31,25,60,162.0,3.0323004722595215,3.028193712234497,-0.004106760025024414
31,25,61,179.0,3.618516206741333,3.617694139480591,-0.0008220672607421875
31,25,62,218.0,2.710827112197876,2.714738368988037,0.003911256790161133
31,25,63,81.0,3.249349355697632,3.2541568279266357,0.004807472229003906
31,25,64,93.0,3.696587085723877,3.6994645595550537,0.002877473831176758
31,25,65,72.0,3.9958338737487793,3.997195243835449,0.0013613700866699219
31,25,66,230.0,3.6442677974700928,3.637256383895874,-0.00701141357421875
31,25,67,99.0,2.919395685195923,2.918454170227051,-0.0009415149688720703
31,25,68,213.0,2.9106554985046387,2.9079906940460205,-0.002664804458618164
31,25,69,119.0,2.7914681434631348,2.7936179637908936,0.002149820327758789
31,25,70,161.0,3.1008999347686768,3.0979442596435547,-0.0029556751251220703
31,25,71,90.0,4.010181903839111,4.010763168334961,0.0005812644958496094
31,25,72,181.0,3.0067594051361084,3.0108587741851807,0.004099369049072266
31,25,73,95.0,4.08024787902832,4.087062835693359,0.0068149566650390625
31,25,74,245.0,2.442718744277954,2.440178632736206,-0.002540111541748047
31,25,75,93.0,2.114382266998291,2.1244194507598877,0.01003718376159668
31,25,76,225.0,2.825653553009033,2.822213649749756,-0.0034399032592773438
31,25,77,61.0,3.338794708251953,3.3486428260803223,0.00984811782836914
31,25,78,257.0,3.9624106884002686,3.9643588066101074,0.0019481182098388672
31,25,79,165.0,3.2207393646240234,3.225215196609497,0.004475831985473633
31,25,80,117.0,4.315102577209473,4.3088250160217285,-0.006277561187744141
31,25,81,89.0,3.6350255012512207,3.6311533451080322,-0.0038721561431884766
31,25,82,291.0,3.772111177444458,3.7708497047424316,-0.0012614727020263672
31,25,83,93.0,3.43058443069458,3.4307329654693604,0.00014853477478027344
31,25,84,228.0,2.4015636444091797,2.4055566787719727,0.003993034362792969
31,25,85,131.0,2.8454298973083496,2.8397505283355713,-0.00567936897277832
31,25,86,191.0,4.341160774230957,4.341730117797852,0.0005693435668945312
31,25,87,238.0,5.110036849975586,5.10841178894043,-0.00162506103515625
31,25,88,210.0,3.3413021564483643,3.34629487991333,0.00499272346496582
31,25,89,107.0,4.339839935302734,4.331820964813232,-0.008018970489501953
31,25,90,217.0,3.0681116580963135,3.0678277015686035,-0.00028395652770996094
31,25,91,199.0,3.2457942962646484,3.2445473670959473,-0.0012469291687011719
31,25,92,84.0,2.6276965141296387,2.6224300861358643,-0.005266427993774414
31,25,93,271.0,3.756063222885132,3.7563693523406982,0.00030612945556640625
31,25,94,226.0,3.251934289932251,3.25274395942688,0.0008096694946289062
31,25,95,258.0,3.875674247741699,3.8783416748046875,0.0026674270629882812
31,25,96,86.0,3.585750102996826,3.5955426692962646,0.009792566299438477
31,25,97,142.0,4.497574806213379,4.500201225280762,0.0026264190673828125
31,25,98,42.0,3.347982168197632,3.3459339141845703,-0.0020482540130615234
31,25,99,224.0,2.679133892059326,2.678156614303589,-0.0009772777557373047
31,25,100,197.0,2.196375608444214,2.194784164428711,-0.0015914440155029297
31,25,101,85.0,2.568619728088379,2.56618070602417,-0.0024390220642089844
31,25,102,195.0,3.2174572944641113,3.218261480331421,0.0008041858673095703
31,25,103,102.0,3.6202828884124756,3.619480848312378,-0.0008020401000976562
31,25,104,181.0,3.483546018600464,3.485600471496582,0.002054452896118164
31,25,105,72.0,2.1719796657562256,2.173766613006592,0.001786947250366211
31,25,106,130.0,4.735745906829834,4.74019193649292,0.0044460296630859375
31,25,107,62.0,2.6150100231170654,2.6257026195526123,0.010692596435546875
31,25,108,263.0,3.6819097995758057,3.6821746826171875,0.00026488304138183594
31,25,109,194.0,2.822662115097046,2.8239381313323975,0.0012760162353515625
31,25,110,174.0,2.753187417984009,2.75258731842041,-0.0006000995635986328
31,25,111,235.0,4.053600788116455,4.05743932723999,0.0038385391235351562
31,25,112,143.0,4.031272888183594,4.031088352203369,-0.00018453598022460938
31,25,113,117.0,4.415828704833984,4.4300761222839355,0.014247417449951172
31,25,114,160.0,3.988440990447998,3.9865994453430176,-0.0018415451049804688
31,25,115,115.0,3.474060297012329,3.47896671295166,0.004906415939331055
31,25,116,120.0,3.551665782928467,3.5527923107147217,0.0011265277862548828
31,25,117,186.0,3.7136735916137695,3.7153196334838867,0.0016460418701171875
31,25,118,138.0,3.1632800102233887,3.1651952266693115,0.0019152164459228516
31,25,119,80.0,2.3273348808288574,2.3323235511779785,0.004988670349121094
31,25,120,164.0,2.849583864212036,2.8570687770843506,0.007484912872314453
31,25,121,215.0,3.761408567428589,3.759158134460449,-0.0022504329681396484
31,25,122,81.0,3.2764456272125244,3.282891273498535,0.006445646286010742
31,25,123,171.0,3.1637179851531982,3.1655242443084717,0.0018062591552734375
31,25,124,41.0,5.6693196296691895,5.653826713562012,-0.015492916107177734
31,25,125,103.0,3.8813576698303223,3.879544496536255,-0.0018131732940673828
31,25,126,145.0,3.006119966506958,3.008162260055542,0.0020422935485839844
31,25,127,102.0,2.92803955078125,2.928610324859619,0.0005707740783691406
31,26,0,196.0,3.6189582347869873,3.6131207942962646,-0.005837440490722656
31,26,1,127.0,3.22214412689209,3.21651291847229,-0.005631208419799805
31,26,2,162.0,2.2713801860809326,2.273347854614258,0.0019676685333251953
31,26,3,92.0,4.133184909820557,4.131282806396484,-0.0019021034240722656
31,26,4,194.0,3.299353837966919,3.296802043914795,-0.0025517940521240234
31,26,5,115.0,2.8214778900146484,2.818358898162842,-0.0031189918518066406
31,26,6,109.0,4.325214862823486,4.322879314422607,-0.0023355484008789062
31,26,7,48.0,3.449648857116699,3.4367268085479736,-0.012922048568725586
31,26,8,69.0,3.7256877422332764,3.738018035888672,0.012330293655395508
31,26,9,85.0,3.190195322036743,3.179882764816284,-0.010312557220458984
31,26,10,238.0,2.782064914703369,2.7803714275360107,-0.0016934871673583984
31,26,11,233.0,2.6044344902038574,2.6030609607696533,-0.0013735294342041016
31,26,12,208.0,3.147305488586426,3.143625020980835,-0.0036804676055908203
31,26,13,196.0,2.917774200439453,2.918424367904663,0.0006501674652099609
31,26,14,131.0,3.2567384243011475,3.2613790035247803,0.0046405792236328125
31,26,15,125.0,2.790242910385132,2.7853620052337646,-0.0048809051513671875
31,26,16,61.0,4.113956451416016,4.113544940948486,-0.0004115104675292969
31,26,17,164.0,2.230290412902832,2.2268946170806885,-0.0033957958221435547
31,26,18,107.0,3.345957040786743,3.348482131958008,0.0025250911712646484
31,26,19,48.0,3.959183692932129,3.9615650177001953,0.0023813247680664062
31,26,20,74.0,2.182640314102173,2.183753728866577,0.0011134147644042969
31,26,21,103.0,2.7647080421447754,2.7641804218292236,-0.0005276203155517578
31,26,22,114.0,3.4331488609313965,3.444718837738037,0.011569976806640625
31,26,23,50.0,5.562728404998779,5.57614278793335,0.013414382934570312
31,26,24,281.0,2.4593505859375,2.4543144702911377,-0.005036115646362305
31,26,25,247.0,2.162877321243286,2.169560194015503,0.006682872772216797
31,26,26,173.0,3.780362606048584,3.786689519882202,0.006326913833618164
31,26,27,166.0,3.268761396408081,3.2733519077301025,0.004590511322021484
31,26,28,98.0,2.8850836753845215,2.883120059967041,-0.0019636154174804688
31,26,29,174.0,3.2879021167755127,3.2912464141845703,0.003344297409057617
31,26,30,173.0,3.087313413619995,3.0892531871795654,0.0019397735595703125
31,26,31,215.0,3.7688708305358887,3.7706727981567383,0.0018019676208496094
31,26,32,186.0,2.7773280143737793,2.7678091526031494,-0.009518861770629883
31,26,33,153.0,2.610452890396118,2.6100900173187256,-0.0003628730773925781
31,26,34,147.0,3.096090793609619,3.0938706398010254,-0.00222015380859375
31,26,35,50.0,4.262930870056152,4.256359100341797,-0.006571769714355469
31,26,36,86.0,2.5445685386657715,2.558626174926758,0.014057636260986328
31,26,37,154.0,4.032649040222168,4.031991958618164,-0.0006570816040039062
31,26,38,265.0,2.685051679611206,2.6786670684814453,-0.006384611129760742
31,26,39,199.0,3.442211389541626,3.450127601623535,0.00791621208190918
31,26,40,138.0,3.036294937133789,3.0381293296813965,0.0018343925476074219
31,26,41,98.0,3.56339955329895,3.5768961906433105,0.013496637344360352
31,26,42,167.0,2.791276693344116,2.7824156284332275,-0.008861064910888672
31,26,43,288.0,3.996307849884033,3.9978647232055664,0.0015568733215332031
31,26,44,225.0,2.764963150024414,2.7613797187805176,-0.0035834312438964844
31,26,45,191.0,3.2674989700317383,3.2637650966644287,-0.0037338733673095703
31,26,46,92.0,4.787234783172607,4.767925262451172,-0.019309520721435547
31,26,47,41.0,5.17321252822876,5.169003486633301,-0.004209041595458984
31,26,48,231.0,3.050201892852783,3.0522377490997314,0.002035856246948242
31,26,49,101.0,2.2807674407958984,2.2823805809020996,0.0016131401062011719
31,26,50,177.0,3.28656005859375,3.279386520385742,-0.0071735382080078125
31,26,51,252.0,3.729534387588501,3.733135938644409,0.003601551055908203
31,26,52,259.0,3.0285918712615967,3.028226852416992,-0.0003650188446044922
31,26,53,47.0,3.0469322204589844,3.060638189315796,0.013705968856811523
31,26,54,164.0,2.354414463043213,2.355766534805298,0.001352071762084961
31,26,55,94.0,3.564063310623169,3.558035373687744,-0.006027936935424805
31,26,56,103.0,3.668520927429199,3.6526951789855957,-0.015825748443603516
31,26,57,78.0,3.6771252155303955,3.6800365447998047,0.0029113292694091797
31,26,58,239.0,3.4083893299102783,3.4006998538970947,-0.007689476013183594
31,26,59,271.0,4.502346992492676,4.505209922790527,0.0028629302978515625
31,26,60,162.0,3.0323004722595215,3.028841018676758,-0.003459453582763672
31,26,61,179.0,3.618516206741333,3.622474431991577,0.003958225250244141
31,26,62,218.0,2.710827112197876,2.71577787399292,0.004950761795043945
31,26,63,81.0,3.249349355697632,3.2485196590423584,-0.0008296966552734375
31,26,64,93.0,3.696587085723877,3.6980714797973633,0.0014843940734863281
31,26,65,72.0,3.9958338737487793,3.991837739944458,-0.003996133804321289
31,26,66,230.0,3.6442677974700928,3.6425132751464844,-0.0017545223236083984
31,26,67,99.0,2.919395685195923,2.9076662063598633,-0.01172947883605957
31,26,68,213.0,2.9106554985046387,2.908400297164917,-0.0022552013397216797
31,26,69,119.0,2.7914681434631348,2.788376808166504,-0.0030913352966308594
31,26,70,161.0,3.1008999347686768,3.092006206512451,-0.008893728256225586
31,26,71,90.0,4.010181903839111,3.996248722076416,-0.013933181762695312
31,26,72,181.0,3.0067594051361084,2.99650239944458,-0.01025700569152832
31,26,73,95.0,4.08024787902832,4.091007709503174,0.010759830474853516
31,26,74,245.0,2.442718744277954,2.4447388648986816,0.002020120620727539
31,26,75,93.0,2.114382266998291,2.1246209144592285,0.0102386474609375
31,26,76,225.0,2.825653553009033,2.829094171524048,0.0034406185150146484
31,26,77,61.0,3.338794708251953,3.3449230194091797,0.0061283111572265625
31,26,78,257.0,3.9624106884002686,3.9564309120178223,-0.005979776382446289
31,26,79,165.0,3.2207393646240234,3.225245952606201,0.004506587982177734
31,26,80,117.0,4.315102577209473,4.311300277709961,-0.0038022994995117188
31,26,81,89.0,3.6350255012512207,3.6192057132720947,-0.015819787979125977
31,26,82,291.0,3.772111177444458,3.765376567840576,-0.006734609603881836
31,26,83,93.0,3.43058443069458,3.4388585090637207,0.008274078369140625
31,26,84,228.0,2.4015636444091797,2.3928213119506836,-0.008742332458496094
31,26,85,131.0,2.8454298973083496,2.84342098236084,-0.0020089149475097656
31,26,86,191.0,4.341160774230957,4.339016914367676,-0.00214385986328125
31,26,87,238.0,5.110036849975586,5.110417366027832,0.00038051605224609375
31,26,88,210.0,3.3413021564483643,3.3398234844207764,-0.0014786720275878906
31,26,89,107.0,4.339839935302734,4.3321146965026855,-0.007725238800048828
31,26,90,217.0,3.0681116580963135,3.0683186054229736,0.00020694732666015625
31,26,91,199.0,3.2457942962646484,3.2439308166503906,-0.0018634796142578125
31,26,92,84.0,2.6276965141296387,2.641324520111084,0.013628005981445312
31,26,93,271.0,3.756063222885132,3.753472089767456,-0.0025911331176757812
31,26,94,226.0,3.251934289932251,3.2511134147644043,-0.0008208751678466797
31,26,95,258.0,3.875674247741699,3.88187837600708,0.006204128265380859
31,26,96,86.0,3.585750102996826,3.5863823890686035,0.0006322860717773438
31,26,97,142.0,4.497574806213379,4.491478443145752,-0.006096363067626953
31,26,98,42.0,3.347982168197632,3.3576412200927734,0.009659051895141602
31,26,99,224.0,2.679133892059326,2.6757540702819824,-0.00337982177734375
31,26,100,197.0,2.196375608444214,2.2001733779907227,0.003797769546508789
31,26,101,85.0,2.568619728088379,2.5595860481262207,-0.009033679962158203
31,26,102,195.0,3.2174572944641113,3.2118418216705322,-0.0056154727935791016
31,26,103,102.0,3.6202828884124756,3.6286518573760986,0.008368968963623047
31,26,104,181.0,3.483546018600464,3.4897873401641846,0.006241321563720703
31,26,105,72.0,2.1719796657562256,2.163928508758545,-0.008051156997680664
31,26,106,130.0,4.735745906829834,4.7390570640563965,0.0033111572265625
31,26,107,62.0,2.6150100231170654,2.603721857070923,-0.011288166046142578
31,26,108,263.0,3.6819097995758057,3.6826906204223633,0.0007808208465576172
31,26,109,194.0,2.822662115097046,2.8185946941375732,-0.004067420959472656
31,26,110,174.0,2.753187417984009,2.751147985458374,-0.0020394325256347656
31,26,111,235.0,4.053600788116455,4.058818817138672,0.005218029022216797
31,26,112,143.0,4.031272888183594,4.021106243133545,-0.010166645050048828
31,26,113,117.0,4.415828704833984,4.403076171875,-0.012752532958984375
31,26,114,160.0,3.988440990447998,3.9843735694885254,-0.004067420959472656
31,26,115,115.0,3.474060297012329,3.4702823162078857,-0.0037779808044433594
31,26,116,120.0,3.551665782928467,3.5532028675079346,0.0015370845794677734
31,26,117,186.0,3.7136735916137695,3.713921546936035,0.000247955322265625
31,26,118,138.0,3.1632800102233887,3.165349245071411,0.002069234848022461
31,26,119,80.0,2.3273348808288574,2.319453477859497,-0.007881402969360352
31,26,120,164.0,2.849583864212036,2.8449716567993164,-0.0046122074127197266
31,26,121,215.0,3.761408567428589,3.7579705715179443,-0.0034379959106445312
31,26,122,81.0,3.2764456272125244,3.2933597564697266,0.01691412925720215
31,26,123,171.0,3.1637179851531982,3.164816379547119,0.0010983943939208984
31,26,124,41.0,5.6693196296691895,5.660648345947266,-0.008671283721923828
31,26,125,103.0,3.8813576698303223,3.881490468978882,0.0001327991485595703
31,26,126,145.0,3.006119966506958,3.0046699047088623,-0.0014500617980957031
31,26,127,102.0,2.92803955078125,2.927396297454834,-0.0006432533264160156
31,27,0,196.0,3.6189582347869873,3.6088736057281494,-0.01008462905883789
31,27,1,127.0,3.22214412689209,3.221803665161133,-0.00034046173095703125
31,27,2,162.0,2.2713801860809326,2.266725778579712,-0.004654407501220703
31,27,3,92.0,4.133184909820557,4.130810260772705,-0.0023746490478515625
31,27,4,194.0,3.299353837966919,3.3018407821655273,0.0024869441986083984
31,27,5,115.0,2.8214778900146484,2.820033311843872,-0.0014445781707763672
31,27,6,109.0,4.325214862823486,4.328567981719971,0.003353118896484375
31,27,7,48.0,3.449648857116699,3.448072671890259,-0.0015761852264404297
31,27,8,69.0,3.7256877422332764,3.7272017002105713,0.0015139579772949219
31,27,9,85.0,3.190195322036743,3.188107490539551,-0.002087831497192383
31,27,10,238.0,2.782064914703369,2.7827308177948,0.0006659030914306641
31,27,11,233.0,2.6044344902038574,2.6061058044433594,0.0016713142395019531
31,27,12,208.0,3.147305488586426,3.146273612976074,-0.0010318756103515625
31,27,13,196.0,2.917774200439453,2.9179627895355225,0.00018858909606933594
31,27,14,131.0,3.2567384243011475,3.2551522254943848,-0.0015861988067626953
31,27,15,125.0,2.790242910385132,2.7902398109436035,-3.0994415283203125e-06
31,27,16,61.0,4.113956451416016,4.115240573883057,0.0012841224670410156
31,27,17,164.0,2.230290412902832,2.2296574115753174,-0.0006330013275146484
31,27,18,107.0,3.345957040786743,3.34464168548584,-0.0013153553009033203
31,27,19,48.0,3.959183692932129,3.9622275829315186,0.0030438899993896484
31,27,20,74.0,2.182640314102173,2.1830382347106934,0.0003979206085205078
31,27,21,103.0,2.7647080421447754,2.7605631351470947,-0.004144906997680664
31,27,22,114.0,3.4331488609313965,3.434744358062744,0.0015954971313476562
31,27,23,50.0,5.562728404998779,5.566720485687256,0.0039920806884765625
31,27,24,281.0,2.4593505859375,2.4609487056732178,0.0015981197357177734
31,27,25,247.0,2.162877321243286,2.1651225090026855,0.002245187759399414
31,27,26,173.0,3.780362606048584,3.7851078510284424,0.0047452449798583984
31,27,27,166.0,3.268761396408081,3.2697019577026367,0.0009405612945556641
31,27,28,98.0,2.8850836753845215,2.877431869506836,-0.007651805877685547
31,27,29,174.0,3.2879021167755127,3.2849931716918945,-0.002908945083618164
31,27,30,173.0,3.087313413619995,3.08778977394104,0.0004763603210449219
31,27,31,215.0,3.7688708305358887,3.762892961502075,-0.0059778690338134766
31,27,32,186.0,2.7773280143737793,2.778667449951172,0.0013394355773925781
31,27,33,153.0,2.610452890396118,2.604597806930542,-0.005855083465576172
31,27,34,147.0,3.096090793609619,3.089418649673462,-0.0066721439361572266
31,27,35,50.0,4.262930870056152,4.264348983764648,0.0014181137084960938
31,27,36,86.0,2.5445685386657715,2.551497459411621,0.006928920745849609
31,27,37,154.0,4.032649040222168,4.02569580078125,-0.006953239440917969
31,27,38,265.0,2.685051679611206,2.6838419437408447,-0.0012097358703613281
31,27,39,199.0,3.442211389541626,3.4400620460510254,-0.002149343490600586
31,27,40,138.0,3.036294937133789,3.0329997539520264,-0.0032951831817626953
31,27,41,98.0,3.56339955329895,3.557069778442383,-0.006329774856567383
31,27,42,167.0,2.791276693344116,2.794239044189453,0.002962350845336914
31,27,43,288.0,3.996307849884033,3.9982893466949463,0.001981496810913086
31,27,44,225.0,2.764963150024414,2.7645373344421387,-0.0004258155822753906
31,27,45,191.0,3.2674989700317383,3.272728681564331,0.0052297115325927734
31,27,46,92.0,4.787234783172607,4.777501106262207,-0.00973367691040039
31,27,47,41.0,5.17321252822876,5.157437324523926,-0.015775203704833984
31,27,48,231.0,3.050201892852783,3.0472524166107178,-0.0029494762420654297
31,27,49,101.0,2.2807674407958984,2.279752731323242,-0.00101470947265625
31,27,50,177.0,3.28656005859375,3.288079023361206,0.0015189647674560547
31,27,51,252.0,3.729534387588501,3.7258012294769287,-0.0037331581115722656
31,27,52,259.0,3.0285918712615967,3.030003547668457,0.0014116764068603516
31,27,53,47.0,3.0469322204589844,3.057368278503418,0.010436058044433594
31,27,54,164.0,2.354414463043213,2.355560302734375,0.0011458396911621094
31,27,55,94.0,3.564063310623169,3.557373046875,-0.006690263748168945
31,27,56,103.0,3.668520927429199,3.6719753742218018,0.003454446792602539
31,27,57,78.0,3.6771252155303955,3.68133544921875,0.004210233688354492
31,27,58,239.0,3.4083893299102783,3.404111385345459,-0.004277944564819336
31,27,59,271.0,4.502346992492676,4.501190662384033,-0.0011563301086425781
31,27,60,162.0,3.0323004722595215,3.0341100692749023,0.0018095970153808594
31,27,61,179.0,3.618516206741333,3.616438388824463,-0.002077817916870117
31,27,62,218.0,2.710827112197876,2.7140111923217773,0.003184080123901367
31,27,63,81.0,3.249349355697632,3.251640796661377,0.002291440963745117
31,27,64,93.0,3.696587085723877,3.7014598846435547,0.004872798919677734
31,27,65,72.0,3.9958338737487793,3.9832229614257812,-0.012610912322998047
31,27,66,230.0,3.6442677974700928,3.6400184631347656,-0.0042493343353271484
31,27,67,99.0,2.919395685195923,2.9139435291290283,-0.005452156066894531
31,27,68,213.0,2.9106554985046387,2.9051454067230225,-0.005510091781616211
31,27,69,119.0,2.7914681434631348,2.790900230407715,-0.0005679130554199219
31,27,70,161.0,3.1008999347686768,3.0962445735931396,-0.004655361175537109
31,27,71,90.0,4.010181903839111,4.003337383270264,-0.006844520568847656
31,27,72,181.0,3.0067594051361084,3.012199640274048,0.005440235137939453
31,27,73,95.0,4.08024787902832,4.0812296867370605,0.0009818077087402344
31,27,74,245.0,2.442718744277954,2.443774700164795,0.0010559558868408203
31,27,75,93.0,2.114382266998291,2.1180801391601562,0.0036978721618652344
31,27,76,225.0,2.825653553009033,2.8253846168518066,-0.0002689361572265625
31,27,77,61.0,3.338794708251953,3.346794843673706,0.00800013542175293
31,27,78,257.0,3.9624106884002686,3.9615464210510254,-0.0008642673492431641
31,27,79,165.0,3.2207393646240234,3.2243075370788574,0.0035681724548339844
31,27,80,117.0,4.315102577209473,4.304766654968262,-0.010335922241210938
31,27,81,89.0,3.6350255012512207,3.6405677795410156,0.005542278289794922
31,27,82,291.0,3.772111177444458,3.7712323665618896,-0.0008788108825683594
31,27,83,93.0,3.43058443069458,3.4298765659332275,-0.0007078647613525391
31,27,84,228.0,2.4015636444091797,2.3956565856933594,-0.0059070587158203125
31,27,85,131.0,2.8454298973083496,2.841933012008667,-0.003496885299682617
31,27,86,191.0,4.341160774230957,4.3410820960998535,-7.867813110351562e-05
31,27,87,238.0,5.110036849975586,5.106067657470703,-0.0039691925048828125
31,27,88,210.0,3.3413021564483643,3.336681604385376,-0.004620552062988281
31,27,89,107.0,4.339839935302734,4.3367156982421875,-0.003124237060546875
31,27,90,217.0,3.0681116580963135,3.065380811691284,-0.002730846405029297
31,27,91,199.0,3.2457942962646484,3.2448458671569824,-0.0009484291076660156
31,27,92,84.0,2.6276965141296387,2.6295056343078613,0.0018091201782226562
31,27,93,271.0,3.756063222885132,3.758103847503662,0.0020406246185302734
31,27,94,226.0,3.251934289932251,3.252208948135376,0.000274658203125
31,27,95,258.0,3.875674247741699,3.8793113231658936,0.003637075424194336
31,27,96,86.0,3.585750102996826,3.5898430347442627,0.0040929317474365234
31,27,97,142.0,4.497574806213379,4.493181228637695,-0.004393577575683594
31,27,98,42.0,3.347982168197632,3.3416996002197266,-0.0062825679779052734
31,27,99,224.0,2.679133892059326,2.679473400115967,0.000339508056640625
31,27,100,197.0,2.196375608444214,2.193114995956421,-0.0032606124877929688
31,27,101,85.0,2.568619728088379,2.5704195499420166,0.0017998218536376953
31,27,102,195.0,3.2174572944641113,3.2148468494415283,-0.002610445022583008
31,27,103,102.0,3.6202828884124756,3.6250789165496826,0.004796028137207031
31,27,104,181.0,3.483546018600464,3.4819107055664062,-0.0016353130340576172
31,27,105,72.0,2.1719796657562256,2.164808750152588,-0.007170915603637695
31,27,106,130.0,4.735745906829834,4.741191387176514,0.0054454803466796875
31,27,107,62.0,2.6150100231170654,2.611515522003174,-0.0034945011138916016
31,27,108,263.0,3.6819097995758057,3.681757688522339,-0.00015211105346679688
31,27,109,194.0,2.822662115097046,2.824901580810547,0.0022394657135009766
31,27,110,174.0,2.753187417984009,2.753129720687866,-5.7697296142578125e-05
31,27,111,235.0,4.053600788116455,4.052632808685303,-0.0009679794311523438
31,27,112,143.0,4.031272888183594,4.035466194152832,0.004193305969238281
31,27,113,117.0,4.415828704833984,4.421475410461426,0.005646705627441406
31,27,114,160.0,3.988440990447998,3.9907937049865723,0.0023527145385742188
31,27,115,115.0,3.474060297012329,3.4778552055358887,0.0037949085235595703
31,27,116,120.0,3.551665782928467,3.551598072052002,-6.771087646484375e-05
31,27,117,186.0,3.7136735916137695,3.7159037590026855,0.0022301673889160156
31,27,118,138.0,3.1632800102233887,3.1604413986206055,-0.002838611602783203
31,27,119,80.0,2.3273348808288574,2.314849376678467,-0.012485504150390625
31,27,120,164.0,2.849583864212036,2.852818727493286,0.00323486328125
31,27,121,215.0,3.761408567428589,3.7596657276153564,-0.0017428398132324219
31,27,122,81.0,3.2764456272125244,3.279958486557007,0.003512859344482422
31,27,123,171.0,3.1637179851531982,3.1666462421417236,0.0029282569885253906
31,27,124,41.0,5.6693196296691895,5.677379131317139,0.008059501647949219
31,27,125,103.0,3.8813576698303223,3.885078191757202,0.003720521926879883
31,27,126,145.0,3.006119966506958,3.0061686038970947,4.863739013671875e-05
31,27,127,102.0,2.92803955078125,2.9253387451171875,-0.0027008056640625
31,28,0,196.0,3.6189582347869873,3.608288288116455,-0.010669946670532227
31,28,1,127.0,3.22214412689209,3.2181737422943115,-0.00397038459777832
31,28,2,162.0,2.2713801860809326,2.26821231842041,-0.003167867660522461
31,28,3,92.0,4.133184909820557,4.1263346672058105,-0.006850242614746094
31,28,4,194.0,3.299353837966919,3.3020293712615967,0.0026755332946777344
31,28,5,115.0,2.8214778900146484,2.8251569271087646,0.003679037094116211
31,28,6,109.0,4.325214862823486,4.328080177307129,0.002865314483642578
31,28,7,48.0,3.449648857116699,3.4487686157226562,-0.0008802413940429688
31,28,8,69.0,3.7256877422332764,3.7221436500549316,-0.0035440921783447266
31,28,9,85.0,3.190195322036743,3.1825830936431885,-0.0076122283935546875
31,28,10,238.0,2.782064914703369,2.7820301055908203,-3.4809112548828125e-05
31,28,11,233.0,2.6044344902038574,2.606720209121704,0.0022857189178466797
31,28,12,208.0,3.147305488586426,3.144820213317871,-0.0024852752685546875
31,28,13,196.0,2.917774200439453,2.9157207012176514,-0.002053499221801758
31,28,14,131.0,3.2567384243011475,3.260826587677002,0.004088163375854492
31,28,15,125.0,2.790242910385132,2.791487216949463,0.0012443065643310547
31,28,16,61.0,4.113956451416016,4.114311695098877,0.0003552436828613281
31,28,17,164.0,2.230290412902832,2.230858325958252,0.0005679130554199219
31,28,18,107.0,3.345957040786743,3.3478522300720215,0.0018951892852783203
31,28,19,48.0,3.959183692932129,3.953664541244507,-0.00551915168762207
31,28,20,74.0,2.182640314102173,2.1802778244018555,-0.002362489700317383
31,28,21,103.0,2.7647080421447754,2.7629783153533936,-0.001729726791381836
31,28,22,114.0,3.4331488609313965,3.4337377548217773,0.0005888938903808594
31,28,23,50.0,5.562728404998779,5.569154739379883,0.006426334381103516
31,28,24,281.0,2.4593505859375,2.4591946601867676,-0.00015592575073242188
31,28,25,247.0,2.162877321243286,2.1603751182556152,-0.0025022029876708984
31,28,26,173.0,3.780362606048584,3.781966209411621,0.0016036033630371094
31,28,27,166.0,3.268761396408081,3.2674338817596436,-0.0013275146484375
31,28,28,98.0,2.8850836753845215,2.882286787033081,-0.0027968883514404297
31,28,29,174.0,3.2879021167755127,3.284198045730591,-0.003704071044921875
31,28,30,173.0,3.087313413619995,3.0881235599517822,0.0008101463317871094
31,28,31,215.0,3.7688708305358887,3.767059564590454,-0.0018112659454345703
31,28,32,186.0,2.7773280143737793,2.777087688446045,-0.000240325927734375
31,28,33,153.0,2.610452890396118,2.61026668548584,-0.0001862049102783203
31,28,34,147.0,3.096090793609619,3.0936989784240723,-0.002391815185546875
31,28,35,50.0,4.262930870056152,4.262840747833252,-9.012222290039062e-05
31,28,36,86.0,2.5445685386657715,2.5430259704589844,-0.0015425682067871094
31,28,37,154.0,4.032649040222168,4.0306220054626465,-0.0020270347595214844
31,28,38,265.0,2.685051679611206,2.6831021308898926,-0.0019495487213134766
31,28,39,199.0,3.442211389541626,3.4375500679016113,-0.0046613216400146484
31,28,40,138.0,3.036294937133789,3.033602714538574,-0.0026922225952148438
31,28,41,98.0,3.56339955329895,3.559628963470459,-0.003770589828491211
31,28,42,167.0,2.791276693344116,2.793881416320801,0.0026047229766845703
31,28,43,288.0,3.996307849884033,3.997265338897705,0.000957489013671875
31,28,44,225.0,2.764963150024414,2.7640209197998047,-0.000942230224609375
31,28,45,191.0,3.2674989700317383,3.270925760269165,0.003426790237426758
31,28,46,92.0,4.787234783172607,4.7839226722717285,-0.0033121109008789062
31,28,47,41.0,5.17321252822876,5.17678689956665,0.003574371337890625
31,28,48,231.0,3.050201892852783,3.045724868774414,-0.004477024078369141
31,28,49,101.0,2.2807674407958984,2.2813515663146973,0.0005841255187988281
31,28,50,177.0,3.28656005859375,3.2837576866149902,-0.0028023719787597656
31,28,51,252.0,3.729534387588501,3.728963851928711,-0.0005705356597900391
31,28,52,259.0,3.0285918712615967,3.0295236110687256,0.0009317398071289062
31,28,53,47.0,3.0469322204589844,3.061896562576294,0.01496434211730957
31,28,54,164.0,2.354414463043213,2.3529608249664307,-0.0014536380767822266
31,28,55,94.0,3.564063310623169,3.559971570968628,-0.004091739654541016
31,28,56,103.0,3.668520927429199,3.665700674057007,-0.002820253372192383
31,28,57,78.0,3.6771252155303955,3.676400899887085,-0.0007243156433105469
31,28,58,239.0,3.4083893299102783,3.4050211906433105,-0.0033681392669677734
31,28,59,271.0,4.502346992492676,4.498319625854492,-0.004027366638183594
31,28,60,162.0,3.0323004722595215,3.0287909507751465,-0.003509521484375
31,28,61,179.0,3.618516206741333,3.617985486984253,-0.0005307197570800781
31,28,62,218.0,2.710827112197876,2.7116405963897705,0.0008134841918945312
31,28,63,81.0,3.249349355697632,3.2498583793640137,0.0005090236663818359
31,28,64,93.0,3.696587085723877,3.7053399085998535,0.008752822875976562
31,28,65,72.0,3.9958338737487793,3.98909330368042,-0.006740570068359375
31,28,66,230.0,3.6442677974700928,3.641235828399658,-0.0030319690704345703
31,28,67,99.0,2.919395685195923,2.9104268550872803,-0.008968830108642578
31,28,68,213.0,2.9106554985046387,2.909118413925171,-0.0015370845794677734
31,28,69,119.0,2.7914681434631348,2.7916314601898193,0.0001633167266845703
31,28,70,161.0,3.1008999347686768,3.0954363346099854,-0.005463600158691406
31,28,71,90.0,4.010181903839111,4.009591102600098,-0.0005908012390136719
31,28,72,181.0,3.0067594051361084,3.0057268142700195,-0.0010325908660888672
31,28,73,95.0,4.08024787902832,4.08050012588501,0.0002522468566894531
31,28,74,245.0,2.442718744277954,2.4426889419555664,-2.9802322387695312e-05
31,28,75,93.0,2.114382266998291,2.1175897121429443,0.0032074451446533203
31,28,76,225.0,2.825653553009033,2.8230674266815186,-0.0025861263275146484
31,28,77,61.0,3.338794708251953,3.347885847091675,0.00909113883972168
31,28,78,257.0,3.9624106884002686,3.9635705947875977,0.0011599063873291016
31,28,79,165.0,3.2207393646240234,3.218557596206665,-0.0021817684173583984
31,28,80,117.0,4.315102577209473,4.310863971710205,-0.004238605499267578
31,28,81,89.0,3.6350255012512207,3.630032539367676,-0.004992961883544922
31,28,82,291.0,3.772111177444458,3.770946502685547,-0.0011646747589111328
31,28,83,93.0,3.43058443069458,3.4295077323913574,-0.0010766983032226562
31,28,84,228.0,2.4015636444091797,2.3981826305389404,-0.003381013870239258
31,28,85,131.0,2.8454298973083496,2.8438072204589844,-0.0016226768493652344
31,28,86,191.0,4.341160774230957,4.339095592498779,-0.0020651817321777344
31,28,87,238.0,5.110036849975586,5.108633518218994,-0.0014033317565917969
31,28,88,210.0,3.3413021564483643,3.343667984008789,0.0023658275604248047
31,28,89,107.0,4.339839935302734,4.3367815017700195,-0.0030584335327148438
31,28,90,217.0,3.0681116580963135,3.0646374225616455,-0.0034742355346679688
31,28,91,199.0,3.2457942962646484,3.2462000846862793,0.0004057884216308594
31,28,92,84.0,2.6276965141296387,2.6322293281555176,0.004532814025878906
31,28,93,271.0,3.756063222885132,3.753321647644043,-0.002741575241088867
31,28,94,226.0,3.251934289932251,3.253532648086548,0.001598358154296875
31,28,95,258.0,3.875674247741699,3.8787529468536377,0.0030786991119384766
31,28,96,86.0,3.585750102996826,3.585111379623413,-0.0006387233734130859
31,28,97,142.0,4.497574806213379,4.496192932128906,-0.0013818740844726562
31,28,98,42.0,3.347982168197632,3.348843574523926,0.0008614063262939453
31,28,99,224.0,2.679133892059326,2.67807936668396,-0.001054525375366211
31,28,100,197.0,2.196375608444214,2.1952502727508545,-0.001125335693359375
31,28,101,85.0,2.568619728088379,2.5655064582824707,-0.003113269805908203
31,28,102,195.0,3.2174572944641113,3.21905517578125,0.0015978813171386719
31,28,103,102.0,3.6202828884124756,3.6206066608428955,0.0003237724304199219
31,28,104,181.0,3.483546018600464,3.482579469680786,-0.0009665489196777344
31,28,105,72.0,2.1719796657562256,2.167937755584717,-0.004041910171508789
31,28,106,130.0,4.735745906829834,4.734925270080566,-0.0008206367492675781
31,28,107,62.0,2.6150100231170654,2.6061313152313232,-0.008878707885742188
31,28,108,263.0,3.6819097995758057,3.6831607818603516,0.0012509822845458984
31,28,109,194.0,2.822662115097046,2.8204619884490967,-0.0022001266479492188
31,28,110,174.0,2.753187417984009,2.7542130947113037,0.0010256767272949219
31,28,111,235.0,4.053600788116455,4.050381660461426,-0.003219127655029297
31,28,112,143.0,4.031272888183594,4.030840873718262,-0.00043201446533203125
31,28,113,117.0,4.415828704833984,4.414566993713379,-0.0012617111206054688
31,28,114,160.0,3.988440990447998,3.9913489818573,0.002907991409301758
31,28,115,115.0,3.474060297012329,3.4777896404266357,0.0037293434143066406
31,28,116,120.0,3.551665782928467,3.548513889312744,-0.0031518936157226562
31,28,117,186.0,3.7136735916137695,3.713132381439209,-0.0005412101745605469
31,28,118,138.0,3.1632800102233887,3.161541700363159,-0.0017383098602294922
31,28,119,80.0,2.3273348808288574,2.3245174884796143,-0.002817392349243164
31,28,120,164.0,2.849583864212036,2.853222370147705,0.0036385059356689453
31,28,121,215.0,3.761408567428589,3.7584636211395264,-0.0029449462890625
31,28,122,81.0,3.2764456272125244,3.276473045349121,2.7418136596679688e-05
31,28,123,171.0,3.1637179851531982,3.1652629375457764,0.001544952392578125
31,28,124,41.0,5.6693196296691895,5.6732378005981445,0.003918170928955078
31,28,125,103.0,3.8813576698303223,3.8805150985717773,-0.0008425712585449219
31,28,126,145.0,3.006119966506958,3.00327467918396,-0.002845287322998047
31,28,127,102.0,2.92803955078125,2.9284141063690186,0.0003745555877685547
31,29,0,196.0,3.6189582347869873,3.611246109008789,-0.007712125778198242
31,29,1,127.0,3.22214412689209,3.219904899597168,-0.002239227294921875
31,29,2,162.0,2.2713801860809326,2.2713513374328613,-2.8848648071289062e-05
31,29,3,92.0,4.133184909820557,4.128167152404785,-0.005017757415771484
31,29,4,194.0,3.299353837966919,3.2946903705596924,-0.0046634674072265625
31,29,5,115.0,2.8214778900146484,2.8239383697509766,0.002460479736328125
31,29,6,109.0,4.325214862823486,4.331845760345459,0.006630897521972656
31,29,7,48.0,3.449648857116699,3.4565765857696533,0.0069277286529541016
31,29,8,69.0,3.7256877422332764,3.729583263397217,0.0038955211639404297
31,29,9,85.0,3.190195322036743,3.182036876678467,-0.008158445358276367
31,29,10,238.0,2.782064914703369,2.784672498703003,0.002607583999633789
31,29,11,233.0,2.6044344902038574,2.6093766689300537,0.004942178726196289
31,29,12,208.0,3.147305488586426,3.1486880779266357,0.001382589340209961
31,29,13,196.0,2.917774200439453,2.921160936355591,0.0033867359161376953
31,29,14,131.0,3.2567384243011475,3.2563443183898926,-0.0003941059112548828
31,29,15,125.0,2.790242910385132,2.7872231006622314,-0.0030198097229003906
31,29,16,61.0,4.113956451416016,4.111634731292725,-0.0023217201232910156
31,29,17,164.0,2.230290412902832,2.2322747707366943,0.0019843578338623047
31,29,18,107.0,3.345957040786743,3.349574089050293,0.0036170482635498047
31,29,19,48.0,3.959183692932129,3.9544765949249268,-0.0047070980072021484
31,29,20,74.0,2.182640314102173,2.1850204467773438,0.0023801326751708984
31,29,21,103.0,2.7647080421447754,2.765063762664795,0.00035572052001953125
31,29,22,114.0,3.4331488609313965,3.439016342163086,0.005867481231689453
31,29,23,50.0,5.562728404998779,5.559976100921631,-0.0027523040771484375
31,29,24,281.0,2.4593505859375,2.4594035148620605,5.2928924560546875e-05
31,29,25,247.0,2.162877321243286,2.1652441024780273,0.002366781234741211
31,29,26,173.0,3.780362606048584,3.781421184539795,0.0010585784912109375
31,29,27,166.0,3.268761396408081,3.272315263748169,0.0035538673400878906
31,29,28,98.0,2.8850836753845215,2.8856661319732666,0.0005824565887451172
31,29,29,174.0,3.2879021167755127,3.287384271621704,-0.0005178451538085938
31,29,30,173.0,3.087313413619995,3.0901570320129395,0.002843618392944336
31,29,31,215.0,3.7688708305358887,3.766803741455078,-0.002067089080810547
31,29,32,186.0,2.7773280143737793,2.7806289196014404,0.003300905227661133
31,29,33,153.0,2.610452890396118,2.604900598526001,-0.0055522918701171875
31,29,34,147.0,3.096090793609619,3.093388557434082,-0.0027022361755371094
31,29,35,50.0,4.262930870056152,4.2712016105651855,0.008270740509033203
31,29,36,86.0,2.5445685386657715,2.5516915321350098,0.007122993469238281
31,29,37,154.0,4.032649040222168,4.031379222869873,-0.0012698173522949219
31,29,38,265.0,2.685051679611206,2.688293695449829,0.003242015838623047
31,29,39,199.0,3.442211389541626,3.4427287578582764,0.0005173683166503906
31,29,40,138.0,3.036294937133789,3.0356287956237793,-0.0006661415100097656
31,29,41,98.0,3.56339955329895,3.563343048095703,-5.650520324707031e-05
31,29,42,167.0,2.791276693344116,2.793191432952881,0.0019147396087646484
31,29,43,288.0,3.996307849884033,3.993143320083618,-0.003164529800415039
31,29,44,225.0,2.764963150024414,2.763493299484253,-0.0014698505401611328
31,29,45,191.0,3.2674989700317383,3.271550178527832,0.00405120849609375
31,29,46,92.0,4.787234783172607,4.786248683929443,-0.0009860992431640625
31,29,47,41.0,5.17321252822876,5.17647647857666,0.0032639503479003906
31,29,48,231.0,3.050201892852783,3.0479984283447266,-0.0022034645080566406
31,29,49,101.0,2.2807674407958984,2.2807838916778564,1.6450881958007812e-05
31,29,50,177.0,3.28656005859375,3.2846920490264893,-0.0018680095672607422
31,29,51,252.0,3.729534387588501,3.727477550506592,-0.0020568370819091797
31,29,52,259.0,3.0285918712615967,3.028123140335083,-0.0004687309265136719
31,29,53,47.0,3.0469322204589844,3.0510053634643555,0.004073143005371094
31,29,54,164.0,2.354414463043213,2.3529412746429443,-0.0014731884002685547
31,29,55,94.0,3.564063310623169,3.5635323524475098,-0.0005309581756591797
31,29,56,103.0,3.668520927429199,3.6683101654052734,-0.00021076202392578125
31,29,57,78.0,3.6771252155303955,3.6796088218688965,0.0024836063385009766
31,29,58,239.0,3.4083893299102783,3.409048080444336,0.0006587505340576172
31,29,59,271.0,4.502346992492676,4.5022478103637695,-9.918212890625e-05
31,29,60,162.0,3.0323004722595215,3.0283565521240234,-0.003943920135498047
31,29,61,179.0,3.618516206741333,3.6160659790039062,-0.002450227737426758
31,29,62,218.0,2.710827112197876,2.710257053375244,-0.0005700588226318359
31,29,63,81.0,3.249349355697632,3.250814437866211,0.0014650821685791016
31,29,64,93.0,3.696587085723877,3.6973965167999268,0.0008094310760498047
31,29,65,72.0,3.9958338737487793,3.9891395568847656,-0.006694316864013672
31,29,66,230.0,3.6442677974700928,3.6434671878814697,-0.0008006095886230469
31,29,67,99.0,2.919395685195923,2.909090995788574,-0.010304689407348633
31,29,68,213.0,2.9106554985046387,2.905036449432373,-0.005619049072265625
31,29,69,119.0,2.7914681434631348,2.7927823066711426,0.0013141632080078125
31,29,70,161.0,3.1008999347686768,3.0970335006713867,-0.003866434097290039
31,29,71,90.0,4.010181903839111,4.008425712585449,-0.0017561912536621094
31,29,72,181.0,3.0067594051361084,3.0088272094726562,0.0020678043365478516
31,29,73,95.0,4.08024787902832,4.07737398147583,-0.0028738975524902344
31,29,74,245.0,2.442718744277954,2.4395065307617188,-0.0032122135162353516
31,29,75,93.0,2.114382266998291,2.116976261138916,0.002593994140625
31,29,76,225.0,2.825653553009033,2.821796417236328,-0.003857135772705078
31,29,77,61.0,3.338794708251953,3.345801591873169,0.00700688362121582
31,29,78,257.0,3.9624106884002686,3.9601643085479736,-0.002246379852294922
31,29,79,165.0,3.2207393646240234,3.2210285663604736,0.0002892017364501953
31,29,80,117.0,4.315102577209473,4.312470436096191,-0.00263214111328125
31,29,81,89.0,3.6350255012512207,3.6344566345214844,-0.0005688667297363281
31,29,82,291.0,3.772111177444458,3.76847505569458,-0.0036361217498779297
31,29,83,93.0,3.43058443069458,3.429229974746704,-0.0013544559478759766
31,29,84,228.0,2.4015636444091797,2.4036073684692383,0.0020437240600585938
31,29,85,131.0,2.8454298973083496,2.841749668121338,-0.0036802291870117188
31,29,86,191.0,4.341160774230957,4.339633941650391,-0.0015268325805664062
31,29,87,238.0,5.110036849975586,5.108683109283447,-0.0013537406921386719
31,29,88,210.0,3.3413021564483643,3.341672420501709,0.00037026405334472656
31,29,89,107.0,4.339839935302734,4.340963363647461,0.0011234283447265625
31,29,90,217.0,3.0681116580963135,3.0654115676879883,-0.0027000904083251953
31,29,91,199.0,3.2457942962646484,3.2486793994903564,0.002885103225708008
31,29,92,84.0,2.6276965141296387,2.6331076622009277,0.0054111480712890625
31,29,93,271.0,3.756063222885132,3.7553184032440186,-0.0007448196411132812
31,29,94,226.0,3.251934289932251,3.25089693069458,-0.0010373592376708984
31,29,95,258.0,3.875674247741699,3.876713752746582,0.0010395050048828125
31,29,96,86.0,3.585750102996826,3.5852959156036377,-0.00045418739318847656
31,29,97,142.0,4.497574806213379,4.492485523223877,-0.005089282989501953
31,29,98,42.0,3.347982168197632,3.347721576690674,-0.0002605915069580078
31,29,99,224.0,2.679133892059326,2.679018497467041,-0.00011539459228515625
31,29,100,197.0,2.196375608444214,2.1962926387786865,-8.296966552734375e-05
31,29,101,85.0,2.568619728088379,2.565725564956665,-0.002894163131713867
31,29,102,195.0,3.2174572944641113,3.2148056030273438,-0.002651691436767578
31,29,103,102.0,3.6202828884124756,3.6201112270355225,-0.000171661376953125
31,29,104,181.0,3.483546018600464,3.4876527786254883,0.004106760025024414
31,29,105,72.0,2.1719796657562256,2.165194034576416,-0.00678563117980957
31,29,106,130.0,4.735745906829834,4.735878944396973,0.00013303756713867188
31,29,107,62.0,2.6150100231170654,2.615142583847046,0.00013256072998046875
31,29,108,263.0,3.6819097995758057,3.67873215675354,-0.003177642822265625
31,29,109,194.0,2.822662115097046,2.817819595336914,-0.004842519760131836
31,29,110,174.0,2.753187417984009,2.750332832336426,-0.002854585647583008
31,29,111,235.0,4.053600788116455,4.053590774536133,-1.0013580322265625e-05
31,29,112,143.0,4.031272888183594,4.029583930969238,-0.0016889572143554688
31,29,113,117.0,4.415828704833984,4.413870334625244,-0.0019583702087402344
31,29,114,160.0,3.988440990447998,3.987328290939331,-0.0011126995086669922
31,29,115,115.0,3.474060297012329,3.478579044342041,0.004518747329711914
31,29,116,120.0,3.551665782928467,3.5538666248321533,0.0022008419036865234
31,29,117,186.0,3.7136735916137695,3.7127645015716553,-0.0009090900421142578
31,29,118,138.0,3.1632800102233887,3.1647932529449463,0.0015132427215576172
31,29,119,80.0,2.3273348808288574,2.3209807872772217,-0.006354093551635742
31,29,120,164.0,2.849583864212036,2.853332996368408,0.0037491321563720703
31,29,121,215.0,3.761408567428589,3.760632038116455,-0.0007765293121337891
31,29,122,81.0,3.2764456272125244,3.271371364593506,-0.005074262619018555
31,29,123,171.0,3.1637179851531982,3.1655733585357666,0.0018553733825683594
31,29,124,41.0,5.6693196296691895,5.6827874183654785,0.013467788696289062
31,29,125,103.0,3.8813576698303223,3.879410743713379,-0.0019469261169433594
31,29,126,145.0,3.006119966506958,3.005516290664673,-0.0006036758422851562
31,29,127,102.0,2.92803955078125,2.92569637298584,-0.0023431777954101562
31,30,0,196.0,3.6189582347869873,3.612370014190674,-0.0065882205963134766
31,30,1,127.0,3.22214412689209,3.2154815196990967,-0.006662607192993164
31,30,2,162.0,2.2713801860809326,2.261772632598877,-0.009607553482055664
31,30,3,92.0,4.133184909820557,4.13156795501709,-0.0016169548034667969
31,30,4,194.0,3.299353837966919,3.2967467308044434,-0.002607107162475586
31,30,5,115.0,2.8214778900146484,2.827906370162964,0.00642848014831543
31,30,6,109.0,4.325214862823486,4.326502323150635,0.0012874603271484375
31,30,7,48.0,3.449648857116699,3.448146104812622,-0.0015027523040771484
31,30,8,69.0,3.7256877422332764,3.733954906463623,0.00826716423034668
31,30,9,85.0,3.190195322036743,3.188413381576538,-0.0017819404602050781
31,30,10,238.0,2.782064914703369,2.782177209854126,0.00011229515075683594
31,30,11,233.0,2.6044344902038574,2.6083130836486816,0.0038785934448242188
31,30,12,208.0,3.147305488586426,3.1487679481506348,0.0014624595642089844
31,30,13,196.0,2.917774200439453,2.9201149940490723,0.0023407936096191406
31,30,14,131.0,3.2567384243011475,3.2562506198883057,-0.0004878044128417969
31,30,15,125.0,2.790242910385132,2.7895312309265137,-0.0007116794586181641
31,30,16,61.0,4.113956451416016,4.110725402832031,-0.003231048583984375
31,30,17,164.0,2.230290412902832,2.226684808731079,-0.0036056041717529297
31,30,18,107.0,3.345957040786743,3.3490567207336426,0.003099679946899414
31,30,19,48.0,3.959183692932129,3.967155694961548,0.007972002029418945
31,30,20,74.0,2.182640314102173,2.194981098175049,0.012340784072875977
31,30,21,103.0,2.7647080421447754,2.7745485305786133,0.00984048843383789
31,30,22,114.0,3.4331488609313965,3.4357359409332275,0.0025870800018310547
31,30,23,50.0,5.562728404998779,5.568162441253662,0.0054340362548828125
31,30,24,281.0,2.4593505859375,2.4549312591552734,-0.0044193267822265625
31,30,25,247.0,2.162877321243286,2.164543867111206,0.0016665458679199219
31,30,26,173.0,3.780362606048584,3.787177085876465,0.006814479827880859
31,30,27,166.0,3.268761396408081,3.267866849899292,-0.0008945465087890625
31,30,28,98.0,2.8850836753845215,2.885392427444458,0.00030875205993652344
31,30,29,174.0,3.2879021167755127,3.286574125289917,-0.0013279914855957031
31,30,30,173.0,3.087313413619995,3.088531017303467,0.0012176036834716797
31,30,31,215.0,3.7688708305358887,3.7682015895843506,-0.0006692409515380859
31,30,32,186.0,2.7773280143737793,2.7752151489257812,-0.002112865447998047
31,30,33,153.0,2.610452890396118,2.6038155555725098,-0.0066373348236083984
31,30,34,147.0,3.096090793609619,3.09529447555542,-0.0007963180541992188
31,30,35,50.0,4.262930870056152,4.252634048461914,-0.010296821594238281
31,30,36,86.0,2.5445685386657715,2.5533523559570312,0.008783817291259766
31,30,37,154.0,4.032649040222168,4.034124374389648,0.0014753341674804688
31,30,38,265.0,2.685051679611206,2.682952880859375,-0.0020987987518310547
31,30,39,199.0,3.442211389541626,3.439709186553955,-0.0025022029876708984
31,30,40,138.0,3.036294937133789,3.040865659713745,0.004570722579956055
31,30,41,98.0,3.56339955329895,3.5664925575256348,0.0030930042266845703
31,30,42,167.0,2.791276693344116,2.79455304145813,0.003276348114013672
31,30,43,288.0,3.996307849884033,3.9971160888671875,0.0008082389831542969
31,30,44,225.0,2.764963150024414,2.7626185417175293,-0.0023446083068847656
31,30,45,191.0,3.2674989700317383,3.268646717071533,0.0011477470397949219
31,30,46,92.0,4.787234783172607,4.782954216003418,-0.004280567169189453
31,30,47,41.0,5.17321252822876,5.172341346740723,-0.0008711814880371094
31,30,48,231.0,3.050201892852783,3.0485105514526367,-0.0016913414001464844
31,30,49,101.0,2.2807674407958984,2.284550666809082,0.0037832260131835938
31,30,50,177.0,3.28656005859375,3.2867491245269775,0.00018906593322753906
31,30,51,252.0,3.729534387588501,3.72971248626709,0.0001780986785888672
31,30,52,259.0,3.0285918712615967,3.026780605316162,-0.0018112659454345703
31,30,53,47.0,3.0469322204589844,3.0505495071411133,0.0036172866821289062
31,30,54,164.0,2.354414463043213,2.3537991046905518,-0.0006153583526611328
31,30,55,94.0,3.564063310623169,3.5554003715515137,-0.008662939071655273
31,30,56,103.0,3.668520927429199,3.6718215942382812,0.0033006668090820312
31,30,57,78.0,3.6771252155303955,3.671743631362915,-0.005381584167480469
31,30,58,239.0,3.4083893299102783,3.4067888259887695,-0.001600503921508789
31,30,59,271.0,4.502346992492676,4.503562927246094,0.0012159347534179688
31,30,60,162.0,3.0323004722595215,3.0283772945404053,-0.003923177719116211
31,30,61,179.0,3.618516206741333,3.6229755878448486,0.004459381103515625
31,30,62,218.0,2.710827112197876,2.712906837463379,0.0020797252655029297
31,30,63,81.0,3.249349355697632,3.2522802352905273,0.002930879592895508
31,30,64,93.0,3.696587085723877,3.70117449760437,0.004587411880493164
31,30,65,72.0,3.9958338737487793,3.9880659580230713,-0.007767915725708008
31,30,66,230.0,3.6442677974700928,3.6463100910186768,0.0020422935485839844
31,30,67,99.0,2.919395685195923,2.9125821590423584,-0.006813526153564453
31,30,68,213.0,2.9106554985046387,2.9095823764801025,-0.0010731220245361328
31,30,69,119.0,2.7914681434631348,2.790537118911743,-0.0009310245513916016
31,30,70,161.0,3.1008999347686768,3.098649024963379,-0.0022509098052978516
31,30,71,90.0,4.010181903839111,4.012262344360352,0.0020804405212402344
31,30,72,181.0,3.0067594051361084,3.009943723678589,0.0031843185424804688
31,30,73,95.0,4.08024787902832,4.0758867263793945,-0.004361152648925781
31,30,74,245.0,2.442718744277954,2.4439518451690674,0.0012331008911132812
31,30,75,93.0,2.114382266998291,2.1189751625061035,0.0045928955078125
31,30,76,225.0,2.825653553009033,2.823269844055176,-0.002383708953857422
31,30,77,61.0,3.338794708251953,3.3423304557800293,0.003535747528076172
31,30,78,257.0,3.9624106884002686,3.96305513381958,0.0006444454193115234
31,30,79,165.0,3.2207393646240234,3.2266697883605957,0.005930423736572266
31,30,80,117.0,4.315102577209473,4.314220428466797,-0.0008821487426757812
31,30,81,89.0,3.6350255012512207,3.6354591846466064,0.0004336833953857422
31,30,82,291.0,3.772111177444458,3.771127462387085,-0.0009837150573730469
31,30,83,93.0,3.43058443069458,3.4345474243164062,0.003962993621826172
31,30,84,228.0,2.4015636444091797,2.4015915393829346,2.7894973754882812e-05
31,30,85,131.0,2.8454298973083496,2.8443257808685303,-0.001104116439819336
31,30,86,191.0,4.341160774230957,4.343096733093262,0.0019359588623046875
31,30,87,238.0,5.110036849975586,5.112260341644287,0.002223491668701172
31,30,88,210.0,3.3413021564483643,3.3482635021209717,0.006961345672607422
31,30,89,107.0,4.339839935302734,4.343486309051514,0.003646373748779297
31,30,90,217.0,3.0681116580963135,3.065497636795044,-0.0026140213012695312
31,30,91,199.0,3.2457942962646484,3.2471561431884766,0.001361846923828125
31,30,92,84.0,2.6276965141296387,2.6220028400421143,-0.005693674087524414
31,30,93,271.0,3.756063222885132,3.7611544132232666,0.005091190338134766
31,30,94,226.0,3.251934289932251,3.2510786056518555,-0.0008556842803955078
31,30,95,258.0,3.875674247741699,3.8794145584106445,0.0037403106689453125
31,30,96,86.0,3.585750102996826,3.593719244003296,0.007969141006469727
31,30,97,142.0,4.497574806213379,4.4986395835876465,0.0010647773742675781
31,30,98,42.0,3.347982168197632,3.343263626098633,-0.0047185420989990234
31,30,99,224.0,2.679133892059326,2.6795103549957275,0.0003764629364013672
31,30,100,197.0,2.196375608444214,2.1949644088745117,-0.0014111995697021484
31,30,101,85.0,2.568619728088379,2.557649612426758,-0.010970115661621094
31,30,102,195.0,3.2174572944641113,3.2174630165100098,5.7220458984375e-06
31,30,103,102.0,3.6202828884124756,3.620870590209961,0.0005877017974853516
31,30,104,181.0,3.483546018600464,3.487269639968872,0.003723621368408203
31,30,105,72.0,2.1719796657562256,2.170729160308838,-0.0012505054473876953
31,30,106,130.0,4.735745906829834,4.7436347007751465,0.0078887939453125
31,30,107,62.0,2.6150100231170654,2.613091468811035,-0.0019185543060302734
31,30,108,263.0,3.6819097995758057,3.686124324798584,0.00421452522277832
31,30,109,194.0,2.822662115097046,2.821922779083252,-0.0007393360137939453
31,30,110,174.0,2.753187417984009,2.755295991897583,0.0021085739135742188
31,30,111,235.0,4.053600788116455,4.061089992523193,0.007489204406738281
31,30,112,143.0,4.031272888183594,4.037274360656738,0.006001472473144531
31,30,113,117.0,4.415828704833984,4.419286251068115,0.0034575462341308594
31,30,114,160.0,3.988440990447998,3.988321304321289,-0.00011968612670898438
31,30,115,115.0,3.474060297012329,3.4718308448791504,-0.002229452133178711
31,30,116,120.0,3.551665782928467,3.5554816722869873,0.003815889358520508
31,30,117,186.0,3.7136735916137695,3.712270498275757,-0.0014030933380126953
31,30,118,138.0,3.1632800102233887,3.1648006439208984,0.0015206336975097656
31,30,119,80.0,2.3273348808288574,2.330399513244629,0.0030646324157714844
31,30,120,164.0,2.849583864212036,2.8556644916534424,0.00608062744140625
31,30,121,215.0,3.761408567428589,3.7602407932281494,-0.0011677742004394531
31,30,122,81.0,3.2764456272125244,3.2834887504577637,0.007043123245239258
31,30,123,171.0,3.1637179851531982,3.1698215007781982,0.006103515625
31,30,124,41.0,5.6693196296691895,5.673726558685303,0.004406929016113281
31,30,125,103.0,3.8813576698303223,3.882920265197754,0.0015625953674316406
31,30,126,145.0,3.006119966506958,3.0069868564605713,0.0008668899536132812
31,30,127,102.0,2.92803955078125,2.9286506175994873,0.0006110668182373047
31,31,0,196.0,3.6189582347869873,3.612760543823242,-0.006197690963745117
31,31,1,127.0,3.22214412689209,3.2214090824127197,-0.0007350444793701172
31,31,2,162.0,2.2713801860809326,2.2694904804229736,-0.0018897056579589844
31,31,3,92.0,4.133184909820557,4.132815361022949,-0.0003695487976074219
31,31,4,194.0,3.299353837966919,3.299318313598633,-3.552436828613281e-05
31,31,5,115.0,2.8214778900146484,2.8202695846557617,-0.0012083053588867188
31,31,6,109.0,4.325214862823486,4.3230390548706055,-0.0021758079528808594
31,31,7,48.0,3.449648857116699,3.4477717876434326,-0.0018770694732666016
31,31,8,69.0,3.7256877422332764,3.7288331985473633,0.003145456314086914
31,31,9,85.0,3.190195322036743,3.1904354095458984,0.00024008750915527344
31,31,10,238.0,2.782064914703369,2.7859907150268555,0.003925800323486328
31,31,11,233.0,2.6044344902038574,2.6062588691711426,0.0018243789672851562
31,31,12,208.0,3.147305488586426,3.145108699798584,-0.002196788787841797
31,31,13,196.0,2.917774200439453,2.918205738067627,0.0004315376281738281
31,31,14,131.0,3.2567384243011475,3.2564492225646973,-0.0002892017364501953
31,31,15,125.0,2.790242910385132,2.78764009475708,-0.002602815628051758
31,31,16,61.0,4.113956451416016,4.110564231872559,-0.0033922195434570312
31,31,17,164.0,2.230290412902832,2.229771375656128,-0.0005190372467041016
31,31,18,107.0,3.345957040786743,3.3490304946899414,0.003073453903198242
31,31,19,48.0,3.959183692932129,3.9561269283294678,-0.003056764602661133
31,31,20,74.0,2.182640314102173,2.1827521324157715,0.00011181831359863281
31,31,21,103.0,2.7647080421447754,2.7663486003875732,0.0016405582427978516
31,31,22,114.0,3.4331488609313965,3.434349298477173,0.0012004375457763672
31,31,23,50.0,5.562728404998779,5.564485549926758,0.0017571449279785156
31,31,24,281.0,2.4593505859375,2.4569456577301025,-0.002404928207397461
31,31,25,247.0,2.162877321243286,2.1653809547424316,0.002503633499145508
31,31,26,173.0,3.780362606048584,3.782712459564209,0.002349853515625
31,31,27,166.0,3.268761396408081,3.2733662128448486,0.004604816436767578
31,31,28,98.0,2.8850836753845215,2.8815650939941406,-0.0035185813903808594
31,31,29,174.0,3.2879021167755127,3.2852323055267334,-0.002669811248779297
31,31,30,173.0,3.087313413619995,3.086463212966919,-0.0008502006530761719
31,31,31,215.0,3.7688708305358887,3.765777826309204,-0.0030930042266845703
31,31,32,186.0,2.7773280143737793,2.7742056846618652,-0.0031223297119140625
31,31,33,153.0,2.610452890396118,2.6079232692718506,-0.002529621124267578
31,31,34,147.0,3.096090793609619,3.0928077697753906,-0.0032830238342285156
31,31,35,50.0,4.262930870056152,4.252869129180908,-0.01006174087524414
31,31,36,86.0,2.5445685386657715,2.5402350425720215,-0.00433349609375
31,31,37,154.0,4.032649040222168,4.030755519866943,-0.0018935203552246094
31,31,38,265.0,2.685051679611206,2.684967279434204,-8.440017700195312e-05
31,31,39,199.0,3.442211389541626,3.442110061645508,-0.00010132789611816406
31,31,40,138.0,3.036294937133789,3.037656307220459,0.0013613700866699219
31,31,41,98.0,3.56339955329895,3.5639984607696533,0.000598907470703125
31,31,42,167.0,2.791276693344116,2.790837526321411,-0.0004391670227050781
31,31,43,288.0,3.996307849884033,3.9957873821258545,-0.0005204677581787109
31,31,44,225.0,2.764963150024414,2.7627274990081787,-0.0022356510162353516
31,31,45,191.0,3.2674989700317383,3.2723453044891357,0.004846334457397461
31,31,46,92.0,4.787234783172607,4.780961513519287,-0.0062732696533203125
31,31,47,41.0,5.17321252822876,5.171175479888916,-0.00203704833984375
31,31,48,231.0,3.050201892852783,3.046265125274658,-0.003936767578125
31,31,49,101.0,2.2807674407958984,2.2774548530578613,-0.0033125877380371094
31,31,50,177.0,3.28656005859375,3.2834503650665283,-0.0031096935272216797
31,31,51,252.0,3.729534387588501,3.727635145187378,-0.0018992424011230469
31,31,52,259.0,3.0285918712615967,3.0293562412261963,0.0007643699645996094
31,31,53,47.0,3.0469322204589844,3.0533790588378906,0.00644683837890625
31,31,54,164.0,2.354414463043213,2.354807138442993,0.00039267539978027344
31,31,55,94.0,3.564063310623169,3.5608742237091064,-0.0031890869140625
31,31,56,103.0,3.668520927429199,3.6686928272247314,0.00017189979553222656
31,31,57,78.0,3.6771252155303955,3.6808502674102783,0.0037250518798828125
31,31,58,239.0,3.4083893299102783,3.407614231109619,-0.0007750988006591797
31,31,59,271.0,4.502346992492676,4.503613471984863,0.0012664794921875
31,31,60,162.0,3.0323004722595215,3.0300710201263428,-0.002229452133178711
31,31,61,179.0,3.618516206741333,3.6199679374694824,0.001451730728149414
31,31,62,218.0,2.710827112197876,2.714392900466919,0.0035657882690429688
31,31,63,81.0,3.249349355697632,3.2466328144073486,-0.002716541290283203
31,31,64,93.0,3.696587085723877,3.6965861320495605,-9.5367431640625e-07
31,31,65,72.0,3.9958338737487793,3.9930408000946045,-0.0027930736541748047
31,31,66,230.0,3.6442677974700928,3.6459827423095703,0.001714944839477539
31,31,67,99.0,2.919395685195923,2.9142062664031982,-0.005189418792724609
31,31,68,213.0,2.9106554985046387,2.910034656524658,-0.0006208419799804688
31,31,69,119.0,2.7914681434631348,2.792889356613159,0.001421213150024414
31,31,70,161.0,3.1008999347686768,3.1012043952941895,0.0003044605255126953
31,31,71,90.0,4.010181903839111,4.004890441894531,-0.005291461944580078
31,31,72,181.0,3.0067594051361084,3.0075812339782715,0.0008218288421630859
31,31,73,95.0,4.08024787902832,4.080936908721924,0.0006890296936035156
31,31,74,245.0,2.442718744277954,2.4402410984039307,-0.0024776458740234375
31,31,75,93.0,2.114382266998291,2.122042655944824,0.007660388946533203
31,31,76,225.0,2.825653553009033,2.8259527683258057,0.00029921531677246094
31,31,77,61.0,3.338794708251953,3.3479135036468506,0.009118795394897461
31,31,78,257.0,3.9624106884002686,3.9645094871520996,0.0020987987518310547
31,31,79,165.0,3.2207393646240234,3.221330404281616,0.0005910396575927734
31,31,80,117.0,4.315102577209473,4.31473445892334,-0.0003681182861328125
31,31,81,89.0,3.6350255012512207,3.636326789855957,0.0013012886047363281
31,31,82,291.0,3.772111177444458,3.7681846618652344,-0.003926515579223633
31,31,83,93.0,3.43058443069458,3.4339239597320557,0.003339529037475586
31,31,84,228.0,2.4015636444091797,2.3942973613739014,-0.00726628303527832
31,31,85,131.0,2.8454298973083496,2.8457655906677246,0.000335693359375
31,31,86,191.0,4.341160774230957,4.339930534362793,-0.0012302398681640625
31,31,87,238.0,5.110036849975586,5.108290195465088,-0.0017466545104980469
31,31,88,210.0,3.3413021564483643,3.3417787551879883,0.00047659873962402344
31,31,89,107.0,4.339839935302734,4.3484392166137695,0.008599281311035156
31,31,90,217.0,3.0681116580963135,3.062892436981201,-0.005219221115112305
31,31,91,199.0,3.2457942962646484,3.246500253677368,0.0007059574127197266
31,31,92,84.0,2.6276965141296387,2.631251573562622,0.0035550594329833984
31,31,93,271.0,3.756063222885132,3.7597930431365967,0.0037298202514648438
31,31,94,226.0,3.251934289932251,3.2515454292297363,-0.00038886070251464844
31,31,95,258.0,3.875674247741699,3.8770008087158203,0.0013265609741210938
31,31,96,86.0,3.585750102996826,3.5908427238464355,0.005092620849609375
31,31,97,142.0,4.497574806213379,4.503666400909424,0.006091594696044922
31,31,98,42.0,3.347982168197632,3.3535609245300293,0.005578756332397461
31,31,99,224.0,2.679133892059326,2.6772332191467285,-0.0019006729125976562
31,31,100,197.0,2.196375608444214,2.194021224975586,-0.0023543834686279297
31,31,101,85.0,2.568619728088379,2.5680887699127197,-0.0005309581756591797
31,31,102,195.0,3.2174572944641113,3.217484951019287,2.765655517578125e-05
31,31,103,102.0,3.6202828884124756,3.623277187347412,0.0029942989349365234
31,31,104,181.0,3.483546018600464,3.485909938812256,0.002363920211791992
31,31,105,72.0,2.1719796657562256,2.172990560531616,0.001010894775390625
31,31,106,130.0,4.735745906829834,4.738974094390869,0.0032281875610351562
31,31,107,62.0,2.6150100231170654,2.609982967376709,-0.005027055740356445
31,31,108,263.0,3.6819097995758057,3.682154417037964,0.0002446174621582031
31,31,109,194.0,2.822662115097046,2.819610834121704,-0.003051280975341797
31,31,110,174.0,2.753187417984009,2.7532339096069336,4.649162292480469e-05
31,31,111,235.0,4.053600788116455,4.054894924163818,0.0012941360473632812
31,31,112,143.0,4.031272888183594,4.032993316650391,0.001720428466796875
31,31,113,117.0,4.415828704833984,4.413915157318115,-0.0019135475158691406
31,31,114,160.0,3.988440990447998,3.9879848957061768,-0.00045609474182128906
31,31,115,115.0,3.474060297012329,3.47843074798584,0.004370450973510742
31,31,116,120.0,3.551665782928467,3.552217721939087,0.0005519390106201172
31,31,117,186.0,3.7136735916137695,3.712545394897461,-0.0011281967163085938
31,31,118,138.0,3.1632800102233887,3.1606321334838867,-0.002647876739501953
31,31,119,80.0,2.3273348808288574,2.321873188018799,-0.005461692810058594
31,31,120,164.0,2.849583864212036,2.854463577270508,0.00487971305847168
31,31,121,215.0,3.761408567428589,3.755969762802124,-0.005438804626464844
31,31,122,81.0,3.2764456272125244,3.2750861644744873,-0.0013594627380371094
31,31,123,171.0,3.1637179851531982,3.164025068283081,0.0003070831298828125
31,31,124,41.0,5.6693196296691895,5.662176609039307,-0.0071430206298828125
31,31,125,103.0,3.8813576698303223,3.8826229572296143,0.0012652873992919922
31,31,126,145.0,3.006119966506958,3.0073482990264893,0.00122833251953125
31,31,127,102.0,2.92803955078125,2.92604398727417,-0.001995563507080078
