layer,head,sample,tokens,baseline_loss,edited_loss,delta_loss
6,0,0,196.0,3.129199504852295,3.12872314453125,-0.0004763603210449219
6,0,1,127.0,2.998192548751831,2.99836802482605,0.00017547607421875
6,0,2,162.0,2.099813938140869,2.1022415161132812,0.0024275779724121094
6,0,3,92.0,3.952493190765381,3.9594368934631348,0.006943702697753906
6,0,4,194.0,2.782571315765381,2.785961866378784,0.0033905506134033203
6,0,5,115.0,2.7538414001464844,2.7508544921875,-0.002986907958984375
6,0,6,109.0,4.127994060516357,4.118954658508301,-0.00903940200805664
6,0,7,48.0,3.018592119216919,3.013543128967285,-0.005048990249633789
6,0,8,69.0,3.3226022720336914,3.3162636756896973,-0.006338596343994141
6,0,9,85.0,3.0205674171447754,3.020569324493408,1.9073486328125e-06
6,0,10,238.0,2.6267495155334473,2.6324105262756348,0.0056610107421875
6,0,11,233.0,2.4413414001464844,2.441727876663208,0.0003864765167236328
6,0,12,208.0,2.959929943084717,2.95827579498291,-0.0016541481018066406
6,0,13,196.0,2.753826141357422,2.7509875297546387,-0.002838611602783203
6,0,14,131.0,2.9712021350860596,2.9720067977905273,0.0008046627044677734
6,0,15,125.0,2.7515416145324707,2.750077724456787,-0.0014638900756835938
6,0,16,61.0,4.166540145874023,4.172694206237793,0.006154060363769531
6,0,17,164.0,1.9632303714752197,1.9597055912017822,-0.0035247802734375
6,0,18,107.0,3.135986328125,3.132781505584717,-0.003204822540283203
6,0,19,48.0,3.4995276927948,3.504971742630005,0.005444049835205078
6,0,20,74.0,1.9705148935317993,1.976122498512268,0.00560760498046875
6,0,21,103.0,2.235994577407837,2.2352259159088135,-0.0007686614990234375
6,0,22,114.0,3.2786149978637695,3.2788920402526855,0.0002770423889160156
6,0,23,50.0,5.015505313873291,5.019690990447998,0.004185676574707031
6,0,24,281.0,2.3039751052856445,2.3046953678131104,0.0007202625274658203
6,0,25,247.0,1.9686022996902466,1.9650468826293945,-0.0035554170608520508
6,0,26,173.0,3.4113833904266357,3.411750316619873,0.0003669261932373047
6,0,27,166.0,3.050419330596924,3.0507426261901855,0.00032329559326171875
6,0,28,98.0,2.611907482147217,2.61739182472229,0.005484342575073242
6,0,29,174.0,3.051379919052124,3.055325984954834,0.003946065902709961
6,0,30,173.0,2.750077724456787,2.747263193130493,-0.0028145313262939453
6,0,31,215.0,3.4014222621917725,3.4020445346832275,0.0006222724914550781
6,0,32,186.0,2.6455953121185303,2.6453464031219482,-0.00024890899658203125
6,0,33,153.0,2.4407522678375244,2.4321699142456055,-0.008582353591918945
6,0,34,147.0,2.7246551513671875,2.729703426361084,0.005048274993896484
6,0,35,50.0,4.024989604949951,4.016467571258545,-0.00852203369140625
6,0,36,86.0,2.0081088542938232,2.0202653408050537,0.012156486511230469
6,0,37,154.0,3.517357349395752,3.5244038105010986,0.00704646110534668
6,0,38,265.0,2.388361930847168,2.3892977237701416,0.0009357929229736328
6,0,39,199.0,3.1552681922912598,3.153911590576172,-0.0013566017150878906
6,0,40,138.0,2.536069631576538,2.5268781185150146,-0.009191513061523438
6,0,41,98.0,3.269590377807617,3.275785207748413,0.0061948299407958984
6,0,42,167.0,2.519949436187744,2.5179443359375,-0.0020051002502441406
6,0,43,288.0,3.7899160385131836,3.7902536392211914,0.0003376007080078125
6,0,44,225.0,2.509033441543579,2.507810354232788,-0.0012230873107910156
6,0,45,191.0,3.1287972927093506,3.1269097328186035,-0.0018875598907470703
6,0,46,92.0,4.466386795043945,4.468189239501953,0.0018024444580078125
6,0,47,41.0,4.971887588500977,4.966292381286621,-0.005595207214355469
6,0,48,231.0,2.9811513423919678,2.9844648838043213,0.0033135414123535156
6,0,49,101.0,2.116225004196167,2.1185364723205566,0.0023114681243896484
6,0,50,177.0,2.9830946922302246,2.9790596961975098,-0.004034996032714844
6,0,51,252.0,3.516876697540283,3.521636962890625,0.004760265350341797
6,0,52,259.0,2.737027645111084,2.738009452819824,0.0009818077087402344
6,0,53,47.0,1.9067243337631226,1.901381492614746,-0.005342841148376465
6,0,54,164.0,2.2345211505889893,2.227834701538086,-0.00668644905090332
6,0,55,94.0,3.3757195472717285,3.375877618789673,0.00015807151794433594
6,0,56,103.0,3.3878378868103027,3.388465166091919,0.0006272792816162109
6,0,57,78.0,3.3106584548950195,3.311887741088867,0.0012292861938476562
6,0,58,239.0,3.107602596282959,3.1026973724365234,-0.004905223846435547
6,0,59,271.0,4.418605804443359,4.414577960968018,-0.004027843475341797
6,0,60,162.0,2.9131579399108887,2.9141640663146973,0.0010061264038085938
6,0,61,179.0,3.214285135269165,3.2128233909606934,-0.0014617443084716797
6,0,62,218.0,2.5891129970550537,2.5901665687561035,0.0010535717010498047
6,0,63,81.0,3.4107165336608887,3.400449752807617,-0.010266780853271484
6,0,64,93.0,3.5013821125030518,3.5054380893707275,0.004055976867675781
6,0,65,72.0,3.358228921890259,3.3609275817871094,0.002698659896850586
6,0,66,230.0,3.3264732360839844,3.3297157287597656,0.00324249267578125
6,0,67,99.0,2.410640239715576,2.401636838912964,-0.009003400802612305
6,0,68,213.0,2.6581079959869385,2.6540637016296387,-0.004044294357299805
6,0,69,119.0,2.5800669193267822,2.581911325454712,0.0018444061279296875
6,0,70,161.0,2.929652214050293,2.9353625774383545,0.0057103633880615234
6,0,71,90.0,3.9417757987976074,3.9454033374786377,0.0036275386810302734
6,0,72,181.0,2.8265914916992188,2.828700542449951,0.002109050750732422
6,0,73,95.0,3.8289499282836914,3.835357904434204,0.006407976150512695
6,0,74,245.0,2.2537572383880615,2.2519609928131104,-0.0017962455749511719
6,0,75,93.0,1.7269396781921387,1.7330230474472046,0.006083369255065918
6,0,76,225.0,2.4448561668395996,2.4448740482330322,1.7881393432617188e-05
6,0,77,61.0,3.08821439743042,3.094456195831299,0.006241798400878906
6,0,78,257.0,3.5650999546051025,3.566030263900757,0.0009303092956542969
6,0,79,165.0,2.7435922622680664,2.7403411865234375,-0.0032510757446289062
6,0,80,117.0,4.079967498779297,4.073777675628662,-0.006189823150634766
6,0,81,89.0,3.1170668601989746,3.1211791038513184,0.00411224365234375
6,0,82,291.0,3.542208671569824,3.551435708999634,0.00922703742980957
6,0,83,93.0,3.1824769973754883,3.1804966926574707,-0.001980304718017578
6,0,84,228.0,1.8533809185028076,1.8469202518463135,-0.006460666656494141
6,0,85,131.0,2.4851677417755127,2.4854607582092285,0.0002930164337158203
6,0,86,191.0,3.915872573852539,3.9086461067199707,-0.007226467132568359
6,0,87,238.0,4.8885579109191895,4.890791893005371,0.0022339820861816406
6,0,88,210.0,2.9943952560424805,3.003903388977051,0.009508132934570312
6,0,89,107.0,4.1228203773498535,4.124508380889893,0.0016880035400390625
6,0,90,217.0,2.7718281745910645,2.7715423107147217,-0.00028586387634277344
6,0,91,199.0,3.112976312637329,3.1111204624176025,-0.0018558502197265625
6,0,92,84.0,2.381793260574341,2.374654769897461,-0.007138490676879883
6,0,93,271.0,3.5375630855560303,3.5376625061035156,9.942054748535156e-05
6,0,94,226.0,3.105239152908325,3.1007587909698486,-0.0044803619384765625
6,0,95,258.0,3.5427961349487305,3.542555332183838,-0.00024080276489257812
6,0,96,86.0,3.23514723777771,3.2328295707702637,-0.002317667007446289
6,0,97,142.0,4.2480573654174805,4.235994815826416,-0.012062549591064453
6,0,98,42.0,1.9809751510620117,1.9806162118911743,-0.00035893917083740234
6,0,99,224.0,2.4784393310546875,2.4779679775238037,-0.00047135353088378906
6,0,100,197.0,1.853989601135254,1.8553305864334106,0.0013409852981567383
6,0,101,85.0,2.4941816329956055,2.490333318710327,-0.0038483142852783203
6,0,102,195.0,3.122326612472534,3.1277143955230713,0.005387783050537109
6,0,103,102.0,3.1147775650024414,3.113429307937622,-0.001348257064819336
6,0,104,181.0,3.189467191696167,3.1858179569244385,-0.0036492347717285156
6,0,105,72.0,1.8649518489837646,1.862744688987732,-0.002207159996032715
6,0,106,130.0,4.294760227203369,4.29414176940918,-0.0006184577941894531
6,0,107,62.0,2.4163553714752197,2.4188427925109863,0.0024874210357666016
6,0,108,263.0,3.546691656112671,3.5466363430023193,-5.53131103515625e-05
6,0,109,194.0,2.697882890701294,2.695892572402954,-0.0019903182983398438
6,0,110,174.0,2.602036237716675,2.599574089050293,-0.002462148666381836
6,0,111,235.0,3.703277826309204,3.700488328933716,-0.0027894973754882812
6,0,112,143.0,3.633587121963501,3.6349995136260986,0.0014123916625976562
6,0,113,117.0,4.060715675354004,4.074650764465332,0.013935089111328125
6,0,114,160.0,3.7659225463867188,3.7657291889190674,-0.0001933574676513672
6,0,115,115.0,3.034438133239746,3.036379814147949,0.001941680908203125
6,0,116,120.0,3.3571696281433105,3.3549435138702393,-0.002226114273071289
6,0,117,186.0,3.4980924129486084,3.5061452388763428,0.008052825927734375
6,0,118,138.0,3.0037918090820312,2.9938483238220215,-0.009943485260009766
6,0,119,80.0,2.1522231101989746,2.1524829864501953,0.0002598762512207031
6,0,120,164.0,2.666628122329712,2.672389030456543,0.005760908126831055
6,0,121,215.0,3.3896234035491943,3.388460636138916,-0.0011627674102783203
6,0,122,81.0,3.035551071166992,3.036787509918213,0.0012364387512207031
6,0,123,171.0,2.9384942054748535,2.9458365440368652,0.007342338562011719
6,0,124,41.0,5.417657375335693,5.422094345092773,0.004436969757080078
6,0,125,103.0,3.7517361640930176,3.7479162216186523,-0.0038199424743652344
6,0,126,145.0,2.8366682529449463,2.8427529335021973,0.0060846805572509766
6,0,127,102.0,2.7819013595581055,2.7797019481658936,-0.002199411392211914
6,1,0,196.0,3.129199504852295,3.130009889602661,0.0008103847503662109
6,1,1,127.0,2.998192548751831,2.9946634769439697,-0.003529071807861328
6,1,2,162.0,2.099813938140869,2.1030261516571045,0.0032122135162353516
6,1,3,92.0,3.952493190765381,3.957587957382202,0.005094766616821289
6,1,4,194.0,2.782571315765381,2.7773349285125732,-0.005236387252807617
6,1,5,115.0,2.7538414001464844,2.756629467010498,0.002788066864013672
6,1,6,109.0,4.127994060516357,4.120706081390381,-0.0072879791259765625
6,1,7,48.0,3.018592119216919,3.0158634185791016,-0.002728700637817383
6,1,8,69.0,3.3226022720336914,3.3180716037750244,-0.004530668258666992
6,1,9,85.0,3.0205674171447754,3.022768974304199,0.002201557159423828
6,1,10,238.0,2.6267495155334473,2.631115198135376,0.004365682601928711
6,1,11,233.0,2.4413414001464844,2.445289373397827,0.0039479732513427734
6,1,12,208.0,2.959929943084717,2.958458185195923,-0.0014717578887939453
6,1,13,196.0,2.753826141357422,2.755242109298706,0.0014159679412841797
6,1,14,131.0,2.9712021350860596,2.969245195388794,-0.001956939697265625
6,1,15,125.0,2.7515416145324707,2.7536160945892334,0.0020744800567626953
6,1,16,61.0,4.166540145874023,4.165016174316406,-0.0015239715576171875
6,1,17,164.0,1.9632303714752197,1.9690886735916138,0.005858302116394043
6,1,18,107.0,3.135986328125,3.1420538425445557,0.006067514419555664
6,1,19,48.0,3.4995276927948,3.5042598247528076,0.0047321319580078125
6,1,20,74.0,1.9705148935317993,1.9746052026748657,0.004090309143066406
6,1,21,103.0,2.235994577407837,2.2321341037750244,-0.0038604736328125
6,1,22,114.0,3.2786149978637695,3.2724759578704834,-0.006139039993286133
6,1,23,50.0,5.015505313873291,5.011197566986084,-0.004307746887207031
6,1,24,281.0,2.3039751052856445,2.304865598678589,0.0008904933929443359
6,1,25,247.0,1.9686022996902466,1.9752109050750732,0.00660860538482666
6,1,26,173.0,3.4113833904266357,3.409393072128296,-0.0019903182983398438
6,1,27,166.0,3.050419330596924,3.048891067504883,-0.0015282630920410156
6,1,28,98.0,2.611907482147217,2.6174135208129883,0.005506038665771484
6,1,29,174.0,3.051379919052124,3.050971031188965,-0.0004088878631591797
6,1,30,173.0,2.750077724456787,2.757509469985962,0.007431745529174805
6,1,31,215.0,3.4014222621917725,3.4015533924102783,0.00013113021850585938
6,1,32,186.0,2.6455953121185303,2.652784824371338,0.007189512252807617
6,1,33,153.0,2.4407522678375244,2.4399373531341553,-0.0008149147033691406
6,1,34,147.0,2.7246551513671875,2.725423812866211,0.0007686614990234375
6,1,35,50.0,4.024989604949951,4.002111434936523,-0.022878170013427734
6,1,36,86.0,2.0081088542938232,2.009030818939209,0.0009219646453857422
6,1,37,154.0,3.517357349395752,3.5256903171539307,0.008332967758178711
6,1,38,265.0,2.388361930847168,2.389014959335327,0.0006530284881591797
6,1,39,199.0,3.1552681922912598,3.1556501388549805,0.0003819465637207031
6,1,40,138.0,2.536069631576538,2.535576581954956,-0.0004930496215820312
6,1,41,98.0,3.269590377807617,3.269840717315674,0.0002503395080566406
6,1,42,167.0,2.519949436187744,2.5218074321746826,0.0018579959869384766
6,1,43,288.0,3.7899160385131836,3.790165424346924,0.0002493858337402344
6,1,44,225.0,2.509033441543579,2.5051801204681396,-0.003853321075439453
6,1,45,191.0,3.1287972927093506,3.128523826599121,-0.0002734661102294922
6,1,46,92.0,4.466386795043945,4.4567484855651855,-0.009638309478759766
6,1,47,41.0,4.971887588500977,4.978818416595459,0.006930828094482422
6,1,48,231.0,2.9811513423919678,2.9781618118286133,-0.002989530563354492
6,1,49,101.0,2.116225004196167,2.1186447143554688,0.002419710159301758
6,1,50,177.0,2.9830946922302246,2.9836440086364746,0.00054931640625
6,1,51,252.0,3.516876697540283,3.5242390632629395,0.00736236572265625
6,1,52,259.0,2.737027645111084,2.731799840927124,-0.005227804183959961
6,1,53,47.0,1.9067243337631226,1.9057831764221191,-0.000941157341003418
6,1,54,164.0,2.2345211505889893,2.231616973876953,-0.002904176712036133
6,1,55,94.0,3.3757195472717285,3.3693230152130127,-0.00639653205871582
6,1,56,103.0,3.3878378868103027,3.3901939392089844,0.0023560523986816406
6,1,57,78.0,3.3106584548950195,3.308985471725464,-0.001672983169555664
6,1,58,239.0,3.107602596282959,3.103306770324707,-0.004295825958251953
6,1,59,271.0,4.418605804443359,4.418689250946045,8.344650268554688e-05
6,1,60,162.0,2.9131579399108887,2.90937876701355,-0.003779172897338867
6,1,61,179.0,3.214285135269165,3.2104949951171875,-0.003790140151977539
6,1,62,218.0,2.5891129970550537,2.5883381366729736,-0.0007748603820800781
6,1,63,81.0,3.4107165336608887,3.3973634243011475,-0.013353109359741211
6,1,64,93.0,3.5013821125030518,3.500837802886963,-0.0005443096160888672
6,1,65,72.0,3.358228921890259,3.354050874710083,-0.004178047180175781
6,1,66,230.0,3.3264732360839844,3.321760416030884,-0.004712820053100586
6,1,67,99.0,2.410640239715576,2.402601480484009,-0.008038759231567383
6,1,68,213.0,2.6581079959869385,2.6551461219787598,-0.002961874008178711
6,1,69,119.0,2.5800669193267822,2.582864761352539,0.002797842025756836
6,1,70,161.0,2.929652214050293,2.933706045150757,0.004053831100463867
6,1,71,90.0,3.9417757987976074,3.9422616958618164,0.0004858970642089844
6,1,72,181.0,2.8265914916992188,2.8276569843292236,0.0010654926300048828
6,1,73,95.0,3.8289499282836914,3.8356213569641113,0.006671428680419922
6,1,74,245.0,2.2537572383880615,2.251523733139038,-0.0022335052490234375
6,1,75,93.0,1.7269396781921387,1.7210620641708374,-0.0058776140213012695
6,1,76,225.0,2.4448561668395996,2.443859577178955,-0.0009965896606445312
6,1,77,61.0,3.08821439743042,3.097524642944336,0.009310245513916016
6,1,78,257.0,3.5650999546051025,3.5645246505737305,-0.0005753040313720703
6,1,79,165.0,2.7435922622680664,2.7430474758148193,-0.0005447864532470703
6,1,80,117.0,4.079967498779297,4.072079181671143,-0.007888317108154297
6,1,81,89.0,3.1170668601989746,3.1167221069335938,-0.0003447532653808594
6,1,82,291.0,3.542208671569824,3.5523195266723633,0.010110855102539062
6,1,83,93.0,3.1824769973754883,3.1757004261016846,-0.006776571273803711
6,1,84,228.0,1.8533809185028076,1.8465759754180908,-0.006804943084716797
6,1,85,131.0,2.4851677417755127,2.4882612228393555,0.0030934810638427734
6,1,86,191.0,3.915872573852539,3.9085545539855957,-0.007318019866943359
6,1,87,238.0,4.8885579109191895,4.891426086425781,0.002868175506591797
6,1,88,210.0,2.9943952560424805,3.006577491760254,0.012182235717773438
6,1,89,107.0,4.1228203773498535,4.130457878112793,0.007637500762939453
6,1,90,217.0,2.7718281745910645,2.774857521057129,0.003029346466064453
6,1,91,199.0,3.112976312637329,3.1114964485168457,-0.0014798641204833984
6,1,92,84.0,2.381793260574341,2.3743503093719482,-0.007442951202392578
6,1,93,271.0,3.5375630855560303,3.536963939666748,-0.0005991458892822266
6,1,94,226.0,3.105239152908325,3.097938299179077,-0.007300853729248047
6,1,95,258.0,3.5427961349487305,3.542294502258301,-0.0005016326904296875
6,1,96,86.0,3.23514723777771,3.2330312728881836,-0.002115964889526367
6,1,97,142.0,4.2480573654174805,4.2575483322143555,0.009490966796875
6,1,98,42.0,1.9809751510620117,1.9944528341293335,0.013477683067321777
6,1,99,224.0,2.4784393310546875,2.4861700534820557,0.007730722427368164
6,1,100,197.0,1.853989601135254,1.856673002243042,0.002683401107788086
6,1,101,85.0,2.4941816329956055,2.496356725692749,0.0021750926971435547
6,1,102,195.0,3.122326612472534,3.1194040775299072,-0.002922534942626953
6,1,103,102.0,3.1147775650024414,3.108133554458618,-0.006644010543823242
6,1,104,181.0,3.189467191696167,3.187021493911743,-0.002445697784423828
6,1,105,72.0,1.8649518489837646,1.8535499572753906,-0.011401891708374023
6,1,106,130.0,4.294760227203369,4.293339252471924,-0.0014209747314453125
6,1,107,62.0,2.4163553714752197,2.408931016921997,-0.007424354553222656
6,1,108,263.0,3.546691656112671,3.5482399463653564,0.0015482902526855469
6,1,109,194.0,2.697882890701294,2.698826789855957,0.0009438991546630859
6,1,110,174.0,2.602036237716675,2.601970911026001,-6.532669067382812e-05
6,1,111,235.0,3.703277826309204,3.7034566402435303,0.00017881393432617188
6,1,112,143.0,3.633587121963501,3.6376781463623047,0.004091024398803711
6,1,113,117.0,4.060715675354004,4.0632548332214355,0.0025391578674316406
6,1,114,160.0,3.7659225463867188,3.7693405151367188,0.00341796875
6,1,115,115.0,3.034438133239746,3.033020496368408,-0.0014176368713378906
6,1,116,120.0,3.3571696281433105,3.361395835876465,0.004226207733154297
6,1,117,186.0,3.4980924129486084,3.5030105113983154,0.004918098449707031
6,1,118,138.0,3.0037918090820312,2.999885082244873,-0.003906726837158203
6,1,119,80.0,2.1522231101989746,2.1506125926971436,-0.0016105175018310547
6,1,120,164.0,2.666628122329712,2.6672935485839844,0.0006654262542724609
6,1,121,215.0,3.3896234035491943,3.3898000717163086,0.0001766681671142578
6,1,122,81.0,3.035551071166992,3.04404616355896,0.008495092391967773
6,1,123,171.0,2.9384942054748535,2.9432601928710938,0.004765987396240234
6,1,124,41.0,5.417657375335693,5.370869159698486,-0.04678821563720703
6,1,125,103.0,3.7517361640930176,3.7429966926574707,-0.008739471435546875
6,1,126,145.0,2.8366682529449463,2.8340933322906494,-0.002574920654296875
6,1,127,102.0,2.7819013595581055,2.776738166809082,-0.0051631927490234375
6,2,0,196.0,3.129199504852295,3.1309196949005127,0.0017201900482177734
6,2,1,127.0,2.998192548751831,2.9912824630737305,-0.006910085678100586
6,2,2,162.0,2.099813938140869,2.1072535514831543,0.007439613342285156
6,2,3,92.0,3.952493190765381,3.9561562538146973,0.0036630630493164062
6,2,4,194.0,2.782571315765381,2.786391496658325,0.003820180892944336
6,2,5,115.0,2.7538414001464844,2.753474235534668,-0.00036716461181640625
6,2,6,109.0,4.127994060516357,4.119637966156006,-0.008356094360351562
6,2,7,48.0,3.018592119216919,3.0113422870635986,-0.0072498321533203125
6,2,8,69.0,3.3226022720336914,3.306636333465576,-0.015965938568115234
6,2,9,85.0,3.0205674171447754,3.01415753364563,-0.006409883499145508
6,2,10,238.0,2.6267495155334473,2.626518726348877,-0.0002307891845703125
6,2,11,233.0,2.4413414001464844,2.4392549991607666,-0.0020864009857177734
6,2,12,208.0,2.959929943084717,2.9594829082489014,-0.0004470348358154297
6,2,13,196.0,2.753826141357422,2.755537748336792,0.0017116069793701172
6,2,14,131.0,2.9712021350860596,2.9773294925689697,0.006127357482910156
6,2,15,125.0,2.7515416145324707,2.7501347064971924,-0.0014069080352783203
6,2,16,61.0,4.166540145874023,4.165213584899902,-0.0013265609741210938
6,2,17,164.0,1.9632303714752197,1.9633159637451172,8.559226989746094e-05
6,2,18,107.0,3.135986328125,3.1471939086914062,0.01120758056640625
6,2,19,48.0,3.4995276927948,3.514319658279419,0.01479196548461914
6,2,20,74.0,1.9705148935317993,1.9646812677383423,-0.005833625793457031
6,2,21,103.0,2.235994577407837,2.226611614227295,-0.009382963180541992
6,2,22,114.0,3.2786149978637695,3.2771456241607666,-0.0014693737030029297
6,2,23,50.0,5.015505313873291,5.011146068572998,-0.004359245300292969
6,2,24,281.0,2.3039751052856445,2.2972793579101562,-0.006695747375488281
6,2,25,247.0,1.9686022996902466,1.9708689451217651,0.0022666454315185547
6,2,26,173.0,3.4113833904266357,3.4102892875671387,-0.0010941028594970703
6,2,27,166.0,3.050419330596924,3.0565013885498047,0.006082057952880859
6,2,28,98.0,2.611907482147217,2.6155128479003906,0.003605365753173828
6,2,29,174.0,3.051379919052124,3.0539259910583496,0.002546072006225586
6,2,30,173.0,2.750077724456787,2.753018856048584,0.002941131591796875
6,2,31,215.0,3.4014222621917725,3.404939651489258,0.0035173892974853516
6,2,32,186.0,2.6455953121185303,2.644619941711426,-0.0009753704071044922
6,2,33,153.0,2.4407522678375244,2.4357988834381104,-0.0049533843994140625
6,2,34,147.0,2.7246551513671875,2.72568941116333,0.0010342597961425781
6,2,35,50.0,4.024989604949951,4.019351005554199,-0.005638599395751953
6,2,36,86.0,2.0081088542938232,2.016029119491577,0.007920265197753906
6,2,37,154.0,3.517357349395752,3.5180299282073975,0.0006725788116455078
6,2,38,265.0,2.388361930847168,2.389572858810425,0.001210927963256836
6,2,39,199.0,3.1552681922912598,3.1584742069244385,0.003206014633178711
6,2,40,138.0,2.536069631576538,2.531031608581543,-0.005038022994995117
6,2,41,98.0,3.269590377807617,3.2746829986572266,0.005092620849609375
6,2,42,167.0,2.519949436187744,2.521806478500366,0.0018570423126220703
6,2,43,288.0,3.7899160385131836,3.794389009475708,0.004472970962524414
6,2,44,225.0,2.509033441543579,2.5062642097473145,-0.0027692317962646484
6,2,45,191.0,3.1287972927093506,3.1405420303344727,0.01174473762512207
6,2,46,92.0,4.466386795043945,4.464051246643066,-0.0023355484008789062
6,2,47,41.0,4.971887588500977,4.978738784790039,0.0068511962890625
6,2,48,231.0,2.9811513423919678,2.986980438232422,0.0058290958404541016
6,2,49,101.0,2.116225004196167,2.118607759475708,0.0023827552795410156
6,2,50,177.0,2.9830946922302246,2.9815611839294434,-0.00153350830078125
6,2,51,252.0,3.516876697540283,3.521115303039551,0.004238605499267578
6,2,52,259.0,2.737027645111084,2.736875295639038,-0.00015234947204589844
6,2,53,47.0,1.9067243337631226,1.9058107137680054,-0.0009136199951171875
6,2,54,164.0,2.2345211505889893,2.2281408309936523,-0.006380319595336914
6,2,55,94.0,3.3757195472717285,3.370337963104248,-0.005381584167480469
6,2,56,103.0,3.3878378868103027,3.3928773403167725,0.0050394535064697266
6,2,57,78.0,3.3106584548950195,3.3149828910827637,0.004324436187744141
6,2,58,239.0,3.107602596282959,3.105632781982422,-0.0019698143005371094
6,2,59,271.0,4.418605804443359,4.417243480682373,-0.0013623237609863281
6,2,60,162.0,2.9131579399108887,2.910296678543091,-0.0028612613677978516
6,2,61,179.0,3.214285135269165,3.214062213897705,-0.00022292137145996094
6,2,62,218.0,2.5891129970550537,2.5956902503967285,0.006577253341674805
6,2,63,81.0,3.4107165336608887,3.4074881076812744,-0.003228425979614258
6,2,64,93.0,3.5013821125030518,3.501783847808838,0.0004017353057861328
6,2,65,72.0,3.358228921890259,3.35280442237854,-0.00542449951171875
6,2,66,230.0,3.3264732360839844,3.3253047466278076,-0.0011684894561767578
6,2,67,99.0,2.410640239715576,2.400620698928833,-0.010019540786743164
6,2,68,213.0,2.6581079959869385,2.659308671951294,0.0012006759643554688
6,2,69,119.0,2.5800669193267822,2.58081316947937,0.0007462501525878906
6,2,70,161.0,2.929652214050293,2.9263362884521484,-0.0033159255981445312
6,2,71,90.0,3.9417757987976074,3.9410722255706787,-0.0007035732269287109
6,2,72,181.0,2.8265914916992188,2.8275227546691895,0.0009312629699707031
6,2,73,95.0,3.8289499282836914,3.836041212081909,0.0070912837982177734
6,2,74,245.0,2.2537572383880615,2.256793975830078,0.0030367374420166016
6,2,75,93.0,1.7269396781921387,1.728298544883728,0.0013588666915893555
6,2,76,225.0,2.4448561668395996,2.447659492492676,0.002803325653076172
6,2,77,61.0,3.08821439743042,3.1012933254241943,0.013078927993774414
6,2,78,257.0,3.5650999546051025,3.557265281677246,-0.007834672927856445
6,2,79,165.0,2.7435922622680664,2.7406182289123535,-0.0029740333557128906
6,2,80,117.0,4.079967498779297,4.0710039138793945,-0.008963584899902344
6,2,81,89.0,3.1170668601989746,3.115365743637085,-0.0017011165618896484
6,2,82,291.0,3.542208671569824,3.547544479370117,0.005335807800292969
6,2,83,93.0,3.1824769973754883,3.1742756366729736,-0.008201360702514648
6,2,84,228.0,1.8533809185028076,1.841977834701538,-0.011403083801269531
6,2,85,131.0,2.4851677417755127,2.4822216033935547,-0.002946138381958008
6,2,86,191.0,3.915872573852539,3.9115617275238037,-0.0043108463287353516
6,2,87,238.0,4.8885579109191895,4.886417388916016,-0.002140522003173828
6,2,88,210.0,2.9943952560424805,3.0051560401916504,0.010760784149169922
6,2,89,107.0,4.1228203773498535,4.1205596923828125,-0.0022606849670410156
6,2,90,217.0,2.7718281745910645,2.7690439224243164,-0.002784252166748047
6,2,91,199.0,3.112976312637329,3.1104841232299805,-0.002492189407348633
6,2,92,84.0,2.381793260574341,2.3789727687835693,-0.0028204917907714844
6,2,93,271.0,3.5375630855560303,3.5366549491882324,-0.0009081363677978516
6,2,94,226.0,3.105239152908325,3.10351300239563,-0.0017261505126953125
6,2,95,258.0,3.5427961349487305,3.5477986335754395,0.005002498626708984
6,2,96,86.0,3.23514723777771,3.2366178035736084,0.0014705657958984375
6,2,97,142.0,4.2480573654174805,4.243641376495361,-0.004415988922119141
6,2,98,42.0,1.9809751510620117,1.9826608896255493,0.0016857385635375977
6,2,99,224.0,2.4784393310546875,2.477987051010132,-0.00045228004455566406
6,2,100,197.0,1.853989601135254,1.857530117034912,0.003540515899658203
6,2,101,85.0,2.4941816329956055,2.4873414039611816,-0.006840229034423828
6,2,102,195.0,3.122326612472534,3.1199662685394287,-0.0023603439331054688
6,2,103,102.0,3.1147775650024414,3.122035026550293,0.0072574615478515625
6,2,104,181.0,3.189467191696167,3.189094305038452,-0.00037288665771484375
6,2,105,72.0,1.8649518489837646,1.8612384796142578,-0.003713369369506836
6,2,106,130.0,4.294760227203369,4.289726734161377,-0.0050334930419921875
6,2,107,62.0,2.4163553714752197,2.4175076484680176,0.0011522769927978516
6,2,108,263.0,3.546691656112671,3.5505337715148926,0.0038421154022216797
6,2,109,194.0,2.697882890701294,2.701392650604248,0.0035097599029541016
6,2,110,174.0,2.602036237716675,2.6053829193115234,0.003346681594848633
6,2,111,235.0,3.703277826309204,3.7095632553100586,0.006285429000854492
6,2,112,143.0,3.633587121963501,3.636168956756592,0.0025818347930908203
6,2,113,117.0,4.060715675354004,4.053397178649902,-0.0073184967041015625
6,2,114,160.0,3.7659225463867188,3.7694199085235596,0.0034973621368408203
6,2,115,115.0,3.034438133239746,3.038712739944458,0.004274606704711914
6,2,116,120.0,3.3571696281433105,3.355663776397705,-0.0015058517456054688
6,2,117,186.0,3.4980924129486084,3.5050430297851562,0.0069506168365478516
6,2,118,138.0,3.0037918090820312,3.00121808052063,-0.002573728561401367
6,2,119,80.0,2.1522231101989746,2.1556146144866943,0.0033915042877197266
6,2,120,164.0,2.666628122329712,2.6633007526397705,-0.0033273696899414062
6,2,121,215.0,3.3896234035491943,3.3911991119384766,0.0015757083892822266
6,2,122,81.0,3.035551071166992,3.048865795135498,0.01331472396850586
6,2,123,171.0,2.9384942054748535,2.9410481452941895,0.0025539398193359375
6,2,124,41.0,5.417657375335693,5.450440406799316,0.03278303146362305
6,2,125,103.0,3.7517361640930176,3.7511632442474365,-0.0005729198455810547
6,2,126,145.0,2.8366682529449463,2.8347086906433105,-0.001959562301635742
6,2,127,102.0,2.7819013595581055,2.783958911895752,0.0020575523376464844
6,3,0,196.0,3.129199504852295,3.122645854949951,-0.00655364990234375
6,3,1,127.0,2.998192548751831,2.999634027481079,0.0014414787292480469
6,3,2,162.0,2.099813938140869,2.1023850440979004,0.00257110595703125
6,3,3,92.0,3.952493190765381,3.9523348808288574,-0.0001583099365234375
6,3,4,194.0,2.782571315765381,2.796661138534546,0.014089822769165039
6,3,5,115.0,2.7538414001464844,2.750117778778076,-0.003723621368408203
6,3,6,109.0,4.127994060516357,4.124077320098877,-0.003916740417480469
6,3,7,48.0,3.018592119216919,3.0141851902008057,-0.004406929016113281
6,3,8,69.0,3.3226022720336914,3.315394401550293,-0.0072078704833984375
6,3,9,85.0,3.0205674171447754,3.014444589614868,-0.0061228275299072266
6,3,10,238.0,2.6267495155334473,2.629101037979126,0.002351522445678711
6,3,11,233.0,2.4413414001464844,2.441223382949829,-0.00011801719665527344
6,3,12,208.0,2.959929943084717,2.9591221809387207,-0.0008077621459960938
6,3,13,196.0,2.753826141357422,2.7530479431152344,-0.0007781982421875
6,3,14,131.0,2.9712021350860596,2.9718017578125,0.0005996227264404297
6,3,15,125.0,2.7515416145324707,2.7505218982696533,-0.0010197162628173828
6,3,16,61.0,4.166540145874023,4.164588928222656,-0.0019512176513671875
6,3,17,164.0,1.9632303714752197,1.9631198644638062,-0.00011050701141357422
6,3,18,107.0,3.135986328125,3.1390066146850586,0.0030202865600585938
6,3,19,48.0,3.4995276927948,3.5017340183258057,0.0022063255310058594
6,3,20,74.0,1.9705148935317993,1.9580662250518799,-0.012448668479919434
6,3,21,103.0,2.235994577407837,2.2267467975616455,-0.009247779846191406
6,3,22,114.0,3.2786149978637695,3.2745375633239746,-0.004077434539794922
6,3,23,50.0,5.015505313873291,5.012833118438721,-0.0026721954345703125
6,3,24,281.0,2.3039751052856445,2.3074753284454346,0.003500223159790039
6,3,25,247.0,1.9686022996902466,1.968484878540039,-0.00011742115020751953
6,3,26,173.0,3.4113833904266357,3.4138734340667725,0.0024900436401367188
6,3,27,166.0,3.050419330596924,3.0513548851013184,0.0009355545043945312
6,3,28,98.0,2.611907482147217,2.6167097091674805,0.004802227020263672
6,3,29,174.0,3.051379919052124,3.0584187507629395,0.00703883171081543
6,3,30,173.0,2.750077724456787,2.7495880126953125,-0.0004897117614746094
6,3,31,215.0,3.4014222621917725,3.408632278442383,0.0072100162506103516
6,3,32,186.0,2.6455953121185303,2.644806146621704,-0.0007891654968261719
6,3,33,153.0,2.4407522678375244,2.4380955696105957,-0.002656698226928711
6,3,34,147.0,2.7246551513671875,2.7299368381500244,0.005281686782836914
6,3,35,50.0,4.024989604949951,4.019596576690674,-0.005393028259277344
6,3,36,86.0,2.0081088542938232,1.9950008392333984,-0.013108015060424805
6,3,37,154.0,3.517357349395752,3.5177834033966064,0.0004260540008544922
6,3,38,265.0,2.388361930847168,2.3873038291931152,-0.0010581016540527344
6,3,39,199.0,3.1552681922912598,3.1556708812713623,0.00040268898010253906
6,3,40,138.0,2.536069631576538,2.5344293117523193,-0.00164031982421875
6,3,41,98.0,3.269590377807617,3.2710165977478027,0.0014262199401855469
6,3,42,167.0,2.519949436187744,2.51676082611084,-0.003188610076904297
6,3,43,288.0,3.7899160385131836,3.7919540405273438,0.0020380020141601562
6,3,44,225.0,2.509033441543579,2.510679244995117,0.001645803451538086
6,3,45,191.0,3.1287972927093506,3.133786201477051,0.004988908767700195
6,3,46,92.0,4.466386795043945,4.465497016906738,-0.0008897781372070312
6,3,47,41.0,4.971887588500977,4.965891361236572,-0.005996227264404297
6,3,48,231.0,2.9811513423919678,2.9849531650543213,0.0038018226623535156
6,3,49,101.0,2.116225004196167,2.1151483058929443,-0.0010766983032226562
6,3,50,177.0,2.9830946922302246,2.9785196781158447,-0.004575014114379883
6,3,51,252.0,3.516876697540283,3.5228919982910156,0.006015300750732422
6,3,52,259.0,2.737027645111084,2.7330265045166016,-0.004001140594482422
6,3,53,47.0,1.9067243337631226,1.9031767845153809,-0.0035475492477416992
6,3,54,164.0,2.2345211505889893,2.231053352355957,-0.0034677982330322266
6,3,55,94.0,3.3757195472717285,3.3695757389068604,-0.006143808364868164
6,3,56,103.0,3.3878378868103027,3.389073610305786,0.0012357234954833984
6,3,57,78.0,3.3106584548950195,3.3110575675964355,0.0003991127014160156
6,3,58,239.0,3.107602596282959,3.1005232334136963,-0.007079362869262695
6,3,59,271.0,4.418605804443359,4.420055389404297,0.0014495849609375
6,3,60,162.0,2.9131579399108887,2.91160249710083,-0.0015554428100585938
6,3,61,179.0,3.214285135269165,3.216520309448242,0.0022351741790771484
6,3,62,218.0,2.5891129970550537,2.5842716693878174,-0.004841327667236328
6,3,63,81.0,3.4107165336608887,3.4131722450256348,0.0024557113647460938
6,3,64,93.0,3.5013821125030518,3.5019078254699707,0.0005257129669189453
6,3,65,72.0,3.358228921890259,3.3525149822235107,-0.005713939666748047
6,3,66,230.0,3.3264732360839844,3.327396869659424,0.0009236335754394531
6,3,67,99.0,2.410640239715576,2.4109749794006348,0.00033473968505859375
6,3,68,213.0,2.6581079959869385,2.658745765686035,0.0006377696990966797
6,3,69,119.0,2.5800669193267822,2.582590341567993,0.0025234222412109375
6,3,70,161.0,2.929652214050293,2.9339563846588135,0.004304170608520508
6,3,71,90.0,3.9417757987976074,3.941542148590088,-0.00023365020751953125
6,3,72,181.0,2.8265914916992188,2.8260324001312256,-0.0005590915679931641
6,3,73,95.0,3.8289499282836914,3.834123373031616,0.005173444747924805
6,3,74,245.0,2.2537572383880615,2.2519588470458984,-0.001798391342163086
6,3,75,93.0,1.7269396781921387,1.7289469242095947,0.0020072460174560547
6,3,76,225.0,2.4448561668395996,2.444679021835327,-0.00017714500427246094
6,3,77,61.0,3.08821439743042,3.1031153202056885,0.014900922775268555
6,3,78,257.0,3.5650999546051025,3.564272165298462,-0.000827789306640625
6,3,79,165.0,2.7435922622680664,2.7438135147094727,0.00022125244140625
6,3,80,117.0,4.079967498779297,4.074000358581543,-0.005967140197753906
6,3,81,89.0,3.1170668601989746,3.120171308517456,0.0031044483184814453
6,3,82,291.0,3.542208671569824,3.547616720199585,0.005408048629760742
6,3,83,93.0,3.1824769973754883,3.1784145832061768,-0.0040624141693115234
6,3,84,228.0,1.8533809185028076,1.849196195602417,-0.004184722900390625
6,3,85,131.0,2.4851677417755127,2.486009120941162,0.0008413791656494141
6,3,86,191.0,3.915872573852539,3.912358045578003,-0.003514528274536133
6,3,87,238.0,4.8885579109191895,4.890847682952881,0.0022897720336914062
6,3,88,210.0,2.9943952560424805,3.0024478435516357,0.008052587509155273
6,3,89,107.0,4.1228203773498535,4.115356922149658,-0.0074634552001953125
6,3,90,217.0,2.7718281745910645,2.77488374710083,0.003055572509765625
6,3,91,199.0,3.112976312637329,3.110654592514038,-0.0023217201232910156
6,3,92,84.0,2.381793260574341,2.385890483856201,0.0040972232818603516
6,3,93,271.0,3.5375630855560303,3.541821002960205,0.004257917404174805
6,3,94,226.0,3.105239152908325,3.103632926940918,-0.0016062259674072266
6,3,95,258.0,3.5427961349487305,3.5522572994232178,0.009461164474487305
6,3,96,86.0,3.23514723777771,3.2336745262145996,-0.0014727115631103516
6,3,97,142.0,4.2480573654174805,4.244754791259766,-0.0033025741577148438
6,3,98,42.0,1.9809751510620117,1.976128339767456,-0.004846811294555664
6,3,99,224.0,2.4784393310546875,2.477269411087036,-0.0011699199676513672
6,3,100,197.0,1.853989601135254,1.8548572063446045,0.0008676052093505859
6,3,101,85.0,2.4941816329956055,2.491232395172119,-0.002949237823486328
6,3,102,195.0,3.122326612472534,3.1261940002441406,0.0038673877716064453
6,3,103,102.0,3.1147775650024414,3.119511604309082,0.004734039306640625
6,3,104,181.0,3.189467191696167,3.192770004272461,0.0033028125762939453
6,3,105,72.0,1.8649518489837646,1.8658804893493652,0.0009286403656005859
6,3,106,130.0,4.294760227203369,4.289834499359131,-0.004925727844238281
6,3,107,62.0,2.4163553714752197,2.4137651920318604,-0.002590179443359375
6,3,108,263.0,3.546691656112671,3.5407662391662598,-0.005925416946411133
6,3,109,194.0,2.697882890701294,2.696153402328491,-0.0017294883728027344
6,3,110,174.0,2.602036237716675,2.6032590866088867,0.001222848892211914
6,3,111,235.0,3.703277826309204,3.7126729488372803,0.009395122528076172
6,3,112,143.0,3.633587121963501,3.6373469829559326,0.0037598609924316406
6,3,113,117.0,4.060715675354004,4.062662601470947,0.0019469261169433594
6,3,114,160.0,3.7659225463867188,3.769707202911377,0.003784656524658203
6,3,115,115.0,3.034438133239746,3.0342934131622314,-0.00014472007751464844
6,3,116,120.0,3.3571696281433105,3.3622615337371826,0.00509190559387207
6,3,117,186.0,3.4980924129486084,3.507922649383545,0.009830236434936523
6,3,118,138.0,3.0037918090820312,3.0030055046081543,-0.0007863044738769531
6,3,119,80.0,2.1522231101989746,2.1595804691314697,0.007357358932495117
6,3,120,164.0,2.666628122329712,2.6679928302764893,0.0013647079467773438
6,3,121,215.0,3.3896234035491943,3.389822483062744,0.0001990795135498047
6,3,122,81.0,3.035551071166992,3.0445597171783447,0.009008646011352539
6,3,123,171.0,2.9384942054748535,2.9391419887542725,0.0006477832794189453
6,3,124,41.0,5.417657375335693,5.418830871582031,0.0011734962463378906
6,3,125,103.0,3.7517361640930176,3.743074655532837,-0.008661508560180664
6,3,126,145.0,2.8366682529449463,2.832254409790039,-0.0044138431549072266
6,3,127,102.0,2.7819013595581055,2.77569580078125,-0.006205558776855469
6,4,0,196.0,3.129199504852295,3.1298115253448486,0.0006120204925537109
6,4,1,127.0,2.998192548751831,3.000030517578125,0.0018379688262939453
6,4,2,162.0,2.099813938140869,2.102696657180786,0.002882719039916992
6,4,3,92.0,3.952493190765381,3.9534003734588623,0.0009071826934814453
6,4,4,194.0,2.782571315765381,2.792154550552368,0.009583234786987305
6,4,5,115.0,2.7538414001464844,2.755312204360962,0.001470804214477539
6,4,6,109.0,4.127994060516357,4.123403072357178,-0.0045909881591796875
6,4,7,48.0,3.018592119216919,3.004317283630371,-0.014274835586547852
6,4,8,69.0,3.3226022720336914,3.3173773288726807,-0.005224943161010742
6,4,9,85.0,3.0205674171447754,3.0220813751220703,0.0015139579772949219
6,4,10,238.0,2.6267495155334473,2.626218557357788,-0.0005309581756591797
6,4,11,233.0,2.4413414001464844,2.4383792877197266,-0.0029621124267578125
6,4,12,208.0,2.959929943084717,2.9578256607055664,-0.0021042823791503906
6,4,13,196.0,2.753826141357422,2.7566938400268555,0.0028676986694335938
6,4,14,131.0,2.9712021350860596,2.9686553478240967,-0.0025467872619628906
6,4,15,125.0,2.7515416145324707,2.7464561462402344,-0.005085468292236328
6,4,16,61.0,4.166540145874023,4.164601802825928,-0.0019383430480957031
6,4,17,164.0,1.9632303714752197,1.9626764059066772,-0.0005539655685424805
6,4,18,107.0,3.135986328125,3.144094944000244,0.00810861587524414
6,4,19,48.0,3.4995276927948,3.5016629695892334,0.0021352767944335938
6,4,20,74.0,1.9705148935317993,1.984147310256958,0.013632416725158691
6,4,21,103.0,2.235994577407837,2.218374013900757,-0.017620563507080078
6,4,22,114.0,3.2786149978637695,3.272934675216675,-0.0056803226470947266
6,4,23,50.0,5.015505313873291,5.004740238189697,-0.01076507568359375
6,4,24,281.0,2.3039751052856445,2.304900884628296,0.0009257793426513672
6,4,25,247.0,1.9686022996902466,1.9711588621139526,0.0025565624237060547
6,4,26,173.0,3.4113833904266357,3.4090688228607178,-0.0023145675659179688
6,4,27,166.0,3.050419330596924,3.0574684143066406,0.007049083709716797
6,4,28,98.0,2.611907482147217,2.610044240951538,-0.001863241195678711
6,4,29,174.0,3.051379919052124,3.059595823287964,0.008215904235839844
6,4,30,173.0,2.750077724456787,2.751495599746704,0.0014178752899169922
6,4,31,215.0,3.4014222621917725,3.4046404361724854,0.0032181739807128906
6,4,32,186.0,2.6455953121185303,2.6540534496307373,0.008458137512207031
6,4,33,153.0,2.4407522678375244,2.436113119125366,-0.004639148712158203
6,4,34,147.0,2.7246551513671875,2.7311882972717285,0.006533145904541016
6,4,35,50.0,4.024989604949951,4.019318103790283,-0.005671501159667969
6,4,36,86.0,2.0081088542938232,2.0070409774780273,-0.0010678768157958984
6,4,37,154.0,3.517357349395752,3.518662452697754,0.0013051033020019531
6,4,38,265.0,2.388361930847168,2.389336109161377,0.0009741783142089844
6,4,39,199.0,3.1552681922912598,3.160583257675171,0.005315065383911133
6,4,40,138.0,2.536069631576538,2.532707691192627,-0.003361940383911133
6,4,41,98.0,3.269590377807617,3.2683963775634766,-0.001194000244140625
6,4,42,167.0,2.519949436187744,2.5265159606933594,0.006566524505615234
6,4,43,288.0,3.7899160385131836,3.792464256286621,0.0025482177734375
6,4,44,225.0,2.509033441543579,2.5129013061523438,0.0038678646087646484
6,4,45,191.0,3.1287972927093506,3.127889394760132,-0.00090789794921875
6,4,46,92.0,4.466386795043945,4.470037937164307,0.003651142120361328
6,4,47,41.0,4.971887588500977,4.980495452880859,0.008607864379882812
6,4,48,231.0,2.9811513423919678,2.9787638187408447,-0.002387523651123047
6,4,49,101.0,2.116225004196167,2.11552357673645,-0.0007014274597167969
6,4,50,177.0,2.9830946922302246,2.9777655601501465,-0.005329132080078125
6,4,51,252.0,3.516876697540283,3.5211129188537598,0.0042362213134765625
6,4,52,259.0,2.737027645111084,2.7314746379852295,-0.005553007125854492
6,4,53,47.0,1.9067243337631226,1.9186675548553467,0.011943221092224121
6,4,54,164.0,2.2345211505889893,2.229748487472534,-0.004772663116455078
6,4,55,94.0,3.3757195472717285,3.374781608581543,-0.0009379386901855469
6,4,56,103.0,3.3878378868103027,3.387787342071533,-5.054473876953125e-05
6,4,57,78.0,3.3106584548950195,3.3174705505371094,0.006812095642089844
6,4,58,239.0,3.107602596282959,3.101668119430542,-0.005934476852416992
6,4,59,271.0,4.418605804443359,4.4209089279174805,0.0023031234741210938
6,4,60,162.0,2.9131579399108887,2.9065608978271484,-0.006597042083740234
6,4,61,179.0,3.214285135269165,3.2106852531433105,-0.003599882125854492
6,4,62,218.0,2.5891129970550537,2.592015266418457,0.0029022693634033203
6,4,63,81.0,3.4107165336608887,3.40844988822937,-0.0022666454315185547
6,4,64,93.0,3.5013821125030518,3.506214141845703,0.004832029342651367
6,4,65,72.0,3.358228921890259,3.3693134784698486,0.011084556579589844
6,4,66,230.0,3.3264732360839844,3.3236184120178223,-0.0028548240661621094
6,4,67,99.0,2.410640239715576,2.38739013671875,-0.023250102996826172
6,4,68,213.0,2.6581079959869385,2.655944347381592,-0.0021636486053466797
6,4,69,119.0,2.5800669193267822,2.580034017562866,-3.2901763916015625e-05
6,4,70,161.0,2.929652214050293,2.9369685649871826,0.0073163509368896484
6,4,71,90.0,3.9417757987976074,3.9332923889160156,-0.008483409881591797
6,4,72,181.0,2.8265914916992188,2.8253374099731445,-0.0012540817260742188
6,4,73,95.0,3.8289499282836914,3.8343253135681152,0.005375385284423828
6,4,74,245.0,2.2537572383880615,2.2538022994995117,4.506111145019531e-05
6,4,75,93.0,1.7269396781921387,1.7268751859664917,-6.449222564697266e-05
6,4,76,225.0,2.4448561668395996,2.445781707763672,0.0009255409240722656
6,4,77,61.0,3.08821439743042,3.0950348377227783,0.0068204402923583984
6,4,78,257.0,3.5650999546051025,3.5678207874298096,0.0027208328247070312
6,4,79,165.0,2.7435922622680664,2.7442116737365723,0.0006194114685058594
6,4,80,117.0,4.079967498779297,4.07661771774292,-0.003349781036376953
6,4,81,89.0,3.1170668601989746,3.1203455924987793,0.0032787322998046875
6,4,82,291.0,3.542208671569824,3.547497510910034,0.005288839340209961
6,4,83,93.0,3.1824769973754883,3.1863088607788086,0.0038318634033203125
6,4,84,228.0,1.8533809185028076,1.8491178750991821,-0.004263043403625488
6,4,85,131.0,2.4851677417755127,2.484463930130005,-0.0007038116455078125
6,4,86,191.0,3.915872573852539,3.9120371341705322,-0.003835439682006836
6,4,87,238.0,4.8885579109191895,4.888558864593506,9.5367431640625e-07
6,4,88,210.0,2.9943952560424805,3.0054709911346436,0.011075735092163086
6,4,89,107.0,4.1228203773498535,4.119863986968994,-0.002956390380859375
6,4,90,217.0,2.7718281745910645,2.7778685092926025,0.006040334701538086
6,4,91,199.0,3.112976312637329,3.1066012382507324,-0.00637507438659668
6,4,92,84.0,2.381793260574341,2.380436420440674,-0.0013568401336669922
6,4,93,271.0,3.5375630855560303,3.5396840572357178,0.0021209716796875
6,4,94,226.0,3.105239152908325,3.108783483505249,0.003544330596923828
6,4,95,258.0,3.5427961349487305,3.54773211479187,0.0049359798431396484
6,4,96,86.0,3.23514723777771,3.228052854537964,-0.007094383239746094
6,4,97,142.0,4.2480573654174805,4.243776321411133,-0.004281044006347656
6,4,98,42.0,1.9809751510620117,1.9963347911834717,0.015359640121459961
6,4,99,224.0,2.4784393310546875,2.475839138031006,-0.0026001930236816406
6,4,100,197.0,1.853989601135254,1.8519566059112549,-0.0020329952239990234
6,4,101,85.0,2.4941816329956055,2.488837957382202,-0.00534367561340332
6,4,102,195.0,3.122326612472534,3.1204357147216797,-0.0018908977508544922
6,4,103,102.0,3.1147775650024414,3.123997211456299,0.009219646453857422
6,4,104,181.0,3.189467191696167,3.1897714138031006,0.00030422210693359375
6,4,105,72.0,1.8649518489837646,1.8545328378677368,-0.010419011116027832
6,4,106,130.0,4.294760227203369,4.290657997131348,-0.004102230072021484
6,4,107,62.0,2.4163553714752197,2.4113833904266357,-0.004971981048583984
6,4,108,263.0,3.546691656112671,3.543363332748413,-0.0033283233642578125
6,4,109,194.0,2.697882890701294,2.6998977661132812,0.0020148754119873047
6,4,110,174.0,2.602036237716675,2.598783493041992,-0.003252744674682617
6,4,111,235.0,3.703277826309204,3.725816011428833,0.022538185119628906
6,4,112,143.0,3.633587121963501,3.6362051963806152,0.002618074417114258
6,4,113,117.0,4.060715675354004,4.061646938323975,0.0009312629699707031
6,4,114,160.0,3.7659225463867188,3.7599310874938965,-0.005991458892822266
6,4,115,115.0,3.034438133239746,3.03076171875,-0.0036764144897460938
6,4,116,120.0,3.3571696281433105,3.3649284839630127,0.0077588558197021484
6,4,117,186.0,3.4980924129486084,3.4989850521087646,0.00089263916015625
6,4,118,138.0,3.0037918090820312,2.9938018321990967,-0.00998997688293457
6,4,119,80.0,2.1522231101989746,2.1525466442108154,0.0003235340118408203
6,4,120,164.0,2.666628122329712,2.6615335941314697,-0.0050945281982421875
6,4,121,215.0,3.3896234035491943,3.3897705078125,0.00014710426330566406
6,4,122,81.0,3.035551071166992,3.040424346923828,0.0048732757568359375
6,4,123,171.0,2.9384942054748535,2.9368479251861572,-0.001646280288696289
6,4,124,41.0,5.417657375335693,5.411618709564209,-0.006038665771484375
6,4,125,103.0,3.7517361640930176,3.7502944469451904,-0.0014417171478271484
6,4,126,145.0,2.8366682529449463,2.836808443069458,0.00014019012451171875
6,4,127,102.0,2.7819013595581055,2.77840256690979,-0.0034987926483154297
6,5,0,196.0,3.129199504852295,3.127028226852417,-0.0021712779998779297
6,5,1,127.0,2.998192548751831,2.9951250553131104,-0.003067493438720703
6,5,2,162.0,2.099813938140869,2.097071886062622,-0.0027420520782470703
6,5,3,92.0,3.952493190765381,3.9437460899353027,-0.008747100830078125
6,5,4,194.0,2.782571315765381,2.780824661254883,-0.0017466545104980469
6,5,5,115.0,2.7538414001464844,2.7520198822021484,-0.0018215179443359375
6,5,6,109.0,4.127994060516357,4.130183696746826,0.00218963623046875
6,5,7,48.0,3.018592119216919,3.0129168033599854,-0.005675315856933594
6,5,8,69.0,3.3226022720336914,3.3142168521881104,-0.008385419845581055
6,5,9,85.0,3.0205674171447754,3.01239013671875,-0.00817728042602539
6,5,10,238.0,2.6267495155334473,2.6305603981018066,0.003810882568359375
6,5,11,233.0,2.4413414001464844,2.4376509189605713,-0.003690481185913086
6,5,12,208.0,2.959929943084717,2.962007999420166,0.0020780563354492188
6,5,13,196.0,2.753826141357422,2.7543230056762695,0.0004968643188476562
6,5,14,131.0,2.9712021350860596,2.970595598220825,-0.000606536865234375
6,5,15,125.0,2.7515416145324707,2.7522470951080322,0.0007054805755615234
6,5,16,61.0,4.166540145874023,4.156593322753906,-0.009946823120117188
6,5,17,164.0,1.9632303714752197,1.958614468574524,-0.004615902900695801
6,5,18,107.0,3.135986328125,3.140566349029541,0.004580020904541016
6,5,19,48.0,3.4995276927948,3.5007152557373047,0.0011875629425048828
6,5,20,74.0,1.9705148935317993,1.9725943803787231,0.002079486846923828
6,5,21,103.0,2.235994577407837,2.2030067443847656,-0.03298783302307129
6,5,22,114.0,3.2786149978637695,3.2778053283691406,-0.0008096694946289062
6,5,23,50.0,5.015505313873291,5.014682769775391,-0.0008225440979003906
6,5,24,281.0,2.3039751052856445,2.3068416118621826,0.002866506576538086
6,5,25,247.0,1.9686022996902466,1.9650229215621948,-0.003579378128051758
6,5,26,173.0,3.4113833904266357,3.41538667678833,0.004003286361694336
6,5,27,166.0,3.050419330596924,3.053842782974243,0.003423452377319336
6,5,28,98.0,2.611907482147217,2.6146984100341797,0.0027909278869628906
6,5,29,174.0,3.051379919052124,3.050445556640625,-0.0009343624114990234
6,5,30,173.0,2.750077724456787,2.7480828762054443,-0.0019948482513427734
6,5,31,215.0,3.4014222621917725,3.403149366378784,0.0017271041870117188
6,5,32,186.0,2.6455953121185303,2.6534316539764404,0.007836341857910156
6,5,33,153.0,2.4407522678375244,2.434103488922119,-0.0066487789154052734
6,5,34,147.0,2.7246551513671875,2.7251508235931396,0.0004956722259521484
6,5,35,50.0,4.024989604949951,4.020048141479492,-0.004941463470458984
6,5,36,86.0,2.0081088542938232,2.055936336517334,0.04782748222351074
6,5,37,154.0,3.517357349395752,3.5175764560699463,0.00021910667419433594
6,5,38,265.0,2.388361930847168,2.3889548778533936,0.0005929470062255859
6,5,39,199.0,3.1552681922912598,3.1527292728424072,-0.002538919448852539
6,5,40,138.0,2.536069631576538,2.532581329345703,-0.003488302230834961
6,5,41,98.0,3.269590377807617,3.270998477935791,0.0014081001281738281
6,5,42,167.0,2.519949436187744,2.520599842071533,0.0006504058837890625
6,5,43,288.0,3.7899160385131836,3.7897517681121826,-0.00016427040100097656
6,5,44,225.0,2.509033441543579,2.507269859313965,-0.0017635822296142578
6,5,45,191.0,3.1287972927093506,3.1322431564331055,0.003445863723754883
6,5,46,92.0,4.466386795043945,4.464594841003418,-0.0017919540405273438
6,5,47,41.0,4.971887588500977,4.968400955200195,-0.00348663330078125
6,5,48,231.0,2.9811513423919678,2.9831082820892334,0.001956939697265625
6,5,49,101.0,2.116225004196167,2.117070198059082,0.0008451938629150391
6,5,50,177.0,2.9830946922302246,2.9877278804779053,0.004633188247680664
6,5,51,252.0,3.516876697540283,3.518528938293457,0.0016522407531738281
6,5,52,259.0,2.737027645111084,2.7327373027801514,-0.004290342330932617
6,5,53,47.0,1.9067243337631226,1.893446683883667,-0.013277649879455566
6,5,54,164.0,2.2345211505889893,2.23089861869812,-0.0036225318908691406
6,5,55,94.0,3.3757195472717285,3.36789870262146,-0.007820844650268555
6,5,56,103.0,3.3878378868103027,3.3924622535705566,0.004624366760253906
6,5,57,78.0,3.3106584548950195,3.3124382495880127,0.001779794692993164
6,5,58,239.0,3.107602596282959,3.1052985191345215,-0.0023040771484375
6,5,59,271.0,4.418605804443359,4.419745922088623,0.0011401176452636719
6,5,60,162.0,2.9131579399108887,2.9112017154693604,-0.0019562244415283203
6,5,61,179.0,3.214285135269165,3.210232734680176,-0.004052400588989258
6,5,62,218.0,2.5891129970550537,2.5909037590026855,0.001790761947631836
6,5,63,81.0,3.4107165336608887,3.402092456817627,-0.008624076843261719
6,5,64,93.0,3.5013821125030518,3.506375312805176,0.0049932003021240234
6,5,65,72.0,3.358228921890259,3.3549020290374756,-0.003326892852783203
6,5,66,230.0,3.3264732360839844,3.330763816833496,0.004290580749511719
6,5,67,99.0,2.410640239715576,2.3955068588256836,-0.015133380889892578
6,5,68,213.0,2.6581079959869385,2.6537206172943115,-0.004387378692626953
6,5,69,119.0,2.5800669193267822,2.5829355716705322,0.00286865234375
6,5,70,161.0,2.929652214050293,2.932281732559204,0.002629518508911133
6,5,71,90.0,3.9417757987976074,3.941603660583496,-0.00017213821411132812
6,5,72,181.0,2.8265914916992188,2.826482057571411,-0.00010943412780761719
6,5,73,95.0,3.8289499282836914,3.831855297088623,0.0029053688049316406
6,5,74,245.0,2.2537572383880615,2.2541182041168213,0.0003609657287597656
6,5,75,93.0,1.7269396781921387,1.7221059799194336,-0.004833698272705078
6,5,76,225.0,2.4448561668395996,2.4370453357696533,-0.007810831069946289
6,5,77,61.0,3.08821439743042,3.09136962890625,0.003155231475830078
6,5,78,257.0,3.5650999546051025,3.561527967453003,-0.0035719871520996094
6,5,79,165.0,2.7435922622680664,2.7459716796875,0.0023794174194335938
6,5,80,117.0,4.079967498779297,4.091618537902832,0.011651039123535156
6,5,81,89.0,3.1170668601989746,3.1164357662200928,-0.0006310939788818359
6,5,82,291.0,3.542208671569824,3.543109655380249,0.0009009838104248047
6,5,83,93.0,3.1824769973754883,3.178255081176758,-0.004221916198730469
6,5,84,228.0,1.8533809185028076,1.8399739265441895,-0.013406991958618164
6,5,85,131.0,2.4851677417755127,2.485196828842163,2.9087066650390625e-05
6,5,86,191.0,3.915872573852539,3.90967059135437,-0.006201982498168945
6,5,87,238.0,4.8885579109191895,4.8854546546936035,-0.0031032562255859375
6,5,88,210.0,2.9943952560424805,2.9957473278045654,0.001352071762084961
6,5,89,107.0,4.1228203773498535,4.114751815795898,-0.008068561553955078
6,5,90,217.0,2.7718281745910645,2.776679039001465,0.004850864410400391
6,5,91,199.0,3.112976312637329,3.1100680828094482,-0.0029082298278808594
6,5,92,84.0,2.381793260574341,2.3795199394226074,-0.0022733211517333984
6,5,93,271.0,3.5375630855560303,3.537567377090454,4.291534423828125e-06
6,5,94,226.0,3.105239152908325,3.103586196899414,-0.0016529560089111328
6,5,95,258.0,3.5427961349487305,3.5454704761505127,0.0026743412017822266
6,5,96,86.0,3.23514723777771,3.2337608337402344,-0.001386404037475586
6,5,97,142.0,4.2480573654174805,4.2469401359558105,-0.0011172294616699219
6,5,98,42.0,1.9809751510620117,1.9871671199798584,0.00619196891784668
6,5,99,224.0,2.4784393310546875,2.478544235229492,0.0001049041748046875
6,5,100,197.0,1.853989601135254,1.8515599966049194,-0.0024296045303344727
6,5,101,85.0,2.4941816329956055,2.489469528198242,-0.004712104797363281
6,5,102,195.0,3.122326612472534,3.127746820449829,0.005420207977294922
6,5,103,102.0,3.1147775650024414,3.114821672439575,4.410743713378906e-05
6,5,104,181.0,3.189467191696167,3.188032865524292,-0.001434326171875
6,5,105,72.0,1.8649518489837646,1.857666254043579,-0.007285594940185547
6,5,106,130.0,4.294760227203369,4.2987470626831055,0.003986835479736328
6,5,107,62.0,2.4163553714752197,2.4070217609405518,-0.009333610534667969
6,5,108,263.0,3.546691656112671,3.5484020709991455,0.0017104148864746094
6,5,109,194.0,2.697882890701294,2.697669267654419,-0.000213623046875
6,5,110,174.0,2.602036237716675,2.600607395172119,-0.001428842544555664
6,5,111,235.0,3.703277826309204,3.690507173538208,-0.012770652770996094
6,5,112,143.0,3.633587121963501,3.6385340690612793,0.00494694709777832
6,5,113,117.0,4.060715675354004,4.052777290344238,-0.007938385009765625
6,5,114,160.0,3.7659225463867188,3.7685883045196533,0.0026657581329345703
6,5,115,115.0,3.034438133239746,3.0361831188201904,0.001744985580444336
6,5,116,120.0,3.3571696281433105,3.3591017723083496,0.0019321441650390625
6,5,117,186.0,3.4980924129486084,3.501209259033203,0.0031168460845947266
6,5,118,138.0,3.0037918090820312,3.0025506019592285,-0.0012412071228027344
6,5,119,80.0,2.1522231101989746,2.1461615562438965,-0.006061553955078125
6,5,120,164.0,2.666628122329712,2.665290355682373,-0.0013377666473388672
6,5,121,215.0,3.3896234035491943,3.383410930633545,-0.006212472915649414
6,5,122,81.0,3.035551071166992,3.0411429405212402,0.005591869354248047
6,5,123,171.0,2.9384942054748535,2.946603536605835,0.008109331130981445
6,5,124,41.0,5.417657375335693,5.434366226196289,0.016708850860595703
6,5,125,103.0,3.7517361640930176,3.7488200664520264,-0.002916097640991211
6,5,126,145.0,2.8366682529449463,2.838144540786743,0.001476287841796875
6,5,127,102.0,2.7819013595581055,2.779735565185547,-0.0021657943725585938
6,6,0,196.0,3.129199504852295,3.125171184539795,-0.0040283203125
6,6,1,127.0,2.998192548751831,3.006094455718994,0.007901906967163086
6,6,2,162.0,2.099813938140869,2.100019693374634,0.00020575523376464844
6,6,3,92.0,3.952493190765381,3.9507858753204346,-0.001707315444946289
6,6,4,194.0,2.782571315765381,2.78039288520813,-0.0021784305572509766
6,6,5,115.0,2.7538414001464844,2.7610387802124023,0.007197380065917969
6,6,6,109.0,4.127994060516357,4.119185924530029,-0.008808135986328125
6,6,7,48.0,3.018592119216919,3.007819414138794,-0.010772705078125
6,6,8,69.0,3.3226022720336914,3.311347246170044,-0.011255025863647461
6,6,9,85.0,3.0205674171447754,3.02205491065979,0.0014874935150146484
6,6,10,238.0,2.6267495155334473,2.6318252086639404,0.005075693130493164
6,6,11,233.0,2.4413414001464844,2.4414610862731934,0.00011968612670898438
6,6,12,208.0,2.959929943084717,2.9592983722686768,-0.0006315708160400391
6,6,13,196.0,2.753826141357422,2.756039619445801,0.0022134780883789062
6,6,14,131.0,2.9712021350860596,2.968277931213379,-0.002924203872680664
6,6,15,125.0,2.7515416145324707,2.749765634536743,-0.001775979995727539
6,6,16,61.0,4.166540145874023,4.15976619720459,-0.006773948669433594
6,6,17,164.0,1.9632303714752197,1.9635846614837646,0.0003542900085449219
6,6,18,107.0,3.135986328125,3.126103162765503,-0.00988316535949707
6,6,19,48.0,3.4995276927948,3.498934507369995,-0.0005931854248046875
6,6,20,74.0,1.9705148935317993,1.9705703258514404,5.543231964111328e-05
6,6,21,103.0,2.235994577407837,2.220078229904175,-0.01591634750366211
6,6,22,114.0,3.2786149978637695,3.2808306217193604,0.0022156238555908203
6,6,23,50.0,5.015505313873291,5.004601955413818,-0.010903358459472656
6,6,24,281.0,2.3039751052856445,2.3039941787719727,1.9073486328125e-05
6,6,25,247.0,1.9686022996902466,1.9650413990020752,-0.0035609006881713867
6,6,26,173.0,3.4113833904266357,3.409782648086548,-0.0016007423400878906
6,6,27,166.0,3.050419330596924,3.05317759513855,0.0027582645416259766
6,6,28,98.0,2.611907482147217,2.6114039421081543,-0.0005035400390625
6,6,29,174.0,3.051379919052124,3.0529820919036865,0.0016021728515625
6,6,30,173.0,2.750077724456787,2.7504146099090576,0.0003368854522705078
6,6,31,215.0,3.4014222621917725,3.3976540565490723,-0.0037682056427001953
6,6,32,186.0,2.6455953121185303,2.639406442642212,-0.006188869476318359
6,6,33,153.0,2.4407522678375244,2.43833065032959,-0.0024216175079345703
6,6,34,147.0,2.7246551513671875,2.7197470664978027,-0.004908084869384766
6,6,35,50.0,4.024989604949951,4.017253875732422,-0.007735729217529297
6,6,36,86.0,2.0081088542938232,2.00044584274292,-0.00766301155090332
6,6,37,154.0,3.517357349395752,3.5201845169067383,0.002827167510986328
6,6,38,265.0,2.388361930847168,2.3903043270111084,0.0019423961639404297
6,6,39,199.0,3.1552681922912598,3.1568000316619873,0.001531839370727539
6,6,40,138.0,2.536069631576538,2.5353024005889893,-0.0007672309875488281
6,6,41,98.0,3.269590377807617,3.270563840866089,0.0009734630584716797
6,6,42,167.0,2.519949436187744,2.5238730907440186,0.003923654556274414
6,6,43,288.0,3.7899160385131836,3.791673421859741,0.0017573833465576172
6,6,44,225.0,2.509033441543579,2.5101420879364014,0.0011086463928222656
6,6,45,191.0,3.1287972927093506,3.128190517425537,-0.0006067752838134766
6,6,46,92.0,4.466386795043945,4.462273597717285,-0.004113197326660156
6,6,47,41.0,4.971887588500977,4.958873748779297,-0.013013839721679688
6,6,48,231.0,2.9811513423919678,2.9797565937042236,-0.0013947486877441406
6,6,49,101.0,2.116225004196167,2.113577365875244,-0.0026476383209228516
6,6,50,177.0,2.9830946922302246,2.9815239906311035,-0.0015707015991210938
6,6,51,252.0,3.516876697540283,3.525822162628174,0.008945465087890625
6,6,52,259.0,2.737027645111084,2.733163833618164,-0.003863811492919922
6,6,53,47.0,1.9067243337631226,1.9083892107009888,0.001664876937866211
6,6,54,164.0,2.2345211505889893,2.2309794425964355,-0.003541707992553711
6,6,55,94.0,3.3757195472717285,3.3769829273223877,0.0012633800506591797
6,6,56,103.0,3.3878378868103027,3.38459849357605,-0.0032393932342529297
6,6,57,78.0,3.3106584548950195,3.3051233291625977,-0.005535125732421875
6,6,58,239.0,3.107602596282959,3.103902816772461,-0.003699779510498047
6,6,59,271.0,4.418605804443359,4.412418365478516,-0.00618743896484375
6,6,60,162.0,2.9131579399108887,2.899815320968628,-0.013342618942260742
6,6,61,179.0,3.214285135269165,3.2070116996765137,-0.007273435592651367
6,6,62,218.0,2.5891129970550537,2.5884435176849365,-0.0006694793701171875
6,6,63,81.0,3.4107165336608887,3.398876905441284,-0.011839628219604492
6,6,64,93.0,3.5013821125030518,3.4995858669281006,-0.0017962455749511719
6,6,65,72.0,3.358228921890259,3.349917411804199,-0.00831151008605957
6,6,66,230.0,3.3264732360839844,3.3283824920654297,0.0019092559814453125
6,6,67,99.0,2.410640239715576,2.409229040145874,-0.0014111995697021484
6,6,68,213.0,2.6581079959869385,2.6603076457977295,0.0021996498107910156
6,6,69,119.0,2.5800669193267822,2.5836310386657715,0.003564119338989258
6,6,70,161.0,2.929652214050293,2.9352023601531982,0.0055501461029052734
6,6,71,90.0,3.9417757987976074,3.944669485092163,0.002893686294555664
6,6,72,181.0,2.8265914916992188,2.8284060955047607,0.0018146038055419922
6,6,73,95.0,3.8289499282836914,3.8327205181121826,0.003770589828491211
6,6,74,245.0,2.2537572383880615,2.252143144607544,-0.0016140937805175781
6,6,75,93.0,1.7269396781921387,1.7303392887115479,0.0033996105194091797
6,6,76,225.0,2.4448561668395996,2.446514844894409,0.0016586780548095703
6,6,77,61.0,3.08821439743042,3.0901644229888916,0.0019500255584716797
6,6,78,257.0,3.5650999546051025,3.564633846282959,-0.0004661083221435547
6,6,79,165.0,2.7435922622680664,2.738172769546509,-0.005419492721557617
6,6,80,117.0,4.079967498779297,4.071980953216553,-0.00798654556274414
6,6,81,89.0,3.1170668601989746,3.1131317615509033,-0.003935098648071289
6,6,82,291.0,3.542208671569824,3.5502350330352783,0.008026361465454102
6,6,83,93.0,3.1824769973754883,3.180887222290039,-0.0015897750854492188
6,6,84,228.0,1.8533809185028076,1.8314179182052612,-0.021963000297546387
6,6,85,131.0,2.4851677417755127,2.482161045074463,-0.0030066967010498047
6,6,86,191.0,3.915872573852539,3.9043407440185547,-0.011531829833984375
6,6,87,238.0,4.8885579109191895,4.885000228881836,-0.0035576820373535156
6,6,88,210.0,2.9943952560424805,2.993744134902954,-0.0006511211395263672
6,6,89,107.0,4.1228203773498535,4.12536096572876,0.00254058837890625
6,6,90,217.0,2.7718281745910645,2.7738864421844482,0.002058267593383789
6,6,91,199.0,3.112976312637329,3.1151797771453857,0.0022034645080566406
6,6,92,84.0,2.381793260574341,2.3788838386535645,-0.002909421920776367
6,6,93,271.0,3.5375630855560303,3.5432257652282715,0.005662679672241211
6,6,94,226.0,3.105239152908325,3.102538585662842,-0.0027005672454833984
6,6,95,258.0,3.5427961349487305,3.5438525676727295,0.0010564327239990234
6,6,96,86.0,3.23514723777771,3.2315614223480225,-0.0035858154296875
6,6,97,142.0,4.2480573654174805,4.248798847198486,0.0007414817810058594
6,6,98,42.0,1.9809751510620117,1.9826618432998657,0.001686692237854004
6,6,99,224.0,2.4784393310546875,2.48384428024292,0.005404949188232422
6,6,100,197.0,1.853989601135254,1.854764699935913,0.0007750988006591797
6,6,101,85.0,2.4941816329956055,2.489291191101074,-0.00489044189453125
6,6,102,195.0,3.122326612472534,3.1212284564971924,-0.0010981559753417969
6,6,103,102.0,3.1147775650024414,3.1130194664001465,-0.0017580986022949219
6,6,104,181.0,3.189467191696167,3.1907708644866943,0.0013036727905273438
6,6,105,72.0,1.8649518489837646,1.861877679824829,-0.003074169158935547
6,6,106,130.0,4.294760227203369,4.296199798583984,0.0014395713806152344
6,6,107,62.0,2.4163553714752197,2.412606716156006,-0.003748655319213867
6,6,108,263.0,3.546691656112671,3.5401875972747803,-0.006504058837890625
6,6,109,194.0,2.697882890701294,2.6937944889068604,-0.004088401794433594
6,6,110,174.0,2.602036237716675,2.601714611053467,-0.0003216266632080078
6,6,111,235.0,3.703277826309204,3.7143807411193848,0.011102914810180664
6,6,112,143.0,3.633587121963501,3.6390883922576904,0.005501270294189453
6,6,113,117.0,4.060715675354004,4.070356369018555,0.009640693664550781
6,6,114,160.0,3.7659225463867188,3.767671585083008,0.0017490386962890625
6,6,115,115.0,3.034438133239746,3.0357778072357178,0.0013396739959716797
6,6,116,120.0,3.3571696281433105,3.36034893989563,0.003179311752319336
6,6,117,186.0,3.4980924129486084,3.502819776535034,0.004727363586425781
6,6,118,138.0,3.0037918090820312,2.994549512863159,-0.00924229621887207
6,6,119,80.0,2.1522231101989746,2.1537020206451416,0.0014789104461669922
6,6,120,164.0,2.666628122329712,2.665158987045288,-0.0014691352844238281
6,6,121,215.0,3.3896234035491943,3.387336254119873,-0.002287149429321289
6,6,122,81.0,3.035551071166992,3.0391199588775635,0.003568887710571289
6,6,123,171.0,2.9384942054748535,2.94235897064209,0.003864765167236328
6,6,124,41.0,5.417657375335693,5.455526828765869,0.03786945343017578
6,6,125,103.0,3.7517361640930176,3.747899293899536,-0.0038368701934814453
6,6,126,145.0,2.8366682529449463,2.837754964828491,0.0010867118835449219
6,6,127,102.0,2.7819013595581055,2.7765963077545166,-0.005305051803588867
6,7,0,196.0,3.129199504852295,3.1247174739837646,-0.0044820308685302734
6,7,1,127.0,2.998192548751831,3.000168800354004,0.0019762516021728516
6,7,2,162.0,2.099813938140869,2.0988919734954834,-0.0009219646453857422
6,7,3,92.0,3.952493190765381,3.950035333633423,-0.002457857131958008
6,7,4,194.0,2.782571315765381,2.776078462600708,-0.0064928531646728516
6,7,5,115.0,2.7538414001464844,2.748623847961426,-0.005217552185058594
6,7,6,109.0,4.127994060516357,4.120253086090088,-0.007740974426269531
6,7,7,48.0,3.018592119216919,3.018357992172241,-0.00023412704467773438
6,7,8,69.0,3.3226022720336914,3.322391986846924,-0.00021028518676757812
6,7,9,85.0,3.0205674171447754,3.028822183609009,0.008254766464233398
6,7,10,238.0,2.6267495155334473,2.631164312362671,0.004414796829223633
6,7,11,233.0,2.4413414001464844,2.4420902729034424,0.0007488727569580078
6,7,12,208.0,2.959929943084717,2.9578845500946045,-0.0020453929901123047
6,7,13,196.0,2.753826141357422,2.757925033569336,0.0040988922119140625
6,7,14,131.0,2.9712021350860596,2.970249891281128,-0.0009522438049316406
6,7,15,125.0,2.7515416145324707,2.753061294555664,0.0015196800231933594
6,7,16,61.0,4.166540145874023,4.165805339813232,-0.0007348060607910156
6,7,17,164.0,1.9632303714752197,1.95615553855896,-0.007074832916259766
6,7,18,107.0,3.135986328125,3.1399519443511963,0.003965616226196289
6,7,19,48.0,3.4995276927948,3.505002021789551,0.0054743289947509766
6,7,20,74.0,1.9705148935317993,1.9746980667114258,0.004183173179626465
6,7,21,103.0,2.235994577407837,2.2242534160614014,-0.011741161346435547
6,7,22,114.0,3.2786149978637695,3.274160623550415,-0.004454374313354492
6,7,23,50.0,5.015505313873291,5.0066046714782715,-0.008900642395019531
6,7,24,281.0,2.3039751052856445,2.3079886436462402,0.004013538360595703
6,7,25,247.0,1.9686022996902466,1.9680827856063843,-0.0005195140838623047
6,7,26,173.0,3.4113833904266357,3.408433198928833,-0.0029501914978027344
6,7,27,166.0,3.050419330596924,3.0513882637023926,0.00096893310546875
6,7,28,98.0,2.611907482147217,2.612987995147705,0.0010805130004882812
6,7,29,174.0,3.051379919052124,3.058805227279663,0.0074253082275390625
6,7,30,173.0,2.750077724456787,2.7517895698547363,0.0017118453979492188
6,7,31,215.0,3.4014222621917725,3.403742790222168,0.002320528030395508
6,7,32,186.0,2.6455953121185303,2.657609462738037,0.012014150619506836
6,7,33,153.0,2.4407522678375244,2.438347816467285,-0.002404451370239258
6,7,34,147.0,2.7246551513671875,2.7228915691375732,-0.0017635822296142578
6,7,35,50.0,4.024989604949951,4.0312652587890625,0.006275653839111328
6,7,36,86.0,2.0081088542938232,2.0050907135009766,-0.0030181407928466797
6,7,37,154.0,3.517357349395752,3.516552448272705,-0.000804901123046875
6,7,38,265.0,2.388361930847168,2.3949780464172363,0.006616115570068359
6,7,39,199.0,3.1552681922912598,3.1547036170959473,-0.0005645751953125
6,7,40,138.0,2.536069631576538,2.531611442565918,-0.004458189010620117
6,7,41,98.0,3.269590377807617,3.263615846633911,-0.005974531173706055
6,7,42,167.0,2.519949436187744,2.5215132236480713,0.0015637874603271484
6,7,43,288.0,3.7899160385131836,3.7900874614715576,0.00017142295837402344
6,7,44,225.0,2.509033441543579,2.510549306869507,0.0015158653259277344
6,7,45,191.0,3.1287972927093506,3.1359381675720215,0.0071408748626708984
6,7,46,92.0,4.466386795043945,4.466165065765381,-0.00022172927856445312
6,7,47,41.0,4.971887588500977,4.980101108551025,0.008213520050048828
6,7,48,231.0,2.9811513423919678,2.983588933944702,0.002437591552734375
6,7,49,101.0,2.116225004196167,2.1156580448150635,-0.0005669593811035156
6,7,50,177.0,2.9830946922302246,2.982144355773926,-0.0009503364562988281
6,7,51,252.0,3.516876697540283,3.5240252017974854,0.0071485042572021484
6,7,52,259.0,2.737027645111084,2.736668825149536,-0.00035881996154785156
6,7,53,47.0,1.9067243337631226,1.9071249961853027,0.0004006624221801758
6,7,54,164.0,2.2345211505889893,2.226597785949707,-0.007923364639282227
6,7,55,94.0,3.3757195472717285,3.376382350921631,0.0006628036499023438
6,7,56,103.0,3.3878378868103027,3.3857178688049316,-0.0021200180053710938
6,7,57,78.0,3.3106584548950195,3.320549488067627,0.009891033172607422
6,7,58,239.0,3.107602596282959,3.100512981414795,-0.0070896148681640625
6,7,59,271.0,4.418605804443359,4.4185614585876465,-4.4345855712890625e-05
6,7,60,162.0,2.9131579399108887,2.9119560718536377,-0.0012018680572509766
6,7,61,179.0,3.214285135269165,3.2148256301879883,0.0005404949188232422
6,7,62,218.0,2.5891129970550537,2.5887246131896973,-0.0003883838653564453
6,7,63,81.0,3.4107165336608887,3.4117190837860107,0.0010025501251220703
6,7,64,93.0,3.5013821125030518,3.499530792236328,-0.0018513202667236328
6,7,65,72.0,3.358228921890259,3.3576877117156982,-0.0005412101745605469
6,7,66,230.0,3.3264732360839844,3.3265371322631836,6.389617919921875e-05
6,7,67,99.0,2.410640239715576,2.411229372024536,0.0005891323089599609
6,7,68,213.0,2.6581079959869385,2.66082501411438,0.0027170181274414062
6,7,69,119.0,2.5800669193267822,2.584059715270996,0.003992795944213867
6,7,70,161.0,2.929652214050293,2.9312148094177246,0.0015625953674316406
6,7,71,90.0,3.9417757987976074,3.9406487941741943,-0.001127004623413086
6,7,72,181.0,2.8265914916992188,2.8203318119049072,-0.0062596797943115234
6,7,73,95.0,3.8289499282836914,3.8334431648254395,0.004493236541748047
6,7,74,245.0,2.2537572383880615,2.2550413608551025,0.0012841224670410156
6,7,75,93.0,1.7269396781921387,1.7405391931533813,0.013599514961242676
6,7,76,225.0,2.4448561668395996,2.444169044494629,-0.0006871223449707031
6,7,77,61.0,3.08821439743042,3.096153497695923,0.00793910026550293
6,7,78,257.0,3.5650999546051025,3.5633881092071533,-0.0017118453979492188
6,7,79,165.0,2.7435922622680664,2.744049549102783,0.0004572868347167969
6,7,80,117.0,4.079967498779297,4.079013824462891,-0.00095367431640625
6,7,81,89.0,3.1170668601989746,3.1158111095428467,-0.0012557506561279297
6,7,82,291.0,3.542208671569824,3.555983781814575,0.013775110244750977
6,7,83,93.0,3.1824769973754883,3.176450729370117,-0.006026268005371094
6,7,84,228.0,1.8533809185028076,1.8483463525772095,-0.0050345659255981445
6,7,85,131.0,2.4851677417755127,2.4787378311157227,-0.006429910659790039
6,7,86,191.0,3.915872573852539,3.9131200313568115,-0.002752542495727539
6,7,87,238.0,4.8885579109191895,4.886109352111816,-0.002448558807373047
6,7,88,210.0,2.9943952560424805,2.9990034103393555,0.004608154296875
6,7,89,107.0,4.1228203773498535,4.117916107177734,-0.004904270172119141
6,7,90,217.0,2.7718281745910645,2.77520751953125,0.003379344940185547
6,7,91,199.0,3.112976312637329,3.112056016921997,-0.0009202957153320312
6,7,92,84.0,2.381793260574341,2.3796699047088623,-0.0021233558654785156
6,7,93,271.0,3.5375630855560303,3.5413615703582764,0.0037984848022460938
6,7,94,226.0,3.105239152908325,3.1013200283050537,-0.003919124603271484
6,7,95,258.0,3.5427961349487305,3.5496888160705566,0.006892681121826172
6,7,96,86.0,3.23514723777771,3.237102508544922,0.001955270767211914
6,7,97,142.0,4.2480573654174805,4.247664928436279,-0.0003924369812011719
6,7,98,42.0,1.9809751510620117,1.9917224645614624,0.010747313499450684
6,7,99,224.0,2.4784393310546875,2.4787096977233887,0.0002703666687011719
6,7,100,197.0,1.853989601135254,1.8544925451278687,0.0005029439926147461
6,7,101,85.0,2.4941816329956055,2.492776393890381,-0.0014052391052246094
6,7,102,195.0,3.122326612472534,3.125457525253296,0.0031309127807617188
6,7,103,102.0,3.1147775650024414,3.121683120727539,0.006905555725097656
6,7,104,181.0,3.189467191696167,3.1857821941375732,-0.00368499755859375
6,7,105,72.0,1.8649518489837646,1.8595201969146729,-0.005431652069091797
6,7,106,130.0,4.294760227203369,4.298867702484131,0.004107475280761719
6,7,107,62.0,2.4163553714752197,2.4118239879608154,-0.004531383514404297
6,7,108,263.0,3.546691656112671,3.543731927871704,-0.002959728240966797
6,7,109,194.0,2.697882890701294,2.6935977935791016,-0.004285097122192383
6,7,110,174.0,2.602036237716675,2.6045541763305664,0.0025179386138916016
6,7,111,235.0,3.703277826309204,3.7180373668670654,0.014759540557861328
6,7,112,143.0,3.633587121963501,3.6375057697296143,0.003918647766113281
6,7,113,117.0,4.060715675354004,4.061045169830322,0.0003294944763183594
6,7,114,160.0,3.7659225463867188,3.773380994796753,0.00745844841003418
6,7,115,115.0,3.034438133239746,3.0364067554473877,0.0019686222076416016
6,7,116,120.0,3.3571696281433105,3.363621473312378,0.006451845169067383
6,7,117,186.0,3.4980924129486084,3.5019662380218506,0.0038738250732421875
6,7,118,138.0,3.0037918090820312,2.997666835784912,-0.006124973297119141
6,7,119,80.0,2.1522231101989746,2.1604902744293213,0.00826716423034668
6,7,120,164.0,2.666628122329712,2.6643354892730713,-0.002292633056640625
6,7,121,215.0,3.3896234035491943,3.3828091621398926,-0.006814241409301758
6,7,122,81.0,3.035551071166992,3.0389552116394043,0.0034041404724121094
6,7,123,171.0,2.9384942054748535,2.938772678375244,0.000278472900390625
6,7,124,41.0,5.417657375335693,5.389543533325195,-0.028113842010498047
6,7,125,103.0,3.7517361640930176,3.747584104537964,-0.004152059555053711
6,7,126,145.0,2.8366682529449463,2.8301424980163574,-0.006525754928588867
6,7,127,102.0,2.7819013595581055,2.7764081954956055,-0.0054931640625
6,8,0,196.0,3.129199504852295,3.1275482177734375,-0.0016512870788574219
6,8,1,127.0,2.998192548751831,2.9929039478302,-0.005288600921630859
6,8,2,162.0,2.099813938140869,2.1017568111419678,0.0019428730010986328
6,8,3,92.0,3.952493190765381,3.95257306098938,7.987022399902344e-05
6,8,4,194.0,2.782571315765381,2.7848598957061768,0.0022885799407958984
6,8,5,115.0,2.7538414001464844,2.7585864067077637,0.004745006561279297
6,8,6,109.0,4.127994060516357,4.12609338760376,-0.0019006729125976562
6,8,7,48.0,3.018592119216919,3.0072813034057617,-0.011310815811157227
6,8,8,69.0,3.3226022720336914,3.312150478363037,-0.010451793670654297
6,8,9,85.0,3.0205674171447754,3.016268730163574,-0.004298686981201172
6,8,10,238.0,2.6267495155334473,2.629133462905884,0.0023839473724365234
6,8,11,233.0,2.4413414001464844,2.4444119930267334,0.0030705928802490234
6,8,12,208.0,2.959929943084717,2.962754964828491,0.002825021743774414
6,8,13,196.0,2.753826141357422,2.753115653991699,-0.0007104873657226562
6,8,14,131.0,2.9712021350860596,2.979259967803955,0.008057832717895508
6,8,15,125.0,2.7515416145324707,2.7442238330841064,-0.007317781448364258
6,8,16,61.0,4.166540145874023,4.16001558303833,-0.006524562835693359
6,8,17,164.0,1.9632303714752197,1.9672709703445435,0.0040405988693237305
6,8,18,107.0,3.135986328125,3.141315221786499,0.0053288936614990234
6,8,19,48.0,3.4995276927948,3.4983081817626953,-0.0012195110321044922
6,8,20,74.0,1.9705148935317993,1.9694576263427734,-0.001057267189025879
6,8,21,103.0,2.235994577407837,2.2155251502990723,-0.02046942710876465
6,8,22,114.0,3.2786149978637695,3.2772414684295654,-0.0013735294342041016
6,8,23,50.0,5.015505313873291,5.008486747741699,-0.007018566131591797
6,8,24,281.0,2.3039751052856445,2.3099279403686523,0.0059528350830078125
6,8,25,247.0,1.9686022996902466,1.9709707498550415,0.002368450164794922
6,8,26,173.0,3.4113833904266357,3.4157774448394775,0.004394054412841797
6,8,27,166.0,3.050419330596924,3.0623977184295654,0.011978387832641602
6,8,28,98.0,2.611907482147217,2.613917827606201,0.002010345458984375
6,8,29,174.0,3.051379919052124,3.0588014125823975,0.0074214935302734375
6,8,30,173.0,2.750077724456787,2.744323968887329,-0.005753755569458008
6,8,31,215.0,3.4014222621917725,3.398463010787964,-0.0029592514038085938
6,8,32,186.0,2.6455953121185303,2.649014949798584,0.003419637680053711
6,8,33,153.0,2.4407522678375244,2.4350152015686035,-0.0057370662689208984
6,8,34,147.0,2.7246551513671875,2.7222068309783936,-0.0024483203887939453
6,8,35,50.0,4.024989604949951,4.020412445068359,-0.004577159881591797
6,8,36,86.0,2.0081088542938232,2.0244123935699463,0.016303539276123047
6,8,37,154.0,3.517357349395752,3.516183376312256,-0.0011739730834960938
6,8,38,265.0,2.388361930847168,2.390878438949585,0.002516508102416992
6,8,39,199.0,3.1552681922912598,3.1607203483581543,0.005452156066894531
6,8,40,138.0,2.536069631576538,2.534165620803833,-0.0019040107727050781
6,8,41,98.0,3.269590377807617,3.272810220718384,0.0032198429107666016
6,8,42,167.0,2.519949436187744,2.5233495235443115,0.003400087356567383
6,8,43,288.0,3.7899160385131836,3.795687437057495,0.0057713985443115234
6,8,44,225.0,2.509033441543579,2.507366418838501,-0.001667022705078125
6,8,45,191.0,3.1287972927093506,3.1280901432037354,-0.0007071495056152344
6,8,46,92.0,4.466386795043945,4.459484100341797,-0.0069026947021484375
6,8,47,41.0,4.971887588500977,4.972113609313965,0.00022602081298828125
6,8,48,231.0,2.9811513423919678,2.9868388175964355,0.0056874752044677734
6,8,49,101.0,2.116225004196167,2.107846260070801,-0.008378744125366211
6,8,50,177.0,2.9830946922302246,2.9849729537963867,0.0018782615661621094
6,8,51,252.0,3.516876697540283,3.519521951675415,0.002645254135131836
6,8,52,259.0,2.737027645111084,2.7337839603424072,-0.003243684768676758
6,8,53,47.0,1.9067243337631226,1.90817129611969,0.0014469623565673828
6,8,54,164.0,2.2345211505889893,2.2317659854888916,-0.0027551651000976562
6,8,55,94.0,3.3757195472717285,3.3724753856658936,-0.003244161605834961
6,8,56,103.0,3.3878378868103027,3.385122299194336,-0.002715587615966797
6,8,57,78.0,3.3106584548950195,3.3102686405181885,-0.0003898143768310547
6,8,58,239.0,3.107602596282959,3.102161169052124,-0.005441427230834961
6,8,59,271.0,4.418605804443359,4.428114891052246,0.009509086608886719
6,8,60,162.0,2.9131579399108887,2.9112775325775146,-0.0018804073333740234
6,8,61,179.0,3.214285135269165,3.217564105987549,0.003278970718383789
6,8,62,218.0,2.5891129970550537,2.587157964706421,-0.0019550323486328125
6,8,63,81.0,3.4107165336608887,3.4110264778137207,0.00030994415283203125
6,8,64,93.0,3.5013821125030518,3.5039680004119873,0.002585887908935547
6,8,65,72.0,3.358228921890259,3.352635383605957,-0.005593538284301758
6,8,66,230.0,3.3264732360839844,3.325618267059326,-0.0008549690246582031
6,8,67,99.0,2.410640239715576,2.392282724380493,-0.018357515335083008
6,8,68,213.0,2.6581079959869385,2.661346673965454,0.003238677978515625
6,8,69,119.0,2.5800669193267822,2.585538864135742,0.005471944808959961
6,8,70,161.0,2.929652214050293,2.9281113147735596,-0.0015408992767333984
6,8,71,90.0,3.9417757987976074,3.9467556476593018,0.004979848861694336
6,8,72,181.0,2.8265914916992188,2.8311827182769775,0.004591226577758789
6,8,73,95.0,3.8289499282836914,3.8426718711853027,0.013721942901611328
6,8,74,245.0,2.2537572383880615,2.2534685134887695,-0.0002887248992919922
6,8,75,93.0,1.7269396781921387,1.7324298620224,0.0054901838302612305
6,8,76,225.0,2.4448561668395996,2.4504201412200928,0.005563974380493164
6,8,77,61.0,3.08821439743042,3.113302707672119,0.02508831024169922
6,8,78,257.0,3.5650999546051025,3.570054054260254,0.004954099655151367
6,8,79,165.0,2.7435922622680664,2.747798442840576,0.004206180572509766
6,8,80,117.0,4.079967498779297,4.081968307495117,0.0020008087158203125
6,8,81,89.0,3.1170668601989746,3.1202633380889893,0.0031964778900146484
6,8,82,291.0,3.542208671569824,3.553266763687134,0.01105809211730957
6,8,83,93.0,3.1824769973754883,3.1828184127807617,0.0003414154052734375
6,8,84,228.0,1.8533809185028076,1.8565821647644043,0.0032012462615966797
6,8,85,131.0,2.4851677417755127,2.4819488525390625,-0.0032188892364501953
6,8,86,191.0,3.915872573852539,3.905937433242798,-0.009935140609741211
6,8,87,238.0,4.8885579109191895,4.89410400390625,0.005546092987060547
6,8,88,210.0,2.9943952560424805,2.997633218765259,0.0032379627227783203
6,8,89,107.0,4.1228203773498535,4.123237609863281,0.0004172325134277344
6,8,90,217.0,2.7718281745910645,2.771390914916992,-0.0004372596740722656
6,8,91,199.0,3.112976312637329,3.110954761505127,-0.0020215511322021484
6,8,92,84.0,2.381793260574341,2.3754022121429443,-0.006391048431396484
6,8,93,271.0,3.5375630855560303,3.535778284072876,-0.0017848014831542969
6,8,94,226.0,3.105239152908325,3.1009137630462646,-0.004325389862060547
6,8,95,258.0,3.5427961349487305,3.539569854736328,-0.0032262802124023438
6,8,96,86.0,3.23514723777771,3.2347962856292725,-0.0003509521484375
6,8,97,142.0,4.2480573654174805,4.249194622039795,0.0011372566223144531
6,8,98,42.0,1.9809751510620117,2.0024502277374268,0.02147507667541504
6,8,99,224.0,2.4784393310546875,2.481722354888916,0.0032830238342285156
6,8,100,197.0,1.853989601135254,1.8573943376541138,0.0034047365188598633
6,8,101,85.0,2.4941816329956055,2.4901440143585205,-0.004037618637084961
6,8,102,195.0,3.122326612472534,3.127152919769287,0.00482630729675293
6,8,103,102.0,3.1147775650024414,3.116565465927124,0.0017879009246826172
6,8,104,181.0,3.189467191696167,3.1864418983459473,-0.0030252933502197266
6,8,105,72.0,1.8649518489837646,1.8588488101959229,-0.006103038787841797
6,8,106,130.0,4.294760227203369,4.296665191650391,0.0019049644470214844
6,8,107,62.0,2.4163553714752197,2.431145191192627,0.014789819717407227
6,8,108,263.0,3.546691656112671,3.545976400375366,-0.0007152557373046875
6,8,109,194.0,2.697882890701294,2.702548027038574,0.0046651363372802734
6,8,110,174.0,2.602036237716675,2.6067872047424316,0.004750967025756836
6,8,111,235.0,3.703277826309204,3.68161940574646,-0.02165842056274414
6,8,112,143.0,3.633587121963501,3.6322195529937744,-0.0013675689697265625
6,8,113,117.0,4.060715675354004,4.070202350616455,0.009486675262451172
6,8,114,160.0,3.7659225463867188,3.771247148513794,0.005324602127075195
6,8,115,115.0,3.034438133239746,3.0299489498138428,-0.00448918342590332
6,8,116,120.0,3.3571696281433105,3.367922782897949,0.010753154754638672
6,8,117,186.0,3.4980924129486084,3.4988794326782227,0.0007870197296142578
6,8,118,138.0,3.0037918090820312,2.9975767135620117,-0.006215095520019531
6,8,119,80.0,2.1522231101989746,2.159137010574341,0.006913900375366211
6,8,120,164.0,2.666628122329712,2.6623260974884033,-0.004302024841308594
6,8,121,215.0,3.3896234035491943,3.3869969844818115,-0.0026264190673828125
6,8,122,81.0,3.035551071166992,3.0448548793792725,0.009303808212280273
6,8,123,171.0,2.9384942054748535,2.9416494369506836,0.003155231475830078
6,8,124,41.0,5.417657375335693,5.492506980895996,0.07484960556030273
6,8,125,103.0,3.7517361640930176,3.748798370361328,-0.002937793731689453
6,8,126,145.0,2.8366682529449463,2.833488941192627,-0.003179311752319336
6,8,127,102.0,2.7819013595581055,2.7793967723846436,-0.002504587173461914
6,9,0,196.0,3.129199504852295,3.122083902359009,-0.007115602493286133
6,9,1,127.0,2.998192548751831,3.001746892929077,0.0035543441772460938
6,9,2,162.0,2.099813938140869,2.1023950576782227,0.0025811195373535156
6,9,3,92.0,3.952493190765381,3.9468307495117188,-0.005662441253662109
6,9,4,194.0,2.782571315765381,2.7935798168182373,0.011008501052856445
6,9,5,115.0,2.7538414001464844,2.7448642253875732,-0.008977174758911133
6,9,6,109.0,4.127994060516357,4.107770919799805,-0.020223140716552734
6,9,7,48.0,3.018592119216919,3.0163958072662354,-0.0021963119506835938
6,9,8,69.0,3.3226022720336914,3.304835557937622,-0.017766714096069336
6,9,9,85.0,3.0205674171447754,3.030510425567627,0.009943008422851562
6,9,10,238.0,2.6267495155334473,2.6242763996124268,-0.002473115921020508
6,9,11,233.0,2.4413414001464844,2.438201427459717,-0.003139972686767578
6,9,12,208.0,2.959929943084717,2.9643869400024414,0.004456996917724609
6,9,13,196.0,2.753826141357422,2.748769998550415,-0.005056142807006836
6,9,14,131.0,2.9712021350860596,2.95648455619812,-0.014717578887939453
6,9,15,125.0,2.7515416145324707,2.751041889190674,-0.000499725341796875
6,9,16,61.0,4.166540145874023,4.158476829528809,-0.008063316345214844
6,9,17,164.0,1.9632303714752197,1.9712954759597778,0.008065104484558105
6,9,18,107.0,3.135986328125,3.1149606704711914,-0.021025657653808594
6,9,19,48.0,3.4995276927948,3.496596097946167,-0.0029315948486328125
6,9,20,74.0,1.9705148935317993,1.9818624258041382,0.011347532272338867
6,9,21,103.0,2.235994577407837,2.272311210632324,0.036316633224487305
6,9,22,114.0,3.2786149978637695,3.282499074935913,0.0038840770721435547
6,9,23,50.0,5.015505313873291,4.997747421264648,-0.017757892608642578
6,9,24,281.0,2.3039751052856445,2.3050293922424316,0.0010542869567871094
6,9,25,247.0,1.9686022996902466,1.9665147066116333,-0.0020875930786132812
6,9,26,173.0,3.4113833904266357,3.4163706302642822,0.004987239837646484
6,9,27,166.0,3.050419330596924,3.062241315841675,0.011821985244750977
6,9,28,98.0,2.611907482147217,2.60851788520813,-0.003389596939086914
6,9,29,174.0,3.051379919052124,3.0445587635040283,-0.006821155548095703
6,9,30,173.0,2.750077724456787,2.75551438331604,0.00543665885925293
6,9,31,215.0,3.4014222621917725,3.3970651626586914,-0.004357099533081055
6,9,32,186.0,2.6455953121185303,2.6516201496124268,0.006024837493896484
6,9,33,153.0,2.4407522678375244,2.4356796741485596,-0.005072593688964844
6,9,34,147.0,2.7246551513671875,2.7335357666015625,0.008880615234375
6,9,35,50.0,4.024989604949951,4.00505256652832,-0.01993703842163086
6,9,36,86.0,2.0081088542938232,1.9749813079833984,-0.033127546310424805
6,9,37,154.0,3.517357349395752,3.5338361263275146,0.016478776931762695
6,9,38,265.0,2.388361930847168,2.389561414718628,0.001199483871459961
6,9,39,199.0,3.1552681922912598,3.1649258136749268,0.009657621383666992
6,9,40,138.0,2.536069631576538,2.53434681892395,-0.0017228126525878906
6,9,41,98.0,3.269590377807617,3.2785799503326416,0.008989572525024414
6,9,42,167.0,2.519949436187744,2.5130863189697266,-0.006863117218017578
6,9,43,288.0,3.7899160385131836,3.788937568664551,-0.0009784698486328125
6,9,44,225.0,2.509033441543579,2.511744260787964,0.0027108192443847656
6,9,45,191.0,3.1287972927093506,3.1387460231781006,0.00994873046875
6,9,46,92.0,4.466386795043945,4.4718170166015625,0.0054302215576171875
6,9,47,41.0,4.971887588500977,4.943853378295898,-0.028034210205078125
6,9,48,231.0,2.9811513423919678,2.9831881523132324,0.0020368099212646484
6,9,49,101.0,2.116225004196167,2.111229419708252,-0.004995584487915039
6,9,50,177.0,2.9830946922302246,2.9809796810150146,-0.002115011215209961
6,9,51,252.0,3.516876697540283,3.5207133293151855,0.0038366317749023438
6,9,52,259.0,2.737027645111084,2.7269670963287354,-0.010060548782348633
6,9,53,47.0,1.9067243337631226,1.9078642129898071,0.0011398792266845703
6,9,54,164.0,2.2345211505889893,2.2346999645233154,0.00017881393432617188
6,9,55,94.0,3.3757195472717285,3.3682594299316406,-0.007460117340087891
6,9,56,103.0,3.3878378868103027,3.3944945335388184,0.006656646728515625
6,9,57,78.0,3.3106584548950195,3.3130176067352295,0.002359151840209961
6,9,58,239.0,3.107602596282959,3.1019036769866943,-0.0056989192962646484
6,9,59,271.0,4.418605804443359,4.415197849273682,-0.0034079551696777344
6,9,60,162.0,2.9131579399108887,2.9158809185028076,0.0027229785919189453
6,9,61,179.0,3.214285135269165,3.2104406356811523,-0.0038444995880126953
6,9,62,218.0,2.5891129970550537,2.5888426303863525,-0.0002703666687011719
6,9,63,81.0,3.4107165336608887,3.399951219558716,-0.010765314102172852
6,9,64,93.0,3.5013821125030518,3.4973225593566895,-0.004059553146362305
6,9,65,72.0,3.358228921890259,3.372891426086426,0.014662504196166992
6,9,66,230.0,3.3264732360839844,3.330018997192383,0.0035457611083984375
6,9,67,99.0,2.410640239715576,2.435004949569702,0.024364709854125977
6,9,68,213.0,2.6581079959869385,2.651270866394043,-0.006837129592895508
6,9,69,119.0,2.5800669193267822,2.581416130065918,0.0013492107391357422
6,9,70,161.0,2.929652214050293,2.930248737335205,0.0005965232849121094
6,9,71,90.0,3.9417757987976074,3.9390578269958496,-0.0027179718017578125
6,9,72,181.0,2.8265914916992188,2.8224356174468994,-0.004155874252319336
6,9,73,95.0,3.8289499282836914,3.838535785675049,0.009585857391357422
6,9,74,245.0,2.2537572383880615,2.253537654876709,-0.00021958351135253906
6,9,75,93.0,1.7269396781921387,1.73641836643219,0.00947868824005127
6,9,76,225.0,2.4448561668395996,2.4494524002075195,0.004596233367919922
6,9,77,61.0,3.08821439743042,3.103498935699463,0.015284538269042969
6,9,78,257.0,3.5650999546051025,3.5679500102996826,0.002850055694580078
6,9,79,165.0,2.7435922622680664,2.743403673171997,-0.00018858909606933594
6,9,80,117.0,4.079967498779297,4.068427562713623,-0.011539936065673828
6,9,81,89.0,3.1170668601989746,3.117238998413086,0.00017213821411132812
6,9,82,291.0,3.542208671569824,3.547161817550659,0.004953145980834961
6,9,83,93.0,3.1824769973754883,3.183558225631714,0.001081228256225586
6,9,84,228.0,1.8533809185028076,1.8566205501556396,0.0032396316528320312
6,9,85,131.0,2.4851677417755127,2.4777698516845703,-0.007397890090942383
6,9,86,191.0,3.915872573852539,3.9103646278381348,-0.005507946014404297
6,9,87,238.0,4.8885579109191895,4.89592981338501,0.0073719024658203125
6,9,88,210.0,2.9943952560424805,3.017601728439331,0.023206472396850586
6,9,89,107.0,4.1228203773498535,4.126905918121338,0.004085540771484375
6,9,90,217.0,2.7718281745910645,2.770251750946045,-0.0015764236450195312
6,9,91,199.0,3.112976312637329,3.1066808700561523,-0.006295442581176758
6,9,92,84.0,2.381793260574341,2.377894401550293,-0.0038988590240478516
6,9,93,271.0,3.5375630855560303,3.537580728530884,1.7642974853515625e-05
6,9,94,226.0,3.105239152908325,3.0996439456939697,-0.005595207214355469
6,9,95,258.0,3.5427961349487305,3.54591965675354,0.0031235218048095703
6,9,96,86.0,3.23514723777771,3.224867820739746,-0.010279417037963867
6,9,97,142.0,4.2480573654174805,4.245336055755615,-0.0027213096618652344
6,9,98,42.0,1.9809751510620117,1.9889519214630127,0.007976770401000977
6,9,99,224.0,2.4784393310546875,2.4748141765594482,-0.003625154495239258
6,9,100,197.0,1.853989601135254,1.8539915084838867,1.9073486328125e-06
6,9,101,85.0,2.4941816329956055,2.480494260787964,-0.013687372207641602
6,9,102,195.0,3.122326612472534,3.122523546218872,0.00019693374633789062
6,9,103,102.0,3.1147775650024414,3.1230900287628174,0.008312463760375977
6,9,104,181.0,3.189467191696167,3.193244457244873,0.0037772655487060547
6,9,105,72.0,1.8649518489837646,1.8523259162902832,-0.012625932693481445
6,9,106,130.0,4.294760227203369,4.306330680847168,0.011570453643798828
6,9,107,62.0,2.4163553714752197,2.4128832817077637,-0.0034720897674560547
6,9,108,263.0,3.546691656112671,3.538316249847412,-0.008375406265258789
6,9,109,194.0,2.697882890701294,2.696913242340088,-0.0009696483612060547
6,9,110,174.0,2.602036237716675,2.609726667404175,0.0076904296875
6,9,111,235.0,3.703277826309204,3.724191427230835,0.02091360092163086
6,9,112,143.0,3.633587121963501,3.6354258060455322,0.00183868408203125
6,9,113,117.0,4.060715675354004,4.03052282333374,-0.030192852020263672
6,9,114,160.0,3.7659225463867188,3.759443759918213,-0.006478786468505859
6,9,115,115.0,3.034438133239746,3.041093587875366,0.006655454635620117
6,9,116,120.0,3.3571696281433105,3.3531341552734375,-0.004035472869873047
6,9,117,186.0,3.4980924129486084,3.4943454265594482,-0.0037469863891601562
6,9,118,138.0,3.0037918090820312,2.9935741424560547,-0.010217666625976562
6,9,119,80.0,2.1522231101989746,2.146596908569336,-0.005626201629638672
6,9,120,164.0,2.666628122329712,2.665635585784912,-0.0009925365447998047
6,9,121,215.0,3.3896234035491943,3.383368968963623,-0.006254434585571289
6,9,122,81.0,3.035551071166992,3.0372812747955322,0.001730203628540039
6,9,123,171.0,2.9384942054748535,2.9411325454711914,0.0026383399963378906
6,9,124,41.0,5.417657375335693,5.3805975914001465,-0.037059783935546875
6,9,125,103.0,3.7517361640930176,3.741044521331787,-0.010691642761230469
6,9,126,145.0,2.8366682529449463,2.844909906387329,0.008241653442382812
6,9,127,102.0,2.7819013595581055,2.7713263034820557,-0.010575056076049805
6,10,0,196.0,3.129199504852295,3.1147050857543945,-0.01449441909790039
6,10,1,127.0,2.998192548751831,2.9984617233276367,0.00026917457580566406
6,10,2,162.0,2.099813938140869,2.1042120456695557,0.0043981075286865234
6,10,3,92.0,3.952493190765381,3.9460642337799072,-0.006428956985473633
6,10,4,194.0,2.782571315765381,2.7727465629577637,-0.009824752807617188
6,10,5,115.0,2.7538414001464844,2.756483554840088,0.0026421546936035156
6,10,6,109.0,4.127994060516357,4.120154857635498,-0.007839202880859375
6,10,7,48.0,3.018592119216919,3.0030882358551025,-0.015503883361816406
6,10,8,69.0,3.3226022720336914,3.317206382751465,-0.0053958892822265625
6,10,9,85.0,3.0205674171447754,3.023932695388794,0.0033652782440185547
6,10,10,238.0,2.6267495155334473,2.623480796813965,-0.003268718719482422
6,10,11,233.0,2.4413414001464844,2.4412291049957275,-0.00011229515075683594
6,10,12,208.0,2.959929943084717,2.9608309268951416,0.0009009838104248047
6,10,13,196.0,2.753826141357422,2.7521440982818604,-0.0016820430755615234
6,10,14,131.0,2.9712021350860596,2.968989133834839,-0.002213001251220703
6,10,15,125.0,2.7515416145324707,2.7475247383117676,-0.004016876220703125
6,10,16,61.0,4.166540145874023,4.155388832092285,-0.011151313781738281
6,10,17,164.0,1.9632303714752197,1.9652620553970337,0.002031683921813965
6,10,18,107.0,3.135986328125,3.150164842605591,0.01417851448059082
6,10,19,48.0,3.4995276927948,3.5056984424591064,0.006170749664306641
6,10,20,74.0,1.9705148935317993,1.9734575748443604,0.002942681312561035
6,10,21,103.0,2.235994577407837,2.2178244590759277,-0.01817011833190918
6,10,22,114.0,3.2786149978637695,3.2839369773864746,0.005321979522705078
6,10,23,50.0,5.015505313873291,5.018711566925049,0.0032062530517578125
6,10,24,281.0,2.3039751052856445,2.306279420852661,0.0023043155670166016
6,10,25,247.0,1.9686022996902466,1.9730819463729858,0.004479646682739258
6,10,26,173.0,3.4113833904266357,3.4119863510131836,0.0006029605865478516
6,10,27,166.0,3.050419330596924,3.0539097785949707,0.003490447998046875
6,10,28,98.0,2.611907482147217,2.612602710723877,0.0006952285766601562
6,10,29,174.0,3.051379919052124,3.054730176925659,0.0033502578735351562
6,10,30,173.0,2.750077724456787,2.7495217323303223,-0.0005559921264648438
6,10,31,215.0,3.4014222621917725,3.3984534740448,-0.0029687881469726562
6,10,32,186.0,2.6455953121185303,2.6389060020446777,-0.006689310073852539
6,10,33,153.0,2.4407522678375244,2.429133415222168,-0.011618852615356445
6,10,34,147.0,2.7246551513671875,2.7240285873413086,-0.0006265640258789062
6,10,35,50.0,4.024989604949951,4.017786979675293,-0.007202625274658203
6,10,36,86.0,2.0081088542938232,1.9954273700714111,-0.01268148422241211
6,10,37,154.0,3.517357349395752,3.5204293727874756,0.003072023391723633
6,10,38,265.0,2.388361930847168,2.3902227878570557,0.0018608570098876953
6,10,39,199.0,3.1552681922912598,3.1573846340179443,0.0021164417266845703
6,10,40,138.0,2.536069631576538,2.533522844314575,-0.0025467872619628906
6,10,41,98.0,3.269590377807617,3.266784429550171,-0.002805948257446289
6,10,42,167.0,2.519949436187744,2.522352457046509,0.0024030208587646484
6,10,43,288.0,3.7899160385131836,3.792231321334839,0.0023152828216552734
6,10,44,225.0,2.509033441543579,2.500446319580078,-0.008587121963500977
6,10,45,191.0,3.1287972927093506,3.130392074584961,0.0015947818756103516
6,10,46,92.0,4.466386795043945,4.456669807434082,-0.009716987609863281
6,10,47,41.0,4.971887588500977,4.967935085296631,-0.003952503204345703
6,10,48,231.0,2.9811513423919678,2.9853134155273438,0.0041620731353759766
6,10,49,101.0,2.116225004196167,2.116753101348877,0.0005280971527099609
6,10,50,177.0,2.9830946922302246,2.9769465923309326,-0.006148099899291992
6,10,51,252.0,3.516876697540283,3.5227973461151123,0.0059206485748291016
6,10,52,259.0,2.737027645111084,2.7330849170684814,-0.003942728042602539
6,10,53,47.0,1.9067243337631226,1.8990367650985718,-0.007687568664550781
6,10,54,164.0,2.2345211505889893,2.230396270751953,-0.004124879837036133
6,10,55,94.0,3.3757195472717285,3.3663454055786133,-0.009374141693115234
6,10,56,103.0,3.3878378868103027,3.394347667694092,0.0065097808837890625
6,10,57,78.0,3.3106584548950195,3.3102190494537354,-0.0004394054412841797
6,10,58,239.0,3.107602596282959,3.1034505367279053,-0.004152059555053711
6,10,59,271.0,4.418605804443359,4.415010929107666,-0.0035948753356933594
6,10,60,162.0,2.9131579399108887,2.914766311645508,0.0016083717346191406
6,10,61,179.0,3.214285135269165,3.206882953643799,-0.007402181625366211
6,10,62,218.0,2.5891129970550537,2.5871500968933105,-0.001962900161743164
6,10,63,81.0,3.4107165336608887,3.4035353660583496,-0.0071811676025390625
6,10,64,93.0,3.5013821125030518,3.4949088096618652,-0.0064733028411865234
6,10,65,72.0,3.358228921890259,3.3437931537628174,-0.014435768127441406
6,10,66,230.0,3.3264732360839844,3.3264033794403076,-6.985664367675781e-05
6,10,67,99.0,2.410640239715576,2.3623855113983154,-0.04825472831726074
6,10,68,213.0,2.6581079959869385,2.6604747772216797,0.002366781234741211
6,10,69,119.0,2.5800669193267822,2.5779411792755127,-0.0021257400512695312
6,10,70,161.0,2.929652214050293,2.9260637760162354,-0.003588438034057617
6,10,71,90.0,3.9417757987976074,3.9439311027526855,0.002155303955078125
6,10,72,181.0,2.8265914916992188,2.825822114944458,-0.0007693767547607422
6,10,73,95.0,3.8289499282836914,3.836061716079712,0.007111787796020508
6,10,74,245.0,2.2537572383880615,2.2520320415496826,-0.0017251968383789062
6,10,75,93.0,1.7269396781921387,1.739389181137085,0.012449502944946289
6,10,76,225.0,2.4448561668395996,2.4381179809570312,-0.006738185882568359
6,10,77,61.0,3.08821439743042,3.1076605319976807,0.019446134567260742
6,10,78,257.0,3.5650999546051025,3.563948631286621,-0.0011513233184814453
6,10,79,165.0,2.7435922622680664,2.7393040657043457,-0.004288196563720703
6,10,80,117.0,4.079967498779297,4.084296226501465,0.004328727722167969
6,10,81,89.0,3.1170668601989746,3.118006944656372,0.0009400844573974609
6,10,82,291.0,3.542208671569824,3.5529181957244873,0.010709524154663086
6,10,83,93.0,3.1824769973754883,3.1747896671295166,-0.00768733024597168
6,10,84,228.0,1.8533809185028076,1.8480870723724365,-0.005293846130371094
6,10,85,131.0,2.4851677417755127,2.4848318099975586,-0.00033593177795410156
6,10,86,191.0,3.915872573852539,3.9049887657165527,-0.010883808135986328
6,10,87,238.0,4.8885579109191895,4.890664100646973,0.002106189727783203
6,10,88,210.0,2.9943952560424805,2.995511054992676,0.0011157989501953125
6,10,89,107.0,4.1228203773498535,4.120613098144531,-0.0022072792053222656
6,10,90,217.0,2.7718281745910645,2.7659995555877686,-0.0058286190032958984
6,10,91,199.0,3.112976312637329,3.1123337745666504,-0.0006425380706787109
6,10,92,84.0,2.381793260574341,2.3809452056884766,-0.0008480548858642578
6,10,93,271.0,3.5375630855560303,3.5338799953460693,-0.0036830902099609375
6,10,94,226.0,3.105239152908325,3.1048426628112793,-0.00039649009704589844
6,10,95,258.0,3.5427961349487305,3.547703981399536,0.004907846450805664
6,10,96,86.0,3.23514723777771,3.242159843444824,0.007012605667114258
6,10,97,142.0,4.2480573654174805,4.23849630355835,-0.00956106185913086
6,10,98,42.0,1.9809751510620117,1.9764299392700195,-0.0045452117919921875
6,10,99,224.0,2.4784393310546875,2.4764344692230225,-0.002004861831665039
6,10,100,197.0,1.853989601135254,1.8606541156768799,0.0066645145416259766
6,10,101,85.0,2.4941816329956055,2.48468017578125,-0.009501457214355469
6,10,102,195.0,3.122326612472534,3.131072521209717,0.008745908737182617
6,10,103,102.0,3.1147775650024414,3.107959747314453,-0.006817817687988281
6,10,104,181.0,3.189467191696167,3.1890439987182617,-0.00042319297790527344
6,10,105,72.0,1.8649518489837646,1.8553534746170044,-0.009598374366760254
6,10,106,130.0,4.294760227203369,4.2856125831604,-0.00914764404296875
6,10,107,62.0,2.4163553714752197,2.4210240840911865,0.004668712615966797
6,10,108,263.0,3.546691656112671,3.539693832397461,-0.006997823715209961
6,10,109,194.0,2.697882890701294,2.7063138484954834,0.008430957794189453
6,10,110,174.0,2.602036237716675,2.6038875579833984,0.0018513202667236328
6,10,111,235.0,3.703277826309204,3.6983532905578613,-0.0049245357513427734
6,10,112,143.0,3.633587121963501,3.631058692932129,-0.0025284290313720703
6,10,113,117.0,4.060715675354004,4.089694499969482,0.028978824615478516
6,10,114,160.0,3.7659225463867188,3.7644500732421875,-0.00147247314453125
6,10,115,115.0,3.034438133239746,3.034771203994751,0.0003330707550048828
6,10,116,120.0,3.3571696281433105,3.3640027046203613,0.006833076477050781
6,10,117,186.0,3.4980924129486084,3.5070183277130127,0.008925914764404297
6,10,118,138.0,3.0037918090820312,2.9995598793029785,-0.004231929779052734
6,10,119,80.0,2.1522231101989746,2.15094256401062,-0.0012805461883544922
6,10,120,164.0,2.666628122329712,2.66631817817688,-0.00030994415283203125
6,10,121,215.0,3.3896234035491943,3.38533091545105,-0.004292488098144531
6,10,122,81.0,3.035551071166992,3.0467441082000732,0.011193037033081055
6,10,123,171.0,2.9384942054748535,2.9413015842437744,0.0028073787689208984
6,10,124,41.0,5.417657375335693,5.430617809295654,0.012960433959960938
6,10,125,103.0,3.7517361640930176,3.7381703853607178,-0.013565778732299805
6,10,126,145.0,2.8366682529449463,2.8374881744384766,0.0008199214935302734
6,10,127,102.0,2.7819013595581055,2.7894203662872314,0.0075190067291259766
6,11,0,196.0,3.129199504852295,3.1249382495880127,-0.0042612552642822266
6,11,1,127.0,2.998192548751831,2.9888534545898438,-0.009339094161987305
6,11,2,162.0,2.099813938140869,2.1035313606262207,0.0037174224853515625
6,11,3,92.0,3.952493190765381,3.9535071849823,0.0010139942169189453
6,11,4,194.0,2.782571315765381,2.780611991882324,-0.0019593238830566406
6,11,5,115.0,2.7538414001464844,2.757080078125,0.003238677978515625
6,11,6,109.0,4.127994060516357,4.128030300140381,3.62396240234375e-05
6,11,7,48.0,3.018592119216919,3.0228612422943115,0.004269123077392578
6,11,8,69.0,3.3226022720336914,3.311022996902466,-0.011579275131225586
6,11,9,85.0,3.0205674171447754,3.0173568725585938,-0.0032105445861816406
6,11,10,238.0,2.6267495155334473,2.6259140968322754,-0.000835418701171875
6,11,11,233.0,2.4413414001464844,2.445429801940918,0.004088401794433594
6,11,12,208.0,2.959929943084717,2.952845573425293,-0.007084369659423828
6,11,13,196.0,2.753826141357422,2.760816812515259,0.006990671157836914
6,11,14,131.0,2.9712021350860596,2.9696249961853027,-0.001577138900756836
6,11,15,125.0,2.7515416145324707,2.750476121902466,-0.0010654926300048828
6,11,16,61.0,4.166540145874023,4.145665168762207,-0.020874977111816406
6,11,17,164.0,1.9632303714752197,1.9668017625808716,0.0035713911056518555
6,11,18,107.0,3.135986328125,3.1534745693206787,0.01748824119567871
6,11,19,48.0,3.4995276927948,3.5104618072509766,0.010934114456176758
6,11,20,74.0,1.9705148935317993,1.9697195291519165,-0.0007953643798828125
6,11,21,103.0,2.235994577407837,2.2273616790771484,-0.008632898330688477
6,11,22,114.0,3.2786149978637695,3.2773802280426025,-0.0012347698211669922
6,11,23,50.0,5.015505313873291,5.016874313354492,0.0013689994812011719
6,11,24,281.0,2.3039751052856445,2.306638479232788,0.0026633739471435547
6,11,25,247.0,1.9686022996902466,1.9683222770690918,-0.00028002262115478516
6,11,26,173.0,3.4113833904266357,3.4113895893096924,6.198883056640625e-06
6,11,27,166.0,3.050419330596924,3.055086135864258,0.004666805267333984
6,11,28,98.0,2.611907482147217,2.618604898452759,0.006697416305541992
6,11,29,174.0,3.051379919052124,3.0575098991394043,0.0061299800872802734
6,11,30,173.0,2.750077724456787,2.752578020095825,0.002500295639038086
6,11,31,215.0,3.4014222621917725,3.401062250137329,-0.0003600120544433594
6,11,32,186.0,2.6455953121185303,2.647569417953491,0.0019741058349609375
6,11,33,153.0,2.4407522678375244,2.4328842163085938,-0.007868051528930664
6,11,34,147.0,2.7246551513671875,2.7250287532806396,0.00037360191345214844
6,11,35,50.0,4.024989604949951,4.025941371917725,0.0009517669677734375
6,11,36,86.0,2.0081088542938232,2.030640125274658,0.02253127098083496
6,11,37,154.0,3.517357349395752,3.520102024078369,0.0027446746826171875
6,11,38,265.0,2.388361930847168,2.3871212005615234,-0.0012407302856445312
6,11,39,199.0,3.1552681922912598,3.1556148529052734,0.0003466606140136719
6,11,40,138.0,2.536069631576538,2.5335452556610107,-0.0025243759155273438
6,11,41,98.0,3.269590377807617,3.2722017765045166,0.002611398696899414
6,11,42,167.0,2.519949436187744,2.522953510284424,0.0030040740966796875
6,11,43,288.0,3.7899160385131836,3.796656608581543,0.006740570068359375
6,11,44,225.0,2.509033441543579,2.5067059993743896,-0.002327442169189453
6,11,45,191.0,3.1287972927093506,3.137221097946167,0.008423805236816406
6,11,46,92.0,4.466386795043945,4.4681243896484375,0.0017375946044921875
6,11,47,41.0,4.971887588500977,4.994957447052002,0.02306985855102539
6,11,48,231.0,2.9811513423919678,2.985323667526245,0.004172325134277344
6,11,49,101.0,2.116225004196167,2.119083881378174,0.002858877182006836
6,11,50,177.0,2.9830946922302246,2.9868323802948,0.0037376880645751953
6,11,51,252.0,3.516876697540283,3.5203747749328613,0.003498077392578125
6,11,52,259.0,2.737027645111084,2.7349929809570312,-0.0020346641540527344
6,11,53,47.0,1.9067243337631226,1.9173542261123657,0.010629892349243164
6,11,54,164.0,2.2345211505889893,2.231755256652832,-0.0027658939361572266
6,11,55,94.0,3.3757195472717285,3.372009515762329,-0.003710031509399414
6,11,56,103.0,3.3878378868103027,3.3821635246276855,-0.0056743621826171875
6,11,57,78.0,3.3106584548950195,3.3162543773651123,0.0055959224700927734
6,11,58,239.0,3.107602596282959,3.1066250801086426,-0.0009775161743164062
6,11,59,271.0,4.418605804443359,4.4207963943481445,0.0021905899047851562
6,11,60,162.0,2.9131579399108887,2.9109601974487305,-0.002197742462158203
6,11,61,179.0,3.214285135269165,3.2095160484313965,-0.004769086837768555
6,11,62,218.0,2.5891129970550537,2.588953733444214,-0.00015926361083984375
6,11,63,81.0,3.4107165336608887,3.406696081161499,-0.0040204524993896484
6,11,64,93.0,3.5013821125030518,3.4963274002075195,-0.0050547122955322266
6,11,65,72.0,3.358228921890259,3.35086727142334,-0.007361650466918945
6,11,66,230.0,3.3264732360839844,3.323949098587036,-0.002524137496948242
6,11,67,99.0,2.410640239715576,2.3879151344299316,-0.02272510528564453
6,11,68,213.0,2.6581079959869385,2.6643776893615723,0.006269693374633789
6,11,69,119.0,2.5800669193267822,2.577169179916382,-0.0028977394104003906
6,11,70,161.0,2.929652214050293,2.9345200061798096,0.0048677921295166016
6,11,71,90.0,3.9417757987976074,3.933708429336548,-0.00806736946105957
6,11,72,181.0,2.8265914916992188,2.8286337852478027,0.0020422935485839844
6,11,73,95.0,3.8289499282836914,3.8386917114257812,0.009741783142089844
6,11,74,245.0,2.2537572383880615,2.255197525024414,0.001440286636352539
6,11,75,93.0,1.7269396781921387,1.7289479970932007,0.0020083189010620117
6,11,76,225.0,2.4448561668395996,2.443528413772583,-0.0013277530670166016
6,11,77,61.0,3.08821439743042,3.09382700920105,0.005612611770629883
6,11,78,257.0,3.5650999546051025,3.5706143379211426,0.005514383316040039
6,11,79,165.0,2.7435922622680664,2.742922067642212,-0.0006701946258544922
6,11,80,117.0,4.079967498779297,4.074755668640137,-0.005211830139160156
6,11,81,89.0,3.1170668601989746,3.119320869445801,0.002254009246826172
6,11,82,291.0,3.542208671569824,3.553673505783081,0.011464834213256836
6,11,83,93.0,3.1824769973754883,3.179959774017334,-0.002517223358154297
6,11,84,228.0,1.8533809185028076,1.856785774230957,0.003404855728149414
6,11,85,131.0,2.4851677417755127,2.4926021099090576,0.007434368133544922
6,11,86,191.0,3.915872573852539,3.9078118801116943,-0.008060693740844727
6,11,87,238.0,4.8885579109191895,4.887449264526367,-0.0011086463928222656
6,11,88,210.0,2.9943952560424805,3.004612445831299,0.01021718978881836
6,11,89,107.0,4.1228203773498535,4.115854263305664,-0.006966114044189453
6,11,90,217.0,2.7718281745910645,2.772714614868164,0.0008864402770996094
6,11,91,199.0,3.112976312637329,3.112255334854126,-0.000720977783203125
6,11,92,84.0,2.381793260574341,2.3896336555480957,0.007840394973754883
6,11,93,271.0,3.5375630855560303,3.5414061546325684,0.003843069076538086
6,11,94,226.0,3.105239152908325,3.1029820442199707,-0.002257108688354492
6,11,95,258.0,3.5427961349487305,3.547400712966919,0.0046045780181884766
6,11,96,86.0,3.23514723777771,3.2335195541381836,-0.0016276836395263672
6,11,97,142.0,4.2480573654174805,4.244657516479492,-0.0033998489379882812
6,11,98,42.0,1.9809751510620117,1.9963531494140625,0.015377998352050781
6,11,99,224.0,2.4784393310546875,2.4769744873046875,-0.00146484375
6,11,100,197.0,1.853989601135254,1.8561835289001465,0.002193927764892578
6,11,101,85.0,2.4941816329956055,2.4918277263641357,-0.0023539066314697266
6,11,102,195.0,3.122326612472534,3.123953342437744,0.001626729965209961
6,11,103,102.0,3.1147775650024414,3.114530086517334,-0.0002474784851074219
6,11,104,181.0,3.189467191696167,3.185100793838501,-0.004366397857666016
6,11,105,72.0,1.8649518489837646,1.8652962446212769,0.00034439563751220703
6,11,106,130.0,4.294760227203369,4.298367977142334,0.0036077499389648438
6,11,107,62.0,2.4163553714752197,2.428097724914551,0.011742353439331055
6,11,108,263.0,3.546691656112671,3.54860520362854,0.0019135475158691406
6,11,109,194.0,2.697882890701294,2.700390338897705,0.002507448196411133
6,11,110,174.0,2.602036237716675,2.5961287021636963,-0.005907535552978516
6,11,111,235.0,3.703277826309204,3.7101004123687744,0.0068225860595703125
6,11,112,143.0,3.633587121963501,3.643085241317749,0.009498119354248047
6,11,113,117.0,4.060715675354004,4.087002277374268,0.026286602020263672
6,11,114,160.0,3.7659225463867188,3.7649319171905518,-0.0009906291961669922
6,11,115,115.0,3.034438133239746,3.0330677032470703,-0.0013704299926757812
6,11,116,120.0,3.3571696281433105,3.3569564819335938,-0.00021314620971679688
6,11,117,186.0,3.4980924129486084,3.50407338142395,0.005980968475341797
6,11,118,138.0,3.0037918090820312,3.0003693103790283,-0.0034224987030029297
6,11,119,80.0,2.1522231101989746,2.1522181034088135,-5.0067901611328125e-06
6,11,120,164.0,2.666628122329712,2.66520357131958,-0.001424551010131836
6,11,121,215.0,3.3896234035491943,3.388925552368164,-0.0006978511810302734
6,11,122,81.0,3.035551071166992,3.0447235107421875,0.009172439575195312
6,11,123,171.0,2.9384942054748535,2.9436094760894775,0.0051152706146240234
6,11,124,41.0,5.417657375335693,5.385849952697754,-0.03180742263793945
6,11,125,103.0,3.7517361640930176,3.7564070224761963,0.004670858383178711
6,11,126,145.0,2.8366682529449463,2.8364973068237305,-0.0001709461212158203
6,11,127,102.0,2.7819013595581055,2.778228998184204,-0.003672361373901367
6,12,0,196.0,3.129199504852295,3.1251039505004883,-0.004095554351806641
6,12,1,127.0,2.998192548751831,2.9993932247161865,0.0012006759643554688
6,12,2,162.0,2.099813938140869,2.101374864578247,0.0015609264373779297
6,12,3,92.0,3.952493190765381,3.9476006031036377,-0.004892587661743164
6,12,4,194.0,2.782571315765381,2.783353805541992,0.0007824897766113281
6,12,5,115.0,2.7538414001464844,2.757277011871338,0.0034356117248535156
6,12,6,109.0,4.127994060516357,4.118753910064697,-0.009240150451660156
6,12,7,48.0,3.018592119216919,3.0123653411865234,-0.006226778030395508
6,12,8,69.0,3.3226022720336914,3.3190014362335205,-0.0036008358001708984
6,12,9,85.0,3.0205674171447754,3.023012161254883,0.002444744110107422
6,12,10,238.0,2.6267495155334473,2.6264634132385254,-0.000286102294921875
6,12,11,233.0,2.4413414001464844,2.4371137619018555,-0.004227638244628906
6,12,12,208.0,2.959929943084717,2.958794116973877,-0.0011358261108398438
6,12,13,196.0,2.753826141357422,2.7558798789978027,0.0020537376403808594
6,12,14,131.0,2.9712021350860596,2.9711451530456543,-5.698204040527344e-05
6,12,15,125.0,2.7515416145324707,2.7472586631774902,-0.004282951354980469
6,12,16,61.0,4.166540145874023,4.159214973449707,-0.007325172424316406
6,12,17,164.0,1.9632303714752197,1.9648772478103638,0.001646876335144043
6,12,18,107.0,3.135986328125,3.144928216934204,0.008941888809204102
6,12,19,48.0,3.4995276927948,3.5017049312591553,0.0021772384643554688
6,12,20,74.0,1.9705148935317993,1.9756947755813599,0.005179882049560547
6,12,21,103.0,2.235994577407837,2.2601613998413086,0.02416682243347168
6,12,22,114.0,3.2786149978637695,3.2784225940704346,-0.00019240379333496094
6,12,23,50.0,5.015505313873291,5.014443397521973,-0.0010619163513183594
6,12,24,281.0,2.3039751052856445,2.3069701194763184,0.002995014190673828
6,12,25,247.0,1.9686022996902466,1.9697046279907227,0.0011023283004760742
6,12,26,173.0,3.4113833904266357,3.420675754547119,0.009292364120483398
6,12,27,166.0,3.050419330596924,3.050654649734497,0.0002353191375732422
6,12,28,98.0,2.611907482147217,2.615171432495117,0.0032639503479003906
6,12,29,174.0,3.051379919052124,3.0483381748199463,-0.0030417442321777344
6,12,30,173.0,2.750077724456787,2.7455997467041016,-0.004477977752685547
6,12,31,215.0,3.4014222621917725,3.402085304260254,0.0006630420684814453
6,12,32,186.0,2.6455953121185303,2.6440999507904053,-0.001495361328125
6,12,33,153.0,2.4407522678375244,2.433964252471924,-0.006788015365600586
6,12,34,147.0,2.7246551513671875,2.716629981994629,-0.008025169372558594
6,12,35,50.0,4.024989604949951,4.013625144958496,-0.011364459991455078
6,12,36,86.0,2.0081088542938232,2.0180954933166504,0.009986639022827148
6,12,37,154.0,3.517357349395752,3.519071102142334,0.0017137527465820312
6,12,38,265.0,2.388361930847168,2.3925647735595703,0.004202842712402344
6,12,39,199.0,3.1552681922912598,3.156109571456909,0.0008413791656494141
6,12,40,138.0,2.536069631576538,2.5331499576568604,-0.0029196739196777344
6,12,41,98.0,3.269590377807617,3.27199387550354,0.0024034976959228516
6,12,42,167.0,2.519949436187744,2.5152664184570312,-0.004683017730712891
6,12,43,288.0,3.7899160385131836,3.7927656173706055,0.002849578857421875
6,12,44,225.0,2.509033441543579,2.505922317504883,-0.003111124038696289
6,12,45,191.0,3.1287972927093506,3.1272342205047607,-0.0015630722045898438
6,12,46,92.0,4.466386795043945,4.469214916229248,0.0028281211853027344
6,12,47,41.0,4.971887588500977,4.9315972328186035,-0.04029035568237305
6,12,48,231.0,2.9811513423919678,2.9866409301757812,0.0054895877838134766
6,12,49,101.0,2.116225004196167,2.1188666820526123,0.0026416778564453125
6,12,50,177.0,2.9830946922302246,2.9847519397735596,0.001657247543334961
6,12,51,252.0,3.516876697540283,3.520692825317383,0.0038161277770996094
6,12,52,259.0,2.737027645111084,2.735229969024658,-0.0017976760864257812
6,12,53,47.0,1.9067243337631226,1.853168249130249,-0.053556084632873535
6,12,54,164.0,2.2345211505889893,2.223465919494629,-0.011055231094360352
6,12,55,94.0,3.3757195472717285,3.3774101734161377,0.0016906261444091797
6,12,56,103.0,3.3878378868103027,3.38006329536438,-0.0077745914459228516
6,12,57,78.0,3.3106584548950195,3.3103272914886475,-0.0003311634063720703
6,12,58,239.0,3.107602596282959,3.0993125438690186,-0.00829005241394043
6,12,59,271.0,4.418605804443359,4.412756443023682,-0.005849361419677734
6,12,60,162.0,2.9131579399108887,2.9115076065063477,-0.0016503334045410156
6,12,61,179.0,3.214285135269165,3.2104268074035645,-0.003858327865600586
6,12,62,218.0,2.5891129970550537,2.588359832763672,-0.0007531642913818359
6,12,63,81.0,3.4107165336608887,3.3943586349487305,-0.016357898712158203
6,12,64,93.0,3.5013821125030518,3.4951047897338867,-0.006277322769165039
6,12,65,72.0,3.358228921890259,3.367872953414917,0.009644031524658203
6,12,66,230.0,3.3264732360839844,3.3259284496307373,-0.0005447864532470703
6,12,67,99.0,2.410640239715576,2.4325027465820312,0.021862506866455078
6,12,68,213.0,2.6581079959869385,2.6547152996063232,-0.0033926963806152344
6,12,69,119.0,2.5800669193267822,2.588603973388672,0.008537054061889648
6,12,70,161.0,2.929652214050293,2.9332265853881836,0.003574371337890625
6,12,71,90.0,3.9417757987976074,3.93798565864563,-0.003790140151977539
6,12,72,181.0,2.8265914916992188,2.82311749458313,-0.003473997116088867
6,12,73,95.0,3.8289499282836914,3.8328440189361572,0.0038940906524658203
6,12,74,245.0,2.2537572383880615,2.252178430557251,-0.0015788078308105469
6,12,75,93.0,1.7269396781921387,1.729395866394043,0.002456188201904297
6,12,76,225.0,2.4448561668395996,2.440329074859619,-0.004527091979980469
6,12,77,61.0,3.08821439743042,3.0875866413116455,-0.0006277561187744141
6,12,78,257.0,3.5650999546051025,3.5615456104278564,-0.0035543441772460938
6,12,79,165.0,2.7435922622680664,2.74212384223938,-0.0014684200286865234
6,12,80,117.0,4.079967498779297,4.0672287940979,-0.012738704681396484
6,12,81,89.0,3.1170668601989746,3.1158969402313232,-0.0011699199676513672
6,12,82,291.0,3.542208671569824,3.552058219909668,0.00984954833984375
6,12,83,93.0,3.1824769973754883,3.1815218925476074,-0.0009551048278808594
6,12,84,228.0,1.8533809185028076,1.8409615755081177,-0.012419342994689941
6,12,85,131.0,2.4851677417755127,2.4852101802825928,4.2438507080078125e-05
6,12,86,191.0,3.915872573852539,3.911341905593872,-0.004530668258666992
6,12,87,238.0,4.8885579109191895,4.884537220001221,-0.00402069091796875
6,12,88,210.0,2.9943952560424805,2.999067544937134,0.00467228889465332
6,12,89,107.0,4.1228203773498535,4.116661548614502,-0.0061588287353515625
6,12,90,217.0,2.7718281745910645,2.7697174549102783,-0.002110719680786133
6,12,91,199.0,3.112976312637329,3.107898473739624,-0.005077838897705078
6,12,92,84.0,2.381793260574341,2.386772394180298,0.004979133605957031
6,12,93,271.0,3.5375630855560303,3.538722038269043,0.0011589527130126953
6,12,94,226.0,3.105239152908325,3.0983762741088867,-0.0068628787994384766
6,12,95,258.0,3.5427961349487305,3.5368287563323975,-0.005967378616333008
6,12,96,86.0,3.23514723777771,3.233423948287964,-0.0017232894897460938
6,12,97,142.0,4.2480573654174805,4.24260139465332,-0.005455970764160156
6,12,98,42.0,1.9809751510620117,1.9921823740005493,0.011207222938537598
6,12,99,224.0,2.4784393310546875,2.4830586910247803,0.0046193599700927734
6,12,100,197.0,1.853989601135254,1.8504064083099365,-0.003583192825317383
6,12,101,85.0,2.4941816329956055,2.4926202297210693,-0.0015614032745361328
6,12,102,195.0,3.122326612472534,3.1258552074432373,0.003528594970703125
6,12,103,102.0,3.1147775650024414,3.115333080291748,0.0005555152893066406
6,12,104,181.0,3.189467191696167,3.190140962600708,0.0006737709045410156
6,12,105,72.0,1.8649518489837646,1.8570404052734375,-0.007911443710327148
6,12,106,130.0,4.294760227203369,4.297307968139648,0.002547740936279297
6,12,107,62.0,2.4163553714752197,2.421481132507324,0.005125761032104492
6,12,108,263.0,3.546691656112671,3.544724225997925,-0.0019674301147460938
6,12,109,194.0,2.697882890701294,2.691216468811035,-0.006666421890258789
6,12,110,174.0,2.602036237716675,2.605499505996704,0.003463268280029297
6,12,111,235.0,3.703277826309204,3.7237913608551025,0.020513534545898438
6,12,112,143.0,3.633587121963501,3.6374781131744385,0.0038909912109375
6,12,113,117.0,4.060715675354004,4.063787460327148,0.0030717849731445312
6,12,114,160.0,3.7659225463867188,3.764892578125,-0.00102996826171875
6,12,115,115.0,3.034438133239746,3.0356216430664062,0.0011835098266601562
6,12,116,120.0,3.3571696281433105,3.35880970954895,0.0016400814056396484
6,12,117,186.0,3.4980924129486084,3.5007338523864746,0.002641439437866211
6,12,118,138.0,3.0037918090820312,3.0005648136138916,-0.0032269954681396484
6,12,119,80.0,2.1522231101989746,2.1521363258361816,-8.678436279296875e-05
6,12,120,164.0,2.666628122329712,2.6672282218933105,0.0006000995635986328
6,12,121,215.0,3.3896234035491943,3.387407064437866,-0.002216339111328125
6,12,122,81.0,3.035551071166992,3.0410268306732178,0.005475759506225586
6,12,123,171.0,2.9384942054748535,2.9396615028381348,0.00116729736328125
6,12,124,41.0,5.417657375335693,5.3677473068237305,-0.04991006851196289
6,12,125,103.0,3.7517361640930176,3.749593734741211,-0.0021424293518066406
6,12,126,145.0,2.8366682529449463,2.841142416000366,0.004474163055419922
6,12,127,102.0,2.7819013595581055,2.7800958156585693,-0.0018055438995361328
6,13,0,196.0,3.129199504852295,3.1251769065856934,-0.0040225982666015625
6,13,1,127.0,2.998192548751831,2.995535373687744,-0.002657175064086914
6,13,2,162.0,2.099813938140869,2.0994582176208496,-0.00035572052001953125
6,13,3,92.0,3.952493190765381,3.9498848915100098,-0.0026082992553710938
6,13,4,194.0,2.782571315765381,2.781139373779297,-0.0014319419860839844
6,13,5,115.0,2.7538414001464844,2.7550244331359863,0.0011830329895019531
6,13,6,109.0,4.127994060516357,4.124914169311523,-0.0030798912048339844
6,13,7,48.0,3.018592119216919,3.0199203491210938,0.0013282299041748047
6,13,8,69.0,3.3226022720336914,3.323408365249634,0.0008060932159423828
6,13,9,85.0,3.0205674171447754,3.023693084716797,0.0031256675720214844
6,13,10,238.0,2.6267495155334473,2.6302268505096436,0.003477334976196289
6,13,11,233.0,2.4413414001464844,2.4426684379577637,0.0013270378112792969
6,13,12,208.0,2.959929943084717,2.957669496536255,-0.002260446548461914
6,13,13,196.0,2.753826141357422,2.7562174797058105,0.002391338348388672
6,13,14,131.0,2.9712021350860596,2.96419620513916,-0.007005929946899414
6,13,15,125.0,2.7515416145324707,2.753692388534546,0.0021507740020751953
6,13,16,61.0,4.166540145874023,4.1752495765686035,0.008709430694580078
6,13,17,164.0,1.9632303714752197,1.9610446691513062,-0.0021857023239135742
6,13,18,107.0,3.135986328125,3.138583183288574,0.0025968551635742188
6,13,19,48.0,3.4995276927948,3.5177619457244873,0.0182342529296875
6,13,20,74.0,1.9705148935317993,1.9738134145736694,0.003298521041870117
6,13,21,103.0,2.235994577407837,2.2625925540924072,0.026597976684570312
6,13,22,114.0,3.2786149978637695,3.2837421894073486,0.0051271915435791016
6,13,23,50.0,5.015505313873291,5.009555816650391,-0.005949497222900391
6,13,24,281.0,2.3039751052856445,2.3069117069244385,0.0029366016387939453
6,13,25,247.0,1.9686022996902466,1.9690446853637695,0.0004423856735229492
6,13,26,173.0,3.4113833904266357,3.4059085845947266,-0.00547480583190918
6,13,27,166.0,3.050419330596924,3.0508475303649902,0.00042819976806640625
6,13,28,98.0,2.611907482147217,2.612893581390381,0.0009860992431640625
6,13,29,174.0,3.051379919052124,3.054643392562866,0.0032634735107421875
6,13,30,173.0,2.750077724456787,2.750528573989868,0.0004508495330810547
6,13,31,215.0,3.4014222621917725,3.4017839431762695,0.0003616809844970703
6,13,32,186.0,2.6455953121185303,2.646186351776123,0.0005910396575927734
6,13,33,153.0,2.4407522678375244,2.4407219886779785,-3.0279159545898438e-05
6,13,34,147.0,2.7246551513671875,2.7313883304595947,0.0067331790924072266
6,13,35,50.0,4.024989604949951,4.0057291984558105,-0.019260406494140625
6,13,36,86.0,2.0081088542938232,2.0123891830444336,0.0042803287506103516
6,13,37,154.0,3.517357349395752,3.519153118133545,0.0017957687377929688
6,13,38,265.0,2.388361930847168,2.3882033824920654,-0.00015854835510253906
6,13,39,199.0,3.1552681922912598,3.1597304344177246,0.004462242126464844
6,13,40,138.0,2.536069631576538,2.5321319103240967,-0.003937721252441406
6,13,41,98.0,3.269590377807617,3.2671196460723877,-0.002470731735229492
6,13,42,167.0,2.519949436187744,2.516554355621338,-0.00339508056640625
6,13,43,288.0,3.7899160385131836,3.792159080505371,0.0022430419921875
6,13,44,225.0,2.509033441543579,2.509389638900757,0.0003561973571777344
6,13,45,191.0,3.1287972927093506,3.134483814239502,0.005686521530151367
6,13,46,92.0,4.466386795043945,4.466569900512695,0.00018310546875
6,13,47,41.0,4.971887588500977,4.964817523956299,-0.007070064544677734
6,13,48,231.0,2.9811513423919678,2.9842700958251953,0.003118753433227539
6,13,49,101.0,2.116225004196167,2.120682716369629,0.004457712173461914
6,13,50,177.0,2.9830946922302246,2.9900128841400146,0.006918191909790039
6,13,51,252.0,3.516876697540283,3.523785352706909,0.0069086551666259766
6,13,52,259.0,2.737027645111084,2.735219955444336,-0.0018076896667480469
6,13,53,47.0,1.9067243337631226,1.9100159406661987,0.003291606903076172
6,13,54,164.0,2.2345211505889893,2.229840040206909,-0.004681110382080078
6,13,55,94.0,3.3757195472717285,3.376575231552124,0.0008556842803955078
6,13,56,103.0,3.3878378868103027,3.3905065059661865,0.002668619155883789
6,13,57,78.0,3.3106584548950195,3.3190271854400635,0.008368730545043945
6,13,58,239.0,3.107602596282959,3.109259605407715,0.0016570091247558594
6,13,59,271.0,4.418605804443359,4.422886848449707,0.004281044006347656
6,13,60,162.0,2.9131579399108887,2.9096174240112305,-0.003540515899658203
6,13,61,179.0,3.214285135269165,3.2136332988739014,-0.0006518363952636719
6,13,62,218.0,2.5891129970550537,2.590519428253174,0.0014064311981201172
6,13,63,81.0,3.4107165336608887,3.421215295791626,0.010498762130737305
6,13,64,93.0,3.5013821125030518,3.5045166015625,0.003134489059448242
6,13,65,72.0,3.358228921890259,3.360386610031128,0.0021576881408691406
6,13,66,230.0,3.3264732360839844,3.3251922130584717,-0.0012810230255126953
6,13,67,99.0,2.410640239715576,2.4148130416870117,0.004172801971435547
6,13,68,213.0,2.6581079959869385,2.665377378463745,0.007269382476806641
6,13,69,119.0,2.5800669193267822,2.5804483890533447,0.0003814697265625
6,13,70,161.0,2.929652214050293,2.933293581008911,0.003641366958618164
6,13,71,90.0,3.9417757987976074,3.9496138095855713,0.007838010787963867
6,13,72,181.0,2.8265914916992188,2.8215503692626953,-0.0050411224365234375
6,13,73,95.0,3.8289499282836914,3.8369994163513184,0.008049488067626953
6,13,74,245.0,2.2537572383880615,2.2543208599090576,0.0005636215209960938
6,13,75,93.0,1.7269396781921387,1.7380715608596802,0.011131882667541504
6,13,76,225.0,2.4448561668395996,2.4435393810272217,-0.0013167858123779297
6,13,77,61.0,3.08821439743042,3.08791446685791,-0.0002999305725097656
6,13,78,257.0,3.5650999546051025,3.5654592514038086,0.0003592967987060547
6,13,79,165.0,2.7435922622680664,2.742460012435913,-0.0011322498321533203
6,13,80,117.0,4.079967498779297,4.073270797729492,-0.0066967010498046875
6,13,81,89.0,3.1170668601989746,3.1166248321533203,-0.0004420280456542969
6,13,82,291.0,3.542208671569824,3.5482094287872314,0.0060007572174072266
6,13,83,93.0,3.1824769973754883,3.185697555541992,0.0032205581665039062
6,13,84,228.0,1.8533809185028076,1.8371381759643555,-0.01624274253845215
6,13,85,131.0,2.4851677417755127,2.4845409393310547,-0.0006268024444580078
6,13,86,191.0,3.915872573852539,3.9096813201904297,-0.006191253662109375
6,13,87,238.0,4.8885579109191895,4.891711235046387,0.0031533241271972656
6,13,88,210.0,2.9943952560424805,3.0053184032440186,0.010923147201538086
6,13,89,107.0,4.1228203773498535,4.120011329650879,-0.0028090476989746094
6,13,90,217.0,2.7718281745910645,2.7737014293670654,0.0018732547760009766
6,13,91,199.0,3.112976312637329,3.112689971923828,-0.00028634071350097656
6,13,92,84.0,2.381793260574341,2.3778510093688965,-0.003942251205444336
6,13,93,271.0,3.5375630855560303,3.536198854446411,-0.0013642311096191406
6,13,94,226.0,3.105239152908325,3.1036853790283203,-0.0015537738800048828
6,13,95,258.0,3.5427961349487305,3.5451204776763916,0.002324342727661133
6,13,96,86.0,3.23514723777771,3.2361667156219482,0.0010194778442382812
6,13,97,142.0,4.2480573654174805,4.250482559204102,0.0024251937866210938
6,13,98,42.0,1.9809751510620117,1.9824635982513428,0.0014884471893310547
6,13,99,224.0,2.4784393310546875,2.4820988178253174,0.003659486770629883
6,13,100,197.0,1.853989601135254,1.8545476198196411,0.000558018684387207
6,13,101,85.0,2.4941816329956055,2.491894245147705,-0.0022873878479003906
6,13,102,195.0,3.122326612472534,3.1266560554504395,0.0043294429779052734
6,13,103,102.0,3.1147775650024414,3.117502450942993,0.002724885940551758
6,13,104,181.0,3.189467191696167,3.1835503578186035,-0.0059168338775634766
6,13,105,72.0,1.8649518489837646,1.860664963722229,-0.0042868852615356445
6,13,106,130.0,4.294760227203369,4.287267208099365,-0.007493019104003906
6,13,107,62.0,2.4163553714752197,2.413994789123535,-0.0023605823516845703
6,13,108,263.0,3.546691656112671,3.5491561889648438,0.0024645328521728516
6,13,109,194.0,2.697882890701294,2.6995818614959717,0.0016989707946777344
6,13,110,174.0,2.602036237716675,2.604172706604004,0.0021364688873291016
6,13,111,235.0,3.703277826309204,3.699218273162842,-0.004059553146362305
6,13,112,143.0,3.633587121963501,3.638383388519287,0.004796266555786133
6,13,113,117.0,4.060715675354004,4.060492992401123,-0.00022268295288085938
6,13,114,160.0,3.7659225463867188,3.767902374267578,0.001979827880859375
6,13,115,115.0,3.034438133239746,3.0343782901763916,-5.984306335449219e-05
6,13,116,120.0,3.3571696281433105,3.358257532119751,0.0010879039764404297
6,13,117,186.0,3.4980924129486084,3.4999191761016846,0.0018267631530761719
6,13,118,138.0,3.0037918090820312,3.004056692123413,0.00026488304138183594
6,13,119,80.0,2.1522231101989746,2.149264335632324,-0.0029587745666503906
6,13,120,164.0,2.666628122329712,2.669288158416748,0.002660036087036133
6,13,121,215.0,3.3896234035491943,3.3873071670532227,-0.0023162364959716797
6,13,122,81.0,3.035551071166992,3.0371251106262207,0.0015740394592285156
6,13,123,171.0,2.9384942054748535,2.9409005641937256,0.0024063587188720703
6,13,124,41.0,5.417657375335693,5.396744728088379,-0.020912647247314453
6,13,125,103.0,3.7517361640930176,3.744997501373291,-0.0067386627197265625
6,13,126,145.0,2.8366682529449463,2.8357443809509277,-0.0009238719940185547
6,13,127,102.0,2.7819013595581055,2.775571584701538,-0.006329774856567383
6,14,0,196.0,3.129199504852295,3.127800226211548,-0.0013992786407470703
6,14,1,127.0,2.998192548751831,2.991992712020874,-0.006199836730957031
6,14,2,162.0,2.099813938140869,2.101679563522339,0.0018656253814697266
6,14,3,92.0,3.952493190765381,3.958000421524048,0.005507230758666992
6,14,4,194.0,2.782571315765381,2.7912187576293945,0.008647441864013672
6,14,5,115.0,2.7538414001464844,2.7594826221466064,0.00564122200012207
6,14,6,109.0,4.127994060516357,4.121616840362549,-0.006377220153808594
6,14,7,48.0,3.018592119216919,3.0241329669952393,0.0055408477783203125
6,14,8,69.0,3.3226022720336914,3.3167495727539062,-0.005852699279785156
6,14,9,85.0,3.0205674171447754,3.007539749145508,-0.013027667999267578
6,14,10,238.0,2.6267495155334473,2.631620407104492,0.004870891571044922
6,14,11,233.0,2.4413414001464844,2.4447226524353027,0.0033812522888183594
6,14,12,208.0,2.959929943084717,2.954674005508423,-0.005255937576293945
6,14,13,196.0,2.753826141357422,2.7543933391571045,0.0005671977996826172
6,14,14,131.0,2.9712021350860596,2.9693198204040527,-0.001882314682006836
6,14,15,125.0,2.7515416145324707,2.7563464641571045,0.004804849624633789
6,14,16,61.0,4.166540145874023,4.167322158813477,0.000782012939453125
6,14,17,164.0,1.9632303714752197,1.9635854959487915,0.00035512447357177734
6,14,18,107.0,3.135986328125,3.148583173751831,0.012596845626831055
6,14,19,48.0,3.4995276927948,3.5235679149627686,0.02404022216796875
6,14,20,74.0,1.9705148935317993,1.9682390689849854,-0.002275824546813965
6,14,21,103.0,2.235994577407837,2.2082979679107666,-0.027696609497070312
6,14,22,114.0,3.2786149978637695,3.275679588317871,-0.0029354095458984375
6,14,23,50.0,5.015505313873291,5.014780044555664,-0.0007252693176269531
6,14,24,281.0,2.3039751052856445,2.319368600845337,0.015393495559692383
6,14,25,247.0,1.9686022996902466,1.9680249691009521,-0.0005773305892944336
6,14,26,173.0,3.4113833904266357,3.419721841812134,0.008338451385498047
6,14,27,166.0,3.050419330596924,3.0485758781433105,-0.0018434524536132812
6,14,28,98.0,2.611907482147217,2.6165833473205566,0.004675865173339844
6,14,29,174.0,3.051379919052124,3.0734314918518066,0.022051572799682617
6,14,30,173.0,2.750077724456787,2.749703884124756,-0.00037384033203125
6,14,31,215.0,3.4014222621917725,3.3961846828460693,-0.005237579345703125
6,14,32,186.0,2.6455953121185303,2.6492440700531006,0.0036487579345703125
6,14,33,153.0,2.4407522678375244,2.442202091217041,0.0014498233795166016
6,14,34,147.0,2.7246551513671875,2.737344264984131,0.01268911361694336
6,14,35,50.0,4.024989604949951,4.0152668952941895,-0.009722709655761719
6,14,36,86.0,2.0081088542938232,1.998905062675476,-0.009203791618347168
6,14,37,154.0,3.517357349395752,3.521371841430664,0.004014492034912109
6,14,38,265.0,2.388361930847168,2.3882386684417725,-0.0001232624053955078
6,14,39,199.0,3.1552681922912598,3.156590461730957,0.0013222694396972656
6,14,40,138.0,2.536069631576538,2.5420665740966797,0.0059969425201416016
6,14,41,98.0,3.269590377807617,3.2706000804901123,0.0010097026824951172
6,14,42,167.0,2.519949436187744,2.5206949710845947,0.0007455348968505859
6,14,43,288.0,3.7899160385131836,3.787013530731201,-0.002902507781982422
6,14,44,225.0,2.509033441543579,2.5065858364105225,-0.0024476051330566406
6,14,45,191.0,3.1287972927093506,3.126467704772949,-0.002329587936401367
6,14,46,92.0,4.466386795043945,4.470271587371826,0.0038847923278808594
6,14,47,41.0,4.971887588500977,4.982697486877441,0.010809898376464844
6,14,48,231.0,2.9811513423919678,2.987415075302124,0.00626373291015625
6,14,49,101.0,2.116225004196167,2.1148273944854736,-0.0013976097106933594
6,14,50,177.0,2.9830946922302246,2.980630874633789,-0.002463817596435547
6,14,51,252.0,3.516876697540283,3.526500940322876,0.009624242782592773
6,14,52,259.0,2.737027645111084,2.735882043838501,-0.0011456012725830078
6,14,53,47.0,1.9067243337631226,1.918005108833313,0.01128077507019043
6,14,54,164.0,2.2345211505889893,2.233276844024658,-0.0012443065643310547
6,14,55,94.0,3.3757195472717285,3.3713371753692627,-0.00438237190246582
6,14,56,103.0,3.3878378868103027,3.395653009414673,0.007815122604370117
6,14,57,78.0,3.3106584548950195,3.319922924041748,0.009264469146728516
6,14,58,239.0,3.107602596282959,3.1031150817871094,-0.004487514495849609
6,14,59,271.0,4.418605804443359,4.419579029083252,0.0009732246398925781
6,14,60,162.0,2.9131579399108887,2.914142608642578,0.0009846687316894531
6,14,61,179.0,3.214285135269165,3.212221622467041,-0.0020635128021240234
6,14,62,218.0,2.5891129970550537,2.589897871017456,0.0007848739624023438
6,14,63,81.0,3.4107165336608887,3.401609420776367,-0.009107112884521484
6,14,64,93.0,3.5013821125030518,3.5096304416656494,0.008248329162597656
6,14,65,72.0,3.358228921890259,3.375178575515747,0.01694965362548828
6,14,66,230.0,3.3264732360839844,3.3259177207946777,-0.0005555152893066406
6,14,67,99.0,2.410640239715576,2.409583806991577,-0.0010564327239990234
6,14,68,213.0,2.6581079959869385,2.6593515872955322,0.00124359130859375
6,14,69,119.0,2.5800669193267822,2.5764107704162598,-0.003656148910522461
6,14,70,161.0,2.929652214050293,2.927649736404419,-0.0020024776458740234
6,14,71,90.0,3.9417757987976074,3.942424774169922,0.0006489753723144531
6,14,72,181.0,2.8265914916992188,2.8245604038238525,-0.002031087875366211
6,14,73,95.0,3.8289499282836914,3.831115961074829,0.0021660327911376953
6,14,74,245.0,2.2537572383880615,2.250983953475952,-0.002773284912109375
6,14,75,93.0,1.7269396781921387,1.7208662033081055,-0.006073474884033203
6,14,76,225.0,2.4448561668395996,2.4411773681640625,-0.0036787986755371094
6,14,77,61.0,3.08821439743042,3.099031448364258,0.01081705093383789
6,14,78,257.0,3.5650999546051025,3.553131103515625,-0.011968851089477539
6,14,79,165.0,2.7435922622680664,2.7393062114715576,-0.004286050796508789
6,14,80,117.0,4.079967498779297,4.082658767700195,0.0026912689208984375
6,14,81,89.0,3.1170668601989746,3.1234052181243896,0.006338357925415039
6,14,82,291.0,3.542208671569824,3.5504817962646484,0.008273124694824219
6,14,83,93.0,3.1824769973754883,3.183497667312622,0.001020669937133789
6,14,84,228.0,1.8533809185028076,1.8448538780212402,-0.008527040481567383
6,14,85,131.0,2.4851677417755127,2.4881019592285156,0.0029342174530029297
6,14,86,191.0,3.915872573852539,3.9144182205200195,-0.0014543533325195312
6,14,87,238.0,4.8885579109191895,4.884574890136719,-0.003983020782470703
6,14,88,210.0,2.9943952560424805,3.0027096271514893,0.008314371109008789
6,14,89,107.0,4.1228203773498535,4.13321590423584,0.010395526885986328
6,14,90,217.0,2.7718281745910645,2.774958848953247,0.003130674362182617
6,14,91,199.0,3.112976312637329,3.1136913299560547,0.0007150173187255859
6,14,92,84.0,2.381793260574341,2.3804311752319336,-0.0013620853424072266
6,14,93,271.0,3.5375630855560303,3.532546043395996,-0.00501704216003418
6,14,94,226.0,3.105239152908325,3.1042640209198,-0.0009751319885253906
6,14,95,258.0,3.5427961349487305,3.5489556789398193,0.006159543991088867
6,14,96,86.0,3.23514723777771,3.235377788543701,0.00023055076599121094
6,14,97,142.0,4.2480573654174805,4.245898723602295,-0.002158641815185547
6,14,98,42.0,1.9809751510620117,1.9872922897338867,0.006317138671875
6,14,99,224.0,2.4784393310546875,2.476959466934204,-0.0014798641204833984
6,14,100,197.0,1.853989601135254,1.8573541641235352,0.00336456298828125
6,14,101,85.0,2.4941816329956055,2.489593029022217,-0.004588603973388672
6,14,102,195.0,3.122326612472534,3.1224842071533203,0.0001575946807861328
6,14,103,102.0,3.1147775650024414,3.1318771839141846,0.017099618911743164
6,14,104,181.0,3.189467191696167,3.192795515060425,0.0033283233642578125
6,14,105,72.0,1.8649518489837646,1.859865427017212,-0.005086421966552734
6,14,106,130.0,4.294760227203369,4.291635513305664,-0.003124713897705078
6,14,107,62.0,2.4163553714752197,2.423497200012207,0.007141828536987305
6,14,108,263.0,3.546691656112671,3.5481016635894775,0.0014100074768066406
6,14,109,194.0,2.697882890701294,2.7024528980255127,0.00457000732421875
6,14,110,174.0,2.602036237716675,2.6022164821624756,0.00018024444580078125
6,14,111,235.0,3.703277826309204,3.6947226524353027,-0.008555173873901367
6,14,112,143.0,3.633587121963501,3.63681697845459,0.003229856491088867
6,14,113,117.0,4.060715675354004,4.075366973876953,0.014651298522949219
6,14,114,160.0,3.7659225463867188,3.7683329582214355,0.002410411834716797
6,14,115,115.0,3.034438133239746,3.0337390899658203,-0.0006990432739257812
6,14,116,120.0,3.3571696281433105,3.3657243251800537,0.008554697036743164
6,14,117,186.0,3.4980924129486084,3.5064539909362793,0.008361577987670898
6,14,118,138.0,3.0037918090820312,2.998911142349243,-0.004880666732788086
6,14,119,80.0,2.1522231101989746,2.1599903106689453,0.007767200469970703
6,14,120,164.0,2.666628122329712,2.6702322959899902,0.0036041736602783203
6,14,121,215.0,3.3896234035491943,3.3920655250549316,0.0024421215057373047
6,14,122,81.0,3.035551071166992,3.0430657863616943,0.0075147151947021484
6,14,123,171.0,2.9384942054748535,2.9485831260681152,0.010088920593261719
6,14,124,41.0,5.417657375335693,5.3171186447143555,-0.10053873062133789
6,14,125,103.0,3.7517361640930176,3.750129222869873,-0.0016069412231445312
6,14,126,145.0,2.8366682529449463,2.841369867324829,0.0047016143798828125
6,14,127,102.0,2.7819013595581055,2.7776966094970703,-0.004204750061035156
6,15,0,196.0,3.129199504852295,3.128807783126831,-0.0003917217254638672
6,15,1,127.0,2.998192548751831,2.999971628189087,0.0017790794372558594
6,15,2,162.0,2.099813938140869,2.103242874145508,0.003428936004638672
6,15,3,92.0,3.952493190765381,3.964531898498535,0.012038707733154297
6,15,4,194.0,2.782571315765381,2.7896809577941895,0.007109642028808594
6,15,5,115.0,2.7538414001464844,2.7514445781707764,-0.002396821975708008
6,15,6,109.0,4.127994060516357,4.131046772003174,0.0030527114868164062
6,15,7,48.0,3.018592119216919,3.021364212036133,0.002772092819213867
6,15,8,69.0,3.3226022720336914,3.3253324031829834,0.002730131149291992
6,15,9,85.0,3.0205674171447754,3.018641471862793,-0.0019259452819824219
6,15,10,238.0,2.6267495155334473,2.6321322917938232,0.0053827762603759766
6,15,11,233.0,2.4413414001464844,2.4437801837921143,0.002438783645629883
6,15,12,208.0,2.959929943084717,2.9637441635131836,0.003814220428466797
6,15,13,196.0,2.753826141357422,2.755295515060425,0.0014693737030029297
6,15,14,131.0,2.9712021350860596,2.9650986194610596,-0.006103515625
6,15,15,125.0,2.7515416145324707,2.752359390258789,0.0008177757263183594
6,15,16,61.0,4.166540145874023,4.156092643737793,-0.010447502136230469
6,15,17,164.0,1.9632303714752197,1.9739402532577515,0.010709881782531738
6,15,18,107.0,3.135986328125,3.154193878173828,0.018207550048828125
6,15,19,48.0,3.4995276927948,3.507920503616333,0.008392810821533203
6,15,20,74.0,1.9705148935317993,1.972935676574707,0.002420783042907715
6,15,21,103.0,2.235994577407837,2.2208292484283447,-0.015165328979492188
6,15,22,114.0,3.2786149978637695,3.295513391494751,0.016898393630981445
6,15,23,50.0,5.015505313873291,4.9917826652526855,-0.02372264862060547
6,15,24,281.0,2.3039751052856445,2.301595687866211,-0.0023794174194335938
6,15,25,247.0,1.9686022996902466,1.9649969339370728,-0.003605365753173828
6,15,26,173.0,3.4113833904266357,3.4142117500305176,0.002828359603881836
6,15,27,166.0,3.050419330596924,3.0626158714294434,0.012196540832519531
6,15,28,98.0,2.611907482147217,2.6170759201049805,0.005168437957763672
6,15,29,174.0,3.051379919052124,3.0648722648620605,0.013492345809936523
6,15,30,173.0,2.750077724456787,2.761993646621704,0.011915922164916992
6,15,31,215.0,3.4014222621917725,3.4125142097473145,0.011091947555541992
6,15,32,186.0,2.6455953121185303,2.6538174152374268,0.008222103118896484
6,15,33,153.0,2.4407522678375244,2.4461398124694824,0.005387544631958008
6,15,34,147.0,2.7246551513671875,2.7402470111846924,0.015591859817504883
6,15,35,50.0,4.024989604949951,4.03422737121582,0.00923776626586914
6,15,36,86.0,2.0081088542938232,2.006838798522949,-0.0012700557708740234
6,15,37,154.0,3.517357349395752,3.5202438831329346,0.002886533737182617
6,15,38,265.0,2.388361930847168,2.391897201538086,0.0035352706909179688
6,15,39,199.0,3.1552681922912598,3.153641700744629,-0.0016264915466308594
6,15,40,138.0,2.536069631576538,2.5329177379608154,-0.0031518936157226562
6,15,41,98.0,3.269590377807617,3.276663064956665,0.0070726871490478516
6,15,42,167.0,2.519949436187744,2.523815870285034,0.003866434097290039
6,15,43,288.0,3.7899160385131836,3.7900302410125732,0.00011420249938964844
6,15,44,225.0,2.509033441543579,2.506859064102173,-0.00217437744140625
6,15,45,191.0,3.1287972927093506,3.133671998977661,0.004874706268310547
6,15,46,92.0,4.466386795043945,4.4666218757629395,0.00023508071899414062
6,15,47,41.0,4.971887588500977,4.961822509765625,-0.010065078735351562
6,15,48,231.0,2.9811513423919678,2.9842300415039062,0.0030786991119384766
6,15,49,101.0,2.116225004196167,2.1244845390319824,0.00825953483581543
6,15,50,177.0,2.9830946922302246,2.9860095977783203,0.002914905548095703
6,15,51,252.0,3.516876697540283,3.5311026573181152,0.014225959777832031
6,15,52,259.0,2.737027645111084,2.732074499130249,-0.004953145980834961
6,15,53,47.0,1.9067243337631226,1.8856470584869385,-0.021077275276184082
6,15,54,164.0,2.2345211505889893,2.235407829284668,0.0008866786956787109
6,15,55,94.0,3.3757195472717285,3.37384033203125,-0.0018792152404785156
6,15,56,103.0,3.3878378868103027,3.3935868740081787,0.0057489871978759766
6,15,57,78.0,3.3106584548950195,3.3137736320495605,0.0031151771545410156
6,15,58,239.0,3.107602596282959,3.10729718208313,-0.00030541419982910156
6,15,59,271.0,4.418605804443359,4.431026935577393,0.012421131134033203
6,15,60,162.0,2.9131579399108887,2.9073781967163086,-0.005779743194580078
6,15,61,179.0,3.214285135269165,3.210223436355591,-0.004061698913574219
6,15,62,218.0,2.5891129970550537,2.5894856452941895,0.0003726482391357422
6,15,63,81.0,3.4107165336608887,3.4290997982025146,0.018383264541625977
6,15,64,93.0,3.5013821125030518,3.52514910697937,0.02376699447631836
6,15,65,72.0,3.358228921890259,3.3464269638061523,-0.011801958084106445
6,15,66,230.0,3.3264732360839844,3.3351242542266846,0.008651018142700195
6,15,67,99.0,2.410640239715576,2.408107280731201,-0.002532958984375
6,15,68,213.0,2.6581079959869385,2.6634681224823,0.005360126495361328
6,15,69,119.0,2.5800669193267822,2.5894618034362793,0.00939488410949707
6,15,70,161.0,2.929652214050293,2.9383559226989746,0.00870370864868164
6,15,71,90.0,3.9417757987976074,3.953873634338379,0.012097835540771484
6,15,72,181.0,2.8265914916992188,2.820531129837036,-0.006060361862182617
6,15,73,95.0,3.8289499282836914,3.8302013874053955,0.0012514591217041016
6,15,74,245.0,2.2537572383880615,2.246845006942749,-0.0069122314453125
6,15,75,93.0,1.7269396781921387,1.718733310699463,-0.008206367492675781
6,15,76,225.0,2.4448561668395996,2.454091787338257,0.009235620498657227
6,15,77,61.0,3.08821439743042,3.0815534591674805,-0.006660938262939453
6,15,78,257.0,3.5650999546051025,3.5715491771698,0.006449222564697266
6,15,79,165.0,2.7435922622680664,2.7447266578674316,0.0011343955993652344
6,15,80,117.0,4.079967498779297,4.084330081939697,0.004362583160400391
6,15,81,89.0,3.1170668601989746,3.115285873413086,-0.0017809867858886719
6,15,82,291.0,3.542208671569824,3.5404703617095947,-0.0017383098602294922
6,15,83,93.0,3.1824769973754883,3.1718926429748535,-0.010584354400634766
6,15,84,228.0,1.8533809185028076,1.862635850906372,0.009254932403564453
6,15,85,131.0,2.4851677417755127,2.4844255447387695,-0.0007421970367431641
6,15,86,191.0,3.915872573852539,3.921294689178467,0.005422115325927734
6,15,87,238.0,4.8885579109191895,4.898005485534668,0.009447574615478516
6,15,88,210.0,2.9943952560424805,2.9969286918640137,0.002533435821533203
6,15,89,107.0,4.1228203773498535,4.119649887084961,-0.003170490264892578
6,15,90,217.0,2.7718281745910645,2.7724428176879883,0.0006146430969238281
6,15,91,199.0,3.112976312637329,3.115946054458618,0.0029697418212890625
6,15,92,84.0,2.381793260574341,2.382162094116211,0.0003688335418701172
6,15,93,271.0,3.5375630855560303,3.525557518005371,-0.01200556755065918
6,15,94,226.0,3.105239152908325,3.100828170776367,-0.004410982131958008
6,15,95,258.0,3.5427961349487305,3.550469398498535,0.0076732635498046875
6,15,96,86.0,3.23514723777771,3.229694128036499,-0.0054531097412109375
6,15,97,142.0,4.2480573654174805,4.249507904052734,0.0014505386352539062
6,15,98,42.0,1.9809751510620117,2.019073009490967,0.03809785842895508
6,15,99,224.0,2.4784393310546875,2.4812731742858887,0.002833843231201172
6,15,100,197.0,1.853989601135254,1.8624426126480103,0.008453011512756348
6,15,101,85.0,2.4941816329956055,2.50456166267395,0.010380029678344727
6,15,102,195.0,3.122326612472534,3.1286613941192627,0.006334781646728516
6,15,103,102.0,3.1147775650024414,3.12911319732666,0.01433563232421875
6,15,104,181.0,3.189467191696167,3.1960220336914062,0.006554841995239258
6,15,105,72.0,1.8649518489837646,1.8550965785980225,-0.009855270385742188
6,15,106,130.0,4.294760227203369,4.295828342437744,0.001068115234375
6,15,107,62.0,2.4163553714752197,2.422240734100342,0.00588536262512207
6,15,108,263.0,3.546691656112671,3.551703929901123,0.0050122737884521484
6,15,109,194.0,2.697882890701294,2.6931862831115723,-0.00469660758972168
6,15,110,174.0,2.602036237716675,2.592798948287964,-0.009237289428710938
6,15,111,235.0,3.703277826309204,3.71335506439209,0.010077238082885742
6,15,112,143.0,3.633587121963501,3.6402246952056885,0.0066375732421875
6,15,113,117.0,4.060715675354004,4.068896770477295,0.008181095123291016
6,15,114,160.0,3.7659225463867188,3.7647297382354736,-0.0011928081512451172
6,15,115,115.0,3.034438133239746,3.0356228351593018,0.001184701919555664
6,15,116,120.0,3.3571696281433105,3.3585994243621826,0.0014297962188720703
6,15,117,186.0,3.4980924129486084,3.5053534507751465,0.007261037826538086
6,15,118,138.0,3.0037918090820312,2.9992659091949463,-0.004525899887084961
6,15,119,80.0,2.1522231101989746,2.1676790714263916,0.015455961227416992
6,15,120,164.0,2.666628122329712,2.672961950302124,0.006333827972412109
6,15,121,215.0,3.3896234035491943,3.4043002128601074,0.014676809310913086
6,15,122,81.0,3.035551071166992,3.040485143661499,0.004934072494506836
6,15,123,171.0,2.9384942054748535,2.9502615928649902,0.011767387390136719
6,15,124,41.0,5.417657375335693,5.397647380828857,-0.020009994506835938
6,15,125,103.0,3.7517361640930176,3.7480225563049316,-0.0037136077880859375
6,15,126,145.0,2.8366682529449463,2.823014497756958,-0.013653755187988281
6,15,127,102.0,2.7819013595581055,2.7814667224884033,-0.00043463706970214844
6,16,0,196.0,3.129199504852295,3.129357099533081,0.0001575946807861328
6,16,1,127.0,2.998192548751831,2.9969825744628906,-0.0012099742889404297
6,16,2,162.0,2.099813938140869,2.103297710418701,0.0034837722778320312
6,16,3,92.0,3.952493190765381,3.9411351680755615,-0.011358022689819336
6,16,4,194.0,2.782571315765381,2.7748193740844727,-0.007751941680908203
6,16,5,115.0,2.7538414001464844,2.7579376697540283,0.004096269607543945
6,16,6,109.0,4.127994060516357,4.123810291290283,-0.004183769226074219
6,16,7,48.0,3.018592119216919,3.0131778717041016,-0.005414247512817383
6,16,8,69.0,3.3226022720336914,3.3151021003723145,-0.007500171661376953
6,16,9,85.0,3.0205674171447754,3.022998332977295,0.0024309158325195312
6,16,10,238.0,2.6267495155334473,2.6288256645202637,0.0020761489868164062
6,16,11,233.0,2.4413414001464844,2.4436228275299072,0.0022814273834228516
6,16,12,208.0,2.959929943084717,2.9614439010620117,0.0015139579772949219
6,16,13,196.0,2.753826141357422,2.749190092086792,-0.004636049270629883
6,16,14,131.0,2.9712021350860596,2.9673588275909424,-0.0038433074951171875
6,16,15,125.0,2.7515416145324707,2.7530503273010254,0.0015087127685546875
6,16,16,61.0,4.166540145874023,4.162339687347412,-0.004200458526611328
6,16,17,164.0,1.9632303714752197,1.9602488279342651,-0.00298154354095459
6,16,18,107.0,3.135986328125,3.1391618251800537,0.003175497055053711
6,16,19,48.0,3.4995276927948,3.5069072246551514,0.0073795318603515625
6,16,20,74.0,1.9705148935317993,1.972367525100708,0.0018526315689086914
6,16,21,103.0,2.235994577407837,2.236546277999878,0.0005517005920410156
6,16,22,114.0,3.2786149978637695,3.2787883281707764,0.00017333030700683594
6,16,23,50.0,5.015505313873291,5.003978252410889,-0.011527061462402344
6,16,24,281.0,2.3039751052856445,2.2995717525482178,-0.004403352737426758
6,16,25,247.0,1.9686022996902466,1.9642289876937866,-0.004373311996459961
6,16,26,173.0,3.4113833904266357,3.413295269012451,0.0019118785858154297
6,16,27,166.0,3.050419330596924,3.055664300918579,0.0052449703216552734
6,16,28,98.0,2.611907482147217,2.620746612548828,0.008839130401611328
6,16,29,174.0,3.051379919052124,3.053612470626831,0.0022325515747070312
6,16,30,173.0,2.750077724456787,2.753157615661621,0.0030798912048339844
6,16,31,215.0,3.4014222621917725,3.403197765350342,0.001775503158569336
6,16,32,186.0,2.6455953121185303,2.639258861541748,-0.0063364505767822266
6,16,33,153.0,2.4407522678375244,2.4377565383911133,-0.002995729446411133
6,16,34,147.0,2.7246551513671875,2.7217912673950195,-0.0028638839721679688
6,16,35,50.0,4.024989604949951,4.016076564788818,-0.008913040161132812
6,16,36,86.0,2.0081088542938232,2.008246898651123,0.0001380443572998047
6,16,37,154.0,3.517357349395752,3.51615047454834,-0.0012068748474121094
6,16,38,265.0,2.388361930847168,2.390885353088379,0.0025234222412109375
6,16,39,199.0,3.1552681922912598,3.1570563316345215,0.0017881393432617188
6,16,40,138.0,2.536069631576538,2.5323503017425537,-0.003719329833984375
6,16,41,98.0,3.269590377807617,3.265329122543335,-0.0042612552642822266
6,16,42,167.0,2.519949436187744,2.5217912197113037,0.0018417835235595703
6,16,43,288.0,3.7899160385131836,3.793346881866455,0.0034308433532714844
6,16,44,225.0,2.509033441543579,2.5075836181640625,-0.0014498233795166016
6,16,45,191.0,3.1287972927093506,3.129460334777832,0.0006630420684814453
6,16,46,92.0,4.466386795043945,4.464478969573975,-0.0019078254699707031
6,16,47,41.0,4.971887588500977,4.977460861206055,0.005573272705078125
6,16,48,231.0,2.9811513423919678,2.9818778038024902,0.0007264614105224609
6,16,49,101.0,2.116225004196167,2.1170425415039062,0.0008175373077392578
6,16,50,177.0,2.9830946922302246,2.981006622314453,-0.0020880699157714844
6,16,51,252.0,3.516876697540283,3.5213398933410645,0.00446319580078125
6,16,52,259.0,2.737027645111084,2.736994981765747,-3.266334533691406e-05
6,16,53,47.0,1.9067243337631226,1.899141788482666,-0.007582545280456543
6,16,54,164.0,2.2345211505889893,2.227051258087158,-0.007469892501831055
6,16,55,94.0,3.3757195472717285,3.374157190322876,-0.001562356948852539
6,16,56,103.0,3.3878378868103027,3.3867175579071045,-0.0011203289031982422
6,16,57,78.0,3.3106584548950195,3.3106117248535156,-4.673004150390625e-05
6,16,58,239.0,3.107602596282959,3.1028451919555664,-0.004757404327392578
6,16,59,271.0,4.418605804443359,4.416263580322266,-0.00234222412109375
6,16,60,162.0,2.9131579399108887,2.9080240726470947,-0.005133867263793945
6,16,61,179.0,3.214285135269165,3.2080368995666504,-0.0062482357025146484
6,16,62,218.0,2.5891129970550537,2.590665102005005,0.0015521049499511719
6,16,63,81.0,3.4107165336608887,3.4055099487304688,-0.005206584930419922
6,16,64,93.0,3.5013821125030518,3.498980760574341,-0.0024013519287109375
6,16,65,72.0,3.358228921890259,3.35862135887146,0.0003924369812011719
6,16,66,230.0,3.3264732360839844,3.3235158920288086,-0.0029573440551757812
6,16,67,99.0,2.410640239715576,2.3776509761810303,-0.0329892635345459
6,16,68,213.0,2.6581079959869385,2.654733657836914,-0.003374338150024414
6,16,69,119.0,2.5800669193267822,2.581671714782715,0.0016047954559326172
6,16,70,161.0,2.929652214050293,2.9300904273986816,0.0004382133483886719
6,16,71,90.0,3.9417757987976074,3.9383487701416016,-0.0034270286560058594
6,16,72,181.0,2.8265914916992188,2.8286221027374268,0.002030611038208008
6,16,73,95.0,3.8289499282836914,3.835991859436035,0.00704193115234375
6,16,74,245.0,2.2537572383880615,2.2512121200561523,-0.0025451183319091797
6,16,75,93.0,1.7269396781921387,1.7278622388839722,0.0009225606918334961
6,16,76,225.0,2.4448561668395996,2.4442474842071533,-0.0006086826324462891
6,16,77,61.0,3.08821439743042,3.0933778285980225,0.005163431167602539
6,16,78,257.0,3.5650999546051025,3.5669875144958496,0.0018875598907470703
6,16,79,165.0,2.7435922622680664,2.739469289779663,-0.00412297248840332
6,16,80,117.0,4.079967498779297,4.0807881355285645,0.0008206367492675781
6,16,81,89.0,3.1170668601989746,3.1206037998199463,0.0035369396209716797
6,16,82,291.0,3.542208671569824,3.5491793155670166,0.006970643997192383
6,16,83,93.0,3.1824769973754883,3.1856460571289062,0.0031690597534179688
6,16,84,228.0,1.8533809185028076,1.8469629287719727,-0.006417989730834961
6,16,85,131.0,2.4851677417755127,2.482905387878418,-0.0022623538970947266
6,16,86,191.0,3.915872573852539,3.90783953666687,-0.008033037185668945
6,16,87,238.0,4.8885579109191895,4.887048244476318,-0.0015096664428710938
6,16,88,210.0,2.9943952560424805,3.0011157989501953,0.006720542907714844
6,16,89,107.0,4.1228203773498535,4.120642185211182,-0.002178192138671875
6,16,90,217.0,2.7718281745910645,2.771705389022827,-0.0001227855682373047
6,16,91,199.0,3.112976312637329,3.1149163246154785,0.001940011978149414
6,16,92,84.0,2.381793260574341,2.385707139968872,0.00391387939453125
6,16,93,271.0,3.5375630855560303,3.543302297592163,0.0057392120361328125
6,16,94,226.0,3.105239152908325,3.099388360977173,-0.005850791931152344
6,16,95,258.0,3.5427961349487305,3.54415225982666,0.0013561248779296875
6,16,96,86.0,3.23514723777771,3.238037347793579,0.0028901100158691406
6,16,97,142.0,4.2480573654174805,4.248662948608398,0.0006055831909179688
6,16,98,42.0,1.9809751510620117,1.9836901426315308,0.002714991569519043
6,16,99,224.0,2.4784393310546875,2.4834015369415283,0.00496220588684082
6,16,100,197.0,1.853989601135254,1.8544793128967285,0.0004897117614746094
6,16,101,85.0,2.4941816329956055,2.4938619136810303,-0.0003197193145751953
6,16,102,195.0,3.122326612472534,3.126614809036255,0.004288196563720703
6,16,103,102.0,3.1147775650024414,3.113445281982422,-0.0013322830200195312
6,16,104,181.0,3.189467191696167,3.1845264434814453,-0.00494074821472168
6,16,105,72.0,1.8649518489837646,1.8630512952804565,-0.0019005537033081055
6,16,106,130.0,4.294760227203369,4.292148590087891,-0.0026116371154785156
6,16,107,62.0,2.4163553714752197,2.419245481491089,0.0028901100158691406
6,16,108,263.0,3.546691656112671,3.547144651412964,0.00045299530029296875
6,16,109,194.0,2.697882890701294,2.6971545219421387,-0.0007283687591552734
6,16,110,174.0,2.602036237716675,2.6015541553497314,-0.0004820823669433594
6,16,111,235.0,3.703277826309204,3.704063653945923,0.00078582763671875
6,16,112,143.0,3.633587121963501,3.6365761756896973,0.002989053726196289
6,16,113,117.0,4.060715675354004,4.071792125701904,0.01107645034790039
6,16,114,160.0,3.7659225463867188,3.766634464263916,0.0007119178771972656
6,16,115,115.0,3.034438133239746,3.038440465927124,0.00400233268737793
6,16,116,120.0,3.3571696281433105,3.355600118637085,-0.001569509506225586
6,16,117,186.0,3.4980924129486084,3.5042219161987305,0.00612950325012207
6,16,118,138.0,3.0037918090820312,3.0018436908721924,-0.0019481182098388672
6,16,119,80.0,2.1522231101989746,2.158071279525757,0.0058481693267822266
6,16,120,164.0,2.666628122329712,2.6676015853881836,0.0009734630584716797
6,16,121,215.0,3.3896234035491943,3.388519048690796,-0.0011043548583984375
6,16,122,81.0,3.035551071166992,3.0344674587249756,-0.0010836124420166016
6,16,123,171.0,2.9384942054748535,2.943697214126587,0.0052030086517333984
6,16,124,41.0,5.417657375335693,5.397896766662598,-0.019760608673095703
6,16,125,103.0,3.7517361640930176,3.758876085281372,0.007139921188354492
6,16,126,145.0,2.8366682529449463,2.8304319381713867,-0.00623631477355957
6,16,127,102.0,2.7819013595581055,2.77445387840271,-0.007447481155395508
6,17,0,196.0,3.129199504852295,3.122512102127075,-0.0066874027252197266
6,17,1,127.0,2.998192548751831,2.9899418354034424,-0.008250713348388672
6,17,2,162.0,2.099813938140869,2.100677490234375,0.0008635520935058594
6,17,3,92.0,3.952493190765381,3.9522500038146973,-0.00024318695068359375
6,17,4,194.0,2.782571315765381,2.788839101791382,0.0062677860260009766
6,17,5,115.0,2.7538414001464844,2.7637455463409424,0.009904146194458008
6,17,6,109.0,4.127994060516357,4.116508483886719,-0.011485576629638672
6,17,7,48.0,3.018592119216919,3.0113048553466797,-0.007287263870239258
6,17,8,69.0,3.3226022720336914,3.313349962234497,-0.009252309799194336
6,17,9,85.0,3.0205674171447754,3.01910400390625,-0.0014634132385253906
6,17,10,238.0,2.6267495155334473,2.6281590461730957,0.0014095306396484375
6,17,11,233.0,2.4413414001464844,2.441650152206421,0.00030875205993652344
6,17,12,208.0,2.959929943084717,2.9573240280151367,-0.002605915069580078
6,17,13,196.0,2.753826141357422,2.75699782371521,0.003171682357788086
6,17,14,131.0,2.9712021350860596,2.969240427017212,-0.0019617080688476562
6,17,15,125.0,2.7515416145324707,2.751720428466797,0.00017881393432617188
6,17,16,61.0,4.166540145874023,4.162181854248047,-0.0043582916259765625
6,17,17,164.0,1.9632303714752197,1.9613972902297974,-0.0018330812454223633
6,17,18,107.0,3.135986328125,3.1363816261291504,0.0003952980041503906
6,17,19,48.0,3.4995276927948,3.515789270401001,0.016261577606201172
6,17,20,74.0,1.9705148935317993,1.9691776037216187,-0.001337289810180664
6,17,21,103.0,2.235994577407837,2.249833822250366,0.013839244842529297
6,17,22,114.0,3.2786149978637695,3.2832469940185547,0.004631996154785156
6,17,23,50.0,5.015505313873291,4.999420166015625,-0.016085147857666016
6,17,24,281.0,2.3039751052856445,2.3059074878692627,0.001932382583618164
6,17,25,247.0,1.9686022996902466,1.9708106517791748,0.0022083520889282227
6,17,26,173.0,3.4113833904266357,3.411329984664917,-5.340576171875e-05
6,17,27,166.0,3.050419330596924,3.0449020862579346,-0.005517244338989258
6,17,28,98.0,2.611907482147217,2.6126890182495117,0.0007815361022949219
6,17,29,174.0,3.051379919052124,3.056867837905884,0.005487918853759766
6,17,30,173.0,2.750077724456787,2.75154185295105,0.0014641284942626953
6,17,31,215.0,3.4014222621917725,3.4015865325927734,0.00016427040100097656
6,17,32,186.0,2.6455953121185303,2.6466429233551025,0.0010476112365722656
6,17,33,153.0,2.4407522678375244,2.431298017501831,-0.00945425033569336
6,17,34,147.0,2.7246551513671875,2.720676898956299,-0.003978252410888672
6,17,35,50.0,4.024989604949951,4.012416362762451,-0.0125732421875
6,17,36,86.0,2.0081088542938232,2.0021567344665527,-0.005952119827270508
6,17,37,154.0,3.517357349395752,3.5189740657806396,0.0016167163848876953
6,17,38,265.0,2.388361930847168,2.3917055130004883,0.0033435821533203125
6,17,39,199.0,3.1552681922912598,3.1576523780822754,0.002384185791015625
6,17,40,138.0,2.536069631576538,2.5341134071350098,-0.0019562244415283203
6,17,41,98.0,3.269590377807617,3.274150848388672,0.0045604705810546875
6,17,42,167.0,2.519949436187744,2.5220770835876465,0.0021276473999023438
6,17,43,288.0,3.7899160385131836,3.7941501140594482,0.0042340755462646484
6,17,44,225.0,2.509033441543579,2.5082733631134033,-0.0007600784301757812
6,17,45,191.0,3.1287972927093506,3.129181146621704,0.0003838539123535156
6,17,46,92.0,4.466386795043945,4.465356349945068,-0.0010304450988769531
6,17,47,41.0,4.971887588500977,4.965456962585449,-0.006430625915527344
6,17,48,231.0,2.9811513423919678,2.985236406326294,0.004085063934326172
6,17,49,101.0,2.116225004196167,2.118921995162964,0.002696990966796875
6,17,50,177.0,2.9830946922302246,2.9835853576660156,0.0004906654357910156
6,17,51,252.0,3.516876697540283,3.52341628074646,0.006539583206176758
6,17,52,259.0,2.737027645111084,2.7384450435638428,0.001417398452758789
6,17,53,47.0,1.9067243337631226,1.8941839933395386,-0.012540340423583984
6,17,54,164.0,2.2345211505889893,2.2282323837280273,-0.006288766860961914
6,17,55,94.0,3.3757195472717285,3.368605613708496,-0.007113933563232422
6,17,56,103.0,3.3878378868103027,3.384831428527832,-0.003006458282470703
6,17,57,78.0,3.3106584548950195,3.316655158996582,0.0059967041015625
6,17,58,239.0,3.107602596282959,3.1021616458892822,-0.005440950393676758
6,17,59,271.0,4.418605804443359,4.417652130126953,-0.00095367431640625
6,17,60,162.0,2.9131579399108887,2.9127278327941895,-0.00043010711669921875
6,17,61,179.0,3.214285135269165,3.2076621055603027,-0.006623029708862305
6,17,62,218.0,2.5891129970550537,2.58766770362854,-0.0014452934265136719
6,17,63,81.0,3.4107165336608887,3.4039604663848877,-0.0067560672760009766
6,17,64,93.0,3.5013821125030518,3.5052289962768555,0.003846883773803711
6,17,65,72.0,3.358228921890259,3.360074996948242,0.0018460750579833984
6,17,66,230.0,3.3264732360839844,3.3299293518066406,0.00345611572265625
6,17,67,99.0,2.410640239715576,2.43910551071167,0.02846527099609375
6,17,68,213.0,2.6581079959869385,2.655579090118408,-0.0025289058685302734
6,17,69,119.0,2.5800669193267822,2.585108757019043,0.005041837692260742
6,17,70,161.0,2.929652214050293,2.931044816970825,0.0013926029205322266
6,17,71,90.0,3.9417757987976074,3.9416680335998535,-0.00010776519775390625
6,17,72,181.0,2.8265914916992188,2.8278815746307373,0.0012900829315185547
6,17,73,95.0,3.8289499282836914,3.8348066806793213,0.005856752395629883
6,17,74,245.0,2.2537572383880615,2.249762773513794,-0.003994464874267578
6,17,75,93.0,1.7269396781921387,1.7365174293518066,0.009577751159667969
6,17,76,225.0,2.4448561668395996,2.447993278503418,0.0031371116638183594
6,17,77,61.0,3.08821439743042,3.109309434890747,0.02109503746032715
6,17,78,257.0,3.5650999546051025,3.566782236099243,0.001682281494140625
6,17,79,165.0,2.7435922622680664,2.7415707111358643,-0.0020215511322021484
6,17,80,117.0,4.079967498779297,4.074594020843506,-0.005373477935791016
6,17,81,89.0,3.1170668601989746,3.1190762519836426,0.0020093917846679688
6,17,82,291.0,3.542208671569824,3.5479631423950195,0.0057544708251953125
6,17,83,93.0,3.1824769973754883,3.175366163253784,-0.0071108341217041016
6,17,84,228.0,1.8533809185028076,1.852444052696228,-0.0009368658065795898
6,17,85,131.0,2.4851677417755127,2.4918830394744873,0.006715297698974609
6,17,86,191.0,3.915872573852539,3.9160172939300537,0.00014472007751464844
6,17,87,238.0,4.8885579109191895,4.884726524353027,-0.0038313865661621094
6,17,88,210.0,2.9943952560424805,2.997077465057373,0.002682209014892578
6,17,89,107.0,4.1228203773498535,4.121988773345947,-0.00083160400390625
6,17,90,217.0,2.7718281745910645,2.7744438648223877,0.002615690231323242
6,17,91,199.0,3.112976312637329,3.1152422428131104,0.00226593017578125
6,17,92,84.0,2.381793260574341,2.382216691970825,0.000423431396484375
6,17,93,271.0,3.5375630855560303,3.537787437438965,0.0002243518829345703
6,17,94,226.0,3.105239152908325,3.103282928466797,-0.0019562244415283203
6,17,95,258.0,3.5427961349487305,3.548518657684326,0.005722522735595703
6,17,96,86.0,3.23514723777771,3.234697103500366,-0.00045013427734375
6,17,97,142.0,4.2480573654174805,4.247003555297852,-0.0010538101196289062
6,17,98,42.0,1.9809751510620117,1.9947919845581055,0.01381683349609375
6,17,99,224.0,2.4784393310546875,2.4783711433410645,-6.818771362304688e-05
6,17,100,197.0,1.853989601135254,1.854889988899231,0.0009003877639770508
6,17,101,85.0,2.4941816329956055,2.486269235610962,-0.007912397384643555
6,17,102,195.0,3.122326612472534,3.124347686767578,0.0020210742950439453
6,17,103,102.0,3.1147775650024414,3.1180174350738525,0.003239870071411133
6,17,104,181.0,3.189467191696167,3.1861889362335205,-0.0032782554626464844
6,17,105,72.0,1.8649518489837646,1.8624193668365479,-0.002532482147216797
6,17,106,130.0,4.294760227203369,4.295225143432617,0.0004649162292480469
6,17,107,62.0,2.4163553714752197,2.41618275642395,-0.00017261505126953125
6,17,108,263.0,3.546691656112671,3.545293092727661,-0.0013985633850097656
6,17,109,194.0,2.697882890701294,2.695204019546509,-0.0026788711547851562
6,17,110,174.0,2.602036237716675,2.602473020553589,0.0004367828369140625
6,17,111,235.0,3.703277826309204,3.713083267211914,0.009805440902709961
6,17,112,143.0,3.633587121963501,3.6369500160217285,0.003362894058227539
6,17,113,117.0,4.060715675354004,4.048282623291016,-0.012433052062988281
6,17,114,160.0,3.7659225463867188,3.7652640342712402,-0.0006585121154785156
6,17,115,115.0,3.034438133239746,3.0425915718078613,0.008153438568115234
6,17,116,120.0,3.3571696281433105,3.362640857696533,0.005471229553222656
6,17,117,186.0,3.4980924129486084,3.4996135234832764,0.0015211105346679688
6,17,118,138.0,3.0037918090820312,3.006795644760132,0.003003835678100586
6,17,119,80.0,2.1522231101989746,2.15730357170105,0.005080461502075195
6,17,120,164.0,2.666628122329712,2.6700215339660645,0.003393411636352539
6,17,121,215.0,3.3896234035491943,3.3888909816741943,-0.000732421875
6,17,122,81.0,3.035551071166992,3.0386462211608887,0.0030951499938964844
6,17,123,171.0,2.9384942054748535,2.940467119216919,0.0019729137420654297
6,17,124,41.0,5.417657375335693,5.436882495880127,0.019225120544433594
6,17,125,103.0,3.7517361640930176,3.744188070297241,-0.007548093795776367
6,17,126,145.0,2.8366682529449463,2.8404459953308105,0.003777742385864258
6,17,127,102.0,2.7819013595581055,2.7736217975616455,-0.008279561996459961
6,18,0,196.0,3.129199504852295,3.1299476623535156,0.0007481575012207031
6,18,1,127.0,2.998192548751831,3.0022599697113037,0.004067420959472656
6,18,2,162.0,2.099813938140869,2.103105306625366,0.0032913684844970703
6,18,3,92.0,3.952493190765381,3.9518306255340576,-0.0006625652313232422
6,18,4,194.0,2.782571315765381,2.768209457397461,-0.014361858367919922
6,18,5,115.0,2.7538414001464844,2.747145652770996,-0.006695747375488281
6,18,6,109.0,4.127994060516357,4.135342597961426,0.007348537445068359
6,18,7,48.0,3.018592119216919,3.013002395629883,-0.005589723587036133
6,18,8,69.0,3.3226022720336914,3.319920778274536,-0.0026814937591552734
6,18,9,85.0,3.0205674171447754,3.020866870880127,0.0002994537353515625
6,18,10,238.0,2.6267495155334473,2.63520884513855,0.008459329605102539
6,18,11,233.0,2.4413414001464844,2.445789337158203,0.00444793701171875
6,18,12,208.0,2.959929943084717,2.956688165664673,-0.0032417774200439453
6,18,13,196.0,2.753826141357422,2.757847309112549,0.004021167755126953
6,18,14,131.0,2.9712021350860596,2.9580318927764893,-0.013170242309570312
6,18,15,125.0,2.7515416145324707,2.751305103302002,-0.00023651123046875
6,18,16,61.0,4.166540145874023,4.1649651527404785,-0.0015749931335449219
6,18,17,164.0,1.9632303714752197,1.965016484260559,0.0017861127853393555
6,18,18,107.0,3.135986328125,3.1142640113830566,-0.02172231674194336
6,18,19,48.0,3.4995276927948,3.509989023208618,0.01046133041381836
6,18,20,74.0,1.9705148935317993,1.9786962270736694,0.008181333541870117
6,18,21,103.0,2.235994577407837,2.203357219696045,-0.03263735771179199
6,18,22,114.0,3.2786149978637695,3.270651340484619,-0.00796365737915039
6,18,23,50.0,5.015505313873291,5.028594493865967,0.013089179992675781
6,18,24,281.0,2.3039751052856445,2.316852331161499,0.012877225875854492
6,18,25,247.0,1.9686022996902466,1.9658385515213013,-0.0027637481689453125
6,18,26,173.0,3.4113833904266357,3.415605306625366,0.004221916198730469
6,18,27,166.0,3.050419330596924,3.058297872543335,0.007878541946411133
6,18,28,98.0,2.611907482147217,2.612891435623169,0.0009839534759521484
6,18,29,174.0,3.051379919052124,3.048344373703003,-0.0030355453491210938
6,18,30,173.0,2.750077724456787,2.7553911209106445,0.005313396453857422
6,18,31,215.0,3.4014222621917725,3.4056265354156494,0.004204273223876953
6,18,32,186.0,2.6455953121185303,2.657855272293091,0.012259960174560547
6,18,33,153.0,2.4407522678375244,2.4302432537078857,-0.010509014129638672
6,18,34,147.0,2.7246551513671875,2.726264715194702,0.0016095638275146484
6,18,35,50.0,4.024989604949951,3.988024950027466,-0.03696465492248535
6,18,36,86.0,2.0081088542938232,2.016683578491211,0.008574724197387695
6,18,37,154.0,3.517357349395752,3.526231527328491,0.008874177932739258
6,18,38,265.0,2.388361930847168,2.38934063911438,0.000978708267211914
6,18,39,199.0,3.1552681922912598,3.151597738265991,-0.0036704540252685547
6,18,40,138.0,2.536069631576538,2.5263748168945312,-0.009694814682006836
6,18,41,98.0,3.269590377807617,3.269014358520508,-0.000576019287109375
6,18,42,167.0,2.519949436187744,2.520857810974121,0.0009083747863769531
6,18,43,288.0,3.7899160385131836,3.7914912700653076,0.0015752315521240234
6,18,44,225.0,2.509033441543579,2.502093553543091,-0.006939888000488281
6,18,45,191.0,3.1287972927093506,3.130213499069214,0.0014162063598632812
6,18,46,92.0,4.466386795043945,4.460174560546875,-0.0062122344970703125
6,18,47,41.0,4.971887588500977,4.976583480834961,0.004695892333984375
6,18,48,231.0,2.9811513423919678,2.98110294342041,-4.839897155761719e-05
6,18,49,101.0,2.116225004196167,2.1223533153533936,0.0061283111572265625
6,18,50,177.0,2.9830946922302246,2.976986885070801,-0.006107807159423828
6,18,51,252.0,3.516876697540283,3.525966167449951,0.009089469909667969
6,18,52,259.0,2.737027645111084,2.739363670349121,0.0023360252380371094
6,18,53,47.0,1.9067243337631226,1.8940155506134033,-0.012708783149719238
6,18,54,164.0,2.2345211505889893,2.231041431427002,-0.0034797191619873047
6,18,55,94.0,3.3757195472717285,3.378239154815674,0.0025196075439453125
6,18,56,103.0,3.3878378868103027,3.3881282806396484,0.0002903938293457031
6,18,57,78.0,3.3106584548950195,3.3096134662628174,-0.0010449886322021484
6,18,58,239.0,3.107602596282959,3.1078391075134277,0.00023651123046875
6,18,59,271.0,4.418605804443359,4.41917610168457,0.0005702972412109375
6,18,60,162.0,2.9131579399108887,2.9096548557281494,-0.003503084182739258
6,18,61,179.0,3.214285135269165,3.2149438858032227,0.0006587505340576172
6,18,62,218.0,2.5891129970550537,2.5932507514953613,0.004137754440307617
6,18,63,81.0,3.4107165336608887,3.3981075286865234,-0.012609004974365234
6,18,64,93.0,3.5013821125030518,3.505786418914795,0.004404306411743164
6,18,65,72.0,3.358228921890259,3.3593709468841553,0.0011420249938964844
6,18,66,230.0,3.3264732360839844,3.3350956439971924,0.008622407913208008
6,18,67,99.0,2.410640239715576,2.393303394317627,-0.01733684539794922
6,18,68,213.0,2.6581079959869385,2.6518330574035645,-0.0062749385833740234
6,18,69,119.0,2.5800669193267822,2.5886070728302,0.008540153503417969
6,18,70,161.0,2.929652214050293,2.929793357849121,0.000141143798828125
6,18,71,90.0,3.9417757987976074,3.954451084136963,0.012675285339355469
6,18,72,181.0,2.8265914916992188,2.8338022232055664,0.007210731506347656
6,18,73,95.0,3.8289499282836914,3.841097831726074,0.012147903442382812
6,18,74,245.0,2.2537572383880615,2.2597944736480713,0.006037235260009766
6,18,75,93.0,1.7269396781921387,1.7212960720062256,-0.005643606185913086
6,18,76,225.0,2.4448561668395996,2.4411063194274902,-0.003749847412109375
6,18,77,61.0,3.08821439743042,3.091825008392334,0.0036106109619140625
6,18,78,257.0,3.5650999546051025,3.5678458213806152,0.0027458667755126953
6,18,79,165.0,2.7435922622680664,2.740187883377075,-0.003404378890991211
6,18,80,117.0,4.079967498779297,4.079507827758789,-0.0004596710205078125
6,18,81,89.0,3.1170668601989746,3.1098952293395996,-0.007171630859375
6,18,82,291.0,3.542208671569824,3.5522549152374268,0.010046243667602539
6,18,83,93.0,3.1824769973754883,3.1867735385894775,0.004296541213989258
6,18,84,228.0,1.8533809185028076,1.8667185306549072,0.01333761215209961
6,18,85,131.0,2.4851677417755127,2.4870615005493164,0.001893758773803711
6,18,86,191.0,3.915872573852539,3.9116930961608887,-0.004179477691650391
6,18,87,238.0,4.8885579109191895,4.8877854347229,-0.0007724761962890625
6,18,88,210.0,2.9943952560424805,3.0048375129699707,0.010442256927490234
6,18,89,107.0,4.1228203773498535,4.125345230102539,0.002524852752685547
6,18,90,217.0,2.7718281745910645,2.7768003940582275,0.004972219467163086
6,18,91,199.0,3.112976312637329,3.1100871562957764,-0.0028891563415527344
6,18,92,84.0,2.381793260574341,2.3828558921813965,0.001062631607055664
6,18,93,271.0,3.5375630855560303,3.5275330543518066,-0.010030031204223633
6,18,94,226.0,3.105239152908325,3.0992538928985596,-0.005985260009765625
6,18,95,258.0,3.5427961349487305,3.5544028282165527,0.011606693267822266
6,18,96,86.0,3.23514723777771,3.2352185249328613,7.128715515136719e-05
6,18,97,142.0,4.2480573654174805,4.245357513427734,-0.0026998519897460938
6,18,98,42.0,1.9809751510620117,2.0147759914398193,0.03380084037780762
6,18,99,224.0,2.4784393310546875,2.4787051677703857,0.0002658367156982422
6,18,100,197.0,1.853989601135254,1.8538745641708374,-0.0001150369644165039
6,18,101,85.0,2.4941816329956055,2.4927310943603516,-0.0014505386352539062
6,18,102,195.0,3.122326612472534,3.13568115234375,0.01335453987121582
6,18,103,102.0,3.1147775650024414,3.127960205078125,0.013182640075683594
6,18,104,181.0,3.189467191696167,3.1895947456359863,0.00012755393981933594
6,18,105,72.0,1.8649518489837646,1.8635084629058838,-0.0014433860778808594
6,18,106,130.0,4.294760227203369,4.288997650146484,-0.005762577056884766
6,18,107,62.0,2.4163553714752197,2.4197239875793457,0.0033686161041259766
6,18,108,263.0,3.546691656112671,3.5411295890808105,-0.0055620670318603516
6,18,109,194.0,2.697882890701294,2.6981775760650635,0.00029468536376953125
6,18,110,174.0,2.602036237716675,2.594452142715454,-0.007584095001220703
6,18,111,235.0,3.703277826309204,3.6849541664123535,-0.018323659896850586
6,18,112,143.0,3.633587121963501,3.6331825256347656,-0.00040459632873535156
6,18,113,117.0,4.060715675354004,4.05710506439209,-0.0036106109619140625
6,18,114,160.0,3.7659225463867188,3.772233247756958,0.006310701370239258
6,18,115,115.0,3.034438133239746,3.029358148574829,-0.005079984664916992
6,18,116,120.0,3.3571696281433105,3.3585896492004395,0.0014200210571289062
6,18,117,186.0,3.4980924129486084,3.504138231277466,0.006045818328857422
6,18,118,138.0,3.0037918090820312,2.997199535369873,-0.006592273712158203
6,18,119,80.0,2.1522231101989746,2.143442153930664,-0.008780956268310547
6,18,120,164.0,2.666628122329712,2.6688485145568848,0.0022203922271728516
6,18,121,215.0,3.3896234035491943,3.3875045776367188,-0.002118825912475586
6,18,122,81.0,3.035551071166992,3.0373923778533936,0.0018413066864013672
6,18,123,171.0,2.9384942054748535,2.944626569747925,0.006132364273071289
6,18,124,41.0,5.417657375335693,5.46891450881958,0.05125713348388672
6,18,125,103.0,3.7517361640930176,3.748128652572632,-0.003607511520385742
6,18,126,145.0,2.8366682529449463,2.8446595668792725,0.007991313934326172
6,18,127,102.0,2.7819013595581055,2.7926275730133057,0.010726213455200195
6,19,0,196.0,3.129199504852295,3.128495454788208,-0.0007040500640869141
6,19,1,127.0,2.998192548751831,2.9919474124908447,-0.006245136260986328
6,19,2,162.0,2.099813938140869,2.1001601219177246,0.00034618377685546875
6,19,3,92.0,3.952493190765381,3.9482712745666504,-0.004221916198730469
6,19,4,194.0,2.782571315765381,2.7852656841278076,0.002694368362426758
6,19,5,115.0,2.7538414001464844,2.754859209060669,0.0010178089141845703
6,19,6,109.0,4.127994060516357,4.115145683288574,-0.012848377227783203
6,19,7,48.0,3.018592119216919,3.016690969467163,-0.0019011497497558594
6,19,8,69.0,3.3226022720336914,3.3105430603027344,-0.012059211730957031
6,19,9,85.0,3.0205674171447754,3.0201165676116943,-0.0004508495330810547
6,19,10,238.0,2.6267495155334473,2.626769542694092,2.002716064453125e-05
6,19,11,233.0,2.4413414001464844,2.4441707134246826,0.002829313278198242
6,19,12,208.0,2.959929943084717,2.954864501953125,-0.005065441131591797
6,19,13,196.0,2.753826141357422,2.7560489177703857,0.002222776412963867
6,19,14,131.0,2.9712021350860596,2.9800829887390137,0.008880853652954102
6,19,15,125.0,2.7515416145324707,2.748608350753784,-0.0029332637786865234
6,19,16,61.0,4.166540145874023,4.164134979248047,-0.0024051666259765625
6,19,17,164.0,1.9632303714752197,1.964287519454956,0.0010571479797363281
6,19,18,107.0,3.135986328125,3.1502466201782227,0.014260292053222656
6,19,19,48.0,3.4995276927948,3.5011377334594727,0.0016100406646728516
6,19,20,74.0,1.9705148935317993,1.9720417261123657,0.0015268325805664062
6,19,21,103.0,2.235994577407837,2.24503755569458,0.009042978286743164
6,19,22,114.0,3.2786149978637695,3.281498432159424,0.002883434295654297
6,19,23,50.0,5.015505313873291,5.002139091491699,-0.013366222381591797
6,19,24,281.0,2.3039751052856445,2.30428147315979,0.0003063678741455078
6,19,25,247.0,1.9686022996902466,1.9689499139785767,0.0003476142883300781
6,19,26,173.0,3.4113833904266357,3.406325101852417,-0.00505828857421875
6,19,27,166.0,3.050419330596924,3.055771827697754,0.005352497100830078
6,19,28,98.0,2.611907482147217,2.62117600440979,0.009268522262573242
6,19,29,174.0,3.051379919052124,3.059218168258667,0.007838249206542969
6,19,30,173.0,2.750077724456787,2.7506511211395264,0.0005733966827392578
6,19,31,215.0,3.4014222621917725,3.396972894668579,-0.004449367523193359
6,19,32,186.0,2.6455953121185303,2.648571491241455,0.0029761791229248047
6,19,33,153.0,2.4407522678375244,2.4348292350769043,-0.005923032760620117
6,19,34,147.0,2.7246551513671875,2.721435546875,-0.0032196044921875
6,19,35,50.0,4.024989604949951,4.003762245178223,-0.021227359771728516
6,19,36,86.0,2.0081088542938232,2.016791343688965,0.008682489395141602
6,19,37,154.0,3.517357349395752,3.5183873176574707,0.00102996826171875
6,19,38,265.0,2.388361930847168,2.3892388343811035,0.0008769035339355469
6,19,39,199.0,3.1552681922912598,3.157790184020996,0.002521991729736328
6,19,40,138.0,2.536069631576538,2.5319066047668457,-0.004163026809692383
6,19,41,98.0,3.269590377807617,3.2742269039154053,0.004636526107788086
6,19,42,167.0,2.519949436187744,2.5261194705963135,0.006170034408569336
6,19,43,288.0,3.7899160385131836,3.795196533203125,0.005280494689941406
6,19,44,225.0,2.509033441543579,2.5137782096862793,0.004744768142700195
6,19,45,191.0,3.1287972927093506,3.1317195892333984,0.0029222965240478516
6,19,46,92.0,4.466386795043945,4.464489936828613,-0.0018968582153320312
6,19,47,41.0,4.971887588500977,4.974262714385986,0.0023751258850097656
6,19,48,231.0,2.9811513423919678,2.977452039718628,-0.0036993026733398438
6,19,49,101.0,2.116225004196167,2.1152918338775635,-0.0009331703186035156
6,19,50,177.0,2.9830946922302246,2.9844837188720703,0.0013890266418457031
6,19,51,252.0,3.516876697540283,3.5206353664398193,0.003758668899536133
6,19,52,259.0,2.737027645111084,2.733555316925049,-0.0034723281860351562
6,19,53,47.0,1.9067243337631226,1.9130011796951294,0.006276845932006836
6,19,54,164.0,2.2345211505889893,2.22814679145813,-0.006374359130859375
6,19,55,94.0,3.3757195472717285,3.374814033508301,-0.0009055137634277344
6,19,56,103.0,3.3878378868103027,3.387524127960205,-0.00031375885009765625
6,19,57,78.0,3.3106584548950195,3.3161652088165283,0.005506753921508789
6,19,58,239.0,3.107602596282959,3.1074330806732178,-0.00016951560974121094
6,19,59,271.0,4.418605804443359,4.420187473297119,0.0015816688537597656
6,19,60,162.0,2.9131579399108887,2.9051363468170166,-0.00802159309387207
6,19,61,179.0,3.214285135269165,3.208623170852661,-0.005661964416503906
6,19,62,218.0,2.5891129970550537,2.5880587100982666,-0.0010542869567871094
6,19,63,81.0,3.4107165336608887,3.4144203662872314,0.0037038326263427734
6,19,64,93.0,3.5013821125030518,3.5047521591186523,0.003370046615600586
6,19,65,72.0,3.358228921890259,3.3516321182250977,-0.006596803665161133
6,19,66,230.0,3.3264732360839844,3.325249433517456,-0.0012238025665283203
6,19,67,99.0,2.410640239715576,2.404137134552002,-0.006503105163574219
6,19,68,213.0,2.6581079959869385,2.662179946899414,0.004071950912475586
6,19,69,119.0,2.5800669193267822,2.5839343070983887,0.0038673877716064453
6,19,70,161.0,2.929652214050293,2.9351112842559814,0.0054590702056884766
6,19,71,90.0,3.9417757987976074,3.942133903503418,0.0003581047058105469
6,19,72,181.0,2.8265914916992188,2.8258087635040283,-0.0007827281951904297
6,19,73,95.0,3.8289499282836914,3.83243727684021,0.0034873485565185547
6,19,74,245.0,2.2537572383880615,2.256237268447876,0.002480030059814453
6,19,75,93.0,1.7269396781921387,1.7362029552459717,0.009263277053833008
6,19,76,225.0,2.4448561668395996,2.4442059993743896,-0.0006501674652099609
6,19,77,61.0,3.08821439743042,3.100743055343628,0.012528657913208008
6,19,78,257.0,3.5650999546051025,3.562448024749756,-0.0026519298553466797
6,19,79,165.0,2.7435922622680664,2.7450053691864014,0.001413106918334961
6,19,80,117.0,4.079967498779297,4.074151515960693,-0.005815982818603516
6,19,81,89.0,3.1170668601989746,3.120929479598999,0.003862619400024414
6,19,82,291.0,3.542208671569824,3.5588295459747314,0.016620874404907227
6,19,83,93.0,3.1824769973754883,3.166597843170166,-0.015879154205322266
6,19,84,228.0,1.8533809185028076,1.8449784517288208,-0.008402466773986816
6,19,85,131.0,2.4851677417755127,2.4869096279144287,0.0017418861389160156
6,19,86,191.0,3.915872573852539,3.916632890701294,0.0007603168487548828
6,19,87,238.0,4.8885579109191895,4.8874993324279785,-0.0010585784912109375
6,19,88,210.0,2.9943952560424805,2.9938833713531494,-0.0005118846893310547
6,19,89,107.0,4.1228203773498535,4.122835159301758,1.4781951904296875e-05
6,19,90,217.0,2.7718281745910645,2.7761523723602295,0.004324197769165039
6,19,91,199.0,3.112976312637329,3.111304759979248,-0.0016715526580810547
6,19,92,84.0,2.381793260574341,2.3900253772735596,0.00823211669921875
6,19,93,271.0,3.5375630855560303,3.53902006149292,0.0014569759368896484
6,19,94,226.0,3.105239152908325,3.101766586303711,-0.003472566604614258
6,19,95,258.0,3.5427961349487305,3.5504603385925293,0.007664203643798828
6,19,96,86.0,3.23514723777771,3.2354371547698975,0.0002899169921875
6,19,97,142.0,4.2480573654174805,4.245008945465088,-0.003048419952392578
6,19,98,42.0,1.9809751510620117,2.0030603408813477,0.022085189819335938
6,19,99,224.0,2.4784393310546875,2.4817521572113037,0.003312826156616211
6,19,100,197.0,1.853989601135254,1.8503996133804321,-0.0035899877548217773
6,19,101,85.0,2.4941816329956055,2.495771646499634,0.0015900135040283203
6,19,102,195.0,3.122326612472534,3.1214027404785156,-0.0009238719940185547
6,19,103,102.0,3.1147775650024414,3.1111724376678467,-0.0036051273345947266
6,19,104,181.0,3.189467191696167,3.185603618621826,-0.0038635730743408203
6,19,105,72.0,1.8649518489837646,1.857535481452942,-0.007416367530822754
6,19,106,130.0,4.294760227203369,4.300361633300781,0.005601406097412109
6,19,107,62.0,2.4163553714752197,2.4204416275024414,0.00408625602722168
6,19,108,263.0,3.546691656112671,3.546166181564331,-0.0005254745483398438
6,19,109,194.0,2.697882890701294,2.6998026371002197,0.0019197463989257812
6,19,110,174.0,2.602036237716675,2.6009223461151123,-0.0011138916015625
6,19,111,235.0,3.703277826309204,3.702183961868286,-0.0010938644409179688
6,19,112,143.0,3.633587121963501,3.635181427001953,0.0015943050384521484
6,19,113,117.0,4.060715675354004,4.051907062530518,-0.008808612823486328
6,19,114,160.0,3.7659225463867188,3.7675976753234863,0.0016751289367675781
6,19,115,115.0,3.034438133239746,3.0384140014648438,0.003975868225097656
6,19,116,120.0,3.3571696281433105,3.361575126647949,0.004405498504638672
6,19,117,186.0,3.4980924129486084,3.50376033782959,0.005667924880981445
6,19,118,138.0,3.0037918090820312,3.0088412761688232,0.005049467086791992
6,19,119,80.0,2.1522231101989746,2.1504266262054443,-0.0017964839935302734
6,19,120,164.0,2.666628122329712,2.6687700748443604,0.0021419525146484375
6,19,121,215.0,3.3896234035491943,3.385754108428955,-0.003869295120239258
6,19,122,81.0,3.035551071166992,3.0398290157318115,0.004277944564819336
6,19,123,171.0,2.9384942054748535,2.940429449081421,0.0019352436065673828
6,19,124,41.0,5.417657375335693,5.439741611480713,0.02208423614501953
6,19,125,103.0,3.7517361640930176,3.746924638748169,-0.004811525344848633
6,19,126,145.0,2.8366682529449463,2.832822799682617,-0.0038454532623291016
6,19,127,102.0,2.7819013595581055,2.7785804271698,-0.003320932388305664
6,20,0,196.0,3.129199504852295,3.12703013420105,-0.002169370651245117
6,20,1,127.0,2.998192548751831,2.9986417293548584,0.00044918060302734375
6,20,2,162.0,2.099813938140869,2.1018989086151123,0.002084970474243164
6,20,3,92.0,3.952493190765381,3.947383165359497,-0.005110025405883789
6,20,4,194.0,2.782571315765381,2.7899811267852783,0.007409811019897461
6,20,5,115.0,2.7538414001464844,2.760331869125366,0.006490468978881836
6,20,6,109.0,4.127994060516357,4.119330406188965,-0.008663654327392578
6,20,7,48.0,3.018592119216919,3.012791633605957,-0.005800485610961914
6,20,8,69.0,3.3226022720336914,3.315844774246216,-0.006757497787475586
6,20,9,85.0,3.0205674171447754,3.017625570297241,-0.0029418468475341797
6,20,10,238.0,2.6267495155334473,2.6269285678863525,0.00017905235290527344
6,20,11,233.0,2.4413414001464844,2.442361831665039,0.0010204315185546875
6,20,12,208.0,2.959929943084717,2.9638516902923584,0.0039217472076416016
6,20,13,196.0,2.753826141357422,2.748558759689331,-0.00526738166809082
6,20,14,131.0,2.9712021350860596,2.9694907665252686,-0.0017113685607910156
6,20,15,125.0,2.7515416145324707,2.7546327114105225,0.003091096878051758
6,20,16,61.0,4.166540145874023,4.161733627319336,-0.0048065185546875
6,20,17,164.0,1.9632303714752197,1.9674807786941528,0.0042504072189331055
6,20,18,107.0,3.135986328125,3.1328301429748535,-0.0031561851501464844
6,20,19,48.0,3.4995276927948,3.514988660812378,0.015460968017578125
6,20,20,74.0,1.9705148935317993,1.9661314487457275,-0.004383444786071777
6,20,21,103.0,2.235994577407837,2.2243196964263916,-0.011674880981445312
6,20,22,114.0,3.2786149978637695,3.2762796878814697,-0.0023353099822998047
6,20,23,50.0,5.015505313873291,5.0066304206848145,-0.008874893188476562
6,20,24,281.0,2.3039751052856445,2.3057656288146973,0.0017905235290527344
6,20,25,247.0,1.9686022996902466,1.9658777713775635,-0.0027245283126831055
6,20,26,173.0,3.4113833904266357,3.4056508541107178,-0.005732536315917969
6,20,27,166.0,3.050419330596924,3.0559298992156982,0.005510568618774414
6,20,28,98.0,2.611907482147217,2.61568021774292,0.003772735595703125
6,20,29,174.0,3.051379919052124,3.051910638809204,0.0005307197570800781
6,20,30,173.0,2.750077724456787,2.7487175464630127,-0.001360177993774414
6,20,31,215.0,3.4014222621917725,3.402405261993408,0.0009829998016357422
6,20,32,186.0,2.6455953121185303,2.6460371017456055,0.0004417896270751953
6,20,33,153.0,2.4407522678375244,2.4378819465637207,-0.002870321273803711
6,20,34,147.0,2.7246551513671875,2.7257087230682373,0.0010535717010498047
6,20,35,50.0,4.024989604949951,4.022770881652832,-0.0022187232971191406
6,20,36,86.0,2.0081088542938232,2.00180721282959,-0.0063016414642333984
6,20,37,154.0,3.517357349395752,3.5208566188812256,0.003499269485473633
6,20,38,265.0,2.388361930847168,2.3927602767944336,0.004398345947265625
6,20,39,199.0,3.1552681922912598,3.1531190872192383,-0.0021491050720214844
6,20,40,138.0,2.536069631576538,2.538559675216675,0.0024900436401367188
6,20,41,98.0,3.269590377807617,3.2795889377593994,0.009998559951782227
6,20,42,167.0,2.519949436187744,2.5181314945220947,-0.001817941665649414
6,20,43,288.0,3.7899160385131836,3.7958128452301025,0.005896806716918945
6,20,44,225.0,2.509033441543579,2.5077035427093506,-0.0013298988342285156
6,20,45,191.0,3.1287972927093506,3.126894235610962,-0.0019030570983886719
6,20,46,92.0,4.466386795043945,4.462722301483154,-0.0036644935607910156
6,20,47,41.0,4.971887588500977,4.977525234222412,0.005637645721435547
6,20,48,231.0,2.9811513423919678,2.9823801517486572,0.0012288093566894531
6,20,49,101.0,2.116225004196167,2.1158342361450195,-0.00039076805114746094
6,20,50,177.0,2.9830946922302246,2.976841449737549,-0.006253242492675781
6,20,51,252.0,3.516876697540283,3.528963565826416,0.012086868286132812
6,20,52,259.0,2.737027645111084,2.736563205718994,-0.00046443939208984375
6,20,53,47.0,1.9067243337631226,1.8914051055908203,-0.015319228172302246
6,20,54,164.0,2.2345211505889893,2.2292003631591797,-0.00532078742980957
6,20,55,94.0,3.3757195472717285,3.3718414306640625,-0.0038781166076660156
6,20,56,103.0,3.3878378868103027,3.387469530105591,-0.00036835670471191406
6,20,57,78.0,3.3106584548950195,3.305485725402832,-0.0051727294921875
6,20,58,239.0,3.107602596282959,3.0994713306427,-0.008131265640258789
6,20,59,271.0,4.418605804443359,4.41684103012085,-0.0017647743225097656
6,20,60,162.0,2.9131579399108887,2.9096925258636475,-0.003465414047241211
6,20,61,179.0,3.214285135269165,3.211271286010742,-0.0030138492584228516
6,20,62,218.0,2.5891129970550537,2.5845742225646973,-0.004538774490356445
6,20,63,81.0,3.4107165336608887,3.410752773284912,3.62396240234375e-05
6,20,64,93.0,3.5013821125030518,3.5040149688720703,0.0026328563690185547
6,20,65,72.0,3.358228921890259,3.3545913696289062,-0.003637552261352539
6,20,66,230.0,3.3264732360839844,3.3283791542053223,0.0019059181213378906
6,20,67,99.0,2.410640239715576,2.408360004425049,-0.0022802352905273438
6,20,68,213.0,2.6581079959869385,2.655808687210083,-0.0022993087768554688
6,20,69,119.0,2.5800669193267822,2.5826759338378906,0.0026090145111083984
6,20,70,161.0,2.929652214050293,2.929711103439331,5.888938903808594e-05
6,20,71,90.0,3.9417757987976074,3.9442973136901855,0.002521514892578125
6,20,72,181.0,2.8265914916992188,2.8282299041748047,0.0016384124755859375
6,20,73,95.0,3.8289499282836914,3.833951234817505,0.0050013065338134766
6,20,74,245.0,2.2537572383880615,2.250835418701172,-0.0029218196868896484
6,20,75,93.0,1.7269396781921387,1.7277483940124512,0.0008087158203125
6,20,76,225.0,2.4448561668395996,2.4437451362609863,-0.0011110305786132812
6,20,77,61.0,3.08821439743042,3.098519802093506,0.010305404663085938
6,20,78,257.0,3.5650999546051025,3.5647542476654053,-0.0003457069396972656
6,20,79,165.0,2.7435922622680664,2.7372124195098877,-0.006379842758178711
6,20,80,117.0,4.079967498779297,4.071102142333984,-0.0088653564453125
6,20,81,89.0,3.1170668601989746,3.1194870471954346,0.002420186996459961
6,20,82,291.0,3.542208671569824,3.548370838165283,0.006162166595458984
6,20,83,93.0,3.1824769973754883,3.1790521144866943,-0.0034248828887939453
6,20,84,228.0,1.8533809185028076,1.8351619243621826,-0.018218994140625
6,20,85,131.0,2.4851677417755127,2.4859683513641357,0.0008006095886230469
6,20,86,191.0,3.915872573852539,3.912036418914795,-0.0038361549377441406
6,20,87,238.0,4.8885579109191895,4.890681743621826,0.0021238327026367188
6,20,88,210.0,2.9943952560424805,3.0010082721710205,0.006613016128540039
6,20,89,107.0,4.1228203773498535,4.119570732116699,-0.003249645233154297
6,20,90,217.0,2.7718281745910645,2.774151086807251,0.0023229122161865234
6,20,91,199.0,3.112976312637329,3.1103591918945312,-0.0026171207427978516
6,20,92,84.0,2.381793260574341,2.383913040161133,0.002119779586791992
6,20,93,271.0,3.5375630855560303,3.5366032123565674,-0.0009598731994628906
6,20,94,226.0,3.105239152908325,3.1054906845092773,0.00025153160095214844
6,20,95,258.0,3.5427961349487305,3.5482399463653564,0.0054438114166259766
6,20,96,86.0,3.23514723777771,3.2403926849365234,0.0052454471588134766
6,20,97,142.0,4.2480573654174805,4.242306232452393,-0.005751132965087891
6,20,98,42.0,1.9809751510620117,1.9944000244140625,0.013424873352050781
6,20,99,224.0,2.4784393310546875,2.4786040782928467,0.0001647472381591797
6,20,100,197.0,1.853989601135254,1.8474677801132202,-0.006521821022033691
6,20,101,85.0,2.4941816329956055,2.494413375854492,0.00023174285888671875
6,20,102,195.0,3.122326612472534,3.1253182888031006,0.0029916763305664062
6,20,103,102.0,3.1147775650024414,3.118149518966675,0.0033719539642333984
6,20,104,181.0,3.189467191696167,3.185943365097046,-0.0035238265991210938
6,20,105,72.0,1.8649518489837646,1.8600150346755981,-0.004936814308166504
6,20,106,130.0,4.294760227203369,4.293891906738281,-0.0008683204650878906
6,20,107,62.0,2.4163553714752197,2.4081509113311768,-0.008204460144042969
6,20,108,263.0,3.546691656112671,3.541558265686035,-0.005133390426635742
6,20,109,194.0,2.697882890701294,2.6956145763397217,-0.0022683143615722656
6,20,110,174.0,2.602036237716675,2.5973613262176514,-0.0046749114990234375
6,20,111,235.0,3.703277826309204,3.7124922275543213,0.009214401245117188
6,20,112,143.0,3.633587121963501,3.638355255126953,0.0047681331634521484
6,20,113,117.0,4.060715675354004,4.063081741333008,0.0023660659790039062
6,20,114,160.0,3.7659225463867188,3.7670586109161377,0.0011360645294189453
6,20,115,115.0,3.034438133239746,3.03239369392395,-0.0020444393157958984
6,20,116,120.0,3.3571696281433105,3.362818479537964,0.00564885139465332
6,20,117,186.0,3.4980924129486084,3.4994680881500244,0.0013756752014160156
6,20,118,138.0,3.0037918090820312,2.9990429878234863,-0.004748821258544922
6,20,119,80.0,2.1522231101989746,2.155215263366699,0.0029921531677246094
6,20,120,164.0,2.666628122329712,2.6674981117248535,0.0008699893951416016
6,20,121,215.0,3.3896234035491943,3.3904428482055664,0.0008194446563720703
6,20,122,81.0,3.035551071166992,3.0420689582824707,0.006517887115478516
6,20,123,171.0,2.9384942054748535,2.942387819290161,0.003893613815307617
6,20,124,41.0,5.417657375335693,5.372213363647461,-0.04544401168823242
6,20,125,103.0,3.7517361640930176,3.749386787414551,-0.002349376678466797
6,20,126,145.0,2.8366682529449463,2.8356385231018066,-0.0010297298431396484
6,20,127,102.0,2.7819013595581055,2.7811596393585205,-0.0007417201995849609
6,21,0,196.0,3.129199504852295,3.126358985900879,-0.0028405189514160156
6,21,1,127.0,2.998192548751831,3.0012965202331543,0.003103971481323242
6,21,2,162.0,2.099813938140869,2.099811553955078,-2.384185791015625e-06
6,21,3,92.0,3.952493190765381,3.9432082176208496,-0.00928497314453125
6,21,4,194.0,2.782571315765381,2.778406858444214,-0.004164457321166992
6,21,5,115.0,2.7538414001464844,2.7567121982574463,0.002870798110961914
6,21,6,109.0,4.127994060516357,4.123393535614014,-0.00460052490234375
6,21,7,48.0,3.018592119216919,3.021662473678589,0.003070354461669922
6,21,8,69.0,3.3226022720336914,3.3095896244049072,-0.01301264762878418
6,21,9,85.0,3.0205674171447754,3.0204083919525146,-0.0001590251922607422
6,21,10,238.0,2.6267495155334473,2.6258130073547363,-0.0009365081787109375
6,21,11,233.0,2.4413414001464844,2.4395556449890137,-0.0017857551574707031
6,21,12,208.0,2.959929943084717,2.959303379058838,-0.0006265640258789062
6,21,13,196.0,2.753826141357422,2.750422954559326,-0.003403186798095703
6,21,14,131.0,2.9712021350860596,2.9687705039978027,-0.002431631088256836
6,21,15,125.0,2.7515416145324707,2.7492592334747314,-0.002282381057739258
6,21,16,61.0,4.166540145874023,4.1588263511657715,-0.007713794708251953
6,21,17,164.0,1.9632303714752197,1.9637231826782227,0.0004928112030029297
6,21,18,107.0,3.135986328125,3.131028890609741,-0.004957437515258789
6,21,19,48.0,3.4995276927948,3.502420425415039,0.002892732620239258
6,21,20,74.0,1.9705148935317993,1.97859525680542,0.008080363273620605
6,21,21,103.0,2.235994577407837,2.2226665019989014,-0.013328075408935547
6,21,22,114.0,3.2786149978637695,3.27510142326355,-0.0035135746002197266
6,21,23,50.0,5.015505313873291,5.0056471824646,-0.009858131408691406
6,21,24,281.0,2.3039751052856445,2.308663845062256,0.004688739776611328
6,21,25,247.0,1.9686022996902466,1.9676923751831055,-0.0009099245071411133
6,21,26,173.0,3.4113833904266357,3.4113359451293945,-4.744529724121094e-05
6,21,27,166.0,3.050419330596924,3.051833152770996,0.0014138221740722656
6,21,28,98.0,2.611907482147217,2.6176414489746094,0.005733966827392578
6,21,29,174.0,3.051379919052124,3.055562973022461,0.004183053970336914
6,21,30,173.0,2.750077724456787,2.749314785003662,-0.000762939453125
6,21,31,215.0,3.4014222621917725,3.4040913581848145,0.002669095993041992
6,21,32,186.0,2.6455953121185303,2.65380859375,0.008213281631469727
6,21,33,153.0,2.4407522678375244,2.438685178756714,-0.002067089080810547
6,21,34,147.0,2.7246551513671875,2.734381914138794,0.009726762771606445
6,21,35,50.0,4.024989604949951,4.020689010620117,-0.004300594329833984
6,21,36,86.0,2.0081088542938232,1.9892386198043823,-0.018870234489440918
6,21,37,154.0,3.517357349395752,3.5204966068267822,0.0031392574310302734
6,21,38,265.0,2.388361930847168,2.3890154361724854,0.0006535053253173828
6,21,39,199.0,3.1552681922912598,3.1564810276031494,0.0012128353118896484
6,21,40,138.0,2.536069631576538,2.5418481826782227,0.00577855110168457
6,21,41,98.0,3.269590377807617,3.2709567546844482,0.0013663768768310547
6,21,42,167.0,2.519949436187744,2.515166759490967,-0.004782676696777344
6,21,43,288.0,3.7899160385131836,3.7918362617492676,0.0019202232360839844
6,21,44,225.0,2.509033441543579,2.5089950561523438,-3.838539123535156e-05
6,21,45,191.0,3.1287972927093506,3.1322972774505615,0.0034999847412109375
6,21,46,92.0,4.466386795043945,4.463877201080322,-0.002509593963623047
6,21,47,41.0,4.971887588500977,4.980413436889648,0.008525848388671875
6,21,48,231.0,2.9811513423919678,2.9800801277160645,-0.0010712146759033203
6,21,49,101.0,2.116225004196167,2.114208698272705,-0.002016305923461914
6,21,50,177.0,2.9830946922302246,2.9861409664154053,0.003046274185180664
6,21,51,252.0,3.516876697540283,3.5234322547912598,0.0065555572509765625
6,21,52,259.0,2.737027645111084,2.7374114990234375,0.0003838539123535156
6,21,53,47.0,1.9067243337631226,1.9200525283813477,0.013328194618225098
6,21,54,164.0,2.2345211505889893,2.2282583713531494,-0.006262779235839844
6,21,55,94.0,3.3757195472717285,3.372507333755493,-0.0032122135162353516
6,21,56,103.0,3.3878378868103027,3.383655071258545,-0.0041828155517578125
6,21,57,78.0,3.3106584548950195,3.3147685527801514,0.004110097885131836
6,21,58,239.0,3.107602596282959,3.1013729572296143,-0.0062296390533447266
6,21,59,271.0,4.418605804443359,4.4214372634887695,0.0028314590454101562
6,21,60,162.0,2.9131579399108887,2.9051499366760254,-0.008008003234863281
6,21,61,179.0,3.214285135269165,3.204228639602661,-0.010056495666503906
6,21,62,218.0,2.5891129970550537,2.589024066925049,-8.893013000488281e-05
6,21,63,81.0,3.4107165336608887,3.4174137115478516,0.006697177886962891
6,21,64,93.0,3.5013821125030518,3.493677854537964,-0.007704257965087891
6,21,65,72.0,3.358228921890259,3.342130184173584,-0.016098737716674805
6,21,66,230.0,3.3264732360839844,3.324005126953125,-0.002468109130859375
6,21,67,99.0,2.410640239715576,2.386209487915039,-0.02443075180053711
6,21,68,213.0,2.6581079959869385,2.65852689743042,0.0004189014434814453
6,21,69,119.0,2.5800669193267822,2.586082696914673,0.006015777587890625
6,21,70,161.0,2.929652214050293,2.932762861251831,0.003110647201538086
6,21,71,90.0,3.9417757987976074,3.946516275405884,0.004740476608276367
6,21,72,181.0,2.8265914916992188,2.82755708694458,0.0009655952453613281
6,21,73,95.0,3.8289499282836914,3.838474750518799,0.009524822235107422
6,21,74,245.0,2.2537572383880615,2.2540524005889893,0.0002951622009277344
6,21,75,93.0,1.7269396781921387,1.728070616722107,0.0011309385299682617
6,21,76,225.0,2.4448561668395996,2.440321922302246,-0.004534244537353516
6,21,77,61.0,3.08821439743042,3.0992186069488525,0.011004209518432617
6,21,78,257.0,3.5650999546051025,3.5700626373291016,0.0049626827239990234
6,21,79,165.0,2.7435922622680664,2.741271495819092,-0.0023207664489746094
6,21,80,117.0,4.079967498779297,4.077352046966553,-0.0026154518127441406
6,21,81,89.0,3.1170668601989746,3.1141536235809326,-0.002913236618041992
6,21,82,291.0,3.542208671569824,3.549847364425659,0.007638692855834961
6,21,83,93.0,3.1824769973754883,3.174124002456665,-0.008352994918823242
6,21,84,228.0,1.8533809185028076,1.8467546701431274,-0.006626248359680176
6,21,85,131.0,2.4851677417755127,2.4881300926208496,0.002962350845336914
6,21,86,191.0,3.915872573852539,3.911943197250366,-0.0039293766021728516
6,21,87,238.0,4.8885579109191895,4.887564182281494,-0.0009937286376953125
6,21,88,210.0,2.9943952560424805,2.9939498901367188,-0.00044536590576171875
6,21,89,107.0,4.1228203773498535,4.116595268249512,-0.006225109100341797
6,21,90,217.0,2.7718281745910645,2.7802340984344482,0.008405923843383789
6,21,91,199.0,3.112976312637329,3.1092820167541504,-0.003694295883178711
6,21,92,84.0,2.381793260574341,2.384570837020874,0.002777576446533203
6,21,93,271.0,3.5375630855560303,3.5370004177093506,-0.0005626678466796875
6,21,94,226.0,3.105239152908325,3.1079039573669434,0.002664804458618164
6,21,95,258.0,3.5427961349487305,3.547729253768921,0.00493311882019043
6,21,96,86.0,3.23514723777771,3.239682912826538,0.004535675048828125
6,21,97,142.0,4.2480573654174805,4.2467169761657715,-0.0013403892517089844
6,21,98,42.0,1.9809751510620117,1.9588862657546997,-0.02208888530731201
6,21,99,224.0,2.4784393310546875,2.476984739303589,-0.0014545917510986328
6,21,100,197.0,1.853989601135254,1.8538672924041748,-0.00012230873107910156
6,21,101,85.0,2.4941816329956055,2.4960756301879883,0.0018939971923828125
6,21,102,195.0,3.122326612472534,3.1231369972229004,0.0008103847503662109
6,21,103,102.0,3.1147775650024414,3.1230223178863525,0.008244752883911133
6,21,104,181.0,3.189467191696167,3.1885108947753906,-0.0009562969207763672
6,21,105,72.0,1.8649518489837646,1.8575185537338257,-0.007433295249938965
6,21,106,130.0,4.294760227203369,4.292531490325928,-0.0022287368774414062
6,21,107,62.0,2.4163553714752197,2.4135637283325195,-0.0027916431427001953
6,21,108,263.0,3.546691656112671,3.5496368408203125,0.0029451847076416016
6,21,109,194.0,2.697882890701294,2.691697597503662,-0.006185293197631836
6,21,110,174.0,2.602036237716675,2.608045816421509,0.006009578704833984
6,21,111,235.0,3.703277826309204,3.697277069091797,-0.0060007572174072266
6,21,112,143.0,3.633587121963501,3.6356089115142822,0.00202178955078125
6,21,113,117.0,4.060715675354004,4.055941581726074,-0.0047740936279296875
6,21,114,160.0,3.7659225463867188,3.771181106567383,0.0052585601806640625
6,21,115,115.0,3.034438133239746,3.034541606903076,0.00010347366333007812
6,21,116,120.0,3.3571696281433105,3.358837842941284,0.0016682147979736328
6,21,117,186.0,3.4980924129486084,3.502054214477539,0.003961801528930664
6,21,118,138.0,3.0037918090820312,2.9964356422424316,-0.007356166839599609
6,21,119,80.0,2.1522231101989746,2.153909206390381,0.00168609619140625
6,21,120,164.0,2.666628122329712,2.6620547771453857,-0.004573345184326172
6,21,121,215.0,3.3896234035491943,3.3905560970306396,0.0009326934814453125
6,21,122,81.0,3.035551071166992,3.0418641567230225,0.0063130855560302734
6,21,123,171.0,2.9384942054748535,2.946472644805908,0.007978439331054688
6,21,124,41.0,5.417657375335693,5.326794147491455,-0.09086322784423828
6,21,125,103.0,3.7517361640930176,3.7549991607666016,0.0032629966735839844
6,21,126,145.0,2.8366682529449463,2.838657855987549,0.001989603042602539
6,21,127,102.0,2.7819013595581055,2.7751243114471436,-0.006777048110961914
6,22,0,196.0,3.129199504852295,3.129605770111084,0.0004062652587890625
6,22,1,127.0,2.998192548751831,2.9992074966430664,0.0010149478912353516
6,22,2,162.0,2.099813938140869,2.1057863235473633,0.005972385406494141
6,22,3,92.0,3.952493190765381,3.958732843399048,0.006239652633666992
6,22,4,194.0,2.782571315765381,2.7737467288970947,-0.008824586868286133
6,22,5,115.0,2.7538414001464844,2.7595932483673096,0.005751848220825195
6,22,6,109.0,4.127994060516357,4.118156909942627,-0.009837150573730469
6,22,7,48.0,3.018592119216919,3.0096442699432373,-0.00894784927368164
6,22,8,69.0,3.3226022720336914,3.3203675746917725,-0.0022346973419189453
6,22,9,85.0,3.0205674171447754,3.01747727394104,-0.0030901432037353516
6,22,10,238.0,2.6267495155334473,2.630171060562134,0.0034215450286865234
6,22,11,233.0,2.4413414001464844,2.44166898727417,0.0003275871276855469
6,22,12,208.0,2.959929943084717,2.9608917236328125,0.0009617805480957031
6,22,13,196.0,2.753826141357422,2.7572832107543945,0.0034570693969726562
6,22,14,131.0,2.9712021350860596,2.9767892360687256,0.005587100982666016
6,22,15,125.0,2.7515416145324707,2.75045108795166,-0.0010905265808105469
6,22,16,61.0,4.166540145874023,4.163658618927002,-0.0028815269470214844
6,22,17,164.0,1.9632303714752197,1.9627124071121216,-0.0005179643630981445
6,22,18,107.0,3.135986328125,3.1452155113220215,0.009229183197021484
6,22,19,48.0,3.4995276927948,3.502218008041382,0.0026903152465820312
6,22,20,74.0,1.9705148935317993,1.9710416793823242,0.0005267858505249023
6,22,21,103.0,2.235994577407837,2.2320265769958496,-0.003968000411987305
6,22,22,114.0,3.2786149978637695,3.2795629501342773,0.0009479522705078125
6,22,23,50.0,5.015505313873291,5.000941276550293,-0.014564037322998047
6,22,24,281.0,2.3039751052856445,2.3077211380004883,0.00374603271484375
6,22,25,247.0,1.9686022996902466,1.9682929515838623,-0.00030934810638427734
6,22,26,173.0,3.4113833904266357,3.4072139263153076,-0.004169464111328125
6,22,27,166.0,3.050419330596924,3.0570247173309326,0.006605386734008789
6,22,28,98.0,2.611907482147217,2.620206356048584,0.008298873901367188
6,22,29,174.0,3.051379919052124,3.055314064025879,0.003934144973754883
6,22,30,173.0,2.750077724456787,2.7459421157836914,-0.004135608673095703
6,22,31,215.0,3.4014222621917725,3.4064559936523438,0.005033731460571289
6,22,32,186.0,2.6455953121185303,2.6531975269317627,0.007602214813232422
6,22,33,153.0,2.4407522678375244,2.4385581016540527,-0.0021941661834716797
6,22,34,147.0,2.7246551513671875,2.727839708328247,0.0031845569610595703
6,22,35,50.0,4.024989604949951,4.019532680511475,-0.0054569244384765625
6,22,36,86.0,2.0081088542938232,2.0103096961975098,0.0022008419036865234
6,22,37,154.0,3.517357349395752,3.526134967803955,0.008777618408203125
6,22,38,265.0,2.388361930847168,2.3932290077209473,0.004867076873779297
6,22,39,199.0,3.1552681922912598,3.155869960784912,0.0006017684936523438
6,22,40,138.0,2.536069631576538,2.525540828704834,-0.010528802871704102
6,22,41,98.0,3.269590377807617,3.2773852348327637,0.007794857025146484
6,22,42,167.0,2.519949436187744,2.5172948837280273,-0.002654552459716797
6,22,43,288.0,3.7899160385131836,3.7875170707702637,-0.002398967742919922
6,22,44,225.0,2.509033441543579,2.50866961479187,-0.0003638267517089844
6,22,45,191.0,3.1287972927093506,3.1352200508117676,0.006422758102416992
6,22,46,92.0,4.466386795043945,4.472019195556641,0.0056324005126953125
6,22,47,41.0,4.971887588500977,4.9664130210876465,-0.005474567413330078
6,22,48,231.0,2.9811513423919678,2.981372356414795,0.00022101402282714844
6,22,49,101.0,2.116225004196167,2.113370895385742,-0.0028541088104248047
6,22,50,177.0,2.9830946922302246,2.981510877609253,-0.0015838146209716797
6,22,51,252.0,3.516876697540283,3.5255990028381348,0.008722305297851562
6,22,52,259.0,2.737027645111084,2.740675449371338,0.0036478042602539062
6,22,53,47.0,1.9067243337631226,1.9001280069351196,-0.00659632682800293
6,22,54,164.0,2.2345211505889893,2.2322912216186523,-0.002229928970336914
6,22,55,94.0,3.3757195472717285,3.367666006088257,-0.00805354118347168
6,22,56,103.0,3.3878378868103027,3.3842482566833496,-0.003589630126953125
6,22,57,78.0,3.3106584548950195,3.317291736602783,0.006633281707763672
6,22,58,239.0,3.107602596282959,3.1060714721679688,-0.0015311241149902344
6,22,59,271.0,4.418605804443359,4.4199748039245605,0.0013689994812011719
6,22,60,162.0,2.9131579399108887,2.9074137210845947,-0.005744218826293945
6,22,61,179.0,3.214285135269165,3.2112340927124023,-0.0030510425567626953
6,22,62,218.0,2.5891129970550537,2.5882692337036133,-0.0008437633514404297
6,22,63,81.0,3.4107165336608887,3.4131832122802734,0.0024666786193847656
6,22,64,93.0,3.5013821125030518,3.50278639793396,0.0014042854309082031
6,22,65,72.0,3.358228921890259,3.359177350997925,0.0009484291076660156
6,22,66,230.0,3.3264732360839844,3.3268823623657227,0.00040912628173828125
6,22,67,99.0,2.410640239715576,2.413233757019043,0.002593517303466797
6,22,68,213.0,2.6581079959869385,2.658540725708008,0.00043272972106933594
6,22,69,119.0,2.5800669193267822,2.58404803276062,0.003981113433837891
6,22,70,161.0,2.929652214050293,2.93597412109375,0.006321907043457031
6,22,71,90.0,3.9417757987976074,3.941553831100464,-0.0002219676971435547
6,22,72,181.0,2.8265914916992188,2.8288910388946533,0.0022995471954345703
6,22,73,95.0,3.8289499282836914,3.8322269916534424,0.0032770633697509766
6,22,74,245.0,2.2537572383880615,2.2516586780548096,-0.002098560333251953
6,22,75,93.0,1.7269396781921387,1.7321288585662842,0.005189180374145508
6,22,76,225.0,2.4448561668395996,2.4486594200134277,0.003803253173828125
6,22,77,61.0,3.08821439743042,3.0817012786865234,-0.006513118743896484
6,22,78,257.0,3.5650999546051025,3.565236806869507,0.00013685226440429688
6,22,79,165.0,2.7435922622680664,2.741765022277832,-0.001827239990234375
6,22,80,117.0,4.079967498779297,4.069113731384277,-0.010853767395019531
6,22,81,89.0,3.1170668601989746,3.1205410957336426,0.0034742355346679688
6,22,82,291.0,3.542208671569824,3.548468589782715,0.006259918212890625
6,22,83,93.0,3.1824769973754883,3.1790807247161865,-0.003396272659301758
6,22,84,228.0,1.8533809185028076,1.8341758251190186,-0.019205093383789062
6,22,85,131.0,2.4851677417755127,2.488236904144287,0.003069162368774414
6,22,86,191.0,3.915872573852539,3.9131152629852295,-0.0027573108673095703
6,22,87,238.0,4.8885579109191895,4.889477252960205,0.000919342041015625
6,22,88,210.0,2.9943952560424805,3.0045759677886963,0.01018071174621582
6,22,89,107.0,4.1228203773498535,4.119096279144287,-0.0037240982055664062
6,22,90,217.0,2.7718281745910645,2.772141695022583,0.0003135204315185547
6,22,91,199.0,3.112976312637329,3.1164023876190186,0.003426074981689453
6,22,92,84.0,2.381793260574341,2.380432605743408,-0.0013606548309326172
6,22,93,271.0,3.5375630855560303,3.5382401943206787,0.0006771087646484375
6,22,94,226.0,3.105239152908325,3.1009671688079834,-0.004271984100341797
6,22,95,258.0,3.5427961349487305,3.5475616455078125,0.004765510559082031
6,22,96,86.0,3.23514723777771,3.231269359588623,-0.003877878189086914
6,22,97,142.0,4.2480573654174805,4.247783660888672,-0.00027370452880859375
6,22,98,42.0,1.9809751510620117,2.004944324493408,0.023969173431396484
6,22,99,224.0,2.4784393310546875,2.4793684482574463,0.0009291172027587891
6,22,100,197.0,1.853989601135254,1.8599931001663208,0.0060034990310668945
6,22,101,85.0,2.4941816329956055,2.4902122020721436,-0.003969430923461914
6,22,102,195.0,3.122326612472534,3.1270108222961426,0.0046842098236083984
6,22,103,102.0,3.1147775650024414,3.1130878925323486,-0.0016896724700927734
6,22,104,181.0,3.189467191696167,3.1829912662506104,-0.006475925445556641
6,22,105,72.0,1.8649518489837646,1.8615790605545044,-0.003372788429260254
6,22,106,130.0,4.294760227203369,4.2960615158081055,0.0013012886047363281
6,22,107,62.0,2.4163553714752197,2.4172825813293457,0.0009272098541259766
6,22,108,263.0,3.546691656112671,3.54111647605896,-0.0055751800537109375
6,22,109,194.0,2.697882890701294,2.7042903900146484,0.006407499313354492
6,22,110,174.0,2.602036237716675,2.601311445236206,-0.00072479248046875
6,22,111,235.0,3.703277826309204,3.7135026454925537,0.01022481918334961
6,22,112,143.0,3.633587121963501,3.6352527141571045,0.0016655921936035156
6,22,113,117.0,4.060715675354004,4.064642906188965,0.0039272308349609375
6,22,114,160.0,3.7659225463867188,3.767076015472412,0.0011534690856933594
6,22,115,115.0,3.034438133239746,3.034585475921631,0.00014734268188476562
6,22,116,120.0,3.3571696281433105,3.3673181533813477,0.01014852523803711
6,22,117,186.0,3.4980924129486084,3.5029237270355225,0.0048313140869140625
6,22,118,138.0,3.0037918090820312,3.0014171600341797,-0.0023746490478515625
6,22,119,80.0,2.1522231101989746,2.1594409942626953,0.007217884063720703
6,22,120,164.0,2.666628122329712,2.665360927581787,-0.0012671947479248047
6,22,121,215.0,3.3896234035491943,3.390197515487671,0.0005741119384765625
6,22,122,81.0,3.035551071166992,3.0370187759399414,0.0014677047729492188
6,22,123,171.0,2.9384942054748535,2.944218873977661,0.005724668502807617
6,22,124,41.0,5.417657375335693,5.404516696929932,-0.013140678405761719
6,22,125,103.0,3.7517361640930176,3.7480061054229736,-0.0037300586700439453
6,22,126,145.0,2.8366682529449463,2.8381268978118896,0.0014586448669433594
6,22,127,102.0,2.7819013595581055,2.773442268371582,-0.008459091186523438
6,23,0,196.0,3.129199504852295,3.1273703575134277,-0.0018291473388671875
6,23,1,127.0,2.998192548751831,2.9908499717712402,-0.00734257698059082
6,23,2,162.0,2.099813938140869,2.105633020401001,0.005819082260131836
6,23,3,92.0,3.952493190765381,3.9511845111846924,-0.0013086795806884766
6,23,4,194.0,2.782571315765381,2.7825186252593994,-5.269050598144531e-05
6,23,5,115.0,2.7538414001464844,2.760873556137085,0.007032155990600586
6,23,6,109.0,4.127994060516357,4.1211090087890625,-0.006885051727294922
6,23,7,48.0,3.018592119216919,3.0252368450164795,0.006644725799560547
6,23,8,69.0,3.3226022720336914,3.3181028366088867,-0.0044994354248046875
6,23,9,85.0,3.0205674171447754,3.017810821533203,-0.0027565956115722656
6,23,10,238.0,2.6267495155334473,2.627556085586548,0.0008065700531005859
6,23,11,233.0,2.4413414001464844,2.4401400089263916,-0.0012013912200927734
6,23,12,208.0,2.959929943084717,2.9611613750457764,0.0012314319610595703
6,23,13,196.0,2.753826141357422,2.752871513366699,-0.0009546279907226562
6,23,14,131.0,2.9712021350860596,2.963426351547241,-0.007775783538818359
6,23,15,125.0,2.7515416145324707,2.7490649223327637,-0.0024766921997070312
6,23,16,61.0,4.166540145874023,4.16042423248291,-0.006115913391113281
6,23,17,164.0,1.9632303714752197,1.9604296684265137,-0.0028007030487060547
6,23,18,107.0,3.135986328125,3.139075517654419,0.0030891895294189453
6,23,19,48.0,3.4995276927948,3.5119946002960205,0.012466907501220703
6,23,20,74.0,1.9705148935317993,1.9848610162734985,0.014346122741699219
6,23,21,103.0,2.235994577407837,2.2324330806732178,-0.0035614967346191406
6,23,22,114.0,3.2786149978637695,3.280853271484375,0.0022382736206054688
6,23,23,50.0,5.015505313873291,5.018420219421387,0.002914905548095703
6,23,24,281.0,2.3039751052856445,2.305989980697632,0.0020148754119873047
6,23,25,247.0,1.9686022996902466,1.9696950912475586,0.0010927915573120117
6,23,26,173.0,3.4113833904266357,3.403266668319702,-0.008116722106933594
6,23,27,166.0,3.050419330596924,3.049945831298828,-0.0004734992980957031
6,23,28,98.0,2.611907482147217,2.6089673042297363,-0.0029401779174804688
6,23,29,174.0,3.051379919052124,3.0525288581848145,0.0011489391326904297
6,23,30,173.0,2.750077724456787,2.7493841648101807,-0.0006935596466064453
6,23,31,215.0,3.4014222621917725,3.39955735206604,-0.0018649101257324219
6,23,32,186.0,2.6455953121185303,2.6389384269714355,-0.0066568851470947266
6,23,33,153.0,2.4407522678375244,2.429858684539795,-0.010893583297729492
6,23,34,147.0,2.7246551513671875,2.719965934753418,-0.004689216613769531
6,23,35,50.0,4.024989604949951,4.013327121734619,-0.011662483215332031
6,23,36,86.0,2.0081088542938232,2.0352742671966553,0.02716541290283203
6,23,37,154.0,3.517357349395752,3.521951198577881,0.004593849182128906
6,23,38,265.0,2.388361930847168,2.386181116104126,-0.002180814743041992
6,23,39,199.0,3.1552681922912598,3.158642292022705,0.0033740997314453125
6,23,40,138.0,2.536069631576538,2.532872200012207,-0.0031974315643310547
6,23,41,98.0,3.269590377807617,3.272157669067383,0.002567291259765625
6,23,42,167.0,2.519949436187744,2.522617816925049,0.0026683807373046875
6,23,43,288.0,3.7899160385131836,3.787357807159424,-0.0025582313537597656
6,23,44,225.0,2.509033441543579,2.5125699043273926,0.0035364627838134766
6,23,45,191.0,3.1287972927093506,3.1269352436065674,-0.0018620491027832031
6,23,46,92.0,4.466386795043945,4.471055030822754,0.004668235778808594
6,23,47,41.0,4.971887588500977,4.969089031219482,-0.0027985572814941406
6,23,48,231.0,2.9811513423919678,2.9905471801757812,0.009395837783813477
6,23,49,101.0,2.116225004196167,2.1137290000915527,-0.002496004104614258
6,23,50,177.0,2.9830946922302246,2.984055995941162,0.0009613037109375
6,23,51,252.0,3.516876697540283,3.5258846282958984,0.009007930755615234
6,23,52,259.0,2.737027645111084,2.7383410930633545,0.0013134479522705078
6,23,53,47.0,1.9067243337631226,1.9048494100570679,-0.0018749237060546875
6,23,54,164.0,2.2345211505889893,2.222572088241577,-0.01194906234741211
6,23,55,94.0,3.3757195472717285,3.374911308288574,-0.0008082389831542969
6,23,56,103.0,3.3878378868103027,3.3867249488830566,-0.0011129379272460938
6,23,57,78.0,3.3106584548950195,3.3111772537231445,0.000518798828125
6,23,58,239.0,3.107602596282959,3.1067309379577637,-0.0008716583251953125
6,23,59,271.0,4.418605804443359,4.428996562957764,0.010390758514404297
6,23,60,162.0,2.9131579399108887,2.9085381031036377,-0.0046198368072509766
6,23,61,179.0,3.214285135269165,3.2083821296691895,-0.005903005599975586
6,23,62,218.0,2.5891129970550537,2.5934157371520996,0.0043027400970458984
6,23,63,81.0,3.4107165336608887,3.4129624366760254,0.0022459030151367188
6,23,64,93.0,3.5013821125030518,3.4921202659606934,-0.009261846542358398
6,23,65,72.0,3.358228921890259,3.366205930709839,0.007977008819580078
6,23,66,230.0,3.3264732360839844,3.3259003162384033,-0.0005729198455810547
6,23,67,99.0,2.410640239715576,2.3867430686950684,-0.023897171020507812
6,23,68,213.0,2.6581079959869385,2.6544814109802246,-0.003626585006713867
6,23,69,119.0,2.5800669193267822,2.5774693489074707,-0.0025975704193115234
6,23,70,161.0,2.929652214050293,2.9288852214813232,-0.0007669925689697266
6,23,71,90.0,3.9417757987976074,3.9400126934051514,-0.0017631053924560547
6,23,72,181.0,2.8265914916992188,2.830582857131958,0.003991365432739258
6,23,73,95.0,3.8289499282836914,3.8359196186065674,0.0069696903228759766
6,23,74,245.0,2.2537572383880615,2.2517940998077393,-0.0019631385803222656
6,23,75,93.0,1.7269396781921387,1.7312978506088257,0.004358172416687012
6,23,76,225.0,2.4448561668395996,2.4437568187713623,-0.0010993480682373047
6,23,77,61.0,3.08821439743042,3.094198226928711,0.005983829498291016
6,23,78,257.0,3.5650999546051025,3.560274124145508,-0.0048258304595947266
6,23,79,165.0,2.7435922622680664,2.7410290241241455,-0.0025632381439208984
6,23,80,117.0,4.079967498779297,4.082454204559326,0.002486705780029297
6,23,81,89.0,3.1170668601989746,3.117189884185791,0.00012302398681640625
6,23,82,291.0,3.542208671569824,3.5522003173828125,0.009991645812988281
6,23,83,93.0,3.1824769973754883,3.177419900894165,-0.005057096481323242
6,23,84,228.0,1.8533809185028076,1.8402019739151,-0.01317894458770752
6,23,85,131.0,2.4851677417755127,2.4853508472442627,0.00018310546875
6,23,86,191.0,3.915872573852539,3.9046554565429688,-0.011217117309570312
6,23,87,238.0,4.8885579109191895,4.8881306648254395,-0.00042724609375
6,23,88,210.0,2.9943952560424805,2.999979257583618,0.005584001541137695
6,23,89,107.0,4.1228203773498535,4.123807430267334,0.0009870529174804688
6,23,90,217.0,2.7718281745910645,2.7710189819335938,-0.0008091926574707031
6,23,91,199.0,3.112976312637329,3.111755609512329,-0.001220703125
6,23,92,84.0,2.381793260574341,2.381761074066162,-3.218650817871094e-05
6,23,93,271.0,3.5375630855560303,3.537386894226074,-0.0001761913299560547
6,23,94,226.0,3.105239152908325,3.105379104614258,0.0001399517059326172
6,23,95,258.0,3.5427961349487305,3.5486507415771484,0.005854606628417969
6,23,96,86.0,3.23514723777771,3.239194393157959,0.0040471553802490234
6,23,97,142.0,4.2480573654174805,4.2431488037109375,-0.004908561706542969
6,23,98,42.0,1.9809751510620117,1.9989798069000244,0.018004655838012695
6,23,99,224.0,2.4784393310546875,2.4800522327423096,0.0016129016876220703
6,23,100,197.0,1.853989601135254,1.8605833053588867,0.0065937042236328125
6,23,101,85.0,2.4941816329956055,2.495027780532837,0.0008461475372314453
6,23,102,195.0,3.122326612472534,3.124122381210327,0.0017957687377929688
6,23,103,102.0,3.1147775650024414,3.111753463745117,-0.0030241012573242188
6,23,104,181.0,3.189467191696167,3.1876325607299805,-0.0018346309661865234
6,23,105,72.0,1.8649518489837646,1.8593082427978516,-0.005643606185913086
6,23,106,130.0,4.294760227203369,4.285205841064453,-0.009554386138916016
6,23,107,62.0,2.4163553714752197,2.425624132156372,0.009268760681152344
6,23,108,263.0,3.546691656112671,3.550513982772827,0.00382232666015625
6,23,109,194.0,2.697882890701294,2.6945183277130127,-0.00336456298828125
6,23,110,174.0,2.602036237716675,2.5917088985443115,-0.010327339172363281
6,23,111,235.0,3.703277826309204,3.7280492782592773,0.024771451950073242
6,23,112,143.0,3.633587121963501,3.6343886852264404,0.0008015632629394531
6,23,113,117.0,4.060715675354004,4.052640438079834,-0.008075237274169922
6,23,114,160.0,3.7659225463867188,3.763896942138672,-0.002025604248046875
6,23,115,115.0,3.034438133239746,3.034292221069336,-0.00014591217041015625
6,23,116,120.0,3.3571696281433105,3.3631591796875,0.005989551544189453
6,23,117,186.0,3.4980924129486084,3.5027599334716797,0.004667520523071289
6,23,118,138.0,3.0037918090820312,3.001607894897461,-0.0021839141845703125
6,23,119,80.0,2.1522231101989746,2.1525440216064453,0.0003209114074707031
6,23,120,164.0,2.666628122329712,2.6615641117095947,-0.0050640106201171875
6,23,121,215.0,3.3896234035491943,3.385679244995117,-0.0039441585540771484
6,23,122,81.0,3.035551071166992,3.0445384979248047,0.0089874267578125
6,23,123,171.0,2.9384942054748535,2.9386768341064453,0.00018262863159179688
6,23,124,41.0,5.417657375335693,5.350693702697754,-0.06696367263793945
6,23,125,103.0,3.7517361640930176,3.740272283554077,-0.01146388053894043
6,23,126,145.0,2.8366682529449463,2.832900285720825,-0.0037679672241210938
6,23,127,102.0,2.7819013595581055,2.7833664417266846,0.0014650821685791016
6,24,0,196.0,3.129199504852295,3.12723708152771,-0.001962423324584961
6,24,1,127.0,2.998192548751831,2.9944889545440674,-0.003703594207763672
6,24,2,162.0,2.099813938140869,2.100510597229004,0.0006966590881347656
6,24,3,92.0,3.952493190765381,3.948647975921631,-0.00384521484375
6,24,4,194.0,2.782571315765381,2.7873473167419434,0.0047760009765625
6,24,5,115.0,2.7538414001464844,2.7554588317871094,0.001617431640625
6,24,6,109.0,4.127994060516357,4.125810623168945,-0.0021834373474121094
6,24,7,48.0,3.018592119216919,3.0159356594085693,-0.0026564598083496094
6,24,8,69.0,3.3226022720336914,3.3165054321289062,-0.006096839904785156
6,24,9,85.0,3.0205674171447754,3.0144190788269043,-0.006148338317871094
6,24,10,238.0,2.6267495155334473,2.627546787261963,0.000797271728515625
6,24,11,233.0,2.4413414001464844,2.4398386478424072,-0.0015027523040771484
6,24,12,208.0,2.959929943084717,2.9619545936584473,0.0020246505737304688
6,24,13,196.0,2.753826141357422,2.7536418437957764,-0.0001842975616455078
6,24,14,131.0,2.9712021350860596,2.97198748588562,0.0007853507995605469
6,24,15,125.0,2.7515416145324707,2.74751353263855,-0.0040280818939208984
6,24,16,61.0,4.166540145874023,4.160271167755127,-0.006268978118896484
6,24,17,164.0,1.9632303714752197,1.96333646774292,0.00010609626770019531
6,24,18,107.0,3.135986328125,3.1344149112701416,-0.0015714168548583984
6,24,19,48.0,3.4995276927948,3.5060107707977295,0.0064830780029296875
6,24,20,74.0,1.9705148935317993,1.9746932983398438,0.004178404808044434
6,24,21,103.0,2.235994577407837,2.2349472045898438,-0.001047372817993164
6,24,22,114.0,3.2786149978637695,3.2843055725097656,0.005690574645996094
6,24,23,50.0,5.015505313873291,5.002871036529541,-0.01263427734375
6,24,24,281.0,2.3039751052856445,2.3082635402679443,0.004288434982299805
6,24,25,247.0,1.9686022996902466,1.966373324394226,-0.002228975296020508
6,24,26,173.0,3.4113833904266357,3.4126272201538086,0.0012438297271728516
6,24,27,166.0,3.050419330596924,3.05517315864563,0.004753828048706055
6,24,28,98.0,2.611907482147217,2.612922191619873,0.00101470947265625
6,24,29,174.0,3.051379919052124,3.0534346103668213,0.0020546913146972656
6,24,30,173.0,2.750077724456787,2.7518322467803955,0.0017545223236083984
6,24,31,215.0,3.4014222621917725,3.4015021324157715,7.987022399902344e-05
6,24,32,186.0,2.6455953121185303,2.648066520690918,0.0024712085723876953
6,24,33,153.0,2.4407522678375244,2.433697462081909,-0.007054805755615234
6,24,34,147.0,2.7246551513671875,2.732583999633789,0.007928848266601562
6,24,35,50.0,4.024989604949951,4.010423183441162,-0.014566421508789062
6,24,36,86.0,2.0081088542938232,2.0052926540374756,-0.0028162002563476562
6,24,37,154.0,3.517357349395752,3.519329071044922,0.001971721649169922
6,24,38,265.0,2.388361930847168,2.3864731788635254,-0.0018887519836425781
6,24,39,199.0,3.1552681922912598,3.1571450233459473,0.0018768310546875
6,24,40,138.0,2.536069631576538,2.5333333015441895,-0.002736330032348633
6,24,41,98.0,3.269590377807617,3.2680535316467285,-0.0015368461608886719
6,24,42,167.0,2.519949436187744,2.519418239593506,-0.0005311965942382812
6,24,43,288.0,3.7899160385131836,3.792684316635132,0.002768278121948242
6,24,44,225.0,2.509033441543579,2.5088131427764893,-0.00022029876708984375
6,24,45,191.0,3.1287972927093506,3.136427879333496,0.007630586624145508
6,24,46,92.0,4.466386795043945,4.461112976074219,-0.0052738189697265625
6,24,47,41.0,4.971887588500977,4.979719161987305,0.007831573486328125
6,24,48,231.0,2.9811513423919678,2.9890012741088867,0.007849931716918945
6,24,49,101.0,2.116225004196167,2.1129698753356934,-0.003255128860473633
6,24,50,177.0,2.9830946922302246,2.9825425148010254,-0.0005521774291992188
6,24,51,252.0,3.516876697540283,3.5198428630828857,0.002966165542602539
6,24,52,259.0,2.737027645111084,2.733617067337036,-0.0034105777740478516
6,24,53,47.0,1.9067243337631226,1.8989579677581787,-0.007766366004943848
6,24,54,164.0,2.2345211505889893,2.2263917922973633,-0.008129358291625977
6,24,55,94.0,3.3757195472717285,3.3750295639038086,-0.0006899833679199219
6,24,56,103.0,3.3878378868103027,3.3857853412628174,-0.0020525455474853516
6,24,57,78.0,3.3106584548950195,3.3074333667755127,-0.003225088119506836
6,24,58,239.0,3.107602596282959,3.1043946743011475,-0.0032079219818115234
6,24,59,271.0,4.418605804443359,4.418576717376709,-2.9087066650390625e-05
6,24,60,162.0,2.9131579399108887,2.905306100845337,-0.007851839065551758
6,24,61,179.0,3.214285135269165,3.2117316722869873,-0.0025534629821777344
6,24,62,218.0,2.5891129970550537,2.586589813232422,-0.002523183822631836
6,24,63,81.0,3.4107165336608887,3.4138824939727783,0.0031659603118896484
6,24,64,93.0,3.5013821125030518,3.5017483234405518,0.0003662109375
6,24,65,72.0,3.358228921890259,3.358458995819092,0.0002300739288330078
6,24,66,230.0,3.3264732360839844,3.326658010482788,0.00018477439880371094
6,24,67,99.0,2.410640239715576,2.4036507606506348,-0.006989479064941406
6,24,68,213.0,2.6581079959869385,2.6618549823760986,0.0037469863891601562
6,24,69,119.0,2.5800669193267822,2.5809073448181152,0.0008404254913330078
6,24,70,161.0,2.929652214050293,2.930060863494873,0.0004086494445800781
6,24,71,90.0,3.9417757987976074,3.941667318344116,-0.00010848045349121094
6,24,72,181.0,2.8265914916992188,2.8296680450439453,0.0030765533447265625
6,24,73,95.0,3.8289499282836914,3.8306467533111572,0.0016968250274658203
6,24,74,245.0,2.2537572383880615,2.2576546669006348,0.003897428512573242
6,24,75,93.0,1.7269396781921387,1.7333444356918335,0.006404757499694824
6,24,76,225.0,2.4448561668395996,2.4469199180603027,0.002063751220703125
6,24,77,61.0,3.08821439743042,3.0996062755584717,0.011391878128051758
6,24,78,257.0,3.5650999546051025,3.5631017684936523,-0.0019981861114501953
6,24,79,165.0,2.7435922622680664,2.7423243522644043,-0.0012679100036621094
6,24,80,117.0,4.079967498779297,4.078858852386475,-0.0011086463928222656
6,24,81,89.0,3.1170668601989746,3.119715929031372,0.002649068832397461
6,24,82,291.0,3.542208671569824,3.5483062267303467,0.006097555160522461
6,24,83,93.0,3.1824769973754883,3.174612283706665,-0.007864713668823242
6,24,84,228.0,1.8533809185028076,1.8423230648040771,-0.011057853698730469
6,24,85,131.0,2.4851677417755127,2.485870122909546,0.0007023811340332031
6,24,86,191.0,3.915872573852539,3.9118969440460205,-0.003975629806518555
6,24,87,238.0,4.8885579109191895,4.888757228851318,0.00019931793212890625
6,24,88,210.0,2.9943952560424805,2.9919521808624268,-0.002443075180053711
6,24,89,107.0,4.1228203773498535,4.120179176330566,-0.0026412010192871094
6,24,90,217.0,2.7718281745910645,2.774916172027588,0.0030879974365234375
6,24,91,199.0,3.112976312637329,3.1095595359802246,-0.003416776657104492
6,24,92,84.0,2.381793260574341,2.3775181770324707,-0.004275083541870117
6,24,93,271.0,3.5375630855560303,3.536827802658081,-0.0007352828979492188
6,24,94,226.0,3.105239152908325,3.1003012657165527,-0.004937887191772461
6,24,95,258.0,3.5427961349487305,3.545314311981201,0.002518177032470703
6,24,96,86.0,3.23514723777771,3.2404849529266357,0.005337715148925781
6,24,97,142.0,4.2480573654174805,4.25125789642334,0.003200531005859375
6,24,98,42.0,1.9809751510620117,1.9872037172317505,0.0062285661697387695
6,24,99,224.0,2.4784393310546875,2.4792239665985107,0.0007846355438232422
6,24,100,197.0,1.853989601135254,1.855448603630066,0.0014590024948120117
6,24,101,85.0,2.4941816329956055,2.491093397140503,-0.003088235855102539
6,24,102,195.0,3.122326612472534,3.123201847076416,0.0008752346038818359
6,24,103,102.0,3.1147775650024414,3.1081626415252686,-0.0066149234771728516
6,24,104,181.0,3.189467191696167,3.1881542205810547,-0.0013129711151123047
6,24,105,72.0,1.8649518489837646,1.861774206161499,-0.003177642822265625
6,24,106,130.0,4.294760227203369,4.2939887046813965,-0.0007715225219726562
6,24,107,62.0,2.4163553714752197,2.413118600845337,-0.0032367706298828125
6,24,108,263.0,3.546691656112671,3.5452592372894287,-0.0014324188232421875
6,24,109,194.0,2.697882890701294,2.7004215717315674,0.0025386810302734375
6,24,110,174.0,2.602036237716675,2.5984785556793213,-0.0035576820373535156
6,24,111,235.0,3.703277826309204,3.6949691772460938,-0.008308649063110352
6,24,112,143.0,3.633587121963501,3.6392061710357666,0.005619049072265625
6,24,113,117.0,4.060715675354004,4.0555806159973145,-0.005135059356689453
6,24,114,160.0,3.7659225463867188,3.7603919506073,-0.005530595779418945
6,24,115,115.0,3.034438133239746,3.0333335399627686,-0.001104593276977539
6,24,116,120.0,3.3571696281433105,3.3642821311950684,0.0071125030517578125
6,24,117,186.0,3.4980924129486084,3.5076606273651123,0.009568214416503906
6,24,118,138.0,3.0037918090820312,3.0012011528015137,-0.002590656280517578
6,24,119,80.0,2.1522231101989746,2.149448871612549,-0.0027742385864257812
6,24,120,164.0,2.666628122329712,2.6683132648468018,0.0016851425170898438
6,24,121,215.0,3.3896234035491943,3.390378952026367,0.0007555484771728516
6,24,122,81.0,3.035551071166992,3.0361835956573486,0.0006325244903564453
6,24,123,171.0,2.9384942054748535,2.942420244216919,0.00392603874206543
6,24,124,41.0,5.417657375335693,5.397036075592041,-0.020621299743652344
6,24,125,103.0,3.7517361640930176,3.751620292663574,-0.00011587142944335938
6,24,126,145.0,2.8366682529449463,2.836893081665039,0.00022482872009277344
6,24,127,102.0,2.7819013595581055,2.7718961238861084,-0.01000523567199707
6,25,0,196.0,3.129199504852295,3.1240906715393066,-0.005108833312988281
6,25,1,127.0,2.998192548751831,3.0019283294677734,0.003735780715942383
6,25,2,162.0,2.099813938140869,2.104559898376465,0.004745960235595703
6,25,3,92.0,3.952493190765381,3.940274477005005,-0.012218713760375977
6,25,4,194.0,2.782571315765381,2.781290054321289,-0.0012812614440917969
6,25,5,115.0,2.7538414001464844,2.7551536560058594,0.001312255859375
6,25,6,109.0,4.127994060516357,4.121703147888184,-0.006290912628173828
6,25,7,48.0,3.018592119216919,3.008676767349243,-0.009915351867675781
6,25,8,69.0,3.3226022720336914,3.31969952583313,-0.0029027462005615234
6,25,9,85.0,3.0205674171447754,3.0180535316467285,-0.002513885498046875
6,25,10,238.0,2.6267495155334473,2.6257903575897217,-0.0009591579437255859
6,25,11,233.0,2.4413414001464844,2.441336154937744,-5.245208740234375e-06
6,25,12,208.0,2.959929943084717,2.9578282833099365,-0.0021016597747802734
6,25,13,196.0,2.753826141357422,2.749887228012085,-0.003938913345336914
6,25,14,131.0,2.9712021350860596,2.967785120010376,-0.0034170150756835938
6,25,15,125.0,2.7515416145324707,2.7509446144104004,-0.0005970001220703125
6,25,16,61.0,4.166540145874023,4.167151927947998,0.0006117820739746094
6,25,17,164.0,1.9632303714752197,1.9635597467422485,0.0003293752670288086
6,25,18,107.0,3.135986328125,3.148029088973999,0.012042760848999023
6,25,19,48.0,3.4995276927948,3.502915143966675,0.003387451171875
6,25,20,74.0,1.9705148935317993,1.9728142023086548,0.0022993087768554688
6,25,21,103.0,2.235994577407837,2.2189226150512695,-0.017071962356567383
6,25,22,114.0,3.2786149978637695,3.2805817127227783,0.001966714859008789
6,25,23,50.0,5.015505313873291,5.012673377990723,-0.0028319358825683594
6,25,24,281.0,2.3039751052856445,2.311378240585327,0.007403135299682617
6,25,25,247.0,1.9686022996902466,1.963587760925293,-0.005014538764953613
6,25,26,173.0,3.4113833904266357,3.413036584854126,0.0016531944274902344
6,25,27,166.0,3.050419330596924,3.0559680461883545,0.005548715591430664
6,25,28,98.0,2.611907482147217,2.615049362182617,0.0031418800354003906
6,25,29,174.0,3.051379919052124,3.0576789379119873,0.006299018859863281
6,25,30,173.0,2.750077724456787,2.7511703968048096,0.001092672348022461
6,25,31,215.0,3.4014222621917725,3.402864933013916,0.0014426708221435547
6,25,32,186.0,2.6455953121185303,2.63923716545105,-0.006358146667480469
6,25,33,153.0,2.4407522678375244,2.4344847202301025,-0.006267547607421875
6,25,34,147.0,2.7246551513671875,2.7254559993743896,0.0008008480072021484
6,25,35,50.0,4.024989604949951,4.019258975982666,-0.005730628967285156
6,25,36,86.0,2.0081088542938232,1.9980311393737793,-0.010077714920043945
6,25,37,154.0,3.517357349395752,3.5177512168884277,0.00039386749267578125
6,25,38,265.0,2.388361930847168,2.3877580165863037,-0.0006039142608642578
6,25,39,199.0,3.1552681922912598,3.1539907455444336,-0.0012774467468261719
6,25,40,138.0,2.536069631576538,2.5347492694854736,-0.0013203620910644531
6,25,41,98.0,3.269590377807617,3.272152900695801,0.0025625228881835938
6,25,42,167.0,2.519949436187744,2.522037982940674,0.0020885467529296875
6,25,43,288.0,3.7899160385131836,3.7957355976104736,0.005819559097290039
6,25,44,225.0,2.509033441543579,2.504674196243286,-0.004359245300292969
6,25,45,191.0,3.1287972927093506,3.1294610500335693,0.00066375732421875
6,25,46,92.0,4.466386795043945,4.470228672027588,0.003841876983642578
6,25,47,41.0,4.971887588500977,4.96333122253418,-0.008556365966796875
6,25,48,231.0,2.9811513423919678,2.989203929901123,0.008052587509155273
6,25,49,101.0,2.116225004196167,2.1187119483947754,0.0024869441986083984
6,25,50,177.0,2.9830946922302246,2.978205919265747,-0.004888772964477539
6,25,51,252.0,3.516876697540283,3.5257906913757324,0.008913993835449219
6,25,52,259.0,2.737027645111084,2.738753080368042,0.0017254352569580078
6,25,53,47.0,1.9067243337631226,1.9032893180847168,-0.0034350156784057617
6,25,54,164.0,2.2345211505889893,2.2335636615753174,-0.000957489013671875
6,25,55,94.0,3.3757195472717285,3.37060546875,-0.005114078521728516
6,25,56,103.0,3.3878378868103027,3.3903322219848633,0.002494335174560547
6,25,57,78.0,3.3106584548950195,3.3150854110717773,0.0044269561767578125
6,25,58,239.0,3.107602596282959,3.107351303100586,-0.0002512931823730469
6,25,59,271.0,4.418605804443359,4.419105529785156,0.000499725341796875
6,25,60,162.0,2.9131579399108887,2.9091756343841553,-0.0039823055267333984
6,25,61,179.0,3.214285135269165,3.2090325355529785,-0.0052525997161865234
6,25,62,218.0,2.5891129970550537,2.5919744968414307,0.002861499786376953
6,25,63,81.0,3.4107165336608887,3.4200003147125244,0.009283781051635742
6,25,64,93.0,3.5013821125030518,3.501314163208008,-6.794929504394531e-05
6,25,65,72.0,3.358228921890259,3.354106903076172,-0.004122018814086914
6,25,66,230.0,3.3264732360839844,3.3244802951812744,-0.001992940902709961
6,25,67,99.0,2.410640239715576,2.411543607711792,0.0009033679962158203
6,25,68,213.0,2.6581079959869385,2.6584575176239014,0.0003495216369628906
6,25,69,119.0,2.5800669193267822,2.5826895236968994,0.0026226043701171875
6,25,70,161.0,2.929652214050293,2.9347243309020996,0.005072116851806641
6,25,71,90.0,3.9417757987976074,3.951125383377075,0.009349584579467773
6,25,72,181.0,2.8265914916992188,2.826403856277466,-0.0001876354217529297
6,25,73,95.0,3.8289499282836914,3.826772689819336,-0.0021772384643554688
6,25,74,245.0,2.2537572383880615,2.251288890838623,-0.0024683475494384766
6,25,75,93.0,1.7269396781921387,1.7272891998291016,0.0003495216369628906
6,25,76,225.0,2.4448561668395996,2.4485421180725098,0.0036859512329101562
6,25,77,61.0,3.08821439743042,3.0987439155578613,0.010529518127441406
6,25,78,257.0,3.5650999546051025,3.5665059089660645,0.001405954360961914
6,25,79,165.0,2.7435922622680664,2.7412900924682617,-0.0023021697998046875
6,25,80,117.0,4.079967498779297,4.083682537078857,0.003715038299560547
6,25,81,89.0,3.1170668601989746,3.1135644912719727,-0.003502368927001953
6,25,82,291.0,3.542208671569824,3.548638105392456,0.006429433822631836
6,25,83,93.0,3.1824769973754883,3.1812586784362793,-0.0012183189392089844
6,25,84,228.0,1.8533809185028076,1.8412703275680542,-0.012110590934753418
6,25,85,131.0,2.4851677417755127,2.4823877811431885,-0.0027799606323242188
6,25,86,191.0,3.915872573852539,3.9086408615112305,-0.007231712341308594
6,25,87,238.0,4.8885579109191895,4.890769958496094,0.002212047576904297
6,25,88,210.0,2.9943952560424805,3.002678632736206,0.008283376693725586
6,25,89,107.0,4.1228203773498535,4.124236583709717,0.0014162063598632812
6,25,90,217.0,2.7718281745910645,2.7705235481262207,-0.00130462646484375
6,25,91,199.0,3.112976312637329,3.1153018474578857,0.0023255348205566406
6,25,92,84.0,2.381793260574341,2.378251791000366,-0.0035414695739746094
6,25,93,271.0,3.5375630855560303,3.535949468612671,-0.001613616943359375
6,25,94,226.0,3.105239152908325,3.101682424545288,-0.0035567283630371094
6,25,95,258.0,3.5427961349487305,3.548001766204834,0.005205631256103516
6,25,96,86.0,3.23514723777771,3.229222059249878,-0.005925178527832031
6,25,97,142.0,4.2480573654174805,4.248891353607178,0.0008339881896972656
6,25,98,42.0,1.9809751510620117,1.975040078163147,-0.005935072898864746
6,25,99,224.0,2.4784393310546875,2.47473406791687,-0.003705263137817383
6,25,100,197.0,1.853989601135254,1.857521891593933,0.0035322904586791992
6,25,101,85.0,2.4941816329956055,2.485929250717163,-0.008252382278442383
6,25,102,195.0,3.122326612472534,3.1219005584716797,-0.0004260540008544922
6,25,103,102.0,3.1147775650024414,3.1269075870513916,0.012130022048950195
6,25,104,181.0,3.189467191696167,3.188541889190674,-0.0009253025054931641
6,25,105,72.0,1.8649518489837646,1.8533586263656616,-0.011593222618103027
6,25,106,130.0,4.294760227203369,4.2889580726623535,-0.005802154541015625
6,25,107,62.0,2.4163553714752197,2.4109530448913574,-0.005402326583862305
6,25,108,263.0,3.546691656112671,3.541680097579956,-0.005011558532714844
6,25,109,194.0,2.697882890701294,2.6940319538116455,-0.0038509368896484375
6,25,110,174.0,2.602036237716675,2.597202777862549,-0.0048334598541259766
6,25,111,235.0,3.703277826309204,3.6574161052703857,-0.04586172103881836
6,25,112,143.0,3.633587121963501,3.6369543075561523,0.003367185592651367
6,25,113,117.0,4.060715675354004,4.075949668884277,0.015233993530273438
6,25,114,160.0,3.7659225463867188,3.767707109451294,0.0017845630645751953
6,25,115,115.0,3.034438133239746,3.0419013500213623,0.007463216781616211
6,25,116,120.0,3.3571696281433105,3.3627614974975586,0.005591869354248047
6,25,117,186.0,3.4980924129486084,3.5036423206329346,0.005549907684326172
6,25,118,138.0,3.0037918090820312,3.0062930583953857,0.002501249313354492
6,25,119,80.0,2.1522231101989746,2.14913272857666,-0.003090381622314453
6,25,120,164.0,2.666628122329712,2.6619951725006104,-0.0046329498291015625
6,25,121,215.0,3.3896234035491943,3.3914918899536133,0.0018684864044189453
6,25,122,81.0,3.035551071166992,3.030435562133789,-0.005115509033203125
6,25,123,171.0,2.9384942054748535,2.9444165229797363,0.0059223175048828125
6,25,124,41.0,5.417657375335693,5.376955509185791,-0.040701866149902344
6,25,125,103.0,3.7517361640930176,3.746976137161255,-0.004760026931762695
6,25,126,145.0,2.8366682529449463,2.8403372764587402,0.0036690235137939453
6,25,127,102.0,2.7819013595581055,2.7785093784332275,-0.0033919811248779297
6,26,0,196.0,3.129199504852295,3.12571120262146,-0.003488302230834961
6,26,1,127.0,2.998192548751831,3.00140380859375,0.0032112598419189453
6,26,2,162.0,2.099813938140869,2.1006717681884766,0.0008578300476074219
6,26,3,92.0,3.952493190765381,3.9507253170013428,-0.001767873764038086
6,26,4,194.0,2.782571315765381,2.772817373275757,-0.009753942489624023
6,26,5,115.0,2.7538414001464844,2.749319076538086,-0.0045223236083984375
6,26,6,109.0,4.127994060516357,4.125546455383301,-0.0024476051330566406
6,26,7,48.0,3.018592119216919,3.017348051071167,-0.0012440681457519531
6,26,8,69.0,3.3226022720336914,3.3083243370056152,-0.014277935028076172
6,26,9,85.0,3.0205674171447754,3.0233919620513916,0.002824544906616211
6,26,10,238.0,2.6267495155334473,2.6310527324676514,0.0043032169342041016
6,26,11,233.0,2.4413414001464844,2.442662477493286,0.0013210773468017578
6,26,12,208.0,2.959929943084717,2.9591217041015625,-0.0008082389831542969
6,26,13,196.0,2.753826141357422,2.759760618209839,0.005934476852416992
6,26,14,131.0,2.9712021350860596,2.9776225090026855,0.0064203739166259766
6,26,15,125.0,2.7515416145324707,2.752471685409546,0.0009300708770751953
6,26,16,61.0,4.166540145874023,4.153183460235596,-0.013356685638427734
6,26,17,164.0,1.9632303714752197,1.9600130319595337,-0.003217339515686035
6,26,18,107.0,3.135986328125,3.1500182151794434,0.01403188705444336
6,26,19,48.0,3.4995276927948,3.5099618434906006,0.010434150695800781
6,26,20,74.0,1.9705148935317993,1.9745579957962036,0.004043102264404297
6,26,21,103.0,2.235994577407837,2.2248411178588867,-0.011153459548950195
6,26,22,114.0,3.2786149978637695,3.2835328578948975,0.00491786003112793
6,26,23,50.0,5.015505313873291,5.021466255187988,0.005960941314697266
6,26,24,281.0,2.3039751052856445,2.306519031524658,0.002543926239013672
6,26,25,247.0,1.9686022996902466,1.9686781167984009,7.581710815429688e-05
6,26,26,173.0,3.4113833904266357,3.4131698608398438,0.0017864704132080078
6,26,27,166.0,3.050419330596924,3.051448106765747,0.0010287761688232422
6,26,28,98.0,2.611907482147217,2.6126179695129395,0.0007104873657226562
6,26,29,174.0,3.051379919052124,3.051140069961548,-0.00023984909057617188
6,26,30,173.0,2.750077724456787,2.7457244396209717,-0.00435328483581543
6,26,31,215.0,3.4014222621917725,3.404343366622925,0.0029211044311523438
6,26,32,186.0,2.6455953121185303,2.65280818939209,0.00721287727355957
6,26,33,153.0,2.4407522678375244,2.4361631870269775,-0.004589080810546875
6,26,34,147.0,2.7246551513671875,2.7263150215148926,0.0016598701477050781
6,26,35,50.0,4.024989604949951,4.004807949066162,-0.020181655883789062
6,26,36,86.0,2.0081088542938232,2.0094242095947266,0.0013153553009033203
6,26,37,154.0,3.517357349395752,3.5172173976898193,-0.0001399517059326172
6,26,38,265.0,2.388361930847168,2.3893673419952393,0.001005411148071289
6,26,39,199.0,3.1552681922912598,3.157348871231079,0.002080678939819336
6,26,40,138.0,2.536069631576538,2.526442050933838,-0.009627580642700195
6,26,41,98.0,3.269590377807617,3.2703309059143066,0.0007405281066894531
6,26,42,167.0,2.519949436187744,2.5173017978668213,-0.0026476383209228516
6,26,43,288.0,3.7899160385131836,3.791821002960205,0.0019049644470214844
6,26,44,225.0,2.509033441543579,2.505068302154541,-0.003965139389038086
6,26,45,191.0,3.1287972927093506,3.140770435333252,0.011973142623901367
6,26,46,92.0,4.466386795043945,4.461371898651123,-0.005014896392822266
6,26,47,41.0,4.971887588500977,4.965349197387695,-0.00653839111328125
6,26,48,231.0,2.9811513423919678,2.9842019081115723,0.003050565719604492
6,26,49,101.0,2.116225004196167,2.114367723464966,-0.0018572807312011719
6,26,50,177.0,2.9830946922302246,2.983250617980957,0.00015592575073242188
6,26,51,252.0,3.516876697540283,3.519519090652466,0.002642393112182617
6,26,52,259.0,2.737027645111084,2.7372488975524902,0.00022125244140625
6,26,53,47.0,1.9067243337631226,1.9117120504379272,0.0049877166748046875
6,26,54,164.0,2.2345211505889893,2.221660614013672,-0.012860536575317383
6,26,55,94.0,3.3757195472717285,3.3663320541381836,-0.009387493133544922
6,26,56,103.0,3.3878378868103027,3.389132499694824,0.0012946128845214844
6,26,57,78.0,3.3106584548950195,3.3084259033203125,-0.0022325515747070312
6,26,58,239.0,3.107602596282959,3.1071853637695312,-0.0004172325134277344
6,26,59,271.0,4.418605804443359,4.420170307159424,0.0015645027160644531
6,26,60,162.0,2.9131579399108887,2.908249855041504,-0.004908084869384766
6,26,61,179.0,3.214285135269165,3.2085952758789062,-0.005689859390258789
6,26,62,218.0,2.5891129970550537,2.586327314376831,-0.0027856826782226562
6,26,63,81.0,3.4107165336608887,3.403273582458496,-0.007442951202392578
6,26,64,93.0,3.5013821125030518,3.5026605129241943,0.0012784004211425781
6,26,65,72.0,3.358228921890259,3.3616726398468018,0.0034437179565429688
6,26,66,230.0,3.3264732360839844,3.3303771018981934,0.0039038658142089844
6,26,67,99.0,2.410640239715576,2.4035744667053223,-0.007065773010253906
6,26,68,213.0,2.6581079959869385,2.6537885665893555,-0.004319429397583008
6,26,69,119.0,2.5800669193267822,2.5852866172790527,0.005219697952270508
6,26,70,161.0,2.929652214050293,2.9305572509765625,0.0009050369262695312
6,26,71,90.0,3.9417757987976074,3.943460464477539,0.0016846656799316406
6,26,72,181.0,2.8265914916992188,2.8294262886047363,0.002834796905517578
6,26,73,95.0,3.8289499282836914,3.8261282444000244,-0.002821683883666992
6,26,74,245.0,2.2537572383880615,2.25063419342041,-0.003123044967651367
6,26,75,93.0,1.7269396781921387,1.722617506980896,-0.004322171211242676
6,26,76,225.0,2.4448561668395996,2.4416542053222656,-0.0032019615173339844
6,26,77,61.0,3.08821439743042,3.086942434310913,-0.001271963119506836
6,26,78,257.0,3.5650999546051025,3.5652127265930176,0.00011277198791503906
6,26,79,165.0,2.7435922622680664,2.737380266189575,-0.006211996078491211
6,26,80,117.0,4.079967498779297,4.072364330291748,-0.007603168487548828
6,26,81,89.0,3.1170668601989746,3.118619680404663,0.0015528202056884766
6,26,82,291.0,3.542208671569824,3.555596113204956,0.013387441635131836
6,26,83,93.0,3.1824769973754883,3.186579942703247,0.004102945327758789
6,26,84,228.0,1.8533809185028076,1.8381688594818115,-0.015212059020996094
6,26,85,131.0,2.4851677417755127,2.4856338500976562,0.0004661083221435547
6,26,86,191.0,3.915872573852539,3.910207748413086,-0.005664825439453125
6,26,87,238.0,4.8885579109191895,4.890744209289551,0.002186298370361328
6,26,88,210.0,2.9943952560424805,3.012950897216797,0.018555641174316406
6,26,89,107.0,4.1228203773498535,4.123323917388916,0.0005035400390625
6,26,90,217.0,2.7718281745910645,2.7660975456237793,-0.005730628967285156
6,26,91,199.0,3.112976312637329,3.1115882396698,-0.0013880729675292969
6,26,92,84.0,2.381793260574341,2.376530647277832,-0.005262613296508789
6,26,93,271.0,3.5375630855560303,3.5437300205230713,0.006166934967041016
6,26,94,226.0,3.105239152908325,3.0999693870544434,-0.005269765853881836
6,26,95,258.0,3.5427961349487305,3.54854416847229,0.00574803352355957
6,26,96,86.0,3.23514723777771,3.232388496398926,-0.0027587413787841797
6,26,97,142.0,4.2480573654174805,4.252321720123291,0.004264354705810547
6,26,98,42.0,1.9809751510620117,1.9862921237945557,0.005316972732543945
6,26,99,224.0,2.4784393310546875,2.4786953926086426,0.0002560615539550781
6,26,100,197.0,1.853989601135254,1.853438138961792,-0.0005514621734619141
6,26,101,85.0,2.4941816329956055,2.493340253829956,-0.0008413791656494141
6,26,102,195.0,3.122326612472534,3.1259846687316895,0.0036580562591552734
6,26,103,102.0,3.1147775650024414,3.1157400608062744,0.0009624958038330078
6,26,104,181.0,3.189467191696167,3.1887354850769043,-0.0007317066192626953
6,26,105,72.0,1.8649518489837646,1.8580186367034912,-0.0069332122802734375
6,26,106,130.0,4.294760227203369,4.28165864944458,-0.013101577758789062
6,26,107,62.0,2.4163553714752197,2.4065914154052734,-0.009763956069946289
6,26,108,263.0,3.546691656112671,3.545545816421509,-0.0011458396911621094
6,26,109,194.0,2.697882890701294,2.702467203140259,0.004584312438964844
6,26,110,174.0,2.602036237716675,2.609997510910034,0.007961273193359375
6,26,111,235.0,3.703277826309204,3.686814785003662,-0.016463041305541992
6,26,112,143.0,3.633587121963501,3.6325876712799072,-0.00099945068359375
6,26,113,117.0,4.060715675354004,4.0534563064575195,-0.007259368896484375
6,26,114,160.0,3.7659225463867188,3.7688534259796143,0.002930879592895508
6,26,115,115.0,3.034438133239746,3.0388660430908203,0.004427909851074219
6,26,116,120.0,3.3571696281433105,3.363454580307007,0.006284952163696289
6,26,117,186.0,3.4980924129486084,3.505242347717285,0.007149934768676758
6,26,118,138.0,3.0037918090820312,3.0006868839263916,-0.0031049251556396484
6,26,119,80.0,2.1522231101989746,2.16408109664917,0.011857986450195312
6,26,120,164.0,2.666628122329712,2.6600117683410645,-0.006616353988647461
6,26,121,215.0,3.3896234035491943,3.3863635063171387,-0.003259897232055664
6,26,122,81.0,3.035551071166992,3.0434229373931885,0.007871866226196289
6,26,123,171.0,2.9384942054748535,2.9409704208374023,0.002476215362548828
6,26,124,41.0,5.417657375335693,5.447059631347656,0.02940225601196289
6,26,125,103.0,3.7517361640930176,3.7537379264831543,0.0020017623901367188
6,26,126,145.0,2.8366682529449463,2.8428966999053955,0.006228446960449219
6,26,127,102.0,2.7819013595581055,2.769216299057007,-0.012685060501098633
6,27,0,196.0,3.129199504852295,3.1281232833862305,-0.0010762214660644531
6,27,1,127.0,2.998192548751831,2.993159532546997,-0.005033016204833984
6,27,2,162.0,2.099813938140869,2.1066248416900635,0.006810903549194336
6,27,3,92.0,3.952493190765381,3.950533628463745,-0.001959562301635742
6,27,4,194.0,2.782571315765381,2.789257526397705,0.006686210632324219
6,27,5,115.0,2.7538414001464844,2.7539710998535156,0.00012969970703125
6,27,6,109.0,4.127994060516357,4.127007007598877,-0.0009870529174804688
6,27,7,48.0,3.018592119216919,3.01411509513855,-0.004477024078369141
6,27,8,69.0,3.3226022720336914,3.3138201236724854,-0.008782148361206055
6,27,9,85.0,3.0205674171447754,3.011244058609009,-0.009323358535766602
6,27,10,238.0,2.6267495155334473,2.6252081394195557,-0.0015413761138916016
6,27,11,233.0,2.4413414001464844,2.441636323928833,0.0002949237823486328
6,27,12,208.0,2.959929943084717,2.9587042331695557,-0.0012257099151611328
6,27,13,196.0,2.753826141357422,2.7565488815307617,0.0027227401733398438
6,27,14,131.0,2.9712021350860596,2.977957010269165,0.006754875183105469
6,27,15,125.0,2.7515416145324707,2.748199224472046,-0.0033423900604248047
6,27,16,61.0,4.166540145874023,4.158841133117676,-0.007699012756347656
6,27,17,164.0,1.9632303714752197,1.9625121355056763,-0.000718235969543457
6,27,18,107.0,3.135986328125,3.1354787349700928,-0.0005075931549072266
6,27,19,48.0,3.4995276927948,3.4995267391204834,-9.5367431640625e-07
6,27,20,74.0,1.9705148935317993,1.968332052230835,-0.0021828413009643555
6,27,21,103.0,2.235994577407837,2.290562868118286,0.05456829071044922
6,27,22,114.0,3.2786149978637695,3.283465623855591,0.004850625991821289
6,27,23,50.0,5.015505313873291,5.014122009277344,-0.0013833045959472656
6,27,24,281.0,2.3039751052856445,2.308108329772949,0.0041332244873046875
6,27,25,247.0,1.9686022996902466,1.9616409540176392,-0.006961345672607422
6,27,26,173.0,3.4113833904266357,3.4080119132995605,-0.0033714771270751953
6,27,27,166.0,3.050419330596924,3.0493016242980957,-0.001117706298828125
6,27,28,98.0,2.611907482147217,2.6084887981414795,-0.0034186840057373047
6,27,29,174.0,3.051379919052124,3.056570053100586,0.005190134048461914
6,27,30,173.0,2.750077724456787,2.746634006500244,-0.0034437179565429688
6,27,31,215.0,3.4014222621917725,3.4057328701019287,0.00431060791015625
6,27,32,186.0,2.6455953121185303,2.6508336067199707,0.00523829460144043
6,27,33,153.0,2.4407522678375244,2.4368338584899902,-0.00391840934753418
6,27,34,147.0,2.7246551513671875,2.7339696884155273,0.009314537048339844
6,27,35,50.0,4.024989604949951,4.013948440551758,-0.01104116439819336
6,27,36,86.0,2.0081088542938232,2.0162200927734375,0.008111238479614258
6,27,37,154.0,3.517357349395752,3.516972541809082,-0.0003848075866699219
6,27,38,265.0,2.388361930847168,2.389779567718506,0.0014176368713378906
6,27,39,199.0,3.1552681922912598,3.1617443561553955,0.006476163864135742
6,27,40,138.0,2.536069631576538,2.542090654373169,0.006021022796630859
6,27,41,98.0,3.269590377807617,3.272386312484741,0.0027959346771240234
6,27,42,167.0,2.519949436187744,2.5145978927612305,-0.005351543426513672
6,27,43,288.0,3.7899160385131836,3.7933883666992188,0.0034723281860351562
6,27,44,225.0,2.509033441543579,2.507507562637329,-0.00152587890625
6,27,45,191.0,3.1287972927093506,3.131164789199829,0.0023674964904785156
6,27,46,92.0,4.466386795043945,4.468585968017578,0.0021991729736328125
6,27,47,41.0,4.971887588500977,4.98081636428833,0.008928775787353516
6,27,48,231.0,2.9811513423919678,2.9843759536743164,0.003224611282348633
6,27,49,101.0,2.116225004196167,2.1189372539520264,0.002712249755859375
6,27,50,177.0,2.9830946922302246,2.9862232208251953,0.003128528594970703
6,27,51,252.0,3.516876697540283,3.5150790214538574,-0.0017976760864257812
6,27,52,259.0,2.737027645111084,2.738697052001953,0.0016694068908691406
6,27,53,47.0,1.9067243337631226,1.8958804607391357,-0.010843873023986816
6,27,54,164.0,2.2345211505889893,2.2332582473754883,-0.0012629032135009766
6,27,55,94.0,3.3757195472717285,3.381169080734253,0.005449533462524414
6,27,56,103.0,3.3878378868103027,3.3863728046417236,-0.0014650821685791016
6,27,57,78.0,3.3106584548950195,3.3117589950561523,0.0011005401611328125
6,27,58,239.0,3.107602596282959,3.1080143451690674,0.00041174888610839844
6,27,59,271.0,4.418605804443359,4.420548915863037,0.0019431114196777344
6,27,60,162.0,2.9131579399108887,2.9052937030792236,-0.007864236831665039
6,27,61,179.0,3.214285135269165,3.2184152603149414,0.004130125045776367
6,27,62,218.0,2.5891129970550537,2.5877552032470703,-0.0013577938079833984
6,27,63,81.0,3.4107165336608887,3.401808738708496,-0.008907794952392578
6,27,64,93.0,3.5013821125030518,3.503448486328125,0.002066373825073242
6,27,65,72.0,3.358228921890259,3.353360891342163,-0.004868030548095703
6,27,66,230.0,3.3264732360839844,3.3269245624542236,0.0004513263702392578
6,27,67,99.0,2.410640239715576,2.4493937492370605,0.038753509521484375
6,27,68,213.0,2.6581079959869385,2.6604537963867188,0.0023458003997802734
6,27,69,119.0,2.5800669193267822,2.5896406173706055,0.009573698043823242
6,27,70,161.0,2.929652214050293,2.93320631980896,0.003554105758666992
6,27,71,90.0,3.9417757987976074,3.9486565589904785,0.006880760192871094
6,27,72,181.0,2.8265914916992188,2.8216545581817627,-0.004936933517456055
6,27,73,95.0,3.8289499282836914,3.8485350608825684,0.019585132598876953
6,27,74,245.0,2.2537572383880615,2.254059314727783,0.0003020763397216797
6,27,75,93.0,1.7269396781921387,1.7218337059020996,-0.0051059722900390625
6,27,76,225.0,2.4448561668395996,2.4429774284362793,-0.0018787384033203125
6,27,77,61.0,3.08821439743042,3.0984246730804443,0.010210275650024414
6,27,78,257.0,3.5650999546051025,3.5692873001098633,0.004187345504760742
6,27,79,165.0,2.7435922622680664,2.738162040710449,-0.0054302215576171875
6,27,80,117.0,4.079967498779297,4.077803134918213,-0.0021643638610839844
6,27,81,89.0,3.1170668601989746,3.1223926544189453,0.005325794219970703
6,27,82,291.0,3.542208671569824,3.553088426589966,0.010879755020141602
6,27,83,93.0,3.1824769973754883,3.1832213401794434,0.0007443428039550781
6,27,84,228.0,1.8533809185028076,1.8419952392578125,-0.011385679244995117
6,27,85,131.0,2.4851677417755127,2.486636161804199,0.0014684200286865234
6,27,86,191.0,3.915872573852539,3.907588243484497,-0.008284330368041992
6,27,87,238.0,4.8885579109191895,4.887789249420166,-0.0007686614990234375
6,27,88,210.0,2.9943952560424805,2.998352289199829,0.003957033157348633
6,27,89,107.0,4.1228203773498535,4.125792980194092,0.0029726028442382812
6,27,90,217.0,2.7718281745910645,2.77325701713562,0.001428842544555664
6,27,91,199.0,3.112976312637329,3.1143574714660645,0.0013811588287353516
6,27,92,84.0,2.381793260574341,2.381385326385498,-0.00040793418884277344
6,27,93,271.0,3.5375630855560303,3.540757417678833,0.0031943321228027344
6,27,94,226.0,3.105239152908325,3.1105802059173584,0.005341053009033203
6,27,95,258.0,3.5427961349487305,3.5407912731170654,-0.002004861831665039
6,27,96,86.0,3.23514723777771,3.2337145805358887,-0.001432657241821289
6,27,97,142.0,4.2480573654174805,4.252265930175781,0.004208564758300781
6,27,98,42.0,1.9809751510620117,2.0045998096466064,0.023624658584594727
6,27,99,224.0,2.4784393310546875,2.483621835708618,0.005182504653930664
6,27,100,197.0,1.853989601135254,1.8583078384399414,0.0043182373046875
6,27,101,85.0,2.4941816329956055,2.4969043731689453,0.0027227401733398438
6,27,102,195.0,3.122326612472534,3.11959171295166,-0.0027348995208740234
6,27,103,102.0,3.1147775650024414,3.121830701828003,0.0070531368255615234
6,27,104,181.0,3.189467191696167,3.1874899864196777,-0.001977205276489258
6,27,105,72.0,1.8649518489837646,1.8558485507965088,-0.00910329818725586
6,27,106,130.0,4.294760227203369,4.292584419250488,-0.0021758079528808594
6,27,107,62.0,2.4163553714752197,2.4196486473083496,0.003293275833129883
6,27,108,263.0,3.546691656112671,3.5453827381134033,-0.0013089179992675781
6,27,109,194.0,2.697882890701294,2.7019119262695312,0.004029035568237305
6,27,110,174.0,2.602036237716675,2.5957159996032715,-0.00632023811340332
6,27,111,235.0,3.703277826309204,3.724555253982544,0.021277427673339844
6,27,112,143.0,3.633587121963501,3.6346888542175293,0.0011017322540283203
6,27,113,117.0,4.060715675354004,4.068150997161865,0.007435321807861328
6,27,114,160.0,3.7659225463867188,3.7678802013397217,0.0019576549530029297
6,27,115,115.0,3.034438133239746,3.0266995429992676,-0.007738590240478516
6,27,116,120.0,3.3571696281433105,3.3532490730285645,-0.003920555114746094
6,27,117,186.0,3.4980924129486084,3.5012660026550293,0.0031735897064208984
6,27,118,138.0,3.0037918090820312,2.9955246448516846,-0.00826716423034668
6,27,119,80.0,2.1522231101989746,2.1596715450286865,0.007448434829711914
6,27,120,164.0,2.666628122329712,2.666141986846924,-0.00048613548278808594
6,27,121,215.0,3.3896234035491943,3.384093999862671,-0.0055294036865234375
6,27,122,81.0,3.035551071166992,3.0422465801239014,0.00669550895690918
6,27,123,171.0,2.9384942054748535,2.943006992340088,0.004512786865234375
6,27,124,41.0,5.417657375335693,5.37527322769165,-0.04238414764404297
6,27,125,103.0,3.7517361640930176,3.7532577514648438,0.0015215873718261719
6,27,126,145.0,2.8366682529449463,2.83465838432312,-0.002009868621826172
6,27,127,102.0,2.7819013595581055,2.779461145401001,-0.002440214157104492
6,28,0,196.0,3.129199504852295,3.1261119842529297,-0.0030875205993652344
6,28,1,127.0,2.998192548751831,2.9930925369262695,-0.0051000118255615234
6,28,2,162.0,2.099813938140869,2.0994973182678223,-0.000316619873046875
6,28,3,92.0,3.952493190765381,3.9495890140533447,-0.002904176712036133
6,28,4,194.0,2.782571315765381,2.779810667037964,-0.002760648727416992
6,28,5,115.0,2.7538414001464844,2.75286865234375,-0.000972747802734375
6,28,6,109.0,4.127994060516357,4.125656604766846,-0.0023374557495117188
6,28,7,48.0,3.018592119216919,3.0179054737091064,-0.0006866455078125
6,28,8,69.0,3.3226022720336914,3.3115837574005127,-0.011018514633178711
6,28,9,85.0,3.0205674171447754,3.0164873600006104,-0.004080057144165039
6,28,10,238.0,2.6267495155334473,2.6295762062072754,0.002826690673828125
6,28,11,233.0,2.4413414001464844,2.4477591514587402,0.006417751312255859
6,28,12,208.0,2.959929943084717,2.96559476852417,0.005664825439453125
6,28,13,196.0,2.753826141357422,2.75301194190979,-0.0008141994476318359
6,28,14,131.0,2.9712021350860596,2.958681583404541,-0.012520551681518555
6,28,15,125.0,2.7515416145324707,2.756105899810791,0.0045642852783203125
6,28,16,61.0,4.166540145874023,4.166472434997559,-6.771087646484375e-05
6,28,17,164.0,1.9632303714752197,1.9615050554275513,-0.001725316047668457
6,28,18,107.0,3.135986328125,3.139456272125244,0.0034699440002441406
6,28,19,48.0,3.4995276927948,3.4996211528778076,9.34600830078125e-05
6,28,20,74.0,1.9705148935317993,1.9716355800628662,0.0011206865310668945
6,28,21,103.0,2.235994577407837,2.195329189300537,-0.040665388107299805
6,28,22,114.0,3.2786149978637695,3.2809994220733643,0.0023844242095947266
6,28,23,50.0,5.015505313873291,5.012012481689453,-0.0034928321838378906
6,28,24,281.0,2.3039751052856445,2.306593179702759,0.002618074417114258
6,28,25,247.0,1.9686022996902466,1.9801149368286133,0.0115126371383667
6,28,26,173.0,3.4113833904266357,3.4114527702331543,6.937980651855469e-05
6,28,27,166.0,3.050419330596924,3.053635835647583,0.0032165050506591797
6,28,28,98.0,2.611907482147217,2.6133310794830322,0.0014235973358154297
6,28,29,174.0,3.051379919052124,3.0483601093292236,-0.0030198097229003906
6,28,30,173.0,2.750077724456787,2.7479679584503174,-0.0021097660064697266
6,28,31,215.0,3.4014222621917725,3.4016613960266113,0.0002391338348388672
6,28,32,186.0,2.6455953121185303,2.6277425289154053,-0.017852783203125
6,28,33,153.0,2.4407522678375244,2.4333858489990234,-0.0073664188385009766
6,28,34,147.0,2.7246551513671875,2.7189953327178955,-0.005659818649291992
6,28,35,50.0,4.024989604949951,4.011752128601074,-0.013237476348876953
6,28,36,86.0,2.0081088542938232,1.9895005226135254,-0.01860833168029785
6,28,37,154.0,3.517357349395752,3.518570899963379,0.0012135505676269531
6,28,38,265.0,2.388361930847168,2.3891043663024902,0.0007424354553222656
6,28,39,199.0,3.1552681922912598,3.160088062286377,0.0048198699951171875
6,28,40,138.0,2.536069631576538,2.5320093631744385,-0.004060268402099609
6,28,41,98.0,3.269590377807617,3.2725372314453125,0.0029468536376953125
6,28,42,167.0,2.519949436187744,2.526197910308838,0.00624847412109375
6,28,43,288.0,3.7899160385131836,3.7918291091918945,0.0019130706787109375
6,28,44,225.0,2.509033441543579,2.507324457168579,-0.001708984375
6,28,45,191.0,3.1287972927093506,3.134031295776367,0.0052340030670166016
6,28,46,92.0,4.466386795043945,4.4561848640441895,-0.01020193099975586
6,28,47,41.0,4.971887588500977,4.981318473815918,0.009430885314941406
6,28,48,231.0,2.9811513423919678,2.9827654361724854,0.0016140937805175781
6,28,49,101.0,2.116225004196167,2.1091837882995605,-0.007041215896606445
6,28,50,177.0,2.9830946922302246,2.981454849243164,-0.0016398429870605469
6,28,51,252.0,3.516876697540283,3.513535737991333,-0.0033409595489501953
6,28,52,259.0,2.737027645111084,2.7429044246673584,0.005876779556274414
6,28,53,47.0,1.9067243337631226,1.9079642295837402,0.0012398958206176758
6,28,54,164.0,2.2345211505889893,2.2306666374206543,-0.003854513168334961
6,28,55,94.0,3.3757195472717285,3.376694440841675,0.0009748935699462891
6,28,56,103.0,3.3878378868103027,3.3857357501983643,-0.0021021366119384766
6,28,57,78.0,3.3106584548950195,3.3252527713775635,0.014594316482543945
6,28,58,239.0,3.107602596282959,3.0993709564208984,-0.008231639862060547
6,28,59,271.0,4.418605804443359,4.412026405334473,-0.006579399108886719
6,28,60,162.0,2.9131579399108887,2.911959409713745,-0.0011985301971435547
6,28,61,179.0,3.214285135269165,3.210676908493042,-0.003608226776123047
6,28,62,218.0,2.5891129970550537,2.579159736633301,-0.00995326042175293
6,28,63,81.0,3.4107165336608887,3.390411376953125,-0.020305156707763672
6,28,64,93.0,3.5013821125030518,3.5054869651794434,0.0041048526763916016
6,28,65,72.0,3.358228921890259,3.3755900859832764,0.017361164093017578
6,28,66,230.0,3.3264732360839844,3.3255653381347656,-0.00090789794921875
6,28,67,99.0,2.410640239715576,2.3697359561920166,-0.04090428352355957
6,28,68,213.0,2.6581079959869385,2.6575469970703125,-0.0005609989166259766
6,28,69,119.0,2.5800669193267822,2.5862011909484863,0.0061342716217041016
6,28,70,161.0,2.929652214050293,2.9298110008239746,0.00015878677368164062
6,28,71,90.0,3.9417757987976074,3.9442389011383057,0.002463102340698242
6,28,72,181.0,2.8265914916992188,2.8334336280822754,0.006842136383056641
6,28,73,95.0,3.8289499282836914,3.828540086746216,-0.00040984153747558594
6,28,74,245.0,2.2537572383880615,2.2588746547698975,0.0051174163818359375
6,28,75,93.0,1.7269396781921387,1.7324086427688599,0.005468964576721191
6,28,76,225.0,2.4448561668395996,2.4406988620758057,-0.004157304763793945
6,28,77,61.0,3.08821439743042,3.096487522125244,0.008273124694824219
6,28,78,257.0,3.5650999546051025,3.5679526329040527,0.0028526782989501953
6,28,79,165.0,2.7435922622680664,2.7391672134399414,-0.004425048828125
6,28,80,117.0,4.079967498779297,4.07456111907959,-0.005406379699707031
6,28,81,89.0,3.1170668601989746,3.115290880203247,-0.001775979995727539
6,28,82,291.0,3.542208671569824,3.5492615699768066,0.007052898406982422
6,28,83,93.0,3.1824769973754883,3.182446002960205,-3.0994415283203125e-05
6,28,84,228.0,1.8533809185028076,1.8280061483383179,-0.025374770164489746
6,28,85,131.0,2.4851677417755127,2.483719825744629,-0.001447916030883789
6,28,86,191.0,3.915872573852539,3.913851022720337,-0.0020215511322021484
6,28,87,238.0,4.8885579109191895,4.892865180969238,0.004307270050048828
6,28,88,210.0,2.9943952560424805,2.996677875518799,0.0022826194763183594
6,28,89,107.0,4.1228203773498535,4.127413272857666,0.0045928955078125
6,28,90,217.0,2.7718281745910645,2.7742903232574463,0.002462148666381836
6,28,91,199.0,3.112976312637329,3.1131536960601807,0.0001773834228515625
6,28,92,84.0,2.381793260574341,2.38413667678833,0.002343416213989258
6,28,93,271.0,3.5375630855560303,3.5387685298919678,0.0012054443359375
6,28,94,226.0,3.105239152908325,3.103436231613159,-0.0018029212951660156
6,28,95,258.0,3.5427961349487305,3.5415358543395996,-0.0012602806091308594
6,28,96,86.0,3.23514723777771,3.2327141761779785,-0.0024330615997314453
6,28,97,142.0,4.2480573654174805,4.241036415100098,-0.0070209503173828125
6,28,98,42.0,1.9809751510620117,1.9889401197433472,0.00796496868133545
6,28,99,224.0,2.4784393310546875,2.4734292030334473,-0.005010128021240234
6,28,100,197.0,1.853989601135254,1.8635058403015137,0.009516239166259766
6,28,101,85.0,2.4941816329956055,2.490243673324585,-0.003937959671020508
6,28,102,195.0,3.122326612472534,3.1224868297576904,0.00016021728515625
6,28,103,102.0,3.1147775650024414,3.1079399585723877,-0.006837606430053711
6,28,104,181.0,3.189467191696167,3.200427293777466,0.010960102081298828
6,28,105,72.0,1.8649518489837646,1.8514559268951416,-0.013495922088623047
6,28,106,130.0,4.294760227203369,4.288259029388428,-0.006501197814941406
6,28,107,62.0,2.4163553714752197,2.4116179943084717,-0.004737377166748047
6,28,108,263.0,3.546691656112671,3.5523171424865723,0.005625486373901367
6,28,109,194.0,2.697882890701294,2.693325996398926,-0.004556894302368164
6,28,110,174.0,2.602036237716675,2.598644733428955,-0.0033915042877197266
6,28,111,235.0,3.703277826309204,3.69225811958313,-0.011019706726074219
6,28,112,143.0,3.633587121963501,3.6262481212615967,-0.007339000701904297
6,28,113,117.0,4.060715675354004,4.056239128112793,-0.0044765472412109375
6,28,114,160.0,3.7659225463867188,3.7639782428741455,-0.0019443035125732422
6,28,115,115.0,3.034438133239746,3.0377323627471924,0.003294229507446289
6,28,116,120.0,3.3571696281433105,3.3571979999542236,2.8371810913085938e-05
6,28,117,186.0,3.4980924129486084,3.507354736328125,0.009262323379516602
6,28,118,138.0,3.0037918090820312,2.9997191429138184,-0.004072666168212891
6,28,119,80.0,2.1522231101989746,2.1518614292144775,-0.0003616809844970703
6,28,120,164.0,2.666628122329712,2.660942316055298,-0.0056858062744140625
6,28,121,215.0,3.3896234035491943,3.3862626552581787,-0.003360748291015625
6,28,122,81.0,3.035551071166992,3.0468883514404297,0.0113372802734375
6,28,123,171.0,2.9384942054748535,2.932730197906494,-0.005764007568359375
6,28,124,41.0,5.417657375335693,5.378145694732666,-0.039511680603027344
6,28,125,103.0,3.7517361640930176,3.7523090839385986,0.0005729198455810547
6,28,126,145.0,2.8366682529449463,2.8386151790618896,0.0019469261169433594
6,28,127,102.0,2.7819013595581055,2.775256395339966,-0.0066449642181396484
6,29,0,196.0,3.129199504852295,3.133960723876953,0.004761219024658203
6,29,1,127.0,2.998192548751831,2.996830463409424,-0.0013620853424072266
6,29,2,162.0,2.099813938140869,2.098362922668457,-0.0014510154724121094
6,29,3,92.0,3.952493190765381,3.9494402408599854,-0.003052949905395508
6,29,4,194.0,2.782571315765381,2.7881476879119873,0.005576372146606445
6,29,5,115.0,2.7538414001464844,2.758531332015991,0.004689931869506836
6,29,6,109.0,4.127994060516357,4.118278503417969,-0.009715557098388672
6,29,7,48.0,3.018592119216919,3.0188424587249756,0.0002503395080566406
6,29,8,69.0,3.3226022720336914,3.31811261177063,-0.0044896602630615234
6,29,9,85.0,3.0205674171447754,3.0169899463653564,-0.0035774707794189453
6,29,10,238.0,2.6267495155334473,2.6304962635040283,0.0037467479705810547
6,29,11,233.0,2.4413414001464844,2.438112497329712,-0.003228902816772461
6,29,12,208.0,2.959929943084717,2.962759256362915,0.002829313278198242
6,29,13,196.0,2.753826141357422,2.758122682571411,0.004296541213989258
6,29,14,131.0,2.9712021350860596,2.966592311859131,-0.004609823226928711
6,29,15,125.0,2.7515416145324707,2.754157781600952,0.0026161670684814453
6,29,16,61.0,4.166540145874023,4.154931545257568,-0.011608600616455078
6,29,17,164.0,1.9632303714752197,1.9612234830856323,-0.0020068883895874023
6,29,18,107.0,3.135986328125,3.1353538036346436,-0.0006325244903564453
6,29,19,48.0,3.4995276927948,3.5159151554107666,0.016387462615966797
6,29,20,74.0,1.9705148935317993,1.9792197942733765,0.008704900741577148
6,29,21,103.0,2.235994577407837,2.2499840259552,0.013989448547363281
6,29,22,114.0,3.2786149978637695,3.279874563217163,0.0012595653533935547
6,29,23,50.0,5.015505313873291,5.019686698913574,0.004181385040283203
6,29,24,281.0,2.3039751052856445,2.3084464073181152,0.004471302032470703
6,29,25,247.0,1.9686022996902466,1.9677859544754028,-0.00081634521484375
6,29,26,173.0,3.4113833904266357,3.4139256477355957,0.002542257308959961
6,29,27,166.0,3.050419330596924,3.0563042163848877,0.005884885787963867
6,29,28,98.0,2.611907482147217,2.630157470703125,0.018249988555908203
6,29,29,174.0,3.051379919052124,3.0603272914886475,0.008947372436523438
6,29,30,173.0,2.750077724456787,2.7534244060516357,0.003346681594848633
6,29,31,215.0,3.4014222621917725,3.4031686782836914,0.0017464160919189453
6,29,32,186.0,2.6455953121185303,2.6518077850341797,0.006212472915649414
6,29,33,153.0,2.4407522678375244,2.4355628490448,-0.005189418792724609
6,29,34,147.0,2.7246551513671875,2.730604887008667,0.005949735641479492
6,29,35,50.0,4.024989604949951,4.015064716339111,-0.009924888610839844
6,29,36,86.0,2.0081088542938232,2.009507894515991,0.0013990402221679688
6,29,37,154.0,3.517357349395752,3.5178158283233643,0.0004584789276123047
6,29,38,265.0,2.388361930847168,2.3917360305786133,0.0033740997314453125
6,29,39,199.0,3.1552681922912598,3.157846689224243,0.0025784969329833984
6,29,40,138.0,2.536069631576538,2.527480363845825,-0.00858926773071289
6,29,41,98.0,3.269590377807617,3.2772045135498047,0.0076141357421875
6,29,42,167.0,2.519949436187744,2.5227460861206055,0.002796649932861328
6,29,43,288.0,3.7899160385131836,3.791126251220703,0.0012102127075195312
6,29,44,225.0,2.509033441543579,2.5061001777648926,-0.0029332637786865234
6,29,45,191.0,3.1287972927093506,3.1290640830993652,0.00026679039001464844
6,29,46,92.0,4.466386795043945,4.4650187492370605,-0.0013680458068847656
6,29,47,41.0,4.971887588500977,4.981419086456299,0.009531497955322266
6,29,48,231.0,2.9811513423919678,2.9825351238250732,0.0013837814331054688
6,29,49,101.0,2.116225004196167,2.1142401695251465,-0.001984834671020508
6,29,50,177.0,2.9830946922302246,2.9866011142730713,0.0035064220428466797
6,29,51,252.0,3.516876697540283,3.526492118835449,0.009615421295166016
6,29,52,259.0,2.737027645111084,2.7385573387145996,0.001529693603515625
6,29,53,47.0,1.9067243337631226,1.894080638885498,-0.012643694877624512
6,29,54,164.0,2.2345211505889893,2.2298314571380615,-0.004689693450927734
6,29,55,94.0,3.3757195472717285,3.370400905609131,-0.005318641662597656
6,29,56,103.0,3.3878378868103027,3.391181707382202,0.003343820571899414
6,29,57,78.0,3.3106584548950195,3.310832977294922,0.00017452239990234375
6,29,58,239.0,3.107602596282959,3.1054623126983643,-0.0021402835845947266
6,29,59,271.0,4.418605804443359,4.416007041931152,-0.0025987625122070312
6,29,60,162.0,2.9131579399108887,2.904697895050049,-0.008460044860839844
6,29,61,179.0,3.214285135269165,3.210723638534546,-0.0035614967346191406
6,29,62,218.0,2.5891129970550537,2.585087299346924,-0.004025697708129883
6,29,63,81.0,3.4107165336608887,3.409466028213501,-0.0012505054473876953
6,29,64,93.0,3.5013821125030518,3.502187967300415,0.0008058547973632812
6,29,65,72.0,3.358228921890259,3.358381748199463,0.00015282630920410156
6,29,66,230.0,3.3264732360839844,3.323700189590454,-0.0027730464935302734
6,29,67,99.0,2.410640239715576,2.410299301147461,-0.0003409385681152344
6,29,68,213.0,2.6581079959869385,2.6577556133270264,-0.0003523826599121094
6,29,69,119.0,2.5800669193267822,2.5792195796966553,-0.0008473396301269531
6,29,70,161.0,2.929652214050293,2.932945966720581,0.003293752670288086
6,29,71,90.0,3.9417757987976074,3.9526381492614746,0.010862350463867188
6,29,72,181.0,2.8265914916992188,2.8294646739959717,0.0028731822967529297
6,29,73,95.0,3.8289499282836914,3.834725856781006,0.005775928497314453
6,29,74,245.0,2.2537572383880615,2.252866744995117,-0.0008904933929443359
6,29,75,93.0,1.7269396781921387,1.726516842842102,-0.0004228353500366211
6,29,76,225.0,2.4448561668395996,2.445223093032837,0.0003669261932373047
6,29,77,61.0,3.08821439743042,3.0918092727661133,0.0035948753356933594
6,29,78,257.0,3.5650999546051025,3.558950185775757,-0.006149768829345703
6,29,79,165.0,2.7435922622680664,2.7461795806884766,0.0025873184204101562
6,29,80,117.0,4.079967498779297,4.080306053161621,0.00033855438232421875
6,29,81,89.0,3.1170668601989746,3.116483211517334,-0.000583648681640625
6,29,82,291.0,3.542208671569824,3.5477023124694824,0.005493640899658203
6,29,83,93.0,3.1824769973754883,3.1804940700531006,-0.0019829273223876953
6,29,84,228.0,1.8533809185028076,1.8420706987380981,-0.011310219764709473
6,29,85,131.0,2.4851677417755127,2.4872562885284424,0.0020885467529296875
6,29,86,191.0,3.915872573852539,3.910562038421631,-0.005310535430908203
6,29,87,238.0,4.8885579109191895,4.886431694030762,-0.0021262168884277344
6,29,88,210.0,2.9943952560424805,2.9937691688537598,-0.0006260871887207031
6,29,89,107.0,4.1228203773498535,4.118019104003906,-0.004801273345947266
6,29,90,217.0,2.7718281745910645,2.7757058143615723,0.0038776397705078125
6,29,91,199.0,3.112976312637329,3.1127800941467285,-0.00019621849060058594
6,29,92,84.0,2.381793260574341,2.3778204917907715,-0.003972768783569336
6,29,93,271.0,3.5375630855560303,3.5393242835998535,0.0017611980438232422
6,29,94,226.0,3.105239152908325,3.1030845642089844,-0.0021545886993408203
6,29,95,258.0,3.5427961349487305,3.5516393184661865,0.008843183517456055
6,29,96,86.0,3.23514723777771,3.2269866466522217,-0.008160591125488281
6,29,97,142.0,4.2480573654174805,4.244609832763672,-0.0034475326538085938
6,29,98,42.0,1.9809751510620117,1.9985989332199097,0.01762378215789795
6,29,99,224.0,2.4784393310546875,2.478689432144165,0.00025010108947753906
6,29,100,197.0,1.853989601135254,1.8505042791366577,-0.0034853219985961914
6,29,101,85.0,2.4941816329956055,2.4976494312286377,0.0034677982330322266
6,29,102,195.0,3.122326612472534,3.128330945968628,0.00600433349609375
6,29,103,102.0,3.1147775650024414,3.1304030418395996,0.015625476837158203
6,29,104,181.0,3.189467191696167,3.182953119277954,-0.006514072418212891
6,29,105,72.0,1.8649518489837646,1.8540282249450684,-0.010923624038696289
6,29,106,130.0,4.294760227203369,4.290837287902832,-0.003922939300537109
6,29,107,62.0,2.4163553714752197,2.419167995452881,0.002812623977661133
6,29,108,263.0,3.546691656112671,3.5464816093444824,-0.00021004676818847656
6,29,109,194.0,2.697882890701294,2.699082136154175,0.0011992454528808594
6,29,110,174.0,2.602036237716675,2.5941524505615234,-0.007883787155151367
6,29,111,235.0,3.703277826309204,3.7080554962158203,0.004777669906616211
6,29,112,143.0,3.633587121963501,3.644314765930176,0.010727643966674805
6,29,113,117.0,4.060715675354004,4.076813220977783,0.016097545623779297
6,29,114,160.0,3.7659225463867188,3.7701058387756348,0.004183292388916016
6,29,115,115.0,3.034438133239746,3.032912254333496,-0.00152587890625
6,29,116,120.0,3.3571696281433105,3.36328125,0.006111621856689453
6,29,117,186.0,3.4980924129486084,3.503246307373047,0.0051538944244384766
6,29,118,138.0,3.0037918090820312,3.0024056434631348,-0.0013861656188964844
6,29,119,80.0,2.1522231101989746,2.1464426517486572,-0.005780458450317383
6,29,120,164.0,2.666628122329712,2.669456720352173,0.0028285980224609375
6,29,121,215.0,3.3896234035491943,3.385270357131958,-0.004353046417236328
6,29,122,81.0,3.035551071166992,3.041062116622925,0.005511045455932617
6,29,123,171.0,2.9384942054748535,2.9419445991516113,0.0034503936767578125
6,29,124,41.0,5.417657375335693,5.451344013214111,0.03368663787841797
6,29,125,103.0,3.7517361640930176,3.749194622039795,-0.0025415420532226562
6,29,126,145.0,2.8366682529449463,2.833561658859253,-0.0031065940856933594
6,29,127,102.0,2.7819013595581055,2.77266263961792,-0.009238719940185547
6,30,0,196.0,3.129199504852295,3.1209828853607178,-0.008216619491577148
6,30,1,127.0,2.998192548751831,2.9991037845611572,0.0009112358093261719
6,30,2,162.0,2.099813938140869,2.1006360054016113,0.0008220672607421875
6,30,3,92.0,3.952493190765381,3.944793701171875,-0.007699489593505859
6,30,4,194.0,2.782571315765381,2.786212205886841,0.003640890121459961
6,30,5,115.0,2.7538414001464844,2.753082752227783,-0.0007586479187011719
6,30,6,109.0,4.127994060516357,4.122593402862549,-0.005400657653808594
6,30,7,48.0,3.018592119216919,3.0126211643218994,-0.005970954895019531
6,30,8,69.0,3.3226022720336914,3.310777187347412,-0.011825084686279297
6,30,9,85.0,3.0205674171447754,3.0150201320648193,-0.005547285079956055
6,30,10,238.0,2.6267495155334473,2.626857042312622,0.00010752677917480469
6,30,11,233.0,2.4413414001464844,2.437528371810913,-0.003813028335571289
6,30,12,208.0,2.959929943084717,2.9581141471862793,-0.0018157958984375
6,30,13,196.0,2.753826141357422,2.7529449462890625,-0.000881195068359375
6,30,14,131.0,2.9712021350860596,2.9690840244293213,-0.0021181106567382812
6,30,15,125.0,2.7515416145324707,2.751044988632202,-0.0004966259002685547
6,30,16,61.0,4.166540145874023,4.169875621795654,0.0033354759216308594
6,30,17,164.0,1.9632303714752197,1.9611533880233765,-0.0020769834518432617
6,30,18,107.0,3.135986328125,3.139664888381958,0.003678560256958008
6,30,19,48.0,3.4995276927948,3.506791353225708,0.007263660430908203
6,30,20,74.0,1.9705148935317993,1.970934271812439,0.00041937828063964844
6,30,21,103.0,2.235994577407837,2.2596070766448975,0.023612499237060547
6,30,22,114.0,3.2786149978637695,3.281646251678467,0.0030312538146972656
6,30,23,50.0,5.015505313873291,5.003959655761719,-0.011545658111572266
6,30,24,281.0,2.3039751052856445,2.3033108711242676,-0.0006642341613769531
6,30,25,247.0,1.9686022996902466,1.9690477848052979,0.00044548511505126953
6,30,26,173.0,3.4113833904266357,3.404615879058838,-0.0067675113677978516
6,30,27,166.0,3.050419330596924,3.057760000228882,0.007340669631958008
6,30,28,98.0,2.611907482147217,2.613349437713623,0.00144195556640625
6,30,29,174.0,3.051379919052124,3.0567703247070312,0.0053904056549072266
6,30,30,173.0,2.750077724456787,2.752392292022705,0.0023145675659179688
6,30,31,215.0,3.4014222621917725,3.402111530303955,0.0006892681121826172
6,30,32,186.0,2.6455953121185303,2.6505355834960938,0.0049402713775634766
6,30,33,153.0,2.4407522678375244,2.437800884246826,-0.002951383590698242
6,30,34,147.0,2.7246551513671875,2.7235496044158936,-0.0011055469512939453
6,30,35,50.0,4.024989604949951,4.004583358764648,-0.020406246185302734
6,30,36,86.0,2.0081088542938232,2.003591537475586,-0.004517316818237305
6,30,37,154.0,3.517357349395752,3.522819995880127,0.005462646484375
6,30,38,265.0,2.388361930847168,2.3865694999694824,-0.0017924308776855469
6,30,39,199.0,3.1552681922912598,3.1593925952911377,0.00412440299987793
6,30,40,138.0,2.536069631576538,2.5375781059265137,0.001508474349975586
6,30,41,98.0,3.269590377807617,3.2726142406463623,0.003023862838745117
6,30,42,167.0,2.519949436187744,2.5238544940948486,0.003905057907104492
6,30,43,288.0,3.7899160385131836,3.794450521469116,0.004534482955932617
6,30,44,225.0,2.509033441543579,2.5070993900299072,-0.001934051513671875
6,30,45,191.0,3.1287972927093506,3.1309685707092285,0.0021712779998779297
6,30,46,92.0,4.466386795043945,4.466134071350098,-0.00025272369384765625
6,30,47,41.0,4.971887588500977,4.973311424255371,0.0014238357543945312
6,30,48,231.0,2.9811513423919678,2.982421636581421,0.001270294189453125
6,30,49,101.0,2.116225004196167,2.1200101375579834,0.0037851333618164062
6,30,50,177.0,2.9830946922302246,2.9817259311676025,-0.0013687610626220703
6,30,51,252.0,3.516876697540283,3.5209038257598877,0.004027128219604492
6,30,52,259.0,2.737027645111084,2.7391586303710938,0.0021309852600097656
6,30,53,47.0,1.9067243337631226,1.8910104036331177,-0.015713930130004883
6,30,54,164.0,2.2345211505889893,2.232451915740967,-0.002069234848022461
6,30,55,94.0,3.3757195472717285,3.3696513175964355,-0.006068229675292969
6,30,56,103.0,3.3878378868103027,3.3811817169189453,-0.006656169891357422
6,30,57,78.0,3.3106584548950195,3.305567502975464,-0.005090951919555664
6,30,58,239.0,3.107602596282959,3.1033716201782227,-0.004230976104736328
6,30,59,271.0,4.418605804443359,4.4174065589904785,-0.0011992454528808594
6,30,60,162.0,2.9131579399108887,2.909299612045288,-0.003858327865600586
6,30,61,179.0,3.214285135269165,3.206547975540161,-0.007737159729003906
6,30,62,218.0,2.5891129970550537,2.5888335704803467,-0.00027942657470703125
6,30,63,81.0,3.4107165336608887,3.408935546875,-0.0017809867858886719
6,30,64,93.0,3.5013821125030518,3.496757984161377,-0.004624128341674805
6,30,65,72.0,3.358228921890259,3.35971736907959,0.0014884471893310547
6,30,66,230.0,3.3264732360839844,3.323542833328247,-0.0029304027557373047
6,30,67,99.0,2.410640239715576,2.4032161235809326,-0.007424116134643555
6,30,68,213.0,2.6581079959869385,2.658820867538452,0.0007128715515136719
6,30,69,119.0,2.5800669193267822,2.5797557830810547,-0.00031113624572753906
6,30,70,161.0,2.929652214050293,2.9282381534576416,-0.0014140605926513672
6,30,71,90.0,3.9417757987976074,3.938448667526245,-0.0033271312713623047
6,30,72,181.0,2.8265914916992188,2.8255538940429688,-0.00103759765625
6,30,73,95.0,3.8289499282836914,3.8348991870880127,0.005949258804321289
6,30,74,245.0,2.2537572383880615,2.2517623901367188,-0.0019948482513427734
6,30,75,93.0,1.7269396781921387,1.7302789688110352,0.0033392906188964844
6,30,76,225.0,2.4448561668395996,2.446857213973999,0.002001047134399414
6,30,77,61.0,3.08821439743042,3.097132444381714,0.008918046951293945
6,30,78,257.0,3.5650999546051025,3.56390643119812,-0.0011935234069824219
6,30,79,165.0,2.7435922622680664,2.7411601543426514,-0.002432107925415039
6,30,80,117.0,4.079967498779297,4.071013450622559,-0.008954048156738281
6,30,81,89.0,3.1170668601989746,3.120328426361084,0.003261566162109375
6,30,82,291.0,3.542208671569824,3.5470550060272217,0.004846334457397461
6,30,83,93.0,3.1824769973754883,3.1765897274017334,-0.005887269973754883
6,30,84,228.0,1.8533809185028076,1.838254690170288,-0.015126228332519531
6,30,85,131.0,2.4851677417755127,2.481855630874634,-0.0033121109008789062
6,30,86,191.0,3.915872573852539,3.9111156463623047,-0.004756927490234375
6,30,87,238.0,4.8885579109191895,4.8850998878479,-0.0034580230712890625
6,30,88,210.0,2.9943952560424805,2.9995903968811035,0.005195140838623047
6,30,89,107.0,4.1228203773498535,4.113757133483887,-0.009063243865966797
6,30,90,217.0,2.7718281745910645,2.7690224647521973,-0.0028057098388671875
6,30,91,199.0,3.112976312637329,3.110903024673462,-0.0020732879638671875
6,30,92,84.0,2.381793260574341,2.3807177543640137,-0.0010755062103271484
6,30,93,271.0,3.5375630855560303,3.5363667011260986,-0.0011963844299316406
6,30,94,226.0,3.105239152908325,3.1020865440368652,-0.003152608871459961
6,30,95,258.0,3.5427961349487305,3.550673723220825,0.007877588272094727
6,30,96,86.0,3.23514723777771,3.2315049171447754,-0.0036423206329345703
6,30,97,142.0,4.2480573654174805,4.250374794006348,0.0023174285888671875
6,30,98,42.0,1.9809751510620117,1.9777014255523682,-0.0032737255096435547
6,30,99,224.0,2.4784393310546875,2.4829368591308594,0.004497528076171875
6,30,100,197.0,1.853989601135254,1.8504797220230103,-0.0035098791122436523
6,30,101,85.0,2.4941816329956055,2.4920926094055176,-0.0020890235900878906
6,30,102,195.0,3.122326612472534,3.1225056648254395,0.00017905235290527344
6,30,103,102.0,3.1147775650024414,3.118720054626465,0.0039424896240234375
6,30,104,181.0,3.189467191696167,3.189939498901367,0.0004723072052001953
6,30,105,72.0,1.8649518489837646,1.8573992252349854,-0.007552623748779297
6,30,106,130.0,4.294760227203369,4.293027877807617,-0.0017323493957519531
6,30,107,62.0,2.4163553714752197,2.4167752265930176,0.00041985511779785156
6,30,108,263.0,3.546691656112671,3.5500917434692383,0.003400087356567383
6,30,109,194.0,2.697882890701294,2.6959235668182373,-0.0019593238830566406
6,30,110,174.0,2.602036237716675,2.600468873977661,-0.0015673637390136719
6,30,111,235.0,3.703277826309204,3.7137184143066406,0.010440587997436523
6,30,112,143.0,3.633587121963501,3.6328582763671875,-0.0007288455963134766
6,30,113,117.0,4.060715675354004,4.062485218048096,0.0017695426940917969
6,30,114,160.0,3.7659225463867188,3.7694602012634277,0.0035376548767089844
6,30,115,115.0,3.034438133239746,3.034604787826538,0.0001666545867919922
6,30,116,120.0,3.3571696281433105,3.35608172416687,-0.0010879039764404297
6,30,117,186.0,3.4980924129486084,3.505033016204834,0.006940603256225586
6,30,118,138.0,3.0037918090820312,2.9954850673675537,-0.008306741714477539
6,30,119,80.0,2.1522231101989746,2.1543500423431396,0.002126932144165039
6,30,120,164.0,2.666628122329712,2.6609036922454834,-0.005724430084228516
6,30,121,215.0,3.3896234035491943,3.3871307373046875,-0.002492666244506836
6,30,122,81.0,3.035551071166992,3.0376040935516357,0.0020530223846435547
6,30,123,171.0,2.9384942054748535,2.936586856842041,-0.0019073486328125
6,30,124,41.0,5.417657375335693,5.368220806121826,-0.04943656921386719
6,30,125,103.0,3.7517361640930176,3.7505948543548584,-0.0011413097381591797
6,30,126,145.0,2.8366682529449463,2.8381659984588623,0.0014977455139160156
6,30,127,102.0,2.7819013595581055,2.776437520980835,-0.005463838577270508
6,31,0,196.0,3.129199504852295,3.13032603263855,0.0011265277862548828
6,31,1,127.0,2.998192548751831,2.998140573501587,-5.1975250244140625e-05
6,31,2,162.0,2.099813938140869,2.099625587463379,-0.00018835067749023438
6,31,3,92.0,3.952493190765381,3.957731246948242,0.005238056182861328
6,31,4,194.0,2.782571315765381,2.8112921714782715,0.028720855712890625
6,31,5,115.0,2.7538414001464844,2.75207781791687,-0.0017635822296142578
6,31,6,109.0,4.127994060516357,4.121217250823975,-0.0067768096923828125
6,31,7,48.0,3.018592119216919,3.0261878967285156,0.00759577751159668
6,31,8,69.0,3.3226022720336914,3.3092782497406006,-0.01332402229309082
6,31,9,85.0,3.0205674171447754,3.0038652420043945,-0.01670217514038086
6,31,10,238.0,2.6267495155334473,2.631986618041992,0.005237102508544922
6,31,11,233.0,2.4413414001464844,2.443251371383667,0.0019099712371826172
6,31,12,208.0,2.959929943084717,2.9580118656158447,-0.0019180774688720703
6,31,13,196.0,2.753826141357422,2.7555630207061768,0.0017368793487548828
6,31,14,131.0,2.9712021350860596,2.9721553325653076,0.0009531974792480469
6,31,15,125.0,2.7515416145324707,2.750044345855713,-0.0014972686767578125
6,31,16,61.0,4.166540145874023,4.1606340408325195,-0.005906105041503906
6,31,17,164.0,1.9632303714752197,1.9653781652450562,0.0021477937698364258
6,31,18,107.0,3.135986328125,3.140819549560547,0.004833221435546875
6,31,19,48.0,3.4995276927948,3.5102367401123047,0.010709047317504883
6,31,20,74.0,1.9705148935317993,1.9721086025238037,0.0015937089920043945
6,31,21,103.0,2.235994577407837,2.1871285438537598,-0.04886603355407715
6,31,22,114.0,3.2786149978637695,3.275127410888672,-0.0034875869750976562
6,31,23,50.0,5.015505313873291,4.999967575073242,-0.015537738800048828
6,31,24,281.0,2.3039751052856445,2.3095266819000244,0.005551576614379883
6,31,25,247.0,1.9686022996902466,1.9635052680969238,-0.005097031593322754
6,31,26,173.0,3.4113833904266357,3.4186320304870605,0.007248640060424805
6,31,27,166.0,3.050419330596924,3.049128532409668,-0.0012907981872558594
6,31,28,98.0,2.611907482147217,2.604889154434204,-0.007018327713012695
6,31,29,174.0,3.051379919052124,3.065093755722046,0.013713836669921875
6,31,30,173.0,2.750077724456787,2.7512874603271484,0.0012097358703613281
6,31,31,215.0,3.4014222621917725,3.396606206893921,-0.0048160552978515625
6,31,32,186.0,2.6455953121185303,2.646271228790283,0.0006759166717529297
6,31,33,153.0,2.4407522678375244,2.4401566982269287,-0.0005955696105957031
6,31,34,147.0,2.7246551513671875,2.74333119392395,0.018676042556762695
6,31,35,50.0,4.024989604949951,4.03657341003418,0.011583805084228516
6,31,36,86.0,2.0081088542938232,2.0022192001342773,-0.0058896541595458984
6,31,37,154.0,3.517357349395752,3.5207479000091553,0.0033905506134033203
6,31,38,265.0,2.388361930847168,2.391488790512085,0.003126859664916992
6,31,39,199.0,3.1552681922912598,3.1537461280822754,-0.001522064208984375
6,31,40,138.0,2.536069631576538,2.5367965698242188,0.0007269382476806641
6,31,41,98.0,3.269590377807617,3.2753639221191406,0.0057735443115234375
6,31,42,167.0,2.519949436187744,2.5181117057800293,-0.0018377304077148438
6,31,43,288.0,3.7899160385131836,3.79543137550354,0.005515336990356445
6,31,44,225.0,2.509033441543579,2.509042978286743,9.5367431640625e-06
6,31,45,191.0,3.1287972927093506,3.139056921005249,0.010259628295898438
6,31,46,92.0,4.466386795043945,4.453296661376953,-0.013090133666992188
6,31,47,41.0,4.971887588500977,4.955746650695801,-0.01614093780517578
6,31,48,231.0,2.9811513423919678,2.9864141941070557,0.005262851715087891
6,31,49,101.0,2.116225004196167,2.116953134536743,0.0007281303405761719
6,31,50,177.0,2.9830946922302246,2.9827880859375,-0.0003066062927246094
6,31,51,252.0,3.516876697540283,3.520906448364258,0.004029750823974609
6,31,52,259.0,2.737027645111084,2.7412354946136475,0.0042078495025634766
6,31,53,47.0,1.9067243337631226,1.9169552326202393,0.0102308988571167
6,31,54,164.0,2.2345211505889893,2.231799602508545,-0.002721548080444336
6,31,55,94.0,3.3757195472717285,3.3743655681610107,-0.0013539791107177734
6,31,56,103.0,3.3878378868103027,3.3919105529785156,0.004072666168212891
6,31,57,78.0,3.3106584548950195,3.313812255859375,0.0031538009643554688
6,31,58,239.0,3.107602596282959,3.100342035293579,-0.007260560989379883
6,31,59,271.0,4.418605804443359,4.412778854370117,-0.0058269500732421875
6,31,60,162.0,2.9131579399108887,2.914496898651123,0.001338958740234375
6,31,61,179.0,3.214285135269165,3.218561887741089,0.004276752471923828
6,31,62,218.0,2.5891129970550537,2.596029043197632,0.006916046142578125
6,31,63,81.0,3.4107165336608887,3.4223105907440186,0.011594057083129883
6,31,64,93.0,3.5013821125030518,3.5051774978637695,0.0037953853607177734
6,31,65,72.0,3.358228921890259,3.3593626022338867,0.0011336803436279297
6,31,66,230.0,3.3264732360839844,3.3231842517852783,-0.0032889842987060547
6,31,67,99.0,2.410640239715576,2.373594284057617,-0.037045955657958984
6,31,68,213.0,2.6581079959869385,2.660094976425171,0.001986980438232422
6,31,69,119.0,2.5800669193267822,2.580845355987549,0.0007784366607666016
6,31,70,161.0,2.929652214050293,2.936180830001831,0.006528615951538086
6,31,71,90.0,3.9417757987976074,3.9551000595092773,0.013324260711669922
6,31,72,181.0,2.8265914916992188,2.825622320175171,-0.0009691715240478516
6,31,73,95.0,3.8289499282836914,3.8287289142608643,-0.00022101402282714844
6,31,74,245.0,2.2537572383880615,2.2514593601226807,-0.0022978782653808594
6,31,75,93.0,1.7269396781921387,1.7203612327575684,-0.0065784454345703125
6,31,76,225.0,2.4448561668395996,2.445138931274414,0.0002827644348144531
6,31,77,61.0,3.08821439743042,3.0881011486053467,-0.00011324882507324219
6,31,78,257.0,3.5650999546051025,3.564093589782715,-0.0010063648223876953
6,31,79,165.0,2.7435922622680664,2.755549907684326,0.011957645416259766
6,31,80,117.0,4.079967498779297,4.081326007843018,0.0013585090637207031
6,31,81,89.0,3.1170668601989746,3.121246099472046,0.004179239273071289
6,31,82,291.0,3.542208671569824,3.5589241981506348,0.016715526580810547
6,31,83,93.0,3.1824769973754883,3.174208879470825,-0.008268117904663086
6,31,84,228.0,1.8533809185028076,1.8707290887832642,0.017348170280456543
6,31,85,131.0,2.4851677417755127,2.4852914810180664,0.00012373924255371094
6,31,86,191.0,3.915872573852539,3.931417465209961,0.015544891357421875
6,31,87,238.0,4.8885579109191895,4.8867974281311035,-0.0017604827880859375
6,31,88,210.0,2.9943952560424805,3.0113818645477295,0.016986608505249023
6,31,89,107.0,4.1228203773498535,4.117120742797852,-0.005699634552001953
6,31,90,217.0,2.7718281745910645,2.771461009979248,-0.00036716461181640625
6,31,91,199.0,3.112976312637329,3.107246160507202,-0.005730152130126953
6,31,92,84.0,2.381793260574341,2.3755762577056885,-0.006217002868652344
6,31,93,271.0,3.5375630855560303,3.538904905319214,0.0013418197631835938
6,31,94,226.0,3.105239152908325,3.1054625511169434,0.00022339820861816406
6,31,95,258.0,3.5427961349487305,3.5507802963256836,0.007984161376953125
6,31,96,86.0,3.23514723777771,3.262769937515259,0.027622699737548828
6,31,97,142.0,4.2480573654174805,4.245031833648682,-0.003025531768798828
6,31,98,42.0,1.9809751510620117,1.986909031867981,0.005933880805969238
6,31,99,224.0,2.4784393310546875,2.481091022491455,0.002651691436767578
6,31,100,197.0,1.853989601135254,1.8537298440933228,-0.00025975704193115234
6,31,101,85.0,2.4941816329956055,2.4762380123138428,-0.017943620681762695
6,31,102,195.0,3.122326612472534,3.122476816177368,0.00015020370483398438
6,31,103,102.0,3.1147775650024414,3.152815341949463,0.038037776947021484
6,31,104,181.0,3.189467191696167,3.1846587657928467,-0.0048084259033203125
6,31,105,72.0,1.8649518489837646,1.8587346076965332,-0.006217241287231445
6,31,106,130.0,4.294760227203369,4.288515090942383,-0.006245136260986328
6,31,107,62.0,2.4163553714752197,2.4085652828216553,-0.007790088653564453
6,31,108,263.0,3.546691656112671,3.5469954013824463,0.0003037452697753906
6,31,109,194.0,2.697882890701294,2.705911874771118,0.008028984069824219
6,31,110,174.0,2.602036237716675,2.5928244590759277,-0.00921177864074707
6,31,111,235.0,3.703277826309204,3.6778903007507324,-0.02538752555847168
6,31,112,143.0,3.633587121963501,3.635420322418213,0.001833200454711914
6,31,113,117.0,4.060715675354004,4.069423198699951,0.008707523345947266
6,31,114,160.0,3.7659225463867188,3.7727150917053223,0.006792545318603516
6,31,115,115.0,3.034438133239746,3.036757469177246,0.0023193359375
6,31,116,120.0,3.3571696281433105,3.35882306098938,0.001653432846069336
6,31,117,186.0,3.4980924129486084,3.4966201782226562,-0.0014722347259521484
6,31,118,138.0,3.0037918090820312,2.9974846839904785,-0.006307125091552734
6,31,119,80.0,2.1522231101989746,2.145399570465088,-0.006823539733886719
6,31,120,164.0,2.666628122329712,2.672118663787842,0.005490541458129883
6,31,121,215.0,3.3896234035491943,3.4072885513305664,0.01766514778137207
6,31,122,81.0,3.035551071166992,3.0387189388275146,0.003167867660522461
6,31,123,171.0,2.9384942054748535,2.942727565765381,0.004233360290527344
6,31,124,41.0,5.417657375335693,5.403541564941406,-0.01411581039428711
6,31,125,103.0,3.7517361640930176,3.7486562728881836,-0.0030798912048339844
6,31,126,145.0,2.8366682529449463,2.834723472595215,-0.0019447803497314453
6,31,127,102.0,2.7819013595581055,2.7745981216430664,-0.0073032379150390625
18,0,0,196.0,3.129199504852295,3.123568058013916,-0.005631446838378906
18,0,1,127.0,2.998192548751831,2.997058629989624,-0.0011339187622070312
18,0,2,162.0,2.099813938140869,2.0970869064331055,-0.002727031707763672
18,0,3,92.0,3.952493190765381,3.9557971954345703,0.003304004669189453
18,0,4,194.0,2.782571315765381,2.784970998764038,0.0023996829986572266
18,0,5,115.0,2.7538414001464844,2.759989023208618,0.006147623062133789
18,0,6,109.0,4.127994060516357,4.113441467285156,-0.014552593231201172
18,0,7,48.0,3.018592119216919,3.0094387531280518,-0.009153366088867188
18,0,8,69.0,3.3226022720336914,3.3102240562438965,-0.012378215789794922
18,0,9,85.0,3.0205674171447754,3.0235977172851562,0.0030303001403808594
18,0,10,238.0,2.6267495155334473,2.6276726722717285,0.00092315673828125
18,0,11,233.0,2.4413414001464844,2.4383513927459717,-0.0029900074005126953
18,0,12,208.0,2.959929943084717,2.959000825881958,-0.0009291172027587891
18,0,13,196.0,2.753826141357422,2.7500617504119873,-0.0037643909454345703
18,0,14,131.0,2.9712021350860596,2.9614968299865723,-0.009705305099487305
18,0,15,125.0,2.7515416145324707,2.745414972305298,-0.0061266422271728516
18,0,16,61.0,4.166540145874023,4.160958766937256,-0.005581378936767578
18,0,17,164.0,1.9632303714752197,1.963151454925537,-7.891654968261719e-05
18,0,18,107.0,3.135986328125,3.129798412322998,-0.006187915802001953
18,0,19,48.0,3.4995276927948,3.50174880027771,0.0022211074829101562
18,0,20,74.0,1.9705148935317993,1.9757589101791382,0.005244016647338867
18,0,21,103.0,2.235994577407837,2.2057011127471924,-0.03029346466064453
18,0,22,114.0,3.2786149978637695,3.2815134525299072,0.0028984546661376953
18,0,23,50.0,5.015505313873291,5.009868621826172,-0.005636692047119141
18,0,24,281.0,2.3039751052856445,2.3067257404327393,0.0027506351470947266
18,0,25,247.0,1.9686022996902466,1.969491720199585,0.0008894205093383789
18,0,26,173.0,3.4113833904266357,3.4059247970581055,-0.0054585933685302734
18,0,27,166.0,3.050419330596924,3.051576614379883,0.0011572837829589844
18,0,28,98.0,2.611907482147217,2.620237350463867,0.00832986831665039
18,0,29,174.0,3.051379919052124,3.0452539920806885,-0.006125926971435547
18,0,30,173.0,2.750077724456787,2.746610164642334,-0.003467559814453125
18,0,31,215.0,3.4014222621917725,3.4009509086608887,-0.00047135353088378906
18,0,32,186.0,2.6455953121185303,2.645355224609375,-0.00024008750915527344
18,0,33,153.0,2.4407522678375244,2.433143138885498,-0.007609128952026367
18,0,34,147.0,2.7246551513671875,2.7245376110076904,-0.00011754035949707031
18,0,35,50.0,4.024989604949951,4.017042636871338,-0.007946968078613281
18,0,36,86.0,2.0081088542938232,2.049288034439087,0.04117918014526367
18,0,37,154.0,3.517357349395752,3.5182955265045166,0.0009381771087646484
18,0,38,265.0,2.388361930847168,2.3914976119995117,0.00313568115234375
18,0,39,199.0,3.1552681922912598,3.1561663150787354,0.0008981227874755859
18,0,40,138.0,2.536069631576538,2.5186386108398438,-0.017431020736694336
18,0,41,98.0,3.269590377807617,3.2746293544769287,0.0050389766693115234
18,0,42,167.0,2.519949436187744,2.523879051208496,0.003929615020751953
18,0,43,288.0,3.7899160385131836,3.7889556884765625,-0.0009603500366210938
18,0,44,225.0,2.509033441543579,2.5129339694976807,0.0039005279541015625
18,0,45,191.0,3.1287972927093506,3.1275553703308105,-0.001241922378540039
18,0,46,92.0,4.466386795043945,4.462955951690674,-0.0034308433532714844
18,0,47,41.0,4.971887588500977,4.971169948577881,-0.0007176399230957031
18,0,48,231.0,2.9811513423919678,2.972551107406616,-0.008600234985351562
18,0,49,101.0,2.116225004196167,2.1109304428100586,-0.0052945613861083984
18,0,50,177.0,2.9830946922302246,2.980388641357422,-0.0027060508728027344
18,0,51,252.0,3.516876697540283,3.5185930728912354,0.0017163753509521484
18,0,52,259.0,2.737027645111084,2.73432993888855,-0.0026977062225341797
18,0,53,47.0,1.9067243337631226,1.8822025060653687,-0.024521827697753906
18,0,54,164.0,2.2345211505889893,2.2263553142547607,-0.008165836334228516
18,0,55,94.0,3.3757195472717285,3.376852512359619,0.001132965087890625
18,0,56,103.0,3.3878378868103027,3.38761305809021,-0.00022482872009277344
18,0,57,78.0,3.3106584548950195,3.3116493225097656,0.0009908676147460938
18,0,58,239.0,3.107602596282959,3.100292205810547,-0.007310390472412109
18,0,59,271.0,4.418605804443359,4.42175817489624,0.0031523704528808594
18,0,60,162.0,2.9131579399108887,2.912121057510376,-0.0010368824005126953
18,0,61,179.0,3.214285135269165,3.20828914642334,-0.005995988845825195
18,0,62,218.0,2.5891129970550537,2.5880126953125,-0.001100301742553711
18,0,63,81.0,3.4107165336608887,3.402982711791992,-0.007733821868896484
18,0,64,93.0,3.5013821125030518,3.5008597373962402,-0.0005223751068115234
18,0,65,72.0,3.358228921890259,3.3520851135253906,-0.006143808364868164
18,0,66,230.0,3.3264732360839844,3.3241491317749023,-0.0023241043090820312
18,0,67,99.0,2.410640239715576,2.380950689315796,-0.029689550399780273
18,0,68,213.0,2.6581079959869385,2.6633248329162598,0.005216836929321289
18,0,69,119.0,2.5800669193267822,2.587679386138916,0.007612466812133789
18,0,70,161.0,2.929652214050293,2.932945728302002,0.0032935142517089844
18,0,71,90.0,3.9417757987976074,3.948476791381836,0.006700992584228516
18,0,72,181.0,2.8265914916992188,2.8227593898773193,-0.003832101821899414
18,0,73,95.0,3.8289499282836914,3.8292698860168457,0.0003199577331542969
18,0,74,245.0,2.2537572383880615,2.254833459854126,0.0010762214660644531
18,0,75,93.0,1.7269396781921387,1.733640432357788,0.006700754165649414
18,0,76,225.0,2.4448561668395996,2.4432384967803955,-0.0016176700592041016
18,0,77,61.0,3.08821439743042,3.0932223796844482,0.00500798225402832
18,0,78,257.0,3.5650999546051025,3.5646090507507324,-0.0004909038543701172
18,0,79,165.0,2.7435922622680664,2.7380988597869873,-0.0054934024810791016
18,0,80,117.0,4.079967498779297,4.087941646575928,0.00797414779663086
18,0,81,89.0,3.1170668601989746,3.114105463027954,-0.002961397171020508
18,0,82,291.0,3.542208671569824,3.5501649379730225,0.007956266403198242
18,0,83,93.0,3.1824769973754883,3.18473482131958,0.002257823944091797
18,0,84,228.0,1.8533809185028076,1.8458750247955322,-0.007505893707275391
18,0,85,131.0,2.4851677417755127,2.489732503890991,0.004564762115478516
18,0,86,191.0,3.915872573852539,3.908623456954956,-0.007249116897583008
18,0,87,238.0,4.8885579109191895,4.879101276397705,-0.009456634521484375
18,0,88,210.0,2.9943952560424805,2.9937946796417236,-0.0006005764007568359
18,0,89,107.0,4.1228203773498535,4.125554084777832,0.0027337074279785156
18,0,90,217.0,2.7718281745910645,2.7730839252471924,0.0012557506561279297
18,0,91,199.0,3.112976312637329,3.1108803749084473,-0.002095937728881836
18,0,92,84.0,2.381793260574341,2.38240385055542,0.0006105899810791016
18,0,93,271.0,3.5375630855560303,3.5359580516815186,-0.0016050338745117188
18,0,94,226.0,3.105239152908325,3.1039741039276123,-0.0012650489807128906
18,0,95,258.0,3.5427961349487305,3.5470454692840576,0.0042493343353271484
18,0,96,86.0,3.23514723777771,3.2333641052246094,-0.001783132553100586
18,0,97,142.0,4.2480573654174805,4.247350215911865,-0.0007071495056152344
18,0,98,42.0,1.9809751510620117,1.9946091175079346,0.013633966445922852
18,0,99,224.0,2.4784393310546875,2.4742653369903564,-0.004173994064331055
18,0,100,197.0,1.853989601135254,1.8453669548034668,-0.00862264633178711
18,0,101,85.0,2.4941816329956055,2.4926223754882812,-0.0015592575073242188
18,0,102,195.0,3.122326612472534,3.122926950454712,0.0006003379821777344
18,0,103,102.0,3.1147775650024414,3.125709295272827,0.010931730270385742
18,0,104,181.0,3.189467191696167,3.1882741451263428,-0.0011930465698242188
18,0,105,72.0,1.8649518489837646,1.8584692478179932,-0.006482601165771484
18,0,106,130.0,4.294760227203369,4.29629373550415,0.00153350830078125
18,0,107,62.0,2.4163553714752197,2.4196860790252686,0.003330707550048828
18,0,108,263.0,3.546691656112671,3.5483267307281494,0.0016350746154785156
18,0,109,194.0,2.697882890701294,2.6965389251708984,-0.0013439655303955078
18,0,110,174.0,2.602036237716675,2.600311517715454,-0.0017247200012207031
18,0,111,235.0,3.703277826309204,3.695692539215088,-0.007585287094116211
18,0,112,143.0,3.633587121963501,3.625528335571289,-0.008058786392211914
18,0,113,117.0,4.060715675354004,4.04896879196167,-0.011746883392333984
18,0,114,160.0,3.7659225463867188,3.759207248687744,-0.006715297698974609
18,0,115,115.0,3.034438133239746,3.0353565216064453,0.0009183883666992188
18,0,116,120.0,3.3571696281433105,3.3595798015594482,0.0024101734161376953
18,0,117,186.0,3.4980924129486084,3.497857093811035,-0.0002353191375732422
18,0,118,138.0,3.0037918090820312,3.0031545162200928,-0.0006372928619384766
18,0,119,80.0,2.1522231101989746,2.1662583351135254,0.014035224914550781
18,0,120,164.0,2.666628122329712,2.6676571369171143,0.0010290145874023438
18,0,121,215.0,3.3896234035491943,3.390625476837158,0.0010020732879638672
18,0,122,81.0,3.035551071166992,3.0324671268463135,-0.003083944320678711
18,0,123,171.0,2.9384942054748535,2.9454050064086914,0.006910800933837891
18,0,124,41.0,5.417657375335693,5.32604455947876,-0.0916128158569336
18,0,125,103.0,3.7517361640930176,3.7591052055358887,0.007369041442871094
18,0,126,145.0,2.8366682529449463,2.8317341804504395,-0.004934072494506836
18,0,127,102.0,2.7819013595581055,2.769150733947754,-0.012750625610351562
18,1,0,196.0,3.129199504852295,3.1238200664520264,-0.005379438400268555
18,1,1,127.0,2.998192548751831,2.9972779750823975,-0.0009145736694335938
18,1,2,162.0,2.099813938140869,2.103870153427124,0.004056215286254883
18,1,3,92.0,3.952493190765381,3.950108766555786,-0.0023844242095947266
18,1,4,194.0,2.782571315765381,2.782907485961914,0.0003361701965332031
18,1,5,115.0,2.7538414001464844,2.7550368309020996,0.0011954307556152344
18,1,6,109.0,4.127994060516357,4.1267571449279785,-0.0012369155883789062
18,1,7,48.0,3.018592119216919,3.01462459564209,-0.0039675235748291016
18,1,8,69.0,3.3226022720336914,3.3151614665985107,-0.007440805435180664
18,1,9,85.0,3.0205674171447754,3.0213968753814697,0.0008294582366943359
18,1,10,238.0,2.6267495155334473,2.627349376678467,0.0005998611450195312
18,1,11,233.0,2.4413414001464844,2.440701961517334,-0.0006394386291503906
18,1,12,208.0,2.959929943084717,2.9608426094055176,0.0009126663208007812
18,1,13,196.0,2.753826141357422,2.7514705657958984,-0.0023555755615234375
18,1,14,131.0,2.9712021350860596,2.9717836380004883,0.0005815029144287109
18,1,15,125.0,2.7515416145324707,2.7509889602661133,-0.0005526542663574219
18,1,16,61.0,4.166540145874023,4.176187515258789,0.009647369384765625
18,1,17,164.0,1.9632303714752197,1.9623117446899414,-0.0009186267852783203
18,1,18,107.0,3.135986328125,3.136805534362793,0.0008192062377929688
18,1,19,48.0,3.4995276927948,3.503054618835449,0.003526926040649414
18,1,20,74.0,1.9705148935317993,1.9736802577972412,0.0031653642654418945
18,1,21,103.0,2.235994577407837,2.235822916030884,-0.000171661376953125
18,1,22,114.0,3.2786149978637695,3.2813141345977783,0.002699136734008789
18,1,23,50.0,5.015505313873291,5.010473728179932,-0.005031585693359375
18,1,24,281.0,2.3039751052856445,2.3006157875061035,-0.0033593177795410156
18,1,25,247.0,1.9686022996902466,1.964673399925232,-0.0039288997650146484
18,1,26,173.0,3.4113833904266357,3.4165568351745605,0.005173444747924805
18,1,27,166.0,3.050419330596924,3.053483009338379,0.003063678741455078
18,1,28,98.0,2.611907482147217,2.612058639526367,0.00015115737915039062
18,1,29,174.0,3.051379919052124,3.0558056831359863,0.004425764083862305
18,1,30,173.0,2.750077724456787,2.750227451324463,0.00014972686767578125
18,1,31,215.0,3.4014222621917725,3.4021456241607666,0.0007233619689941406
18,1,32,186.0,2.6455953121185303,2.649123430252075,0.003528118133544922
18,1,33,153.0,2.4407522678375244,2.43984317779541,-0.0009090900421142578
18,1,34,147.0,2.7246551513671875,2.7290656566619873,0.004410505294799805
18,1,35,50.0,4.024989604949951,4.016438007354736,-0.008551597595214844
18,1,36,86.0,2.0081088542938232,2.012599468231201,0.00449061393737793
18,1,37,154.0,3.517357349395752,3.5181891918182373,0.0008318424224853516
18,1,38,265.0,2.388361930847168,2.384100914001465,-0.004261016845703125
18,1,39,199.0,3.1552681922912598,3.1573541164398193,0.0020859241485595703
18,1,40,138.0,2.536069631576538,2.5288753509521484,-0.0071942806243896484
18,1,41,98.0,3.269590377807617,3.2756359577178955,0.00604557991027832
18,1,42,167.0,2.519949436187744,2.51362943649292,-0.006319999694824219
18,1,43,288.0,3.7899160385131836,3.789902687072754,-1.33514404296875e-05
18,1,44,225.0,2.509033441543579,2.5105831623077393,0.0015497207641601562
18,1,45,191.0,3.1287972927093506,3.127185821533203,-0.001611471176147461
18,1,46,92.0,4.466386795043945,4.466041088104248,-0.0003457069396972656
18,1,47,41.0,4.971887588500977,4.97319221496582,0.00130462646484375
18,1,48,231.0,2.9811513423919678,2.9887185096740723,0.007567167282104492
18,1,49,101.0,2.116225004196167,2.1141574382781982,-0.00206756591796875
18,1,50,177.0,2.9830946922302246,2.979532480239868,-0.0035622119903564453
18,1,51,252.0,3.516876697540283,3.5195841789245605,0.0027074813842773438
18,1,52,259.0,2.737027645111084,2.737729787826538,0.0007021427154541016
18,1,53,47.0,1.9067243337631226,1.8975355625152588,-0.00918877124786377
18,1,54,164.0,2.2345211505889893,2.232231616973877,-0.0022895336151123047
18,1,55,94.0,3.3757195472717285,3.376986503601074,0.0012669563293457031
18,1,56,103.0,3.3878378868103027,3.3927931785583496,0.004955291748046875
18,1,57,78.0,3.3106584548950195,3.3040826320648193,-0.006575822830200195
18,1,58,239.0,3.107602596282959,3.104428768157959,-0.003173828125
18,1,59,271.0,4.418605804443359,4.422840595245361,0.004234790802001953
18,1,60,162.0,2.9131579399108887,2.912653684616089,-0.0005042552947998047
18,1,61,179.0,3.214285135269165,3.2150332927703857,0.0007481575012207031
18,1,62,218.0,2.5891129970550537,2.58851957321167,-0.0005934238433837891
18,1,63,81.0,3.4107165336608887,3.4058449268341064,-0.0048716068267822266
18,1,64,93.0,3.5013821125030518,3.5069808959960938,0.005598783493041992
18,1,65,72.0,3.358228921890259,3.3544833660125732,-0.003745555877685547
18,1,66,230.0,3.3264732360839844,3.330655574798584,0.004182338714599609
18,1,67,99.0,2.410640239715576,2.4226160049438477,0.011975765228271484
18,1,68,213.0,2.6581079959869385,2.657036066055298,-0.001071929931640625
18,1,69,119.0,2.5800669193267822,2.579683303833008,-0.00038361549377441406
18,1,70,161.0,2.929652214050293,2.9337432384490967,0.004091024398803711
18,1,71,90.0,3.9417757987976074,3.9510905742645264,0.009314775466918945
18,1,72,181.0,2.8265914916992188,2.8306899070739746,0.004098415374755859
18,1,73,95.0,3.8289499282836914,3.829275369644165,0.0003254413604736328
18,1,74,245.0,2.2537572383880615,2.2524404525756836,-0.0013167858123779297
18,1,75,93.0,1.7269396781921387,1.7225100994110107,-0.00442957878112793
18,1,76,225.0,2.4448561668395996,2.435377836227417,-0.009478330612182617
18,1,77,61.0,3.08821439743042,3.1007397174835205,0.012525320053100586
18,1,78,257.0,3.5650999546051025,3.5598552227020264,-0.005244731903076172
18,1,79,165.0,2.7435922622680664,2.7431280612945557,-0.0004642009735107422
18,1,80,117.0,4.079967498779297,4.08156681060791,0.0015993118286132812
18,1,81,89.0,3.1170668601989746,3.117428779602051,0.0003619194030761719
18,1,82,291.0,3.542208671569824,3.5465595722198486,0.004350900650024414
18,1,83,93.0,3.1824769973754883,3.1866960525512695,0.00421905517578125
18,1,84,228.0,1.8533809185028076,1.8480403423309326,-0.005340576171875
18,1,85,131.0,2.4851677417755127,2.4859251976013184,0.0007574558258056641
18,1,86,191.0,3.915872573852539,3.911090612411499,-0.004781961441040039
18,1,87,238.0,4.8885579109191895,4.884753227233887,-0.0038046836853027344
18,1,88,210.0,2.9943952560424805,3.004437208175659,0.010041952133178711
18,1,89,107.0,4.1228203773498535,4.123824119567871,0.0010037422180175781
18,1,90,217.0,2.7718281745910645,2.7759151458740234,0.004086971282958984
18,1,91,199.0,3.112976312637329,3.111220359802246,-0.0017559528350830078
18,1,92,84.0,2.381793260574341,2.3792355060577393,-0.0025577545166015625
18,1,93,271.0,3.5375630855560303,3.5363242626190186,-0.0012388229370117188
18,1,94,226.0,3.105239152908325,3.1023950576782227,-0.002844095230102539
18,1,95,258.0,3.5427961349487305,3.5406436920166016,-0.0021524429321289062
18,1,96,86.0,3.23514723777771,3.228790283203125,-0.006356954574584961
18,1,97,142.0,4.2480573654174805,4.251511096954346,0.0034537315368652344
18,1,98,42.0,1.9809751510620117,1.9746956825256348,-0.006279468536376953
18,1,99,224.0,2.4784393310546875,2.472940683364868,-0.005498647689819336
18,1,100,197.0,1.853989601135254,1.8534835577011108,-0.0005060434341430664
18,1,101,85.0,2.4941816329956055,2.4867498874664307,-0.007431745529174805
18,1,102,195.0,3.122326612472534,3.1266930103302,0.004366397857666016
18,1,103,102.0,3.1147775650024414,3.10693621635437,-0.007841348648071289
18,1,104,181.0,3.189467191696167,3.191932201385498,0.0024650096893310547
18,1,105,72.0,1.8649518489837646,1.8591551780700684,-0.005796670913696289
18,1,106,130.0,4.294760227203369,4.291285991668701,-0.0034742355346679688
18,1,107,62.0,2.4163553714752197,2.4161880016326904,-0.00016736984252929688
18,1,108,263.0,3.546691656112671,3.5458686351776123,-0.0008230209350585938
18,1,109,194.0,2.697882890701294,2.6986172199249268,0.0007343292236328125
18,1,110,174.0,2.602036237716675,2.607541799545288,0.005505561828613281
18,1,111,235.0,3.703277826309204,3.689824104309082,-0.01345372200012207
18,1,112,143.0,3.633587121963501,3.645296096801758,0.011708974838256836
18,1,113,117.0,4.060715675354004,4.064879894256592,0.004164218902587891
18,1,114,160.0,3.7659225463867188,3.7728161811828613,0.006893634796142578
18,1,115,115.0,3.034438133239746,3.0409774780273438,0.006539344787597656
18,1,116,120.0,3.3571696281433105,3.360910654067993,0.003741025924682617
18,1,117,186.0,3.4980924129486084,3.5051915645599365,0.007099151611328125
18,1,118,138.0,3.0037918090820312,3.0000040531158447,-0.0037877559661865234
18,1,119,80.0,2.1522231101989746,2.1563117504119873,0.004088640213012695
18,1,120,164.0,2.666628122329712,2.6635079383850098,-0.0031201839447021484
18,1,121,215.0,3.3896234035491943,3.390294075012207,0.0006706714630126953
18,1,122,81.0,3.035551071166992,3.042241096496582,0.006690025329589844
18,1,123,171.0,2.9384942054748535,2.941795587539673,0.003301382064819336
18,1,124,41.0,5.417657375335693,5.445374011993408,0.027716636657714844
18,1,125,103.0,3.7517361640930176,3.7605857849121094,0.008849620819091797
18,1,126,145.0,2.8366682529449463,2.841477870941162,0.00480961799621582
18,1,127,102.0,2.7819013595581055,2.777894973754883,-0.004006385803222656
18,2,0,196.0,3.129199504852295,3.1337695121765137,0.00457000732421875
18,2,1,127.0,2.998192548751831,3.0049901008605957,0.0067975521087646484
18,2,2,162.0,2.099813938140869,2.107966184616089,0.008152246475219727
18,2,3,92.0,3.952493190765381,3.9455552101135254,-0.006937980651855469
18,2,4,194.0,2.782571315765381,2.7970573902130127,0.014486074447631836
18,2,5,115.0,2.7538414001464844,2.7652926445007324,0.011451244354248047
18,2,6,109.0,4.127994060516357,4.133614540100098,0.005620479583740234
18,2,7,48.0,3.018592119216919,3.020798444747925,0.0022063255310058594
18,2,8,69.0,3.3226022720336914,3.3141300678253174,-0.008472204208374023
18,2,9,85.0,3.0205674171447754,3.0156936645507812,-0.004873752593994141
18,2,10,238.0,2.6267495155334473,2.645293951034546,0.018544435501098633
18,2,11,233.0,2.4413414001464844,2.441614866256714,0.0002734661102294922
18,2,12,208.0,2.959929943084717,2.9713540077209473,0.011424064636230469
18,2,13,196.0,2.753826141357422,2.749793529510498,-0.004032611846923828
18,2,14,131.0,2.9712021350860596,2.978736162185669,0.007534027099609375
18,2,15,125.0,2.7515416145324707,2.7531754970550537,0.0016338825225830078
18,2,16,61.0,4.166540145874023,4.161876201629639,-0.004663944244384766
18,2,17,164.0,1.9632303714752197,1.9698024988174438,0.006572127342224121
18,2,18,107.0,3.135986328125,3.1244475841522217,-0.01153874397277832
18,2,19,48.0,3.4995276927948,3.5229060649871826,0.023378372192382812
18,2,20,74.0,1.9705148935317993,1.9788179397583008,0.008303046226501465
18,2,21,103.0,2.235994577407837,2.2220959663391113,-0.013898611068725586
18,2,22,114.0,3.2786149978637695,3.2972614765167236,0.0186464786529541
18,2,23,50.0,5.015505313873291,5.021538734436035,0.006033420562744141
18,2,24,281.0,2.3039751052856445,2.3096542358398438,0.005679130554199219
18,2,25,247.0,1.9686022996902466,1.9764376878738403,0.00783538818359375
18,2,26,173.0,3.4113833904266357,3.4116129875183105,0.0002295970916748047
18,2,27,166.0,3.050419330596924,3.060046911239624,0.009627580642700195
18,2,28,98.0,2.611907482147217,2.619623899459839,0.00771641731262207
18,2,29,174.0,3.051379919052124,3.0654513835906982,0.014071464538574219
18,2,30,173.0,2.750077724456787,2.760697841644287,0.0106201171875
18,2,31,215.0,3.4014222621917725,3.4117839336395264,0.010361671447753906
18,2,32,186.0,2.6455953121185303,2.656932830810547,0.011337518692016602
18,2,33,153.0,2.4407522678375244,2.4439966678619385,0.0032444000244140625
18,2,34,147.0,2.7246551513671875,2.742908239364624,0.018253087997436523
18,2,35,50.0,4.024989604949951,4.023411750793457,-0.0015778541564941406
18,2,36,86.0,2.0081088542938232,2.069997787475586,0.061888933181762695
18,2,37,154.0,3.517357349395752,3.5432021617889404,0.025844812393188477
18,2,38,265.0,2.388361930847168,2.3986103534698486,0.010248422622680664
18,2,39,199.0,3.1552681922912598,3.1574463844299316,0.002178192138671875
18,2,40,138.0,2.536069631576538,2.540766716003418,0.004697084426879883
18,2,41,98.0,3.269590377807617,3.2732350826263428,0.003644704818725586
18,2,42,167.0,2.519949436187744,2.539719343185425,0.019769906997680664
18,2,43,288.0,3.7899160385131836,3.795781373977661,0.005865335464477539
18,2,44,225.0,2.509033441543579,2.506779432296753,-0.002254009246826172
18,2,45,191.0,3.1287972927093506,3.1355338096618652,0.0067365169525146484
18,2,46,92.0,4.466386795043945,4.4835591316223145,0.01717233657836914
18,2,47,41.0,4.971887588500977,5.029524326324463,0.05763673782348633
18,2,48,231.0,2.9811513423919678,2.9838662147521973,0.002714872360229492
18,2,49,101.0,2.116225004196167,2.1146774291992188,-0.0015475749969482422
18,2,50,177.0,2.9830946922302246,2.999079704284668,0.01598501205444336
18,2,51,252.0,3.516876697540283,3.548508882522583,0.031632184982299805
18,2,52,259.0,2.737027645111084,2.7492973804473877,0.012269735336303711
18,2,53,47.0,1.9067243337631226,1.90846848487854,0.0017441511154174805
18,2,54,164.0,2.2345211505889893,2.237922191619873,0.003401041030883789
18,2,55,94.0,3.3757195472717285,3.367805004119873,-0.007914543151855469
18,2,56,103.0,3.3878378868103027,3.397754192352295,0.009916305541992188
18,2,57,78.0,3.3106584548950195,3.3183770179748535,0.007718563079833984
18,2,58,239.0,3.107602596282959,3.1057634353637695,-0.0018391609191894531
18,2,59,271.0,4.418605804443359,4.4109787940979,-0.007627010345458984
18,2,60,162.0,2.9131579399108887,2.9229483604431152,0.009790420532226562
18,2,61,179.0,3.214285135269165,3.209484577178955,-0.004800558090209961
18,2,62,218.0,2.5891129970550537,2.5940234661102295,0.004910469055175781
18,2,63,81.0,3.4107165336608887,3.4085068702697754,-0.0022096633911132812
18,2,64,93.0,3.5013821125030518,3.5148637294769287,0.013481616973876953
18,2,65,72.0,3.358228921890259,3.370181083679199,0.01195216178894043
18,2,66,230.0,3.3264732360839844,3.3366994857788086,0.010226249694824219
18,2,67,99.0,2.410640239715576,2.3757643699645996,-0.03487586975097656
18,2,68,213.0,2.6581079959869385,2.669736385345459,0.011628389358520508
18,2,69,119.0,2.5800669193267822,2.5756776332855225,-0.004389286041259766
18,2,70,161.0,2.929652214050293,2.943115711212158,0.013463497161865234
18,2,71,90.0,3.9417757987976074,3.96551513671875,0.023739337921142578
18,2,72,181.0,2.8265914916992188,2.8259036540985107,-0.0006878376007080078
18,2,73,95.0,3.8289499282836914,3.825042486190796,-0.003907442092895508
18,2,74,245.0,2.2537572383880615,2.2510464191436768,-0.0027108192443847656
18,2,75,93.0,1.7269396781921387,1.7313292026519775,0.004389524459838867
18,2,76,225.0,2.4448561668395996,2.457124948501587,0.012268781661987305
18,2,77,61.0,3.08821439743042,3.10081148147583,0.012597084045410156
18,2,78,257.0,3.5650999546051025,3.5792295932769775,0.014129638671875
18,2,79,165.0,2.7435922622680664,2.733861207962036,-0.009731054306030273
18,2,80,117.0,4.079967498779297,4.0821146965026855,0.002147197723388672
18,2,81,89.0,3.1170668601989746,3.132922887802124,0.015856027603149414
18,2,82,291.0,3.542208671569824,3.546975612640381,0.004766941070556641
18,2,83,93.0,3.1824769973754883,3.2046587467193604,0.02218174934387207
18,2,84,228.0,1.8533809185028076,1.8588955402374268,0.005514621734619141
18,2,85,131.0,2.4851677417755127,2.4935014247894287,0.008333683013916016
18,2,86,191.0,3.915872573852539,3.930532455444336,0.014659881591796875
18,2,87,238.0,4.8885579109191895,4.896298408508301,0.007740497589111328
18,2,88,210.0,2.9943952560424805,2.9919509887695312,-0.0024442672729492188
18,2,89,107.0,4.1228203773498535,4.140204429626465,0.017384052276611328
18,2,90,217.0,2.7718281745910645,2.78294038772583,0.011112213134765625
18,2,91,199.0,3.112976312637329,3.128882646560669,0.015906333923339844
18,2,92,84.0,2.381793260574341,2.392782211303711,0.010988950729370117
18,2,93,271.0,3.5375630855560303,3.540926456451416,0.003363370895385742
18,2,94,226.0,3.105239152908325,3.1093671321868896,0.004127979278564453
18,2,95,258.0,3.5427961349487305,3.553541898727417,0.010745763778686523
18,2,96,86.0,3.23514723777771,3.2437431812286377,0.008595943450927734
18,2,97,142.0,4.2480573654174805,4.260441303253174,0.01238393783569336
18,2,98,42.0,1.9809751510620117,1.9953012466430664,0.014326095581054688
18,2,99,224.0,2.4784393310546875,2.4899654388427734,0.011526107788085938
18,2,100,197.0,1.853989601135254,1.859279990196228,0.005290389060974121
18,2,101,85.0,2.4941816329956055,2.50352144241333,0.00933980941772461
18,2,102,195.0,3.122326612472534,3.133604049682617,0.011277437210083008
18,2,103,102.0,3.1147775650024414,3.129136085510254,0.0143585205078125
18,2,104,181.0,3.189467191696167,3.196753740310669,0.007286548614501953
18,2,105,72.0,1.8649518489837646,1.860280156135559,-0.004671692848205566
18,2,106,130.0,4.294760227203369,4.321981906890869,0.0272216796875
18,2,107,62.0,2.4163553714752197,2.4077231884002686,-0.008632183074951172
18,2,108,263.0,3.546691656112671,3.5574936866760254,0.010802030563354492
18,2,109,194.0,2.697882890701294,2.702313184738159,0.004430294036865234
18,2,110,174.0,2.602036237716675,2.6102988719940186,0.00826263427734375
18,2,111,235.0,3.703277826309204,3.77578067779541,0.07250285148620605
18,2,112,143.0,3.633587121963501,3.6449999809265137,0.011412858963012695
18,2,113,117.0,4.060715675354004,4.080082893371582,0.019367218017578125
18,2,114,160.0,3.7659225463867188,3.7685248851776123,0.0026023387908935547
18,2,115,115.0,3.034438133239746,3.0495657920837402,0.01512765884399414
18,2,116,120.0,3.3571696281433105,3.358017921447754,0.0008482933044433594
18,2,117,186.0,3.4980924129486084,3.50689697265625,0.008804559707641602
18,2,118,138.0,3.0037918090820312,3.010202169418335,0.006410360336303711
18,2,119,80.0,2.1522231101989746,2.1524741649627686,0.0002510547637939453
18,2,120,164.0,2.666628122329712,2.6765449047088623,0.00991678237915039
18,2,121,215.0,3.3896234035491943,3.398895025253296,0.009271621704101562
18,2,122,81.0,3.035551071166992,3.0575244426727295,0.021973371505737305
18,2,123,171.0,2.9384942054748535,2.9418864250183105,0.0033922195434570312
18,2,124,41.0,5.417657375335693,5.374944686889648,-0.04271268844604492
18,2,125,103.0,3.7517361640930176,3.7554149627685547,0.0036787986755371094
18,2,126,145.0,2.8366682529449463,2.8337700366973877,-0.0028982162475585938
18,2,127,102.0,2.7819013595581055,2.7865779399871826,0.0046765804290771484
18,3,0,196.0,3.129199504852295,3.126418352127075,-0.0027811527252197266
18,3,1,127.0,2.998192548751831,2.9967756271362305,-0.001416921615600586
18,3,2,162.0,2.099813938140869,2.1015543937683105,0.0017404556274414062
18,3,3,92.0,3.952493190765381,3.9439618587493896,-0.008531332015991211
18,3,4,194.0,2.782571315765381,2.7833151817321777,0.000743865966796875
18,3,5,115.0,2.7538414001464844,2.746635913848877,-0.007205486297607422
18,3,6,109.0,4.127994060516357,4.118095397949219,-0.009898662567138672
18,3,7,48.0,3.018592119216919,3.0208685398101807,0.0022764205932617188
18,3,8,69.0,3.3226022720336914,3.3149595260620117,-0.0076427459716796875
18,3,9,85.0,3.0205674171447754,3.0030364990234375,-0.01753091812133789
18,3,10,238.0,2.6267495155334473,2.6246702671051025,-0.0020792484283447266
18,3,11,233.0,2.4413414001464844,2.443891763687134,0.002550363540649414
18,3,12,208.0,2.959929943084717,2.9555904865264893,-0.004339456558227539
18,3,13,196.0,2.753826141357422,2.748427391052246,-0.005398750305175781
18,3,14,131.0,2.9712021350860596,2.964545488357544,-0.006656646728515625
18,3,15,125.0,2.7515416145324707,2.748767137527466,-0.002774477005004883
18,3,16,61.0,4.166540145874023,4.153341770172119,-0.013198375701904297
18,3,17,164.0,1.9632303714752197,1.9626706838607788,-0.000559687614440918
18,3,18,107.0,3.135986328125,3.1266613006591797,-0.009325027465820312
18,3,19,48.0,3.4995276927948,3.495824098587036,-0.003703594207763672
18,3,20,74.0,1.9705148935317993,1.9668033123016357,-0.0037115812301635742
18,3,21,103.0,2.235994577407837,2.2639551162719727,0.027960538864135742
18,3,22,114.0,3.2786149978637695,3.272128105163574,-0.0064868927001953125
18,3,23,50.0,5.015505313873291,5.001513481140137,-0.013991832733154297
18,3,24,281.0,2.3039751052856445,2.30568528175354,0.0017101764678955078
18,3,25,247.0,1.9686022996902466,1.9671069383621216,-0.001495361328125
18,3,26,173.0,3.4113833904266357,3.4107513427734375,-0.0006320476531982422
18,3,27,166.0,3.050419330596924,3.040969133377075,-0.009450197219848633
18,3,28,98.0,2.611907482147217,2.6092567443847656,-0.002650737762451172
18,3,29,174.0,3.051379919052124,3.0539116859436035,0.002531766891479492
18,3,30,173.0,2.750077724456787,2.747903347015381,-0.00217437744140625
18,3,31,215.0,3.4014222621917725,3.4081430435180664,0.006720781326293945
18,3,32,186.0,2.6455953121185303,2.642454147338867,-0.003141164779663086
18,3,33,153.0,2.4407522678375244,2.4303033351898193,-0.010448932647705078
18,3,34,147.0,2.7246551513671875,2.7239034175872803,-0.0007517337799072266
18,3,35,50.0,4.024989604949951,4.028232097625732,0.00324249267578125
18,3,36,86.0,2.0081088542938232,2.034510374069214,0.026401519775390625
18,3,37,154.0,3.517357349395752,3.5115432739257812,-0.005814075469970703
18,3,38,265.0,2.388361930847168,2.3867783546447754,-0.0015835762023925781
18,3,39,199.0,3.1552681922912598,3.15452241897583,-0.0007457733154296875
18,3,40,138.0,2.536069631576538,2.535963535308838,-0.00010609626770019531
18,3,41,98.0,3.269590377807617,3.270482063293457,0.0008916854858398438
18,3,42,167.0,2.519949436187744,2.525373935699463,0.00542449951171875
18,3,43,288.0,3.7899160385131836,3.795821189880371,0.0059051513671875
18,3,44,225.0,2.509033441543579,2.5021564960479736,-0.006876945495605469
18,3,45,191.0,3.1287972927093506,3.129547595977783,0.0007503032684326172
18,3,46,92.0,4.466386795043945,4.470883369445801,0.004496574401855469
18,3,47,41.0,4.971887588500977,4.973763942718506,0.0018763542175292969
18,3,48,231.0,2.9811513423919678,2.9835033416748047,0.002351999282836914
18,3,49,101.0,2.116225004196167,2.1112451553344727,-0.004979848861694336
18,3,50,177.0,2.9830946922302246,2.979696273803711,-0.003398418426513672
18,3,51,252.0,3.516876697540283,3.517655849456787,0.0007791519165039062
18,3,52,259.0,2.737027645111084,2.7336902618408203,-0.003337383270263672
18,3,53,47.0,1.9067243337631226,1.8916608095169067,-0.01506352424621582
18,3,54,164.0,2.2345211505889893,2.228189706802368,-0.006331443786621094
18,3,55,94.0,3.3757195472717285,3.378432512283325,0.0027129650115966797
18,3,56,103.0,3.3878378868103027,3.388258218765259,0.0004203319549560547
18,3,57,78.0,3.3106584548950195,3.3044633865356445,-0.006195068359375
18,3,58,239.0,3.107602596282959,3.09744930267334,-0.01015329360961914
18,3,59,271.0,4.418605804443359,4.416658401489258,-0.0019474029541015625
18,3,60,162.0,2.9131579399108887,2.906346559524536,-0.006811380386352539
18,3,61,179.0,3.214285135269165,3.2093920707702637,-0.004893064498901367
18,3,62,218.0,2.5891129970550537,2.5840022563934326,-0.005110740661621094
18,3,63,81.0,3.4107165336608887,3.397225856781006,-0.013490676879882812
18,3,64,93.0,3.5013821125030518,3.494626998901367,-0.00675511360168457
18,3,65,72.0,3.358228921890259,3.3549649715423584,-0.0032639503479003906
18,3,66,230.0,3.3264732360839844,3.3215787410736084,-0.0048944950103759766
18,3,67,99.0,2.410640239715576,2.416996717453003,0.006356477737426758
18,3,68,213.0,2.6581079959869385,2.660334587097168,0.002226591110229492
18,3,69,119.0,2.5800669193267822,2.581610679626465,0.0015437602996826172
18,3,70,161.0,2.929652214050293,2.9244537353515625,-0.005198478698730469
18,3,71,90.0,3.9417757987976074,3.935464382171631,-0.0063114166259765625
18,3,72,181.0,2.8265914916992188,2.8243865966796875,-0.00220489501953125
18,3,73,95.0,3.8289499282836914,3.831941604614258,0.0029916763305664062
18,3,74,245.0,2.2537572383880615,2.253424644470215,-0.0003325939178466797
18,3,75,93.0,1.7269396781921387,1.7346256971359253,0.007686018943786621
18,3,76,225.0,2.4448561668395996,2.443587064743042,-0.0012691020965576172
18,3,77,61.0,3.08821439743042,3.0960211753845215,0.0078067779541015625
18,3,78,257.0,3.5650999546051025,3.5501153469085693,-0.014984607696533203
18,3,79,165.0,2.7435922622680664,2.7481436729431152,0.004551410675048828
18,3,80,117.0,4.079967498779297,4.080912113189697,0.0009446144104003906
18,3,81,89.0,3.1170668601989746,3.1100473403930664,-0.007019519805908203
18,3,82,291.0,3.542208671569824,3.5490970611572266,0.006888389587402344
18,3,83,93.0,3.1824769973754883,3.1808273792266846,-0.001649618148803711
18,3,84,228.0,1.8533809185028076,1.8443279266357422,-0.00905299186706543
18,3,85,131.0,2.4851677417755127,2.4776790142059326,-0.007488727569580078
18,3,86,191.0,3.915872573852539,3.9103517532348633,-0.005520820617675781
18,3,87,238.0,4.8885579109191895,4.887216091156006,-0.0013418197631835938
18,3,88,210.0,2.9943952560424805,3.0114223957061768,0.01702713966369629
18,3,89,107.0,4.1228203773498535,4.11823034286499,-0.004590034484863281
18,3,90,217.0,2.7718281745910645,2.7726054191589355,0.0007772445678710938
18,3,91,199.0,3.112976312637329,3.1132543087005615,0.0002779960632324219
18,3,92,84.0,2.381793260574341,2.371474504470825,-0.010318756103515625
18,3,93,271.0,3.5375630855560303,3.5339720249176025,-0.0035910606384277344
18,3,94,226.0,3.105239152908325,3.09222674369812,-0.013012409210205078
18,3,95,258.0,3.5427961349487305,3.5423154830932617,-0.00048065185546875
18,3,96,86.0,3.23514723777771,3.221601963043213,-0.01354527473449707
18,3,97,142.0,4.2480573654174805,4.237216949462891,-0.010840415954589844
18,3,98,42.0,1.9809751510620117,1.9558653831481934,-0.02510976791381836
18,3,99,224.0,2.4784393310546875,2.47281813621521,-0.005621194839477539
18,3,100,197.0,1.853989601135254,1.8494696617126465,-0.004519939422607422
18,3,101,85.0,2.4941816329956055,2.4856581687927246,-0.00852346420288086
18,3,102,195.0,3.122326612472534,3.1196389198303223,-0.002687692642211914
18,3,103,102.0,3.1147775650024414,3.108888626098633,-0.005888938903808594
18,3,104,181.0,3.189467191696167,3.187816619873047,-0.0016505718231201172
18,3,105,72.0,1.8649518489837646,1.8547837734222412,-0.010168075561523438
18,3,106,130.0,4.294760227203369,4.289966583251953,-0.004793643951416016
18,3,107,62.0,2.4163553714752197,2.4104883670806885,-0.00586700439453125
18,3,108,263.0,3.546691656112671,3.540783405303955,-0.00590825080871582
18,3,109,194.0,2.697882890701294,2.6949167251586914,-0.002966165542602539
18,3,110,174.0,2.602036237716675,2.596282958984375,-0.005753278732299805
18,3,111,235.0,3.703277826309204,3.6778082847595215,-0.025469541549682617
18,3,112,143.0,3.633587121963501,3.6336379051208496,5.078315734863281e-05
18,3,113,117.0,4.060715675354004,4.068503379821777,0.0077877044677734375
18,3,114,160.0,3.7659225463867188,3.7644686698913574,-0.0014538764953613281
18,3,115,115.0,3.034438133239746,3.0310041904449463,-0.0034339427947998047
18,3,116,120.0,3.3571696281433105,3.352717876434326,-0.004451751708984375
18,3,117,186.0,3.4980924129486084,3.5052661895751953,0.007173776626586914
18,3,118,138.0,3.0037918090820312,2.992126941680908,-0.011664867401123047
18,3,119,80.0,2.1522231101989746,2.17148494720459,0.019261837005615234
18,3,120,164.0,2.666628122329712,2.6630218029022217,-0.0036063194274902344
18,3,121,215.0,3.3896234035491943,3.384772539138794,-0.004850864410400391
18,3,122,81.0,3.035551071166992,3.0302722454071045,-0.005278825759887695
18,3,123,171.0,2.9384942054748535,2.9447906017303467,0.006296396255493164
18,3,124,41.0,5.417657375335693,5.424675941467285,0.007018566131591797
18,3,125,103.0,3.7517361640930176,3.750359058380127,-0.001377105712890625
18,3,126,145.0,2.8366682529449463,2.8415584564208984,0.0048902034759521484
18,3,127,102.0,2.7819013595581055,2.7665629386901855,-0.015338420867919922
18,4,0,196.0,3.129199504852295,3.126188278198242,-0.0030112266540527344
18,4,1,127.0,2.998192548751831,2.99817156791687,-2.09808349609375e-05
18,4,2,162.0,2.099813938140869,2.1054627895355225,0.00564885139465332
18,4,3,92.0,3.952493190765381,3.9617972373962402,0.009304046630859375
18,4,4,194.0,2.782571315765381,2.784069061279297,0.0014977455139160156
18,4,5,115.0,2.7538414001464844,2.7581064701080322,0.0042650699615478516
18,4,6,109.0,4.127994060516357,4.117624282836914,-0.01036977767944336
18,4,7,48.0,3.018592119216919,3.015899658203125,-0.0026924610137939453
18,4,8,69.0,3.3226022720336914,3.3072636127471924,-0.015338659286499023
18,4,9,85.0,3.0205674171447754,3.022494077682495,0.0019266605377197266
18,4,10,238.0,2.6267495155334473,2.632448673248291,0.00569915771484375
18,4,11,233.0,2.4413414001464844,2.445739507675171,0.0043981075286865234
18,4,12,208.0,2.959929943084717,2.96388840675354,0.003958463668823242
18,4,13,196.0,2.753826141357422,2.7596516609191895,0.005825519561767578
18,4,14,131.0,2.9712021350860596,2.984907388687134,0.013705253601074219
18,4,15,125.0,2.7515416145324707,2.754565715789795,0.0030241012573242188
18,4,16,61.0,4.166540145874023,4.164355278015137,-0.0021848678588867188
18,4,17,164.0,1.9632303714752197,1.9688136577606201,0.005583286285400391
18,4,18,107.0,3.135986328125,3.147162914276123,0.011176586151123047
18,4,19,48.0,3.4995276927948,3.5049524307250977,0.0054247379302978516
18,4,20,74.0,1.9705148935317993,1.9598780870437622,-0.01063680648803711
18,4,21,103.0,2.235994577407837,2.1363015174865723,-0.09969305992126465
18,4,22,114.0,3.2786149978637695,3.27829909324646,-0.0003159046173095703
18,4,23,50.0,5.015505313873291,5.007672309875488,-0.007833003997802734
18,4,24,281.0,2.3039751052856445,2.305318593978882,0.0013434886932373047
18,4,25,247.0,1.9686022996902466,1.976226806640625,0.007624506950378418
18,4,26,173.0,3.4113833904266357,3.4155893325805664,0.004205942153930664
18,4,27,166.0,3.050419330596924,3.0630502700805664,0.012630939483642578
18,4,28,98.0,2.611907482147217,2.618495464324951,0.006587982177734375
18,4,29,174.0,3.051379919052124,3.0591704845428467,0.007790565490722656
18,4,30,173.0,2.750077724456787,2.7571191787719727,0.007041454315185547
18,4,31,215.0,3.4014222621917725,3.3989627361297607,-0.0024595260620117188
18,4,32,186.0,2.6455953121185303,2.639927625656128,-0.005667686462402344
18,4,33,153.0,2.4407522678375244,2.4407520294189453,-2.384185791015625e-07
18,4,34,147.0,2.7246551513671875,2.731732130050659,0.00707697868347168
18,4,35,50.0,4.024989604949951,4.015507221221924,-0.009482383728027344
18,4,36,86.0,2.0081088542938232,2.012006998062134,0.003898143768310547
18,4,37,154.0,3.517357349395752,3.5250096321105957,0.00765228271484375
18,4,38,265.0,2.388361930847168,2.3949315547943115,0.006569623947143555
18,4,39,199.0,3.1552681922912598,3.159909248352051,0.004641056060791016
18,4,40,138.0,2.536069631576538,2.5198874473571777,-0.01618218421936035
18,4,41,98.0,3.269590377807617,3.280604362487793,0.011013984680175781
18,4,42,167.0,2.519949436187744,2.513227701187134,-0.0067217350006103516
18,4,43,288.0,3.7899160385131836,3.7913899421691895,0.0014739036560058594
18,4,44,225.0,2.509033441543579,2.5113108158111572,0.002277374267578125
18,4,45,191.0,3.1287972927093506,3.132051944732666,0.0032546520233154297
18,4,46,92.0,4.466386795043945,4.468728065490723,0.0023412704467773438
18,4,47,41.0,4.971887588500977,4.977224349975586,0.005336761474609375
18,4,48,231.0,2.9811513423919678,2.9886209964752197,0.007469654083251953
18,4,49,101.0,2.116225004196167,2.117321252822876,0.0010962486267089844
18,4,50,177.0,2.9830946922302246,2.9809067249298096,-0.002187967300415039
18,4,51,252.0,3.516876697540283,3.5358364582061768,0.018959760665893555
18,4,52,259.0,2.737027645111084,2.7397375106811523,0.0027098655700683594
18,4,53,47.0,1.9067243337631226,1.8732367753982544,-0.033487558364868164
18,4,54,164.0,2.2345211505889893,2.232487440109253,-0.002033710479736328
18,4,55,94.0,3.3757195472717285,3.3790626525878906,0.0033431053161621094
18,4,56,103.0,3.3878378868103027,3.3991007804870605,0.011262893676757812
18,4,57,78.0,3.3106584548950195,3.3253698348999023,0.014711380004882812
18,4,58,239.0,3.107602596282959,3.098604679107666,-0.008997917175292969
18,4,59,271.0,4.418605804443359,4.423070430755615,0.004464626312255859
18,4,60,162.0,2.9131579399108887,2.914552927017212,0.0013949871063232422
18,4,61,179.0,3.214285135269165,3.2233221530914307,0.009037017822265625
18,4,62,218.0,2.5891129970550537,2.5970265865325928,0.007913589477539062
18,4,63,81.0,3.4107165336608887,3.4124412536621094,0.0017247200012207031
18,4,64,93.0,3.5013821125030518,3.5136890411376953,0.012306928634643555
18,4,65,72.0,3.358228921890259,3.369253158569336,0.011024236679077148
18,4,66,230.0,3.3264732360839844,3.3333163261413574,0.006843090057373047
18,4,67,99.0,2.410640239715576,2.281130790710449,-0.12950944900512695
18,4,68,213.0,2.6581079959869385,2.667261838912964,0.00915384292602539
18,4,69,119.0,2.5800669193267822,2.5770206451416016,-0.003046274185180664
18,4,70,161.0,2.929652214050293,2.931934118270874,0.0022819042205810547
18,4,71,90.0,3.9417757987976074,3.959954261779785,0.018178462982177734
18,4,72,181.0,2.8265914916992188,2.8265163898468018,-7.510185241699219e-05
18,4,73,95.0,3.8289499282836914,3.8365321159362793,0.007582187652587891
18,4,74,245.0,2.2537572383880615,2.251796007156372,-0.001961231231689453
18,4,75,93.0,1.7269396781921387,1.7221238613128662,-0.004815816879272461
18,4,76,225.0,2.4448561668395996,2.439821243286133,-0.005034923553466797
18,4,77,61.0,3.08821439743042,3.0980000495910645,0.009785652160644531
18,4,78,257.0,3.5650999546051025,3.5689303874969482,0.003830432891845703
18,4,79,165.0,2.7435922622680664,2.7382194995880127,-0.005372762680053711
18,4,80,117.0,4.079967498779297,4.09290075302124,0.01293325424194336
18,4,81,89.0,3.1170668601989746,3.1221656799316406,0.005098819732666016
18,4,82,291.0,3.542208671569824,3.558800458908081,0.016591787338256836
18,4,83,93.0,3.1824769973754883,3.1988439559936523,0.016366958618164062
18,4,84,228.0,1.8533809185028076,1.848393201828003,-0.0049877166748046875
18,4,85,131.0,2.4851677417755127,2.493297815322876,0.008130073547363281
18,4,86,191.0,3.915872573852539,3.9158926010131836,2.002716064453125e-05
18,4,87,238.0,4.8885579109191895,4.8904128074646,0.0018548965454101562
18,4,88,210.0,2.9943952560424805,3.008514165878296,0.01411890983581543
18,4,89,107.0,4.1228203773498535,4.125301361083984,0.0024809837341308594
18,4,90,217.0,2.7718281745910645,2.7779462337493896,0.006118059158325195
18,4,91,199.0,3.112976312637329,3.1138596534729004,0.0008833408355712891
18,4,92,84.0,2.381793260574341,2.389298677444458,0.0075054168701171875
18,4,93,271.0,3.5375630855560303,3.5385944843292236,0.0010313987731933594
18,4,94,226.0,3.105239152908325,3.115973711013794,0.01073455810546875
18,4,95,258.0,3.5427961349487305,3.5532896518707275,0.01049351692199707
18,4,96,86.0,3.23514723777771,3.2351582050323486,1.0967254638671875e-05
18,4,97,142.0,4.2480573654174805,4.246260643005371,-0.001796722412109375
18,4,98,42.0,1.9809751510620117,2.005600929260254,0.024625778198242188
18,4,99,224.0,2.4784393310546875,2.48317289352417,0.004733562469482422
18,4,100,197.0,1.853989601135254,1.8577359914779663,0.0037463903427124023
18,4,101,85.0,2.4941816329956055,2.4948997497558594,0.0007181167602539062
18,4,102,195.0,3.122326612472534,3.129819869995117,0.007493257522583008
18,4,103,102.0,3.1147775650024414,3.111602783203125,-0.0031747817993164062
18,4,104,181.0,3.189467191696167,3.1934571266174316,0.0039899349212646484
18,4,105,72.0,1.8649518489837646,1.8662753105163574,0.0013234615325927734
18,4,106,130.0,4.294760227203369,4.308183193206787,0.013422966003417969
18,4,107,62.0,2.4163553714752197,2.4192023277282715,0.002846956253051758
18,4,108,263.0,3.546691656112671,3.5529863834381104,0.006294727325439453
18,4,109,194.0,2.697882890701294,2.6977860927581787,-9.679794311523438e-05
18,4,110,174.0,2.602036237716675,2.5981812477111816,-0.003854990005493164
18,4,111,235.0,3.703277826309204,3.7127768993377686,0.009499073028564453
18,4,112,143.0,3.633587121963501,3.6352956295013428,0.0017085075378417969
18,4,113,117.0,4.060715675354004,4.044498920440674,-0.016216754913330078
18,4,114,160.0,3.7659225463867188,3.782370090484619,0.01644754409790039
18,4,115,115.0,3.034438133239746,3.023045301437378,-0.011392831802368164
18,4,116,120.0,3.3571696281433105,3.3578073978424072,0.0006377696990966797
18,4,117,186.0,3.4980924129486084,3.5018060207366943,0.0037136077880859375
18,4,118,138.0,3.0037918090820312,3.007795810699463,0.004004001617431641
18,4,119,80.0,2.1522231101989746,2.1380255222320557,-0.014197587966918945
18,4,120,164.0,2.666628122329712,2.674811601638794,0.008183479309082031
18,4,121,215.0,3.3896234035491943,3.396139621734619,0.006516218185424805
18,4,122,81.0,3.035551071166992,3.045438289642334,0.009887218475341797
18,4,123,171.0,2.9384942054748535,2.937535047531128,-0.0009591579437255859
18,4,124,41.0,5.417657375335693,5.495521545410156,0.07786417007446289
18,4,125,103.0,3.7517361640930176,3.7617673873901367,0.01003122329711914
18,4,126,145.0,2.8366682529449463,2.8377573490142822,0.0010890960693359375
18,4,127,102.0,2.7819013595581055,2.773561716079712,-0.008339643478393555
18,5,0,196.0,3.129199504852295,3.125920295715332,-0.0032792091369628906
18,5,1,127.0,2.998192548751831,3.0047199726104736,0.006527423858642578
18,5,2,162.0,2.099813938140869,2.1047322750091553,0.004918336868286133
18,5,3,92.0,3.952493190765381,3.945429563522339,-0.007063627243041992
18,5,4,194.0,2.782571315765381,2.7882258892059326,0.005654573440551758
18,5,5,115.0,2.7538414001464844,2.76023268699646,0.006391286849975586
18,5,6,109.0,4.127994060516357,4.123809337615967,-0.004184722900390625
18,5,7,48.0,3.018592119216919,3.02567195892334,0.0070798397064208984
18,5,8,69.0,3.3226022720336914,3.3194775581359863,-0.003124713897705078
18,5,9,85.0,3.0205674171447754,3.0212340354919434,0.0006666183471679688
18,5,10,238.0,2.6267495155334473,2.6283998489379883,0.0016503334045410156
18,5,11,233.0,2.4413414001464844,2.4389889240264893,-0.002352476119995117
18,5,12,208.0,2.959929943084717,2.9600307941436768,0.00010085105895996094
18,5,13,196.0,2.753826141357422,2.7525136470794678,-0.0013124942779541016
18,5,14,131.0,2.9712021350860596,2.9688422679901123,-0.0023598670959472656
18,5,15,125.0,2.7515416145324707,2.7474844455718994,-0.004057168960571289
18,5,16,61.0,4.166540145874023,4.166612148284912,7.200241088867188e-05
18,5,17,164.0,1.9632303714752197,1.9627668857574463,-0.0004634857177734375
18,5,18,107.0,3.135986328125,3.1334853172302246,-0.0025010108947753906
18,5,19,48.0,3.4995276927948,3.5010337829589844,0.0015060901641845703
18,5,20,74.0,1.9705148935317993,1.972278118133545,0.0017632246017456055
18,5,21,103.0,2.235994577407837,2.231849431991577,-0.004145145416259766
18,5,22,114.0,3.2786149978637695,3.2813940048217773,0.0027790069580078125
18,5,23,50.0,5.015505313873291,5.001148700714111,-0.014356613159179688
18,5,24,281.0,2.3039751052856445,2.3101019859313965,0.006126880645751953
18,5,25,247.0,1.9686022996902466,1.9657337665557861,-0.0028685331344604492
18,5,26,173.0,3.4113833904266357,3.40962553024292,-0.0017578601837158203
18,5,27,166.0,3.050419330596924,3.052025556564331,0.0016062259674072266
18,5,28,98.0,2.611907482147217,2.6158549785614014,0.00394749641418457
18,5,29,174.0,3.051379919052124,3.055058002471924,0.0036780834197998047
18,5,30,173.0,2.750077724456787,2.750716209411621,0.0006384849548339844
18,5,31,215.0,3.4014222621917725,3.402679920196533,0.0012576580047607422
18,5,32,186.0,2.6455953121185303,2.6474223136901855,0.0018270015716552734
18,5,33,153.0,2.4407522678375244,2.4333739280700684,-0.007378339767456055
18,5,34,147.0,2.7246551513671875,2.7273032665252686,0.0026481151580810547
18,5,35,50.0,4.024989604949951,4.012599468231201,-0.01239013671875
18,5,36,86.0,2.0081088542938232,1.9960945844650269,-0.012014269828796387
18,5,37,154.0,3.517357349395752,3.519199848175049,0.001842498779296875
18,5,38,265.0,2.388361930847168,2.392324686050415,0.00396275520324707
18,5,39,199.0,3.1552681922912598,3.160456418991089,0.0051882266998291016
18,5,40,138.0,2.536069631576538,2.53794527053833,0.0018756389617919922
18,5,41,98.0,3.269590377807617,3.272944927215576,0.0033545494079589844
18,5,42,167.0,2.519949436187744,2.5122292041778564,-0.007720232009887695
18,5,43,288.0,3.7899160385131836,3.7914352416992188,0.0015192031860351562
18,5,44,225.0,2.509033441543579,2.515030860900879,0.005997419357299805
18,5,45,191.0,3.1287972927093506,3.1337571144104004,0.004959821701049805
18,5,46,92.0,4.466386795043945,4.4615044593811035,-0.004882335662841797
18,5,47,41.0,4.971887588500977,4.984386920928955,0.012499332427978516
18,5,48,231.0,2.9811513423919678,2.984257698059082,0.003106355667114258
18,5,49,101.0,2.116225004196167,2.123878002166748,0.007652997970581055
18,5,50,177.0,2.9830946922302246,2.982499837875366,-0.0005948543548583984
18,5,51,252.0,3.516876697540283,3.5218894481658936,0.0050127506256103516
18,5,52,259.0,2.737027645111084,2.739226818084717,0.0021991729736328125
18,5,53,47.0,1.9067243337631226,1.8920116424560547,-0.014712691307067871
18,5,54,164.0,2.2345211505889893,2.2339870929718018,-0.0005340576171875
18,5,55,94.0,3.3757195472717285,3.371845006942749,-0.003874540328979492
18,5,56,103.0,3.3878378868103027,3.38364577293396,-0.0041921138763427734
18,5,57,78.0,3.3106584548950195,3.3119359016418457,0.0012774467468261719
18,5,58,239.0,3.107602596282959,3.1023266315460205,-0.0052759647369384766
18,5,59,271.0,4.418605804443359,4.417655944824219,-0.000949859619140625
18,5,60,162.0,2.9131579399108887,2.9054384231567383,-0.007719516754150391
18,5,61,179.0,3.214285135269165,3.2120699882507324,-0.002215147018432617
18,5,62,218.0,2.5891129970550537,2.5865612030029297,-0.0025517940521240234
18,5,63,81.0,3.4107165336608887,3.404768943786621,-0.005947589874267578
18,5,64,93.0,3.5013821125030518,3.502248525619507,0.0008664131164550781
18,5,65,72.0,3.358228921890259,3.3527541160583496,-0.00547480583190918
18,5,66,230.0,3.3264732360839844,3.328372001647949,0.0018987655639648438
18,5,67,99.0,2.410640239715576,2.4147918224334717,0.004151582717895508
18,5,68,213.0,2.6581079959869385,2.65557861328125,-0.0025293827056884766
18,5,69,119.0,2.5800669193267822,2.5779831409454346,-0.0020837783813476562
18,5,70,161.0,2.929652214050293,2.9286458492279053,-0.0010063648223876953
18,5,71,90.0,3.9417757987976074,3.9434916973114014,0.0017158985137939453
18,5,72,181.0,2.8265914916992188,2.8247249126434326,-0.0018665790557861328
18,5,73,95.0,3.8289499282836914,3.8345324993133545,0.005582571029663086
18,5,74,245.0,2.2537572383880615,2.254768133163452,0.001010894775390625
18,5,75,93.0,1.7269396781921387,1.7260030508041382,-0.0009366273880004883
18,5,76,225.0,2.4448561668395996,2.444554328918457,-0.0003018379211425781
18,5,77,61.0,3.08821439743042,3.0904757976531982,0.0022614002227783203
18,5,78,257.0,3.5650999546051025,3.559614658355713,-0.0054852962493896484
18,5,79,165.0,2.7435922622680664,2.741318941116333,-0.0022733211517333984
18,5,80,117.0,4.079967498779297,4.090475559234619,0.010508060455322266
18,5,81,89.0,3.1170668601989746,3.1273646354675293,0.010297775268554688
18,5,82,291.0,3.542208671569824,3.545332908630371,0.003124237060546875
18,5,83,93.0,3.1824769973754883,3.1869304180145264,0.004453420639038086
18,5,84,228.0,1.8533809185028076,1.8444329500198364,-0.008947968482971191
18,5,85,131.0,2.4851677417755127,2.4796159267425537,-0.005551815032958984
18,5,86,191.0,3.915872573852539,3.9145138263702393,-0.0013587474822998047
18,5,87,238.0,4.8885579109191895,4.889601230621338,0.0010433197021484375
18,5,88,210.0,2.9943952560424805,3.0061402320861816,0.011744976043701172
18,5,89,107.0,4.1228203773498535,4.1166181564331055,-0.006202220916748047
18,5,90,217.0,2.7718281745910645,2.772554636001587,0.0007264614105224609
18,5,91,199.0,3.112976312637329,3.108980894088745,-0.003995418548583984
18,5,92,84.0,2.381793260574341,2.3825321197509766,0.0007388591766357422
18,5,93,271.0,3.5375630855560303,3.536780595779419,-0.0007824897766113281
18,5,94,226.0,3.105239152908325,3.0961546897888184,-0.009084463119506836
18,5,95,258.0,3.5427961349487305,3.5399527549743652,-0.0028433799743652344
18,5,96,86.0,3.23514723777771,3.234447479248047,-0.0006997585296630859
18,5,97,142.0,4.2480573654174805,4.248770713806152,0.000713348388671875
18,5,98,42.0,1.9809751510620117,1.9787508249282837,-0.0022243261337280273
18,5,99,224.0,2.4784393310546875,2.478271722793579,-0.00016760826110839844
18,5,100,197.0,1.853989601135254,1.850831151008606,-0.0031584501266479492
18,5,101,85.0,2.4941816329956055,2.4893898963928223,-0.004791736602783203
18,5,102,195.0,3.122326612472534,3.124725580215454,0.002398967742919922
18,5,103,102.0,3.1147775650024414,3.1162726879119873,0.0014951229095458984
18,5,104,181.0,3.189467191696167,3.187612533569336,-0.0018546581268310547
18,5,105,72.0,1.8649518489837646,1.8512274026870728,-0.013724446296691895
18,5,106,130.0,4.294760227203369,4.292541027069092,-0.0022192001342773438
18,5,107,62.0,2.4163553714752197,2.4182040691375732,0.0018486976623535156
18,5,108,263.0,3.546691656112671,3.5418283939361572,-0.004863262176513672
18,5,109,194.0,2.697882890701294,2.696516275405884,-0.0013666152954101562
18,5,110,174.0,2.602036237716675,2.603527307510376,0.0014910697937011719
18,5,111,235.0,3.703277826309204,3.7051799297332764,0.0019021034240722656
18,5,112,143.0,3.633587121963501,3.635479688644409,0.0018925666809082031
18,5,113,117.0,4.060715675354004,4.067248821258545,0.006533145904541016
18,5,114,160.0,3.7659225463867188,3.7654922008514404,-0.0004303455352783203
18,5,115,115.0,3.034438133239746,3.037400245666504,0.0029621124267578125
18,5,116,120.0,3.3571696281433105,3.3601338863372803,0.0029642581939697266
18,5,117,186.0,3.4980924129486084,3.501960039138794,0.003867626190185547
18,5,118,138.0,3.0037918090820312,3.0018486976623535,-0.0019431114196777344
18,5,119,80.0,2.1522231101989746,2.1559560298919678,0.003732919692993164
18,5,120,164.0,2.666628122329712,2.660064935684204,-0.0065631866455078125
18,5,121,215.0,3.3896234035491943,3.388988494873047,-0.0006349086761474609
18,5,122,81.0,3.035551071166992,3.0370585918426514,0.0015075206756591797
18,5,123,171.0,2.9384942054748535,2.9445877075195312,0.006093502044677734
18,5,124,41.0,5.417657375335693,5.395929336547852,-0.021728038787841797
18,5,125,103.0,3.7517361640930176,3.748244524002075,-0.003491640090942383
18,5,126,145.0,2.8366682529449463,2.8354127407073975,-0.0012555122375488281
18,5,127,102.0,2.7819013595581055,2.7809574604034424,-0.0009438991546630859
18,6,0,196.0,3.129199504852295,3.125014066696167,-0.00418543815612793
18,6,1,127.0,2.998192548751831,2.9989945888519287,0.0008020401000976562
18,6,2,162.0,2.099813938140869,2.09839129447937,-0.0014226436614990234
18,6,3,92.0,3.952493190765381,3.9433209896087646,-0.009172201156616211
18,6,4,194.0,2.782571315765381,2.782665252685547,9.393692016601562e-05
18,6,5,115.0,2.7538414001464844,2.762908697128296,0.009067296981811523
18,6,6,109.0,4.127994060516357,4.1204423904418945,-0.007551670074462891
18,6,7,48.0,3.018592119216919,3.010040283203125,-0.008551836013793945
18,6,8,69.0,3.3226022720336914,3.3119137287139893,-0.010688543319702148
18,6,9,85.0,3.0205674171447754,3.018040895462036,-0.002526521682739258
18,6,10,238.0,2.6267495155334473,2.626178741455078,-0.0005707740783691406
18,6,11,233.0,2.4413414001464844,2.4327306747436523,-0.008610725402832031
18,6,12,208.0,2.959929943084717,2.9584009647369385,-0.0015289783477783203
18,6,13,196.0,2.753826141357422,2.7517285346984863,-0.002097606658935547
18,6,14,131.0,2.9712021350860596,2.96402645111084,-0.0071756839752197266
18,6,15,125.0,2.7515416145324707,2.748948097229004,-0.002593517303466797
18,6,16,61.0,4.166540145874023,4.161982536315918,-0.004557609558105469
18,6,17,164.0,1.9632303714752197,1.9602017402648926,-0.0030286312103271484
18,6,18,107.0,3.135986328125,3.128692865371704,-0.0072934627532958984
18,6,19,48.0,3.4995276927948,3.5019006729125977,0.0023729801177978516
18,6,20,74.0,1.9705148935317993,1.9823755025863647,0.01186060905456543
18,6,21,103.0,2.235994577407837,2.2490437030792236,0.013049125671386719
18,6,22,114.0,3.2786149978637695,3.282240390777588,0.0036253929138183594
18,6,23,50.0,5.015505313873291,5.02589225769043,0.010386943817138672
18,6,24,281.0,2.3039751052856445,2.302546262741089,-0.001428842544555664
18,6,25,247.0,1.9686022996902466,1.9670195579528809,-0.0015827417373657227
18,6,26,173.0,3.4113833904266357,3.4081156253814697,-0.0032677650451660156
18,6,27,166.0,3.050419330596924,3.0518088340759277,0.0013895034790039062
18,6,28,98.0,2.611907482147217,2.613405466079712,0.0014979839324951172
18,6,29,174.0,3.051379919052124,3.051903009414673,0.0005230903625488281
18,6,30,173.0,2.750077724456787,2.7480859756469727,-0.001991748809814453
18,6,31,215.0,3.4014222621917725,3.4043548107147217,0.0029325485229492188
18,6,32,186.0,2.6455953121185303,2.6514649391174316,0.005869626998901367
18,6,33,153.0,2.4407522678375244,2.4361345767974854,-0.0046176910400390625
18,6,34,147.0,2.7246551513671875,2.7285754680633545,0.003920316696166992
18,6,35,50.0,4.024989604949951,4.013265609741211,-0.011723995208740234
18,6,36,86.0,2.0081088542938232,1.9893654584884644,-0.018743395805358887
18,6,37,154.0,3.517357349395752,3.5195109844207764,0.002153635025024414
18,6,38,265.0,2.388361930847168,2.390486001968384,0.0021240711212158203
18,6,39,199.0,3.1552681922912598,3.1542742252349854,-0.000993967056274414
18,6,40,138.0,2.536069631576538,2.533923625946045,-0.002146005630493164
18,6,41,98.0,3.269590377807617,3.2703053951263428,0.0007150173187255859
18,6,42,167.0,2.519949436187744,2.5201752185821533,0.0002257823944091797
18,6,43,288.0,3.7899160385131836,3.7903480529785156,0.00043201446533203125
18,6,44,225.0,2.509033441543579,2.5087709426879883,-0.0002624988555908203
18,6,45,191.0,3.1287972927093506,3.121429920196533,-0.007367372512817383
18,6,46,92.0,4.466386795043945,4.4665656089782715,0.00017881393432617188
18,6,47,41.0,4.971887588500977,4.9791460037231445,0.007258415222167969
18,6,48,231.0,2.9811513423919678,2.9848263263702393,0.0036749839782714844
18,6,49,101.0,2.116225004196167,2.109619140625,-0.006605863571166992
18,6,50,177.0,2.9830946922302246,2.9736430644989014,-0.009451627731323242
18,6,51,252.0,3.516876697540283,3.517528772354126,0.0006520748138427734
18,6,52,259.0,2.737027645111084,2.7321975231170654,-0.004830121994018555
18,6,53,47.0,1.9067243337631226,1.8930507898330688,-0.013673543930053711
18,6,54,164.0,2.2345211505889893,2.229443311691284,-0.005077838897705078
18,6,55,94.0,3.3757195472717285,3.3691093921661377,-0.00661015510559082
18,6,56,103.0,3.3878378868103027,3.3901584148406982,0.002320528030395508
18,6,57,78.0,3.3106584548950195,3.31461238861084,0.0039539337158203125
18,6,58,239.0,3.107602596282959,3.1035380363464355,-0.0040645599365234375
18,6,59,271.0,4.418605804443359,4.415011882781982,-0.003593921661376953
18,6,60,162.0,2.9131579399108887,2.913818120956421,0.0006601810455322266
18,6,61,179.0,3.214285135269165,3.212981700897217,-0.0013034343719482422
18,6,62,218.0,2.5891129970550537,2.581901788711548,-0.007211208343505859
18,6,63,81.0,3.4107165336608887,3.4136834144592285,0.0029668807983398438
18,6,64,93.0,3.5013821125030518,3.4878714084625244,-0.013510704040527344
18,6,65,72.0,3.358228921890259,3.3537232875823975,-0.004505634307861328
18,6,66,230.0,3.3264732360839844,3.3264904022216797,1.71661376953125e-05
18,6,67,99.0,2.410640239715576,2.4316272735595703,0.02098703384399414
18,6,68,213.0,2.6581079959869385,2.6563777923583984,-0.001730203628540039
18,6,69,119.0,2.5800669193267822,2.5819509029388428,0.0018839836120605469
18,6,70,161.0,2.929652214050293,2.9345996379852295,0.0049474239349365234
18,6,71,90.0,3.9417757987976074,3.9422781467437744,0.0005023479461669922
18,6,72,181.0,2.8265914916992188,2.822186231613159,-0.00440526008605957
18,6,73,95.0,3.8289499282836914,3.8276116847991943,-0.0013382434844970703
18,6,74,245.0,2.2537572383880615,2.2552998065948486,0.0015425682067871094
18,6,75,93.0,1.7269396781921387,1.7265377044677734,-0.0004019737243652344
18,6,76,225.0,2.4448561668395996,2.44736385345459,0.0025076866149902344
18,6,77,61.0,3.08821439743042,3.092381000518799,0.004166603088378906
18,6,78,257.0,3.5650999546051025,3.560021162033081,-0.005078792572021484
18,6,79,165.0,2.7435922622680664,2.745110034942627,0.0015177726745605469
18,6,80,117.0,4.079967498779297,4.075240135192871,-0.004727363586425781
18,6,81,89.0,3.1170668601989746,3.1202809810638428,0.003214120864868164
18,6,82,291.0,3.542208671569824,3.5446970462799072,0.002488374710083008
18,6,83,93.0,3.1824769973754883,3.170485019683838,-0.01199197769165039
18,6,84,228.0,1.8533809185028076,1.860358715057373,0.00697779655456543
18,6,85,131.0,2.4851677417755127,2.4887256622314453,0.003557920455932617
18,6,86,191.0,3.915872573852539,3.9099338054656982,-0.00593876838684082
18,6,87,238.0,4.8885579109191895,4.887045860290527,-0.0015120506286621094
18,6,88,210.0,2.9943952560424805,2.989360809326172,-0.005034446716308594
18,6,89,107.0,4.1228203773498535,4.118549823760986,-0.0042705535888671875
18,6,90,217.0,2.7718281745910645,2.7738893032073975,0.002061128616333008
18,6,91,199.0,3.112976312637329,3.1063613891601562,-0.0066149234771728516
18,6,92,84.0,2.381793260574341,2.3806257247924805,-0.0011675357818603516
18,6,93,271.0,3.5375630855560303,3.537111520767212,-0.0004515647888183594
18,6,94,226.0,3.105239152908325,3.0945942401885986,-0.010644912719726562
18,6,95,258.0,3.5427961349487305,3.544523239135742,0.0017271041870117188
18,6,96,86.0,3.23514723777771,3.225719451904297,-0.009427785873413086
18,6,97,142.0,4.2480573654174805,4.244365215301514,-0.003692150115966797
18,6,98,42.0,1.9809751510620117,1.9568804502487183,-0.024094700813293457
18,6,99,224.0,2.4784393310546875,2.4759113788604736,-0.002527952194213867
18,6,100,197.0,1.853989601135254,1.8522394895553589,-0.0017501115798950195
18,6,101,85.0,2.4941816329956055,2.493410587310791,-0.0007710456848144531
18,6,102,195.0,3.122326612472534,3.1196770668029785,-0.002649545669555664
18,6,103,102.0,3.1147775650024414,3.115553379058838,0.0007758140563964844
18,6,104,181.0,3.189467191696167,3.1891086101531982,-0.00035858154296875
18,6,105,72.0,1.8649518489837646,1.8610954284667969,-0.0038564205169677734
18,6,106,130.0,4.294760227203369,4.287416458129883,-0.007343769073486328
18,6,107,62.0,2.4163553714752197,2.4111287593841553,-0.005226612091064453
18,6,108,263.0,3.546691656112671,3.5480425357818604,0.0013508796691894531
18,6,109,194.0,2.697882890701294,2.6983721256256104,0.0004892349243164062
18,6,110,174.0,2.602036237716675,2.601379632949829,-0.0006566047668457031
18,6,111,235.0,3.703277826309204,3.7043070793151855,0.0010292530059814453
18,6,112,143.0,3.633587121963501,3.6339099407196045,0.0003228187561035156
18,6,113,117.0,4.060715675354004,4.07399320602417,0.013277530670166016
18,6,114,160.0,3.7659225463867188,3.7623558044433594,-0.003566741943359375
18,6,115,115.0,3.034438133239746,3.0408267974853516,0.006388664245605469
18,6,116,120.0,3.3571696281433105,3.3568532466888428,-0.00031638145446777344
18,6,117,186.0,3.4980924129486084,3.503016948699951,0.0049245357513427734
18,6,118,138.0,3.0037918090820312,3.0046768188476562,0.000885009765625
18,6,119,80.0,2.1522231101989746,2.1570537090301514,0.004830598831176758
18,6,120,164.0,2.666628122329712,2.6629550457000732,-0.003673076629638672
18,6,121,215.0,3.3896234035491943,3.382275342941284,-0.007348060607910156
18,6,122,81.0,3.035551071166992,3.039353847503662,0.003802776336669922
18,6,123,171.0,2.9384942054748535,2.939788579940796,0.0012943744659423828
18,6,124,41.0,5.417657375335693,5.414214611053467,-0.0034427642822265625
18,6,125,103.0,3.7517361640930176,3.7527222633361816,0.0009860992431640625
18,6,126,145.0,2.8366682529449463,2.83506441116333,-0.001603841781616211
18,6,127,102.0,2.7819013595581055,2.7813282012939453,-0.0005731582641601562
18,7,0,196.0,3.129199504852295,3.130225896835327,0.0010263919830322266
18,7,1,127.0,2.998192548751831,2.997451066970825,-0.0007414817810058594
18,7,2,162.0,2.099813938140869,2.0969035625457764,-0.0029103755950927734
18,7,3,92.0,3.952493190765381,3.949737787246704,-0.002755403518676758
18,7,4,194.0,2.782571315765381,2.7816450595855713,-0.0009262561798095703
18,7,5,115.0,2.7538414001464844,2.7559096813201904,0.0020682811737060547
18,7,6,109.0,4.127994060516357,4.121937274932861,-0.006056785583496094
18,7,7,48.0,3.018592119216919,3.0108978748321533,-0.007694244384765625
18,7,8,69.0,3.3226022720336914,3.3111984729766846,-0.011403799057006836
18,7,9,85.0,3.0205674171447754,3.0119125843048096,-0.00865483283996582
18,7,10,238.0,2.6267495155334473,2.626727342605591,-2.2172927856445312e-05
18,7,11,233.0,2.4413414001464844,2.4358701705932617,-0.005471229553222656
18,7,12,208.0,2.959929943084717,2.9621920585632324,0.002262115478515625
18,7,13,196.0,2.753826141357422,2.7508037090301514,-0.003022432327270508
18,7,14,131.0,2.9712021350860596,2.9622957706451416,-0.008906364440917969
18,7,15,125.0,2.7515416145324707,2.748534679412842,-0.0030069351196289062
18,7,16,61.0,4.166540145874023,4.166525363922119,-1.4781951904296875e-05
18,7,17,164.0,1.9632303714752197,1.953236699104309,-0.009993672370910645
18,7,18,107.0,3.135986328125,3.1314306259155273,-0.004555702209472656
18,7,19,48.0,3.4995276927948,3.5047547817230225,0.005227088928222656
18,7,20,74.0,1.9705148935317993,1.9725720882415771,0.002057194709777832
18,7,21,103.0,2.235994577407837,2.2758848667144775,0.039890289306640625
18,7,22,114.0,3.2786149978637695,3.2821593284606934,0.003544330596923828
18,7,23,50.0,5.015505313873291,5.010493278503418,-0.005012035369873047
18,7,24,281.0,2.3039751052856445,2.306689977645874,0.002714872360229492
18,7,25,247.0,1.9686022996902466,1.967237949371338,-0.0013643503189086914
18,7,26,173.0,3.4113833904266357,3.4139623641967773,0.0025789737701416016
18,7,27,166.0,3.050419330596924,3.0421571731567383,-0.008262157440185547
18,7,28,98.0,2.611907482147217,2.6198151111602783,0.007907629013061523
18,7,29,174.0,3.051379919052124,3.047163724899292,-0.004216194152832031
18,7,30,173.0,2.750077724456787,2.7492523193359375,-0.0008254051208496094
18,7,31,215.0,3.4014222621917725,3.400376319885254,-0.0010459423065185547
18,7,32,186.0,2.6455953121185303,2.653541088104248,0.007945775985717773
18,7,33,153.0,2.4407522678375244,2.43383526802063,-0.006916999816894531
18,7,34,147.0,2.7246551513671875,2.723036527633667,-0.0016186237335205078
18,7,35,50.0,4.024989604949951,4.017053604125977,-0.00793600082397461
18,7,36,86.0,2.0081088542938232,2.006934881210327,-0.0011739730834960938
18,7,37,154.0,3.517357349395752,3.51334810256958,-0.004009246826171875
18,7,38,265.0,2.388361930847168,2.3857345581054688,-0.0026273727416992188
18,7,39,199.0,3.1552681922912598,3.1487245559692383,-0.006543636322021484
18,7,40,138.0,2.536069631576538,2.5435335636138916,0.007463932037353516
18,7,41,98.0,3.269590377807617,3.269402027130127,-0.00018835067749023438
18,7,42,167.0,2.519949436187744,2.5242888927459717,0.004339456558227539
18,7,43,288.0,3.7899160385131836,3.790330171585083,0.00041413307189941406
18,7,44,225.0,2.509033441543579,2.5078959465026855,-0.0011374950408935547
18,7,45,191.0,3.1287972927093506,3.12532377243042,-0.003473520278930664
18,7,46,92.0,4.466386795043945,4.460780143737793,-0.005606651306152344
18,7,47,41.0,4.971887588500977,4.984196662902832,0.012309074401855469
18,7,48,231.0,2.9811513423919678,2.9848005771636963,0.0036492347717285156
18,7,49,101.0,2.116225004196167,2.117952585220337,0.0017275810241699219
18,7,50,177.0,2.9830946922302246,2.984358072280884,0.0012633800506591797
18,7,51,252.0,3.516876697540283,3.5095670223236084,-0.007309675216674805
18,7,52,259.0,2.737027645111084,2.7340309619903564,-0.002996683120727539
18,7,53,47.0,1.9067243337631226,1.911212682723999,0.004488348960876465
18,7,54,164.0,2.2345211505889893,2.2302768230438232,-0.004244327545166016
18,7,55,94.0,3.3757195472717285,3.373626947402954,-0.002092599868774414
18,7,56,103.0,3.3878378868103027,3.39228892326355,0.00445103645324707
18,7,57,78.0,3.3106584548950195,3.3110222816467285,0.0003638267517089844
18,7,58,239.0,3.107602596282959,3.1007447242736816,-0.006857872009277344
18,7,59,271.0,4.418605804443359,4.4165778160095215,-0.0020279884338378906
18,7,60,162.0,2.9131579399108887,2.909668445587158,-0.0034894943237304688
18,7,61,179.0,3.214285135269165,3.210219144821167,-0.004065990447998047
18,7,62,218.0,2.5891129970550537,2.586205244064331,-0.0029077529907226562
18,7,63,81.0,3.4107165336608887,3.4045674800872803,-0.0061490535736083984
18,7,64,93.0,3.5013821125030518,3.4968984127044678,-0.004483699798583984
18,7,65,72.0,3.358228921890259,3.346358299255371,-0.011870622634887695
18,7,66,230.0,3.3264732360839844,3.3288824558258057,0.002409219741821289
18,7,67,99.0,2.410640239715576,2.4462594985961914,0.035619258880615234
18,7,68,213.0,2.6581079959869385,2.660409450531006,0.002301454544067383
18,7,69,119.0,2.5800669193267822,2.5772926807403564,-0.0027742385864257812
18,7,70,161.0,2.929652214050293,2.9357964992523193,0.006144285202026367
18,7,71,90.0,3.9417757987976074,3.939014434814453,-0.002761363983154297
18,7,72,181.0,2.8265914916992188,2.825862407684326,-0.0007290840148925781
18,7,73,95.0,3.8289499282836914,3.83925724029541,0.01030731201171875
18,7,74,245.0,2.2537572383880615,2.2534244060516357,-0.00033283233642578125
18,7,75,93.0,1.7269396781921387,1.72209632396698,-0.004843354225158691
18,7,76,225.0,2.4448561668395996,2.4434375762939453,-0.0014185905456542969
18,7,77,61.0,3.08821439743042,3.083090305328369,-0.005124092102050781
18,7,78,257.0,3.5650999546051025,3.5566344261169434,-0.00846552848815918
18,7,79,165.0,2.7435922622680664,2.7477378845214844,0.004145622253417969
18,7,80,117.0,4.079967498779297,4.065336227416992,-0.014631271362304688
18,7,81,89.0,3.1170668601989746,3.1208934783935547,0.003826618194580078
18,7,82,291.0,3.542208671569824,3.5450170040130615,0.0028083324432373047
18,7,83,93.0,3.1824769973754883,3.177131175994873,-0.005345821380615234
18,7,84,228.0,1.8533809185028076,1.8332538604736328,-0.020127058029174805
18,7,85,131.0,2.4851677417755127,2.485928773880005,0.0007610321044921875
18,7,86,191.0,3.915872573852539,3.9077398777008057,-0.008132696151733398
18,7,87,238.0,4.8885579109191895,4.881082057952881,-0.007475852966308594
18,7,88,210.0,2.9943952560424805,2.9894444942474365,-0.004950761795043945
18,7,89,107.0,4.1228203773498535,4.1119256019592285,-0.010894775390625
18,7,90,217.0,2.7718281745910645,2.7724573612213135,0.0006291866302490234
18,7,91,199.0,3.112976312637329,3.1136980056762695,0.0007216930389404297
18,7,92,84.0,2.381793260574341,2.3758490085601807,-0.005944252014160156
18,7,93,271.0,3.5375630855560303,3.5358786582946777,-0.001684427261352539
18,7,94,226.0,3.105239152908325,3.0865519046783447,-0.01868724822998047
18,7,95,258.0,3.5427961349487305,3.5406432151794434,-0.0021529197692871094
18,7,96,86.0,3.23514723777771,3.2279140949249268,-0.007233142852783203
18,7,97,142.0,4.2480573654174805,4.242221832275391,-0.005835533142089844
18,7,98,42.0,1.9809751510620117,1.960505485534668,-0.02046966552734375
18,7,99,224.0,2.4784393310546875,2.473816394805908,-0.004622936248779297
18,7,100,197.0,1.853989601135254,1.848685383796692,-0.005304217338562012
18,7,101,85.0,2.4941816329956055,2.491339683532715,-0.002841949462890625
18,7,102,195.0,3.122326612472534,3.1185314655303955,-0.003795146942138672
18,7,103,102.0,3.1147775650024414,3.1099698543548584,-0.004807710647583008
18,7,104,181.0,3.189467191696167,3.1811442375183105,-0.008322954177856445
18,7,105,72.0,1.8649518489837646,1.8673553466796875,0.0024034976959228516
18,7,106,130.0,4.294760227203369,4.288761615753174,-0.0059986114501953125
18,7,107,62.0,2.4163553714752197,2.4144134521484375,-0.0019419193267822266
18,7,108,263.0,3.546691656112671,3.543999671936035,-0.002691984176635742
18,7,109,194.0,2.697882890701294,2.6993930339813232,0.0015101432800292969
18,7,110,174.0,2.602036237716675,2.6017937660217285,-0.00024247169494628906
18,7,111,235.0,3.703277826309204,3.690476179122925,-0.012801647186279297
18,7,112,143.0,3.633587121963501,3.626915454864502,-0.0066716670989990234
18,7,113,117.0,4.060715675354004,4.064355850219727,0.0036401748657226562
18,7,114,160.0,3.7659225463867188,3.758085250854492,-0.007837295532226562
18,7,115,115.0,3.034438133239746,3.035282850265503,0.0008447170257568359
18,7,116,120.0,3.3571696281433105,3.3554234504699707,-0.0017461776733398438
18,7,117,186.0,3.4980924129486084,3.5016913414001465,0.003598928451538086
18,7,118,138.0,3.0037918090820312,2.999842643737793,-0.003949165344238281
18,7,119,80.0,2.1522231101989746,2.1565842628479004,0.004361152648925781
18,7,120,164.0,2.666628122329712,2.666482925415039,-0.00014519691467285156
18,7,121,215.0,3.3896234035491943,3.3840768337249756,-0.00554656982421875
18,7,122,81.0,3.035551071166992,3.027391195297241,-0.008159875869750977
18,7,123,171.0,2.9384942054748535,2.9388837814331055,0.0003895759582519531
18,7,124,41.0,5.417657375335693,5.368891716003418,-0.04876565933227539
18,7,125,103.0,3.7517361640930176,3.7555530071258545,0.003816843032836914
18,7,126,145.0,2.8366682529449463,2.8379218578338623,0.0012536048889160156
18,7,127,102.0,2.7819013595581055,2.77193021774292,-0.009971141815185547
18,8,0,196.0,3.129199504852295,3.133000612258911,0.003801107406616211
18,8,1,127.0,2.998192548751831,2.9918928146362305,-0.006299734115600586
18,8,2,162.0,2.099813938140869,2.1024534702301025,0.0026395320892333984
18,8,3,92.0,3.952493190765381,3.949068069458008,-0.003425121307373047
18,8,4,194.0,2.782571315765381,2.7788853645324707,-0.0036859512329101562
18,8,5,115.0,2.7538414001464844,2.7565255165100098,0.0026841163635253906
18,8,6,109.0,4.127994060516357,4.125460147857666,-0.0025339126586914062
18,8,7,48.0,3.018592119216919,3.0129668712615967,-0.005625247955322266
18,8,8,69.0,3.3226022720336914,3.3083834648132324,-0.014218807220458984
18,8,9,85.0,3.0205674171447754,3.022792339324951,0.0022249221801757812
18,8,10,238.0,2.6267495155334473,2.628574848175049,0.0018253326416015625
18,8,11,233.0,2.4413414001464844,2.4431352615356445,0.0017938613891601562
18,8,12,208.0,2.959929943084717,2.9600343704223633,0.00010442733764648438
18,8,13,196.0,2.753826141357422,2.7513909339904785,-0.0024352073669433594
18,8,14,131.0,2.9712021350860596,2.9705092906951904,-0.0006928443908691406
18,8,15,125.0,2.7515416145324707,2.7516560554504395,0.00011444091796875
18,8,16,61.0,4.166540145874023,4.154958248138428,-0.011581897735595703
18,8,17,164.0,1.9632303714752197,1.9597845077514648,-0.003445863723754883
18,8,18,107.0,3.135986328125,3.1342644691467285,-0.0017218589782714844
18,8,19,48.0,3.4995276927948,3.508516311645508,0.008988618850708008
18,8,20,74.0,1.9705148935317993,1.9740660190582275,0.0035511255264282227
18,8,21,103.0,2.235994577407837,2.234731674194336,-0.0012629032135009766
18,8,22,114.0,3.2786149978637695,3.281423568725586,0.0028085708618164062
18,8,23,50.0,5.015505313873291,5.014467716217041,-0.00103759765625
18,8,24,281.0,2.3039751052856445,2.3051974773406982,0.001222372055053711
18,8,25,247.0,1.9686022996902466,1.9710150957107544,0.0024127960205078125
18,8,26,173.0,3.4113833904266357,3.411203622817993,-0.00017976760864257812
18,8,27,166.0,3.050419330596924,3.0483181476593018,-0.0021011829376220703
18,8,28,98.0,2.611907482147217,2.6173107624053955,0.005403280258178711
18,8,29,174.0,3.051379919052124,3.0482215881347656,-0.0031583309173583984
18,8,30,173.0,2.750077724456787,2.752567768096924,0.0024900436401367188
18,8,31,215.0,3.4014222621917725,3.401113748550415,-0.0003085136413574219
18,8,32,186.0,2.6455953121185303,2.6561923027038574,0.010596990585327148
18,8,33,153.0,2.4407522678375244,2.439192295074463,-0.0015599727630615234
18,8,34,147.0,2.7246551513671875,2.7279365062713623,0.0032813549041748047
18,8,35,50.0,4.024989604949951,4.015933036804199,-0.009056568145751953
18,8,36,86.0,2.0081088542938232,2.0243608951568604,0.01625204086303711
18,8,37,154.0,3.517357349395752,3.5131866931915283,-0.004170656204223633
18,8,38,265.0,2.388361930847168,2.3896780014038086,0.001316070556640625
18,8,39,199.0,3.1552681922912598,3.15427303314209,-0.0009951591491699219
18,8,40,138.0,2.536069631576538,2.530137300491333,-0.005932331085205078
18,8,41,98.0,3.269590377807617,3.274751901626587,0.0051615238189697266
18,8,42,167.0,2.519949436187744,2.530441999435425,0.010492563247680664
18,8,43,288.0,3.7899160385131836,3.7863752841949463,-0.0035407543182373047
18,8,44,225.0,2.509033441543579,2.5088162422180176,-0.00021719932556152344
18,8,45,191.0,3.1287972927093506,3.1306517124176025,0.0018544197082519531
18,8,46,92.0,4.466386795043945,4.459588527679443,-0.006798267364501953
18,8,47,41.0,4.971887588500977,4.9740824699401855,0.0021948814392089844
18,8,48,231.0,2.9811513423919678,2.9839024543762207,0.0027511119842529297
18,8,49,101.0,2.116225004196167,2.112480878829956,-0.0037441253662109375
18,8,50,177.0,2.9830946922302246,2.9800760746002197,-0.003018617630004883
18,8,51,252.0,3.516876697540283,3.514158010482788,-0.002718687057495117
18,8,52,259.0,2.737027645111084,2.7329959869384766,-0.004031658172607422
18,8,53,47.0,1.9067243337631226,1.9045093059539795,-0.0022150278091430664
18,8,54,164.0,2.2345211505889893,2.2299857139587402,-0.0045354366302490234
18,8,55,94.0,3.3757195472717285,3.37713623046875,0.0014166831970214844
18,8,56,103.0,3.3878378868103027,3.380415439605713,-0.007422447204589844
18,8,57,78.0,3.3106584548950195,3.309799909591675,-0.0008585453033447266
18,8,58,239.0,3.107602596282959,3.0997493267059326,-0.007853269577026367
18,8,59,271.0,4.418605804443359,4.413932800292969,-0.004673004150390625
18,8,60,162.0,2.9131579399108887,2.910188913345337,-0.002969026565551758
18,8,61,179.0,3.214285135269165,3.2048983573913574,-0.009386777877807617
18,8,62,218.0,2.5891129970550537,2.58735990524292,-0.001753091812133789
18,8,63,81.0,3.4107165336608887,3.4060845375061035,-0.004631996154785156
18,8,64,93.0,3.5013821125030518,3.493079423904419,-0.008302688598632812
18,8,65,72.0,3.358228921890259,3.3576481342315674,-0.0005807876586914062
18,8,66,230.0,3.3264732360839844,3.3289096355438232,0.002436399459838867
18,8,67,99.0,2.410640239715576,2.4046854972839355,-0.005954742431640625
18,8,68,213.0,2.6581079959869385,2.6593897342681885,0.00128173828125
18,8,69,119.0,2.5800669193267822,2.5784785747528076,-0.0015883445739746094
18,8,70,161.0,2.929652214050293,2.9292523860931396,-0.0003998279571533203
18,8,71,90.0,3.9417757987976074,3.9489657878875732,0.00718998908996582
18,8,72,181.0,2.8265914916992188,2.824547052383423,-0.0020444393157958984
18,8,73,95.0,3.8289499282836914,3.838632583618164,0.009682655334472656
18,8,74,245.0,2.2537572383880615,2.252629518508911,-0.0011277198791503906
18,8,75,93.0,1.7269396781921387,1.7225768566131592,-0.004362821578979492
18,8,76,225.0,2.4448561668395996,2.4430344104766846,-0.001821756362915039
18,8,77,61.0,3.08821439743042,3.095508575439453,0.007294178009033203
18,8,78,257.0,3.5650999546051025,3.5642874240875244,-0.000812530517578125
18,8,79,165.0,2.7435922622680664,2.748357057571411,0.0047647953033447266
18,8,80,117.0,4.079967498779297,4.076326847076416,-0.0036406517028808594
18,8,81,89.0,3.1170668601989746,3.1147072315216064,-0.002359628677368164
18,8,82,291.0,3.542208671569824,3.545531749725342,0.003323078155517578
18,8,83,93.0,3.1824769973754883,3.179814100265503,-0.0026628971099853516
18,8,84,228.0,1.8533809185028076,1.8481967449188232,-0.005184173583984375
18,8,85,131.0,2.4851677417755127,2.485748529434204,0.0005807876586914062
18,8,86,191.0,3.915872573852539,3.913736581802368,-0.0021359920501708984
18,8,87,238.0,4.8885579109191895,4.881620407104492,-0.006937503814697266
18,8,88,210.0,2.9943952560424805,2.995450735092163,0.0010554790496826172
18,8,89,107.0,4.1228203773498535,4.116787433624268,-0.0060329437255859375
18,8,90,217.0,2.7718281745910645,2.7765891551971436,0.0047609806060791016
18,8,91,199.0,3.112976312637329,3.1146607398986816,0.001684427261352539
18,8,92,84.0,2.381793260574341,2.38388729095459,0.0020940303802490234
18,8,93,271.0,3.5375630855560303,3.5347378253936768,-0.0028252601623535156
18,8,94,226.0,3.105239152908325,3.1002626419067383,-0.004976511001586914
18,8,95,258.0,3.5427961349487305,3.540463924407959,-0.0023322105407714844
18,8,96,86.0,3.23514723777771,3.2382421493530273,0.003094911575317383
18,8,97,142.0,4.2480573654174805,4.241940975189209,-0.006116390228271484
18,8,98,42.0,1.9809751510620117,1.9791513681411743,-0.0018237829208374023
18,8,99,224.0,2.4784393310546875,2.478759288787842,0.0003199577331542969
18,8,100,197.0,1.853989601135254,1.8538509607315063,-0.0001386404037475586
18,8,101,85.0,2.4941816329956055,2.4925038814544678,-0.0016777515411376953
18,8,102,195.0,3.122326612472534,3.1324920654296875,0.01016545295715332
18,8,103,102.0,3.1147775650024414,3.113579750061035,-0.00119781494140625
18,8,104,181.0,3.189467191696167,3.1856911182403564,-0.003776073455810547
18,8,105,72.0,1.8649518489837646,1.8512959480285645,-0.013655900955200195
18,8,106,130.0,4.294760227203369,4.287542819976807,-0.0072174072265625
18,8,107,62.0,2.4163553714752197,2.415647029876709,-0.0007083415985107422
18,8,108,263.0,3.546691656112671,3.5475127696990967,0.0008211135864257812
18,8,109,194.0,2.697882890701294,2.6956207752227783,-0.002262115478515625
18,8,110,174.0,2.602036237716675,2.5980851650238037,-0.003951072692871094
18,8,111,235.0,3.703277826309204,3.696103572845459,-0.007174253463745117
18,8,112,143.0,3.633587121963501,3.631584644317627,-0.0020024776458740234
18,8,113,117.0,4.060715675354004,4.056396961212158,-0.004318714141845703
18,8,114,160.0,3.7659225463867188,3.7655136585235596,-0.0004088878631591797
18,8,115,115.0,3.034438133239746,3.0317139625549316,-0.002724170684814453
18,8,116,120.0,3.3571696281433105,3.3604118824005127,0.0032422542572021484
18,8,117,186.0,3.4980924129486084,3.5023117065429688,0.0042192935943603516
18,8,118,138.0,3.0037918090820312,2.9985098838806152,-0.005281925201416016
18,8,119,80.0,2.1522231101989746,2.149963140487671,-0.002259969711303711
18,8,120,164.0,2.666628122329712,2.6610100269317627,-0.005618095397949219
18,8,121,215.0,3.3896234035491943,3.3850162029266357,-0.004607200622558594
18,8,122,81.0,3.035551071166992,3.039057493209839,0.0035064220428466797
18,8,123,171.0,2.9384942054748535,2.944916009902954,0.006421804428100586
18,8,124,41.0,5.417657375335693,5.36346960067749,-0.054187774658203125
18,8,125,103.0,3.7517361640930176,3.7508785724639893,-0.0008575916290283203
18,8,126,145.0,2.8366682529449463,2.8343935012817383,-0.002274751663208008
18,8,127,102.0,2.7819013595581055,2.7805047035217285,-0.0013966560363769531
18,9,0,196.0,3.129199504852295,3.136753559112549,0.007554054260253906
18,9,1,127.0,2.998192548751831,2.997220277786255,-0.0009722709655761719
18,9,2,162.0,2.099813938140869,2.1048521995544434,0.005038261413574219
18,9,3,92.0,3.952493190765381,3.94868803024292,-0.0038051605224609375
18,9,4,194.0,2.782571315765381,2.7779855728149414,-0.004585742950439453
18,9,5,115.0,2.7538414001464844,2.7528457641601562,-0.000995635986328125
18,9,6,109.0,4.127994060516357,4.118908405303955,-0.009085655212402344
18,9,7,48.0,3.018592119216919,3.0142126083374023,-0.0043795108795166016
18,9,8,69.0,3.3226022720336914,3.3122522830963135,-0.01034998893737793
18,9,9,85.0,3.0205674171447754,3.015766143798828,-0.004801273345947266
18,9,10,238.0,2.6267495155334473,2.6271936893463135,0.00044417381286621094
18,9,11,233.0,2.4413414001464844,2.439133644104004,-0.0022077560424804688
18,9,12,208.0,2.959929943084717,2.96120285987854,0.0012729167938232422
18,9,13,196.0,2.753826141357422,2.7504656314849854,-0.0033605098724365234
18,9,14,131.0,2.9712021350860596,2.967355251312256,-0.003846883773803711
18,9,15,125.0,2.7515416145324707,2.7498531341552734,-0.0016884803771972656
18,9,16,61.0,4.166540145874023,4.161343574523926,-0.005196571350097656
18,9,17,164.0,1.9632303714752197,1.9568120241165161,-0.006418347358703613
18,9,18,107.0,3.135986328125,3.137981653213501,0.0019953250885009766
18,9,19,48.0,3.4995276927948,3.503647804260254,0.0041201114654541016
18,9,20,74.0,1.9705148935317993,1.976083755493164,0.005568861961364746
18,9,21,103.0,2.235994577407837,2.2456130981445312,0.009618520736694336
18,9,22,114.0,3.2786149978637695,3.2758965492248535,-0.0027184486389160156
18,9,23,50.0,5.015505313873291,5.0137553215026855,-0.0017499923706054688
18,9,24,281.0,2.3039751052856445,2.3101003170013428,0.006125211715698242
18,9,25,247.0,1.9686022996902466,1.9700837135314941,0.0014814138412475586
18,9,26,173.0,3.4113833904266357,3.40956711769104,-0.0018162727355957031
18,9,27,166.0,3.050419330596924,3.045720338821411,-0.004698991775512695
18,9,28,98.0,2.611907482147217,2.6176369190216064,0.0057294368743896484
18,9,29,174.0,3.051379919052124,3.0553231239318848,0.003943204879760742
18,9,30,173.0,2.750077724456787,2.74967622756958,-0.00040149688720703125
18,9,31,215.0,3.4014222621917725,3.3954017162323,-0.006020545959472656
18,9,32,186.0,2.6455953121185303,2.6556830406188965,0.010087728500366211
18,9,33,153.0,2.4407522678375244,2.433788537979126,-0.0069637298583984375
18,9,34,147.0,2.7246551513671875,2.7291159629821777,0.004460811614990234
18,9,35,50.0,4.024989604949951,4.01963472366333,-0.005354881286621094
18,9,36,86.0,2.0081088542938232,2.0144760608673096,0.006367206573486328
18,9,37,154.0,3.517357349395752,3.519820213317871,0.0024628639221191406
18,9,38,265.0,2.388361930847168,2.387937545776367,-0.00042438507080078125
18,9,39,199.0,3.1552681922912598,3.1593592166900635,0.004091024398803711
18,9,40,138.0,2.536069631576538,2.5321779251098633,-0.0038917064666748047
18,9,41,98.0,3.269590377807617,3.2792422771453857,0.009651899337768555
18,9,42,167.0,2.519949436187744,2.52392578125,0.003976345062255859
18,9,43,288.0,3.7899160385131836,3.7929399013519287,0.003023862838745117
18,9,44,225.0,2.509033441543579,2.508592128753662,-0.0004413127899169922
18,9,45,191.0,3.1287972927093506,3.1269936561584473,-0.0018036365509033203
18,9,46,92.0,4.466386795043945,4.470304012298584,0.003917217254638672
18,9,47,41.0,4.971887588500977,4.981935977935791,0.010048389434814453
18,9,48,231.0,2.9811513423919678,2.9809818267822266,-0.00016951560974121094
18,9,49,101.0,2.116225004196167,2.117102861404419,0.0008778572082519531
18,9,50,177.0,2.9830946922302246,2.9809253215789795,-0.002169370651245117
18,9,51,252.0,3.516876697540283,3.5209977626800537,0.004121065139770508
18,9,52,259.0,2.737027645111084,2.738776683807373,0.0017490386962890625
18,9,53,47.0,1.9067243337631226,1.8992725610733032,-0.007451772689819336
18,9,54,164.0,2.2345211505889893,2.2278947830200195,-0.0066263675689697266
18,9,55,94.0,3.3757195472717285,3.3707382678985596,-0.004981279373168945
18,9,56,103.0,3.3878378868103027,3.3887789249420166,0.0009410381317138672
18,9,57,78.0,3.3106584548950195,3.3164989948272705,0.0058405399322509766
18,9,58,239.0,3.107602596282959,3.0998940467834473,-0.007708549499511719
18,9,59,271.0,4.418605804443359,4.41733980178833,-0.0012660026550292969
18,9,60,162.0,2.9131579399108887,2.905625820159912,-0.0075321197509765625
18,9,61,179.0,3.214285135269165,3.207475185394287,-0.00680994987487793
18,9,62,218.0,2.5891129970550537,2.5858922004699707,-0.003220796585083008
18,9,63,81.0,3.4107165336608887,3.407437562942505,-0.003278970718383789
18,9,64,93.0,3.5013821125030518,3.4992551803588867,-0.002126932144165039
18,9,65,72.0,3.358228921890259,3.358644485473633,0.00041556358337402344
18,9,66,230.0,3.3264732360839844,3.324331521987915,-0.002141714096069336
18,9,67,99.0,2.410640239715576,2.397815465927124,-0.012824773788452148
18,9,68,213.0,2.6581079959869385,2.6584982872009277,0.0003902912139892578
18,9,69,119.0,2.5800669193267822,2.5804390907287598,0.00037217140197753906
18,9,70,161.0,2.929652214050293,2.9350790977478027,0.005426883697509766
18,9,71,90.0,3.9417757987976074,3.948709726333618,0.006933927536010742
18,9,72,181.0,2.8265914916992188,2.82568359375,-0.00090789794921875
18,9,73,95.0,3.8289499282836914,3.8279213905334473,-0.0010285377502441406
18,9,74,245.0,2.2537572383880615,2.2540721893310547,0.00031495094299316406
18,9,75,93.0,1.7269396781921387,1.727964162826538,0.001024484634399414
18,9,76,225.0,2.4448561668395996,2.440248966217041,-0.004607200622558594
18,9,77,61.0,3.08821439743042,3.08964467048645,0.0014302730560302734
18,9,78,257.0,3.5650999546051025,3.562124729156494,-0.0029752254486083984
18,9,79,165.0,2.7435922622680664,2.7486701011657715,0.005077838897705078
18,9,80,117.0,4.079967498779297,4.0835676193237305,0.0036001205444335938
18,9,81,89.0,3.1170668601989746,3.1124367713928223,-0.004630088806152344
18,9,82,291.0,3.542208671569824,3.546501636505127,0.004292964935302734
18,9,83,93.0,3.1824769973754883,3.182711601257324,0.0002346038818359375
18,9,84,228.0,1.8533809185028076,1.8531023263931274,-0.0002785921096801758
18,9,85,131.0,2.4851677417755127,2.4890358448028564,0.00386810302734375
18,9,86,191.0,3.915872573852539,3.911229372024536,-0.00464320182800293
18,9,87,238.0,4.8885579109191895,4.883596420288086,-0.004961490631103516
18,9,88,210.0,2.9943952560424805,2.997366189956665,0.0029709339141845703
18,9,89,107.0,4.1228203773498535,4.123117446899414,0.0002970695495605469
18,9,90,217.0,2.7718281745910645,2.776838541030884,0.005010366439819336
18,9,91,199.0,3.112976312637329,3.1077165603637695,-0.00525975227355957
18,9,92,84.0,2.381793260574341,2.3792176246643066,-0.0025756359100341797
18,9,93,271.0,3.5375630855560303,3.5312607288360596,-0.006302356719970703
18,9,94,226.0,3.105239152908325,3.1046488285064697,-0.0005903244018554688
18,9,95,258.0,3.5427961349487305,3.5482795238494873,0.005483388900756836
18,9,96,86.0,3.23514723777771,3.2316439151763916,-0.0035033226013183594
18,9,97,142.0,4.2480573654174805,4.2451276779174805,-0.0029296875
18,9,98,42.0,1.9809751510620117,1.9914571046829224,0.010481953620910645
18,9,99,224.0,2.4784393310546875,2.4803693294525146,0.0019299983978271484
18,9,100,197.0,1.853989601135254,1.8508565425872803,-0.003133058547973633
18,9,101,85.0,2.4941816329956055,2.493539333343506,-0.0006422996520996094
18,9,102,195.0,3.122326612472534,3.1226205825805664,0.00029397010803222656
18,9,103,102.0,3.1147775650024414,3.1031739711761475,-0.011603593826293945
18,9,104,181.0,3.189467191696167,3.187448501586914,-0.0020186901092529297
18,9,105,72.0,1.8649518489837646,1.8590558767318726,-0.00589597225189209
18,9,106,130.0,4.294760227203369,4.295775890350342,0.0010156631469726562
18,9,107,62.0,2.4163553714752197,2.4155941009521484,-0.0007612705230712891
18,9,108,263.0,3.546691656112671,3.5454108715057373,-0.0012807846069335938
18,9,109,194.0,2.697882890701294,2.7017695903778076,0.003886699676513672
18,9,110,174.0,2.602036237716675,2.6036765575408936,0.00164031982421875
18,9,111,235.0,3.703277826309204,3.7014265060424805,-0.0018513202667236328
18,9,112,143.0,3.633587121963501,3.6394827365875244,0.0058956146240234375
18,9,113,117.0,4.060715675354004,4.054891586303711,-0.005824089050292969
18,9,114,160.0,3.7659225463867188,3.7672653198242188,0.0013427734375
18,9,115,115.0,3.034438133239746,3.0329031944274902,-0.0015349388122558594
18,9,116,120.0,3.3571696281433105,3.3575570583343506,0.00038743019104003906
18,9,117,186.0,3.4980924129486084,3.500800609588623,0.0027081966400146484
18,9,118,138.0,3.0037918090820312,3.0063631534576416,0.0025713443756103516
18,9,119,80.0,2.1522231101989746,2.154604196548462,0.0023810863494873047
18,9,120,164.0,2.666628122329712,2.6706435680389404,0.004015445709228516
18,9,121,215.0,3.3896234035491943,3.3875348567962646,-0.0020885467529296875
18,9,122,81.0,3.035551071166992,3.0362930297851562,0.0007419586181640625
18,9,123,171.0,2.9384942054748535,2.9421098232269287,0.0036156177520751953
18,9,124,41.0,5.417657375335693,5.405828475952148,-0.011828899383544922
18,9,125,103.0,3.7517361640930176,3.7484664916992188,-0.003269672393798828
18,9,126,145.0,2.8366682529449463,2.8333513736724854,-0.0033168792724609375
18,9,127,102.0,2.7819013595581055,2.781785011291504,-0.0001163482666015625
18,10,0,196.0,3.129199504852295,3.1275691986083984,-0.0016303062438964844
18,10,1,127.0,2.998192548751831,3.0004470348358154,0.002254486083984375
18,10,2,162.0,2.099813938140869,2.1011900901794434,0.0013761520385742188
18,10,3,92.0,3.952493190765381,3.9549994468688965,0.002506256103515625
18,10,4,194.0,2.782571315765381,2.783193349838257,0.0006220340728759766
18,10,5,115.0,2.7538414001464844,2.7602381706237793,0.006396770477294922
18,10,6,109.0,4.127994060516357,4.126987457275391,-0.0010066032409667969
18,10,7,48.0,3.018592119216919,3.002391815185547,-0.01620030403137207
18,10,8,69.0,3.3226022720336914,3.3178770542144775,-0.004725217819213867
18,10,9,85.0,3.0205674171447754,3.017502784729004,-0.0030646324157714844
18,10,10,238.0,2.6267495155334473,2.627871036529541,0.00112152099609375
18,10,11,233.0,2.4413414001464844,2.4412779808044434,-6.341934204101562e-05
18,10,12,208.0,2.959929943084717,2.9568116664886475,-0.003118276596069336
18,10,13,196.0,2.753826141357422,2.7601962089538574,0.006370067596435547
18,10,14,131.0,2.9712021350860596,2.9716804027557373,0.0004782676696777344
18,10,15,125.0,2.7515416145324707,2.7538490295410156,0.002307415008544922
18,10,16,61.0,4.166540145874023,4.170426368713379,0.0038862228393554688
18,10,17,164.0,1.9632303714752197,1.9604727029800415,-0.0027576684951782227
18,10,18,107.0,3.135986328125,3.1324737071990967,-0.0035126209259033203
18,10,19,48.0,3.4995276927948,3.5038273334503174,0.004299640655517578
18,10,20,74.0,1.9705148935317993,1.9701552391052246,-0.00035965442657470703
18,10,21,103.0,2.235994577407837,2.2303218841552734,-0.0056726932525634766
18,10,22,114.0,3.2786149978637695,3.2813169956207275,0.002701997756958008
18,10,23,50.0,5.015505313873291,5.004324436187744,-0.011180877685546875
18,10,24,281.0,2.3039751052856445,2.3023693561553955,-0.0016057491302490234
18,10,25,247.0,1.9686022996902466,1.972123384475708,0.0035210847854614258
18,10,26,173.0,3.4113833904266357,3.4098663330078125,-0.0015170574188232422
18,10,27,166.0,3.050419330596924,3.05539870262146,0.004979372024536133
18,10,28,98.0,2.611907482147217,2.6235899925231934,0.011682510375976562
18,10,29,174.0,3.051379919052124,3.057049036026001,0.005669116973876953
18,10,30,173.0,2.750077724456787,2.7552099227905273,0.005132198333740234
18,10,31,215.0,3.4014222621917725,3.4001593589782715,-0.0012629032135009766
18,10,32,186.0,2.6455953121185303,2.6515233516693115,0.00592803955078125
18,10,33,153.0,2.4407522678375244,2.4384517669677734,-0.0023005008697509766
18,10,34,147.0,2.7246551513671875,2.725229263305664,0.0005741119384765625
18,10,35,50.0,4.024989604949951,4.017822742462158,-0.007166862487792969
18,10,36,86.0,2.0081088542938232,2.000941514968872,-0.007167339324951172
18,10,37,154.0,3.517357349395752,3.5202407836914062,0.002883434295654297
18,10,38,265.0,2.388361930847168,2.389909029006958,0.001547098159790039
18,10,39,199.0,3.1552681922912598,3.1599786281585693,0.00471043586730957
18,10,40,138.0,2.536069631576538,2.5307815074920654,-0.005288124084472656
18,10,41,98.0,3.269590377807617,3.2715775966644287,0.0019872188568115234
18,10,42,167.0,2.519949436187744,2.5189528465270996,-0.0009965896606445312
18,10,43,288.0,3.7899160385131836,3.7917463779449463,0.0018303394317626953
18,10,44,225.0,2.509033441543579,2.5154285430908203,0.006395101547241211
18,10,45,191.0,3.1287972927093506,3.1297991275787354,0.0010018348693847656
18,10,46,92.0,4.466386795043945,4.464874744415283,-0.0015120506286621094
18,10,47,41.0,4.971887588500977,4.971518039703369,-0.0003695487976074219
18,10,48,231.0,2.9811513423919678,2.9807941913604736,-0.0003571510314941406
18,10,49,101.0,2.116225004196167,2.1121902465820312,-0.004034757614135742
18,10,50,177.0,2.9830946922302246,2.9844257831573486,0.0013310909271240234
18,10,51,252.0,3.516876697540283,3.52290415763855,0.0060274600982666016
18,10,52,259.0,2.737027645111084,2.7378344535827637,0.0008068084716796875
18,10,53,47.0,1.9067243337631226,1.902195692062378,-0.004528641700744629
18,10,54,164.0,2.2345211505889893,2.231363534927368,-0.0031576156616210938
18,10,55,94.0,3.3757195472717285,3.3736560344696045,-0.0020635128021240234
18,10,56,103.0,3.3878378868103027,3.3810513019561768,-0.0067865848541259766
18,10,57,78.0,3.3106584548950195,3.3119730949401855,0.0013146400451660156
18,10,58,239.0,3.107602596282959,3.1052329540252686,-0.0023696422576904297
18,10,59,271.0,4.418605804443359,4.420003414154053,0.0013976097106933594
18,10,60,162.0,2.9131579399108887,2.9078216552734375,-0.005336284637451172
18,10,61,179.0,3.214285135269165,3.213691234588623,-0.0005939006805419922
18,10,62,218.0,2.5891129970550537,2.5871593952178955,-0.001953601837158203
18,10,63,81.0,3.4107165336608887,3.4102814197540283,-0.00043511390686035156
18,10,64,93.0,3.5013821125030518,3.502061128616333,0.00067901611328125
18,10,65,72.0,3.358228921890259,3.3585596084594727,0.0003306865692138672
18,10,66,230.0,3.3264732360839844,3.327820301055908,0.0013470649719238281
18,10,67,99.0,2.410640239715576,2.413543462753296,0.0029032230377197266
18,10,68,213.0,2.6581079959869385,2.662909984588623,0.00480198860168457
18,10,69,119.0,2.5800669193267822,2.5811142921447754,0.001047372817993164
18,10,70,161.0,2.929652214050293,2.9297094345092773,5.7220458984375e-05
18,10,71,90.0,3.9417757987976074,3.9378459453582764,-0.003929853439331055
18,10,72,181.0,2.8265914916992188,2.8316144943237305,0.005023002624511719
18,10,73,95.0,3.8289499282836914,3.831840753555298,0.0028908252716064453
18,10,74,245.0,2.2537572383880615,2.2540059089660645,0.0002486705780029297
18,10,75,93.0,1.7269396781921387,1.7358503341674805,0.008910655975341797
18,10,76,225.0,2.4448561668395996,2.442666530609131,-0.00218963623046875
18,10,77,61.0,3.08821439743042,3.0940115451812744,0.005797147750854492
18,10,78,257.0,3.5650999546051025,3.56451153755188,-0.0005884170532226562
18,10,79,165.0,2.7435922622680664,2.745053291320801,0.001461029052734375
18,10,80,117.0,4.079967498779297,4.077032089233398,-0.0029354095458984375
18,10,81,89.0,3.1170668601989746,3.1150429248809814,-0.002023935317993164
18,10,82,291.0,3.542208671569824,3.5500807762145996,0.00787210464477539
18,10,83,93.0,3.1824769973754883,3.189408540725708,0.0069315433502197266
18,10,84,228.0,1.8533809185028076,1.8487087488174438,-0.0046721696853637695
18,10,85,131.0,2.4851677417755127,2.483189344406128,-0.0019783973693847656
18,10,86,191.0,3.915872573852539,3.9106502532958984,-0.005222320556640625
18,10,87,238.0,4.8885579109191895,4.8892998695373535,0.0007419586181640625
18,10,88,210.0,2.9943952560424805,3.0042946338653564,0.009899377822875977
18,10,89,107.0,4.1228203773498535,4.125544548034668,0.002724170684814453
18,10,90,217.0,2.7718281745910645,2.775132417678833,0.0033042430877685547
18,10,91,199.0,3.112976312637329,3.1141464710235596,0.0011701583862304688
18,10,92,84.0,2.381793260574341,2.380484104156494,-0.0013091564178466797
18,10,93,271.0,3.5375630855560303,3.5376179218292236,5.4836273193359375e-05
18,10,94,226.0,3.105239152908325,3.0987186431884766,-0.006520509719848633
18,10,95,258.0,3.5427961349487305,3.5469980239868164,0.0042018890380859375
18,10,96,86.0,3.23514723777771,3.2383108139038086,0.003163576126098633
18,10,97,142.0,4.2480573654174805,4.24923038482666,0.0011730194091796875
18,10,98,42.0,1.9809751510620117,1.9846723079681396,0.0036971569061279297
18,10,99,224.0,2.4784393310546875,2.4780330657958984,-0.0004062652587890625
18,10,100,197.0,1.853989601135254,1.8520376682281494,-0.0019519329071044922
18,10,101,85.0,2.4941816329956055,2.4939122200012207,-0.0002694129943847656
18,10,102,195.0,3.122326612472534,3.125214099884033,0.0028874874114990234
18,10,103,102.0,3.1147775650024414,3.1136786937713623,-0.0010988712310791016
18,10,104,181.0,3.189467191696167,3.1904337406158447,0.0009665489196777344
18,10,105,72.0,1.8649518489837646,1.8567155599594116,-0.008236289024353027
18,10,106,130.0,4.294760227203369,4.2955169677734375,0.0007567405700683594
18,10,107,62.0,2.4163553714752197,2.4115076065063477,-0.00484776496887207
18,10,108,263.0,3.546691656112671,3.54833984375,0.0016481876373291016
18,10,109,194.0,2.697882890701294,2.6978867053985596,3.814697265625e-06
18,10,110,174.0,2.602036237716675,2.606757402420044,0.004721164703369141
18,10,111,235.0,3.703277826309204,3.706202745437622,0.0029249191284179688
18,10,112,143.0,3.633587121963501,3.633404016494751,-0.00018310546875
18,10,113,117.0,4.060715675354004,4.066061496734619,0.005345821380615234
18,10,114,160.0,3.7659225463867188,3.7661101818084717,0.0001876354217529297
18,10,115,115.0,3.034438133239746,3.038367748260498,0.003929615020751953
18,10,116,120.0,3.3571696281433105,3.361211061477661,0.004041433334350586
18,10,117,186.0,3.4980924129486084,3.5033175945281982,0.005225181579589844
18,10,118,138.0,3.0037918090820312,3.0001235008239746,-0.0036683082580566406
18,10,119,80.0,2.1522231101989746,2.1624114513397217,0.01018834114074707
18,10,120,164.0,2.666628122329712,2.6636087894439697,-0.0030193328857421875
18,10,121,215.0,3.3896234035491943,3.387357473373413,-0.00226593017578125
18,10,122,81.0,3.035551071166992,3.034501075744629,-0.0010499954223632812
18,10,123,171.0,2.9384942054748535,2.943310499191284,0.004816293716430664
18,10,124,41.0,5.417657375335693,5.424752712249756,0.0070953369140625
18,10,125,103.0,3.7517361640930176,3.7503793239593506,-0.0013568401336669922
18,10,126,145.0,2.8366682529449463,2.8376784324645996,0.0010101795196533203
18,10,127,102.0,2.7819013595581055,2.7706353664398193,-0.011265993118286133
18,11,0,196.0,3.129199504852295,3.120905637741089,-0.008293867111206055
18,11,1,127.0,2.998192548751831,2.997840642929077,-0.00035190582275390625
18,11,2,162.0,2.099813938140869,2.1036300659179688,0.0038161277770996094
18,11,3,92.0,3.952493190765381,3.9529504776000977,0.0004572868347167969
18,11,4,194.0,2.782571315765381,2.786651372909546,0.004080057144165039
18,11,5,115.0,2.7538414001464844,2.7599332332611084,0.0060918331146240234
18,11,6,109.0,4.127994060516357,4.1189351081848145,-0.009058952331542969
18,11,7,48.0,3.018592119216919,3.0169761180877686,-0.0016160011291503906
18,11,8,69.0,3.3226022720336914,3.309833526611328,-0.012768745422363281
18,11,9,85.0,3.0205674171447754,3.0215704441070557,0.0010030269622802734
18,11,10,238.0,2.6267495155334473,2.6294939517974854,0.002744436264038086
18,11,11,233.0,2.4413414001464844,2.444075584411621,0.0027341842651367188
18,11,12,208.0,2.959929943084717,2.95684814453125,-0.003081798553466797
18,11,13,196.0,2.753826141357422,2.7519147396087646,-0.0019114017486572266
18,11,14,131.0,2.9712021350860596,2.975843667984009,0.004641532897949219
18,11,15,125.0,2.7515416145324707,2.7516071796417236,6.556510925292969e-05
18,11,16,61.0,4.166540145874023,4.160948276519775,-0.005591869354248047
18,11,17,164.0,1.9632303714752197,1.9649475812911987,0.001717209815979004
18,11,18,107.0,3.135986328125,3.1373238563537598,0.0013375282287597656
18,11,19,48.0,3.4995276927948,3.515000581741333,0.015472888946533203
18,11,20,74.0,1.9705148935317993,1.9787495136260986,0.008234620094299316
18,11,21,103.0,2.235994577407837,2.2446682453155518,0.008673667907714844
18,11,22,114.0,3.2786149978637695,3.283445358276367,0.004830360412597656
18,11,23,50.0,5.015505313873291,5.004143714904785,-0.01136159896850586
18,11,24,281.0,2.3039751052856445,2.301466703414917,-0.002508401870727539
18,11,25,247.0,1.9686022996902466,1.966302514076233,-0.002299785614013672
18,11,26,173.0,3.4113833904266357,3.4129116535186768,0.0015282630920410156
18,11,27,166.0,3.050419330596924,3.0550737380981445,0.004654407501220703
18,11,28,98.0,2.611907482147217,2.617158889770508,0.005251407623291016
18,11,29,174.0,3.051379919052124,3.053245782852173,0.0018658638000488281
18,11,30,173.0,2.750077724456787,2.7562408447265625,0.006163120269775391
18,11,31,215.0,3.4014222621917725,3.396989345550537,-0.0044329166412353516
18,11,32,186.0,2.6455953121185303,2.6510627269744873,0.005467414855957031
18,11,33,153.0,2.4407522678375244,2.4369442462921143,-0.0038080215454101562
18,11,34,147.0,2.7246551513671875,2.727202892303467,0.002547740936279297
18,11,35,50.0,4.024989604949951,4.010926246643066,-0.014063358306884766
18,11,36,86.0,2.0081088542938232,2.005084276199341,-0.003024578094482422
18,11,37,154.0,3.517357349395752,3.5213449001312256,0.003987550735473633
18,11,38,265.0,2.388361930847168,2.388930559158325,0.0005686283111572266
18,11,39,199.0,3.1552681922912598,3.1557159423828125,0.0004477500915527344
18,11,40,138.0,2.536069631576538,2.53262996673584,-0.003439664840698242
18,11,41,98.0,3.269590377807617,3.2728278636932373,0.003237485885620117
18,11,42,167.0,2.519949436187744,2.5197620391845703,-0.00018739700317382812
18,11,43,288.0,3.7899160385131836,3.792814016342163,0.002897977828979492
18,11,44,225.0,2.509033441543579,2.5106136798858643,0.0015802383422851562
18,11,45,191.0,3.1287972927093506,3.1288509368896484,5.364418029785156e-05
18,11,46,92.0,4.466386795043945,4.464557647705078,-0.0018291473388671875
18,11,47,41.0,4.971887588500977,4.9746198654174805,0.0027322769165039062
18,11,48,231.0,2.9811513423919678,2.982316493988037,0.001165151596069336
18,11,49,101.0,2.116225004196167,2.117363691329956,0.0011386871337890625
18,11,50,177.0,2.9830946922302246,2.9832894802093506,0.00019478797912597656
18,11,51,252.0,3.516876697540283,3.5194714069366455,0.0025947093963623047
18,11,52,259.0,2.737027645111084,2.7326622009277344,-0.004365444183349609
18,11,53,47.0,1.9067243337631226,1.8953640460968018,-0.0113602876663208
18,11,54,164.0,2.2345211505889893,2.2322044372558594,-0.002316713333129883
18,11,55,94.0,3.3757195472717285,3.373213052749634,-0.0025064945220947266
18,11,56,103.0,3.3878378868103027,3.3871867656707764,-0.0006511211395263672
18,11,57,78.0,3.3106584548950195,3.3092710971832275,-0.0013873577117919922
18,11,58,239.0,3.107602596282959,3.102747678756714,-0.004854917526245117
18,11,59,271.0,4.418605804443359,4.420152187347412,0.0015463829040527344
18,11,60,162.0,2.9131579399108887,2.9154744148254395,0.0023164749145507812
18,11,61,179.0,3.214285135269165,3.210341453552246,-0.003943681716918945
18,11,62,218.0,2.5891129970550537,2.5893394947052,0.00022649765014648438
18,11,63,81.0,3.4107165336608887,3.4144954681396484,0.0037789344787597656
18,11,64,93.0,3.5013821125030518,3.504901885986328,0.003519773483276367
18,11,65,72.0,3.358228921890259,3.3515987396240234,-0.0066301822662353516
18,11,66,230.0,3.3264732360839844,3.3288192749023438,0.002346038818359375
18,11,67,99.0,2.410640239715576,2.4123895168304443,0.001749277114868164
18,11,68,213.0,2.6581079959869385,2.6595945358276367,0.0014865398406982422
18,11,69,119.0,2.5800669193267822,2.5831828117370605,0.0031158924102783203
18,11,70,161.0,2.929652214050293,2.9307167530059814,0.0010645389556884766
18,11,71,90.0,3.9417757987976074,3.9412691593170166,-0.0005066394805908203
18,11,72,181.0,2.8265914916992188,2.826378345489502,-0.00021314620971679688
18,11,73,95.0,3.8289499282836914,3.832664966583252,0.003715038299560547
18,11,74,245.0,2.2537572383880615,2.256321430206299,0.0025641918182373047
18,11,75,93.0,1.7269396781921387,1.7313117980957031,0.004372119903564453
18,11,76,225.0,2.4448561668395996,2.443939447402954,-0.0009167194366455078
18,11,77,61.0,3.08821439743042,3.0967509746551514,0.008536577224731445
18,11,78,257.0,3.5650999546051025,3.561630964279175,-0.0034689903259277344
18,11,79,165.0,2.7435922622680664,2.7391533851623535,-0.004438877105712891
18,11,80,117.0,4.079967498779297,4.07590389251709,-0.004063606262207031
18,11,81,89.0,3.1170668601989746,3.112069845199585,-0.0049970149993896484
18,11,82,291.0,3.542208671569824,3.545957565307617,0.0037488937377929688
18,11,83,93.0,3.1824769973754883,3.188267946243286,0.0057909488677978516
18,11,84,228.0,1.8533809185028076,1.8301889896392822,-0.02319192886352539
18,11,85,131.0,2.4851677417755127,2.4850311279296875,-0.0001366138458251953
18,11,86,191.0,3.915872573852539,3.9057412147521973,-0.010131359100341797
18,11,87,238.0,4.8885579109191895,4.8896260261535645,0.001068115234375
18,11,88,210.0,2.9943952560424805,3.001345634460449,0.00695037841796875
18,11,89,107.0,4.1228203773498535,4.123920440673828,0.0011000633239746094
18,11,90,217.0,2.7718281745910645,2.7756285667419434,0.0038003921508789062
18,11,91,199.0,3.112976312637329,3.109997510910034,-0.002978801727294922
18,11,92,84.0,2.381793260574341,2.3806798458099365,-0.0011134147644042969
18,11,93,271.0,3.5375630855560303,3.537379741668701,-0.00018334388732910156
18,11,94,226.0,3.105239152908325,3.0990796089172363,-0.006159543991088867
18,11,95,258.0,3.5427961349487305,3.5466463565826416,0.003850221633911133
18,11,96,86.0,3.23514723777771,3.239445209503174,0.004297971725463867
18,11,97,142.0,4.2480573654174805,4.244225978851318,-0.0038313865661621094
18,11,98,42.0,1.9809751510620117,1.9825561046600342,0.001580953598022461
18,11,99,224.0,2.4784393310546875,2.4799728393554688,0.00153350830078125
18,11,100,197.0,1.853989601135254,1.850988745689392,-0.0030008554458618164
18,11,101,85.0,2.4941816329956055,2.490429639816284,-0.003751993179321289
18,11,102,195.0,3.122326612472534,3.1247432231903076,0.0024166107177734375
18,11,103,102.0,3.1147775650024414,3.114037036895752,-0.0007405281066894531
18,11,104,181.0,3.189467191696167,3.1957590579986572,0.006291866302490234
18,11,105,72.0,1.8649518489837646,1.8640000820159912,-0.0009517669677734375
18,11,106,130.0,4.294760227203369,4.297746181488037,0.0029859542846679688
18,11,107,62.0,2.4163553714752197,2.4138519763946533,-0.0025033950805664062
18,11,108,263.0,3.546691656112671,3.5443480014801025,-0.0023436546325683594
18,11,109,194.0,2.697882890701294,2.6990158557891846,0.001132965087890625
18,11,110,174.0,2.602036237716675,2.601027250289917,-0.0010089874267578125
18,11,111,235.0,3.703277826309204,3.692498207092285,-0.010779619216918945
18,11,112,143.0,3.633587121963501,3.6367015838623047,0.003114461898803711
18,11,113,117.0,4.060715675354004,4.064825534820557,0.004109859466552734
18,11,114,160.0,3.7659225463867188,3.7684707641601562,0.0025482177734375
18,11,115,115.0,3.034438133239746,3.0348527431488037,0.0004146099090576172
18,11,116,120.0,3.3571696281433105,3.3549113273620605,-0.00225830078125
18,11,117,186.0,3.4980924129486084,3.50244402885437,0.004351615905761719
18,11,118,138.0,3.0037918090820312,3.001160144805908,-0.002631664276123047
18,11,119,80.0,2.1522231101989746,2.1532435417175293,0.0010204315185546875
18,11,120,164.0,2.666628122329712,2.6681642532348633,0.0015361309051513672
18,11,121,215.0,3.3896234035491943,3.389446973800659,-0.00017642974853515625
18,11,122,81.0,3.035551071166992,3.036078453063965,0.0005273818969726562
18,11,123,171.0,2.9384942054748535,2.9425907135009766,0.004096508026123047
18,11,124,41.0,5.417657375335693,5.403738498687744,-0.013918876647949219
18,11,125,103.0,3.7517361640930176,3.752906084060669,0.0011699199676513672
18,11,126,145.0,2.8366682529449463,2.8368468284606934,0.0001785755157470703
18,11,127,102.0,2.7819013595581055,2.780860185623169,-0.0010411739349365234
18,12,0,196.0,3.129199504852295,3.1218252182006836,-0.007374286651611328
18,12,1,127.0,2.998192548751831,2.999917984008789,0.0017254352569580078
18,12,2,162.0,2.099813938140869,2.102429151535034,0.002615213394165039
18,12,3,92.0,3.952493190765381,3.9473512172698975,-0.0051419734954833984
18,12,4,194.0,2.782571315765381,2.7772154808044434,-0.0053558349609375
18,12,5,115.0,2.7538414001464844,2.758211612701416,0.004370212554931641
18,12,6,109.0,4.127994060516357,4.119215488433838,-0.008778572082519531
18,12,7,48.0,3.018592119216919,3.014958381652832,-0.003633737564086914
18,12,8,69.0,3.3226022720336914,3.3099758625030518,-0.012626409530639648
18,12,9,85.0,3.0205674171447754,3.024219512939453,0.0036520957946777344
18,12,10,238.0,2.6267495155334473,2.6258342266082764,-0.0009152889251708984
18,12,11,233.0,2.4413414001464844,2.445202589035034,0.0038611888885498047
18,12,12,208.0,2.959929943084717,2.9565048217773438,-0.003425121307373047
18,12,13,196.0,2.753826141357422,2.7604291439056396,0.0066030025482177734
18,12,14,131.0,2.9712021350860596,2.9703359603881836,-0.0008661746978759766
18,12,15,125.0,2.7515416145324707,2.751129388809204,-0.00041222572326660156
18,12,16,61.0,4.166540145874023,4.159997940063477,-0.006542205810546875
18,12,17,164.0,1.9632303714752197,1.9655605554580688,0.002330183982849121
18,12,18,107.0,3.135986328125,3.143693208694458,0.007706880569458008
18,12,19,48.0,3.4995276927948,3.5146238803863525,0.015096187591552734
18,12,20,74.0,1.9705148935317993,1.9808716773986816,0.010356783866882324
18,12,21,103.0,2.235994577407837,2.2317001819610596,-0.004294395446777344
18,12,22,114.0,3.2786149978637695,3.276771306991577,-0.0018436908721923828
18,12,23,50.0,5.015505313873291,5.012498378753662,-0.0030069351196289062
18,12,24,281.0,2.3039751052856445,2.305738687515259,0.0017635822296142578
18,12,25,247.0,1.9686022996902466,1.9728834629058838,0.004281163215637207
18,12,26,173.0,3.4113833904266357,3.410299062728882,-0.0010843276977539062
18,12,27,166.0,3.050419330596924,3.0572428703308105,0.006823539733886719
18,12,28,98.0,2.611907482147217,2.616544485092163,0.004637002944946289
18,12,29,174.0,3.051379919052124,3.0507209300994873,-0.0006589889526367188
18,12,30,173.0,2.750077724456787,2.7470579147338867,-0.0030198097229003906
18,12,31,215.0,3.4014222621917725,3.4026038646698,0.0011816024780273438
18,12,32,186.0,2.6455953121185303,2.6462175846099854,0.0006222724914550781
18,12,33,153.0,2.4407522678375244,2.431462287902832,-0.009289979934692383
18,12,34,147.0,2.7246551513671875,2.725332736968994,0.0006775856018066406
18,12,35,50.0,4.024989604949951,4.02216911315918,-0.0028204917907714844
18,12,36,86.0,2.0081088542938232,2.0414602756500244,0.03335142135620117
18,12,37,154.0,3.517357349395752,3.5205869674682617,0.0032296180725097656
18,12,38,265.0,2.388361930847168,2.3909358978271484,0.0025739669799804688
18,12,39,199.0,3.1552681922912598,3.153496265411377,-0.0017719268798828125
18,12,40,138.0,2.536069631576538,2.531360149383545,-0.004709482192993164
18,12,41,98.0,3.269590377807617,3.2646079063415527,-0.004982471466064453
18,12,42,167.0,2.519949436187744,2.5180113315582275,-0.0019381046295166016
18,12,43,288.0,3.7899160385131836,3.7885873317718506,-0.0013287067413330078
18,12,44,225.0,2.509033441543579,2.507688283920288,-0.0013451576232910156
18,12,45,191.0,3.1287972927093506,3.131345748901367,0.0025484561920166016
18,12,46,92.0,4.466386795043945,4.468278408050537,0.0018916130065917969
18,12,47,41.0,4.971887588500977,4.971922874450684,3.528594970703125e-05
18,12,48,231.0,2.9811513423919678,2.980400562286377,-0.0007507801055908203
18,12,49,101.0,2.116225004196167,2.1193974018096924,0.0031723976135253906
18,12,50,177.0,2.9830946922302246,2.9781200885772705,-0.0049746036529541016
18,12,51,252.0,3.516876697540283,3.5212604999542236,0.00438380241394043
18,12,52,259.0,2.737027645111084,2.733682155609131,-0.003345489501953125
18,12,53,47.0,1.9067243337631226,1.8904298543930054,-0.016294479370117188
18,12,54,164.0,2.2345211505889893,2.230652332305908,-0.0038688182830810547
18,12,55,94.0,3.3757195472717285,3.369737386703491,-0.005982160568237305
18,12,56,103.0,3.3878378868103027,3.3901493549346924,0.0023114681243896484
18,12,57,78.0,3.3106584548950195,3.316210985183716,0.005552530288696289
18,12,58,239.0,3.107602596282959,3.104635715484619,-0.0029668807983398438
18,12,59,271.0,4.418605804443359,4.42451286315918,0.0059070587158203125
18,12,60,162.0,2.9131579399108887,2.915065050125122,0.0019071102142333984
18,12,61,179.0,3.214285135269165,3.211294412612915,-0.00299072265625
18,12,62,218.0,2.5891129970550537,2.586695909500122,-0.0024170875549316406
18,12,63,81.0,3.4107165336608887,3.394712209701538,-0.016004323959350586
18,12,64,93.0,3.5013821125030518,3.510169267654419,0.008787155151367188
18,12,65,72.0,3.358228921890259,3.3543734550476074,-0.003855466842651367
18,12,66,230.0,3.3264732360839844,3.3255057334899902,-0.0009675025939941406
18,12,67,99.0,2.410640239715576,2.4059314727783203,-0.004708766937255859
18,12,68,213.0,2.6581079959869385,2.6583874225616455,0.00027942657470703125
18,12,69,119.0,2.5800669193267822,2.5806350708007812,0.0005681514739990234
18,12,70,161.0,2.929652214050293,2.9294326305389404,-0.00021958351135253906
18,12,71,90.0,3.9417757987976074,3.9452474117279053,0.0034716129302978516
18,12,72,181.0,2.8265914916992188,2.823117733001709,-0.0034737586975097656
18,12,73,95.0,3.8289499282836914,3.8382811546325684,0.009331226348876953
18,12,74,245.0,2.2537572383880615,2.2534592151641846,-0.0002980232238769531
18,12,75,93.0,1.7269396781921387,1.7349388599395752,0.007999181747436523
18,12,76,225.0,2.4448561668395996,2.4465434551239014,0.0016872882843017578
18,12,77,61.0,3.08821439743042,3.0979530811309814,0.009738683700561523
18,12,78,257.0,3.5650999546051025,3.564624547958374,-0.0004754066467285156
18,12,79,165.0,2.7435922622680664,2.745407819747925,0.0018155574798583984
18,12,80,117.0,4.079967498779297,4.082942962646484,0.0029754638671875
18,12,81,89.0,3.1170668601989746,3.123016119003296,0.005949258804321289
18,12,82,291.0,3.542208671569824,3.5469136238098145,0.004704952239990234
18,12,83,93.0,3.1824769973754883,3.1818575859069824,-0.0006194114685058594
18,12,84,228.0,1.8533809185028076,1.8432605266571045,-0.010120391845703125
18,12,85,131.0,2.4851677417755127,2.488450050354004,0.003282308578491211
18,12,86,191.0,3.915872573852539,3.9058830738067627,-0.009989500045776367
18,12,87,238.0,4.8885579109191895,4.886203765869141,-0.002354145050048828
18,12,88,210.0,2.9943952560424805,2.9971249103546143,0.002729654312133789
18,12,89,107.0,4.1228203773498535,4.120298862457275,-0.002521514892578125
18,12,90,217.0,2.7718281745910645,2.7730774879455566,0.0012493133544921875
18,12,91,199.0,3.112976312637329,3.106440305709839,-0.006536006927490234
18,12,92,84.0,2.381793260574341,2.377749443054199,-0.0040438175201416016
18,12,93,271.0,3.5375630855560303,3.537288188934326,-0.00027489662170410156
18,12,94,226.0,3.105239152908325,3.093379259109497,-0.011859893798828125
18,12,95,258.0,3.5427961349487305,3.5482399463653564,0.0054438114166259766
18,12,96,86.0,3.23514723777771,3.231924295425415,-0.003222942352294922
18,12,97,142.0,4.2480573654174805,4.249425888061523,0.0013685226440429688
18,12,98,42.0,1.9809751510620117,1.9907604455947876,0.009785294532775879
18,12,99,224.0,2.4784393310546875,2.4780850410461426,-0.0003542900085449219
18,12,100,197.0,1.853989601135254,1.8569304943084717,0.0029408931732177734
18,12,101,85.0,2.4941816329956055,2.492871046066284,-0.001310586929321289
18,12,102,195.0,3.122326612472534,3.122112512588501,-0.00021409988403320312
18,12,103,102.0,3.1147775650024414,3.1044278144836426,-0.010349750518798828
18,12,104,181.0,3.189467191696167,3.188591241836548,-0.0008759498596191406
18,12,105,72.0,1.8649518489837646,1.8557881116867065,-0.009163737297058105
18,12,106,130.0,4.294760227203369,4.293290138244629,-0.0014700889587402344
18,12,107,62.0,2.4163553714752197,2.416073799133301,-0.0002815723419189453
18,12,108,263.0,3.546691656112671,3.545525312423706,-0.0011663436889648438
18,12,109,194.0,2.697882890701294,2.6951794624328613,-0.002703428268432617
18,12,110,174.0,2.602036237716675,2.596858263015747,-0.005177974700927734
18,12,111,235.0,3.703277826309204,3.7070531845092773,0.003775358200073242
18,12,112,143.0,3.633587121963501,3.636176586151123,0.0025894641876220703
18,12,113,117.0,4.060715675354004,4.054276466369629,-0.006439208984375
18,12,114,160.0,3.7659225463867188,3.7633414268493652,-0.0025811195373535156
18,12,115,115.0,3.034438133239746,3.0383198261260986,0.003881692886352539
18,12,116,120.0,3.3571696281433105,3.3555526733398438,-0.0016169548034667969
18,12,117,186.0,3.4980924129486084,3.5033493041992188,0.0052568912506103516
18,12,118,138.0,3.0037918090820312,3.0019211769104004,-0.0018706321716308594
18,12,119,80.0,2.1522231101989746,2.1534571647644043,0.0012340545654296875
18,12,120,164.0,2.666628122329712,2.66323184967041,-0.003396272659301758
18,12,121,215.0,3.3896234035491943,3.394171953201294,0.004548549652099609
18,12,122,81.0,3.035551071166992,3.0366270542144775,0.0010759830474853516
18,12,123,171.0,2.9384942054748535,2.943685531616211,0.005191326141357422
18,12,124,41.0,5.417657375335693,5.408834457397461,-0.008822917938232422
18,12,125,103.0,3.7517361640930176,3.7531673908233643,0.0014312267303466797
18,12,126,145.0,2.8366682529449463,2.834134340286255,-0.0025339126586914062
18,12,127,102.0,2.7819013595581055,2.776909589767456,-0.004991769790649414
18,13,0,196.0,3.129199504852295,3.1296370029449463,0.0004374980926513672
18,13,1,127.0,2.998192548751831,2.9992244243621826,0.0010318756103515625
18,13,2,162.0,2.099813938140869,2.104970693588257,0.005156755447387695
18,13,3,92.0,3.952493190765381,3.946373701095581,-0.006119489669799805
18,13,4,194.0,2.782571315765381,2.7820866107940674,-0.00048470497131347656
18,13,5,115.0,2.7538414001464844,2.75412917137146,0.00028777122497558594
18,13,6,109.0,4.127994060516357,4.1187591552734375,-0.009234905242919922
18,13,7,48.0,3.018592119216919,3.012162446975708,-0.0064296722412109375
18,13,8,69.0,3.3226022720336914,3.3148820400238037,-0.007720232009887695
18,13,9,85.0,3.0205674171447754,3.0218875408172607,0.0013201236724853516
18,13,10,238.0,2.6267495155334473,2.6264395713806152,-0.00030994415283203125
18,13,11,233.0,2.4413414001464844,2.439429759979248,-0.0019116401672363281
18,13,12,208.0,2.959929943084717,2.954085111618042,-0.005844831466674805
18,13,13,196.0,2.753826141357422,2.746788740158081,-0.00703740119934082
18,13,14,131.0,2.9712021350860596,2.964207649230957,-0.006994485855102539
18,13,15,125.0,2.7515416145324707,2.7512431144714355,-0.00029850006103515625
18,13,16,61.0,4.166540145874023,4.165821552276611,-0.0007185935974121094
18,13,17,164.0,1.9632303714752197,1.96597158908844,0.002741217613220215
18,13,18,107.0,3.135986328125,3.132251739501953,-0.003734588623046875
18,13,19,48.0,3.4995276927948,3.5122482776641846,0.012720584869384766
18,13,20,74.0,1.9705148935317993,1.9652070999145508,-0.005307793617248535
18,13,21,103.0,2.235994577407837,2.230499505996704,-0.0054950714111328125
18,13,22,114.0,3.2786149978637695,3.2776691913604736,-0.0009458065032958984
18,13,23,50.0,5.015505313873291,5.006690502166748,-0.008814811706542969
18,13,24,281.0,2.3039751052856445,2.311527729034424,0.007552623748779297
18,13,25,247.0,1.9686022996902466,1.9684618711471558,-0.0001404285430908203
18,13,26,173.0,3.4113833904266357,3.413011074066162,0.0016276836395263672
18,13,27,166.0,3.050419330596924,3.0452017784118652,-0.005217552185058594
18,13,28,98.0,2.611907482147217,2.6211800575256348,0.009272575378417969
18,13,29,174.0,3.051379919052124,3.0547447204589844,0.0033648014068603516
18,13,30,173.0,2.750077724456787,2.753814935684204,0.003737211227416992
18,13,31,215.0,3.4014222621917725,3.400447368621826,-0.0009748935699462891
18,13,32,186.0,2.6455953121185303,2.6411051750183105,-0.0044901371002197266
18,13,33,153.0,2.4407522678375244,2.43325138092041,-0.007500886917114258
18,13,34,147.0,2.7246551513671875,2.720093250274658,-0.004561901092529297
18,13,35,50.0,4.024989604949951,4.008257865905762,-0.016731739044189453
18,13,36,86.0,2.0081088542938232,2.016404151916504,0.008295297622680664
18,13,37,154.0,3.517357349395752,3.522231101989746,0.004873752593994141
18,13,38,265.0,2.388361930847168,2.3842737674713135,-0.004088163375854492
18,13,39,199.0,3.1552681922912598,3.1549410820007324,-0.00032711029052734375
18,13,40,138.0,2.536069631576538,2.530524730682373,-0.005544900894165039
18,13,41,98.0,3.269590377807617,3.275998830795288,0.0064084529876708984
18,13,42,167.0,2.519949436187744,2.5174875259399414,-0.0024619102478027344
18,13,43,288.0,3.7899160385131836,3.789486885070801,-0.0004291534423828125
18,13,44,225.0,2.509033441543579,2.50819993019104,-0.0008335113525390625
18,13,45,191.0,3.1287972927093506,3.1281981468200684,-0.0005991458892822266
18,13,46,92.0,4.466386795043945,4.460314750671387,-0.006072044372558594
18,13,47,41.0,4.971887588500977,4.9808878898620605,0.009000301361083984
18,13,48,231.0,2.9811513423919678,2.9806766510009766,-0.00047469139099121094
18,13,49,101.0,2.116225004196167,2.1153764724731445,-0.0008485317230224609
18,13,50,177.0,2.9830946922302246,2.982644557952881,-0.00045013427734375
18,13,51,252.0,3.516876697540283,3.519016742706299,0.002140045166015625
18,13,52,259.0,2.737027645111084,2.7346243858337402,-0.00240325927734375
18,13,53,47.0,1.9067243337631226,1.909891963005066,0.0031676292419433594
18,13,54,164.0,2.2345211505889893,2.2284247875213623,-0.006096363067626953
18,13,55,94.0,3.3757195472717285,3.381539821624756,0.005820274353027344
18,13,56,103.0,3.3878378868103027,3.3898098468780518,0.0019719600677490234
18,13,57,78.0,3.3106584548950195,3.3119537830352783,0.001295328140258789
18,13,58,239.0,3.107602596282959,3.103891611099243,-0.0037109851837158203
18,13,59,271.0,4.418605804443359,4.413336277008057,-0.005269527435302734
18,13,60,162.0,2.9131579399108887,2.907078742980957,-0.006079196929931641
18,13,61,179.0,3.214285135269165,3.2115445137023926,-0.002740621566772461
18,13,62,218.0,2.5891129970550537,2.588685989379883,-0.00042700767517089844
18,13,63,81.0,3.4107165336608887,3.4192421436309814,0.008525609970092773
18,13,64,93.0,3.5013821125030518,3.4948320388793945,-0.0065500736236572266
18,13,65,72.0,3.358228921890259,3.3536715507507324,-0.004557371139526367
18,13,66,230.0,3.3264732360839844,3.3272242546081543,0.0007510185241699219
18,13,67,99.0,2.410640239715576,2.402700662612915,-0.007939577102661133
18,13,68,213.0,2.6581079959869385,2.6570932865142822,-0.00101470947265625
18,13,69,119.0,2.5800669193267822,2.5805606842041016,0.0004937648773193359
18,13,70,161.0,2.929652214050293,2.9299557209014893,0.00030350685119628906
18,13,71,90.0,3.9417757987976074,3.9358696937561035,-0.005906105041503906
18,13,72,181.0,2.8265914916992188,2.831033706665039,0.0044422149658203125
18,13,73,95.0,3.8289499282836914,3.8405568599700928,0.011606931686401367
18,13,74,245.0,2.2537572383880615,2.2519516944885254,-0.0018055438995361328
18,13,75,93.0,1.7269396781921387,1.7209620475769043,-0.005977630615234375
18,13,76,225.0,2.4448561668395996,2.440171957015991,-0.0046842098236083984
18,13,77,61.0,3.08821439743042,3.092712879180908,0.004498481750488281
18,13,78,257.0,3.5650999546051025,3.5680325031280518,0.0029325485229492188
18,13,79,165.0,2.7435922622680664,2.7487685680389404,0.0051763057708740234
18,13,80,117.0,4.079967498779297,4.078086853027344,-0.001880645751953125
18,13,81,89.0,3.1170668601989746,3.1103203296661377,-0.006746530532836914
18,13,82,291.0,3.542208671569824,3.546463966369629,0.0042552947998046875
18,13,83,93.0,3.1824769973754883,3.172255754470825,-0.010221242904663086
18,13,84,228.0,1.8533809185028076,1.8535603284835815,0.00017940998077392578
18,13,85,131.0,2.4851677417755127,2.4909682273864746,0.005800485610961914
18,13,86,191.0,3.915872573852539,3.908872365951538,-0.0070002079010009766
18,13,87,238.0,4.8885579109191895,4.881626129150391,-0.006931781768798828
18,13,88,210.0,2.9943952560424805,2.9969124794006348,0.002517223358154297
18,13,89,107.0,4.1228203773498535,4.1132659912109375,-0.009554386138916016
18,13,90,217.0,2.7718281745910645,2.777635097503662,0.005806922912597656
18,13,91,199.0,3.112976312637329,3.1117405891418457,-0.0012357234954833984
18,13,92,84.0,2.381793260574341,2.376040458679199,-0.0057528018951416016
18,13,93,271.0,3.5375630855560303,3.534299612045288,-0.0032634735107421875
18,13,94,226.0,3.105239152908325,3.0959134101867676,-0.009325742721557617
18,13,95,258.0,3.5427961349487305,3.5445902347564697,0.0017940998077392578
18,13,96,86.0,3.23514723777771,3.2316460609436035,-0.0035011768341064453
18,13,97,142.0,4.2480573654174805,4.25089693069458,0.0028395652770996094
18,13,98,42.0,1.9809751510620117,1.9827299118041992,0.0017547607421875
18,13,99,224.0,2.4784393310546875,2.476947784423828,-0.001491546630859375
18,13,100,197.0,1.853989601135254,1.8524309396743774,-0.0015586614608764648
18,13,101,85.0,2.4941816329956055,2.4901320934295654,-0.004049539566040039
18,13,102,195.0,3.122326612472534,3.12522029876709,0.002893686294555664
18,13,103,102.0,3.1147775650024414,3.119736909866333,0.0049593448638916016
18,13,104,181.0,3.189467191696167,3.188084125518799,-0.001383066177368164
18,13,105,72.0,1.8649518489837646,1.860878586769104,-0.0040732622146606445
18,13,106,130.0,4.294760227203369,4.2871856689453125,-0.007574558258056641
18,13,107,62.0,2.4163553714752197,2.414707899093628,-0.0016474723815917969
18,13,108,263.0,3.546691656112671,3.5435774326324463,-0.0031142234802246094
18,13,109,194.0,2.697882890701294,2.6987321376800537,0.0008492469787597656
18,13,110,174.0,2.602036237716675,2.6027603149414062,0.0007240772247314453
18,13,111,235.0,3.703277826309204,3.696617841720581,-0.006659984588623047
18,13,112,143.0,3.633587121963501,3.632451057434082,-0.0011360645294189453
18,13,113,117.0,4.060715675354004,4.068089008331299,0.007373332977294922
18,13,114,160.0,3.7659225463867188,3.7664427757263184,0.0005202293395996094
18,13,115,115.0,3.034438133239746,3.0296945571899414,-0.0047435760498046875
18,13,116,120.0,3.3571696281433105,3.3566267490386963,-0.0005428791046142578
18,13,117,186.0,3.4980924129486084,3.503351926803589,0.005259513854980469
18,13,118,138.0,3.0037918090820312,3.001171827316284,-0.0026199817657470703
18,13,119,80.0,2.1522231101989746,2.1520044803619385,-0.0002186298370361328
18,13,120,164.0,2.666628122329712,2.6693379878997803,0.0027098655700683594
18,13,121,215.0,3.3896234035491943,3.3815886974334717,-0.008034706115722656
18,13,122,81.0,3.035551071166992,3.035766124725342,0.00021505355834960938
18,13,123,171.0,2.9384942054748535,2.938983678817749,0.0004894733428955078
18,13,124,41.0,5.417657375335693,5.431162357330322,0.013504981994628906
18,13,125,103.0,3.7517361640930176,3.7434141635894775,-0.008322000503540039
18,13,126,145.0,2.8366682529449463,2.832634925842285,-0.004033327102661133
18,13,127,102.0,2.7819013595581055,2.770493745803833,-0.011407613754272461
18,14,0,196.0,3.129199504852295,3.1158103942871094,-0.013389110565185547
18,14,1,127.0,2.998192548751831,3.003964900970459,0.00577235221862793
18,14,2,162.0,2.099813938140869,2.112874746322632,0.013060808181762695
18,14,3,92.0,3.952493190765381,3.9590952396392822,0.006602048873901367
18,14,4,194.0,2.782571315765381,2.794692277908325,0.012120962142944336
18,14,5,115.0,2.7538414001464844,2.776848077774048,0.023006677627563477
18,14,6,109.0,4.127994060516357,4.128556728363037,0.0005626678466796875
18,14,7,48.0,3.018592119216919,3.01762318611145,-0.00096893310546875
18,14,8,69.0,3.3226022720336914,3.330698251724243,0.008095979690551758
18,14,9,85.0,3.0205674171447754,3.027653932571411,0.007086515426635742
18,14,10,238.0,2.6267495155334473,2.638075590133667,0.011326074600219727
18,14,11,233.0,2.4413414001464844,2.437795639038086,-0.0035457611083984375
18,14,12,208.0,2.959929943084717,2.9592180252075195,-0.0007119178771972656
18,14,13,196.0,2.753826141357422,2.756819725036621,0.0029935836791992188
18,14,14,131.0,2.9712021350860596,2.9694180488586426,-0.0017840862274169922
18,14,15,125.0,2.7515416145324707,2.742837429046631,-0.008704185485839844
18,14,16,61.0,4.166540145874023,4.175682067871094,0.009141921997070312
18,14,17,164.0,1.9632303714752197,1.9672749042510986,0.004044532775878906
18,14,18,107.0,3.135986328125,3.139437437057495,0.003451108932495117
18,14,19,48.0,3.4995276927948,3.5045242309570312,0.004996538162231445
18,14,20,74.0,1.9705148935317993,1.9670172929763794,-0.003497600555419922
18,14,21,103.0,2.235994577407837,2.2242069244384766,-0.011787652969360352
18,14,22,114.0,3.2786149978637695,3.280414342880249,0.0017993450164794922
18,14,23,50.0,5.015505313873291,5.028820037841797,0.01331472396850586
18,14,24,281.0,2.3039751052856445,2.309467315673828,0.005492210388183594
18,14,25,247.0,1.9686022996902466,1.9671615362167358,-0.0014407634735107422
18,14,26,173.0,3.4113833904266357,3.4179179668426514,0.006534576416015625
18,14,27,166.0,3.050419330596924,3.078160285949707,0.027740955352783203
18,14,28,98.0,2.611907482147217,2.6111063957214355,-0.00080108642578125
18,14,29,174.0,3.051379919052124,3.052027940750122,0.0006480216979980469
18,14,30,173.0,2.750077724456787,2.7581536769866943,0.008075952529907227
18,14,31,215.0,3.4014222621917725,3.4125094413757324,0.011087179183959961
18,14,32,186.0,2.6455953121185303,2.652055025100708,0.006459712982177734
18,14,33,153.0,2.4407522678375244,2.438369035720825,-0.0023832321166992188
18,14,34,147.0,2.7246551513671875,2.7376227378845215,0.012967586517333984
18,14,35,50.0,4.024989604949951,4.017097473144531,-0.007892131805419922
18,14,36,86.0,2.0081088542938232,2.0619301795959473,0.05382132530212402
18,14,37,154.0,3.517357349395752,3.521860122680664,0.004502773284912109
18,14,38,265.0,2.388361930847168,2.388641119003296,0.0002791881561279297
18,14,39,199.0,3.1552681922912598,3.1556944847106934,0.00042629241943359375
18,14,40,138.0,2.536069631576538,2.537017345428467,0.0009477138519287109
18,14,41,98.0,3.269590377807617,3.2699363231658936,0.0003459453582763672
18,14,42,167.0,2.519949436187744,2.505760431289673,-0.014189004898071289
18,14,43,288.0,3.7899160385131836,3.80981707572937,0.019901037216186523
18,14,44,225.0,2.509033441543579,2.496896743774414,-0.012136697769165039
18,14,45,191.0,3.1287972927093506,3.137441873550415,0.008644580841064453
18,14,46,92.0,4.466386795043945,4.455963611602783,-0.01042318344116211
18,14,47,41.0,4.971887588500977,4.980053424835205,0.008165836334228516
18,14,48,231.0,2.9811513423919678,2.9969725608825684,0.015821218490600586
18,14,49,101.0,2.116225004196167,2.114933967590332,-0.001291036605834961
18,14,50,177.0,2.9830946922302246,2.9809012413024902,-0.002193450927734375
18,14,51,252.0,3.516876697540283,3.521455764770508,0.004579067230224609
18,14,52,259.0,2.737027645111084,2.743617057800293,0.006589412689208984
18,14,53,47.0,1.9067243337631226,1.899971842765808,-0.006752490997314453
18,14,54,164.0,2.2345211505889893,2.2333831787109375,-0.0011379718780517578
18,14,55,94.0,3.3757195472717285,3.3680636882781982,-0.0076558589935302734
18,14,56,103.0,3.3878378868103027,3.3974223136901855,0.009584426879882812
18,14,57,78.0,3.3106584548950195,3.3178625106811523,0.0072040557861328125
18,14,58,239.0,3.107602596282959,3.1045007705688477,-0.003101825714111328
18,14,59,271.0,4.418605804443359,4.412714958190918,-0.005890846252441406
18,14,60,162.0,2.9131579399108887,2.9117372035980225,-0.001420736312866211
18,14,61,179.0,3.214285135269165,3.2144079208374023,0.0001227855682373047
18,14,62,218.0,2.5891129970550537,2.594334125518799,0.005221128463745117
18,14,63,81.0,3.4107165336608887,3.4214794635772705,0.010762929916381836
18,14,64,93.0,3.5013821125030518,3.5423829555511475,0.0410008430480957
18,14,65,72.0,3.358228921890259,3.357773780822754,-0.0004551410675048828
18,14,66,230.0,3.3264732360839844,3.327335834503174,0.0008625984191894531
18,14,67,99.0,2.410640239715576,2.416297197341919,0.0056569576263427734
18,14,68,213.0,2.6581079959869385,2.641273260116577,-0.016834735870361328
18,14,69,119.0,2.5800669193267822,2.587700843811035,0.00763392448425293
18,14,70,161.0,2.929652214050293,2.9303243160247803,0.0006721019744873047
18,14,71,90.0,3.9417757987976074,3.9616851806640625,0.019909381866455078
18,14,72,181.0,2.8265914916992188,2.829585552215576,0.002994060516357422
18,14,73,95.0,3.8289499282836914,3.8234403133392334,-0.005509614944458008
18,14,74,245.0,2.2537572383880615,2.2619738578796387,0.008216619491577148
18,14,75,93.0,1.7269396781921387,1.7171030044555664,-0.009836673736572266
18,14,76,225.0,2.4448561668395996,2.451019048690796,0.006162881851196289
18,14,77,61.0,3.08821439743042,3.090777635574341,0.0025632381439208984
18,14,78,257.0,3.5650999546051025,3.566652536392212,0.001552581787109375
18,14,79,165.0,2.7435922622680664,2.7385973930358887,-0.004994869232177734
18,14,80,117.0,4.079967498779297,4.079611778259277,-0.00035572052001953125
18,14,81,89.0,3.1170668601989746,3.11993408203125,0.0028672218322753906
18,14,82,291.0,3.542208671569824,3.540876865386963,-0.0013318061828613281
18,14,83,93.0,3.1824769973754883,3.200411558151245,0.017934560775756836
18,14,84,228.0,1.8533809185028076,1.8508045673370361,-0.0025763511657714844
18,14,85,131.0,2.4851677417755127,2.481825590133667,-0.003342151641845703
18,14,86,191.0,3.915872573852539,3.9290544986724854,0.013181924819946289
18,14,87,238.0,4.8885579109191895,4.91647481918335,0.027916908264160156
18,14,88,210.0,2.9943952560424805,3.0121090412139893,0.01771378517150879
18,14,89,107.0,4.1228203773498535,4.141554355621338,0.018733978271484375
18,14,90,217.0,2.7718281745910645,2.7721898555755615,0.0003616809844970703
18,14,91,199.0,3.112976312637329,3.110304832458496,-0.002671480178833008
18,14,92,84.0,2.381793260574341,2.3912599086761475,0.00946664810180664
18,14,93,271.0,3.5375630855560303,3.5490663051605225,0.011503219604492188
18,14,94,226.0,3.105239152908325,3.106822967529297,0.0015838146209716797
18,14,95,258.0,3.5427961349487305,3.5566036701202393,0.013807535171508789
18,14,96,86.0,3.23514723777771,3.254474639892578,0.019327402114868164
18,14,97,142.0,4.2480573654174805,4.249072551727295,0.0010151863098144531
18,14,98,42.0,1.9809751510620117,1.9787973165512085,-0.0021778345108032227
18,14,99,224.0,2.4784393310546875,2.484529733657837,0.006090402603149414
18,14,100,197.0,1.853989601135254,1.8579131364822388,0.003923535346984863
18,14,101,85.0,2.4941816329956055,2.4974782466888428,0.0032966136932373047
18,14,102,195.0,3.122326612472534,3.124133586883545,0.0018069744110107422
18,14,103,102.0,3.1147775650024414,3.118659019470215,0.0038814544677734375
18,14,104,181.0,3.189467191696167,3.192002534866333,0.0025353431701660156
18,14,105,72.0,1.8649518489837646,1.857776165008545,-0.0071756839752197266
18,14,106,130.0,4.294760227203369,4.2978739738464355,0.0031137466430664062
18,14,107,62.0,2.4163553714752197,2.4246058464050293,0.00825047492980957
18,14,108,263.0,3.546691656112671,3.5489208698272705,0.0022292137145996094
18,14,109,194.0,2.697882890701294,2.712282180786133,0.014399290084838867
18,14,110,174.0,2.602036237716675,2.6044511795043945,0.0024149417877197266
18,14,111,235.0,3.703277826309204,3.72808575630188,0.02480792999267578
18,14,112,143.0,3.633587121963501,3.636686325073242,0.003099203109741211
18,14,113,117.0,4.060715675354004,4.0660505294799805,0.0053348541259765625
18,14,114,160.0,3.7659225463867188,3.767958164215088,0.0020356178283691406
18,14,115,115.0,3.034438133239746,3.050398111343384,0.015959978103637695
18,14,116,120.0,3.3571696281433105,3.357088327407837,-8.130073547363281e-05
18,14,117,186.0,3.4980924129486084,3.4989728927612305,0.0008804798126220703
18,14,118,138.0,3.0037918090820312,3.001871109008789,-0.0019207000732421875
18,14,119,80.0,2.1522231101989746,2.1635220050811768,0.011298894882202148
18,14,120,164.0,2.666628122329712,2.6701343059539795,0.003506183624267578
18,14,121,215.0,3.3896234035491943,3.387153148651123,-0.002470254898071289
18,14,122,81.0,3.035551071166992,3.0562918186187744,0.020740747451782227
18,14,123,171.0,2.9384942054748535,2.9292774200439453,-0.009216785430908203
18,14,124,41.0,5.417657375335693,5.375992298126221,-0.041665077209472656
18,14,125,103.0,3.7517361640930176,3.7672932147979736,0.015557050704956055
18,14,126,145.0,2.8366682529449463,2.848280906677246,0.011612653732299805
18,14,127,102.0,2.7819013595581055,2.7887372970581055,0.0068359375
18,15,0,196.0,3.129199504852295,3.128995418548584,-0.0002040863037109375
18,15,1,127.0,2.998192548751831,2.991907835006714,-0.0062847137451171875
18,15,2,162.0,2.099813938140869,2.1017754077911377,0.0019614696502685547
18,15,3,92.0,3.952493190765381,3.951237440109253,-0.0012557506561279297
18,15,4,194.0,2.782571315765381,2.773655891418457,-0.008915424346923828
18,15,5,115.0,2.7538414001464844,2.751904249191284,-0.0019371509552001953
18,15,6,109.0,4.127994060516357,4.119715213775635,-0.008278846740722656
18,15,7,48.0,3.018592119216919,3.0149013996124268,-0.0036907196044921875
18,15,8,69.0,3.3226022720336914,3.3087165355682373,-0.013885736465454102
18,15,9,85.0,3.0205674171447754,3.0222373008728027,0.0016698837280273438
18,15,10,238.0,2.6267495155334473,2.627126932144165,0.00037741661071777344
18,15,11,233.0,2.4413414001464844,2.4428439140319824,0.0015025138854980469
18,15,12,208.0,2.959929943084717,2.9574434757232666,-0.0024864673614501953
18,15,13,196.0,2.753826141357422,2.7501628398895264,-0.003663301467895508
18,15,14,131.0,2.9712021350860596,2.970137596130371,-0.0010645389556884766
18,15,15,125.0,2.7515416145324707,2.747659206390381,-0.0038824081420898438
18,15,16,61.0,4.166540145874023,4.1625847816467285,-0.003955364227294922
18,15,17,164.0,1.9632303714752197,1.9590007066726685,-0.0042296648025512695
18,15,18,107.0,3.135986328125,3.139230966567993,0.003244638442993164
18,15,19,48.0,3.4995276927948,3.514446496963501,0.014918804168701172
18,15,20,74.0,1.9705148935317993,1.976862907409668,0.006348013877868652
18,15,21,103.0,2.235994577407837,2.277888536453247,0.041893959045410156
18,15,22,114.0,3.2786149978637695,3.284583806991577,0.005968809127807617
18,15,23,50.0,5.015505313873291,5.015039443969727,-0.0004658699035644531
18,15,24,281.0,2.3039751052856445,2.320157527923584,0.016182422637939453
18,15,25,247.0,1.9686022996902466,1.9729894399642944,0.0043871402740478516
18,15,26,173.0,3.4113833904266357,3.401723623275757,-0.009659767150878906
18,15,27,166.0,3.050419330596924,3.0406596660614014,-0.009759664535522461
18,15,28,98.0,2.611907482147217,2.6175477504730225,0.005640268325805664
18,15,29,174.0,3.051379919052124,3.0578761100769043,0.0064961910247802734
18,15,30,173.0,2.750077724456787,2.7501447200775146,6.699562072753906e-05
18,15,31,215.0,3.4014222621917725,3.401754379272461,0.00033211708068847656
18,15,32,186.0,2.6455953121185303,2.6525347232818604,0.006939411163330078
18,15,33,153.0,2.4407522678375244,2.428553342819214,-0.012198925018310547
18,15,34,147.0,2.7246551513671875,2.7252824306488037,0.0006272792816162109
18,15,35,50.0,4.024989604949951,4.010819435119629,-0.014170169830322266
18,15,36,86.0,2.0081088542938232,1.9900562763214111,-0.01805257797241211
18,15,37,154.0,3.517357349395752,3.517058849334717,-0.00029850006103515625
18,15,38,265.0,2.388361930847168,2.39302921295166,0.0046672821044921875
18,15,39,199.0,3.1552681922912598,3.1664977073669434,0.011229515075683594
18,15,40,138.0,2.536069631576538,2.5368950366973877,0.0008254051208496094
18,15,41,98.0,3.269590377807617,3.2814414501190186,0.011851072311401367
18,15,42,167.0,2.519949436187744,2.5252654552459717,0.005316019058227539
18,15,43,288.0,3.7899160385131836,3.7922067642211914,0.0022907257080078125
18,15,44,225.0,2.509033441543579,2.5056729316711426,-0.0033605098724365234
18,15,45,191.0,3.1287972927093506,3.133857488632202,0.0050601959228515625
18,15,46,92.0,4.466386795043945,4.480381011962891,0.013994216918945312
18,15,47,41.0,4.971887588500977,4.971846103668213,-4.1484832763671875e-05
18,15,48,231.0,2.9811513423919678,2.984978675842285,0.003827333450317383
18,15,49,101.0,2.116225004196167,2.1174533367156982,0.00122833251953125
18,15,50,177.0,2.9830946922302246,2.9842817783355713,0.0011870861053466797
18,15,51,252.0,3.516876697540283,3.518205404281616,0.0013287067413330078
18,15,52,259.0,2.737027645111084,2.7344024181365967,-0.0026252269744873047
18,15,53,47.0,1.9067243337631226,1.885998010635376,-0.020726323127746582
18,15,54,164.0,2.2345211505889893,2.236457586288452,0.0019364356994628906
18,15,55,94.0,3.3757195472717285,3.3780739307403564,0.0023543834686279297
18,15,56,103.0,3.3878378868103027,3.394930601119995,0.007092714309692383
18,15,57,78.0,3.3106584548950195,3.3114616870880127,0.0008032321929931641
18,15,58,239.0,3.107602596282959,3.1069536209106445,-0.0006489753723144531
18,15,59,271.0,4.418605804443359,4.419861316680908,0.0012555122375488281
18,15,60,162.0,2.9131579399108887,2.9098784923553467,-0.003279447555541992
18,15,61,179.0,3.214285135269165,3.2113943099975586,-0.0028908252716064453
18,15,62,218.0,2.5891129970550537,2.5919957160949707,0.002882719039916992
18,15,63,81.0,3.4107165336608887,3.403665065765381,-0.0070514678955078125
18,15,64,93.0,3.5013821125030518,3.4890928268432617,-0.012289285659790039
18,15,65,72.0,3.358228921890259,3.363858699798584,0.005629777908325195
18,15,66,230.0,3.3264732360839844,3.330744504928589,0.004271268844604492
18,15,67,99.0,2.410640239715576,2.426936626434326,0.01629638671875
18,15,68,213.0,2.6581079959869385,2.666405439376831,0.008297443389892578
18,15,69,119.0,2.5800669193267822,2.5766243934631348,-0.003442525863647461
18,15,70,161.0,2.929652214050293,2.9349610805511475,0.005308866500854492
18,15,71,90.0,3.9417757987976074,3.9469990730285645,0.005223274230957031
18,15,72,181.0,2.8265914916992188,2.8204424381256104,-0.0061490535736083984
18,15,73,95.0,3.8289499282836914,3.8417789936065674,0.012829065322875977
18,15,74,245.0,2.2537572383880615,2.2518627643585205,-0.0018944740295410156
18,15,75,93.0,1.7269396781921387,1.7240514755249023,-0.002888202667236328
18,15,76,225.0,2.4448561668395996,2.4449522495269775,9.608268737792969e-05
18,15,77,61.0,3.08821439743042,3.0859999656677246,-0.0022144317626953125
18,15,78,257.0,3.5650999546051025,3.5682761669158936,0.0031762123107910156
18,15,79,165.0,2.7435922622680664,2.7468271255493164,0.00323486328125
18,15,80,117.0,4.079967498779297,4.0890655517578125,0.009098052978515625
18,15,81,89.0,3.1170668601989746,3.114577293395996,-0.0024895668029785156
18,15,82,291.0,3.542208671569824,3.5459790229797363,0.0037703514099121094
18,15,83,93.0,3.1824769973754883,3.1734704971313477,-0.009006500244140625
18,15,84,228.0,1.8533809185028076,1.8713499307632446,0.01796901226043701
18,15,85,131.0,2.4851677417755127,2.485468626022339,0.0003008842468261719
18,15,86,191.0,3.915872573852539,3.910072088241577,-0.005800485610961914
18,15,87,238.0,4.8885579109191895,4.873252868652344,-0.015305042266845703
18,15,88,210.0,2.9943952560424805,2.9962267875671387,0.0018315315246582031
18,15,89,107.0,4.1228203773498535,4.1205878257751465,-0.0022325515747070312
18,15,90,217.0,2.7718281745910645,2.781722068786621,0.00989389419555664
18,15,91,199.0,3.112976312637329,3.112030267715454,-0.000946044921875
18,15,92,84.0,2.381793260574341,2.3824286460876465,0.0006353855133056641
18,15,93,271.0,3.5375630855560303,3.5390701293945312,0.0015070438385009766
18,15,94,226.0,3.105239152908325,3.0982956886291504,-0.006943464279174805
18,15,95,258.0,3.5427961349487305,3.541440010070801,-0.0013561248779296875
18,15,96,86.0,3.23514723777771,3.2312493324279785,-0.0038979053497314453
18,15,97,142.0,4.2480573654174805,4.250209331512451,0.002151966094970703
18,15,98,42.0,1.9809751510620117,1.9766995906829834,-0.00427556037902832
18,15,99,224.0,2.4784393310546875,2.4750752449035645,-0.003364086151123047
18,15,100,197.0,1.853989601135254,1.8490318059921265,-0.004957795143127441
18,15,101,85.0,2.4941816329956055,2.4947757720947266,0.0005941390991210938
18,15,102,195.0,3.122326612472534,3.121065616607666,-0.001260995864868164
18,15,103,102.0,3.1147775650024414,3.111713171005249,-0.003064393997192383
18,15,104,181.0,3.189467191696167,3.197260856628418,0.0077936649322509766
18,15,105,72.0,1.8649518489837646,1.865868091583252,0.0009162425994873047
18,15,106,130.0,4.294760227203369,4.295535087585449,0.0007748603820800781
18,15,107,62.0,2.4163553714752197,2.411707639694214,-0.004647731781005859
18,15,108,263.0,3.546691656112671,3.544654130935669,-0.002037525177001953
18,15,109,194.0,2.697882890701294,2.6953577995300293,-0.0025250911712646484
18,15,110,174.0,2.602036237716675,2.6010079383850098,-0.001028299331665039
18,15,111,235.0,3.703277826309204,3.7026755809783936,-0.0006022453308105469
18,15,112,143.0,3.633587121963501,3.637028694152832,0.0034415721893310547
18,15,113,117.0,4.060715675354004,4.062605381011963,0.0018897056579589844
18,15,114,160.0,3.7659225463867188,3.768643856048584,0.0027213096618652344
18,15,115,115.0,3.034438133239746,3.0383434295654297,0.0039052963256835938
18,15,116,120.0,3.3571696281433105,3.3602964878082275,0.003126859664916992
18,15,117,186.0,3.4980924129486084,3.5081963539123535,0.010103940963745117
18,15,118,138.0,3.0037918090820312,2.995603322982788,-0.008188486099243164
18,15,119,80.0,2.1522231101989746,2.1575160026550293,0.0052928924560546875
18,15,120,164.0,2.666628122329712,2.661428213119507,-0.005199909210205078
18,15,121,215.0,3.3896234035491943,3.3826744556427,-0.006948947906494141
18,15,122,81.0,3.035551071166992,3.027768850326538,-0.0077822208404541016
18,15,123,171.0,2.9384942054748535,2.940495729446411,0.002001523971557617
18,15,124,41.0,5.417657375335693,5.418073654174805,0.0004162788391113281
18,15,125,103.0,3.7517361640930176,3.7502071857452393,-0.0015289783477783203
18,15,126,145.0,2.8366682529449463,2.8429877758026123,0.006319522857666016
18,15,127,102.0,2.7819013595581055,2.7755534648895264,-0.0063478946685791016
18,16,0,196.0,3.129199504852295,3.1218698024749756,-0.007329702377319336
18,16,1,127.0,2.998192548751831,2.9891555309295654,-0.009037017822265625
18,16,2,162.0,2.099813938140869,2.1003503799438477,0.0005364418029785156
18,16,3,92.0,3.952493190765381,3.9562714099884033,0.003778219223022461
18,16,4,194.0,2.782571315765381,2.778583288192749,-0.003988027572631836
18,16,5,115.0,2.7538414001464844,2.765406608581543,0.011565208435058594
18,16,6,109.0,4.127994060516357,4.116990566253662,-0.011003494262695312
18,16,7,48.0,3.018592119216919,3.0227673053741455,0.0041751861572265625
18,16,8,69.0,3.3226022720336914,3.3062753677368164,-0.016326904296875
18,16,9,85.0,3.0205674171447754,3.016773223876953,-0.0037941932678222656
18,16,10,238.0,2.6267495155334473,2.629866361618042,0.0031168460845947266
18,16,11,233.0,2.4413414001464844,2.4510416984558105,0.009700298309326172
18,16,12,208.0,2.959929943084717,2.9630753993988037,0.003145456314086914
18,16,13,196.0,2.753826141357422,2.7515158653259277,-0.0023102760314941406
18,16,14,131.0,2.9712021350860596,2.971269130706787,6.699562072753906e-05
18,16,15,125.0,2.7515416145324707,2.749051332473755,-0.0024902820587158203
18,16,16,61.0,4.166540145874023,4.168432235717773,0.00189208984375
18,16,17,164.0,1.9632303714752197,1.9632073640823364,-2.300739288330078e-05
18,16,18,107.0,3.135986328125,3.144392251968384,0.008405923843383789
18,16,19,48.0,3.4995276927948,3.5029165744781494,0.0033888816833496094
18,16,20,74.0,1.9705148935317993,1.9742759466171265,0.0037610530853271484
18,16,21,103.0,2.235994577407837,2.2541451454162598,0.01815056800842285
18,16,22,114.0,3.2786149978637695,3.2819149494171143,0.0032999515533447266
18,16,23,50.0,5.015505313873291,5.0063958168029785,-0.0091094970703125
18,16,24,281.0,2.3039751052856445,2.3089911937713623,0.0050160884857177734
18,16,25,247.0,1.9686022996902466,1.967408537864685,-0.0011937618255615234
18,16,26,173.0,3.4113833904266357,3.4130170345306396,0.0016336441040039062
18,16,27,166.0,3.050419330596924,3.0521438121795654,0.0017244815826416016
18,16,28,98.0,2.611907482147217,2.6161787509918213,0.004271268844604492
18,16,29,174.0,3.051379919052124,3.0497021675109863,-0.0016777515411376953
18,16,30,173.0,2.750077724456787,2.762350559234619,0.012272834777832031
18,16,31,215.0,3.4014222621917725,3.4012207984924316,-0.0002014636993408203
18,16,32,186.0,2.6455953121185303,2.650949239730835,0.0053539276123046875
18,16,33,153.0,2.4407522678375244,2.4368796348571777,-0.0038726329803466797
18,16,34,147.0,2.7246551513671875,2.7274045944213867,0.0027494430541992188
18,16,35,50.0,4.024989604949951,4.0212531089782715,-0.0037364959716796875
18,16,36,86.0,2.0081088542938232,2.071812868118286,0.06370401382446289
18,16,37,154.0,3.517357349395752,3.5163495540618896,-0.0010077953338623047
18,16,38,265.0,2.388361930847168,2.393887758255005,0.005525827407836914
18,16,39,199.0,3.1552681922912598,3.163804292678833,0.008536100387573242
18,16,40,138.0,2.536069631576538,2.541632652282715,0.005563020706176758
18,16,41,98.0,3.269590377807617,3.283059597015381,0.013469219207763672
18,16,42,167.0,2.519949436187744,2.514573812484741,-0.00537562370300293
18,16,43,288.0,3.7899160385131836,3.795376777648926,0.0054607391357421875
18,16,44,225.0,2.509033441543579,2.518481731414795,0.00944828987121582
18,16,45,191.0,3.1287972927093506,3.1303534507751465,0.0015561580657958984
18,16,46,92.0,4.466386795043945,4.4654927253723145,-0.0008940696716308594
18,16,47,41.0,4.971887588500977,4.972102642059326,0.00021505355834960938
18,16,48,231.0,2.9811513423919678,2.9875617027282715,0.006410360336303711
18,16,49,101.0,2.116225004196167,2.122389316558838,0.0061643123626708984
18,16,50,177.0,2.9830946922302246,2.9875195026397705,0.0044248104095458984
18,16,51,252.0,3.516876697540283,3.528313636779785,0.011436939239501953
18,16,52,259.0,2.737027645111084,2.7308409214019775,-0.006186723709106445
18,16,53,47.0,1.9067243337631226,1.8907707929611206,-0.015953540802001953
18,16,54,164.0,2.2345211505889893,2.234210968017578,-0.0003101825714111328
18,16,55,94.0,3.3757195472717285,3.3795509338378906,0.0038313865661621094
18,16,56,103.0,3.3878378868103027,3.3897533416748047,0.0019154548645019531
18,16,57,78.0,3.3106584548950195,3.309903621673584,-0.0007548332214355469
18,16,58,239.0,3.107602596282959,3.1042096614837646,-0.003392934799194336
18,16,59,271.0,4.418605804443359,4.417742729187012,-0.0008630752563476562
18,16,60,162.0,2.9131579399108887,2.906242847442627,-0.006915092468261719
18,16,61,179.0,3.214285135269165,3.2103633880615234,-0.0039217472076416016
18,16,62,218.0,2.5891129970550537,2.5931520462036133,0.00403904914855957
18,16,63,81.0,3.4107165336608887,3.4098522663116455,-0.0008642673492431641
18,16,64,93.0,3.5013821125030518,3.5183088779449463,0.01692676544189453
18,16,65,72.0,3.358228921890259,3.3770570755004883,0.018828153610229492
18,16,66,230.0,3.3264732360839844,3.3331973552703857,0.006724119186401367
18,16,67,99.0,2.410640239715576,2.382115125656128,-0.028525114059448242
18,16,68,213.0,2.6581079959869385,2.662813186645508,0.004705190658569336
18,16,69,119.0,2.5800669193267822,2.588761329650879,0.00869441032409668
18,16,70,161.0,2.929652214050293,2.929119825363159,-0.0005323886871337891
18,16,71,90.0,3.9417757987976074,3.955677032470703,0.013901233673095703
18,16,72,181.0,2.8265914916992188,2.8289194107055664,0.0023279190063476562
18,16,73,95.0,3.8289499282836914,3.825324535369873,-0.0036253929138183594
18,16,74,245.0,2.2537572383880615,2.250828504562378,-0.0029287338256835938
18,16,75,93.0,1.7269396781921387,1.7447816133499146,0.01784193515777588
18,16,76,225.0,2.4448561668395996,2.437910795211792,-0.006945371627807617
18,16,77,61.0,3.08821439743042,3.118903875350952,0.030689477920532227
18,16,78,257.0,3.5650999546051025,3.5650463104248047,-5.364418029785156e-05
18,16,79,165.0,2.7435922622680664,2.733968734741211,-0.009623527526855469
18,16,80,117.0,4.079967498779297,4.083619117736816,0.0036516189575195312
18,16,81,89.0,3.1170668601989746,3.122239112854004,0.005172252655029297
18,16,82,291.0,3.542208671569824,3.5470285415649414,0.0048198699951171875
18,16,83,93.0,3.1824769973754883,3.185105085372925,0.0026280879974365234
18,16,84,228.0,1.8533809185028076,1.8514254093170166,-0.0019555091857910156
18,16,85,131.0,2.4851677417755127,2.483649969100952,-0.0015177726745605469
18,16,86,191.0,3.915872573852539,3.922518253326416,0.006645679473876953
18,16,87,238.0,4.8885579109191895,4.898521900177002,0.0099639892578125
18,16,88,210.0,2.9943952560424805,2.999255895614624,0.004860639572143555
18,16,89,107.0,4.1228203773498535,4.127536296844482,0.004715919494628906
18,16,90,217.0,2.7718281745910645,2.775745391845703,0.003917217254638672
18,16,91,199.0,3.112976312637329,3.114227533340454,0.001251220703125
18,16,92,84.0,2.381793260574341,2.384526491165161,0.0027332305908203125
18,16,93,271.0,3.5375630855560303,3.5455715656280518,0.008008480072021484
18,16,94,226.0,3.105239152908325,3.1009669303894043,-0.0042722225189208984
18,16,95,258.0,3.5427961349487305,3.5483081340789795,0.0055119991302490234
18,16,96,86.0,3.23514723777771,3.2329630851745605,-0.002184152603149414
18,16,97,142.0,4.2480573654174805,4.243032932281494,-0.005024433135986328
18,16,98,42.0,1.9809751510620117,1.9683096408843994,-0.012665510177612305
18,16,99,224.0,2.4784393310546875,2.480739116668701,0.002299785614013672
18,16,100,197.0,1.853989601135254,1.8536685705184937,-0.0003210306167602539
18,16,101,85.0,2.4941816329956055,2.4944512844085693,0.0002696514129638672
18,16,102,195.0,3.122326612472534,3.130387783050537,0.00806117057800293
18,16,103,102.0,3.1147775650024414,3.113985538482666,-0.0007920265197753906
18,16,104,181.0,3.189467191696167,3.189242124557495,-0.000225067138671875
18,16,105,72.0,1.8649518489837646,1.8525996208190918,-0.012352228164672852
18,16,106,130.0,4.294760227203369,4.298213005065918,0.003452777862548828
18,16,107,62.0,2.4163553714752197,2.4087367057800293,-0.00761866569519043
18,16,108,263.0,3.546691656112671,3.545860767364502,-0.0008308887481689453
18,16,109,194.0,2.697882890701294,2.6974635124206543,-0.00041937828063964844
18,16,110,174.0,2.602036237716675,2.59773588180542,-0.004300355911254883
18,16,111,235.0,3.703277826309204,3.7003049850463867,-0.002972841262817383
18,16,112,143.0,3.633587121963501,3.6304633617401123,-0.003123760223388672
18,16,113,117.0,4.060715675354004,4.054818153381348,-0.00589752197265625
18,16,114,160.0,3.7659225463867188,3.7747466564178467,0.00882411003112793
18,16,115,115.0,3.034438133239746,3.0559303760528564,0.02149224281311035
18,16,116,120.0,3.3571696281433105,3.3619303703308105,0.0047607421875
18,16,117,186.0,3.4980924129486084,3.511620283126831,0.013527870178222656
18,16,118,138.0,3.0037918090820312,3.0129647254943848,0.009172916412353516
18,16,119,80.0,2.1522231101989746,2.148622989654541,-0.0036001205444335938
18,16,120,164.0,2.666628122329712,2.6641931533813477,-0.002434968948364258
18,16,121,215.0,3.3896234035491943,3.3945443630218506,0.00492095947265625
18,16,122,81.0,3.035551071166992,3.0361602306365967,0.0006091594696044922
18,16,123,171.0,2.9384942054748535,2.9395976066589355,0.0011034011840820312
18,16,124,41.0,5.417657375335693,5.468050003051758,0.05039262771606445
18,16,125,103.0,3.7517361640930176,3.7517881393432617,5.1975250244140625e-05
18,16,126,145.0,2.8366682529449463,2.8315582275390625,-0.005110025405883789
18,16,127,102.0,2.7819013595581055,2.788076877593994,0.006175518035888672
18,17,0,196.0,3.129199504852295,3.1274070739746094,-0.0017924308776855469
18,17,1,127.0,2.998192548751831,3.001753568649292,0.0035610198974609375
18,17,2,162.0,2.099813938140869,2.1026651859283447,0.002851247787475586
18,17,3,92.0,3.952493190765381,3.9545507431030273,0.0020575523376464844
18,17,4,194.0,2.782571315765381,2.7862448692321777,0.003673553466796875
18,17,5,115.0,2.7538414001464844,2.750540018081665,-0.003301382064819336
18,17,6,109.0,4.127994060516357,4.123312473297119,-0.004681587219238281
18,17,7,48.0,3.018592119216919,3.0132598876953125,-0.005332231521606445
18,17,8,69.0,3.3226022720336914,3.308627128601074,-0.013975143432617188
18,17,9,85.0,3.0205674171447754,3.017984628677368,-0.0025827884674072266
18,17,10,238.0,2.6267495155334473,2.631304979324341,0.004555463790893555
18,17,11,233.0,2.4413414001464844,2.441673994064331,0.0003325939178466797
18,17,12,208.0,2.959929943084717,2.958083152770996,-0.0018467903137207031
18,17,13,196.0,2.753826141357422,2.752525568008423,-0.0013005733489990234
18,17,14,131.0,2.9712021350860596,2.9716954231262207,0.0004932880401611328
18,17,15,125.0,2.7515416145324707,2.7487926483154297,-0.0027489662170410156
18,17,16,61.0,4.166540145874023,4.168148517608643,0.0016083717346191406
18,17,17,164.0,1.9632303714752197,1.967332363128662,0.004101991653442383
18,17,18,107.0,3.135986328125,3.1342623233795166,-0.0017240047454833984
18,17,19,48.0,3.4995276927948,3.5044422149658203,0.004914522171020508
18,17,20,74.0,1.9705148935317993,1.9750133752822876,0.004498481750488281
18,17,21,103.0,2.235994577407837,2.2114272117614746,-0.024567365646362305
18,17,22,114.0,3.2786149978637695,3.27716326713562,-0.001451730728149414
18,17,23,50.0,5.015505313873291,5.005778789520264,-0.009726524353027344
18,17,24,281.0,2.3039751052856445,2.3047971725463867,0.0008220672607421875
18,17,25,247.0,1.9686022996902466,1.975335955619812,0.00673365592956543
18,17,26,173.0,3.4113833904266357,3.404538869857788,-0.006844520568847656
18,17,27,166.0,3.050419330596924,3.04904842376709,-0.0013709068298339844
18,17,28,98.0,2.611907482147217,2.6122632026672363,0.00035572052001953125
18,17,29,174.0,3.051379919052124,3.0539638996124268,0.0025839805603027344
18,17,30,173.0,2.750077724456787,2.751551389694214,0.0014736652374267578
18,17,31,215.0,3.4014222621917725,3.4021847248077393,0.0007624626159667969
18,17,32,186.0,2.6455953121185303,2.6452746391296387,-0.00032067298889160156
18,17,33,153.0,2.4407522678375244,2.43562912940979,-0.005123138427734375
18,17,34,147.0,2.7246551513671875,2.7280972003936768,0.003442049026489258
18,17,35,50.0,4.024989604949951,4.010897636413574,-0.014091968536376953
18,17,36,86.0,2.0081088542938232,1.9956679344177246,-0.012440919876098633
18,17,37,154.0,3.517357349395752,3.5210769176483154,0.0037195682525634766
18,17,38,265.0,2.388361930847168,2.387422800064087,-0.0009391307830810547
18,17,39,199.0,3.1552681922912598,3.155390501022339,0.00012230873107910156
18,17,40,138.0,2.536069631576538,2.528984308242798,-0.007085323333740234
18,17,41,98.0,3.269590377807617,3.267155647277832,-0.0024347305297851562
18,17,42,167.0,2.519949436187744,2.519780397415161,-0.0001690387725830078
18,17,43,288.0,3.7899160385131836,3.790332794189453,0.00041675567626953125
18,17,44,225.0,2.509033441543579,2.5087599754333496,-0.0002734661102294922
18,17,45,191.0,3.1287972927093506,3.1346044540405273,0.005807161331176758
18,17,46,92.0,4.466386795043945,4.466365337371826,-2.1457672119140625e-05
18,17,47,41.0,4.971887588500977,4.9734673500061035,0.0015797615051269531
18,17,48,231.0,2.9811513423919678,2.9809718132019043,-0.00017952919006347656
18,17,49,101.0,2.116225004196167,2.1163179874420166,9.298324584960938e-05
18,17,50,177.0,2.9830946922302246,2.9776744842529297,-0.005420207977294922
18,17,51,252.0,3.516876697540283,3.5136592388153076,-0.003217458724975586
18,17,52,259.0,2.737027645111084,2.7371256351470947,9.799003601074219e-05
18,17,53,47.0,1.9067243337631226,1.9026718139648438,-0.004052519798278809
18,17,54,164.0,2.2345211505889893,2.225989818572998,-0.008531332015991211
18,17,55,94.0,3.3757195472717285,3.3718183040618896,-0.003901243209838867
18,17,56,103.0,3.3878378868103027,3.388221502304077,0.00038361549377441406
18,17,57,78.0,3.3106584548950195,3.311131715774536,0.00047326087951660156
18,17,58,239.0,3.107602596282959,3.106433153152466,-0.001169443130493164
18,17,59,271.0,4.418605804443359,4.421187400817871,0.0025815963745117188
18,17,60,162.0,2.9131579399108887,2.906123399734497,-0.0070345401763916016
18,17,61,179.0,3.214285135269165,3.2110064029693604,-0.0032787322998046875
18,17,62,218.0,2.5891129970550537,2.580676555633545,-0.008436441421508789
18,17,63,81.0,3.4107165336608887,3.4056012630462646,-0.0051152706146240234
18,17,64,93.0,3.5013821125030518,3.496419668197632,-0.004962444305419922
18,17,65,72.0,3.358228921890259,3.3495142459869385,-0.008714675903320312
18,17,66,230.0,3.3264732360839844,3.32759165763855,0.0011184215545654297
18,17,67,99.0,2.410640239715576,2.3762500286102295,-0.03439021110534668
18,17,68,213.0,2.6581079959869385,2.6618051528930664,0.0036971569061279297
18,17,69,119.0,2.5800669193267822,2.5810112953186035,0.0009443759918212891
18,17,70,161.0,2.929652214050293,2.9273128509521484,-0.0023393630981445312
18,17,71,90.0,3.9417757987976074,3.940538167953491,-0.001237630844116211
18,17,72,181.0,2.8265914916992188,2.8259475231170654,-0.0006439685821533203
18,17,73,95.0,3.8289499282836914,3.8342444896698,0.0052945613861083984
18,17,74,245.0,2.2537572383880615,2.2576725482940674,0.003915309906005859
18,17,75,93.0,1.7269396781921387,1.7276301383972168,0.000690460205078125
18,17,76,225.0,2.4448561668395996,2.44592022895813,0.0010640621185302734
18,17,77,61.0,3.08821439743042,3.094219923019409,0.006005525588989258
18,17,78,257.0,3.5650999546051025,3.5624160766601562,-0.002683877944946289
18,17,79,165.0,2.7435922622680664,2.745161533355713,0.0015692710876464844
18,17,80,117.0,4.079967498779297,4.079139232635498,-0.0008282661437988281
18,17,81,89.0,3.1170668601989746,3.1144630908966064,-0.002603769302368164
18,17,82,291.0,3.542208671569824,3.5493717193603516,0.007163047790527344
18,17,83,93.0,3.1824769973754883,3.1769402027130127,-0.005536794662475586
18,17,84,228.0,1.8533809185028076,1.8469072580337524,-0.006473660469055176
18,17,85,131.0,2.4851677417755127,2.483924627304077,-0.0012431144714355469
18,17,86,191.0,3.915872573852539,3.907212495803833,-0.008660078048706055
18,17,87,238.0,4.8885579109191895,4.8837175369262695,-0.004840373992919922
18,17,88,210.0,2.9943952560424805,2.992389678955078,-0.0020055770874023438
18,17,89,107.0,4.1228203773498535,4.11940336227417,-0.0034170150756835938
18,17,90,217.0,2.7718281745910645,2.77496337890625,0.003135204315185547
18,17,91,199.0,3.112976312637329,3.1105103492736816,-0.002465963363647461
18,17,92,84.0,2.381793260574341,2.3833370208740234,0.0015437602996826172
18,17,93,271.0,3.5375630855560303,3.5360450744628906,-0.0015180110931396484
18,17,94,226.0,3.105239152908325,3.099996566772461,-0.005242586135864258
18,17,95,258.0,3.5427961349487305,3.549309730529785,0.0065135955810546875
18,17,96,86.0,3.23514723777771,3.2370755672454834,0.0019283294677734375
18,17,97,142.0,4.2480573654174805,4.24787712097168,-0.00018024444580078125
18,17,98,42.0,1.9809751510620117,1.9822391271591187,0.0012639760971069336
18,17,99,224.0,2.4784393310546875,2.473264217376709,-0.005175113677978516
18,17,100,197.0,1.853989601135254,1.8555141687393188,0.0015245676040649414
18,17,101,85.0,2.4941816329956055,2.489244222640991,-0.004937410354614258
18,17,102,195.0,3.122326612472534,3.124241352081299,0.0019147396087646484
18,17,103,102.0,3.1147775650024414,3.1113622188568115,-0.003415346145629883
18,17,104,181.0,3.189467191696167,3.1895174980163574,5.030632019042969e-05
18,17,105,72.0,1.8649518489837646,1.859885334968567,-0.005066514015197754
18,17,106,130.0,4.294760227203369,4.292980194091797,-0.0017800331115722656
18,17,107,62.0,2.4163553714752197,2.4106132984161377,-0.005742073059082031
18,17,108,263.0,3.546691656112671,3.5437350273132324,-0.0029566287994384766
18,17,109,194.0,2.697882890701294,2.701690435409546,0.003807544708251953
18,17,110,174.0,2.602036237716675,2.6000661849975586,-0.001970052719116211
18,17,111,235.0,3.703277826309204,3.6857385635375977,-0.017539262771606445
18,17,112,143.0,3.633587121963501,3.6380269527435303,0.004439830780029297
18,17,113,117.0,4.060715675354004,4.062718868255615,0.002003192901611328
18,17,114,160.0,3.7659225463867188,3.768157482147217,0.002234935760498047
18,17,115,115.0,3.034438133239746,3.0216031074523926,-0.012835025787353516
18,17,116,120.0,3.3571696281433105,3.357999563217163,0.0008299350738525391
18,17,117,186.0,3.4980924129486084,3.502657413482666,0.004565000534057617
18,17,118,138.0,3.0037918090820312,3.0022244453430176,-0.0015673637390136719
18,17,119,80.0,2.1522231101989746,2.1559228897094727,0.003699779510498047
18,17,120,164.0,2.666628122329712,2.6656203269958496,-0.0010077953338623047
18,17,121,215.0,3.3896234035491943,3.388707160949707,-0.0009162425994873047
18,17,122,81.0,3.035551071166992,3.037382125854492,0.0018310546875
18,17,123,171.0,2.9384942054748535,2.9441418647766113,0.0056476593017578125
18,17,124,41.0,5.417657375335693,5.3749470710754395,-0.042710304260253906
18,17,125,103.0,3.7517361640930176,3.7552480697631836,0.0035119056701660156
18,17,126,145.0,2.8366682529449463,2.840305805206299,0.003637552261352539
18,17,127,102.0,2.7819013595581055,2.77813720703125,-0.0037641525268554688
18,18,0,196.0,3.129199504852295,3.132941722869873,0.003742218017578125
18,18,1,127.0,2.998192548751831,2.9966325759887695,-0.0015599727630615234
18,18,2,162.0,2.099813938140869,2.1013503074645996,0.0015363693237304688
18,18,3,92.0,3.952493190765381,3.9504294395446777,-0.002063751220703125
18,18,4,194.0,2.782571315765381,2.784285306930542,0.0017139911651611328
18,18,5,115.0,2.7538414001464844,2.747785806655884,-0.006055593490600586
18,18,6,109.0,4.127994060516357,4.118636131286621,-0.009357929229736328
18,18,7,48.0,3.018592119216919,3.0097882747650146,-0.008803844451904297
18,18,8,69.0,3.3226022720336914,3.3149490356445312,-0.007653236389160156
18,18,9,85.0,3.0205674171447754,3.026179313659668,0.005611896514892578
18,18,10,238.0,2.6267495155334473,2.623187303543091,-0.0035622119903564453
18,18,11,233.0,2.4413414001464844,2.442986249923706,0.0016448497772216797
18,18,12,208.0,2.959929943084717,2.9614663124084473,0.0015363693237304688
18,18,13,196.0,2.753826141357422,2.7503604888916016,-0.0034656524658203125
18,18,14,131.0,2.9712021350860596,2.9709160327911377,-0.000286102294921875
18,18,15,125.0,2.7515416145324707,2.7463409900665283,-0.005200624465942383
18,18,16,61.0,4.166540145874023,4.163721084594727,-0.002819061279296875
18,18,17,164.0,1.9632303714752197,1.964688777923584,0.0014584064483642578
18,18,18,107.0,3.135986328125,3.1408894062042236,0.004903078079223633
18,18,19,48.0,3.4995276927948,3.5110814571380615,0.011553764343261719
18,18,20,74.0,1.9705148935317993,1.9784669876098633,0.007952094078063965
18,18,21,103.0,2.235994577407837,2.252004861831665,0.016010284423828125
18,18,22,114.0,3.2786149978637695,3.2758305072784424,-0.0027844905853271484
18,18,23,50.0,5.015505313873291,5.001013278961182,-0.014492034912109375
18,18,24,281.0,2.3039751052856445,2.310526132583618,0.006551027297973633
18,18,25,247.0,1.9686022996902466,1.9715315103530884,0.002929210662841797
18,18,26,173.0,3.4113833904266357,3.4015495777130127,-0.009833812713623047
18,18,27,166.0,3.050419330596924,3.0533342361450195,0.002914905548095703
18,18,28,98.0,2.611907482147217,2.615091323852539,0.0031838417053222656
18,18,29,174.0,3.051379919052124,3.053314208984375,0.0019342899322509766
18,18,30,173.0,2.750077724456787,2.750369071960449,0.0002913475036621094
18,18,31,215.0,3.4014222621917725,3.400023937225342,-0.001398324966430664
18,18,32,186.0,2.6455953121185303,2.6474225521087646,0.001827239990234375
18,18,33,153.0,2.4407522678375244,2.439448118209839,-0.0013041496276855469
18,18,34,147.0,2.7246551513671875,2.730898857116699,0.006243705749511719
18,18,35,50.0,4.024989604949951,4.015202522277832,-0.00978708267211914
18,18,36,86.0,2.0081088542938232,2.0227973461151123,0.014688491821289062
18,18,37,154.0,3.517357349395752,3.515723705291748,-0.0016336441040039062
18,18,38,265.0,2.388361930847168,2.3856072425842285,-0.002754688262939453
18,18,39,199.0,3.1552681922912598,3.155186653137207,-8.153915405273438e-05
18,18,40,138.0,2.536069631576538,2.5261147022247314,-0.00995492935180664
18,18,41,98.0,3.269590377807617,3.275984764099121,0.006394386291503906
18,18,42,167.0,2.519949436187744,2.519956350326538,6.9141387939453125e-06
18,18,43,288.0,3.7899160385131836,3.795132875442505,0.005216836929321289
18,18,44,225.0,2.509033441543579,2.505284309387207,-0.0037491321563720703
18,18,45,191.0,3.1287972927093506,3.129755973815918,0.0009586811065673828
18,18,46,92.0,4.466386795043945,4.465693950653076,-0.0006928443908691406
18,18,47,41.0,4.971887588500977,4.97197961807251,9.202957153320312e-05
18,18,48,231.0,2.9811513423919678,2.9825708866119385,0.0014195442199707031
18,18,49,101.0,2.116225004196167,2.1193153858184814,0.003090381622314453
18,18,50,177.0,2.9830946922302246,2.9814867973327637,-0.0016078948974609375
18,18,51,252.0,3.516876697540283,3.523602247238159,0.0067255496978759766
18,18,52,259.0,2.737027645111084,2.736006021499634,-0.0010216236114501953
18,18,53,47.0,1.9067243337631226,1.8964236974716187,-0.010300636291503906
18,18,54,164.0,2.2345211505889893,2.232396125793457,-0.0021250247955322266
18,18,55,94.0,3.3757195472717285,3.374847412109375,-0.0008721351623535156
18,18,56,103.0,3.3878378868103027,3.3901758193969727,0.002337932586669922
18,18,57,78.0,3.3106584548950195,3.3074450492858887,-0.0032134056091308594
18,18,58,239.0,3.107602596282959,3.1032040119171143,-0.0043985843658447266
18,18,59,271.0,4.418605804443359,4.418366432189941,-0.00023937225341796875
18,18,60,162.0,2.9131579399108887,2.917630910873413,0.004472970962524414
18,18,61,179.0,3.214285135269165,3.208235502243042,-0.006049633026123047
18,18,62,218.0,2.5891129970550537,2.5893681049346924,0.0002551078796386719
18,18,63,81.0,3.4107165336608887,3.4095206260681152,-0.0011959075927734375
18,18,64,93.0,3.5013821125030518,3.497929811477661,-0.003452301025390625
18,18,65,72.0,3.358228921890259,3.352189779281616,-0.006039142608642578
18,18,66,230.0,3.3264732360839844,3.3285818099975586,0.0021085739135742188
18,18,67,99.0,2.410640239715576,2.412210702896118,0.0015704631805419922
18,18,68,213.0,2.6581079959869385,2.65960431098938,0.0014963150024414062
18,18,69,119.0,2.5800669193267822,2.5788025856018066,-0.001264333724975586
18,18,70,161.0,2.929652214050293,2.9337377548217773,0.004085540771484375
18,18,71,90.0,3.9417757987976074,3.9434902667999268,0.001714468002319336
18,18,72,181.0,2.8265914916992188,2.8268184661865234,0.0002269744873046875
18,18,73,95.0,3.8289499282836914,3.837557077407837,0.008607149124145508
18,18,74,245.0,2.2537572383880615,2.2551066875457764,0.0013494491577148438
18,18,75,93.0,1.7269396781921387,1.7317980527877808,0.00485837459564209
18,18,76,225.0,2.4448561668395996,2.4449284076690674,7.224082946777344e-05
18,18,77,61.0,3.08821439743042,3.0834434032440186,-0.004770994186401367
18,18,78,257.0,3.5650999546051025,3.569672107696533,0.004572153091430664
18,18,79,165.0,2.7435922622680664,2.741147756576538,-0.0024445056915283203
18,18,80,117.0,4.079967498779297,4.080855369567871,0.0008878707885742188
18,18,81,89.0,3.1170668601989746,3.1249983310699463,0.00793147087097168
18,18,82,291.0,3.542208671569824,3.5487895011901855,0.006580829620361328
18,18,83,93.0,3.1824769973754883,3.184237003326416,0.0017600059509277344
18,18,84,228.0,1.8533809185028076,1.853132724761963,-0.00024819374084472656
18,18,85,131.0,2.4851677417755127,2.4907214641571045,0.005553722381591797
18,18,86,191.0,3.915872573852539,3.9081149101257324,-0.007757663726806641
18,18,87,238.0,4.8885579109191895,4.886688709259033,-0.00186920166015625
18,18,88,210.0,2.9943952560424805,3.004763603210449,0.01036834716796875
18,18,89,107.0,4.1228203773498535,4.1180315017700195,-0.004788875579833984
18,18,90,217.0,2.7718281745910645,2.7703657150268555,-0.0014624595642089844
18,18,91,199.0,3.112976312637329,3.112415075302124,-0.0005612373352050781
18,18,92,84.0,2.381793260574341,2.377676010131836,-0.004117250442504883
18,18,93,271.0,3.5375630855560303,3.533299207687378,-0.004263877868652344
18,18,94,226.0,3.105239152908325,3.1018643379211426,-0.003374814987182617
18,18,95,258.0,3.5427961349487305,3.544063091278076,0.0012669563293457031
18,18,96,86.0,3.23514723777771,3.235766649246216,0.0006194114685058594
18,18,97,142.0,4.2480573654174805,4.24600887298584,-0.002048492431640625
18,18,98,42.0,1.9809751510620117,1.986189842224121,0.005214691162109375
18,18,99,224.0,2.4784393310546875,2.480060577392578,0.001621246337890625
18,18,100,197.0,1.853989601135254,1.8525091409683228,-0.0014804601669311523
18,18,101,85.0,2.4941816329956055,2.49208402633667,-0.002097606658935547
18,18,102,195.0,3.122326612472534,3.1220879554748535,-0.00023865699768066406
18,18,103,102.0,3.1147775650024414,3.1108405590057373,-0.0039370059967041016
18,18,104,181.0,3.189467191696167,3.193559408187866,0.004092216491699219
18,18,105,72.0,1.8649518489837646,1.8589485883712769,-0.006003260612487793
18,18,106,130.0,4.294760227203369,4.293570041656494,-0.001190185546875
18,18,107,62.0,2.4163553714752197,2.4191172122955322,0.0027618408203125
18,18,108,263.0,3.546691656112671,3.542107105255127,-0.004584550857543945
18,18,109,194.0,2.697882890701294,2.696509838104248,-0.0013730525970458984
18,18,110,174.0,2.602036237716675,2.6016247272491455,-0.0004115104675292969
18,18,111,235.0,3.703277826309204,3.6973867416381836,-0.005891084671020508
18,18,112,143.0,3.633587121963501,3.639120101928711,0.005532979965209961
18,18,113,117.0,4.060715675354004,4.069500923156738,0.008785247802734375
18,18,114,160.0,3.7659225463867188,3.7672512531280518,0.0013287067413330078
18,18,115,115.0,3.034438133239746,3.0412404537200928,0.00680232048034668
18,18,116,120.0,3.3571696281433105,3.3563475608825684,-0.0008220672607421875
18,18,117,186.0,3.4980924129486084,3.498809814453125,0.0007174015045166016
18,18,118,138.0,3.0037918090820312,3.007566452026367,0.0037746429443359375
18,18,119,80.0,2.1522231101989746,2.1555848121643066,0.0033617019653320312
18,18,120,164.0,2.666628122329712,2.6653058528900146,-0.0013222694396972656
18,18,121,215.0,3.3896234035491943,3.384828567504883,-0.0047948360443115234
18,18,122,81.0,3.035551071166992,3.0373244285583496,0.0017733573913574219
18,18,123,171.0,2.9384942054748535,2.939526081085205,0.0010318756103515625
18,18,124,41.0,5.417657375335693,5.396498680114746,-0.021158695220947266
18,18,125,103.0,3.7517361640930176,3.749722480773926,-0.002013683319091797
18,18,126,145.0,2.8366682529449463,2.8406167030334473,0.0039484500885009766
18,18,127,102.0,2.7819013595581055,2.780559539794922,-0.0013418197631835938
18,19,0,196.0,3.129199504852295,3.1233370304107666,-0.00586247444152832
18,19,1,127.0,2.998192548751831,2.9971871376037598,-0.001005411148071289
18,19,2,162.0,2.099813938140869,2.1011440753936768,0.0013301372528076172
18,19,3,92.0,3.952493190765381,3.9479193687438965,-0.004573822021484375
18,19,4,194.0,2.782571315765381,2.7907042503356934,0.0081329345703125
18,19,5,115.0,2.7538414001464844,2.740421772003174,-0.013419628143310547
18,19,6,109.0,4.127994060516357,4.120307922363281,-0.007686138153076172
18,19,7,48.0,3.018592119216919,3.0172948837280273,-0.0012972354888916016
18,19,8,69.0,3.3226022720336914,3.3219313621520996,-0.0006709098815917969
18,19,9,85.0,3.0205674171447754,3.012326955795288,-0.008240461349487305
18,19,10,238.0,2.6267495155334473,2.6325881481170654,0.005838632583618164
18,19,11,233.0,2.4413414001464844,2.435446262359619,-0.005895137786865234
18,19,12,208.0,2.959929943084717,2.963837146759033,0.003907203674316406
18,19,13,196.0,2.753826141357422,2.7527382373809814,-0.0010879039764404297
18,19,14,131.0,2.9712021350860596,2.9673802852630615,-0.003821849822998047
18,19,15,125.0,2.7515416145324707,2.7483856678009033,-0.003155946731567383
18,19,16,61.0,4.166540145874023,4.160869121551514,-0.005671024322509766
18,19,17,164.0,1.9632303714752197,1.9588825702667236,-0.004347801208496094
18,19,18,107.0,3.135986328125,3.127201795578003,-0.00878453254699707
18,19,19,48.0,3.4995276927948,3.518005609512329,0.018477916717529297
18,19,20,74.0,1.9705148935317993,1.9680653810501099,-0.002449512481689453
18,19,21,103.0,2.235994577407837,2.213609457015991,-0.022385120391845703
18,19,22,114.0,3.2786149978637695,3.272681474685669,-0.005933523178100586
18,19,23,50.0,5.015505313873291,5.016045570373535,0.0005402565002441406
18,19,24,281.0,2.3039751052856445,2.305941581726074,0.0019664764404296875
18,19,25,247.0,1.9686022996902466,1.97561776638031,0.0070154666900634766
18,19,26,173.0,3.4113833904266357,3.4096004962921143,-0.0017828941345214844
18,19,27,166.0,3.050419330596924,3.049422025680542,-0.000997304916381836
18,19,28,98.0,2.611907482147217,2.6065146923065186,-0.005392789840698242
18,19,29,174.0,3.051379919052124,3.0582468509674072,0.006866931915283203
18,19,30,173.0,2.750077724456787,2.7509260177612305,0.0008482933044433594
18,19,31,215.0,3.4014222621917725,3.3958823680877686,-0.005539894104003906
18,19,32,186.0,2.6455953121185303,2.648038625717163,0.0024433135986328125
18,19,33,153.0,2.4407522678375244,2.4366354942321777,-0.00411677360534668
18,19,34,147.0,2.7246551513671875,2.7304718494415283,0.00581669807434082
18,19,35,50.0,4.024989604949951,4.015778064727783,-0.009211540222167969
18,19,36,86.0,2.0081088542938232,2.0189850330352783,0.010876178741455078
18,19,37,154.0,3.517357349395752,3.517998695373535,0.0006413459777832031
18,19,38,265.0,2.388361930847168,2.3895604610443115,0.0011985301971435547
18,19,39,199.0,3.1552681922912598,3.1497557163238525,-0.0055124759674072266
18,19,40,138.0,2.536069631576538,2.5288467407226562,-0.007222890853881836
18,19,41,98.0,3.269590377807617,3.2693581581115723,-0.00023221969604492188
18,19,42,167.0,2.519949436187744,2.5227348804473877,0.0027854442596435547
18,19,43,288.0,3.7899160385131836,3.793471336364746,0.0035552978515625
18,19,44,225.0,2.509033441543579,2.508058547973633,-0.0009748935699462891
18,19,45,191.0,3.1287972927093506,3.128060817718506,-0.0007364749908447266
18,19,46,92.0,4.466386795043945,4.46635103225708,-3.5762786865234375e-05
18,19,47,41.0,4.971887588500977,4.967923641204834,-0.003963947296142578
18,19,48,231.0,2.9811513423919678,2.982895851135254,0.0017445087432861328
18,19,49,101.0,2.116225004196167,2.1096129417419434,-0.006612062454223633
18,19,50,177.0,2.9830946922302246,2.9794108867645264,-0.003683805465698242
18,19,51,252.0,3.516876697540283,3.5142924785614014,-0.002584218978881836
18,19,52,259.0,2.737027645111084,2.7357022762298584,-0.001325368881225586
18,19,53,47.0,1.9067243337631226,1.9366823434829712,0.029958009719848633
18,19,54,164.0,2.2345211505889893,2.231595039367676,-0.0029261112213134766
18,19,55,94.0,3.3757195472717285,3.3770318031311035,0.001312255859375
18,19,56,103.0,3.3878378868103027,3.3935387134552,0.005700826644897461
18,19,57,78.0,3.3106584548950195,3.317626953125,0.006968498229980469
18,19,58,239.0,3.107602596282959,3.1080613136291504,0.00045871734619140625
18,19,59,271.0,4.418605804443359,4.420592308044434,0.0019865036010742188
18,19,60,162.0,2.9131579399108887,2.9106547832489014,-0.0025031566619873047
18,19,61,179.0,3.214285135269165,3.21872615814209,0.004441022872924805
18,19,62,218.0,2.5891129970550537,2.5877959728240967,-0.0013170242309570312
18,19,63,81.0,3.4107165336608887,3.4038138389587402,-0.0069026947021484375
18,19,64,93.0,3.5013821125030518,3.5057013034820557,0.004319190979003906
18,19,65,72.0,3.358228921890259,3.3576996326446533,-0.0005292892456054688
18,19,66,230.0,3.3264732360839844,3.329164981842041,0.0026917457580566406
18,19,67,99.0,2.410640239715576,2.4162142276763916,0.00557398796081543
18,19,68,213.0,2.6581079959869385,2.6578285694122314,-0.00027942657470703125
18,19,69,119.0,2.5800669193267822,2.580460786819458,0.00039386749267578125
18,19,70,161.0,2.929652214050293,2.9293508529663086,-0.000301361083984375
18,19,71,90.0,3.9417757987976074,3.9363999366760254,-0.005375862121582031
18,19,72,181.0,2.8265914916992188,2.8332509994506836,0.006659507751464844
18,19,73,95.0,3.8289499282836914,3.8388729095458984,0.009922981262207031
18,19,74,245.0,2.2537572383880615,2.258345365524292,0.004588127136230469
18,19,75,93.0,1.7269396781921387,1.7268226146697998,-0.00011706352233886719
18,19,76,225.0,2.4448561668395996,2.4464545249938965,0.001598358154296875
18,19,77,61.0,3.08821439743042,3.080918073654175,-0.007296323776245117
18,19,78,257.0,3.5650999546051025,3.561964750289917,-0.003135204315185547
18,19,79,165.0,2.7435922622680664,2.7416601181030273,-0.0019321441650390625
18,19,80,117.0,4.079967498779297,4.080995082855225,0.0010275840759277344
18,19,81,89.0,3.1170668601989746,3.1080353260040283,-0.009031534194946289
18,19,82,291.0,3.542208671569824,3.5475223064422607,0.0053136348724365234
18,19,83,93.0,3.1824769973754883,3.1756393909454346,-0.006837606430053711
18,19,84,228.0,1.8533809185028076,1.8433977365493774,-0.009983181953430176
18,19,85,131.0,2.4851677417755127,2.482508897781372,-0.002658843994140625
18,19,86,191.0,3.915872573852539,3.908235788345337,-0.0076367855072021484
18,19,87,238.0,4.8885579109191895,4.8872880935668945,-0.0012698173522949219
18,19,88,210.0,2.9943952560424805,2.997258186340332,0.0028629302978515625
18,19,89,107.0,4.1228203773498535,4.110622882843018,-0.012197494506835938
18,19,90,217.0,2.7718281745910645,2.7692153453826904,-0.0026128292083740234
18,19,91,199.0,3.112976312637329,3.1050384044647217,-0.007937908172607422
18,19,92,84.0,2.381793260574341,2.382906436920166,0.0011131763458251953
18,19,93,271.0,3.5375630855560303,3.5352442264556885,-0.002318859100341797
18,19,94,226.0,3.105239152908325,3.0956897735595703,-0.009549379348754883
18,19,95,258.0,3.5427961349487305,3.547473907470703,0.004677772521972656
18,19,96,86.0,3.23514723777771,3.2394940853118896,0.0043468475341796875
18,19,97,142.0,4.2480573654174805,4.2428812980651855,-0.005176067352294922
18,19,98,42.0,1.9809751510620117,1.9697209596633911,-0.011254191398620605
18,19,99,224.0,2.4784393310546875,2.4759936332702637,-0.002445697784423828
18,19,100,197.0,1.853989601135254,1.856279730796814,0.0022901296615600586
18,19,101,85.0,2.4941816329956055,2.489694595336914,-0.004487037658691406
18,19,102,195.0,3.122326612472534,3.1168134212493896,-0.005513191223144531
18,19,103,102.0,3.1147775650024414,3.1188652515411377,0.004087686538696289
18,19,104,181.0,3.189467191696167,3.1906843185424805,0.0012171268463134766
18,19,105,72.0,1.8649518489837646,1.8660202026367188,0.0010683536529541016
18,19,106,130.0,4.294760227203369,4.294659614562988,-0.00010061264038085938
18,19,107,62.0,2.4163553714752197,2.4198131561279297,0.003457784652709961
18,19,108,263.0,3.546691656112671,3.5407416820526123,-0.005949974060058594
18,19,109,194.0,2.697882890701294,2.700132369995117,0.002249479293823242
18,19,110,174.0,2.602036237716675,2.6005852222442627,-0.0014510154724121094
18,19,111,235.0,3.703277826309204,3.699646234512329,-0.003631591796875
18,19,112,143.0,3.633587121963501,3.63588809967041,0.0023009777069091797
18,19,113,117.0,4.060715675354004,4.05689001083374,-0.003825664520263672
18,19,114,160.0,3.7659225463867188,3.7615959644317627,-0.004326581954956055
18,19,115,115.0,3.034438133239746,3.0388269424438477,0.0043888092041015625
18,19,116,120.0,3.3571696281433105,3.355153799057007,-0.002015829086303711
18,19,117,186.0,3.4980924129486084,3.496860980987549,-0.0012314319610595703
18,19,118,138.0,3.0037918090820312,2.9918150901794434,-0.01197671890258789
18,19,119,80.0,2.1522231101989746,2.1544651985168457,0.0022420883178710938
18,19,120,164.0,2.666628122329712,2.664085865020752,-0.002542257308959961
18,19,121,215.0,3.3896234035491943,3.3817501068115234,-0.007873296737670898
18,19,122,81.0,3.035551071166992,3.0379977226257324,0.0024466514587402344
18,19,123,171.0,2.9384942054748535,2.9383492469787598,-0.00014495849609375
18,19,124,41.0,5.417657375335693,5.410432815551758,-0.007224559783935547
18,19,125,103.0,3.7517361640930176,3.753793478012085,0.002057313919067383
18,19,126,145.0,2.8366682529449463,2.834794521331787,-0.0018737316131591797
18,19,127,102.0,2.7819013595581055,2.773594856262207,-0.008306503295898438
18,20,0,196.0,3.129199504852295,3.1270875930786133,-0.0021119117736816406
18,20,1,127.0,2.998192548751831,2.996014356613159,-0.002178192138671875
18,20,2,162.0,2.099813938140869,2.1036508083343506,0.0038368701934814453
18,20,3,92.0,3.952493190765381,3.954789638519287,0.00229644775390625
18,20,4,194.0,2.782571315765381,2.7833189964294434,0.0007476806640625
18,20,5,115.0,2.7538414001464844,2.761216163635254,0.007374763488769531
18,20,6,109.0,4.127994060516357,4.116796016693115,-0.011198043823242188
18,20,7,48.0,3.018592119216919,3.018721580505371,0.00012946128845214844
18,20,8,69.0,3.3226022720336914,3.3151137828826904,-0.0074884891510009766
18,20,9,85.0,3.0205674171447754,3.0163190364837646,-0.004248380661010742
18,20,10,238.0,2.6267495155334473,2.620149612426758,-0.006599903106689453
18,20,11,233.0,2.4413414001464844,2.443138837814331,0.0017974376678466797
18,20,12,208.0,2.959929943084717,2.960845708847046,0.0009157657623291016
18,20,13,196.0,2.753826141357422,2.7532925605773926,-0.0005335807800292969
18,20,14,131.0,2.9712021350860596,2.970949649810791,-0.0002524852752685547
18,20,15,125.0,2.7515416145324707,2.755631446838379,0.004089832305908203
18,20,16,61.0,4.166540145874023,4.156681060791016,-0.009859085083007812
18,20,17,164.0,1.9632303714752197,1.957597255706787,-0.005633115768432617
18,20,18,107.0,3.135986328125,3.142880916595459,0.006894588470458984
18,20,19,48.0,3.4995276927948,3.515077590942383,0.015549898147583008
18,20,20,74.0,1.9705148935317993,1.9768767356872559,0.006361842155456543
18,20,21,103.0,2.235994577407837,2.2288074493408203,-0.0071871280670166016
18,20,22,114.0,3.2786149978637695,3.280480146408081,0.0018651485443115234
18,20,23,50.0,5.015505313873291,5.016457557678223,0.0009522438049316406
18,20,24,281.0,2.3039751052856445,2.3060972690582275,0.002122163772583008
18,20,25,247.0,1.9686022996902466,1.9673641920089722,-0.001238107681274414
18,20,26,173.0,3.4113833904266357,3.4145448207855225,0.0031614303588867188
18,20,27,166.0,3.050419330596924,3.05041241645813,-6.9141387939453125e-06
18,20,28,98.0,2.611907482147217,2.617147922515869,0.005240440368652344
18,20,29,174.0,3.051379919052124,3.0522282123565674,0.0008482933044433594
18,20,30,173.0,2.750077724456787,2.75246524810791,0.002387523651123047
18,20,31,215.0,3.4014222621917725,3.4025304317474365,0.0011081695556640625
18,20,32,186.0,2.6455953121185303,2.6489694118499756,0.0033740997314453125
18,20,33,153.0,2.4407522678375244,2.4320085048675537,-0.008743762969970703
18,20,34,147.0,2.7246551513671875,2.7279257774353027,0.0032706260681152344
18,20,35,50.0,4.024989604949951,4.014074802398682,-0.010914802551269531
18,20,36,86.0,2.0081088542938232,2.0313119888305664,0.023203134536743164
18,20,37,154.0,3.517357349395752,3.5212934017181396,0.003936052322387695
18,20,38,265.0,2.388361930847168,2.3899478912353516,0.0015859603881835938
18,20,39,199.0,3.1552681922912598,3.15828275680542,0.0030145645141601562
18,20,40,138.0,2.536069631576538,2.5381479263305664,0.0020782947540283203
18,20,41,98.0,3.269590377807617,3.2740907669067383,0.004500389099121094
18,20,42,167.0,2.519949436187744,2.5196402072906494,-0.00030922889709472656
18,20,43,288.0,3.7899160385131836,3.787797689437866,-0.002118349075317383
18,20,44,225.0,2.509033441543579,2.5109758377075195,0.0019423961639404297
18,20,45,191.0,3.1287972927093506,3.1331732273101807,0.004375934600830078
18,20,46,92.0,4.466386795043945,4.464611053466797,-0.0017757415771484375
18,20,47,41.0,4.971887588500977,4.977085590362549,0.005198001861572266
18,20,48,231.0,2.9811513423919678,2.983591318130493,0.0024399757385253906
18,20,49,101.0,2.116225004196167,2.11616849899292,-5.650520324707031e-05
18,20,50,177.0,2.9830946922302246,2.978862762451172,-0.004231929779052734
18,20,51,252.0,3.516876697540283,3.5205931663513184,0.0037164688110351562
18,20,52,259.0,2.737027645111084,2.734266757965088,-0.0027608871459960938
18,20,53,47.0,1.9067243337631226,1.9078248739242554,0.0011005401611328125
18,20,54,164.0,2.2345211505889893,2.2285752296447754,-0.005945920944213867
18,20,55,94.0,3.3757195472717285,3.383620262145996,0.007900714874267578
18,20,56,103.0,3.3878378868103027,3.3898913860321045,0.002053499221801758
18,20,57,78.0,3.3106584548950195,3.31274676322937,0.002088308334350586
18,20,58,239.0,3.107602596282959,3.101930856704712,-0.00567173957824707
18,20,59,271.0,4.418605804443359,4.414792060852051,-0.0038137435913085938
18,20,60,162.0,2.9131579399108887,2.9115309715270996,-0.0016269683837890625
18,20,61,179.0,3.214285135269165,3.2112948894500732,-0.002990245819091797
18,20,62,218.0,2.5891129970550537,2.583839178085327,-0.0052738189697265625
18,20,63,81.0,3.4107165336608887,3.4056806564331055,-0.005035877227783203
18,20,64,93.0,3.5013821125030518,3.493260622024536,-0.008121490478515625
18,20,65,72.0,3.358228921890259,3.3606631755828857,0.002434253692626953
18,20,66,230.0,3.3264732360839844,3.325718879699707,-0.0007543563842773438
18,20,67,99.0,2.410640239715576,2.385603189468384,-0.025037050247192383
18,20,68,213.0,2.6581079959869385,2.6623435020446777,0.004235506057739258
18,20,69,119.0,2.5800669193267822,2.5833981037139893,0.0033311843872070312
18,20,70,161.0,2.929652214050293,2.9316399097442627,0.0019876956939697266
18,20,71,90.0,3.9417757987976074,3.9540953636169434,0.012319564819335938
18,20,72,181.0,2.8265914916992188,2.825150728225708,-0.0014407634735107422
18,20,73,95.0,3.8289499282836914,3.8357396125793457,0.006789684295654297
18,20,74,245.0,2.2537572383880615,2.254467248916626,0.0007100105285644531
18,20,75,93.0,1.7269396781921387,1.7292228937149048,0.0022832155227661133
18,20,76,225.0,2.4448561668395996,2.442809820175171,-0.002046346664428711
18,20,77,61.0,3.08821439743042,3.102726697921753,0.014512300491333008
18,20,78,257.0,3.5650999546051025,3.560056686401367,-0.0050432682037353516
18,20,79,165.0,2.7435922622680664,2.739518165588379,-0.0040740966796875
18,20,80,117.0,4.079967498779297,4.072748184204102,-0.0072193145751953125
18,20,81,89.0,3.1170668601989746,3.118495225906372,0.001428365707397461
18,20,82,291.0,3.542208671569824,3.5456559658050537,0.003447294235229492
18,20,83,93.0,3.1824769973754883,3.179922342300415,-0.002554655075073242
18,20,84,228.0,1.8533809185028076,1.8519219160079956,-0.0014590024948120117
18,20,85,131.0,2.4851677417755127,2.48862886428833,0.003461122512817383
18,20,86,191.0,3.915872573852539,3.909327268600464,-0.006545305252075195
18,20,87,238.0,4.8885579109191895,4.884154319763184,-0.004403591156005859
18,20,88,210.0,2.9943952560424805,3.000730037689209,0.006334781646728516
18,20,89,107.0,4.1228203773498535,4.117292881011963,-0.005527496337890625
18,20,90,217.0,2.7718281745910645,2.7723701000213623,0.0005419254302978516
18,20,91,199.0,3.112976312637329,3.117363452911377,0.0043871402740478516
18,20,92,84.0,2.381793260574341,2.375126361846924,-0.006666898727416992
18,20,93,271.0,3.5375630855560303,3.534290075302124,-0.00327301025390625
18,20,94,226.0,3.105239152908325,3.1006815433502197,-0.004557609558105469
18,20,95,258.0,3.5427961349487305,3.5431509017944336,0.000354766845703125
18,20,96,86.0,3.23514723777771,3.2313408851623535,-0.0038063526153564453
18,20,97,142.0,4.2480573654174805,4.252718448638916,0.004661083221435547
18,20,98,42.0,1.9809751510620117,1.9844099283218384,0.00343477725982666
18,20,99,224.0,2.4784393310546875,2.476536273956299,-0.0019030570983886719
18,20,100,197.0,1.853989601135254,1.8538460731506348,-0.00014352798461914062
18,20,101,85.0,2.4941816329956055,2.4906818866729736,-0.003499746322631836
18,20,102,195.0,3.122326612472534,3.1229875087738037,0.0006608963012695312
18,20,103,102.0,3.1147775650024414,3.109098196029663,-0.00567936897277832
18,20,104,181.0,3.189467191696167,3.1863925457000732,-0.00307464599609375
18,20,105,72.0,1.8649518489837646,1.8543891906738281,-0.010562658309936523
18,20,106,130.0,4.294760227203369,4.2966485023498535,0.001888275146484375
18,20,107,62.0,2.4163553714752197,2.4156222343444824,-0.0007331371307373047
18,20,108,263.0,3.546691656112671,3.5421142578125,-0.0045773983001708984
18,20,109,194.0,2.697882890701294,2.694012403488159,-0.0038704872131347656
18,20,110,174.0,2.602036237716675,2.6020901203155518,5.3882598876953125e-05
18,20,111,235.0,3.703277826309204,3.6825075149536133,-0.02077031135559082
18,20,112,143.0,3.633587121963501,3.63012433052063,-0.0034627914428710938
18,20,113,117.0,4.060715675354004,4.061218738555908,0.0005030632019042969
18,20,114,160.0,3.7659225463867188,3.766935348510742,0.0010128021240234375
18,20,115,115.0,3.034438133239746,3.0284786224365234,-0.005959510803222656
18,20,116,120.0,3.3571696281433105,3.3564462661743164,-0.0007233619689941406
18,20,117,186.0,3.4980924129486084,3.497972011566162,-0.00012040138244628906
18,20,118,138.0,3.0037918090820312,3.0034022331237793,-0.0003895759582519531
18,20,119,80.0,2.1522231101989746,2.1578214168548584,0.005598306655883789
18,20,120,164.0,2.666628122329712,2.6684365272521973,0.0018084049224853516
18,20,121,215.0,3.3896234035491943,3.3871119022369385,-0.0025115013122558594
18,20,122,81.0,3.035551071166992,3.040526866912842,0.004975795745849609
18,20,123,171.0,2.9384942054748535,2.936882972717285,-0.0016112327575683594
18,20,124,41.0,5.417657375335693,5.456031322479248,0.03837394714355469
18,20,125,103.0,3.7517361640930176,3.7532389163970947,0.0015027523040771484
18,20,126,145.0,2.8366682529449463,2.8360354900360107,-0.0006327629089355469
18,20,127,102.0,2.7819013595581055,2.774171829223633,-0.007729530334472656
18,21,0,196.0,3.129199504852295,3.1330878734588623,0.003888368606567383
18,21,1,127.0,2.998192548751831,2.9954030513763428,-0.0027894973754882812
18,21,2,162.0,2.099813938140869,2.094883918762207,-0.004930019378662109
18,21,3,92.0,3.952493190765381,3.949993848800659,-0.0024993419647216797
18,21,4,194.0,2.782571315765381,2.782604217529297,3.2901763916015625e-05
18,21,5,115.0,2.7538414001464844,2.754459857940674,0.0006184577941894531
18,21,6,109.0,4.127994060516357,4.117525100708008,-0.01046895980834961
18,21,7,48.0,3.018592119216919,3.014878988265991,-0.0037131309509277344
18,21,8,69.0,3.3226022720336914,3.3114819526672363,-0.011120319366455078
18,21,9,85.0,3.0205674171447754,3.0242059230804443,0.0036385059356689453
18,21,10,238.0,2.6267495155334473,2.626262903213501,-0.00048661231994628906
18,21,11,233.0,2.4413414001464844,2.4399008750915527,-0.0014405250549316406
18,21,12,208.0,2.959929943084717,2.953793525695801,-0.006136417388916016
18,21,13,196.0,2.753826141357422,2.7568013668060303,0.0029752254486083984
18,21,14,131.0,2.9712021350860596,2.9642670154571533,-0.00693511962890625
18,21,15,125.0,2.7515416145324707,2.753532648086548,0.0019910335540771484
18,21,16,61.0,4.166540145874023,4.155062198638916,-0.011477947235107422
18,21,17,164.0,1.9632303714752197,1.951682448387146,-0.01154792308807373
18,21,18,107.0,3.135986328125,3.12727427482605,-0.008712053298950195
18,21,19,48.0,3.4995276927948,3.508939504623413,0.009411811828613281
18,21,20,74.0,1.9705148935317993,1.9800790548324585,0.00956416130065918
18,21,21,103.0,2.235994577407837,2.2183966636657715,-0.01759791374206543
18,21,22,114.0,3.2786149978637695,3.2820420265197754,0.0034270286560058594
18,21,23,50.0,5.015505313873291,5.007948398590088,-0.007556915283203125
18,21,24,281.0,2.3039751052856445,2.308575391769409,0.0046002864837646484
18,21,25,247.0,1.9686022996902466,1.970333456993103,0.0017311573028564453
18,21,26,173.0,3.4113833904266357,3.407719135284424,-0.003664255142211914
18,21,27,166.0,3.050419330596924,3.0477700233459473,-0.0026493072509765625
18,21,28,98.0,2.611907482147217,2.6181681156158447,0.00626063346862793
18,21,29,174.0,3.051379919052124,3.046734094619751,-0.004645824432373047
18,21,30,173.0,2.750077724456787,2.754746198654175,0.004668474197387695
18,21,31,215.0,3.4014222621917725,3.397660255432129,-0.0037620067596435547
18,21,32,186.0,2.6455953121185303,2.6514503955841064,0.005855083465576172
18,21,33,153.0,2.4407522678375244,2.4332475662231445,-0.007504701614379883
18,21,34,147.0,2.7246551513671875,2.7269649505615234,0.0023097991943359375
18,21,35,50.0,4.024989604949951,4.016340255737305,-0.008649349212646484
18,21,36,86.0,2.0081088542938232,1.9759883880615234,-0.032120466232299805
18,21,37,154.0,3.517357349395752,3.5104081630706787,-0.006949186325073242
18,21,38,265.0,2.388361930847168,2.3912806510925293,0.002918720245361328
18,21,39,199.0,3.1552681922912598,3.16013240814209,0.004864215850830078
18,21,40,138.0,2.536069631576538,2.5289626121520996,-0.0071070194244384766
18,21,41,98.0,3.269590377807617,3.273291826248169,0.003701448440551758
18,21,42,167.0,2.519949436187744,2.516655921936035,-0.0032935142517089844
18,21,43,288.0,3.7899160385131836,3.787935495376587,-0.0019805431365966797
18,21,44,225.0,2.509033441543579,2.507267713546753,-0.0017657279968261719
18,21,45,191.0,3.1287972927093506,3.129300832748413,0.0005035400390625
18,21,46,92.0,4.466386795043945,4.460574150085449,-0.005812644958496094
18,21,47,41.0,4.971887588500977,4.967416763305664,-0.0044708251953125
18,21,48,231.0,2.9811513423919678,2.984801769256592,0.0036504268646240234
18,21,49,101.0,2.116225004196167,2.1127052307128906,-0.003519773483276367
18,21,50,177.0,2.9830946922302246,2.9781975746154785,-0.004897117614746094
18,21,51,252.0,3.516876697540283,3.5155274868011475,-0.0013492107391357422
18,21,52,259.0,2.737027645111084,2.7285361289978027,-0.00849151611328125
18,21,53,47.0,1.9067243337631226,1.900877594947815,-0.005846738815307617
18,21,54,164.0,2.2345211505889893,2.231292724609375,-0.003228425979614258
18,21,55,94.0,3.3757195472717285,3.373582124710083,-0.002137422561645508
18,21,56,103.0,3.3878378868103027,3.3883986473083496,0.000560760498046875
18,21,57,78.0,3.3106584548950195,3.3113794326782227,0.000720977783203125
18,21,58,239.0,3.107602596282959,3.1011664867401123,-0.00643610954284668
18,21,59,271.0,4.418605804443359,4.419365882873535,0.0007600784301757812
18,21,60,162.0,2.9131579399108887,2.909836530685425,-0.003321409225463867
18,21,61,179.0,3.214285135269165,3.2076191902160645,-0.006665945053100586
18,21,62,218.0,2.5891129970550537,2.58756685256958,-0.0015461444854736328
18,21,63,81.0,3.4107165336608887,3.4052696228027344,-0.005446910858154297
18,21,64,93.0,3.5013821125030518,3.498156785964966,-0.0032253265380859375
18,21,65,72.0,3.358228921890259,3.354602336883545,-0.003626585006713867
18,21,66,230.0,3.3264732360839844,3.3292438983917236,0.002770662307739258
18,21,67,99.0,2.410640239715576,2.4113082885742188,0.0006680488586425781
18,21,68,213.0,2.6581079959869385,2.663254976272583,0.005146980285644531
18,21,69,119.0,2.5800669193267822,2.5842068195343018,0.004139900207519531
18,21,70,161.0,2.929652214050293,2.932108163833618,0.0024559497833251953
18,21,71,90.0,3.9417757987976074,3.9370572566986084,-0.0047185420989990234
18,21,72,181.0,2.8265914916992188,2.8235549926757812,-0.0030364990234375
18,21,73,95.0,3.8289499282836914,3.827296733856201,-0.0016531944274902344
18,21,74,245.0,2.2537572383880615,2.2533648014068604,-0.0003924369812011719
18,21,75,93.0,1.7269396781921387,1.7407357692718506,0.013796091079711914
18,21,76,225.0,2.4448561668395996,2.440589427947998,-0.0042667388916015625
18,21,77,61.0,3.08821439743042,3.091445207595825,0.0032308101654052734
18,21,78,257.0,3.5650999546051025,3.558227062225342,-0.006872892379760742
18,21,79,165.0,2.7435922622680664,2.739370346069336,-0.004221916198730469
18,21,80,117.0,4.079967498779297,4.078497886657715,-0.0014696121215820312
18,21,81,89.0,3.1170668601989746,3.1135997772216797,-0.003467082977294922
18,21,82,291.0,3.542208671569824,3.543410062789917,0.0012013912200927734
18,21,83,93.0,3.1824769973754883,3.183485507965088,0.0010085105895996094
18,21,84,228.0,1.8533809185028076,1.8469616174697876,-0.0064193010330200195
18,21,85,131.0,2.4851677417755127,2.484281539916992,-0.0008862018585205078
18,21,86,191.0,3.915872573852539,3.908395290374756,-0.007477283477783203
18,21,87,238.0,4.8885579109191895,4.877164363861084,-0.011393547058105469
18,21,88,210.0,2.9943952560424805,2.992276906967163,-0.002118349075317383
18,21,89,107.0,4.1228203773498535,4.1179399490356445,-0.004880428314208984
18,21,90,217.0,2.7718281745910645,2.7746942043304443,0.002866029739379883
18,21,91,199.0,3.112976312637329,3.1120851039886475,-0.0008912086486816406
18,21,92,84.0,2.381793260574341,2.3779706954956055,-0.0038225650787353516
18,21,93,271.0,3.5375630855560303,3.528653383255005,-0.00890970230102539
18,21,94,226.0,3.105239152908325,3.095503091812134,-0.009736061096191406
18,21,95,258.0,3.5427961349487305,3.5438332557678223,0.0010371208190917969
18,21,96,86.0,3.23514723777771,3.2417821884155273,0.006634950637817383
18,21,97,142.0,4.2480573654174805,4.2472639083862305,-0.00079345703125
18,21,98,42.0,1.9809751510620117,1.9800611734390259,-0.0009139776229858398
18,21,99,224.0,2.4784393310546875,2.4821865558624268,0.003747224807739258
18,21,100,197.0,1.853989601135254,1.8578377962112427,0.0038481950759887695
18,21,101,85.0,2.4941816329956055,2.4913196563720703,-0.0028619766235351562
18,21,102,195.0,3.122326612472534,3.124844789505005,0.002518177032470703
18,21,103,102.0,3.1147775650024414,3.118396282196045,0.0036187171936035156
18,21,104,181.0,3.189467191696167,3.187528371810913,-0.0019388198852539062
18,21,105,72.0,1.8649518489837646,1.8569087982177734,-0.008043050765991211
18,21,106,130.0,4.294760227203369,4.299068450927734,0.004308223724365234
18,21,107,62.0,2.4163553714752197,2.4098567962646484,-0.006498575210571289
18,21,108,263.0,3.546691656112671,3.546384811401367,-0.00030684471130371094
18,21,109,194.0,2.697882890701294,2.689237594604492,-0.008645296096801758
18,21,110,174.0,2.602036237716675,2.597654104232788,-0.004382133483886719
18,21,111,235.0,3.703277826309204,3.698805570602417,-0.004472255706787109
18,21,112,143.0,3.633587121963501,3.636563301086426,0.0029761791229248047
18,21,113,117.0,4.060715675354004,4.05573034286499,-0.004985332489013672
18,21,114,160.0,3.7659225463867188,3.7663626670837402,0.0004401206970214844
18,21,115,115.0,3.034438133239746,3.03568959236145,0.0012514591217041016
18,21,116,120.0,3.3571696281433105,3.356614589691162,-0.0005550384521484375
18,21,117,186.0,3.4980924129486084,3.4982926845550537,0.0002002716064453125
18,21,118,138.0,3.0037918090820312,2.99808669090271,-0.005705118179321289
18,21,119,80.0,2.1522231101989746,2.153014898300171,0.0007917881011962891
18,21,120,164.0,2.666628122329712,2.658841133117676,-0.007786989212036133
18,21,121,215.0,3.3896234035491943,3.3804540634155273,-0.009169340133666992
18,21,122,81.0,3.035551071166992,3.0414748191833496,0.005923748016357422
18,21,123,171.0,2.9384942054748535,2.9426989555358887,0.004204750061035156
18,21,124,41.0,5.417657375335693,5.432878017425537,0.01522064208984375
18,21,125,103.0,3.7517361640930176,3.752484083175659,0.0007479190826416016
18,21,126,145.0,2.8366682529449463,2.8397376537323,0.0030694007873535156
18,21,127,102.0,2.7819013595581055,2.775702953338623,-0.006198406219482422
18,22,0,196.0,3.129199504852295,3.1249172687530518,-0.004282236099243164
18,22,1,127.0,2.998192548751831,2.9997024536132812,0.0015099048614501953
18,22,2,162.0,2.099813938140869,2.1046690940856934,0.004855155944824219
18,22,3,92.0,3.952493190765381,3.952831506729126,0.0003383159637451172
18,22,4,194.0,2.782571315765381,2.788172721862793,0.005601406097412109
18,22,5,115.0,2.7538414001464844,2.7584335803985596,0.004592180252075195
18,22,6,109.0,4.127994060516357,4.125337600708008,-0.0026564598083496094
18,22,7,48.0,3.018592119216919,3.012265205383301,-0.006326913833618164
18,22,8,69.0,3.3226022720336914,3.3068923950195312,-0.015709877014160156
18,22,9,85.0,3.0205674171447754,3.0188889503479004,-0.001678466796875
18,22,10,238.0,2.6267495155334473,2.628034830093384,0.0012853145599365234
18,22,11,233.0,2.4413414001464844,2.4418301582336426,0.0004887580871582031
18,22,12,208.0,2.959929943084717,2.9632480144500732,0.0033180713653564453
18,22,13,196.0,2.753826141357422,2.7553834915161133,0.0015573501586914062
18,22,14,131.0,2.9712021350860596,2.9720356464385986,0.0008335113525390625
18,22,15,125.0,2.7515416145324707,2.7522876262664795,0.0007460117340087891
18,22,16,61.0,4.166540145874023,4.173813819885254,0.007273674011230469
18,22,17,164.0,1.9632303714752197,1.9651647806167603,0.0019344091415405273
18,22,18,107.0,3.135986328125,3.1503512859344482,0.014364957809448242
18,22,19,48.0,3.4995276927948,3.5065841674804688,0.007056474685668945
18,22,20,74.0,1.9705148935317993,1.9689019918441772,-0.0016129016876220703
18,22,21,103.0,2.235994577407837,2.256405830383301,0.020411252975463867
18,22,22,114.0,3.2786149978637695,3.278954267501831,0.00033926963806152344
18,22,23,50.0,5.015505313873291,5.010956287384033,-0.0045490264892578125
18,22,24,281.0,2.3039751052856445,2.306184768676758,0.0022096633911132812
18,22,25,247.0,1.9686022996902466,1.970146894454956,0.0015445947647094727
18,22,26,173.0,3.4113833904266357,3.4144692420959473,0.0030858516693115234
18,22,27,166.0,3.050419330596924,3.061958074569702,0.01153874397277832
18,22,28,98.0,2.611907482147217,2.6149024963378906,0.002995014190673828
18,22,29,174.0,3.051379919052124,3.049668550491333,-0.0017113685607910156
18,22,30,173.0,2.750077724456787,2.7527694702148438,0.0026917457580566406
18,22,31,215.0,3.4014222621917725,3.399354934692383,-0.0020673274993896484
18,22,32,186.0,2.6455953121185303,2.643695116043091,-0.0019001960754394531
18,22,33,153.0,2.4407522678375244,2.437807083129883,-0.0029451847076416016
18,22,34,147.0,2.7246551513671875,2.7297756671905518,0.005120515823364258
18,22,35,50.0,4.024989604949951,4.018124580383301,-0.006865024566650391
18,22,36,86.0,2.0081088542938232,2.015634536743164,0.00752568244934082
18,22,37,154.0,3.517357349395752,3.520237445831299,0.002880096435546875
18,22,38,265.0,2.388361930847168,2.3907008171081543,0.002338886260986328
18,22,39,199.0,3.1552681922912598,3.159229278564453,0.003961086273193359
18,22,40,138.0,2.536069631576538,2.5400753021240234,0.0040056705474853516
18,22,41,98.0,3.269590377807617,3.267313003540039,-0.002277374267578125
18,22,42,167.0,2.519949436187744,2.5194091796875,-0.0005402565002441406
18,22,43,288.0,3.7899160385131836,3.7930781841278076,0.0031621456146240234
18,22,44,225.0,2.509033441543579,2.5103282928466797,0.001294851303100586
18,22,45,191.0,3.1287972927093506,3.1301345825195312,0.001337289810180664
18,22,46,92.0,4.466386795043945,4.462924957275391,-0.0034618377685546875
18,22,47,41.0,4.971887588500977,4.986462116241455,0.014574527740478516
18,22,48,231.0,2.9811513423919678,2.983689308166504,0.002537965774536133
18,22,49,101.0,2.116225004196167,2.10666823387146,-0.009556770324707031
18,22,50,177.0,2.9830946922302246,2.9825804233551025,-0.0005142688751220703
18,22,51,252.0,3.516876697540283,3.5248634815216064,0.007986783981323242
18,22,52,259.0,2.737027645111084,2.73854398727417,0.0015163421630859375
18,22,53,47.0,1.9067243337631226,1.9093902111053467,0.002665877342224121
18,22,54,164.0,2.2345211505889893,2.233135223388672,-0.0013859272003173828
18,22,55,94.0,3.3757195472717285,3.3684003353118896,-0.007319211959838867
18,22,56,103.0,3.3878378868103027,3.3928279876708984,0.004990100860595703
18,22,57,78.0,3.3106584548950195,3.3155980110168457,0.004939556121826172
18,22,58,239.0,3.107602596282959,3.1088082790374756,0.0012056827545166016
18,22,59,271.0,4.418605804443359,4.421767234802246,0.0031614303588867188
18,22,60,162.0,2.9131579399108887,2.907850503921509,-0.005307435989379883
18,22,61,179.0,3.214285135269165,3.2126736640930176,-0.001611471176147461
18,22,62,218.0,2.5891129970550537,2.59004545211792,0.0009324550628662109
18,22,63,81.0,3.4107165336608887,3.416963577270508,0.006247043609619141
18,22,64,93.0,3.5013821125030518,3.4977078437805176,-0.0036742687225341797
18,22,65,72.0,3.358228921890259,3.3472867012023926,-0.010942220687866211
18,22,66,230.0,3.3264732360839844,3.3241360187530518,-0.002337217330932617
18,22,67,99.0,2.410640239715576,2.4309780597686768,0.020337820053100586
18,22,68,213.0,2.6581079959869385,2.657076120376587,-0.0010318756103515625
18,22,69,119.0,2.5800669193267822,2.5824832916259766,0.002416372299194336
18,22,70,161.0,2.929652214050293,2.9349963665008545,0.0053441524505615234
18,22,71,90.0,3.9417757987976074,3.9316532611846924,-0.010122537612915039
18,22,72,181.0,2.8265914916992188,2.831451892852783,0.004860401153564453
18,22,73,95.0,3.8289499282836914,3.8325695991516113,0.003619670867919922
18,22,74,245.0,2.2537572383880615,2.251443386077881,-0.002313852310180664
18,22,75,93.0,1.7269396781921387,1.7179534435272217,-0.008986234664916992
18,22,76,225.0,2.4448561668395996,2.449143886566162,0.0042877197265625
18,22,77,61.0,3.08821439743042,3.0976781845092773,0.009463787078857422
18,22,78,257.0,3.5650999546051025,3.5640830993652344,-0.001016855239868164
18,22,79,165.0,2.7435922622680664,2.743002414703369,-0.0005898475646972656
18,22,80,117.0,4.079967498779297,4.083144187927246,0.0031766891479492188
18,22,81,89.0,3.1170668601989746,3.120485544204712,0.0034186840057373047
18,22,82,291.0,3.542208671569824,3.550442695617676,0.008234024047851562
18,22,83,93.0,3.1824769973754883,3.1858999729156494,0.003422975540161133
18,22,84,228.0,1.8533809185028076,1.8542979955673218,0.0009170770645141602
18,22,85,131.0,2.4851677417755127,2.4925601482391357,0.007392406463623047
18,22,86,191.0,3.915872573852539,3.917715072631836,0.001842498779296875
18,22,87,238.0,4.8885579109191895,4.894004821777344,0.005446910858154297
18,22,88,210.0,2.9943952560424805,2.998889684677124,0.004494428634643555
18,22,89,107.0,4.1228203773498535,4.131736755371094,0.008916378021240234
18,22,90,217.0,2.7718281745910645,2.778231382369995,0.006403207778930664
18,22,91,199.0,3.112976312637329,3.1104798316955566,-0.002496480941772461
18,22,92,84.0,2.381793260574341,2.378946542739868,-0.0028467178344726562
18,22,93,271.0,3.5375630855560303,3.542607307434082,0.005044221878051758
18,22,94,226.0,3.105239152908325,3.0997369289398193,-0.005502223968505859
18,22,95,258.0,3.5427961349487305,3.5504136085510254,0.007617473602294922
18,22,96,86.0,3.23514723777771,3.2372121810913086,0.002064943313598633
18,22,97,142.0,4.2480573654174805,4.251595973968506,0.0035386085510253906
18,22,98,42.0,1.9809751510620117,1.9955981969833374,0.014623045921325684
18,22,99,224.0,2.4784393310546875,2.4825026988983154,0.00406336784362793
18,22,100,197.0,1.853989601135254,1.8519260883331299,-0.0020635128021240234
18,22,101,85.0,2.4941816329956055,2.4976603984832764,0.0034787654876708984
18,22,102,195.0,3.122326612472534,3.1250007152557373,0.002674102783203125
18,22,103,102.0,3.1147775650024414,3.1152045726776123,0.00042700767517089844
18,22,104,181.0,3.189467191696167,3.1972274780273438,0.007760286331176758
18,22,105,72.0,1.8649518489837646,1.859365463256836,-0.005586385726928711
18,22,106,130.0,4.294760227203369,4.294823169708252,6.29425048828125e-05
18,22,107,62.0,2.4163553714752197,2.42059063911438,0.004235267639160156
18,22,108,263.0,3.546691656112671,3.5487639904022217,0.0020723342895507812
18,22,109,194.0,2.697882890701294,2.70577335357666,0.007890462875366211
18,22,110,174.0,2.602036237716675,2.605607271194458,0.003571033477783203
18,22,111,235.0,3.703277826309204,3.7150139808654785,0.011736154556274414
18,22,112,143.0,3.633587121963501,3.638925313949585,0.005338191986083984
18,22,113,117.0,4.060715675354004,4.071737289428711,0.011021614074707031
18,22,114,160.0,3.7659225463867188,3.7700247764587402,0.004102230072021484
18,22,115,115.0,3.034438133239746,3.036332607269287,0.0018944740295410156
18,22,116,120.0,3.3571696281433105,3.3666505813598633,0.009480953216552734
18,22,117,186.0,3.4980924129486084,3.503234624862671,0.0051422119140625
18,22,118,138.0,3.0037918090820312,3.001347303390503,-0.0024445056915283203
18,22,119,80.0,2.1522231101989746,2.15576434135437,0.003541231155395508
18,22,120,164.0,2.666628122329712,2.671760320663452,0.005132198333740234
18,22,121,215.0,3.3896234035491943,3.3916656970977783,0.0020422935485839844
18,22,122,81.0,3.035551071166992,3.046104907989502,0.010553836822509766
18,22,123,171.0,2.9384942054748535,2.943345546722412,0.004851341247558594
18,22,124,41.0,5.417657375335693,5.397363662719727,-0.020293712615966797
18,22,125,103.0,3.7517361640930176,3.746913194656372,-0.004822969436645508
18,22,126,145.0,2.8366682529449463,2.8363454341888428,-0.0003228187561035156
18,22,127,102.0,2.7819013595581055,2.7801926136016846,-0.0017087459564208984
18,23,0,196.0,3.129199504852295,3.1333208084106445,0.004121303558349609
18,23,1,127.0,2.998192548751831,2.9999029636383057,0.0017104148864746094
18,23,2,162.0,2.099813938140869,2.1051347255706787,0.00532078742980957
18,23,3,92.0,3.952493190765381,3.948819398880005,-0.0036737918853759766
18,23,4,194.0,2.782571315765381,2.782665729522705,9.441375732421875e-05
18,23,5,115.0,2.7538414001464844,2.7611663341522217,0.007324934005737305
18,23,6,109.0,4.127994060516357,4.122025489807129,-0.005968570709228516
18,23,7,48.0,3.018592119216919,3.0119025707244873,-0.006689548492431641
18,23,8,69.0,3.3226022720336914,3.314666748046875,-0.007935523986816406
18,23,9,85.0,3.0205674171447754,3.016084671020508,-0.004482746124267578
18,23,10,238.0,2.6267495155334473,2.6312906742095947,0.004541158676147461
18,23,11,233.0,2.4413414001464844,2.4400553703308105,-0.0012860298156738281
18,23,12,208.0,2.959929943084717,2.9606566429138184,0.0007266998291015625
18,23,13,196.0,2.753826141357422,2.752500057220459,-0.0013260841369628906
18,23,14,131.0,2.9712021350860596,2.9712533950805664,5.125999450683594e-05
18,23,15,125.0,2.7515416145324707,2.7580697536468506,0.006528139114379883
18,23,16,61.0,4.166540145874023,4.159155368804932,-0.007384777069091797
18,23,17,164.0,1.9632303714752197,1.958037257194519,-0.005193114280700684
18,23,18,107.0,3.135986328125,3.140484094619751,0.0044977664947509766
18,23,19,48.0,3.4995276927948,3.517530679702759,0.018002986907958984
18,23,20,74.0,1.9705148935317993,1.9732394218444824,0.0027245283126831055
18,23,21,103.0,2.235994577407837,2.2218689918518066,-0.014125585556030273
18,23,22,114.0,3.2786149978637695,3.2783851623535156,-0.00022983551025390625
18,23,23,50.0,5.015505313873291,5.015318870544434,-0.00018644332885742188
18,23,24,281.0,2.3039751052856445,2.3132824897766113,0.009307384490966797
18,23,25,247.0,1.9686022996902466,1.974443793296814,0.005841493606567383
18,23,26,173.0,3.4113833904266357,3.411470890045166,8.749961853027344e-05
18,23,27,166.0,3.050419330596924,3.047412633895874,-0.0030066967010498047
18,23,28,98.0,2.611907482147217,2.621997833251953,0.010090351104736328
18,23,29,174.0,3.051379919052124,3.0544931888580322,0.003113269805908203
18,23,30,173.0,2.750077724456787,2.7507712841033936,0.0006935596466064453
18,23,31,215.0,3.4014222621917725,3.4017910957336426,0.0003688335418701172
18,23,32,186.0,2.6455953121185303,2.6517932415008545,0.006197929382324219
18,23,33,153.0,2.4407522678375244,2.437485694885254,-0.003266572952270508
18,23,34,147.0,2.7246551513671875,2.727536201477051,0.0028810501098632812
18,23,35,50.0,4.024989604949951,4.015267848968506,-0.009721755981445312
18,23,36,86.0,2.0081088542938232,2.0168302059173584,0.008721351623535156
18,23,37,154.0,3.517357349395752,3.514801025390625,-0.002556324005126953
18,23,38,265.0,2.388361930847168,2.385108470916748,-0.003253459930419922
18,23,39,199.0,3.1552681922912598,3.1574902534484863,0.0022220611572265625
18,23,40,138.0,2.536069631576538,2.531388759613037,-0.0046808719635009766
18,23,41,98.0,3.269590377807617,3.276881217956543,0.007290840148925781
18,23,42,167.0,2.519949436187744,2.5228896141052246,0.0029401779174804688
18,23,43,288.0,3.7899160385131836,3.788029670715332,-0.0018863677978515625
18,23,44,225.0,2.509033441543579,2.5106444358825684,0.0016109943389892578
18,23,45,191.0,3.1287972927093506,3.1267173290252686,-0.0020799636840820312
18,23,46,92.0,4.466386795043945,4.4642653465271,-0.002121448516845703
18,23,47,41.0,4.971887588500977,4.976917743682861,0.005030155181884766
18,23,48,231.0,2.9811513423919678,2.9852755069732666,0.004124164581298828
18,23,49,101.0,2.116225004196167,2.112544536590576,-0.0036804676055908203
18,23,50,177.0,2.9830946922302246,2.9779791831970215,-0.005115509033203125
18,23,51,252.0,3.516876697540283,3.5188705921173096,0.001993894577026367
18,23,52,259.0,2.737027645111084,2.735692262649536,-0.0013353824615478516
18,23,53,47.0,1.9067243337631226,1.8944069147109985,-0.012317419052124023
18,23,54,164.0,2.2345211505889893,2.2318568229675293,-0.002664327621459961
18,23,55,94.0,3.3757195472717285,3.3749473094940186,-0.0007722377777099609
18,23,56,103.0,3.3878378868103027,3.392122745513916,0.004284858703613281
18,23,57,78.0,3.3106584548950195,3.3156683444976807,0.005009889602661133
18,23,58,239.0,3.107602596282959,3.1069183349609375,-0.0006842613220214844
18,23,59,271.0,4.418605804443359,4.418252468109131,-0.0003533363342285156
18,23,60,162.0,2.9131579399108887,2.9076075553894043,-0.005550384521484375
18,23,61,179.0,3.214285135269165,3.215364694595337,0.001079559326171875
18,23,62,218.0,2.5891129970550537,2.586876630783081,-0.0022363662719726562
18,23,63,81.0,3.4107165336608887,3.404996156692505,-0.005720376968383789
18,23,64,93.0,3.5013821125030518,3.504241704940796,0.0028595924377441406
18,23,65,72.0,3.358228921890259,3.3615407943725586,0.0033118724822998047
18,23,66,230.0,3.3264732360839844,3.331148147583008,0.0046749114990234375
18,23,67,99.0,2.410640239715576,2.3904099464416504,-0.02023029327392578
18,23,68,213.0,2.6581079959869385,2.6617236137390137,0.0036156177520751953
18,23,69,119.0,2.5800669193267822,2.579946756362915,-0.0001201629638671875
18,23,70,161.0,2.929652214050293,2.9283576011657715,-0.0012946128845214844
18,23,71,90.0,3.9417757987976074,3.9418206214904785,4.482269287109375e-05
18,23,72,181.0,2.8265914916992188,2.82568621635437,-0.0009052753448486328
18,23,73,95.0,3.8289499282836914,3.8331425189971924,0.0041925907135009766
18,23,74,245.0,2.2537572383880615,2.2478702068328857,-0.005887031555175781
18,23,75,93.0,1.7269396781921387,1.725367546081543,-0.0015721321105957031
18,23,76,225.0,2.4448561668395996,2.444873571395874,1.7404556274414062e-05
18,23,77,61.0,3.08821439743042,3.0983529090881348,0.010138511657714844
18,23,78,257.0,3.5650999546051025,3.5626120567321777,-0.0024878978729248047
18,23,79,165.0,2.7435922622680664,2.7444498538970947,0.0008575916290283203
18,23,80,117.0,4.079967498779297,4.0796942710876465,-0.0002732276916503906
18,23,81,89.0,3.1170668601989746,3.1211020946502686,0.004035234451293945
18,23,82,291.0,3.542208671569824,3.5520124435424805,0.00980377197265625
18,23,83,93.0,3.1824769973754883,3.1825637817382812,8.678436279296875e-05
18,23,84,228.0,1.8533809185028076,1.8493572473526,-0.0040236711502075195
18,23,85,131.0,2.4851677417755127,2.4872679710388184,0.002100229263305664
18,23,86,191.0,3.915872573852539,3.91310453414917,-0.0027680397033691406
18,23,87,238.0,4.8885579109191895,4.884443759918213,-0.0041141510009765625
18,23,88,210.0,2.9943952560424805,3.001396894454956,0.007001638412475586
18,23,89,107.0,4.1228203773498535,4.116097927093506,-0.006722450256347656
18,23,90,217.0,2.7718281745910645,2.7747392654418945,0.002911090850830078
18,23,91,199.0,3.112976312637329,3.1113271713256836,-0.0016491413116455078
18,23,92,84.0,2.381793260574341,2.3833022117614746,0.001508951187133789
18,23,93,271.0,3.5375630855560303,3.532475233078003,-0.005087852478027344
18,23,94,226.0,3.105239152908325,3.0969302654266357,-0.008308887481689453
18,23,95,258.0,3.5427961349487305,3.5459342002868652,0.0031380653381347656
18,23,96,86.0,3.23514723777771,3.234877586364746,-0.0002696514129638672
18,23,97,142.0,4.2480573654174805,4.243009567260742,-0.005047798156738281
18,23,98,42.0,1.9809751510620117,1.9811204671859741,0.00014531612396240234
18,23,99,224.0,2.4784393310546875,2.475543737411499,-0.0028955936431884766
18,23,100,197.0,1.853989601135254,1.856397032737732,0.0024074316024780273
18,23,101,85.0,2.4941816329956055,2.496147632598877,0.0019659996032714844
18,23,102,195.0,3.122326612472534,3.121203899383545,-0.0011227130889892578
18,23,103,102.0,3.1147775650024414,3.116067409515381,0.0012898445129394531
18,23,104,181.0,3.189467191696167,3.1882691383361816,-0.0011980533599853516
18,23,105,72.0,1.8649518489837646,1.8608815670013428,-0.004070281982421875
18,23,106,130.0,4.294760227203369,4.2982916831970215,0.0035314559936523438
18,23,107,62.0,2.4163553714752197,2.4105288982391357,-0.005826473236083984
18,23,108,263.0,3.546691656112671,3.5452046394348145,-0.0014870166778564453
18,23,109,194.0,2.697882890701294,2.692901849746704,-0.004981040954589844
18,23,110,174.0,2.602036237716675,2.604448080062866,0.0024118423461914062
18,23,111,235.0,3.703277826309204,3.6903138160705566,-0.012964010238647461
18,23,112,143.0,3.633587121963501,3.630781650543213,-0.002805471420288086
18,23,113,117.0,4.060715675354004,4.058109283447266,-0.0026063919067382812
18,23,114,160.0,3.7659225463867188,3.7656493186950684,-0.0002732276916503906
18,23,115,115.0,3.034438133239746,3.032923936843872,-0.0015141963958740234
18,23,116,120.0,3.3571696281433105,3.3610455989837646,0.0038759708404541016
18,23,117,186.0,3.4980924129486084,3.5023279190063477,0.004235506057739258
18,23,118,138.0,3.0037918090820312,3.0039350986480713,0.00014328956604003906
18,23,119,80.0,2.1522231101989746,2.1573476791381836,0.005124568939208984
18,23,120,164.0,2.666628122329712,2.666149139404297,-0.00047898292541503906
18,23,121,215.0,3.3896234035491943,3.3844926357269287,-0.005130767822265625
18,23,122,81.0,3.035551071166992,3.039170742034912,0.003619670867919922
18,23,123,171.0,2.9384942054748535,2.9457223415374756,0.00722813606262207
18,23,124,41.0,5.417657375335693,5.387264728546143,-0.03039264678955078
18,23,125,103.0,3.7517361640930176,3.7558045387268066,0.0040683746337890625
18,23,126,145.0,2.8366682529449463,2.835486888885498,-0.0011813640594482422
18,23,127,102.0,2.7819013595581055,2.777155876159668,-0.0047454833984375
18,24,0,196.0,3.129199504852295,3.1315653324127197,0.0023658275604248047
18,24,1,127.0,2.998192548751831,2.999875783920288,0.0016832351684570312
18,24,2,162.0,2.099813938140869,2.0976741313934326,-0.0021398067474365234
18,24,3,92.0,3.952493190765381,3.946624517440796,-0.005868673324584961
18,24,4,194.0,2.782571315765381,2.7830049991607666,0.0004336833953857422
18,24,5,115.0,2.7538414001464844,2.762650489807129,0.008809089660644531
18,24,6,109.0,4.127994060516357,4.120394229888916,-0.007599830627441406
18,24,7,48.0,3.018592119216919,3.0100040435791016,-0.008588075637817383
18,24,8,69.0,3.3226022720336914,3.313877820968628,-0.008724451065063477
18,24,9,85.0,3.0205674171447754,3.026515007019043,0.005947589874267578
18,24,10,238.0,2.6267495155334473,2.62677264213562,2.3126602172851562e-05
18,24,11,233.0,2.4413414001464844,2.438866376876831,-0.0024750232696533203
18,24,12,208.0,2.959929943084717,2.96012544631958,0.00019550323486328125
18,24,13,196.0,2.753826141357422,2.7591142654418945,0.005288124084472656
18,24,14,131.0,2.9712021350860596,2.9729535579681396,0.0017514228820800781
18,24,15,125.0,2.7515416145324707,2.7471022605895996,-0.004439353942871094
18,24,16,61.0,4.166540145874023,4.15507698059082,-0.011463165283203125
18,24,17,164.0,1.9632303714752197,1.9637948274612427,0.0005644559860229492
18,24,18,107.0,3.135986328125,3.1353046894073486,-0.0006816387176513672
18,24,19,48.0,3.4995276927948,3.5065295696258545,0.0070018768310546875
18,24,20,74.0,1.9705148935317993,1.9784108400344849,0.007895946502685547
18,24,21,103.0,2.235994577407837,2.2262253761291504,-0.009769201278686523
18,24,22,114.0,3.2786149978637695,3.2804019451141357,0.001786947250366211
18,24,23,50.0,5.015505313873291,5.013342380523682,-0.002162933349609375
18,24,24,281.0,2.3039751052856445,2.305535316467285,0.001560211181640625
18,24,25,247.0,1.9686022996902466,1.9674506187438965,-0.0011516809463500977
18,24,26,173.0,3.4113833904266357,3.409536123275757,-0.0018472671508789062
18,24,27,166.0,3.050419330596924,3.0550453662872314,0.004626035690307617
18,24,28,98.0,2.611907482147217,2.6210134029388428,0.009105920791625977
18,24,29,174.0,3.051379919052124,3.052982807159424,0.0016028881072998047
18,24,30,173.0,2.750077724456787,2.75447154045105,0.004393815994262695
18,24,31,215.0,3.4014222621917725,3.4024369716644287,0.00101470947265625
18,24,32,186.0,2.6455953121185303,2.647331714630127,0.0017364025115966797
18,24,33,153.0,2.4407522678375244,2.4352381229400635,-0.0055141448974609375
18,24,34,147.0,2.7246551513671875,2.72519850730896,0.0005433559417724609
18,24,35,50.0,4.024989604949951,4.0083699226379395,-0.01661968231201172
18,24,36,86.0,2.0081088542938232,2.0156753063201904,0.0075664520263671875
18,24,37,154.0,3.517357349395752,3.5189507007598877,0.0015933513641357422
18,24,38,265.0,2.388361930847168,2.388758897781372,0.00039696693420410156
18,24,39,199.0,3.1552681922912598,3.158928155899048,0.003659963607788086
18,24,40,138.0,2.536069631576538,2.5406813621520996,0.0046117305755615234
18,24,41,98.0,3.269590377807617,3.265901803970337,-0.0036885738372802734
18,24,42,167.0,2.519949436187744,2.5176494121551514,-0.0023000240325927734
18,24,43,288.0,3.7899160385131836,3.7902517318725586,0.000335693359375
18,24,44,225.0,2.509033441543579,2.518369197845459,0.009335756301879883
18,24,45,191.0,3.1287972927093506,3.13563871383667,0.006841421127319336
18,24,46,92.0,4.466386795043945,4.461526870727539,-0.00485992431640625
18,24,47,41.0,4.971887588500977,4.970241069793701,-0.0016465187072753906
18,24,48,231.0,2.9811513423919678,2.9856033325195312,0.0044519901275634766
18,24,49,101.0,2.116225004196167,2.1185927391052246,0.002367734909057617
18,24,50,177.0,2.9830946922302246,2.9873178005218506,0.0042231082916259766
18,24,51,252.0,3.516876697540283,3.520341634750366,0.003464937210083008
18,24,52,259.0,2.737027645111084,2.737143039703369,0.00011539459228515625
18,24,53,47.0,1.9067243337631226,1.9056588411331177,-0.0010654926300048828
18,24,54,164.0,2.2345211505889893,2.2290351390838623,-0.005486011505126953
18,24,55,94.0,3.3757195472717285,3.3701424598693848,-0.00557708740234375
18,24,56,103.0,3.3878378868103027,3.396369457244873,0.008531570434570312
18,24,57,78.0,3.3106584548950195,3.307596445083618,-0.003062009811401367
18,24,58,239.0,3.107602596282959,3.1052987575531006,-0.0023038387298583984
18,24,59,271.0,4.418605804443359,4.422398090362549,0.003792285919189453
18,24,60,162.0,2.9131579399108887,2.9095678329467773,-0.003590106964111328
18,24,61,179.0,3.214285135269165,3.2131428718566895,-0.001142263412475586
18,24,62,218.0,2.5891129970550537,2.5871739387512207,-0.0019390583038330078
18,24,63,81.0,3.4107165336608887,3.4069933891296387,-0.00372314453125
18,24,64,93.0,3.5013821125030518,3.4991652965545654,-0.002216815948486328
18,24,65,72.0,3.358228921890259,3.3529603481292725,-0.005268573760986328
18,24,66,230.0,3.3264732360839844,3.3292369842529297,0.0027637481689453125
18,24,67,99.0,2.410640239715576,2.410271644592285,-0.0003685951232910156
18,24,68,213.0,2.6581079959869385,2.6610119342803955,0.0029039382934570312
18,24,69,119.0,2.5800669193267822,2.579172134399414,-0.0008947849273681641
18,24,70,161.0,2.929652214050293,2.941277503967285,0.011625289916992188
18,24,71,90.0,3.9417757987976074,3.9445950984954834,0.0028192996978759766
18,24,72,181.0,2.8265914916992188,2.8275816440582275,0.000990152359008789
18,24,73,95.0,3.8289499282836914,3.837923288345337,0.008973360061645508
18,24,74,245.0,2.2537572383880615,2.2549898624420166,0.0012326240539550781
18,24,75,93.0,1.7269396781921387,1.7252510786056519,-0.0016885995864868164
18,24,76,225.0,2.4448561668395996,2.443350076675415,-0.0015060901641845703
18,24,77,61.0,3.08821439743042,3.0922048091888428,0.0039904117584228516
18,24,78,257.0,3.5650999546051025,3.5601155757904053,-0.004984378814697266
18,24,79,165.0,2.7435922622680664,2.7427587509155273,-0.0008335113525390625
18,24,80,117.0,4.079967498779297,4.087881088256836,0.007913589477539062
18,24,81,89.0,3.1170668601989746,3.120699882507324,0.0036330223083496094
18,24,82,291.0,3.542208671569824,3.542524576187134,0.0003159046173095703
18,24,83,93.0,3.1824769973754883,3.1821978092193604,-0.0002791881561279297
18,24,84,228.0,1.8533809185028076,1.8442744016647339,-0.00910651683807373
18,24,85,131.0,2.4851677417755127,2.47759747505188,-0.0075702667236328125
18,24,86,191.0,3.915872573852539,3.9083333015441895,-0.007539272308349609
18,24,87,238.0,4.8885579109191895,4.8838396072387695,-0.004718303680419922
18,24,88,210.0,2.9943952560424805,2.999910593032837,0.005515336990356445
18,24,89,107.0,4.1228203773498535,4.1117329597473145,-0.011087417602539062
18,24,90,217.0,2.7718281745910645,2.775198221206665,0.003370046615600586
18,24,91,199.0,3.112976312637329,3.113302707672119,0.00032639503479003906
18,24,92,84.0,2.381793260574341,2.3895277976989746,0.007734537124633789
18,24,93,271.0,3.5375630855560303,3.544086456298828,0.0065233707427978516
18,24,94,226.0,3.105239152908325,3.1020548343658447,-0.0031843185424804688
18,24,95,258.0,3.5427961349487305,3.5491700172424316,0.006373882293701172
18,24,96,86.0,3.23514723777771,3.232774496078491,-0.00237274169921875
18,24,97,142.0,4.2480573654174805,4.247025489807129,-0.0010318756103515625
18,24,98,42.0,1.9809751510620117,1.959328293800354,-0.021646857261657715
18,24,99,224.0,2.4784393310546875,2.477858304977417,-0.0005810260772705078
18,24,100,197.0,1.853989601135254,1.850451946258545,-0.0035376548767089844
18,24,101,85.0,2.4941816329956055,2.4959094524383545,0.0017278194427490234
18,24,102,195.0,3.122326612472534,3.126322031021118,0.003995418548583984
18,24,103,102.0,3.1147775650024414,3.1154279708862305,0.0006504058837890625
18,24,104,181.0,3.189467191696167,3.1858246326446533,-0.003642559051513672
18,24,105,72.0,1.8649518489837646,1.8580907583236694,-0.006861090660095215
18,24,106,130.0,4.294760227203369,4.297264099121094,0.0025038719177246094
18,24,107,62.0,2.4163553714752197,2.4260730743408203,0.009717702865600586
18,24,108,263.0,3.546691656112671,3.5476036071777344,0.0009119510650634766
18,24,109,194.0,2.697882890701294,2.699521780014038,0.0016388893127441406
18,24,110,174.0,2.602036237716675,2.604987621307373,0.002951383590698242
18,24,111,235.0,3.703277826309204,3.71504807472229,0.011770248413085938
18,24,112,143.0,3.633587121963501,3.6301345825195312,-0.0034525394439697266
18,24,113,117.0,4.060715675354004,4.0613813400268555,0.0006656646728515625
18,24,114,160.0,3.7659225463867188,3.7643165588378906,-0.001605987548828125
18,24,115,115.0,3.034438133239746,3.028928756713867,-0.005509376525878906
18,24,116,120.0,3.3571696281433105,3.3614516258239746,0.0042819976806640625
18,24,117,186.0,3.4980924129486084,3.503643751144409,0.005551338195800781
18,24,118,138.0,3.0037918090820312,3.001523733139038,-0.002268075942993164
18,24,119,80.0,2.1522231101989746,2.1616196632385254,0.009396553039550781
18,24,120,164.0,2.666628122329712,2.6654138565063477,-0.0012142658233642578
18,24,121,215.0,3.3896234035491943,3.3809244632720947,-0.00869894027709961
18,24,122,81.0,3.035551071166992,3.0376839637756348,0.002132892608642578
18,24,123,171.0,2.9384942054748535,2.9440255165100098,0.00553131103515625
18,24,124,41.0,5.417657375335693,5.392475128173828,-0.025182247161865234
18,24,125,103.0,3.7517361640930176,3.743055582046509,-0.008680582046508789
18,24,126,145.0,2.8366682529449463,2.842719078063965,0.006050825119018555
18,24,127,102.0,2.7819013595581055,2.789154291152954,0.007252931594848633
18,25,0,196.0,3.129199504852295,3.1271872520446777,-0.0020122528076171875
18,25,1,127.0,2.998192548751831,2.9977188110351562,-0.0004737377166748047
18,25,2,162.0,2.099813938140869,2.1018788814544678,0.002064943313598633
18,25,3,92.0,3.952493190765381,3.956833600997925,0.004340410232543945
18,25,4,194.0,2.782571315765381,2.7869884967803955,0.0044171810150146484
18,25,5,115.0,2.7538414001464844,2.7602322101593018,0.006390810012817383
18,25,6,109.0,4.127994060516357,4.12167501449585,-0.0063190460205078125
18,25,7,48.0,3.018592119216919,3.0016281604766846,-0.016963958740234375
18,25,8,69.0,3.3226022720336914,3.3120768070220947,-0.01052546501159668
18,25,9,85.0,3.0205674171447754,3.0186915397644043,-0.0018758773803710938
18,25,10,238.0,2.6267495155334473,2.6284873485565186,0.001737833023071289
18,25,11,233.0,2.4413414001464844,2.4445111751556396,0.0031697750091552734
18,25,12,208.0,2.959929943084717,2.9584062099456787,-0.001523733139038086
18,25,13,196.0,2.753826141357422,2.7543814182281494,0.0005552768707275391
18,25,14,131.0,2.9712021350860596,2.968531370162964,-0.002670764923095703
18,25,15,125.0,2.7515416145324707,2.754333972930908,0.0027923583984375
18,25,16,61.0,4.166540145874023,4.165235996246338,-0.0013041496276855469
18,25,17,164.0,1.9632303714752197,1.9676527976989746,0.004422426223754883
18,25,18,107.0,3.135986328125,3.139315366744995,0.003329038619995117
18,25,19,48.0,3.4995276927948,3.511765241622925,0.012237548828125
18,25,20,74.0,1.9705148935317993,1.9725779294967651,0.0020630359649658203
18,25,21,103.0,2.235994577407837,2.2615456581115723,0.02555108070373535
18,25,22,114.0,3.2786149978637695,3.280829429626465,0.0022144317626953125
18,25,23,50.0,5.015505313873291,5.006821155548096,-0.008684158325195312
18,25,24,281.0,2.3039751052856445,2.308100700378418,0.0041255950927734375
18,25,25,247.0,1.9686022996902466,1.9660199880599976,-0.0025823116302490234
18,25,26,173.0,3.4113833904266357,3.4142706394195557,0.002887248992919922
18,25,27,166.0,3.050419330596924,3.058422803878784,0.008003473281860352
18,25,28,98.0,2.611907482147217,2.6135292053222656,0.0016217231750488281
18,25,29,174.0,3.051379919052124,3.055849313735962,0.004469394683837891
18,25,30,173.0,2.750077724456787,2.745723247528076,-0.0043544769287109375
18,25,31,215.0,3.4014222621917725,3.399336814880371,-0.002085447311401367
18,25,32,186.0,2.6455953121185303,2.645048141479492,-0.0005471706390380859
18,25,33,153.0,2.4407522678375244,2.4355154037475586,-0.00523686408996582
18,25,34,147.0,2.7246551513671875,2.727113962173462,0.002458810806274414
18,25,35,50.0,4.024989604949951,4.0135416984558105,-0.011447906494140625
18,25,36,86.0,2.0081088542938232,2.017192840576172,0.009083986282348633
18,25,37,154.0,3.517357349395752,3.521350383758545,0.003993034362792969
18,25,38,265.0,2.388361930847168,2.3904974460601807,0.0021355152130126953
18,25,39,199.0,3.1552681922912598,3.1548995971679688,-0.0003685951232910156
18,25,40,138.0,2.536069631576538,2.5311429500579834,-0.0049266815185546875
18,25,41,98.0,3.269590377807617,3.265037775039673,-0.004552602767944336
18,25,42,167.0,2.519949436187744,2.5244386196136475,0.00448918342590332
18,25,43,288.0,3.7899160385131836,3.793970823287964,0.0040547847747802734
18,25,44,225.0,2.509033441543579,2.5102105140686035,0.001177072525024414
18,25,45,191.0,3.1287972927093506,3.1283156871795654,-0.00048160552978515625
18,25,46,92.0,4.466386795043945,4.467444896697998,0.0010581016540527344
18,25,47,41.0,4.971887588500977,4.983833312988281,0.011945724487304688
18,25,48,231.0,2.9811513423919678,2.982844591140747,0.0016932487487792969
18,25,49,101.0,2.116225004196167,2.119164228439331,0.0029392242431640625
18,25,50,177.0,2.9830946922302246,2.979867458343506,-0.00322723388671875
18,25,51,252.0,3.516876697540283,3.5216152667999268,0.004738569259643555
18,25,52,259.0,2.737027645111084,2.7384684085845947,0.0014407634735107422
18,25,53,47.0,1.9067243337631226,1.899393081665039,-0.007331252098083496
18,25,54,164.0,2.2345211505889893,2.230354070663452,-0.004167079925537109
18,25,55,94.0,3.3757195472717285,3.372468948364258,-0.003250598907470703
18,25,56,103.0,3.3878378868103027,3.3920583724975586,0.004220485687255859
18,25,57,78.0,3.3106584548950195,3.3141028881073,0.0034444332122802734
18,25,58,239.0,3.107602596282959,3.1102309226989746,0.002628326416015625
18,25,59,271.0,4.418605804443359,4.418713569641113,0.00010776519775390625
18,25,60,162.0,2.9131579399108887,2.9162673950195312,0.003109455108642578
18,25,61,179.0,3.214285135269165,3.212254762649536,-0.0020303726196289062
18,25,62,218.0,2.5891129970550537,2.5916099548339844,0.002496957778930664
18,25,63,81.0,3.4107165336608887,3.4114127159118652,0.0006961822509765625
18,25,64,93.0,3.5013821125030518,3.5037224292755127,0.0023403167724609375
18,25,65,72.0,3.358228921890259,3.3635880947113037,0.005359172821044922
18,25,66,230.0,3.3264732360839844,3.332334041595459,0.005860805511474609
18,25,67,99.0,2.410640239715576,2.4129068851470947,0.0022666454315185547
18,25,68,213.0,2.6581079959869385,2.6657609939575195,0.007652997970581055
18,25,69,119.0,2.5800669193267822,2.5801074504852295,4.0531158447265625e-05
18,25,70,161.0,2.929652214050293,2.9343035221099854,0.004651308059692383
18,25,71,90.0,3.9417757987976074,3.9460537433624268,0.004277944564819336
18,25,72,181.0,2.8265914916992188,2.824279546737671,-0.0023119449615478516
18,25,73,95.0,3.8289499282836914,3.832737684249878,0.0037877559661865234
18,25,74,245.0,2.2537572383880615,2.2564830780029297,0.002725839614868164
18,25,75,93.0,1.7269396781921387,1.7276289463043213,0.0006892681121826172
18,25,76,225.0,2.4448561668395996,2.44484806060791,-8.106231689453125e-06
18,25,77,61.0,3.08821439743042,3.0961761474609375,0.007961750030517578
18,25,78,257.0,3.5650999546051025,3.558948278427124,-0.006151676177978516
18,25,79,165.0,2.7435922622680664,2.7423133850097656,-0.0012788772583007812
18,25,80,117.0,4.079967498779297,4.079122543334961,-0.0008449554443359375
18,25,81,89.0,3.1170668601989746,3.115729570388794,-0.001337289810180664
18,25,82,291.0,3.542208671569824,3.551830291748047,0.009621620178222656
18,25,83,93.0,3.1824769973754883,3.1855521202087402,0.003075122833251953
18,25,84,228.0,1.8533809185028076,1.8472408056259155,-0.00614011287689209
18,25,85,131.0,2.4851677417755127,2.4853861331939697,0.00021839141845703125
18,25,86,191.0,3.915872573852539,3.9107189178466797,-0.005153656005859375
18,25,87,238.0,4.8885579109191895,4.8891682624816895,0.0006103515625
18,25,88,210.0,2.9943952560424805,2.9930949211120605,-0.0013003349304199219
18,25,89,107.0,4.1228203773498535,4.123326301574707,0.0005059242248535156
18,25,90,217.0,2.7718281745910645,2.7763309478759766,0.004502773284912109
18,25,91,199.0,3.112976312637329,3.1125738620758057,-0.0004024505615234375
18,25,92,84.0,2.381793260574341,2.375894546508789,-0.005898714065551758
18,25,93,271.0,3.5375630855560303,3.535396099090576,-0.0021669864654541016
18,25,94,226.0,3.105239152908325,3.0996086597442627,-0.0056304931640625
18,25,95,258.0,3.5427961349487305,3.541893720626831,-0.0009024143218994141
18,25,96,86.0,3.23514723777771,3.239764451980591,0.004617214202880859
18,25,97,142.0,4.2480573654174805,4.247372627258301,-0.0006847381591796875
18,25,98,42.0,1.9809751510620117,1.988303542137146,0.007328391075134277
18,25,99,224.0,2.4784393310546875,2.481321096420288,0.002881765365600586
18,25,100,197.0,1.853989601135254,1.8444403409957886,-0.009549260139465332
18,25,101,85.0,2.4941816329956055,2.492070198059082,-0.0021114349365234375
18,25,102,195.0,3.122326612472534,3.1204733848571777,-0.0018532276153564453
18,25,103,102.0,3.1147775650024414,3.1135973930358887,-0.0011801719665527344
18,25,104,181.0,3.189467191696167,3.1926350593566895,0.003167867660522461
18,25,105,72.0,1.8649518489837646,1.8597177267074585,-0.005234122276306152
18,25,106,130.0,4.294760227203369,4.299163818359375,0.004403591156005859
18,25,107,62.0,2.4163553714752197,2.405985116958618,-0.010370254516601562
18,25,108,263.0,3.546691656112671,3.546001434326172,-0.0006902217864990234
18,25,109,194.0,2.697882890701294,2.70062518119812,0.002742290496826172
18,25,110,174.0,2.602036237716675,2.602414131164551,0.00037789344787597656
18,25,111,235.0,3.703277826309204,3.7185630798339844,0.015285253524780273
18,25,112,143.0,3.633587121963501,3.6368420124053955,0.0032548904418945312
18,25,113,117.0,4.060715675354004,4.0704345703125,0.009718894958496094
18,25,114,160.0,3.7659225463867188,3.772984266281128,0.00706171989440918
18,25,115,115.0,3.034438133239746,3.031435966491699,-0.003002166748046875
18,25,116,120.0,3.3571696281433105,3.356090784072876,-0.0010788440704345703
18,25,117,186.0,3.4980924129486084,3.5038111209869385,0.005718708038330078
18,25,118,138.0,3.0037918090820312,2.998948335647583,-0.004843473434448242
18,25,119,80.0,2.1522231101989746,2.148214817047119,-0.004008293151855469
18,25,120,164.0,2.666628122329712,2.6641383171081543,-0.002489805221557617
18,25,121,215.0,3.3896234035491943,3.389082908630371,-0.0005404949188232422
18,25,122,81.0,3.035551071166992,3.0370028018951416,0.001451730728149414
18,25,123,171.0,2.9384942054748535,2.9433555603027344,0.004861354827880859
18,25,124,41.0,5.417657375335693,5.369429588317871,-0.048227787017822266
18,25,125,103.0,3.7517361640930176,3.7520687580108643,0.0003325939178466797
18,25,126,145.0,2.8366682529449463,2.83130145072937,-0.005366802215576172
18,25,127,102.0,2.7819013595581055,2.7746925354003906,-0.007208824157714844
18,26,0,196.0,3.129199504852295,3.127322196960449,-0.0018773078918457031
18,26,1,127.0,2.998192548751831,2.990910053253174,-0.0072824954986572266
18,26,2,162.0,2.099813938140869,2.0976359844207764,-0.0021779537200927734
18,26,3,92.0,3.952493190765381,3.952018976211548,-0.0004742145538330078
18,26,4,194.0,2.782571315765381,2.7814929485321045,-0.0010783672332763672
18,26,5,115.0,2.7538414001464844,2.7542686462402344,0.00042724609375
18,26,6,109.0,4.127994060516357,4.116996765136719,-0.010997295379638672
18,26,7,48.0,3.018592119216919,3.0117080211639404,-0.006884098052978516
18,26,8,69.0,3.3226022720336914,3.3138840198516846,-0.008718252182006836
18,26,9,85.0,3.0205674171447754,3.0189030170440674,-0.0016644001007080078
18,26,10,238.0,2.6267495155334473,2.6254820823669434,-0.0012674331665039062
18,26,11,233.0,2.4413414001464844,2.4418063163757324,0.0004649162292480469
18,26,12,208.0,2.959929943084717,2.9615354537963867,0.0016055107116699219
18,26,13,196.0,2.753826141357422,2.754132032394409,0.0003058910369873047
18,26,14,131.0,2.9712021350860596,2.966813087463379,-0.004389047622680664
18,26,15,125.0,2.7515416145324707,2.7521374225616455,0.0005958080291748047
18,26,16,61.0,4.166540145874023,4.167223930358887,0.0006837844848632812
18,26,17,164.0,1.9632303714752197,1.9553961753845215,-0.007834196090698242
18,26,18,107.0,3.135986328125,3.136120557785034,0.0001342296600341797
18,26,19,48.0,3.4995276927948,3.506824493408203,0.00729680061340332
18,26,20,74.0,1.9705148935317993,1.9766597747802734,0.006144881248474121
18,26,21,103.0,2.235994577407837,2.2528128623962402,0.01681828498840332
18,26,22,114.0,3.2786149978637695,3.2825653553009033,0.003950357437133789
18,26,23,50.0,5.015505313873291,5.00997257232666,-0.005532741546630859
18,26,24,281.0,2.3039751052856445,2.3055307865142822,0.0015556812286376953
18,26,25,247.0,1.9686022996902466,1.9698936939239502,0.0012913942337036133
18,26,26,173.0,3.4113833904266357,3.4114320278167725,4.863739013671875e-05
18,26,27,166.0,3.050419330596924,3.0512735843658447,0.0008542537689208984
18,26,28,98.0,2.611907482147217,2.6208455562591553,0.008938074111938477
18,26,29,174.0,3.051379919052124,3.0573668479919434,0.005986928939819336
18,26,30,173.0,2.750077724456787,2.7499661445617676,-0.00011157989501953125
18,26,31,215.0,3.4014222621917725,3.3959405422210693,-0.005481719970703125
18,26,32,186.0,2.6455953121185303,2.6464967727661133,0.0009014606475830078
18,26,33,153.0,2.4407522678375244,2.435429096221924,-0.005323171615600586
18,26,34,147.0,2.7246551513671875,2.735884666442871,0.011229515075683594
18,26,35,50.0,4.024989604949951,4.0157856941223145,-0.009203910827636719
18,26,36,86.0,2.0081088542938232,2.0110933780670166,0.0029845237731933594
18,26,37,154.0,3.517357349395752,3.519351005554199,0.0019936561584472656
18,26,38,265.0,2.388361930847168,2.3887410163879395,0.0003790855407714844
18,26,39,199.0,3.1552681922912598,3.1549909114837646,-0.0002772808074951172
18,26,40,138.0,2.536069631576538,2.53848934173584,0.002419710159301758
18,26,41,98.0,3.269590377807617,3.2730836868286133,0.0034933090209960938
18,26,42,167.0,2.519949436187744,2.5135574340820312,-0.006392002105712891
18,26,43,288.0,3.7899160385131836,3.792081117630005,0.002165079116821289
18,26,44,225.0,2.509033441543579,2.5047152042388916,-0.0043182373046875
18,26,45,191.0,3.1287972927093506,3.128049612045288,-0.0007476806640625
18,26,46,92.0,4.466386795043945,4.467824459075928,0.0014376640319824219
18,26,47,41.0,4.971887588500977,4.965399742126465,-0.006487846374511719
18,26,48,231.0,2.9811513423919678,2.982567310333252,0.0014159679412841797
18,26,49,101.0,2.116225004196167,2.115701675415039,-0.0005233287811279297
18,26,50,177.0,2.9830946922302246,2.9760353565216064,-0.007059335708618164
18,26,51,252.0,3.516876697540283,3.518068313598633,0.0011916160583496094
18,26,52,259.0,2.737027645111084,2.735260009765625,-0.0017676353454589844
18,26,53,47.0,1.9067243337631226,1.8904435634613037,-0.016280770301818848
18,26,54,164.0,2.2345211505889893,2.2254865169525146,-0.00903463363647461
18,26,55,94.0,3.3757195472717285,3.3657920360565186,-0.009927511215209961
18,26,56,103.0,3.3878378868103027,3.3872342109680176,-0.0006036758422851562
18,26,57,78.0,3.3106584548950195,3.314316511154175,0.0036580562591552734
18,26,58,239.0,3.107602596282959,3.1045329570770264,-0.003069639205932617
18,26,59,271.0,4.418605804443359,4.417526721954346,-0.0010790824890136719
18,26,60,162.0,2.9131579399108887,2.912666082382202,-0.0004918575286865234
18,26,61,179.0,3.214285135269165,3.2129907608032227,-0.0012943744659423828
18,26,62,218.0,2.5891129970550537,2.588085651397705,-0.0010273456573486328
18,26,63,81.0,3.4107165336608887,3.3977019786834717,-0.013014554977416992
18,26,64,93.0,3.5013821125030518,3.5028021335601807,0.0014200210571289062
18,26,65,72.0,3.358228921890259,3.3540048599243164,-0.004224061965942383
18,26,66,230.0,3.3264732360839844,3.328707218170166,0.0022339820861816406
18,26,67,99.0,2.410640239715576,2.4264886379241943,0.015848398208618164
18,26,68,213.0,2.6581079959869385,2.662108898162842,0.00400090217590332
18,26,69,119.0,2.5800669193267822,2.5830109119415283,0.0029439926147460938
18,26,70,161.0,2.929652214050293,2.928605556488037,-0.0010466575622558594
18,26,71,90.0,3.9417757987976074,3.943434000015259,0.0016582012176513672
18,26,72,181.0,2.8265914916992188,2.8263230323791504,-0.0002684593200683594
18,26,73,95.0,3.8289499282836914,3.8309381008148193,0.0019881725311279297
18,26,74,245.0,2.2537572383880615,2.253679037094116,-7.82012939453125e-05
18,26,75,93.0,1.7269396781921387,1.7264527082443237,-0.0004869699478149414
18,26,76,225.0,2.4448561668395996,2.4437062740325928,-0.001149892807006836
18,26,77,61.0,3.08821439743042,3.0887808799743652,0.0005664825439453125
18,26,78,257.0,3.5650999546051025,3.5678882598876953,0.0027883052825927734
18,26,79,165.0,2.7435922622680664,2.7405622005462646,-0.003030061721801758
18,26,80,117.0,4.079967498779297,4.083085060119629,0.0031175613403320312
18,26,81,89.0,3.1170668601989746,3.1165318489074707,-0.0005350112915039062
18,26,82,291.0,3.542208671569824,3.550955295562744,0.008746623992919922
18,26,83,93.0,3.1824769973754883,3.1828997135162354,0.0004227161407470703
18,26,84,228.0,1.8533809185028076,1.8527865409851074,-0.0005943775177001953
18,26,85,131.0,2.4851677417755127,2.487147092819214,0.001979351043701172
18,26,86,191.0,3.915872573852539,3.9087975025177,-0.007075071334838867
18,26,87,238.0,4.8885579109191895,4.8889360427856445,0.0003781318664550781
18,26,88,210.0,2.9943952560424805,3.0069854259490967,0.012590169906616211
18,26,89,107.0,4.1228203773498535,4.121384620666504,-0.0014357566833496094
18,26,90,217.0,2.7718281745910645,2.7731759548187256,0.0013477802276611328
18,26,91,199.0,3.112976312637329,3.1104447841644287,-0.0025315284729003906
18,26,92,84.0,2.381793260574341,2.3785502910614014,-0.003242969512939453
18,26,93,271.0,3.5375630855560303,3.537757158279419,0.00019407272338867188
18,26,94,226.0,3.105239152908325,3.0997486114501953,-0.005490541458129883
18,26,95,258.0,3.5427961349487305,3.5530662536621094,0.010270118713378906
18,26,96,86.0,3.23514723777771,3.234823226928711,-0.00032401084899902344
18,26,97,142.0,4.2480573654174805,4.243951320648193,-0.004106044769287109
18,26,98,42.0,1.9809751510620117,1.9869683980941772,0.005993247032165527
18,26,99,224.0,2.4784393310546875,2.477098226547241,-0.001341104507446289
18,26,100,197.0,1.853989601135254,1.8499211072921753,-0.004068493843078613
18,26,101,85.0,2.4941816329956055,2.498596668243408,0.004415035247802734
18,26,102,195.0,3.122326612472534,3.122387409210205,6.079673767089844e-05
18,26,103,102.0,3.1147775650024414,3.1171367168426514,0.002359151840209961
18,26,104,181.0,3.189467191696167,3.1897897720336914,0.00032258033752441406
18,26,105,72.0,1.8649518489837646,1.8683698177337646,0.00341796875
18,26,106,130.0,4.294760227203369,4.296543598175049,0.0017833709716796875
18,26,107,62.0,2.4163553714752197,2.4129433631896973,-0.003412008285522461
18,26,108,263.0,3.546691656112671,3.5465729236602783,-0.00011873245239257812
18,26,109,194.0,2.697882890701294,2.701159954071045,0.0032770633697509766
18,26,110,174.0,2.602036237716675,2.6004645824432373,-0.0015716552734375
18,26,111,235.0,3.703277826309204,3.6945385932922363,-0.008739233016967773
18,26,112,143.0,3.633587121963501,3.6289093494415283,-0.004677772521972656
18,26,113,117.0,4.060715675354004,4.058995723724365,-0.0017199516296386719
18,26,114,160.0,3.7659225463867188,3.7662856578826904,0.0003631114959716797
18,26,115,115.0,3.034438133239746,3.0356338024139404,0.001195669174194336
18,26,116,120.0,3.3571696281433105,3.354552745819092,-0.00261688232421875
18,26,117,186.0,3.4980924129486084,3.5001261234283447,0.002033710479736328
18,26,118,138.0,3.0037918090820312,3.0027682781219482,-0.0010235309600830078
18,26,119,80.0,2.1522231101989746,2.1569206714630127,0.004697561264038086
18,26,120,164.0,2.666628122329712,2.6659529209136963,-0.000675201416015625
18,26,121,215.0,3.3896234035491943,3.388028621673584,-0.0015947818756103516
18,26,122,81.0,3.035551071166992,3.031383991241455,-0.004167079925537109
18,26,123,171.0,2.9384942054748535,2.938448905944824,-4.5299530029296875e-05
18,26,124,41.0,5.417657375335693,5.442844867706299,0.02518749237060547
18,26,125,103.0,3.7517361640930176,3.7545785903930664,0.002842426300048828
18,26,126,145.0,2.8366682529449463,2.8303802013397217,-0.006288051605224609
18,26,127,102.0,2.7819013595581055,2.778595209121704,-0.003306150436401367
18,27,0,196.0,3.129199504852295,3.1299221515655518,0.0007226467132568359
18,27,1,127.0,2.998192548751831,2.994807720184326,-0.003384828567504883
18,27,2,162.0,2.099813938140869,2.099210500717163,-0.0006034374237060547
18,27,3,92.0,3.952493190765381,3.9555044174194336,0.0030112266540527344
18,27,4,194.0,2.782571315765381,2.777432441711426,-0.005138874053955078
18,27,5,115.0,2.7538414001464844,2.7524924278259277,-0.0013489723205566406
18,27,6,109.0,4.127994060516357,4.119306564331055,-0.008687496185302734
18,27,7,48.0,3.018592119216919,3.014058828353882,-0.004533290863037109
18,27,8,69.0,3.3226022720336914,3.306732654571533,-0.015869617462158203
18,27,9,85.0,3.0205674171447754,3.0205953121185303,2.7894973754882812e-05
18,27,10,238.0,2.6267495155334473,2.625627040863037,-0.0011224746704101562
18,27,11,233.0,2.4413414001464844,2.4407572746276855,-0.0005841255187988281
18,27,12,208.0,2.959929943084717,2.9591305255889893,-0.0007994174957275391
18,27,13,196.0,2.753826141357422,2.7521421909332275,-0.001683950424194336
18,27,14,131.0,2.9712021350860596,2.979715347290039,0.008513212203979492
18,27,15,125.0,2.7515416145324707,2.7526235580444336,0.0010819435119628906
18,27,16,61.0,4.166540145874023,4.158334732055664,-0.008205413818359375
18,27,17,164.0,1.9632303714752197,1.9590420722961426,-0.0041882991790771484
18,27,18,107.0,3.135986328125,3.138059616088867,0.0020732879638671875
18,27,19,48.0,3.4995276927948,3.510920763015747,0.011393070220947266
18,27,20,74.0,1.9705148935317993,1.9684032201766968,-0.002111673355102539
18,27,21,103.0,2.235994577407837,2.212735414505005,-0.02325916290283203
18,27,22,114.0,3.2786149978637695,3.2785704135894775,-4.458427429199219e-05
18,27,23,50.0,5.015505313873291,5.01032829284668,-0.005177021026611328
18,27,24,281.0,2.3039751052856445,2.3079006671905518,0.0039255619049072266
18,27,25,247.0,1.9686022996902466,1.969632625579834,0.0010303258895874023
18,27,26,173.0,3.4113833904266357,3.4067623615264893,-0.004621028900146484
18,27,27,166.0,3.050419330596924,3.0557773113250732,0.005357980728149414
18,27,28,98.0,2.611907482147217,2.6188089847564697,0.00690150260925293
18,27,29,174.0,3.051379919052124,3.050891637802124,-0.00048828125
18,27,30,173.0,2.750077724456787,2.752471685409546,0.002393960952758789
18,27,31,215.0,3.4014222621917725,3.3995563983917236,-0.0018658638000488281
18,27,32,186.0,2.6455953121185303,2.6518735885620117,0.006278276443481445
18,27,33,153.0,2.4407522678375244,2.435044527053833,-0.005707740783691406
18,27,34,147.0,2.7246551513671875,2.7262516021728516,0.0015964508056640625
18,27,35,50.0,4.024989604949951,4.029052734375,0.004063129425048828
18,27,36,86.0,2.0081088542938232,2.018888235092163,0.010779380798339844
18,27,37,154.0,3.517357349395752,3.5205705165863037,0.003213167190551758
18,27,38,265.0,2.388361930847168,2.389705181121826,0.0013432502746582031
18,27,39,199.0,3.1552681922912598,3.154423952102661,-0.0008442401885986328
18,27,40,138.0,2.536069631576538,2.531949281692505,-0.004120349884033203
18,27,41,98.0,3.269590377807617,3.269681453704834,9.107589721679688e-05
18,27,42,167.0,2.519949436187744,2.5183281898498535,-0.001621246337890625
18,27,43,288.0,3.7899160385131836,3.793452739715576,0.003536701202392578
18,27,44,225.0,2.509033441543579,2.5086729526519775,-0.0003604888916015625
18,27,45,191.0,3.1287972927093506,3.127882957458496,-0.0009143352508544922
18,27,46,92.0,4.466386795043945,4.4635233879089355,-0.0028634071350097656
18,27,47,41.0,4.971887588500977,4.978045463562012,0.006157875061035156
18,27,48,231.0,2.9811513423919678,2.982496500015259,0.0013451576232910156
18,27,49,101.0,2.116225004196167,2.115140438079834,-0.0010845661163330078
18,27,50,177.0,2.9830946922302246,2.983255624771118,0.0001609325408935547
18,27,51,252.0,3.516876697540283,3.524085521697998,0.007208824157714844
18,27,52,259.0,2.737027645111084,2.735079765319824,-0.0019478797912597656
18,27,53,47.0,1.9067243337631226,1.9062494039535522,-0.0004749298095703125
18,27,54,164.0,2.2345211505889893,2.232048988342285,-0.0024721622467041016
18,27,55,94.0,3.3757195472717285,3.375316619873047,-0.0004029273986816406
18,27,56,103.0,3.3878378868103027,3.3866000175476074,-0.0012378692626953125
18,27,57,78.0,3.3106584548950195,3.3148560523986816,0.004197597503662109
18,27,58,239.0,3.107602596282959,3.102628469467163,-0.0049741268157958984
18,27,59,271.0,4.418605804443359,4.417778015136719,-0.000827789306640625
18,27,60,162.0,2.9131579399108887,2.9078707695007324,-0.00528717041015625
18,27,61,179.0,3.214285135269165,3.2094645500183105,-0.004820585250854492
18,27,62,218.0,2.5891129970550537,2.5857577323913574,-0.003355264663696289
18,27,63,81.0,3.4107165336608887,3.4067559242248535,-0.003960609436035156
18,27,64,93.0,3.5013821125030518,3.503563404083252,0.0021812915802001953
18,27,65,72.0,3.358228921890259,3.3656327724456787,0.007403850555419922
18,27,66,230.0,3.3264732360839844,3.32810378074646,0.001630544662475586
18,27,67,99.0,2.410640239715576,2.3756940364837646,-0.03494620323181152
18,27,68,213.0,2.6581079959869385,2.656059741973877,-0.0020482540130615234
18,27,69,119.0,2.5800669193267822,2.581376075744629,0.0013091564178466797
18,27,70,161.0,2.929652214050293,2.933187961578369,0.003535747528076172
18,27,71,90.0,3.9417757987976074,3.9429938793182373,0.0012180805206298828
18,27,72,181.0,2.8265914916992188,2.828352689743042,0.0017611980438232422
18,27,73,95.0,3.8289499282836914,3.834526538848877,0.005576610565185547
18,27,74,245.0,2.2537572383880615,2.255249500274658,0.0014922618865966797
18,27,75,93.0,1.7269396781921387,1.7286462783813477,0.0017066001892089844
18,27,76,225.0,2.4448561668395996,2.4421517848968506,-0.0027043819427490234
18,27,77,61.0,3.08821439743042,3.099247694015503,0.011033296585083008
18,27,78,257.0,3.5650999546051025,3.565518856048584,0.0004189014434814453
18,27,79,165.0,2.7435922622680664,2.7467150688171387,0.0031228065490722656
18,27,80,117.0,4.079967498779297,4.08004093170166,7.343292236328125e-05
18,27,81,89.0,3.1170668601989746,3.114088773727417,-0.002978086471557617
18,27,82,291.0,3.542208671569824,3.543912649154663,0.0017039775848388672
18,27,83,93.0,3.1824769973754883,3.183628797531128,0.0011518001556396484
18,27,84,228.0,1.8533809185028076,1.8409523963928223,-0.012428522109985352
18,27,85,131.0,2.4851677417755127,2.4884917736053467,0.0033240318298339844
18,27,86,191.0,3.915872573852539,3.911406993865967,-0.004465579986572266
18,27,87,238.0,4.8885579109191895,4.887309551239014,-0.0012483596801757812
18,27,88,210.0,2.9943952560424805,3.002872943878174,0.00847768783569336
18,27,89,107.0,4.1228203773498535,4.120240211486816,-0.0025801658630371094
18,27,90,217.0,2.7718281745910645,2.7734575271606445,0.0016293525695800781
18,27,91,199.0,3.112976312637329,3.10770845413208,-0.0052678585052490234
18,27,92,84.0,2.381793260574341,2.381791114807129,-2.1457672119140625e-06
18,27,93,271.0,3.5375630855560303,3.5367062091827393,-0.0008568763732910156
18,27,94,226.0,3.105239152908325,3.099459648132324,-0.0057795047760009766
18,27,95,258.0,3.5427961349487305,3.547835111618042,0.0050389766693115234
18,27,96,86.0,3.23514723777771,3.237915277481079,0.0027680397033691406
18,27,97,142.0,4.2480573654174805,4.245699405670166,-0.002357959747314453
18,27,98,42.0,1.9809751510620117,1.989886999130249,0.008911848068237305
18,27,99,224.0,2.4784393310546875,2.481539487838745,0.003100156784057617
18,27,100,197.0,1.853989601135254,1.8569273948669434,0.002937793731689453
18,27,101,85.0,2.4941816329956055,2.4912805557250977,-0.0029010772705078125
18,27,102,195.0,3.122326612472534,3.1203970909118652,-0.0019295215606689453
18,27,103,102.0,3.1147775650024414,3.115464687347412,0.0006871223449707031
18,27,104,181.0,3.189467191696167,3.1833839416503906,-0.006083250045776367
18,27,105,72.0,1.8649518489837646,1.855449914932251,-0.009501934051513672
18,27,106,130.0,4.294760227203369,4.292610168457031,-0.0021500587463378906
18,27,107,62.0,2.4163553714752197,2.418050527572632,0.0016951560974121094
18,27,108,263.0,3.546691656112671,3.5437889099121094,-0.0029027462005615234
18,27,109,194.0,2.697882890701294,2.6939122676849365,-0.003970623016357422
18,27,110,174.0,2.602036237716675,2.604116678237915,0.0020804405212402344
18,27,111,235.0,3.703277826309204,3.6815528869628906,-0.021724939346313477
18,27,112,143.0,3.633587121963501,3.6356499195098877,0.0020627975463867188
18,27,113,117.0,4.060715675354004,4.060038089752197,-0.0006775856018066406
18,27,114,160.0,3.7659225463867188,3.7674431800842285,0.0015206336975097656
18,27,115,115.0,3.034438133239746,3.037956476211548,0.003518342971801758
18,27,116,120.0,3.3571696281433105,3.3600566387176514,0.0028870105743408203
18,27,117,186.0,3.4980924129486084,3.5005362033843994,0.0024437904357910156
18,27,118,138.0,3.0037918090820312,3.00736927986145,0.0035774707794189453
18,27,119,80.0,2.1522231101989746,2.1591572761535645,0.006934165954589844
18,27,120,164.0,2.666628122329712,2.668565034866333,0.0019369125366210938
18,27,121,215.0,3.3896234035491943,3.390410900115967,0.0007874965667724609
18,27,122,81.0,3.035551071166992,3.039766550064087,0.0042154788970947266
18,27,123,171.0,2.9384942054748535,2.9417989253997803,0.003304719924926758
18,27,124,41.0,5.417657375335693,5.41572380065918,-0.0019335746765136719
18,27,125,103.0,3.7517361640930176,3.7521097660064697,0.00037360191345214844
18,27,126,145.0,2.8366682529449463,2.8382415771484375,0.001573324203491211
18,27,127,102.0,2.7819013595581055,2.777580976486206,-0.004320383071899414
18,28,0,196.0,3.129199504852295,3.1275148391723633,-0.0016846656799316406
18,28,1,127.0,2.998192548751831,2.999488592147827,0.0012960433959960938
18,28,2,162.0,2.099813938140869,2.1011643409729004,0.00135040283203125
18,28,3,92.0,3.952493190765381,3.9482667446136475,-0.0042264461517333984
18,28,4,194.0,2.782571315765381,2.781944751739502,-0.0006265640258789062
18,28,5,115.0,2.7538414001464844,2.752753734588623,-0.0010876655578613281
18,28,6,109.0,4.127994060516357,4.119540214538574,-0.008453845977783203
18,28,7,48.0,3.018592119216919,3.0072858333587646,-0.011306285858154297
18,28,8,69.0,3.3226022720336914,3.303051233291626,-0.01955103874206543
18,28,9,85.0,3.0205674171447754,3.018892288208008,-0.0016751289367675781
18,28,10,238.0,2.6267495155334473,2.626304864883423,-0.00044465065002441406
18,28,11,233.0,2.4413414001464844,2.437988519668579,-0.0033528804779052734
18,28,12,208.0,2.959929943084717,2.95754075050354,-0.002389192581176758
18,28,13,196.0,2.753826141357422,2.7507739067077637,-0.003052234649658203
18,28,14,131.0,2.9712021350860596,2.963810920715332,-0.007391214370727539
18,28,15,125.0,2.7515416145324707,2.750967264175415,-0.0005743503570556641
18,28,16,61.0,4.166540145874023,4.162580966949463,-0.003959178924560547
18,28,17,164.0,1.9632303714752197,1.9617259502410889,-0.0015044212341308594
18,28,18,107.0,3.135986328125,3.139896869659424,0.003910541534423828
18,28,19,48.0,3.4995276927948,3.5085248947143555,0.008997201919555664
18,28,20,74.0,1.9705148935317993,1.9751521348953247,0.004637241363525391
18,28,21,103.0,2.235994577407837,2.2507364749908447,0.014741897583007812
18,28,22,114.0,3.2786149978637695,3.2784059047698975,-0.0002090930938720703
18,28,23,50.0,5.015505313873291,5.015073776245117,-0.0004315376281738281
18,28,24,281.0,2.3039751052856445,2.3007493019104004,-0.0032258033752441406
18,28,25,247.0,1.9686022996902466,1.967877745628357,-0.0007245540618896484
18,28,26,173.0,3.4113833904266357,3.414849281311035,0.003465890884399414
18,28,27,166.0,3.050419330596924,3.0531399250030518,0.0027205944061279297
18,28,28,98.0,2.611907482147217,2.61208176612854,0.0001742839813232422
18,28,29,174.0,3.051379919052124,3.0505406856536865,-0.0008392333984375
18,28,30,173.0,2.750077724456787,2.7481462955474854,-0.0019314289093017578
18,28,31,215.0,3.4014222621917725,3.3977723121643066,-0.0036499500274658203
18,28,32,186.0,2.6455953121185303,2.6463778018951416,0.0007824897766113281
18,28,33,153.0,2.4407522678375244,2.4343864917755127,-0.006365776062011719
18,28,34,147.0,2.7246551513671875,2.729480028152466,0.00482487678527832
18,28,35,50.0,4.024989604949951,4.018739223480225,-0.0062503814697265625
18,28,36,86.0,2.0081088542938232,1.9914515018463135,-0.016657352447509766
18,28,37,154.0,3.517357349395752,3.516267776489258,-0.0010895729064941406
18,28,38,265.0,2.388361930847168,2.390397071838379,0.0020351409912109375
18,28,39,199.0,3.1552681922912598,3.15675950050354,0.0014913082122802734
18,28,40,138.0,2.536069631576538,2.5387940406799316,0.0027244091033935547
18,28,41,98.0,3.269590377807617,3.2717461585998535,0.002155780792236328
18,28,42,167.0,2.519949436187744,2.5172367095947266,-0.002712726593017578
18,28,43,288.0,3.7899160385131836,3.7911174297332764,0.0012013912200927734
18,28,44,225.0,2.509033441543579,2.510895252227783,0.0018618106842041016
18,28,45,191.0,3.1287972927093506,3.1300621032714844,0.001264810562133789
18,28,46,92.0,4.466386795043945,4.461973190307617,-0.004413604736328125
18,28,47,41.0,4.971887588500977,4.981093406677246,0.009205818176269531
18,28,48,231.0,2.9811513423919678,2.985018491744995,0.0038671493530273438
18,28,49,101.0,2.116225004196167,2.110541582107544,-0.005683422088623047
18,28,50,177.0,2.9830946922302246,2.9772117137908936,-0.005882978439331055
18,28,51,252.0,3.516876697540283,3.5211102962493896,0.004233598709106445
18,28,52,259.0,2.737027645111084,2.7357466220855713,-0.0012810230255126953
18,28,53,47.0,1.9067243337631226,1.900899887084961,-0.005824446678161621
18,28,54,164.0,2.2345211505889893,2.225890636444092,-0.008630514144897461
18,28,55,94.0,3.3757195472717285,3.374857187271118,-0.0008623600006103516
18,28,56,103.0,3.3878378868103027,3.3823230266571045,-0.005514860153198242
18,28,57,78.0,3.3106584548950195,3.3108112812042236,0.00015282630920410156
18,28,58,239.0,3.107602596282959,3.1059155464172363,-0.0016870498657226562
18,28,59,271.0,4.418605804443359,4.415019512176514,-0.003586292266845703
18,28,60,162.0,2.9131579399108887,2.909839391708374,-0.0033185482025146484
18,28,61,179.0,3.214285135269165,3.2068870067596436,-0.007398128509521484
18,28,62,218.0,2.5891129970550537,2.5884499549865723,-0.0006630420684814453
18,28,63,81.0,3.4107165336608887,3.403200387954712,-0.007516145706176758
18,28,64,93.0,3.5013821125030518,3.5016355514526367,0.00025343894958496094
18,28,65,72.0,3.358228921890259,3.3600125312805176,0.001783609390258789
18,28,66,230.0,3.3264732360839844,3.3299906253814697,0.0035173892974853516
18,28,67,99.0,2.410640239715576,2.439847230911255,0.02920699119567871
18,28,68,213.0,2.6581079959869385,2.658684492111206,0.0005764961242675781
18,28,69,119.0,2.5800669193267822,2.578415870666504,-0.0016510486602783203
18,28,70,161.0,2.929652214050293,2.934720277786255,0.005068063735961914
18,28,71,90.0,3.9417757987976074,3.933906316757202,-0.007869482040405273
18,28,72,181.0,2.8265914916992188,2.828322172164917,0.0017306804656982422
18,28,73,95.0,3.8289499282836914,3.8264899253845215,-0.002460002899169922
18,28,74,245.0,2.2537572383880615,2.2549939155578613,0.0012366771697998047
18,28,75,93.0,1.7269396781921387,1.7329185009002686,0.005978822708129883
18,28,76,225.0,2.4448561668395996,2.4424209594726562,-0.0024352073669433594
18,28,77,61.0,3.08821439743042,3.105130195617676,0.01691579818725586
18,28,78,257.0,3.5650999546051025,3.5591676235198975,-0.005932331085205078
18,28,79,165.0,2.7435922622680664,2.7422213554382324,-0.0013709068298339844
18,28,80,117.0,4.079967498779297,4.076497554779053,-0.0034699440002441406
18,28,81,89.0,3.1170668601989746,3.1187994480133057,0.0017325878143310547
18,28,82,291.0,3.542208671569824,3.5512032508850098,0.008994579315185547
18,28,83,93.0,3.1824769973754883,3.180004119873047,-0.0024728775024414062
18,28,84,228.0,1.8533809185028076,1.8445827960968018,-0.00879812240600586
18,28,85,131.0,2.4851677417755127,2.487565279006958,0.0023975372314453125
18,28,86,191.0,3.915872573852539,3.912726640701294,-0.003145933151245117
18,28,87,238.0,4.8885579109191895,4.885554790496826,-0.0030031204223632812
18,28,88,210.0,2.9943952560424805,2.992202043533325,-0.0021932125091552734
18,28,89,107.0,4.1228203773498535,4.131185531616211,0.008365154266357422
18,28,90,217.0,2.7718281745910645,2.769705295562744,-0.0021228790283203125
18,28,91,199.0,3.112976312637329,3.114309072494507,0.0013327598571777344
18,28,92,84.0,2.381793260574341,2.383579730987549,0.0017864704132080078
18,28,93,271.0,3.5375630855560303,3.5359761714935303,-0.0015869140625
18,28,94,226.0,3.105239152908325,3.092679262161255,-0.012559890747070312
18,28,95,258.0,3.5427961349487305,3.541844129562378,-0.0009520053863525391
18,28,96,86.0,3.23514723777771,3.2302136421203613,-0.004933595657348633
18,28,97,142.0,4.2480573654174805,4.247691631317139,-0.0003657341003417969
18,28,98,42.0,1.9809751510620117,1.9942270517349243,0.013251900672912598
18,28,99,224.0,2.4784393310546875,2.4709229469299316,-0.007516384124755859
18,28,100,197.0,1.853989601135254,1.8551044464111328,0.0011148452758789062
18,28,101,85.0,2.4941816329956055,2.4931321144104004,-0.0010495185852050781
18,28,102,195.0,3.122326612472534,3.1213037967681885,-0.0010228157043457031
18,28,103,102.0,3.1147775650024414,3.113567352294922,-0.0012102127075195312
18,28,104,181.0,3.189467191696167,3.1863739490509033,-0.003093242645263672
18,28,105,72.0,1.8649518489837646,1.8703536987304688,0.0054018497467041016
18,28,106,130.0,4.294760227203369,4.290026664733887,-0.004733562469482422
18,28,107,62.0,2.4163553714752197,2.4149367809295654,-0.0014185905456542969
18,28,108,263.0,3.546691656112671,3.5448267459869385,-0.0018649101257324219
18,28,109,194.0,2.697882890701294,2.6969664096832275,-0.0009164810180664062
18,28,110,174.0,2.602036237716675,2.603421211242676,0.0013849735260009766
18,28,111,235.0,3.703277826309204,3.6946380138397217,-0.008639812469482422
18,28,112,143.0,3.633587121963501,3.6312553882598877,-0.0023317337036132812
18,28,113,117.0,4.060715675354004,4.062692165374756,0.001976490020751953
18,28,114,160.0,3.7659225463867188,3.7588367462158203,-0.0070858001708984375
18,28,115,115.0,3.034438133239746,3.031951665878296,-0.0024864673614501953
18,28,116,120.0,3.3571696281433105,3.355180263519287,-0.0019893646240234375
18,28,117,186.0,3.4980924129486084,3.4977471828460693,-0.0003452301025390625
18,28,118,138.0,3.0037918090820312,3.0030648708343506,-0.0007269382476806641
18,28,119,80.0,2.1522231101989746,2.15653657913208,0.004313468933105469
18,28,120,164.0,2.666628122329712,2.6614580154418945,-0.005170106887817383
18,28,121,215.0,3.3896234035491943,3.3879785537719727,-0.0016448497772216797
18,28,122,81.0,3.035551071166992,3.038910388946533,0.0033593177795410156
18,28,123,171.0,2.9384942054748535,2.9451560974121094,0.006661891937255859
18,28,124,41.0,5.417657375335693,5.409236431121826,-0.008420944213867188
18,28,125,103.0,3.7517361640930176,3.7437660694122314,-0.007970094680786133
18,28,126,145.0,2.8366682529449463,2.8346755504608154,-0.0019927024841308594
18,28,127,102.0,2.7819013595581055,2.7774627208709717,-0.004438638687133789
18,29,0,196.0,3.129199504852295,3.129866600036621,0.0006670951843261719
18,29,1,127.0,2.998192548751831,3.004612445831299,0.0064198970794677734
18,29,2,162.0,2.099813938140869,2.0979392528533936,-0.001874685287475586
18,29,3,92.0,3.952493190765381,3.943127155303955,-0.009366035461425781
18,29,4,194.0,2.782571315765381,2.7827651500701904,0.0001938343048095703
18,29,5,115.0,2.7538414001464844,2.7577664852142334,0.0039250850677490234
18,29,6,109.0,4.127994060516357,4.122342109680176,-0.005651950836181641
18,29,7,48.0,3.018592119216919,3.0110461711883545,-0.007545948028564453
18,29,8,69.0,3.3226022720336914,3.311511754989624,-0.011090517044067383
18,29,9,85.0,3.0205674171447754,3.01597261428833,-0.0045948028564453125
18,29,10,238.0,2.6267495155334473,2.6259970664978027,-0.0007524490356445312
18,29,11,233.0,2.4413414001464844,2.439455270767212,-0.001886129379272461
18,29,12,208.0,2.959929943084717,2.956278085708618,-0.003651857376098633
18,29,13,196.0,2.753826141357422,2.752434253692627,-0.0013918876647949219
18,29,14,131.0,2.9712021350860596,2.976282835006714,0.005080699920654297
18,29,15,125.0,2.7515416145324707,2.753981828689575,0.002440214157104492
18,29,16,61.0,4.166540145874023,4.151013374328613,-0.015526771545410156
18,29,17,164.0,1.9632303714752197,1.9565768241882324,-0.006653547286987305
18,29,18,107.0,3.135986328125,3.1358277797698975,-0.00015854835510253906
18,29,19,48.0,3.4995276927948,3.5100924968719482,0.010564804077148438
18,29,20,74.0,1.9705148935317993,1.9732940196990967,0.0027791261672973633
18,29,21,103.0,2.235994577407837,2.268139600753784,0.032145023345947266
18,29,22,114.0,3.2786149978637695,3.2900288105010986,0.011413812637329102
18,29,23,50.0,5.015505313873291,5.01314640045166,-0.0023589134216308594
18,29,24,281.0,2.3039751052856445,2.3077054023742676,0.003730297088623047
18,29,25,247.0,1.9686022996902466,1.9673594236373901,-0.0012428760528564453
18,29,26,173.0,3.4113833904266357,3.410954236984253,-0.0004291534423828125
18,29,27,166.0,3.050419330596924,3.0526256561279297,0.0022063255310058594
18,29,28,98.0,2.611907482147217,2.6145718097686768,0.002664327621459961
18,29,29,174.0,3.051379919052124,3.0586583614349365,0.0072784423828125
18,29,30,173.0,2.750077724456787,2.745934009552002,-0.004143714904785156
18,29,31,215.0,3.4014222621917725,3.3983795642852783,-0.0030426979064941406
18,29,32,186.0,2.6455953121185303,2.6397147178649902,-0.005880594253540039
18,29,33,153.0,2.4407522678375244,2.429319143295288,-0.011433124542236328
18,29,34,147.0,2.7246551513671875,2.728957176208496,0.004302024841308594
18,29,35,50.0,4.024989604949951,4.02537727355957,0.0003876686096191406
18,29,36,86.0,2.0081088542938232,2.043992280960083,0.035883426666259766
18,29,37,154.0,3.517357349395752,3.5177390575408936,0.00038170814514160156
18,29,38,265.0,2.388361930847168,2.3867242336273193,-0.0016376972198486328
18,29,39,199.0,3.1552681922912598,3.150252103805542,-0.0050160884857177734
18,29,40,138.0,2.536069631576538,2.53452205657959,-0.0015475749969482422
18,29,41,98.0,3.269590377807617,3.2753207683563232,0.005730390548706055
18,29,42,167.0,2.519949436187744,2.516105890274048,-0.003843545913696289
18,29,43,288.0,3.7899160385131836,3.7963171005249023,0.00640106201171875
18,29,44,225.0,2.509033441543579,2.5122509002685547,0.003217458724975586
18,29,45,191.0,3.1287972927093506,3.1307244300842285,0.0019271373748779297
18,29,46,92.0,4.466386795043945,4.466577053070068,0.00019025802612304688
18,29,47,41.0,4.971887588500977,4.9715728759765625,-0.0003147125244140625
18,29,48,231.0,2.9811513423919678,2.984262466430664,0.003111124038696289
18,29,49,101.0,2.116225004196167,2.1064794063568115,-0.009745597839355469
18,29,50,177.0,2.9830946922302246,2.978390693664551,-0.004703998565673828
18,29,51,252.0,3.516876697540283,3.516425848007202,-0.0004508495330810547
18,29,52,259.0,2.737027645111084,2.733981132507324,-0.0030465126037597656
18,29,53,47.0,1.9067243337631226,1.9043396711349487,-0.002384662628173828
18,29,54,164.0,2.2345211505889893,2.2278947830200195,-0.0066263675689697266
18,29,55,94.0,3.3757195472717285,3.367309331893921,-0.008410215377807617
18,29,56,103.0,3.3878378868103027,3.392521858215332,0.004683971405029297
18,29,57,78.0,3.3106584548950195,3.303081750869751,-0.007576704025268555
18,29,58,239.0,3.107602596282959,3.0989487171173096,-0.008653879165649414
18,29,59,271.0,4.418605804443359,4.415712833404541,-0.0028929710388183594
18,29,60,162.0,2.9131579399108887,2.910918712615967,-0.002239227294921875
18,29,61,179.0,3.214285135269165,3.212862014770508,-0.0014231204986572266
18,29,62,218.0,2.5891129970550537,2.5906693935394287,0.001556396484375
18,29,63,81.0,3.4107165336608887,3.403679370880127,-0.007037162780761719
18,29,64,93.0,3.5013821125030518,3.504047393798828,0.002665281295776367
18,29,65,72.0,3.358228921890259,3.350477457046509,-0.00775146484375
18,29,66,230.0,3.3264732360839844,3.326319456100464,-0.0001537799835205078
18,29,67,99.0,2.410640239715576,2.4256935119628906,0.015053272247314453
18,29,68,213.0,2.6581079959869385,2.6675503253936768,0.009442329406738281
18,29,69,119.0,2.5800669193267822,2.577086925506592,-0.0029799938201904297
18,29,70,161.0,2.929652214050293,2.934361457824707,0.0047092437744140625
18,29,71,90.0,3.9417757987976074,3.943387746810913,0.001611948013305664
18,29,72,181.0,2.8265914916992188,2.822619676589966,-0.00397181510925293
18,29,73,95.0,3.8289499282836914,3.834318161010742,0.005368232727050781
18,29,74,245.0,2.2537572383880615,2.2535767555236816,-0.0001804828643798828
18,29,75,93.0,1.7269396781921387,1.7409467697143555,0.014007091522216797
18,29,76,225.0,2.4448561668395996,2.4427030086517334,-0.002153158187866211
18,29,77,61.0,3.08821439743042,3.09248685836792,0.0042724609375
18,29,78,257.0,3.5650999546051025,3.5642075538635254,-0.0008924007415771484
18,29,79,165.0,2.7435922622680664,2.742457866668701,-0.0011343955993652344
18,29,80,117.0,4.079967498779297,4.075379371643066,-0.004588127136230469
18,29,81,89.0,3.1170668601989746,3.117790937423706,0.0007240772247314453
18,29,82,291.0,3.542208671569824,3.543903350830078,0.0016946792602539062
18,29,83,93.0,3.1824769973754883,3.185701370239258,0.0032243728637695312
18,29,84,228.0,1.8533809185028076,1.8620200157165527,0.008639097213745117
18,29,85,131.0,2.4851677417755127,2.488126516342163,0.0029587745666503906
18,29,86,191.0,3.915872573852539,3.9101486206054688,-0.0057239532470703125
18,29,87,238.0,4.8885579109191895,4.883885383605957,-0.004672527313232422
18,29,88,210.0,2.9943952560424805,2.9890456199645996,-0.005349636077880859
18,29,89,107.0,4.1228203773498535,4.119664669036865,-0.0031557083129882812
18,29,90,217.0,2.7718281745910645,2.7674002647399902,-0.004427909851074219
18,29,91,199.0,3.112976312637329,3.108825922012329,-0.004150390625
18,29,92,84.0,2.381793260574341,2.371992349624634,-0.009800910949707031
18,29,93,271.0,3.5375630855560303,3.5322539806365967,-0.005309104919433594
18,29,94,226.0,3.105239152908325,3.1008877754211426,-0.004351377487182617
18,29,95,258.0,3.5427961349487305,3.549043893814087,0.006247758865356445
18,29,96,86.0,3.23514723777771,3.231985330581665,-0.003161907196044922
18,29,97,142.0,4.2480573654174805,4.244278907775879,-0.0037784576416015625
18,29,98,42.0,1.9809751510620117,1.9535220861434937,-0.027453064918518066
18,29,99,224.0,2.4784393310546875,2.4737231731414795,-0.004716157913208008
18,29,100,197.0,1.853989601135254,1.8503087759017944,-0.0036808252334594727
18,29,101,85.0,2.4941816329956055,2.493934154510498,-0.0002474784851074219
18,29,102,195.0,3.122326612472534,3.121238946914673,-0.0010876655578613281
18,29,103,102.0,3.1147775650024414,3.1068623065948486,-0.007915258407592773
18,29,104,181.0,3.189467191696167,3.1865251064300537,-0.0029420852661132812
18,29,105,72.0,1.8649518489837646,1.8694837093353271,0.0045318603515625
18,29,106,130.0,4.294760227203369,4.284239768981934,-0.010520458221435547
18,29,107,62.0,2.4163553714752197,2.409479856491089,-0.006875514984130859
18,29,108,263.0,3.546691656112671,3.545720100402832,-0.0009715557098388672
18,29,109,194.0,2.697882890701294,2.6981070041656494,0.00022411346435546875
18,29,110,174.0,2.602036237716675,2.6051993370056152,0.0031630992889404297
18,29,111,235.0,3.703277826309204,3.682816743850708,-0.020461082458496094
18,29,112,143.0,3.633587121963501,3.6313400268554688,-0.0022470951080322266
18,29,113,117.0,4.060715675354004,4.062514781951904,0.0017991065979003906
18,29,114,160.0,3.7659225463867188,3.758403778076172,-0.007518768310546875
18,29,115,115.0,3.034438133239746,3.028881072998047,-0.005557060241699219
18,29,116,120.0,3.3571696281433105,3.354430913925171,-0.0027387142181396484
18,29,117,186.0,3.4980924129486084,3.5058908462524414,0.007798433303833008
18,29,118,138.0,3.0037918090820312,2.998713493347168,-0.005078315734863281
18,29,119,80.0,2.1522231101989746,2.1510040760040283,-0.001219034194946289
18,29,120,164.0,2.666628122329712,2.6637706756591797,-0.0028574466705322266
18,29,121,215.0,3.3896234035491943,3.3876090049743652,-0.0020143985748291016
18,29,122,81.0,3.035551071166992,3.036332130432129,0.0007810592651367188
18,29,123,171.0,2.9384942054748535,2.9385571479797363,6.29425048828125e-05
18,29,124,41.0,5.417657375335693,5.368882179260254,-0.04877519607543945
18,29,125,103.0,3.7517361640930176,3.7583837509155273,0.006647586822509766
18,29,126,145.0,2.8366682529449463,2.83776593208313,0.0010976791381835938
18,29,127,102.0,2.7819013595581055,2.7870495319366455,0.005148172378540039
18,30,0,196.0,3.129199504852295,3.1269431114196777,-0.0022563934326171875
18,30,1,127.0,2.998192548751831,3.000974655151367,0.002782106399536133
18,30,2,162.0,2.099813938140869,2.099907398223877,9.34600830078125e-05
18,30,3,92.0,3.952493190765381,3.9484169483184814,-0.004076242446899414
18,30,4,194.0,2.782571315765381,2.7768945693969727,-0.005676746368408203
18,30,5,115.0,2.7538414001464844,2.755033254623413,0.001191854476928711
18,30,6,109.0,4.127994060516357,4.111456871032715,-0.016537189483642578
18,30,7,48.0,3.018592119216919,3.0129833221435547,-0.005608797073364258
18,30,8,69.0,3.3226022720336914,3.3070952892303467,-0.015506982803344727
18,30,9,85.0,3.0205674171447754,3.0180697441101074,-0.0024976730346679688
18,30,10,238.0,2.6267495155334473,2.6253604888916016,-0.0013890266418457031
18,30,11,233.0,2.4413414001464844,2.4353744983673096,-0.005966901779174805
18,30,12,208.0,2.959929943084717,2.9568352699279785,-0.0030946731567382812
18,30,13,196.0,2.753826141357422,2.7516469955444336,-0.0021791458129882812
18,30,14,131.0,2.9712021350860596,2.9627301692962646,-0.008471965789794922
18,30,15,125.0,2.7515416145324707,2.7538678646087646,0.0023262500762939453
18,30,16,61.0,4.166540145874023,4.161867141723633,-0.004673004150390625
18,30,17,164.0,1.9632303714752197,1.9587061405181885,-0.00452423095703125
18,30,18,107.0,3.135986328125,3.142120599746704,0.0061342716217041016
18,30,19,48.0,3.4995276927948,3.5035133361816406,0.00398564338684082
18,30,20,74.0,1.9705148935317993,1.976348638534546,0.005833745002746582
18,30,21,103.0,2.235994577407837,2.2218446731567383,-0.014149904251098633
18,30,22,114.0,3.2786149978637695,3.2774100303649902,-0.0012049674987792969
18,30,23,50.0,5.015505313873291,5.013190746307373,-0.0023145675659179688
18,30,24,281.0,2.3039751052856445,2.301487684249878,-0.0024874210357666016
18,30,25,247.0,1.9686022996902466,1.9713325500488281,0.002730250358581543
18,30,26,173.0,3.4113833904266357,3.404141902923584,-0.007241487503051758
18,30,27,166.0,3.050419330596924,3.042538642883301,-0.007880687713623047
18,30,28,98.0,2.611907482147217,2.619354009628296,0.0074465274810791016
18,30,29,174.0,3.051379919052124,3.0466976165771484,-0.004682302474975586
18,30,30,173.0,2.750077724456787,2.75187611579895,0.001798391342163086
18,30,31,215.0,3.4014222621917725,3.407085657119751,0.005663394927978516
18,30,32,186.0,2.6455953121185303,2.64384388923645,-0.0017514228820800781
18,30,33,153.0,2.4407522678375244,2.431455373764038,-0.009296894073486328
18,30,34,147.0,2.7246551513671875,2.731832265853882,0.007177114486694336
18,30,35,50.0,4.024989604949951,4.023497104644775,-0.0014925003051757812
18,30,36,86.0,2.0081088542938232,2.010429620742798,0.0023207664489746094
18,30,37,154.0,3.517357349395752,3.5185492038726807,0.001191854476928711
18,30,38,265.0,2.388361930847168,2.387368679046631,-0.0009932518005371094
18,30,39,199.0,3.1552681922912598,3.1605684757232666,0.005300283432006836
18,30,40,138.0,2.536069631576538,2.5344982147216797,-0.0015714168548583984
18,30,41,98.0,3.269590377807617,3.267592191696167,-0.0019981861114501953
18,30,42,167.0,2.519949436187744,2.5188002586364746,-0.0011491775512695312
18,30,43,288.0,3.7899160385131836,3.7923567295074463,0.0024406909942626953
18,30,44,225.0,2.509033441543579,2.5118017196655273,0.002768278121948242
18,30,45,191.0,3.1287972927093506,3.1270246505737305,-0.0017726421356201172
18,30,46,92.0,4.466386795043945,4.465574741363525,-0.0008120536804199219
18,30,47,41.0,4.971887588500977,4.971990585327148,0.000102996826171875
18,30,48,231.0,2.9811513423919678,2.978994369506836,-0.002156972885131836
18,30,49,101.0,2.116225004196167,2.1116464138031006,-0.004578590393066406
18,30,50,177.0,2.9830946922302246,2.982067346572876,-0.0010273456573486328
18,30,51,252.0,3.516876697540283,3.5172207355499268,0.0003440380096435547
18,30,52,259.0,2.737027645111084,2.7349164485931396,-0.002111196517944336
18,30,53,47.0,1.9067243337631226,1.896383285522461,-0.010341048240661621
18,30,54,164.0,2.2345211505889893,2.2255961894989014,-0.00892496109008789
18,30,55,94.0,3.3757195472717285,3.370434045791626,-0.005285501480102539
18,30,56,103.0,3.3878378868103027,3.3928494453430176,0.005011558532714844
18,30,57,78.0,3.3106584548950195,3.3100264072418213,-0.0006320476531982422
18,30,58,239.0,3.107602596282959,3.1054494380950928,-0.002153158187866211
18,30,59,271.0,4.418605804443359,4.420624732971191,0.0020189285278320312
18,30,60,162.0,2.9131579399108887,2.9113106727600098,-0.0018472671508789062
18,30,61,179.0,3.214285135269165,3.2111172676086426,-0.003167867660522461
18,30,62,218.0,2.5891129970550537,2.5868356227874756,-0.002277374267578125
18,30,63,81.0,3.4107165336608887,3.4108054637908936,8.893013000488281e-05
18,30,64,93.0,3.5013821125030518,3.4995980262756348,-0.0017840862274169922
18,30,65,72.0,3.358228921890259,3.360398292541504,0.002169370651245117
18,30,66,230.0,3.3264732360839844,3.3262484073638916,-0.00022482872009277344
18,30,67,99.0,2.410640239715576,2.403083086013794,-0.0075571537017822266
18,30,68,213.0,2.6581079959869385,2.655571460723877,-0.0025365352630615234
18,30,69,119.0,2.5800669193267822,2.5816519260406494,0.0015850067138671875
18,30,70,161.0,2.929652214050293,2.9310975074768066,0.0014452934265136719
18,30,71,90.0,3.9417757987976074,3.9508063793182373,0.009030580520629883
18,30,72,181.0,2.8265914916992188,2.825047016143799,-0.0015444755554199219
18,30,73,95.0,3.8289499282836914,3.8311288356781006,0.0021789073944091797
18,30,74,245.0,2.2537572383880615,2.2556655406951904,0.0019083023071289062
18,30,75,93.0,1.7269396781921387,1.7294420003890991,0.0025023221969604492
18,30,76,225.0,2.4448561668395996,2.447643518447876,0.002787351608276367
18,30,77,61.0,3.08821439743042,3.097487211227417,0.00927281379699707
18,30,78,257.0,3.5650999546051025,3.5597400665283203,-0.0053598880767822266
18,30,79,165.0,2.7435922622680664,2.7440130710601807,0.0004208087921142578
18,30,80,117.0,4.079967498779297,4.077980995178223,-0.0019865036010742188
18,30,81,89.0,3.1170668601989746,3.1226108074188232,0.005543947219848633
18,30,82,291.0,3.542208671569824,3.5483670234680176,0.006158351898193359
18,30,83,93.0,3.1824769973754883,3.188645124435425,0.0061681270599365234
18,30,84,228.0,1.8533809185028076,1.842150330543518,-0.01123058795928955
18,30,85,131.0,2.4851677417755127,2.492403268814087,0.007235527038574219
18,30,86,191.0,3.915872573852539,3.9135613441467285,-0.002311229705810547
18,30,87,238.0,4.8885579109191895,4.884670734405518,-0.003887176513671875
18,30,88,210.0,2.9943952560424805,2.993208885192871,-0.001186370849609375
18,30,89,107.0,4.1228203773498535,4.12142276763916,-0.0013976097106933594
18,30,90,217.0,2.7718281745910645,2.7730624675750732,0.001234292984008789
18,30,91,199.0,3.112976312637329,3.114060401916504,0.0010840892791748047
18,30,92,84.0,2.381793260574341,2.375424385070801,-0.006368875503540039
18,30,93,271.0,3.5375630855560303,3.53157114982605,-0.005991935729980469
18,30,94,226.0,3.105239152908325,3.097435712814331,-0.007803440093994141
18,30,95,258.0,3.5427961349487305,3.548064947128296,0.00526881217956543
18,30,96,86.0,3.23514723777771,3.2277746200561523,-0.007372617721557617
18,30,97,142.0,4.2480573654174805,4.245764255523682,-0.002293109893798828
18,30,98,42.0,1.9809751510620117,1.9627324342727661,-0.018242716789245605
18,30,99,224.0,2.4784393310546875,2.473186731338501,-0.0052525997161865234
18,30,100,197.0,1.853989601135254,1.846427321434021,-0.00756227970123291
18,30,101,85.0,2.4941816329956055,2.4978747367858887,0.003693103790283203
18,30,102,195.0,3.122326612472534,3.119311571121216,-0.0030150413513183594
18,30,103,102.0,3.1147775650024414,3.1154253482818604,0.0006477832794189453
18,30,104,181.0,3.189467191696167,3.1926708221435547,0.0032036304473876953
18,30,105,72.0,1.8649518489837646,1.8560566902160645,-0.008895158767700195
18,30,106,130.0,4.294760227203369,4.294617652893066,-0.00014257431030273438
18,30,107,62.0,2.4163553714752197,2.4138317108154297,-0.002523660659790039
18,30,108,263.0,3.546691656112671,3.547288179397583,0.0005965232849121094
18,30,109,194.0,2.697882890701294,2.695744037628174,-0.002138853073120117
18,30,110,174.0,2.602036237716675,2.6045658588409424,0.002529621124267578
18,30,111,235.0,3.703277826309204,3.695265531539917,-0.00801229476928711
18,30,112,143.0,3.633587121963501,3.6338512897491455,0.00026416778564453125
18,30,113,117.0,4.060715675354004,4.061915397644043,0.0011997222900390625
18,30,114,160.0,3.7659225463867188,3.763240098953247,-0.0026824474334716797
18,30,115,115.0,3.034438133239746,3.0360326766967773,0.00159454345703125
18,30,116,120.0,3.3571696281433105,3.355692148208618,-0.0014774799346923828
18,30,117,186.0,3.4980924129486084,3.5001935958862305,0.0021011829376220703
18,30,118,138.0,3.0037918090820312,3.001253604888916,-0.0025382041931152344
18,30,119,80.0,2.1522231101989746,2.1563363075256348,0.004113197326660156
18,30,120,164.0,2.666628122329712,2.663224935531616,-0.003403186798095703
18,30,121,215.0,3.3896234035491943,3.3850340843200684,-0.0045893192291259766
18,30,122,81.0,3.035551071166992,3.032109260559082,-0.0034418106079101562
18,30,123,171.0,2.9384942054748535,2.9462833404541016,0.007789134979248047
18,30,124,41.0,5.417657375335693,5.431270122528076,0.013612747192382812
18,30,125,103.0,3.7517361640930176,3.750427007675171,-0.0013091564178466797
18,30,126,145.0,2.8366682529449463,2.842447280883789,0.0057790279388427734
18,30,127,102.0,2.7819013595581055,2.7758283615112305,-0.006072998046875
18,31,0,196.0,3.129199504852295,3.1272575855255127,-0.0019419193267822266
18,31,1,127.0,2.998192548751831,2.9937283992767334,-0.004464149475097656
18,31,2,162.0,2.099813938140869,2.1111724376678467,0.011358499526977539
18,31,3,92.0,3.952493190765381,3.9464433193206787,-0.0060498714447021484
18,31,4,194.0,2.782571315765381,2.7920494079589844,0.009478092193603516
18,31,5,115.0,2.7538414001464844,2.759976387023926,0.006134986877441406
18,31,6,109.0,4.127994060516357,4.122753143310547,-0.005240917205810547
18,31,7,48.0,3.018592119216919,3.017071008682251,-0.0015211105346679688
18,31,8,69.0,3.3226022720336914,3.311868906021118,-0.010733366012573242
18,31,9,85.0,3.0205674171447754,3.027834177017212,0.0072667598724365234
18,31,10,238.0,2.6267495155334473,2.638129234313965,0.011379718780517578
18,31,11,233.0,2.4413414001464844,2.4532594680786133,0.011918067932128906
18,31,12,208.0,2.959929943084717,2.9700136184692383,0.010083675384521484
18,31,13,196.0,2.753826141357422,2.761361837387085,0.007535696029663086
18,31,14,131.0,2.9712021350860596,2.980107307434082,0.008905172348022461
18,31,15,125.0,2.7515416145324707,2.756324291229248,0.004782676696777344
18,31,16,61.0,4.166540145874023,4.175288200378418,0.008748054504394531
18,31,17,164.0,1.9632303714752197,1.9662401676177979,0.003009796142578125
18,31,18,107.0,3.135986328125,3.1473326683044434,0.01134634017944336
18,31,19,48.0,3.4995276927948,3.505934715270996,0.006407022476196289
18,31,20,74.0,1.9705148935317993,1.9791148900985718,0.008599996566772461
18,31,21,103.0,2.235994577407837,2.226848602294922,-0.009145975112915039
18,31,22,114.0,3.2786149978637695,3.274456024169922,-0.004158973693847656
18,31,23,50.0,5.015505313873291,5.002976417541504,-0.01252889633178711
18,31,24,281.0,2.3039751052856445,2.3085410594940186,0.0045659542083740234
18,31,25,247.0,1.9686022996902466,1.9716788530349731,0.0030765533447265625
18,31,26,173.0,3.4113833904266357,3.412552833557129,0.001169443130493164
18,31,27,166.0,3.050419330596924,3.060426950454712,0.010007619857788086
18,31,28,98.0,2.611907482147217,2.6135811805725098,0.0016736984252929688
18,31,29,174.0,3.051379919052124,3.060040235519409,0.008660316467285156
18,31,30,173.0,2.750077724456787,2.7500016689300537,-7.605552673339844e-05
18,31,31,215.0,3.4014222621917725,3.406357526779175,0.004935264587402344
18,31,32,186.0,2.6455953121185303,2.647087574005127,0.0014922618865966797
18,31,33,153.0,2.4407522678375244,2.4417545795440674,0.0010023117065429688
18,31,34,147.0,2.7246551513671875,2.731826066970825,0.007170915603637695
18,31,35,50.0,4.024989604949951,4.010393142700195,-0.01459646224975586
18,31,36,86.0,2.0081088542938232,2.017969846725464,0.009860992431640625
18,31,37,154.0,3.517357349395752,3.528229236602783,0.01087188720703125
18,31,38,265.0,2.388361930847168,2.393526554107666,0.005164623260498047
18,31,39,199.0,3.1552681922912598,3.161087989807129,0.005819797515869141
18,31,40,138.0,2.536069631576538,2.533403158187866,-0.002666473388671875
18,31,41,98.0,3.269590377807617,3.2725675106048584,0.002977132797241211
18,31,42,167.0,2.519949436187744,2.5169479846954346,-0.0030014514923095703
18,31,43,288.0,3.7899160385131836,3.7939555644989014,0.0040395259857177734
18,31,44,225.0,2.509033441543579,2.5092122554779053,0.00017881393432617188
18,31,45,191.0,3.1287972927093506,3.1373629570007324,0.008565664291381836
18,31,46,92.0,4.466386795043945,4.4635396003723145,-0.0028471946716308594
18,31,47,41.0,4.971887588500977,4.990499496459961,0.018611907958984375
18,31,48,231.0,2.9811513423919678,2.989488363265991,0.008337020874023438
18,31,49,101.0,2.116225004196167,2.1178534030914307,0.0016283988952636719
18,31,50,177.0,2.9830946922302246,2.9884657859802246,0.00537109375
18,31,51,252.0,3.516876697540283,3.535876989364624,0.01900029182434082
18,31,52,259.0,2.737027645111084,2.7440736293792725,0.0070459842681884766
18,31,53,47.0,1.9067243337631226,1.9123570919036865,0.005632758140563965
18,31,54,164.0,2.2345211505889893,2.2328269481658936,-0.0016942024230957031
18,31,55,94.0,3.3757195472717285,3.3807003498077393,0.004980802536010742
18,31,56,103.0,3.3878378868103027,3.3962819576263428,0.008444070816040039
18,31,57,78.0,3.3106584548950195,3.315512180328369,0.004853725433349609
18,31,58,239.0,3.107602596282959,3.103818416595459,-0.0037841796875
18,31,59,271.0,4.418605804443359,4.425940036773682,0.007334232330322266
18,31,60,162.0,2.9131579399108887,2.923295736312866,0.010137796401977539
18,31,61,179.0,3.214285135269165,3.2183163166046143,0.004031181335449219
18,31,62,218.0,2.5891129970550537,2.5923943519592285,0.0032813549041748047
18,31,63,81.0,3.4107165336608887,3.4252448081970215,0.014528274536132812
18,31,64,93.0,3.5013821125030518,3.5137147903442383,0.012332677841186523
18,31,65,72.0,3.358228921890259,3.355130910873413,-0.003098011016845703
18,31,66,230.0,3.3264732360839844,3.325127124786377,-0.0013461112976074219
18,31,67,99.0,2.410640239715576,2.3915791511535645,-0.01906108856201172
18,31,68,213.0,2.6581079959869385,2.6567599773406982,-0.0013480186462402344
18,31,69,119.0,2.5800669193267822,2.5859735012054443,0.005906581878662109
18,31,70,161.0,2.929652214050293,2.934443235397339,0.0047910213470458984
18,31,71,90.0,3.9417757987976074,3.940960645675659,-0.0008151531219482422
18,31,72,181.0,2.8265914916992188,2.826150894165039,-0.0004405975341796875
18,31,73,95.0,3.8289499282836914,3.8392140865325928,0.010264158248901367
18,31,74,245.0,2.2537572383880615,2.253269910812378,-0.00048732757568359375
18,31,75,93.0,1.7269396781921387,1.7292746305465698,0.0023349523544311523
18,31,76,225.0,2.4448561668395996,2.446255922317505,0.0013997554779052734
18,31,77,61.0,3.08821439743042,3.094959259033203,0.006744861602783203
18,31,78,257.0,3.5650999546051025,3.56294846534729,-0.0021514892578125
18,31,79,165.0,2.7435922622680664,2.7423713207244873,-0.0012209415435791016
18,31,80,117.0,4.079967498779297,4.082645893096924,0.002678394317626953
18,31,81,89.0,3.1170668601989746,3.1225790977478027,0.005512237548828125
18,31,82,291.0,3.542208671569824,3.5481913089752197,0.005982637405395508
18,31,83,93.0,3.1824769973754883,3.1816599369049072,-0.0008170604705810547
18,31,84,228.0,1.8533809185028076,1.8403469324111938,-0.01303398609161377
18,31,85,131.0,2.4851677417755127,2.482915163040161,-0.0022525787353515625
18,31,86,191.0,3.915872573852539,3.908942222595215,-0.006930351257324219
18,31,87,238.0,4.8885579109191895,4.900550842285156,0.011992931365966797
18,31,88,210.0,2.9943952560424805,2.995210886001587,0.0008156299591064453
18,31,89,107.0,4.1228203773498535,4.133018493652344,0.010198116302490234
18,31,90,217.0,2.7718281745910645,2.7824063301086426,0.010578155517578125
18,31,91,199.0,3.112976312637329,3.111968517303467,-0.0010077953338623047
18,31,92,84.0,2.381793260574341,2.3892436027526855,0.0074503421783447266
18,31,93,271.0,3.5375630855560303,3.5463154315948486,0.00875234603881836
18,31,94,226.0,3.105239152908325,3.102386474609375,-0.0028526782989501953
18,31,95,258.0,3.5427961349487305,3.549504518508911,0.006708383560180664
18,31,96,86.0,3.23514723777771,3.237835645675659,0.0026884078979492188
18,31,97,142.0,4.2480573654174805,4.24943733215332,0.0013799667358398438
18,31,98,42.0,1.9809751510620117,2.0068469047546387,0.025871753692626953
18,31,99,224.0,2.4784393310546875,2.4808404445648193,0.002401113510131836
18,31,100,197.0,1.853989601135254,1.860024094581604,0.006034493446350098
18,31,101,85.0,2.4941816329956055,2.491379737854004,-0.0028018951416015625
18,31,102,195.0,3.122326612472534,3.1337077617645264,0.011381149291992188
18,31,103,102.0,3.1147775650024414,3.121514081954956,0.0067365169525146484
18,31,104,181.0,3.189467191696167,3.1940062046051025,0.004539012908935547
18,31,105,72.0,1.8649518489837646,1.849961757659912,-0.014990091323852539
18,31,106,130.0,4.294760227203369,4.295774459838867,0.0010142326354980469
18,31,107,62.0,2.4163553714752197,2.4140431880950928,-0.002312183380126953
18,31,108,263.0,3.546691656112671,3.549588918685913,0.0028972625732421875
18,31,109,194.0,2.697882890701294,2.706186294555664,0.008303403854370117
18,31,110,174.0,2.602036237716675,2.6081621646881104,0.006125926971435547
18,31,111,235.0,3.703277826309204,3.7423832416534424,0.03910541534423828
18,31,112,143.0,3.633587121963501,3.645484685897827,0.011897563934326172
18,31,113,117.0,4.060715675354004,4.062658786773682,0.0019431114196777344
18,31,114,160.0,3.7659225463867188,3.774116039276123,0.008193492889404297
18,31,115,115.0,3.034438133239746,3.0414602756500244,0.00702214241027832
18,31,116,120.0,3.3571696281433105,3.3572921752929688,0.00012254714965820312
18,31,117,186.0,3.4980924129486084,3.5038650035858154,0.005772590637207031
18,31,118,138.0,3.0037918090820312,3.005180835723877,0.0013890266418457031
18,31,119,80.0,2.1522231101989746,2.151451587677002,-0.0007715225219726562
18,31,120,164.0,2.666628122329712,2.672422409057617,0.0057942867279052734
18,31,121,215.0,3.3896234035491943,3.3972792625427246,0.0076558589935302734
18,31,122,81.0,3.035551071166992,3.044172525405884,0.008621454238891602
18,31,123,171.0,2.9384942054748535,2.9389851093292236,0.0004909038543701172
18,31,124,41.0,5.417657375335693,5.4082818031311035,-0.009375572204589844
18,31,125,103.0,3.7517361640930176,3.7558605670928955,0.00412440299987793
18,31,126,145.0,2.8366682529449463,2.8344357013702393,-0.0022325515747070312
18,31,127,102.0,2.7819013595581055,2.773056745529175,-0.008844614028930664
31,0,0,196.0,3.129199504852295,3.126535415649414,-0.0026640892028808594
31,0,1,127.0,2.998192548751831,2.998673677444458,0.0004811286926269531
31,0,2,162.0,2.099813938140869,2.103760242462158,0.0039463043212890625
31,0,3,92.0,3.952493190765381,3.95430588722229,0.0018126964569091797
31,0,4,194.0,2.782571315765381,2.7816388607025146,-0.0009324550628662109
31,0,5,115.0,2.7538414001464844,2.752445936203003,-0.0013954639434814453
31,0,6,109.0,4.127994060516357,4.126111030578613,-0.0018830299377441406
31,0,7,48.0,3.018592119216919,3.018343687057495,-0.0002484321594238281
31,0,8,69.0,3.3226022720336914,3.313918352127075,-0.008683919906616211
31,0,9,85.0,3.0205674171447754,3.019496440887451,-0.0010709762573242188
31,0,10,238.0,2.6267495155334473,2.625040054321289,-0.0017094612121582031
31,0,11,233.0,2.4413414001464844,2.4427225589752197,0.0013811588287353516
31,0,12,208.0,2.959929943084717,2.9646520614624023,0.004722118377685547
31,0,13,196.0,2.753826141357422,2.7541933059692383,0.00036716461181640625
31,0,14,131.0,2.9712021350860596,2.969545841217041,-0.0016562938690185547
31,0,15,125.0,2.7515416145324707,2.752443313598633,0.0009016990661621094
31,0,16,61.0,4.166540145874023,4.160653114318848,-0.005887031555175781
31,0,17,164.0,1.9632303714752197,1.9594674110412598,-0.003762960433959961
31,0,18,107.0,3.135986328125,3.1350252628326416,-0.0009610652923583984
31,0,19,48.0,3.4995276927948,3.502645492553711,0.003117799758911133
31,0,20,74.0,1.9705148935317993,1.9762372970581055,0.005722403526306152
31,0,21,103.0,2.235994577407837,2.2332749366760254,-0.0027196407318115234
31,0,22,114.0,3.2786149978637695,3.2774133682250977,-0.001201629638671875
31,0,23,50.0,5.015505313873291,5.007478713989258,-0.008026599884033203
31,0,24,281.0,2.3039751052856445,2.3052926063537598,0.0013175010681152344
31,0,25,247.0,1.9686022996902466,1.9655187129974365,-0.0030835866928100586
31,0,26,173.0,3.4113833904266357,3.4103643894195557,-0.0010190010070800781
31,0,27,166.0,3.050419330596924,3.052170753479004,0.0017514228820800781
31,0,28,98.0,2.611907482147217,2.6119790077209473,7.152557373046875e-05
31,0,29,174.0,3.051379919052124,3.0539236068725586,0.0025436878204345703
31,0,30,173.0,2.750077724456787,2.7493653297424316,-0.0007123947143554688
31,0,31,215.0,3.4014222621917725,3.3988730907440186,-0.0025491714477539062
31,0,32,186.0,2.6455953121185303,2.650127410888672,0.0045320987701416016
31,0,33,153.0,2.4407522678375244,2.435230016708374,-0.005522251129150391
31,0,34,147.0,2.7246551513671875,2.734980344772339,0.010325193405151367
31,0,35,50.0,4.024989604949951,4.021552085876465,-0.003437519073486328
31,0,36,86.0,2.0081088542938232,2.0133180618286133,0.005209207534790039
31,0,37,154.0,3.517357349395752,3.517949104309082,0.0005917549133300781
31,0,38,265.0,2.388361930847168,2.3871712684631348,-0.0011906623840332031
31,0,39,199.0,3.1552681922912598,3.154071092605591,-0.0011970996856689453
31,0,40,138.0,2.536069631576538,2.537095308303833,0.0010256767272949219
31,0,41,98.0,3.269590377807617,3.2702150344848633,0.0006246566772460938
31,0,42,167.0,2.519949436187744,2.5141313076019287,-0.00581812858581543
31,0,43,288.0,3.7899160385131836,3.7926995754241943,0.002783536911010742
31,0,44,225.0,2.509033441543579,2.5107362270355225,0.0017027854919433594
31,0,45,191.0,3.1287972927093506,3.1293158531188965,0.0005185604095458984
31,0,46,92.0,4.466386795043945,4.461898326873779,-0.004488468170166016
31,0,47,41.0,4.971887588500977,4.975707530975342,0.0038199424743652344
31,0,48,231.0,2.9811513423919678,2.9808428287506104,-0.0003085136413574219
31,0,49,101.0,2.116225004196167,2.1166741847991943,0.00044918060302734375
31,0,50,177.0,2.9830946922302246,2.980534315109253,-0.0025603771209716797
31,0,51,252.0,3.516876697540283,3.519219398498535,0.002342700958251953
31,0,52,259.0,2.737027645111084,2.736419916152954,-0.0006077289581298828
31,0,53,47.0,1.9067243337631226,1.9077508449554443,0.0010265111923217773
31,0,54,164.0,2.2345211505889893,2.23293137550354,-0.0015897750854492188
31,0,55,94.0,3.3757195472717285,3.3693230152130127,-0.00639653205871582
31,0,56,103.0,3.3878378868103027,3.391481637954712,0.0036437511444091797
31,0,57,78.0,3.3106584548950195,3.312234401702881,0.0015759468078613281
31,0,58,239.0,3.107602596282959,3.1036601066589355,-0.0039424896240234375
31,0,59,271.0,4.418605804443359,4.415590286254883,-0.0030155181884765625
31,0,60,162.0,2.9131579399108887,2.912187337875366,-0.0009706020355224609
31,0,61,179.0,3.214285135269165,3.210876226425171,-0.0034089088439941406
31,0,62,218.0,2.5891129970550537,2.5866432189941406,-0.002469778060913086
31,0,63,81.0,3.4107165336608887,3.4057157039642334,-0.0050008296966552734
31,0,64,93.0,3.5013821125030518,3.5003228187561035,-0.0010592937469482422
31,0,65,72.0,3.358228921890259,3.3555116653442383,-0.002717256546020508
31,0,66,230.0,3.3264732360839844,3.3286664485931396,0.0021932125091552734
31,0,67,99.0,2.410640239715576,2.4187488555908203,0.00810861587524414
31,0,68,213.0,2.6581079959869385,2.657560110092163,-0.0005478858947753906
31,0,69,119.0,2.5800669193267822,2.580378770828247,0.00031185150146484375
31,0,70,161.0,2.929652214050293,2.9335315227508545,0.0038793087005615234
31,0,71,90.0,3.9417757987976074,3.937891960144043,-0.003883838653564453
31,0,72,181.0,2.8265914916992188,2.8314425945281982,0.004851102828979492
31,0,73,95.0,3.8289499282836914,3.8350512981414795,0.006101369857788086
31,0,74,245.0,2.2537572383880615,2.2541348934173584,0.000377655029296875
31,0,75,93.0,1.7269396781921387,1.7291761636734009,0.002236485481262207
31,0,76,225.0,2.4448561668395996,2.4491000175476074,0.0042438507080078125
31,0,77,61.0,3.08821439743042,3.0927894115448,0.004575014114379883
31,0,78,257.0,3.5650999546051025,3.5631444454193115,-0.0019555091857910156
31,0,79,165.0,2.7435922622680664,2.7429463863372803,-0.0006458759307861328
31,0,80,117.0,4.079967498779297,4.076889514923096,-0.003077983856201172
31,0,81,89.0,3.1170668601989746,3.1199560165405273,0.0028891563415527344
31,0,82,291.0,3.542208671569824,3.5476698875427246,0.005461215972900391
31,0,83,93.0,3.1824769973754883,3.1808011531829834,-0.0016758441925048828
31,0,84,228.0,1.8533809185028076,1.8505460023880005,-0.002834916114807129
31,0,85,131.0,2.4851677417755127,2.4866526126861572,0.0014848709106445312
31,0,86,191.0,3.915872573852539,3.913106918334961,-0.002765655517578125
31,0,87,238.0,4.8885579109191895,4.890829086303711,0.0022711753845214844
31,0,88,210.0,2.9943952560424805,2.9990077018737793,0.004612445831298828
31,0,89,107.0,4.1228203773498535,4.124227046966553,0.0014066696166992188
31,0,90,217.0,2.7718281745910645,2.7752668857574463,0.003438711166381836
31,0,91,199.0,3.112976312637329,3.113682985305786,0.0007066726684570312
31,0,92,84.0,2.381793260574341,2.387274980545044,0.005481719970703125
31,0,93,271.0,3.5375630855560303,3.53413724899292,-0.0034258365631103516
31,0,94,226.0,3.105239152908325,3.1010518074035645,-0.004187345504760742
31,0,95,258.0,3.5427961349487305,3.544956684112549,0.0021605491638183594
31,0,96,86.0,3.23514723777771,3.234050989151001,-0.0010962486267089844
31,0,97,142.0,4.2480573654174805,4.246245861053467,-0.0018115043640136719
31,0,98,42.0,1.9809751510620117,1.9768590927124023,-0.004116058349609375
31,0,99,224.0,2.4784393310546875,2.4769089221954346,-0.0015304088592529297
31,0,100,197.0,1.853989601135254,1.8515794277191162,-0.0024101734161376953
31,0,101,85.0,2.4941816329956055,2.49398136138916,-0.0002002716064453125
31,0,102,195.0,3.122326612472534,3.120732545852661,-0.0015940666198730469
31,0,103,102.0,3.1147775650024414,3.1159605979919434,0.0011830329895019531
31,0,104,181.0,3.189467191696167,3.1906371116638184,0.0011699199676513672
31,0,105,72.0,1.8649518489837646,1.8587417602539062,-0.0062100887298583984
31,0,106,130.0,4.294760227203369,4.295348167419434,0.0005879402160644531
31,0,107,62.0,2.4163553714752197,2.4190144538879395,0.0026590824127197266
31,0,108,263.0,3.546691656112671,3.5473756790161133,0.0006840229034423828
31,0,109,194.0,2.697882890701294,2.698589324951172,0.0007064342498779297
31,0,110,174.0,2.602036237716675,2.6044952869415283,0.0024590492248535156
31,0,111,235.0,3.703277826309204,3.7023210525512695,-0.0009567737579345703
31,0,112,143.0,3.633587121963501,3.6320455074310303,-0.0015416145324707031
31,0,113,117.0,4.060715675354004,4.070643901824951,0.009928226470947266
31,0,114,160.0,3.7659225463867188,3.762889862060547,-0.003032684326171875
31,0,115,115.0,3.034438133239746,3.036824941635132,0.002386808395385742
31,0,116,120.0,3.3571696281433105,3.3600943088531494,0.002924680709838867
31,0,117,186.0,3.4980924129486084,3.5005650520324707,0.0024726390838623047
31,0,118,138.0,3.0037918090820312,3.0024678707122803,-0.0013239383697509766
31,0,119,80.0,2.1522231101989746,2.153637409210205,0.0014142990112304688
31,0,120,164.0,2.666628122329712,2.669499635696411,0.0028715133666992188
31,0,121,215.0,3.3896234035491943,3.389206647872925,-0.00041675567626953125
31,0,122,81.0,3.035551071166992,3.0336289405822754,-0.0019221305847167969
31,0,123,171.0,2.9384942054748535,2.9408118724823,0.002317667007446289
31,0,124,41.0,5.417657375335693,5.43349552154541,0.015838146209716797
31,0,125,103.0,3.7517361640930176,3.7550251483917236,0.0032889842987060547
31,0,126,145.0,2.8366682529449463,2.8363802433013916,-0.0002880096435546875
31,0,127,102.0,2.7819013595581055,2.778135061264038,-0.003766298294067383
31,1,0,196.0,3.129199504852295,3.126389503479004,-0.0028100013732910156
31,1,1,127.0,2.998192548751831,2.9972827434539795,-0.0009098052978515625
31,1,2,162.0,2.099813938140869,2.101503372192383,0.0016894340515136719
31,1,3,92.0,3.952493190765381,3.9493331909179688,-0.0031599998474121094
31,1,4,194.0,2.782571315765381,2.7867252826690674,0.0041539669036865234
31,1,5,115.0,2.7538414001464844,2.7512075901031494,-0.002633810043334961
31,1,6,109.0,4.127994060516357,4.12140417098999,-0.0065898895263671875
31,1,7,48.0,3.018592119216919,3.0169403553009033,-0.001651763916015625
31,1,8,69.0,3.3226022720336914,3.3118577003479004,-0.010744571685791016
31,1,9,85.0,3.0205674171447754,3.0247106552124023,0.004143238067626953
31,1,10,238.0,2.6267495155334473,2.625004291534424,-0.0017452239990234375
31,1,11,233.0,2.4413414001464844,2.444200277328491,0.002858877182006836
31,1,12,208.0,2.959929943084717,2.9592478275299072,-0.0006821155548095703
31,1,13,196.0,2.753826141357422,2.753972291946411,0.0001461505889892578
31,1,14,131.0,2.9712021350860596,2.972248077392578,0.0010459423065185547
31,1,15,125.0,2.7515416145324707,2.75331974029541,0.0017781257629394531
31,1,16,61.0,4.166540145874023,4.166188716888428,-0.0003514289855957031
31,1,17,164.0,1.9632303714752197,1.9650706052780151,0.0018402338027954102
31,1,18,107.0,3.135986328125,3.135389566421509,-0.0005967617034912109
31,1,19,48.0,3.4995276927948,3.507844924926758,0.008317232131958008
31,1,20,74.0,1.9705148935317993,1.9809050559997559,0.010390162467956543
31,1,21,103.0,2.235994577407837,2.237683057785034,0.0016884803771972656
31,1,22,114.0,3.2786149978637695,3.284658908843994,0.006043910980224609
31,1,23,50.0,5.015505313873291,5.011869430541992,-0.003635883331298828
31,1,24,281.0,2.3039751052856445,2.3076844215393066,0.0037093162536621094
31,1,25,247.0,1.9686022996902466,1.9669687747955322,-0.0016335248947143555
31,1,26,173.0,3.4113833904266357,3.410752534866333,-0.0006308555603027344
31,1,27,166.0,3.050419330596924,3.05484938621521,0.004430055618286133
31,1,28,98.0,2.611907482147217,2.610532283782959,-0.0013751983642578125
31,1,29,174.0,3.051379919052124,3.054199457168579,0.002819538116455078
31,1,30,173.0,2.750077724456787,2.747666358947754,-0.002411365509033203
31,1,31,215.0,3.4014222621917725,3.3994295597076416,-0.0019927024841308594
31,1,32,186.0,2.6455953121185303,2.6432034969329834,-0.002391815185546875
31,1,33,153.0,2.4407522678375244,2.4374022483825684,-0.0033500194549560547
31,1,34,147.0,2.7246551513671875,2.7260754108428955,0.0014202594757080078
31,1,35,50.0,4.024989604949951,4.0150651931762695,-0.00992441177368164
31,1,36,86.0,2.0081088542938232,2.010364294052124,0.0022554397583007812
31,1,37,154.0,3.517357349395752,3.5253360271453857,0.007978677749633789
31,1,38,265.0,2.388361930847168,2.3899624347686768,0.001600503921508789
31,1,39,199.0,3.1552681922912598,3.1583516597747803,0.003083467483520508
31,1,40,138.0,2.536069631576538,2.5403707027435303,0.0043010711669921875
31,1,41,98.0,3.269590377807617,3.2763144969940186,0.006724119186401367
31,1,42,167.0,2.519949436187744,2.522367477416992,0.002418041229248047
31,1,43,288.0,3.7899160385131836,3.791773557662964,0.0018575191497802734
31,1,44,225.0,2.509033441543579,2.506413459777832,-0.0026199817657470703
31,1,45,191.0,3.1287972927093506,3.1297473907470703,0.0009500980377197266
31,1,46,92.0,4.466386795043945,4.464788913726807,-0.0015978813171386719
31,1,47,41.0,4.971887588500977,4.978786945343018,0.006899356842041016
31,1,48,231.0,2.9811513423919678,2.982954502105713,0.0018031597137451172
31,1,49,101.0,2.116225004196167,2.112809896469116,-0.0034151077270507812
31,1,50,177.0,2.9830946922302246,2.979452610015869,-0.0036420822143554688
31,1,51,252.0,3.516876697540283,3.522379159927368,0.005502462387084961
31,1,52,259.0,2.737027645111084,2.7350711822509766,-0.001956462860107422
31,1,53,47.0,1.9067243337631226,1.9006344079971313,-0.006089925765991211
31,1,54,164.0,2.2345211505889893,2.2340757846832275,-0.00044536590576171875
31,1,55,94.0,3.3757195472717285,3.3687744140625,-0.006945133209228516
31,1,56,103.0,3.3878378868103027,3.386599540710449,-0.0012383460998535156
31,1,57,78.0,3.3106584548950195,3.3113207817077637,0.0006623268127441406
31,1,58,239.0,3.107602596282959,3.104140281677246,-0.0034623146057128906
31,1,59,271.0,4.418605804443359,4.418604850769043,-9.5367431640625e-07
31,1,60,162.0,2.9131579399108887,2.9112985134124756,-0.001859426498413086
31,1,61,179.0,3.214285135269165,3.214069128036499,-0.00021600723266601562
31,1,62,218.0,2.5891129970550537,2.588433265686035,-0.0006797313690185547
31,1,63,81.0,3.4107165336608887,3.4155280590057373,0.004811525344848633
31,1,64,93.0,3.5013821125030518,3.5011093616485596,-0.0002727508544921875
31,1,65,72.0,3.358228921890259,3.358372688293457,0.0001437664031982422
31,1,66,230.0,3.3264732360839844,3.325664520263672,-0.0008087158203125
31,1,67,99.0,2.410640239715576,2.4106295108795166,-1.0728836059570312e-05
31,1,68,213.0,2.6581079959869385,2.6549978256225586,-0.003110170364379883
31,1,69,119.0,2.5800669193267822,2.579144239425659,-0.0009226799011230469
31,1,70,161.0,2.929652214050293,2.9299521446228027,0.0002999305725097656
31,1,71,90.0,3.9417757987976074,3.939668893814087,-0.002106904983520508
31,1,72,181.0,2.8265914916992188,2.828425884246826,0.0018343925476074219
31,1,73,95.0,3.8289499282836914,3.83420729637146,0.005257368087768555
31,1,74,245.0,2.2537572383880615,2.2527520656585693,-0.0010051727294921875
31,1,75,93.0,1.7269396781921387,1.7217761278152466,-0.00516355037689209
31,1,76,225.0,2.4448561668395996,2.4437146186828613,-0.0011415481567382812
31,1,77,61.0,3.08821439743042,3.091121196746826,0.00290679931640625
31,1,78,257.0,3.5650999546051025,3.563600540161133,-0.0014994144439697266
31,1,79,165.0,2.7435922622680664,2.744053602218628,0.00046133995056152344
31,1,80,117.0,4.079967498779297,4.084198951721191,0.004231452941894531
31,1,81,89.0,3.1170668601989746,3.1166608333587646,-0.00040602684020996094
31,1,82,291.0,3.542208671569824,3.545663595199585,0.003454923629760742
31,1,83,93.0,3.1824769973754883,3.1834030151367188,0.0009260177612304688
31,1,84,228.0,1.8533809185028076,1.8519912958145142,-0.001389622688293457
31,1,85,131.0,2.4851677417755127,2.485624313354492,0.0004565715789794922
31,1,86,191.0,3.915872573852539,3.9135403633117676,-0.0023322105407714844
31,1,87,238.0,4.8885579109191895,4.889391899108887,0.0008339881896972656
31,1,88,210.0,2.9943952560424805,2.9946908950805664,0.0002956390380859375
31,1,89,107.0,4.1228203773498535,4.124598026275635,0.00177764892578125
31,1,90,217.0,2.7718281745910645,2.777574062347412,0.005745887756347656
31,1,91,199.0,3.112976312637329,3.112617015838623,-0.0003592967987060547
31,1,92,84.0,2.381793260574341,2.384066343307495,0.002273082733154297
31,1,93,271.0,3.5375630855560303,3.534559488296509,-0.0030035972595214844
31,1,94,226.0,3.105239152908325,3.0986647605895996,-0.006574392318725586
31,1,95,258.0,3.5427961349487305,3.5504469871520996,0.007650852203369141
31,1,96,86.0,3.23514723777771,3.238530397415161,0.003383159637451172
31,1,97,142.0,4.2480573654174805,4.2461957931518555,-0.001861572265625
31,1,98,42.0,1.9809751510620117,1.9815877676010132,0.0006126165390014648
31,1,99,224.0,2.4784393310546875,2.4756171703338623,-0.0028221607208251953
31,1,100,197.0,1.853989601135254,1.8473180532455444,-0.006671547889709473
31,1,101,85.0,2.4941816329956055,2.4930388927459717,-0.001142740249633789
31,1,102,195.0,3.122326612472534,3.122741937637329,0.0004153251647949219
31,1,103,102.0,3.1147775650024414,3.1116724014282227,-0.00310516357421875
31,1,104,181.0,3.189467191696167,3.192125082015991,0.0026578903198242188
31,1,105,72.0,1.8649518489837646,1.86112642288208,-0.0038254261016845703
31,1,106,130.0,4.294760227203369,4.292882919311523,-0.0018773078918457031
31,1,107,62.0,2.4163553714752197,2.4152588844299316,-0.001096487045288086
31,1,108,263.0,3.546691656112671,3.5445845127105713,-0.0021071434020996094
31,1,109,194.0,2.697882890701294,2.7008607387542725,0.0029778480529785156
31,1,110,174.0,2.602036237716675,2.6115431785583496,0.009506940841674805
31,1,111,235.0,3.703277826309204,3.7083420753479004,0.005064249038696289
31,1,112,143.0,3.633587121963501,3.6355416774749756,0.0019545555114746094
31,1,113,117.0,4.060715675354004,4.064632415771484,0.003916740417480469
31,1,114,160.0,3.7659225463867188,3.762883424758911,-0.003039121627807617
31,1,115,115.0,3.034438133239746,3.0410516262054443,0.006613492965698242
31,1,116,120.0,3.3571696281433105,3.3591787815093994,0.002009153366088867
31,1,117,186.0,3.4980924129486084,3.5006937980651855,0.0026013851165771484
31,1,118,138.0,3.0037918090820312,3.003040313720703,-0.000751495361328125
31,1,119,80.0,2.1522231101989746,2.155601978302002,0.0033788681030273438
31,1,120,164.0,2.666628122329712,2.6630594730377197,-0.0035686492919921875
31,1,121,215.0,3.3896234035491943,3.3896939754486084,7.05718994140625e-05
31,1,122,81.0,3.035551071166992,3.0419819355010986,0.006430864334106445
31,1,123,171.0,2.9384942054748535,2.9376182556152344,-0.0008759498596191406
31,1,124,41.0,5.417657375335693,5.415584087371826,-0.0020732879638671875
31,1,125,103.0,3.7517361640930176,3.7554659843444824,0.0037298202514648438
31,1,126,145.0,2.8366682529449463,2.835632562637329,-0.0010356903076171875
31,1,127,102.0,2.7819013595581055,2.7833569049835205,0.001455545425415039
31,2,0,196.0,3.129199504852295,3.125352144241333,-0.003847360610961914
31,2,1,127.0,2.998192548751831,2.996967077255249,-0.0012254714965820312
31,2,2,162.0,2.099813938140869,2.102339267730713,0.00252532958984375
31,2,3,92.0,3.952493190765381,3.9552805423736572,0.002787351608276367
31,2,4,194.0,2.782571315765381,2.780888080596924,-0.0016832351684570312
31,2,5,115.0,2.7538414001464844,2.754270315170288,0.00042891502380371094
31,2,6,109.0,4.127994060516357,4.127946376800537,-4.76837158203125e-05
31,2,7,48.0,3.018592119216919,3.025263786315918,0.0066716670989990234
31,2,8,69.0,3.3226022720336914,3.319202184677124,-0.003400087356567383
31,2,9,85.0,3.0205674171447754,3.0183777809143066,-0.00218963623046875
31,2,10,238.0,2.6267495155334473,2.6256039142608643,-0.0011456012725830078
31,2,11,233.0,2.4413414001464844,2.4409077167510986,-0.0004336833953857422
31,2,12,208.0,2.959929943084717,2.960670232772827,0.0007402896881103516
31,2,13,196.0,2.753826141357422,2.755570411682129,0.0017442703247070312
31,2,14,131.0,2.9712021350860596,2.9729766845703125,0.0017745494842529297
31,2,15,125.0,2.7515416145324707,2.754335880279541,0.0027942657470703125
31,2,16,61.0,4.166540145874023,4.161391258239746,-0.005148887634277344
31,2,17,164.0,1.9632303714752197,1.9645594358444214,0.0013290643692016602
31,2,18,107.0,3.135986328125,3.1330766677856445,-0.0029096603393554688
31,2,19,48.0,3.4995276927948,3.501037836074829,0.0015101432800292969
31,2,20,74.0,1.9705148935317993,1.9801387786865234,0.009623885154724121
31,2,21,103.0,2.235994577407837,2.2334156036376953,-0.0025789737701416016
31,2,22,114.0,3.2786149978637695,3.273293972015381,-0.005321025848388672
31,2,23,50.0,5.015505313873291,5.008130073547363,-0.007375240325927734
31,2,24,281.0,2.3039751052856445,2.3048408031463623,0.0008656978607177734
31,2,25,247.0,1.9686022996902466,1.970109224319458,0.0015069246292114258
31,2,26,173.0,3.4113833904266357,3.401334047317505,-0.01004934310913086
31,2,27,166.0,3.050419330596924,3.0579283237457275,0.007508993148803711
31,2,28,98.0,2.611907482147217,2.6127288341522217,0.0008213520050048828
31,2,29,174.0,3.051379919052124,3.051872491836548,0.0004925727844238281
31,2,30,173.0,2.750077724456787,2.7523341178894043,0.0022563934326171875
31,2,31,215.0,3.4014222621917725,3.4009296894073486,-0.0004925727844238281
31,2,32,186.0,2.6455953121185303,2.65095853805542,0.0053632259368896484
31,2,33,153.0,2.4407522678375244,2.4386041164398193,-0.002148151397705078
31,2,34,147.0,2.7246551513671875,2.7323098182678223,0.007654666900634766
31,2,35,50.0,4.024989604949951,4.021750450134277,-0.003239154815673828
31,2,36,86.0,2.0081088542938232,2.011594533920288,0.0034856796264648438
31,2,37,154.0,3.517357349395752,3.5229151248931885,0.0055577754974365234
31,2,38,265.0,2.388361930847168,2.388465404510498,0.00010347366333007812
31,2,39,199.0,3.1552681922912598,3.152235984802246,-0.003032207489013672
31,2,40,138.0,2.536069631576538,2.530423402786255,-0.005646228790283203
31,2,41,98.0,3.269590377807617,3.273557186126709,0.003966808319091797
31,2,42,167.0,2.519949436187744,2.5150949954986572,-0.004854440689086914
31,2,43,288.0,3.7899160385131836,3.7912542819976807,0.0013382434844970703
31,2,44,225.0,2.509033441543579,2.506582498550415,-0.0024509429931640625
31,2,45,191.0,3.1287972927093506,3.1347599029541016,0.0059626102447509766
31,2,46,92.0,4.466386795043945,4.463572025299072,-0.002814769744873047
31,2,47,41.0,4.971887588500977,4.972121715545654,0.00023412704467773438
31,2,48,231.0,2.9811513423919678,2.9847309589385986,0.0035796165466308594
31,2,49,101.0,2.116225004196167,2.1134517192840576,-0.002773284912109375
31,2,50,177.0,2.9830946922302246,2.984856128692627,0.0017614364624023438
31,2,51,252.0,3.516876697540283,3.521231174468994,0.0043544769287109375
31,2,52,259.0,2.737027645111084,2.7378623485565186,0.0008347034454345703
31,2,53,47.0,1.9067243337631226,1.9076353311538696,0.0009109973907470703
31,2,54,164.0,2.2345211505889893,2.233539342880249,-0.0009818077087402344
31,2,55,94.0,3.3757195472717285,3.3710482120513916,-0.004671335220336914
31,2,56,103.0,3.3878378868103027,3.3889124393463135,0.0010745525360107422
31,2,57,78.0,3.3106584548950195,3.3114519119262695,0.00079345703125
31,2,58,239.0,3.107602596282959,3.107052803039551,-0.0005497932434082031
31,2,59,271.0,4.418605804443359,4.420869827270508,0.0022640228271484375
31,2,60,162.0,2.9131579399108887,2.9096603393554688,-0.003497600555419922
31,2,61,179.0,3.214285135269165,3.2141897678375244,-9.5367431640625e-05
31,2,62,218.0,2.5891129970550537,2.587325096130371,-0.0017879009246826172
31,2,63,81.0,3.4107165336608887,3.407611131668091,-0.0031054019927978516
31,2,64,93.0,3.5013821125030518,3.4993016719818115,-0.0020804405212402344
31,2,65,72.0,3.358228921890259,3.3650646209716797,0.0068356990814208984
31,2,66,230.0,3.3264732360839844,3.3305916786193848,0.004118442535400391
31,2,67,99.0,2.410640239715576,2.4192094802856445,0.00856924057006836
31,2,68,213.0,2.6581079959869385,2.655865430831909,-0.002242565155029297
31,2,69,119.0,2.5800669193267822,2.580410957336426,0.0003440380096435547
31,2,70,161.0,2.929652214050293,2.9346141815185547,0.004961967468261719
31,2,71,90.0,3.9417757987976074,3.9455370903015137,0.00376129150390625
31,2,72,181.0,2.8265914916992188,2.8310084342956543,0.004416942596435547
31,2,73,95.0,3.8289499282836914,3.84470796585083,0.015758037567138672
31,2,74,245.0,2.2537572383880615,2.251837968826294,-0.0019192695617675781
31,2,75,93.0,1.7269396781921387,1.7347534894943237,0.007813811302185059
31,2,76,225.0,2.4448561668395996,2.441204786300659,-0.0036513805389404297
31,2,77,61.0,3.08821439743042,3.096745014190674,0.008530616760253906
31,2,78,257.0,3.5650999546051025,3.5629894733428955,-0.0021104812622070312
31,2,79,165.0,2.7435922622680664,2.7358436584472656,-0.007748603820800781
31,2,80,117.0,4.079967498779297,4.078063488006592,-0.0019040107727050781
31,2,81,89.0,3.1170668601989746,3.1225953102111816,0.005528450012207031
31,2,82,291.0,3.542208671569824,3.543884038925171,0.0016753673553466797
31,2,83,93.0,3.1824769973754883,3.183579921722412,0.0011029243469238281
31,2,84,228.0,1.8533809185028076,1.8565824031829834,0.0032014846801757812
31,2,85,131.0,2.4851677417755127,2.491086959838867,0.005919218063354492
31,2,86,191.0,3.915872573852539,3.9127309322357178,-0.003141641616821289
31,2,87,238.0,4.8885579109191895,4.889256954193115,0.0006990432739257812
31,2,88,210.0,2.9943952560424805,3.001647472381592,0.007252216339111328
31,2,89,107.0,4.1228203773498535,4.12119722366333,-0.0016231536865234375
31,2,90,217.0,2.7718281745910645,2.772667169570923,0.0008389949798583984
31,2,91,199.0,3.112976312637329,3.110238790512085,-0.0027375221252441406
31,2,92,84.0,2.381793260574341,2.3798606395721436,-0.0019326210021972656
31,2,93,271.0,3.5375630855560303,3.5421688556671143,0.004605770111083984
31,2,94,226.0,3.105239152908325,3.1001574993133545,-0.005081653594970703
31,2,95,258.0,3.5427961349487305,3.541584014892578,-0.0012121200561523438
31,2,96,86.0,3.23514723777771,3.251272201538086,0.016124963760375977
31,2,97,142.0,4.2480573654174805,4.242473602294922,-0.005583763122558594
31,2,98,42.0,1.9809751510620117,1.9730842113494873,-0.007890939712524414
31,2,99,224.0,2.4784393310546875,2.4775967597961426,-0.0008425712585449219
31,2,100,197.0,1.853989601135254,1.8521430492401123,-0.0018465518951416016
31,2,101,85.0,2.4941816329956055,2.4931392669677734,-0.0010423660278320312
31,2,102,195.0,3.122326612472534,3.1250641345977783,0.0027375221252441406
31,2,103,102.0,3.1147775650024414,3.1109580993652344,-0.0038194656372070312
31,2,104,181.0,3.189467191696167,3.1924359798431396,0.0029687881469726562
31,2,105,72.0,1.8649518489837646,1.8597359657287598,-0.005215883255004883
31,2,106,130.0,4.294760227203369,4.291970729827881,-0.0027894973754882812
31,2,107,62.0,2.4163553714752197,2.4110772609710693,-0.005278110504150391
31,2,108,263.0,3.546691656112671,3.5482869148254395,0.0015952587127685547
31,2,109,194.0,2.697882890701294,2.7010037899017334,0.003120899200439453
31,2,110,174.0,2.602036237716675,2.595369577407837,-0.006666660308837891
31,2,111,235.0,3.703277826309204,3.70570969581604,0.0024318695068359375
31,2,112,143.0,3.633587121963501,3.636526346206665,0.0029392242431640625
31,2,113,117.0,4.060715675354004,4.066355228424072,0.005639553070068359
31,2,114,160.0,3.7659225463867188,3.7704405784606934,0.004518032073974609
31,2,115,115.0,3.034438133239746,3.0384435653686523,0.00400543212890625
31,2,116,120.0,3.3571696281433105,3.3619635105133057,0.004793882369995117
31,2,117,186.0,3.4980924129486084,3.501439332962036,0.0033469200134277344
31,2,118,138.0,3.0037918090820312,3.0056240558624268,0.0018322467803955078
31,2,119,80.0,2.1522231101989746,2.1584904193878174,0.0062673091888427734
31,2,120,164.0,2.666628122329712,2.6655642986297607,-0.0010638236999511719
31,2,121,215.0,3.3896234035491943,3.391108751296997,0.0014853477478027344
31,2,122,81.0,3.035551071166992,3.0414488315582275,0.0058977603912353516
31,2,123,171.0,2.9384942054748535,2.937047243118286,-0.0014469623565673828
31,2,124,41.0,5.417657375335693,5.431948661804199,0.01429128646850586
31,2,125,103.0,3.7517361640930176,3.758646249771118,0.006910085678100586
31,2,126,145.0,2.8366682529449463,2.833333730697632,-0.003334522247314453
31,2,127,102.0,2.7819013595581055,2.782583475112915,0.0006821155548095703
31,3,0,196.0,3.129199504852295,3.124415159225464,-0.004784345626831055
31,3,1,127.0,2.998192548751831,2.997023582458496,-0.001168966293334961
31,3,2,162.0,2.099813938140869,2.0990381240844727,-0.0007758140563964844
31,3,3,92.0,3.952493190765381,3.9526731967926025,0.0001800060272216797
31,3,4,194.0,2.782571315765381,2.785903215408325,0.003331899642944336
31,3,5,115.0,2.7538414001464844,2.7611243724823,0.00728297233581543
31,3,6,109.0,4.127994060516357,4.126980304718018,-0.0010137557983398438
31,3,7,48.0,3.018592119216919,3.014659881591797,-0.00393223762512207
31,3,8,69.0,3.3226022720336914,3.308924674987793,-0.013677597045898438
31,3,9,85.0,3.0205674171447754,3.0155389308929443,-0.005028486251831055
31,3,10,238.0,2.6267495155334473,2.630911111831665,0.0041615962982177734
31,3,11,233.0,2.4413414001464844,2.4402735233306885,-0.0010678768157958984
31,3,12,208.0,2.959929943084717,2.960376501083374,0.00044655799865722656
31,3,13,196.0,2.753826141357422,2.752699136734009,-0.001127004623413086
31,3,14,131.0,2.9712021350860596,2.9703660011291504,-0.0008361339569091797
31,3,15,125.0,2.7515416145324707,2.7537660598754883,0.002224445343017578
31,3,16,61.0,4.166540145874023,4.166163444519043,-0.00037670135498046875
31,3,17,164.0,1.9632303714752197,1.9668177366256714,0.00358736515045166
31,3,18,107.0,3.135986328125,3.1368300914764404,0.0008437633514404297
31,3,19,48.0,3.4995276927948,3.5007145404815674,0.0011868476867675781
31,3,20,74.0,1.9705148935317993,1.9773656129837036,0.006850719451904297
31,3,21,103.0,2.235994577407837,2.2335939407348633,-0.002400636672973633
31,3,22,114.0,3.2786149978637695,3.273744821548462,-0.004870176315307617
31,3,23,50.0,5.015505313873291,5.009153842926025,-0.006351470947265625
31,3,24,281.0,2.3039751052856445,2.3061723709106445,0.002197265625
31,3,25,247.0,1.9686022996902466,1.9771521091461182,0.008549809455871582
31,3,26,173.0,3.4113833904266357,3.406090497970581,-0.0052928924560546875
31,3,27,166.0,3.050419330596924,3.053210973739624,0.0027916431427001953
31,3,28,98.0,2.611907482147217,2.6209185123443604,0.009011030197143555
31,3,29,174.0,3.051379919052124,3.0476105213165283,-0.003769397735595703
31,3,30,173.0,2.750077724456787,2.7551565170288086,0.005078792572021484
31,3,31,215.0,3.4014222621917725,3.403472423553467,0.002050161361694336
31,3,32,186.0,2.6455953121185303,2.648627281188965,0.0030319690704345703
31,3,33,153.0,2.4407522678375244,2.437985897064209,-0.0027663707733154297
31,3,34,147.0,2.7246551513671875,2.7277612686157227,0.0031061172485351562
31,3,35,50.0,4.024989604949951,4.018074989318848,-0.006914615631103516
31,3,36,86.0,2.0081088542938232,2.007028579711914,-0.0010802745819091797
31,3,37,154.0,3.517357349395752,3.521759033203125,0.004401683807373047
31,3,38,265.0,2.388361930847168,2.392277717590332,0.0039157867431640625
31,3,39,199.0,3.1552681922912598,3.157221555709839,0.0019533634185791016
31,3,40,138.0,2.536069631576538,2.535123825073242,-0.0009458065032958984
31,3,41,98.0,3.269590377807617,3.2650861740112305,-0.004504203796386719
31,3,42,167.0,2.519949436187744,2.519315004348755,-0.0006344318389892578
31,3,43,288.0,3.7899160385131836,3.795053243637085,0.005137205123901367
31,3,44,225.0,2.509033441543579,2.507908582687378,-0.0011248588562011719
31,3,45,191.0,3.1287972927093506,3.1343955993652344,0.005598306655883789
31,3,46,92.0,4.466386795043945,4.466995716094971,0.0006089210510253906
31,3,47,41.0,4.971887588500977,4.961425304412842,-0.010462284088134766
31,3,48,231.0,2.9811513423919678,2.9816839694976807,0.0005326271057128906
31,3,49,101.0,2.116225004196167,2.1120076179504395,-0.004217386245727539
31,3,50,177.0,2.9830946922302246,2.9757883548736572,-0.007306337356567383
31,3,51,252.0,3.516876697540283,3.5176901817321777,0.0008134841918945312
31,3,52,259.0,2.737027645111084,2.7340657711029053,-0.002961874008178711
31,3,53,47.0,1.9067243337631226,1.8981441259384155,-0.008580207824707031
31,3,54,164.0,2.2345211505889893,2.230830669403076,-0.003690481185913086
31,3,55,94.0,3.3757195472717285,3.3697333335876465,-0.005986213684082031
31,3,56,103.0,3.3878378868103027,3.391028881072998,0.0031909942626953125
31,3,57,78.0,3.3106584548950195,3.3102166652679443,-0.0004417896270751953
31,3,58,239.0,3.107602596282959,3.1061367988586426,-0.0014657974243164062
31,3,59,271.0,4.418605804443359,4.42128849029541,0.0026826858520507812
31,3,60,162.0,2.9131579399108887,2.911648750305176,-0.0015091896057128906
31,3,61,179.0,3.214285135269165,3.214648485183716,0.00036334991455078125
31,3,62,218.0,2.5891129970550537,2.5899016857147217,0.0007886886596679688
31,3,63,81.0,3.4107165336608887,3.4083311557769775,-0.002385377883911133
31,3,64,93.0,3.5013821125030518,3.4889562129974365,-0.012425899505615234
31,3,65,72.0,3.358228921890259,3.3577215671539307,-0.000507354736328125
31,3,66,230.0,3.3264732360839844,3.3285739421844482,0.002100706100463867
31,3,67,99.0,2.410640239715576,2.4145936965942383,0.003953456878662109
31,3,68,213.0,2.6581079959869385,2.6616153717041016,0.003507375717163086
31,3,69,119.0,2.5800669193267822,2.581007480621338,0.0009405612945556641
31,3,70,161.0,2.929652214050293,2.9324049949645996,0.0027527809143066406
31,3,71,90.0,3.9417757987976074,3.937649965286255,-0.004125833511352539
31,3,72,181.0,2.8265914916992188,2.82997465133667,0.003383159637451172
31,3,73,95.0,3.8289499282836914,3.8424952030181885,0.01354527473449707
31,3,74,245.0,2.2537572383880615,2.257658004760742,0.003900766372680664
31,3,75,93.0,1.7269396781921387,1.7348015308380127,0.007861852645874023
31,3,76,225.0,2.4448561668395996,2.4484989643096924,0.0036427974700927734
31,3,77,61.0,3.08821439743042,3.088949203491211,0.0007348060607910156
31,3,78,257.0,3.5650999546051025,3.5687332153320312,0.003633260726928711
31,3,79,165.0,2.7435922622680664,2.731698751449585,-0.011893510818481445
31,3,80,117.0,4.079967498779297,4.078896999359131,-0.0010704994201660156
31,3,81,89.0,3.1170668601989746,3.1197173595428467,0.0026504993438720703
31,3,82,291.0,3.542208671569824,3.5470499992370605,0.004841327667236328
31,3,83,93.0,3.1824769973754883,3.1854989528656006,0.0030219554901123047
31,3,84,228.0,1.8533809185028076,1.8547989130020142,0.001417994499206543
31,3,85,131.0,2.4851677417755127,2.486952066421509,0.0017843246459960938
31,3,86,191.0,3.915872573852539,3.9086601734161377,-0.007212400436401367
31,3,87,238.0,4.8885579109191895,4.886535167694092,-0.0020227432250976562
31,3,88,210.0,2.9943952560424805,2.9938395023345947,-0.0005557537078857422
31,3,89,107.0,4.1228203773498535,4.122471332550049,-0.0003490447998046875
31,3,90,217.0,2.7718281745910645,2.7694191932678223,-0.0024089813232421875
31,3,91,199.0,3.112976312637329,3.114187240600586,0.001210927963256836
31,3,92,84.0,2.381793260574341,2.38051438331604,-0.0012788772583007812
31,3,93,271.0,3.5375630855560303,3.5379977226257324,0.00043463706970214844
31,3,94,226.0,3.105239152908325,3.0991382598876953,-0.006100893020629883
31,3,95,258.0,3.5427961349487305,3.53309965133667,-0.009696483612060547
31,3,96,86.0,3.23514723777771,3.243626832962036,0.008479595184326172
31,3,97,142.0,4.2480573654174805,4.244584083557129,-0.0034732818603515625
31,3,98,42.0,1.9809751510620117,1.9814542531967163,0.00047910213470458984
31,3,99,224.0,2.4784393310546875,2.4799835681915283,0.0015442371368408203
31,3,100,197.0,1.853989601135254,1.8518024682998657,-0.0021871328353881836
31,3,101,85.0,2.4941816329956055,2.499727964401245,0.0055463314056396484
31,3,102,195.0,3.122326612472534,3.125343084335327,0.0030164718627929688
31,3,103,102.0,3.1147775650024414,3.1207921504974365,0.006014585494995117
31,3,104,181.0,3.189467191696167,3.1884310245513916,-0.0010361671447753906
31,3,105,72.0,1.8649518489837646,1.8591787815093994,-0.005773067474365234
31,3,106,130.0,4.294760227203369,4.295088291168213,0.00032806396484375
31,3,107,62.0,2.4163553714752197,2.421804189682007,0.005448818206787109
31,3,108,263.0,3.546691656112671,3.5487542152404785,0.002062559127807617
31,3,109,194.0,2.697882890701294,2.698758125305176,0.0008752346038818359
31,3,110,174.0,2.602036237716675,2.590512752532959,-0.01152348518371582
31,3,111,235.0,3.703277826309204,3.700195550918579,-0.003082275390625
31,3,112,143.0,3.633587121963501,3.633132219314575,-0.00045490264892578125
31,3,113,117.0,4.060715675354004,4.063651084899902,0.0029354095458984375
31,3,114,160.0,3.7659225463867188,3.764310121536255,-0.0016124248504638672
31,3,115,115.0,3.034438133239746,3.040360450744629,0.0059223175048828125
31,3,116,120.0,3.3571696281433105,3.3590376377105713,0.0018680095672607422
31,3,117,186.0,3.4980924129486084,3.4983677864074707,0.0002753734588623047
31,3,118,138.0,3.0037918090820312,3.0026769638061523,-0.0011148452758789062
31,3,119,80.0,2.1522231101989746,2.155146598815918,0.0029234886169433594
31,3,120,164.0,2.666628122329712,2.6663107872009277,-0.0003173351287841797
31,3,121,215.0,3.3896234035491943,3.390192985534668,0.0005695819854736328
31,3,122,81.0,3.035551071166992,3.0404505729675293,0.004899501800537109
31,3,123,171.0,2.9384942054748535,2.9402644634246826,0.0017702579498291016
31,3,124,41.0,5.417657375335693,5.393192768096924,-0.02446460723876953
31,3,125,103.0,3.7517361640930176,3.7571630477905273,0.005426883697509766
31,3,126,145.0,2.8366682529449463,2.83654522895813,-0.00012302398681640625
31,3,127,102.0,2.7819013595581055,2.779158353805542,-0.0027430057525634766
31,4,0,196.0,3.129199504852295,3.1272733211517334,-0.0019261837005615234
31,4,1,127.0,2.998192548751831,3.0018670558929443,0.0036745071411132812
31,4,2,162.0,2.099813938140869,2.099445104598999,-0.0003688335418701172
31,4,3,92.0,3.952493190765381,3.9482319355010986,-0.0042612552642822266
31,4,4,194.0,2.782571315765381,2.7817459106445312,-0.0008254051208496094
31,4,5,115.0,2.7538414001464844,2.7481813430786133,-0.005660057067871094
31,4,6,109.0,4.127994060516357,4.125875949859619,-0.0021181106567382812
31,4,7,48.0,3.018592119216919,3.01009202003479,-0.008500099182128906
31,4,8,69.0,3.3226022720336914,3.315621852874756,-0.006980419158935547
31,4,9,85.0,3.0205674171447754,3.020115375518799,-0.0004520416259765625
31,4,10,238.0,2.6267495155334473,2.631723165512085,0.004973649978637695
31,4,11,233.0,2.4413414001464844,2.4403600692749023,-0.0009813308715820312
31,4,12,208.0,2.959929943084717,2.959489107131958,-0.00044083595275878906
31,4,13,196.0,2.753826141357422,2.7542812824249268,0.0004551410675048828
31,4,14,131.0,2.9712021350860596,2.972822666168213,0.0016205310821533203
31,4,15,125.0,2.7515416145324707,2.752704381942749,0.0011627674102783203
31,4,16,61.0,4.166540145874023,4.168909072875977,0.002368927001953125
31,4,17,164.0,1.9632303714752197,1.9648630619049072,0.0016326904296875
31,4,18,107.0,3.135986328125,3.128640651702881,-0.007345676422119141
31,4,19,48.0,3.4995276927948,3.5017311573028564,0.0022034645080566406
31,4,20,74.0,1.9705148935317993,1.972961187362671,0.002446293830871582
31,4,21,103.0,2.235994577407837,2.238971710205078,0.002977132797241211
31,4,22,114.0,3.2786149978637695,3.2784833908081055,-0.0001316070556640625
31,4,23,50.0,5.015505313873291,5.003058910369873,-0.012446403503417969
31,4,24,281.0,2.3039751052856445,2.3050758838653564,0.001100778579711914
31,4,25,247.0,1.9686022996902466,1.9691884517669678,0.0005861520767211914
31,4,26,173.0,3.4113833904266357,3.411707878112793,0.00032448768615722656
31,4,27,166.0,3.050419330596924,3.052946090698242,0.0025267601013183594
31,4,28,98.0,2.611907482147217,2.613903760910034,0.001996278762817383
31,4,29,174.0,3.051379919052124,3.0497379302978516,-0.001641988754272461
31,4,30,173.0,2.750077724456787,2.75150990486145,0.001432180404663086
31,4,31,215.0,3.4014222621917725,3.4017539024353027,0.00033164024353027344
31,4,32,186.0,2.6455953121185303,2.6477279663085938,0.0021326541900634766
31,4,33,153.0,2.4407522678375244,2.4343278408050537,-0.006424427032470703
31,4,34,147.0,2.7246551513671875,2.7291042804718018,0.004449129104614258
31,4,35,50.0,4.024989604949951,4.026247978210449,0.0012583732604980469
31,4,36,86.0,2.0081088542938232,2.0141899585723877,0.006081104278564453
31,4,37,154.0,3.517357349395752,3.5135014057159424,-0.0038559436798095703
31,4,38,265.0,2.388361930847168,2.3877949714660645,-0.0005669593811035156
31,4,39,199.0,3.1552681922912598,3.156219959259033,0.0009517669677734375
31,4,40,138.0,2.536069631576538,2.530810594558716,-0.005259037017822266
31,4,41,98.0,3.269590377807617,3.267617702484131,-0.001972675323486328
31,4,42,167.0,2.519949436187744,2.5181868076324463,-0.0017626285552978516
31,4,43,288.0,3.7899160385131836,3.7906010150909424,0.0006849765777587891
31,4,44,225.0,2.509033441543579,2.506662368774414,-0.002371072769165039
31,4,45,191.0,3.1287972927093506,3.1290247440338135,0.00022745132446289062
31,4,46,92.0,4.466386795043945,4.463555335998535,-0.0028314590454101562
31,4,47,41.0,4.971887588500977,4.979399681091309,0.007512092590332031
31,4,48,231.0,2.9811513423919678,2.985698699951172,0.0045473575592041016
31,4,49,101.0,2.116225004196167,2.1209716796875,0.004746675491333008
31,4,50,177.0,2.9830946922302246,2.9809508323669434,-0.00214385986328125
31,4,51,252.0,3.516876697540283,3.522789478302002,0.00591278076171875
31,4,52,259.0,2.737027645111084,2.7330312728881836,-0.003996372222900391
31,4,53,47.0,1.9067243337631226,1.902205467224121,-0.004518866539001465
31,4,54,164.0,2.2345211505889893,2.2297141551971436,-0.004806995391845703
31,4,55,94.0,3.3757195472717285,3.3692893981933594,-0.006430149078369141
31,4,56,103.0,3.3878378868103027,3.3843677043914795,-0.003470182418823242
31,4,57,78.0,3.3106584548950195,3.31253981590271,0.0018813610076904297
31,4,58,239.0,3.107602596282959,3.105051040649414,-0.002551555633544922
31,4,59,271.0,4.418605804443359,4.418097496032715,-0.0005083084106445312
31,4,60,162.0,2.9131579399108887,2.9113478660583496,-0.0018100738525390625
31,4,61,179.0,3.214285135269165,3.2105841636657715,-0.0037009716033935547
31,4,62,218.0,2.5891129970550537,2.5911715030670166,0.0020585060119628906
31,4,63,81.0,3.4107165336608887,3.409050941467285,-0.0016655921936035156
31,4,64,93.0,3.5013821125030518,3.4960432052612305,-0.005338907241821289
31,4,65,72.0,3.358228921890259,3.3562591075897217,-0.0019698143005371094
31,4,66,230.0,3.3264732360839844,3.3250529766082764,-0.0014202594757080078
31,4,67,99.0,2.410640239715576,2.4156007766723633,0.004960536956787109
31,4,68,213.0,2.6581079959869385,2.659334659576416,0.001226663589477539
31,4,69,119.0,2.5800669193267822,2.5810275077819824,0.0009605884552001953
31,4,70,161.0,2.929652214050293,2.9339423179626465,0.004290103912353516
31,4,71,90.0,3.9417757987976074,3.9420254230499268,0.00024962425231933594
31,4,72,181.0,2.8265914916992188,2.83337140083313,0.006779909133911133
31,4,73,95.0,3.8289499282836914,3.8363289833068848,0.007379055023193359
31,4,74,245.0,2.2537572383880615,2.2518081665039062,-0.0019490718841552734
31,4,75,93.0,1.7269396781921387,1.727967619895935,0.0010279417037963867
31,4,76,225.0,2.4448561668395996,2.4439566135406494,-0.0008995532989501953
31,4,77,61.0,3.08821439743042,3.106200695037842,0.017986297607421875
31,4,78,257.0,3.5650999546051025,3.5653932094573975,0.0002932548522949219
31,4,79,165.0,2.7435922622680664,2.740455150604248,-0.0031371116638183594
31,4,80,117.0,4.079967498779297,4.077987194061279,-0.001980304718017578
31,4,81,89.0,3.1170668601989746,3.123913288116455,0.006846427917480469
31,4,82,291.0,3.542208671569824,3.5466573238372803,0.004448652267456055
31,4,83,93.0,3.1824769973754883,3.180811643600464,-0.001665353775024414
31,4,84,228.0,1.8533809185028076,1.8571432828903198,0.003762364387512207
31,4,85,131.0,2.4851677417755127,2.4888710975646973,0.0037033557891845703
31,4,86,191.0,3.915872573852539,3.9151790142059326,-0.0006935596466064453
31,4,87,238.0,4.8885579109191895,4.8874616622924805,-0.0010962486267089844
31,4,88,210.0,2.9943952560424805,2.995373010635376,0.0009777545928955078
31,4,89,107.0,4.1228203773498535,4.125072002410889,0.0022516250610351562
31,4,90,217.0,2.7718281745910645,2.772292375564575,0.0004642009735107422
31,4,91,199.0,3.112976312637329,3.1135551929473877,0.0005788803100585938
31,4,92,84.0,2.381793260574341,2.3861591815948486,0.0043659210205078125
31,4,93,271.0,3.5375630855560303,3.536980390548706,-0.0005826950073242188
31,4,94,226.0,3.105239152908325,3.101335287094116,-0.0039038658142089844
31,4,95,258.0,3.5427961349487305,3.5464131832122803,0.0036170482635498047
31,4,96,86.0,3.23514723777771,3.2340924739837646,-0.0010547637939453125
31,4,97,142.0,4.2480573654174805,4.2518534660339355,0.003796100616455078
31,4,98,42.0,1.9809751510620117,1.9753515720367432,-0.005623579025268555
31,4,99,224.0,2.4784393310546875,2.478773355484009,0.00033402442932128906
31,4,100,197.0,1.853989601135254,1.852109670639038,-0.0018799304962158203
31,4,101,85.0,2.4941816329956055,2.499554395675659,0.005372762680053711
31,4,102,195.0,3.122326612472534,3.1227943897247314,0.0004677772521972656
31,4,103,102.0,3.1147775650024414,3.1099298000335693,-0.00484776496887207
31,4,104,181.0,3.189467191696167,3.190152168273926,0.0006849765777587891
31,4,105,72.0,1.8649518489837646,1.8590073585510254,-0.005944490432739258
31,4,106,130.0,4.294760227203369,4.292723655700684,-0.002036571502685547
31,4,107,62.0,2.4163553714752197,2.4199721813201904,0.003616809844970703
31,4,108,263.0,3.546691656112671,3.5471372604370117,0.0004456043243408203
31,4,109,194.0,2.697882890701294,2.702476978302002,0.004594087600708008
31,4,110,174.0,2.602036237716675,2.6029491424560547,0.0009129047393798828
31,4,111,235.0,3.703277826309204,3.706029176712036,0.0027513504028320312
31,4,112,143.0,3.633587121963501,3.634705066680908,0.0011179447174072266
31,4,113,117.0,4.060715675354004,4.068077564239502,0.007361888885498047
31,4,114,160.0,3.7659225463867188,3.7679519653320312,0.0020294189453125
31,4,115,115.0,3.034438133239746,3.036027193069458,0.001589059829711914
31,4,116,120.0,3.3571696281433105,3.357590675354004,0.0004210472106933594
31,4,117,186.0,3.4980924129486084,3.5022878646850586,0.004195451736450195
31,4,118,138.0,3.0037918090820312,3.0038743019104004,8.249282836914062e-05
31,4,119,80.0,2.1522231101989746,2.1598732471466064,0.007650136947631836
31,4,120,164.0,2.666628122329712,2.668140411376953,0.001512289047241211
31,4,121,215.0,3.3896234035491943,3.3886802196502686,-0.0009431838989257812
31,4,122,81.0,3.035551071166992,3.0362861156463623,0.0007350444793701172
31,4,123,171.0,2.9384942054748535,2.9414477348327637,0.0029535293579101562
31,4,124,41.0,5.417657375335693,5.416047096252441,-0.0016102790832519531
31,4,125,103.0,3.7517361640930176,3.756340503692627,0.004604339599609375
31,4,126,145.0,2.8366682529449463,2.833798408508301,-0.002869844436645508
31,4,127,102.0,2.7819013595581055,2.7758891582489014,-0.0060122013092041016
31,5,0,196.0,3.129199504852295,3.128432273864746,-0.0007672309875488281
31,5,1,127.0,2.998192548751831,2.998426914215088,0.00023436546325683594
31,5,2,162.0,2.099813938140869,2.1012895107269287,0.0014755725860595703
31,5,3,92.0,3.952493190765381,3.9510576725006104,-0.0014355182647705078
31,5,4,194.0,2.782571315765381,2.7853145599365234,0.002743244171142578
31,5,5,115.0,2.7538414001464844,2.755758047103882,0.001916646957397461
31,5,6,109.0,4.127994060516357,4.120169639587402,-0.007824420928955078
31,5,7,48.0,3.018592119216919,3.00995135307312,-0.008640766143798828
31,5,8,69.0,3.3226022720336914,3.320373058319092,-0.0022292137145996094
31,5,9,85.0,3.0205674171447754,3.0238492488861084,0.003281831741333008
31,5,10,238.0,2.6267495155334473,2.627201557159424,0.0004520416259765625
31,5,11,233.0,2.4413414001464844,2.4450478553771973,0.0037064552307128906
31,5,12,208.0,2.959929943084717,2.9605371952056885,0.0006072521209716797
31,5,13,196.0,2.753826141357422,2.7521913051605225,-0.001634836196899414
31,5,14,131.0,2.9712021350860596,2.9752538204193115,0.004051685333251953
31,5,15,125.0,2.7515416145324707,2.7497763633728027,-0.0017652511596679688
31,5,16,61.0,4.166540145874023,4.164159297943115,-0.002380847930908203
31,5,17,164.0,1.9632303714752197,1.9600975513458252,-0.0031328201293945312
31,5,18,107.0,3.135986328125,3.1309549808502197,-0.0050313472747802734
31,5,19,48.0,3.4995276927948,3.501596450805664,0.002068758010864258
31,5,20,74.0,1.9705148935317993,1.9724743366241455,0.0019594430923461914
31,5,21,103.0,2.235994577407837,2.232865810394287,-0.0031287670135498047
31,5,22,114.0,3.2786149978637695,3.2804958820343018,0.0018808841705322266
31,5,23,50.0,5.015505313873291,5.01003360748291,-0.005471706390380859
31,5,24,281.0,2.3039751052856445,2.2998411655426025,-0.004133939743041992
31,5,25,247.0,1.9686022996902466,1.969915509223938,0.0013132095336914062
31,5,26,173.0,3.4113833904266357,3.4097626209259033,-0.0016207695007324219
31,5,27,166.0,3.050419330596924,3.052488088607788,0.002068758010864258
31,5,28,98.0,2.611907482147217,2.6178932189941406,0.005985736846923828
31,5,29,174.0,3.051379919052124,3.055661201477051,0.004281282424926758
31,5,30,173.0,2.750077724456787,2.747894048690796,-0.002183675765991211
31,5,31,215.0,3.4014222621917725,3.4020252227783203,0.0006029605865478516
31,5,32,186.0,2.6455953121185303,2.6474199295043945,0.0018246173858642578
31,5,33,153.0,2.4407522678375244,2.435690402984619,-0.0050618648529052734
31,5,34,147.0,2.7246551513671875,2.728546142578125,0.0038909912109375
31,5,35,50.0,4.024989604949951,4.0218892097473145,-0.0031003952026367188
31,5,36,86.0,2.0081088542938232,2.0141541957855225,0.006045341491699219
31,5,37,154.0,3.517357349395752,3.518340587615967,0.0009832382202148438
31,5,38,265.0,2.388361930847168,2.389374256134033,0.0010123252868652344
31,5,39,199.0,3.1552681922912598,3.157886028289795,0.0026178359985351562
31,5,40,138.0,2.536069631576538,2.535186767578125,-0.0008828639984130859
31,5,41,98.0,3.269590377807617,3.2694287300109863,-0.00016164779663085938
31,5,42,167.0,2.519949436187744,2.5187108516693115,-0.0012385845184326172
31,5,43,288.0,3.7899160385131836,3.7897403240203857,-0.00017571449279785156
31,5,44,225.0,2.509033441543579,2.5071370601654053,-0.0018963813781738281
31,5,45,191.0,3.1287972927093506,3.128657579421997,-0.00013971328735351562
31,5,46,92.0,4.466386795043945,4.466817378997803,0.0004305839538574219
31,5,47,41.0,4.971887588500977,4.972162246704102,0.000274658203125
31,5,48,231.0,2.9811513423919678,2.980208158493042,-0.0009431838989257812
31,5,49,101.0,2.116225004196167,2.111269235610962,-0.004955768585205078
31,5,50,177.0,2.9830946922302246,2.984616994857788,0.0015223026275634766
31,5,51,252.0,3.516876697540283,3.5207247734069824,0.0038480758666992188
31,5,52,259.0,2.737027645111084,2.737234354019165,0.0002067089080810547
31,5,53,47.0,1.9067243337631226,1.9056906700134277,-0.0010336637496948242
31,5,54,164.0,2.2345211505889893,2.227907180786133,-0.006613969802856445
31,5,55,94.0,3.3757195472717285,3.374586343765259,-0.0011332035064697266
31,5,56,103.0,3.3878378868103027,3.385263442993164,-0.002574443817138672
31,5,57,78.0,3.3106584548950195,3.31674861907959,0.0060901641845703125
31,5,58,239.0,3.107602596282959,3.1072912216186523,-0.0003113746643066406
31,5,59,271.0,4.418605804443359,4.418601036071777,-4.76837158203125e-06
31,5,60,162.0,2.9131579399108887,2.912233591079712,-0.0009243488311767578
31,5,61,179.0,3.214285135269165,3.214033842086792,-0.0002512931823730469
31,5,62,218.0,2.5891129970550537,2.5893194675445557,0.00020647048950195312
31,5,63,81.0,3.4107165336608887,3.4068636894226074,-0.00385284423828125
31,5,64,93.0,3.5013821125030518,3.49908185005188,-0.002300262451171875
31,5,65,72.0,3.358228921890259,3.3569815158843994,-0.001247406005859375
31,5,66,230.0,3.3264732360839844,3.32772159576416,0.0012483596801757812
31,5,67,99.0,2.410640239715576,2.417593002319336,0.006952762603759766
31,5,68,213.0,2.6581079959869385,2.655548334121704,-0.002559661865234375
31,5,69,119.0,2.5800669193267822,2.5776169300079346,-0.0024499893188476562
31,5,70,161.0,2.929652214050293,2.932711124420166,0.003058910369873047
31,5,71,90.0,3.9417757987976074,3.9445438385009766,0.0027680397033691406
31,5,72,181.0,2.8265914916992188,2.828559637069702,0.0019681453704833984
31,5,73,95.0,3.8289499282836914,3.8324687480926514,0.003518819808959961
31,5,74,245.0,2.2537572383880615,2.2520880699157715,-0.001669168472290039
31,5,75,93.0,1.7269396781921387,1.7257393598556519,-0.0012003183364868164
31,5,76,225.0,2.4448561668395996,2.4406261444091797,-0.004230022430419922
31,5,77,61.0,3.08821439743042,3.0986735820770264,0.010459184646606445
31,5,78,257.0,3.5650999546051025,3.565108060836792,8.106231689453125e-06
31,5,79,165.0,2.7435922622680664,2.7420315742492676,-0.0015606880187988281
31,5,80,117.0,4.079967498779297,4.078276634216309,-0.0016908645629882812
31,5,81,89.0,3.1170668601989746,3.1154868602752686,-0.0015799999237060547
31,5,82,291.0,3.542208671569824,3.545733690261841,0.0035250186920166016
31,5,83,93.0,3.1824769973754883,3.185657024383545,0.0031800270080566406
31,5,84,228.0,1.8533809185028076,1.8554342985153198,0.002053380012512207
31,5,85,131.0,2.4851677417755127,2.490757942199707,0.005590200424194336
31,5,86,191.0,3.915872573852539,3.9118812084198,-0.003991365432739258
31,5,87,238.0,4.8885579109191895,4.8864922523498535,-0.0020656585693359375
31,5,88,210.0,2.9943952560424805,2.994478702545166,8.344650268554688e-05
31,5,89,107.0,4.1228203773498535,4.125475883483887,0.002655506134033203
31,5,90,217.0,2.7718281745910645,2.774406671524048,0.0025784969329833984
31,5,91,199.0,3.112976312637329,3.1128885746002197,-8.7738037109375e-05
31,5,92,84.0,2.381793260574341,2.3789093494415283,-0.0028839111328125
31,5,93,271.0,3.5375630855560303,3.536587715148926,-0.0009753704071044922
31,5,94,226.0,3.105239152908325,3.1002726554870605,-0.0049664974212646484
31,5,95,258.0,3.5427961349487305,3.5468385219573975,0.004042387008666992
31,5,96,86.0,3.23514723777771,3.2307937145233154,-0.004353523254394531
31,5,97,142.0,4.2480573654174805,4.248023986816406,-3.337860107421875e-05
31,5,98,42.0,1.9809751510620117,1.9729883670806885,-0.007986783981323242
31,5,99,224.0,2.4784393310546875,2.4788944721221924,0.0004551410675048828
31,5,100,197.0,1.853989601135254,1.85268235206604,-0.0013072490692138672
31,5,101,85.0,2.4941816329956055,2.492868185043335,-0.0013134479522705078
31,5,102,195.0,3.122326612472534,3.122164726257324,-0.00016188621520996094
31,5,103,102.0,3.1147775650024414,3.109692096710205,-0.005085468292236328
31,5,104,181.0,3.189467191696167,3.188349723815918,-0.0011174678802490234
31,5,105,72.0,1.8649518489837646,1.8633482456207275,-0.0016036033630371094
31,5,106,130.0,4.294760227203369,4.290780067443848,-0.003980159759521484
31,5,107,62.0,2.4163553714752197,2.4143006801605225,-0.0020546913146972656
31,5,108,263.0,3.546691656112671,3.541921615600586,-0.004770040512084961
31,5,109,194.0,2.697882890701294,2.6996328830718994,0.0017499923706054688
31,5,110,174.0,2.602036237716675,2.597759485244751,-0.004276752471923828
31,5,111,235.0,3.703277826309204,3.703207492828369,-7.033348083496094e-05
31,5,112,143.0,3.633587121963501,3.63803768157959,0.004450559616088867
31,5,113,117.0,4.060715675354004,4.063461780548096,0.002746105194091797
31,5,114,160.0,3.7659225463867188,3.764660358428955,-0.0012621879577636719
31,5,115,115.0,3.034438133239746,3.0332467555999756,-0.0011913776397705078
31,5,116,120.0,3.3571696281433105,3.3586137294769287,0.001444101333618164
31,5,117,186.0,3.4980924129486084,3.4991674423217773,0.0010750293731689453
31,5,118,138.0,3.0037918090820312,3.003276824951172,-0.000514984130859375
31,5,119,80.0,2.1522231101989746,2.1572651863098145,0.005042076110839844
31,5,120,164.0,2.666628122329712,2.6641845703125,-0.002443552017211914
31,5,121,215.0,3.3896234035491943,3.3909854888916016,0.0013620853424072266
31,5,122,81.0,3.035551071166992,3.0368058681488037,0.0012547969818115234
31,5,123,171.0,2.9384942054748535,2.9427366256713867,0.004242420196533203
31,5,124,41.0,5.417657375335693,5.417929172515869,0.00027179718017578125
31,5,125,103.0,3.7517361640930176,3.7523927688598633,0.0006566047668457031
31,5,126,145.0,2.8366682529449463,2.835461139678955,-0.001207113265991211
31,5,127,102.0,2.7819013595581055,2.7767937183380127,-0.0051076412200927734
31,6,0,196.0,3.129199504852295,3.124962568283081,-0.004236936569213867
31,6,1,127.0,2.998192548751831,2.9939894676208496,-0.004203081130981445
31,6,2,162.0,2.099813938140869,2.1020262241363525,0.0022122859954833984
31,6,3,92.0,3.952493190765381,3.9497857093811035,-0.0027074813842773438
31,6,4,194.0,2.782571315765381,2.785224199295044,0.002652883529663086
31,6,5,115.0,2.7538414001464844,2.7518069744110107,-0.002034425735473633
31,6,6,109.0,4.127994060516357,4.123029708862305,-0.004964351654052734
31,6,7,48.0,3.018592119216919,3.0135648250579834,-0.005027294158935547
31,6,8,69.0,3.3226022720336914,3.3161001205444336,-0.0065021514892578125
31,6,9,85.0,3.0205674171447754,3.0268194675445557,0.0062520503997802734
31,6,10,238.0,2.6267495155334473,2.6253573894500732,-0.0013921260833740234
31,6,11,233.0,2.4413414001464844,2.4436192512512207,0.002277851104736328
31,6,12,208.0,2.959929943084717,2.959603786468506,-0.0003261566162109375
31,6,13,196.0,2.753826141357422,2.7538022994995117,-2.384185791015625e-05
31,6,14,131.0,2.9712021350860596,2.9708573818206787,-0.0003447532653808594
31,6,15,125.0,2.7515416145324707,2.749912977218628,-0.0016286373138427734
31,6,16,61.0,4.166540145874023,4.160582065582275,-0.005958080291748047
31,6,17,164.0,1.9632303714752197,1.9641093015670776,0.0008789300918579102
31,6,18,107.0,3.135986328125,3.1319217681884766,-0.0040645599365234375
31,6,19,48.0,3.4995276927948,3.5038363933563232,0.0043087005615234375
31,6,20,74.0,1.9705148935317993,1.9814659357070923,0.010951042175292969
31,6,21,103.0,2.235994577407837,2.2265162467956543,-0.009478330612182617
31,6,22,114.0,3.2786149978637695,3.275083303451538,-0.0035316944122314453
31,6,23,50.0,5.015505313873291,5.010452747344971,-0.0050525665283203125
31,6,24,281.0,2.3039751052856445,2.3049628734588623,0.0009877681732177734
31,6,25,247.0,1.9686022996902466,1.9677544832229614,-0.0008478164672851562
31,6,26,173.0,3.4113833904266357,3.4086532592773438,-0.002730131149291992
31,6,27,166.0,3.050419330596924,3.054344654083252,0.003925323486328125
31,6,28,98.0,2.611907482147217,2.6185712814331055,0.006663799285888672
31,6,29,174.0,3.051379919052124,3.0521178245544434,0.0007379055023193359
31,6,30,173.0,2.750077724456787,2.75105619430542,0.0009784698486328125
31,6,31,215.0,3.4014222621917725,3.401808023452759,0.0003857612609863281
31,6,32,186.0,2.6455953121185303,2.6440532207489014,-0.0015420913696289062
31,6,33,153.0,2.4407522678375244,2.434709072113037,-0.006043195724487305
31,6,34,147.0,2.7246551513671875,2.726083755493164,0.0014286041259765625
31,6,35,50.0,4.024989604949951,4.019070148468018,-0.005919456481933594
31,6,36,86.0,2.0081088542938232,2.008110523223877,1.6689300537109375e-06
31,6,37,154.0,3.517357349395752,3.518876791000366,0.0015194416046142578
31,6,38,265.0,2.388361930847168,2.3898580074310303,0.0014960765838623047
31,6,39,199.0,3.1552681922912598,3.1531052589416504,-0.002162933349609375
31,6,40,138.0,2.536069631576538,2.5346150398254395,-0.0014545917510986328
31,6,41,98.0,3.269590377807617,3.2733471393585205,0.0037567615509033203
31,6,42,167.0,2.519949436187744,2.5193350315093994,-0.0006144046783447266
31,6,43,288.0,3.7899160385131836,3.7908544540405273,0.00093841552734375
31,6,44,225.0,2.509033441543579,2.511335611343384,0.0023021697998046875
31,6,45,191.0,3.1287972927093506,3.1299023628234863,0.0011050701141357422
31,6,46,92.0,4.466386795043945,4.464756965637207,-0.0016298294067382812
31,6,47,41.0,4.971887588500977,4.97700309753418,0.005115509033203125
31,6,48,231.0,2.9811513423919678,2.9823501110076904,0.0011987686157226562
31,6,49,101.0,2.116225004196167,2.1187663078308105,0.0025413036346435547
31,6,50,177.0,2.9830946922302246,2.986769437789917,0.003674745559692383
31,6,51,252.0,3.516876697540283,3.5173583030700684,0.00048160552978515625
31,6,52,259.0,2.737027645111084,2.7367870807647705,-0.00024056434631347656
31,6,53,47.0,1.9067243337631226,1.906748652458191,2.4318695068359375e-05
31,6,54,164.0,2.2345211505889893,2.2345640659332275,4.291534423828125e-05
31,6,55,94.0,3.3757195472717285,3.371020793914795,-0.004698753356933594
31,6,56,103.0,3.3878378868103027,3.386042833328247,-0.001795053482055664
31,6,57,78.0,3.3106584548950195,3.3072428703308105,-0.0034155845642089844
31,6,58,239.0,3.107602596282959,3.107325315475464,-0.0002772808074951172
31,6,59,271.0,4.418605804443359,4.4192280769348145,0.0006222724914550781
31,6,60,162.0,2.9131579399108887,2.912126302719116,-0.001031637191772461
31,6,61,179.0,3.214285135269165,3.20947003364563,-0.004815101623535156
31,6,62,218.0,2.5891129970550537,2.5863897800445557,-0.002723217010498047
31,6,63,81.0,3.4107165336608887,3.409332752227783,-0.0013837814331054688
31,6,64,93.0,3.5013821125030518,3.497016429901123,-0.004365682601928711
31,6,65,72.0,3.358228921890259,3.3596246242523193,0.0013957023620605469
31,6,66,230.0,3.3264732360839844,3.32593035697937,-0.0005428791046142578
31,6,67,99.0,2.410640239715576,2.4144387245178223,0.0037984848022460938
31,6,68,213.0,2.6581079959869385,2.659283399581909,0.0011754035949707031
31,6,69,119.0,2.5800669193267822,2.5825390815734863,0.0024721622467041016
31,6,70,161.0,2.929652214050293,2.931896686553955,0.0022444725036621094
31,6,71,90.0,3.9417757987976074,3.9457709789276123,0.003995180130004883
31,6,72,181.0,2.8265914916992188,2.8278844356536865,0.0012929439544677734
31,6,73,95.0,3.8289499282836914,3.82893443107605,-1.5497207641601562e-05
31,6,74,245.0,2.2537572383880615,2.253750801086426,-6.4373016357421875e-06
31,6,75,93.0,1.7269396781921387,1.7250406742095947,-0.0018990039825439453
31,6,76,225.0,2.4448561668395996,2.4408626556396484,-0.003993511199951172
31,6,77,61.0,3.08821439743042,3.0922372341156006,0.004022836685180664
31,6,78,257.0,3.5650999546051025,3.567147731781006,0.0020477771759033203
31,6,79,165.0,2.7435922622680664,2.7419400215148926,-0.0016522407531738281
31,6,80,117.0,4.079967498779297,4.079993724822998,2.6226043701171875e-05
31,6,81,89.0,3.1170668601989746,3.1115927696228027,-0.005474090576171875
31,6,82,291.0,3.542208671569824,3.5431928634643555,0.00098419189453125
31,6,83,93.0,3.1824769973754883,3.1848394870758057,0.002362489700317383
31,6,84,228.0,1.8533809185028076,1.8501259088516235,-0.003255009651184082
31,6,85,131.0,2.4851677417755127,2.4842007160186768,-0.0009670257568359375
31,6,86,191.0,3.915872573852539,3.913498878479004,-0.0023736953735351562
31,6,87,238.0,4.8885579109191895,4.8851470947265625,-0.003410816192626953
31,6,88,210.0,2.9943952560424805,2.996920585632324,0.00252532958984375
31,6,89,107.0,4.1228203773498535,4.120820045471191,-0.0020003318786621094
31,6,90,217.0,2.7718281745910645,2.7764575481414795,0.004629373550415039
31,6,91,199.0,3.112976312637329,3.113285779953003,0.0003094673156738281
31,6,92,84.0,2.381793260574341,2.3846211433410645,0.002827882766723633
31,6,93,271.0,3.5375630855560303,3.5379984378814697,0.0004353523254394531
31,6,94,226.0,3.105239152908325,3.1024298667907715,-0.002809286117553711
31,6,95,258.0,3.5427961349487305,3.546557903289795,0.003761768341064453
31,6,96,86.0,3.23514723777771,3.237701177597046,0.0025539398193359375
31,6,97,142.0,4.2480573654174805,4.247311115264893,-0.0007462501525878906
31,6,98,42.0,1.9809751510620117,1.9748036861419678,-0.006171464920043945
31,6,99,224.0,2.4784393310546875,2.476595163345337,-0.001844167709350586
31,6,100,197.0,1.853989601135254,1.8533272743225098,-0.0006623268127441406
31,6,101,85.0,2.4941816329956055,2.4948458671569824,0.0006642341613769531
31,6,102,195.0,3.122326612472534,3.123295307159424,0.0009686946868896484
31,6,103,102.0,3.1147775650024414,3.112680435180664,-0.0020971298217773438
31,6,104,181.0,3.189467191696167,3.193751811981201,0.00428462028503418
31,6,105,72.0,1.8649518489837646,1.8600256443023682,-0.004926204681396484
31,6,106,130.0,4.294760227203369,4.296637535095215,0.0018773078918457031
31,6,107,62.0,2.4163553714752197,2.4154598712921143,-0.0008955001831054688
31,6,108,263.0,3.546691656112671,3.5449376106262207,-0.0017540454864501953
31,6,109,194.0,2.697882890701294,2.6987321376800537,0.0008492469787597656
31,6,110,174.0,2.602036237716675,2.5965301990509033,-0.005506038665771484
31,6,111,235.0,3.703277826309204,3.705345630645752,0.0020678043365478516
31,6,112,143.0,3.633587121963501,3.6338717937469482,0.0002846717834472656
31,6,113,117.0,4.060715675354004,4.065591335296631,0.004875659942626953
31,6,114,160.0,3.7659225463867188,3.763352870941162,-0.0025696754455566406
31,6,115,115.0,3.034438133239746,3.0364174842834473,0.001979351043701172
31,6,116,120.0,3.3571696281433105,3.3594584465026855,0.002288818359375
31,6,117,186.0,3.4980924129486084,3.500850200653076,0.0027577877044677734
31,6,118,138.0,3.0037918090820312,3.0062577724456787,0.002465963363647461
31,6,119,80.0,2.1522231101989746,2.15977144241333,0.007548332214355469
31,6,120,164.0,2.666628122329712,2.6641974449157715,-0.0024306774139404297
31,6,121,215.0,3.3896234035491943,3.3882803916931152,-0.0013430118560791016
31,6,122,81.0,3.035551071166992,3.0399744510650635,0.004423379898071289
31,6,123,171.0,2.9384942054748535,2.937211036682129,-0.0012831687927246094
31,6,124,41.0,5.417657375335693,5.411342144012451,-0.0063152313232421875
31,6,125,103.0,3.7517361640930176,3.753349781036377,0.001613616943359375
31,6,126,145.0,2.8366682529449463,2.8318521976470947,-0.0048160552978515625
31,6,127,102.0,2.7819013595581055,2.7811028957366943,-0.0007984638214111328
31,7,0,196.0,3.129199504852295,3.12553071975708,-0.0036687850952148438
31,7,1,127.0,2.998192548751831,3.003828763961792,0.0056362152099609375
31,7,2,162.0,2.099813938140869,2.1033103466033936,0.003496408462524414
31,7,3,92.0,3.952493190765381,3.947922706604004,-0.004570484161376953
31,7,4,194.0,2.782571315765381,2.782771587371826,0.0002002716064453125
31,7,5,115.0,2.7538414001464844,2.7526357173919678,-0.0012056827545166016
31,7,6,109.0,4.127994060516357,4.121826648712158,-0.006167411804199219
31,7,7,48.0,3.018592119216919,3.0104825496673584,-0.008109569549560547
31,7,8,69.0,3.3226022720336914,3.3159594535827637,-0.006642818450927734
31,7,9,85.0,3.0205674171447754,3.0233027935028076,0.0027353763580322266
31,7,10,238.0,2.6267495155334473,2.6279664039611816,0.001216888427734375
31,7,11,233.0,2.4413414001464844,2.441716194152832,0.00037479400634765625
31,7,12,208.0,2.959929943084717,2.960078001022339,0.0001480579376220703
31,7,13,196.0,2.753826141357422,2.7521281242370605,-0.0016980171203613281
31,7,14,131.0,2.9712021350860596,2.969639539718628,-0.0015625953674316406
31,7,15,125.0,2.7515416145324707,2.7493696212768555,-0.0021719932556152344
31,7,16,61.0,4.166540145874023,4.164106369018555,-0.00243377685546875
31,7,17,164.0,1.9632303714752197,1.9629836082458496,-0.0002467632293701172
31,7,18,107.0,3.135986328125,3.1320295333862305,-0.003956794738769531
31,7,19,48.0,3.4995276927948,3.499765396118164,0.0002377033233642578
31,7,20,74.0,1.9705148935317993,1.9733049869537354,0.002790093421936035
31,7,21,103.0,2.235994577407837,2.2336411476135254,-0.0023534297943115234
31,7,22,114.0,3.2786149978637695,3.2779245376586914,-0.000690460205078125
31,7,23,50.0,5.015505313873291,5.004880428314209,-0.010624885559082031
31,7,24,281.0,2.3039751052856445,2.3069546222686768,0.0029795169830322266
31,7,25,247.0,1.9686022996902466,1.9678713083267212,-0.0007309913635253906
31,7,26,173.0,3.4113833904266357,3.407496452331543,-0.0038869380950927734
31,7,27,166.0,3.050419330596924,3.0538761615753174,0.0034568309783935547
31,7,28,98.0,2.611907482147217,2.610769271850586,-0.0011382102966308594
31,7,29,174.0,3.051379919052124,3.0542945861816406,0.0029146671295166016
31,7,30,173.0,2.750077724456787,2.7541370391845703,0.004059314727783203
31,7,31,215.0,3.4014222621917725,3.4003119468688965,-0.0011103153228759766
31,7,32,186.0,2.6455953121185303,2.645688533782959,9.322166442871094e-05
31,7,33,153.0,2.4407522678375244,2.4334967136383057,-0.00725555419921875
31,7,34,147.0,2.7246551513671875,2.7300963401794434,0.005441188812255859
31,7,35,50.0,4.024989604949951,4.020644187927246,-0.004345417022705078
31,7,36,86.0,2.0081088542938232,2.0075323581695557,-0.0005764961242675781
31,7,37,154.0,3.517357349395752,3.515313148498535,-0.002044200897216797
31,7,38,265.0,2.388361930847168,2.389314651489258,0.0009527206420898438
31,7,39,199.0,3.1552681922912598,3.155947208404541,0.00067901611328125
31,7,40,138.0,2.536069631576538,2.534471035003662,-0.0015985965728759766
31,7,41,98.0,3.269590377807617,3.269120931625366,-0.00046944618225097656
31,7,42,167.0,2.519949436187744,2.5225484371185303,0.002599000930786133
31,7,43,288.0,3.7899160385131836,3.793806314468384,0.0038902759552001953
31,7,44,225.0,2.509033441543579,2.504931926727295,-0.00410151481628418
31,7,45,191.0,3.1287972927093506,3.130638837814331,0.0018415451049804688
31,7,46,92.0,4.466386795043945,4.460143566131592,-0.006243228912353516
31,7,47,41.0,4.971887588500977,4.9778008460998535,0.005913257598876953
31,7,48,231.0,2.9811513423919678,2.9828782081604004,0.0017268657684326172
31,7,49,101.0,2.116225004196167,2.1179134845733643,0.0016884803771972656
31,7,50,177.0,2.9830946922302246,2.9827542304992676,-0.00034046173095703125
31,7,51,252.0,3.516876697540283,3.517566442489624,0.0006897449493408203
31,7,52,259.0,2.737027645111084,2.7362096309661865,-0.0008180141448974609
31,7,53,47.0,1.9067243337631226,1.8961710929870605,-0.010553240776062012
31,7,54,164.0,2.2345211505889893,2.2354793548583984,0.0009582042694091797
31,7,55,94.0,3.3757195472717285,3.370131254196167,-0.0055882930755615234
31,7,56,103.0,3.3878378868103027,3.3843486309051514,-0.003489255905151367
31,7,57,78.0,3.3106584548950195,3.3229033946990967,0.012244939804077148
31,7,58,239.0,3.107602596282959,3.109113931655884,0.0015113353729248047
31,7,59,271.0,4.418605804443359,4.420344829559326,0.0017390251159667969
31,7,60,162.0,2.9131579399108887,2.9087538719177246,-0.0044040679931640625
31,7,61,179.0,3.214285135269165,3.21232008934021,-0.001965045928955078
31,7,62,218.0,2.5891129970550537,2.5869879722595215,-0.0021250247955322266
31,7,63,81.0,3.4107165336608887,3.407031774520874,-0.0036847591400146484
31,7,64,93.0,3.5013821125030518,3.50382924079895,0.0024471282958984375
31,7,65,72.0,3.358228921890259,3.3619401454925537,0.003711223602294922
31,7,66,230.0,3.3264732360839844,3.329615354537964,0.003142118453979492
31,7,67,99.0,2.410640239715576,2.417287826538086,0.006647586822509766
31,7,68,213.0,2.6581079959869385,2.6554226875305176,-0.0026853084564208984
31,7,69,119.0,2.5800669193267822,2.5794551372528076,-0.0006117820739746094
31,7,70,161.0,2.929652214050293,2.9311013221740723,0.0014491081237792969
31,7,71,90.0,3.9417757987976074,3.9427263736724854,0.0009505748748779297
31,7,72,181.0,2.8265914916992188,2.8239901065826416,-0.0026013851165771484
31,7,73,95.0,3.8289499282836914,3.83003568649292,0.0010857582092285156
31,7,74,245.0,2.2537572383880615,2.253145933151245,-0.0006113052368164062
31,7,75,93.0,1.7269396781921387,1.72330904006958,-0.0036306381225585938
31,7,76,225.0,2.4448561668395996,2.440377712249756,-0.00447845458984375
31,7,77,61.0,3.08821439743042,3.096034526824951,0.00782012939453125
31,7,78,257.0,3.5650999546051025,3.564549446105957,-0.0005505084991455078
31,7,79,165.0,2.7435922622680664,2.74629545211792,0.0027031898498535156
31,7,80,117.0,4.079967498779297,4.076249122619629,-0.0037183761596679688
31,7,81,89.0,3.1170668601989746,3.115274429321289,-0.0017924308776855469
31,7,82,291.0,3.542208671569824,3.5459342002868652,0.0037255287170410156
31,7,83,93.0,3.1824769973754883,3.1829543113708496,0.0004773139953613281
31,7,84,228.0,1.8533809185028076,1.8527146577835083,-0.0006662607192993164
31,7,85,131.0,2.4851677417755127,2.485893487930298,0.0007257461547851562
31,7,86,191.0,3.915872573852539,3.9116952419281006,-0.0041773319244384766
31,7,87,238.0,4.8885579109191895,4.888806343078613,0.0002484321594238281
31,7,88,210.0,2.9943952560424805,2.9972410202026367,0.00284576416015625
31,7,89,107.0,4.1228203773498535,4.121986389160156,-0.0008339881896972656
31,7,90,217.0,2.7718281745910645,2.773948907852173,0.0021207332611083984
31,7,91,199.0,3.112976312637329,3.112978219985962,1.9073486328125e-06
31,7,92,84.0,2.381793260574341,2.3826680183410645,0.0008747577667236328
31,7,93,271.0,3.5375630855560303,3.5366504192352295,-0.0009126663208007812
31,7,94,226.0,3.105239152908325,3.100484609603882,-0.004754543304443359
31,7,95,258.0,3.5427961349487305,3.544783592224121,0.001987457275390625
31,7,96,86.0,3.23514723777771,3.2344489097595215,-0.0006983280181884766
31,7,97,142.0,4.2480573654174805,4.243788242340088,-0.004269123077392578
31,7,98,42.0,1.9809751510620117,1.9728963375091553,-0.008078813552856445
31,7,99,224.0,2.4784393310546875,2.479423999786377,0.0009846687316894531
31,7,100,197.0,1.853989601135254,1.8563331365585327,0.0023435354232788086
31,7,101,85.0,2.4941816329956055,2.491084098815918,-0.0030975341796875
31,7,102,195.0,3.122326612472534,3.127359390258789,0.005032777786254883
31,7,103,102.0,3.1147775650024414,3.1150035858154297,0.00022602081298828125
31,7,104,181.0,3.189467191696167,3.1911652088165283,0.0016980171203613281
31,7,105,72.0,1.8649518489837646,1.861156702041626,-0.003795146942138672
31,7,106,130.0,4.294760227203369,4.292422294616699,-0.002337932586669922
31,7,107,62.0,2.4163553714752197,2.4217941761016846,0.005438804626464844
31,7,108,263.0,3.546691656112671,3.54709792137146,0.0004062652587890625
31,7,109,194.0,2.697882890701294,2.69980525970459,0.0019223690032958984
31,7,110,174.0,2.602036237716675,2.603398084640503,0.001361846923828125
31,7,111,235.0,3.703277826309204,3.7029263973236084,-0.0003514289855957031
31,7,112,143.0,3.633587121963501,3.6306169033050537,-0.0029702186584472656
31,7,113,117.0,4.060715675354004,4.068952560424805,0.008236885070800781
31,7,114,160.0,3.7659225463867188,3.766916275024414,0.0009937286376953125
31,7,115,115.0,3.034438133239746,3.0309669971466064,-0.0034711360931396484
31,7,116,120.0,3.3571696281433105,3.358008623123169,0.0008389949798583984
31,7,117,186.0,3.4980924129486084,3.501124858856201,0.0030324459075927734
31,7,118,138.0,3.0037918090820312,3.0083603858947754,0.004568576812744141
31,7,119,80.0,2.1522231101989746,2.1548125743865967,0.0025894641876220703
31,7,120,164.0,2.666628122329712,2.664938449859619,-0.0016896724700927734
31,7,121,215.0,3.3896234035491943,3.3870298862457275,-0.002593517303466797
31,7,122,81.0,3.035551071166992,3.0390725135803223,0.003521442413330078
31,7,123,171.0,2.9384942054748535,2.9352917671203613,-0.0032024383544921875
31,7,124,41.0,5.417657375335693,5.427589416503906,0.00993204116821289
31,7,125,103.0,3.7517361640930176,3.754147529602051,0.002411365509033203
31,7,126,145.0,2.8366682529449463,2.8316965103149414,-0.004971742630004883
31,7,127,102.0,2.7819013595581055,2.7788283824920654,-0.003072977066040039
31,8,0,196.0,3.129199504852295,3.1256449222564697,-0.0035545825958251953
31,8,1,127.0,2.998192548751831,2.9962246417999268,-0.001967906951904297
31,8,2,162.0,2.099813938140869,2.1031057834625244,0.0032918453216552734
31,8,3,92.0,3.952493190765381,3.9407405853271484,-0.011752605438232422
31,8,4,194.0,2.782571315765381,2.782803773880005,0.00023245811462402344
31,8,5,115.0,2.7538414001464844,2.75394868850708,0.00010728836059570312
31,8,6,109.0,4.127994060516357,4.121966361999512,-0.006027698516845703
31,8,7,48.0,3.018592119216919,3.013292074203491,-0.005300045013427734
31,8,8,69.0,3.3226022720336914,3.316617012023926,-0.005985260009765625
31,8,9,85.0,3.0205674171447754,3.0219433307647705,0.0013759136199951172
31,8,10,238.0,2.6267495155334473,2.630516767501831,0.003767251968383789
31,8,11,233.0,2.4413414001464844,2.4430177211761475,0.001676321029663086
31,8,12,208.0,2.959929943084717,2.9622244834899902,0.0022945404052734375
31,8,13,196.0,2.753826141357422,2.7516872882843018,-0.002138853073120117
31,8,14,131.0,2.9712021350860596,2.9686660766601562,-0.0025360584259033203
31,8,15,125.0,2.7515416145324707,2.7488789558410645,-0.00266265869140625
31,8,16,61.0,4.166540145874023,4.165132522583008,-0.001407623291015625
31,8,17,164.0,1.9632303714752197,1.9624691009521484,-0.0007612705230712891
31,8,18,107.0,3.135986328125,3.13919997215271,0.003213644027709961
31,8,19,48.0,3.4995276927948,3.5123231410980225,0.012795448303222656
31,8,20,74.0,1.9705148935317993,1.977596640586853,0.007081747055053711
31,8,21,103.0,2.235994577407837,2.229475736618042,-0.006518840789794922
31,8,22,114.0,3.2786149978637695,3.27789568901062,-0.0007193088531494141
31,8,23,50.0,5.015505313873291,5.011220455169678,-0.004284858703613281
31,8,24,281.0,2.3039751052856445,2.3088631629943848,0.004888057708740234
31,8,25,247.0,1.9686022996902466,1.9639389514923096,-0.004663348197937012
31,8,26,173.0,3.4113833904266357,3.413565158843994,0.0021817684173583984
31,8,27,166.0,3.050419330596924,3.052595853805542,0.002176523208618164
31,8,28,98.0,2.611907482147217,2.612025737762451,0.000118255615234375
31,8,29,174.0,3.051379919052124,3.0523219108581543,0.0009419918060302734
31,8,30,173.0,2.750077724456787,2.7509052753448486,0.0008275508880615234
31,8,31,215.0,3.4014222621917725,3.399108648300171,-0.0023136138916015625
31,8,32,186.0,2.6455953121185303,2.6482462882995605,0.0026509761810302734
31,8,33,153.0,2.4407522678375244,2.4358527660369873,-0.004899501800537109
31,8,34,147.0,2.7246551513671875,2.7300634384155273,0.005408287048339844
31,8,35,50.0,4.024989604949951,4.023449897766113,-0.0015397071838378906
31,8,36,86.0,2.0081088542938232,2.0022923946380615,-0.005816459655761719
31,8,37,154.0,3.517357349395752,3.516176700592041,-0.0011806488037109375
31,8,38,265.0,2.388361930847168,2.389893054962158,0.0015311241149902344
31,8,39,199.0,3.1552681922912598,3.155259132385254,-9.059906005859375e-06
31,8,40,138.0,2.536069631576538,2.5351924896240234,-0.0008771419525146484
31,8,41,98.0,3.269590377807617,3.2730906009674072,0.003500223159790039
31,8,42,167.0,2.519949436187744,2.517983913421631,-0.0019655227661132812
31,8,43,288.0,3.7899160385131836,3.791301727294922,0.0013856887817382812
31,8,44,225.0,2.509033441543579,2.5078067779541016,-0.001226663589477539
31,8,45,191.0,3.1287972927093506,3.129981756210327,0.0011844635009765625
31,8,46,92.0,4.466386795043945,4.463263988494873,-0.0031228065490722656
31,8,47,41.0,4.971887588500977,4.974546909332275,0.002659320831298828
31,8,48,231.0,2.9811513423919678,2.9862139225006104,0.005062580108642578
31,8,49,101.0,2.116225004196167,2.114072799682617,-0.0021522045135498047
31,8,50,177.0,2.9830946922302246,2.984528064727783,0.0014333724975585938
31,8,51,252.0,3.516876697540283,3.5191123485565186,0.0022356510162353516
31,8,52,259.0,2.737027645111084,2.732435464859009,-0.004592180252075195
31,8,53,47.0,1.9067243337631226,1.9184945821762085,0.011770248413085938
31,8,54,164.0,2.2345211505889893,2.2332510948181152,-0.0012700557708740234
31,8,55,94.0,3.3757195472717285,3.3689215183258057,-0.0067980289459228516
31,8,56,103.0,3.3878378868103027,3.3878605365753174,2.2649765014648438e-05
31,8,57,78.0,3.3106584548950195,3.304838180541992,-0.005820274353027344
31,8,58,239.0,3.107602596282959,3.104341506958008,-0.003261089324951172
31,8,59,271.0,4.418605804443359,4.41813850402832,-0.0004673004150390625
31,8,60,162.0,2.9131579399108887,2.909661293029785,-0.0034966468811035156
31,8,61,179.0,3.214285135269165,3.2143261432647705,4.100799560546875e-05
31,8,62,218.0,2.5891129970550537,2.583756923675537,-0.0053560733795166016
31,8,63,81.0,3.4107165336608887,3.40869140625,-0.002025127410888672
31,8,64,93.0,3.5013821125030518,3.5001840591430664,-0.0011980533599853516
31,8,65,72.0,3.358228921890259,3.357222318649292,-0.0010066032409667969
31,8,66,230.0,3.3264732360839844,3.32939076423645,0.0029175281524658203
31,8,67,99.0,2.410640239715576,2.398841619491577,-0.011798620223999023
31,8,68,213.0,2.6581079959869385,2.659668207168579,0.001560211181640625
31,8,69,119.0,2.5800669193267822,2.585920572280884,0.0058536529541015625
31,8,70,161.0,2.929652214050293,2.929603338241577,-4.887580871582031e-05
31,8,71,90.0,3.9417757987976074,3.9421277046203613,0.00035190582275390625
31,8,72,181.0,2.8265914916992188,2.826831579208374,0.00024008750915527344
31,8,73,95.0,3.8289499282836914,3.826754331588745,-0.002195596694946289
31,8,74,245.0,2.2537572383880615,2.2546732425689697,0.0009160041809082031
31,8,75,93.0,1.7269396781921387,1.7244236469268799,-0.002516031265258789
31,8,76,225.0,2.4448561668395996,2.444007635116577,-0.0008485317230224609
31,8,77,61.0,3.08821439743042,3.093809127807617,0.005594730377197266
31,8,78,257.0,3.5650999546051025,3.56479549407959,-0.0003044605255126953
31,8,79,165.0,2.7435922622680664,2.7448081970214844,0.0012159347534179688
31,8,80,117.0,4.079967498779297,4.07620906829834,-0.0037584304809570312
31,8,81,89.0,3.1170668601989746,3.1143126487731934,-0.00275421142578125
31,8,82,291.0,3.542208671569824,3.544881582260132,0.002672910690307617
31,8,83,93.0,3.1824769973754883,3.1857805252075195,0.00330352783203125
31,8,84,228.0,1.8533809185028076,1.8540304899215698,0.000649571418762207
31,8,85,131.0,2.4851677417755127,2.4880621433258057,0.0028944015502929688
31,8,86,191.0,3.915872573852539,3.911386489868164,-0.004486083984375
31,8,87,238.0,4.8885579109191895,4.892422199249268,0.003864288330078125
31,8,88,210.0,2.9943952560424805,2.9937691688537598,-0.0006260871887207031
31,8,89,107.0,4.1228203773498535,4.119939804077148,-0.002880573272705078
31,8,90,217.0,2.7718281745910645,2.776611089706421,0.004782915115356445
31,8,91,199.0,3.112976312637329,3.1164956092834473,0.003519296646118164
31,8,92,84.0,2.381793260574341,2.385868787765503,0.004075527191162109
31,8,93,271.0,3.5375630855560303,3.5375783443450928,1.52587890625e-05
31,8,94,226.0,3.105239152908325,3.09959077835083,-0.005648374557495117
31,8,95,258.0,3.5427961349487305,3.544994354248047,0.0021982192993164062
31,8,96,86.0,3.23514723777771,3.2341325283050537,-0.00101470947265625
31,8,97,142.0,4.2480573654174805,4.247724533081055,-0.00033283233642578125
31,8,98,42.0,1.9809751510620117,1.9761559963226318,-0.004819154739379883
31,8,99,224.0,2.4784393310546875,2.475738525390625,-0.0027008056640625
31,8,100,197.0,1.853989601135254,1.852502465248108,-0.001487135887145996
31,8,101,85.0,2.4941816329956055,2.4966812133789062,0.0024995803833007812
31,8,102,195.0,3.122326612472534,3.123664379119873,0.0013377666473388672
31,8,103,102.0,3.1147775650024414,3.107710599899292,-0.007066965103149414
31,8,104,181.0,3.189467191696167,3.1929337978363037,0.0034666061401367188
31,8,105,72.0,1.8649518489837646,1.8555927276611328,-0.009359121322631836
31,8,106,130.0,4.294760227203369,4.295705795288086,0.0009455680847167969
31,8,107,62.0,2.4163553714752197,2.415977716445923,-0.000377655029296875
31,8,108,263.0,3.546691656112671,3.545855760574341,-0.0008358955383300781
31,8,109,194.0,2.697882890701294,2.6982650756835938,0.0003821849822998047
31,8,110,174.0,2.602036237716675,2.603299617767334,0.0012633800506591797
31,8,111,235.0,3.703277826309204,3.6997711658477783,-0.0035066604614257812
31,8,112,143.0,3.633587121963501,3.6324350833892822,-0.00115203857421875
31,8,113,117.0,4.060715675354004,4.064311981201172,0.0035963058471679688
31,8,114,160.0,3.7659225463867188,3.7658588886260986,-6.365776062011719e-05
31,8,115,115.0,3.034438133239746,3.035785675048828,0.0013475418090820312
31,8,116,120.0,3.3571696281433105,3.36181640625,0.004646778106689453
31,8,117,186.0,3.4980924129486084,3.5001299381256104,0.002037525177001953
31,8,118,138.0,3.0037918090820312,3.0040283203125,0.00023651123046875
31,8,119,80.0,2.1522231101989746,2.1621620655059814,0.009938955307006836
31,8,120,164.0,2.666628122329712,2.668660879135132,0.002032756805419922
31,8,121,215.0,3.3896234035491943,3.3874075412750244,-0.002215862274169922
31,8,122,81.0,3.035551071166992,3.0387237071990967,0.003172636032104492
31,8,123,171.0,2.9384942054748535,2.9401235580444336,0.0016293525695800781
31,8,124,41.0,5.417657375335693,5.352696418762207,-0.06496095657348633
31,8,125,103.0,3.7517361640930176,3.7491695880889893,-0.0025665760040283203
31,8,126,145.0,2.8366682529449463,2.8362956047058105,-0.0003726482391357422
31,8,127,102.0,2.7819013595581055,2.7806713581085205,-0.001230001449584961
31,9,0,196.0,3.129199504852295,3.1307473182678223,0.0015478134155273438
31,9,1,127.0,2.998192548751831,2.9947428703308105,-0.003449678421020508
31,9,2,162.0,2.099813938140869,2.1022262573242188,0.0024123191833496094
31,9,3,92.0,3.952493190765381,3.9495885372161865,-0.002904653549194336
31,9,4,194.0,2.782571315765381,2.779874801635742,-0.002696514129638672
31,9,5,115.0,2.7538414001464844,2.747239589691162,-0.006601810455322266
31,9,6,109.0,4.127994060516357,4.11911678314209,-0.008877277374267578
31,9,7,48.0,3.018592119216919,3.0190694332122803,0.0004773139953613281
31,9,8,69.0,3.3226022720336914,3.3226494789123535,4.7206878662109375e-05
31,9,9,85.0,3.0205674171447754,3.016989231109619,-0.00357818603515625
31,9,10,238.0,2.6267495155334473,2.6292600631713867,0.002510547637939453
31,9,11,233.0,2.4413414001464844,2.4384188652038574,-0.002922534942626953
31,9,12,208.0,2.959929943084717,2.9619383811950684,0.0020084381103515625
31,9,13,196.0,2.753826141357422,2.751596212387085,-0.002229928970336914
31,9,14,131.0,2.9712021350860596,2.960263729095459,-0.010938405990600586
31,9,15,125.0,2.7515416145324707,2.7491157054901123,-0.0024259090423583984
31,9,16,61.0,4.166540145874023,4.15554666519165,-0.010993480682373047
31,9,17,164.0,1.9632303714752197,1.9631794691085815,-5.0902366638183594e-05
31,9,18,107.0,3.135986328125,3.133913516998291,-0.0020728111267089844
31,9,19,48.0,3.4995276927948,3.504070997238159,0.004543304443359375
31,9,20,74.0,1.9705148935317993,1.9667346477508545,-0.0037802457809448242
31,9,21,103.0,2.235994577407837,2.2418949604034424,0.005900382995605469
31,9,22,114.0,3.2786149978637695,3.274837017059326,-0.0037779808044433594
31,9,23,50.0,5.015505313873291,5.00904655456543,-0.006458759307861328
31,9,24,281.0,2.3039751052856445,2.298619270324707,-0.0053558349609375
31,9,25,247.0,1.9686022996902466,1.9688830375671387,0.00028073787689208984
31,9,26,173.0,3.4113833904266357,3.403262138366699,-0.008121252059936523
31,9,27,166.0,3.050419330596924,3.053657293319702,0.0032379627227783203
31,9,28,98.0,2.611907482147217,2.6113297939300537,-0.0005776882171630859
31,9,29,174.0,3.051379919052124,3.0556907653808594,0.0043108463287353516
31,9,30,173.0,2.750077724456787,2.7496390342712402,-0.000438690185546875
31,9,31,215.0,3.4014222621917725,3.3980441093444824,-0.003378152847290039
31,9,32,186.0,2.6455953121185303,2.645047187805176,-0.0005481243133544922
31,9,33,153.0,2.4407522678375244,2.431273937225342,-0.009478330612182617
31,9,34,147.0,2.7246551513671875,2.727724552154541,0.0030694007873535156
31,9,35,50.0,4.024989604949951,4.018771648406982,-0.00621795654296875
31,9,36,86.0,2.0081088542938232,1.9993863105773926,-0.008722543716430664
31,9,37,154.0,3.517357349395752,3.523736000061035,0.006378650665283203
31,9,38,265.0,2.388361930847168,2.390967607498169,0.0026056766510009766
31,9,39,199.0,3.1552681922912598,3.1598777770996094,0.004609584808349609
31,9,40,138.0,2.536069631576538,2.5343427658081055,-0.0017268657684326172
31,9,41,98.0,3.269590377807617,3.2666637897491455,-0.0029265880584716797
31,9,42,167.0,2.519949436187744,2.516204357147217,-0.0037450790405273438
31,9,43,288.0,3.7899160385131836,3.790985584259033,0.0010695457458496094
31,9,44,225.0,2.509033441543579,2.5049667358398438,-0.0040667057037353516
31,9,45,191.0,3.1287972927093506,3.1215450763702393,-0.007252216339111328
31,9,46,92.0,4.466386795043945,4.470789432525635,0.004402637481689453
31,9,47,41.0,4.971887588500977,4.9737677574157715,0.0018801689147949219
31,9,48,231.0,2.9811513423919678,2.9816219806671143,0.0004706382751464844
31,9,49,101.0,2.116225004196167,2.114150047302246,-0.0020749568939208984
31,9,50,177.0,2.9830946922302246,2.9812874794006348,-0.0018072128295898438
31,9,51,252.0,3.516876697540283,3.52107572555542,0.004199028015136719
31,9,52,259.0,2.737027645111084,2.7332358360290527,-0.00379180908203125
31,9,53,47.0,1.9067243337631226,1.890653133392334,-0.016071200370788574
31,9,54,164.0,2.2345211505889893,2.233098030090332,-0.0014231204986572266
31,9,55,94.0,3.3757195472717285,3.3660519123077393,-0.009667634963989258
31,9,56,103.0,3.3878378868103027,3.3921635150909424,0.0043256282806396484
31,9,57,78.0,3.3106584548950195,3.304168701171875,-0.006489753723144531
31,9,58,239.0,3.107602596282959,3.106182098388672,-0.0014204978942871094
31,9,59,271.0,4.418605804443359,4.414280891418457,-0.004324913024902344
31,9,60,162.0,2.9131579399108887,2.9102227687835693,-0.002935171127319336
31,9,61,179.0,3.214285135269165,3.2104501724243164,-0.003834962844848633
31,9,62,218.0,2.5891129970550537,2.5865886211395264,-0.0025243759155273438
31,9,63,81.0,3.4107165336608887,3.4006121158599854,-0.01010441780090332
31,9,64,93.0,3.5013821125030518,3.500380277633667,-0.0010018348693847656
31,9,65,72.0,3.358228921890259,3.357175588607788,-0.0010533332824707031
31,9,66,230.0,3.3264732360839844,3.3236875534057617,-0.0027856826782226562
31,9,67,99.0,2.410640239715576,2.4122328758239746,0.0015926361083984375
31,9,68,213.0,2.6581079959869385,2.65482497215271,-0.0032830238342285156
31,9,69,119.0,2.5800669193267822,2.5785696506500244,-0.0014972686767578125
31,9,70,161.0,2.929652214050293,2.9278736114501953,-0.0017786026000976562
31,9,71,90.0,3.9417757987976074,3.9398586750030518,-0.001917123794555664
31,9,72,181.0,2.8265914916992188,2.8218109607696533,-0.00478053092956543
31,9,73,95.0,3.8289499282836914,3.827524185180664,-0.0014257431030273438
31,9,74,245.0,2.2537572383880615,2.2503793239593506,-0.0033779144287109375
31,9,75,93.0,1.7269396781921387,1.7105621099472046,-0.016377568244934082
31,9,76,225.0,2.4448561668395996,2.44405198097229,-0.0008041858673095703
31,9,77,61.0,3.08821439743042,3.0963246822357178,0.008110284805297852
31,9,78,257.0,3.5650999546051025,3.5699808597564697,0.0048809051513671875
31,9,79,165.0,2.7435922622680664,2.7419934272766113,-0.0015988349914550781
31,9,80,117.0,4.079967498779297,4.069533824920654,-0.010433673858642578
31,9,81,89.0,3.1170668601989746,3.1211721897125244,0.004105329513549805
31,9,82,291.0,3.542208671569824,3.5465087890625,0.004300117492675781
31,9,83,93.0,3.1824769973754883,3.182744264602661,0.00026726722717285156
31,9,84,228.0,1.8533809185028076,1.853632926940918,0.00025200843811035156
31,9,85,131.0,2.4851677417755127,2.4859018325805664,0.0007340908050537109
31,9,86,191.0,3.915872573852539,3.909336805343628,-0.006535768508911133
31,9,87,238.0,4.8885579109191895,4.882766246795654,-0.005791664123535156
31,9,88,210.0,2.9943952560424805,2.9913992881774902,-0.0029959678649902344
31,9,89,107.0,4.1228203773498535,4.12119197845459,-0.0016283988952636719
31,9,90,217.0,2.7718281745910645,2.774568796157837,0.002740621566772461
31,9,91,199.0,3.112976312637329,3.1140317916870117,0.0010554790496826172
31,9,92,84.0,2.381793260574341,2.364527463912964,-0.017265796661376953
31,9,93,271.0,3.5375630855560303,3.5329158306121826,-0.004647254943847656
31,9,94,226.0,3.105239152908325,3.1009905338287354,-0.004248619079589844
31,9,95,258.0,3.5427961349487305,3.545837879180908,0.0030417442321777344
31,9,96,86.0,3.23514723777771,3.2302298545837402,-0.0049173831939697266
31,9,97,142.0,4.2480573654174805,4.244921684265137,-0.00313568115234375
31,9,98,42.0,1.9809751510620117,1.9765621423721313,-0.004413008689880371
31,9,99,224.0,2.4784393310546875,2.484523296356201,0.006083965301513672
31,9,100,197.0,1.853989601135254,1.8492578268051147,-0.00473177433013916
31,9,101,85.0,2.4941816329956055,2.494654655456543,0.0004730224609375
31,9,102,195.0,3.122326612472534,3.1219980716705322,-0.0003285408020019531
31,9,103,102.0,3.1147775650024414,3.1098127365112305,-0.0049648284912109375
31,9,104,181.0,3.189467191696167,3.1872751712799072,-0.0021920204162597656
31,9,105,72.0,1.8649518489837646,1.8633776903152466,-0.0015741586685180664
31,9,106,130.0,4.294760227203369,4.289544582366943,-0.005215644836425781
31,9,107,62.0,2.4163553714752197,2.421555519104004,0.00520014762878418
31,9,108,263.0,3.546691656112671,3.5431149005889893,-0.0035767555236816406
31,9,109,194.0,2.697882890701294,2.6937294006347656,-0.00415349006652832
31,9,110,174.0,2.602036237716675,2.599801540374756,-0.0022346973419189453
31,9,111,235.0,3.703277826309204,3.705793857574463,0.002516031265258789
31,9,112,143.0,3.633587121963501,3.629338264465332,-0.004248857498168945
31,9,113,117.0,4.060715675354004,4.070260047912598,0.00954437255859375
31,9,114,160.0,3.7659225463867188,3.762434482574463,-0.0034880638122558594
31,9,115,115.0,3.034438133239746,3.0338752269744873,-0.0005629062652587891
31,9,116,120.0,3.3571696281433105,3.3590476512908936,0.0018780231475830078
31,9,117,186.0,3.4980924129486084,3.497943878173828,-0.00014853477478027344
31,9,118,138.0,3.0037918090820312,3.0060067176818848,0.0022149085998535156
31,9,119,80.0,2.1522231101989746,2.1507909297943115,-0.001432180404663086
31,9,120,164.0,2.666628122329712,2.6650843620300293,-0.0015437602996826172
31,9,121,215.0,3.3896234035491943,3.3866989612579346,-0.0029244422912597656
31,9,122,81.0,3.035551071166992,3.0366134643554688,0.0010623931884765625
31,9,123,171.0,2.9384942054748535,2.940263032913208,0.0017688274383544922
31,9,124,41.0,5.417657375335693,5.405412197113037,-0.01224517822265625
31,9,125,103.0,3.7517361640930176,3.752562999725342,0.0008268356323242188
31,9,126,145.0,2.8366682529449463,2.836947441101074,0.0002791881561279297
31,9,127,102.0,2.7819013595581055,2.779768943786621,-0.002132415771484375
31,10,0,196.0,3.129199504852295,3.12217378616333,-0.007025718688964844
31,10,1,127.0,2.998192548751831,3.009324073791504,0.011131525039672852
31,10,2,162.0,2.099813938140869,2.1100053787231445,0.01019144058227539
31,10,3,92.0,3.952493190765381,3.9560818672180176,0.0035886764526367188
31,10,4,194.0,2.782571315765381,2.792654037475586,0.010082721710205078
31,10,5,115.0,2.7538414001464844,2.7559525966644287,0.002111196517944336
31,10,6,109.0,4.127994060516357,4.125070095062256,-0.0029239654541015625
31,10,7,48.0,3.018592119216919,3.006279230117798,-0.012312889099121094
31,10,8,69.0,3.3226022720336914,3.3140463829040527,-0.008555889129638672
31,10,9,85.0,3.0205674171447754,3.031036853790283,0.010469436645507812
31,10,10,238.0,2.6267495155334473,2.624966859817505,-0.0017826557159423828
31,10,11,233.0,2.4413414001464844,2.4455957412719727,0.004254341125488281
31,10,12,208.0,2.959929943084717,2.9623513221740723,0.0024213790893554688
31,10,13,196.0,2.753826141357422,2.7567250728607178,0.0028989315032958984
31,10,14,131.0,2.9712021350860596,2.9775404930114746,0.006338357925415039
31,10,15,125.0,2.7515416145324707,2.754940986633301,0.003399372100830078
31,10,16,61.0,4.166540145874023,4.161526203155518,-0.005013942718505859
31,10,17,164.0,1.9632303714752197,1.9636270999908447,0.000396728515625
31,10,18,107.0,3.135986328125,3.147383451461792,0.011397123336791992
31,10,19,48.0,3.4995276927948,3.5054588317871094,0.00593113899230957
31,10,20,74.0,1.9705148935317993,1.9713315963745117,0.0008167028427124023
31,10,21,103.0,2.235994577407837,2.197176933288574,-0.038817644119262695
31,10,22,114.0,3.2786149978637695,3.28668475151062,0.008069753646850586
31,10,23,50.0,5.015505313873291,5.010313034057617,-0.005192279815673828
31,10,24,281.0,2.3039751052856445,2.305698871612549,0.0017237663269042969
31,10,25,247.0,1.9686022996902466,1.9767454862594604,0.008143186569213867
31,10,26,173.0,3.4113833904266357,3.4184627532958984,0.007079362869262695
31,10,27,166.0,3.050419330596924,3.0628933906555176,0.01247406005859375
31,10,28,98.0,2.611907482147217,2.6174681186676025,0.005560636520385742
31,10,29,174.0,3.051379919052124,3.0524895191192627,0.0011096000671386719
31,10,30,173.0,2.750077724456787,2.747568368911743,-0.0025093555450439453
31,10,31,215.0,3.4014222621917725,3.40616774559021,0.0047454833984375
31,10,32,186.0,2.6455953121185303,2.646775007247925,0.0011796951293945312
31,10,33,153.0,2.4407522678375244,2.4341318607330322,-0.0066204071044921875
31,10,34,147.0,2.7246551513671875,2.724036455154419,-0.0006186962127685547
31,10,35,50.0,4.024989604949951,4.016373157501221,-0.008616447448730469
31,10,36,86.0,2.0081088542938232,2.024968147277832,0.01685929298400879
31,10,37,154.0,3.517357349395752,3.5270512104034424,0.00969386100769043
31,10,38,265.0,2.388361930847168,2.3883986473083496,3.6716461181640625e-05
31,10,39,199.0,3.1552681922912598,3.1607556343078613,0.0054874420166015625
31,10,40,138.0,2.536069631576538,2.5315542221069336,-0.004515409469604492
31,10,41,98.0,3.269590377807617,3.2814881801605225,0.011897802352905273
31,10,42,167.0,2.519949436187744,2.52644419670105,0.006494760513305664
31,10,43,288.0,3.7899160385131836,3.7909884452819824,0.0010724067687988281
31,10,44,225.0,2.509033441543579,2.5169517993927,0.007918357849121094
31,10,45,191.0,3.1287972927093506,3.1325109004974365,0.0037136077880859375
31,10,46,92.0,4.466386795043945,4.4753923416137695,0.009005546569824219
31,10,47,41.0,4.971887588500977,4.972816467285156,0.0009288787841796875
31,10,48,231.0,2.9811513423919678,2.987379789352417,0.006228446960449219
31,10,49,101.0,2.116225004196167,2.1203463077545166,0.004121303558349609
31,10,50,177.0,2.9830946922302246,2.985377073287964,0.002282381057739258
31,10,51,252.0,3.516876697540283,3.523761749267578,0.006885051727294922
31,10,52,259.0,2.737027645111084,2.74183988571167,0.0048122406005859375
31,10,53,47.0,1.9067243337631226,1.9206089973449707,0.013884663581848145
31,10,54,164.0,2.2345211505889893,2.226691961288452,-0.00782918930053711
31,10,55,94.0,3.3757195472717285,3.3684821128845215,-0.007237434387207031
31,10,56,103.0,3.3878378868103027,3.39152455329895,0.003686666488647461
31,10,57,78.0,3.3106584548950195,3.3159899711608887,0.005331516265869141
31,10,58,239.0,3.107602596282959,3.103649616241455,-0.003952980041503906
31,10,59,271.0,4.418605804443359,4.4206085205078125,0.002002716064453125
31,10,60,162.0,2.9131579399108887,2.914613962173462,0.0014560222625732422
31,10,61,179.0,3.214285135269165,3.2148263454437256,0.0005412101745605469
31,10,62,218.0,2.5891129970550537,2.5871262550354004,-0.0019867420196533203
31,10,63,81.0,3.4107165336608887,3.415079355239868,0.004362821578979492
31,10,64,93.0,3.5013821125030518,3.5036637783050537,0.002281665802001953
31,10,65,72.0,3.358228921890259,3.363184690475464,0.004955768585205078
31,10,66,230.0,3.3264732360839844,3.3284354209899902,0.0019621849060058594
31,10,67,99.0,2.410640239715576,2.3750483989715576,-0.035591840744018555
31,10,68,213.0,2.6581079959869385,2.6599528789520264,0.0018448829650878906
31,10,69,119.0,2.5800669193267822,2.5875258445739746,0.007458925247192383
31,10,70,161.0,2.929652214050293,2.9340262413024902,0.004374027252197266
31,10,71,90.0,3.9417757987976074,3.9468817710876465,0.0051059722900390625
31,10,72,181.0,2.8265914916992188,2.8284249305725098,0.0018334388732910156
31,10,73,95.0,3.8289499282836914,3.838810682296753,0.009860754013061523
31,10,74,245.0,2.2537572383880615,2.258199691772461,0.004442453384399414
31,10,75,93.0,1.7269396781921387,1.7390847206115723,0.012145042419433594
31,10,76,225.0,2.4448561668395996,2.444697380065918,-0.00015878677368164062
31,10,77,61.0,3.08821439743042,3.0926177501678467,0.004403352737426758
31,10,78,257.0,3.5650999546051025,3.5608022212982178,-0.004297733306884766
31,10,79,165.0,2.7435922622680664,2.7428455352783203,-0.0007467269897460938
31,10,80,117.0,4.079967498779297,4.087334156036377,0.007366657257080078
31,10,81,89.0,3.1170668601989746,3.1143665313720703,-0.002700328826904297
31,10,82,291.0,3.542208671569824,3.5509674549102783,0.008758783340454102
31,10,83,93.0,3.1824769973754883,3.186892032623291,0.004415035247802734
31,10,84,228.0,1.8533809185028076,1.850033164024353,-0.00334775447845459
31,10,85,131.0,2.4851677417755127,2.492175340652466,0.007007598876953125
31,10,86,191.0,3.915872573852539,3.9135797023773193,-0.0022928714752197266
31,10,87,238.0,4.8885579109191895,4.89049768447876,0.0019397735595703125
31,10,88,210.0,2.9943952560424805,2.994560956954956,0.00016570091247558594
31,10,89,107.0,4.1228203773498535,4.126804828643799,0.0039844512939453125
31,10,90,217.0,2.7718281745910645,2.7762248516082764,0.004396677017211914
31,10,91,199.0,3.112976312637329,3.116597890853882,0.0036215782165527344
31,10,92,84.0,2.381793260574341,2.4007625579833984,0.018969297409057617
31,10,93,271.0,3.5375630855560303,3.542635679244995,0.005072593688964844
31,10,94,226.0,3.105239152908325,3.1030116081237793,-0.0022275447845458984
31,10,95,258.0,3.5427961349487305,3.5479376316070557,0.005141496658325195
31,10,96,86.0,3.23514723777771,3.231309652328491,-0.00383758544921875
31,10,97,142.0,4.2480573654174805,4.24826717376709,0.000209808349609375
31,10,98,42.0,1.9809751510620117,1.9575871229171753,-0.023388028144836426
31,10,99,224.0,2.4784393310546875,2.475017547607422,-0.003421783447265625
31,10,100,197.0,1.853989601135254,1.853522539138794,-0.00046706199645996094
31,10,101,85.0,2.4941816329956055,2.497103214263916,0.002921581268310547
31,10,102,195.0,3.122326612472534,3.1282238960266113,0.0058972835540771484
31,10,103,102.0,3.1147775650024414,3.1175787448883057,0.002801179885864258
31,10,104,181.0,3.189467191696167,3.199775218963623,0.010308027267456055
31,10,105,72.0,1.8649518489837646,1.8536486625671387,-0.011303186416625977
31,10,106,130.0,4.294760227203369,4.295481204986572,0.000720977783203125
31,10,107,62.0,2.4163553714752197,2.4088242053985596,-0.007531166076660156
31,10,108,263.0,3.546691656112671,3.5455164909362793,-0.0011751651763916016
31,10,109,194.0,2.697882890701294,2.7002782821655273,0.0023953914642333984
31,10,110,174.0,2.602036237716675,2.603775978088379,0.0017397403717041016
31,10,111,235.0,3.703277826309204,3.7208802700042725,0.01760244369506836
31,10,112,143.0,3.633587121963501,3.633115530014038,-0.0004715919494628906
31,10,113,117.0,4.060715675354004,4.060032367706299,-0.0006833076477050781
31,10,114,160.0,3.7659225463867188,3.7658798694610596,-4.267692565917969e-05
31,10,115,115.0,3.034438133239746,3.0408217906951904,0.006383657455444336
31,10,116,120.0,3.3571696281433105,3.3592991828918457,0.0021295547485351562
31,10,117,186.0,3.4980924129486084,3.508657217025757,0.010564804077148438
31,10,118,138.0,3.0037918090820312,3.004547595977783,0.0007557868957519531
31,10,119,80.0,2.1522231101989746,2.1509292125701904,-0.0012938976287841797
31,10,120,164.0,2.666628122329712,2.668862819671631,0.0022346973419189453
31,10,121,215.0,3.3896234035491943,3.3886988162994385,-0.0009245872497558594
31,10,122,81.0,3.035551071166992,3.0431063175201416,0.007555246353149414
31,10,123,171.0,2.9384942054748535,2.9434547424316406,0.004960536956787109
31,10,124,41.0,5.417657375335693,5.4755706787109375,0.05791330337524414
31,10,125,103.0,3.7517361640930176,3.7544541358947754,0.0027179718017578125
31,10,126,145.0,2.8366682529449463,2.8460140228271484,0.009345769882202148
31,10,127,102.0,2.7819013595581055,2.7830188274383545,0.0011174678802490234
31,11,0,196.0,3.129199504852295,3.125563859939575,-0.0036356449127197266
31,11,1,127.0,2.998192548751831,2.990057945251465,-0.008134603500366211
31,11,2,162.0,2.099813938140869,2.098900318145752,-0.0009136199951171875
31,11,3,92.0,3.952493190765381,3.9441044330596924,-0.008388757705688477
31,11,4,194.0,2.782571315765381,2.7887520790100098,0.006180763244628906
31,11,5,115.0,2.7538414001464844,2.7510862350463867,-0.0027551651000976562
31,11,6,109.0,4.127994060516357,4.122922897338867,-0.005071163177490234
31,11,7,48.0,3.018592119216919,3.0089385509490967,-0.009653568267822266
31,11,8,69.0,3.3226022720336914,3.317432165145874,-0.005170106887817383
31,11,9,85.0,3.0205674171447754,3.0233521461486816,0.00278472900390625
31,11,10,238.0,2.6267495155334473,2.634737014770508,0.007987499237060547
31,11,11,233.0,2.4413414001464844,2.4421725273132324,0.0008311271667480469
31,11,12,208.0,2.959929943084717,2.951507329940796,-0.008422613143920898
31,11,13,196.0,2.753826141357422,2.7546825408935547,0.0008563995361328125
31,11,14,131.0,2.9712021350860596,2.9646871089935303,-0.006515026092529297
31,11,15,125.0,2.7515416145324707,2.7496767044067383,-0.0018649101257324219
31,11,16,61.0,4.166540145874023,4.161927223205566,-0.004612922668457031
31,11,17,164.0,1.9632303714752197,1.9673582315444946,0.004127860069274902
31,11,18,107.0,3.135986328125,3.133800745010376,-0.0021855831146240234
31,11,19,48.0,3.4995276927948,3.4932310581207275,-0.006296634674072266
31,11,20,74.0,1.9705148935317993,1.9800264835357666,0.009511590003967285
31,11,21,103.0,2.235994577407837,2.253676414489746,0.01768183708190918
31,11,22,114.0,3.2786149978637695,3.278615951538086,9.5367431640625e-07
31,11,23,50.0,5.015505313873291,5.0125732421875,-0.0029320716857910156
31,11,24,281.0,2.3039751052856445,2.3114192485809326,0.007444143295288086
31,11,25,247.0,1.9686022996902466,1.9726238250732422,0.0040215253829956055
31,11,26,173.0,3.4113833904266357,3.4076685905456543,-0.0037147998809814453
31,11,27,166.0,3.050419330596924,3.0445446968078613,-0.0058746337890625
31,11,28,98.0,2.611907482147217,2.6150875091552734,0.0031800270080566406
31,11,29,174.0,3.051379919052124,3.0531890392303467,0.0018091201782226562
31,11,30,173.0,2.750077724456787,2.75020432472229,0.0001266002655029297
31,11,31,215.0,3.4014222621917725,3.4025561809539795,0.0011339187622070312
31,11,32,186.0,2.6455953121185303,2.645371675491333,-0.00022363662719726562
31,11,33,153.0,2.4407522678375244,2.432828426361084,-0.00792384147644043
31,11,34,147.0,2.7246551513671875,2.7349207401275635,0.010265588760375977
31,11,35,50.0,4.024989604949951,4.026646614074707,0.0016570091247558594
31,11,36,86.0,2.0081088542938232,2.0027456283569336,-0.0053632259368896484
31,11,37,154.0,3.517357349395752,3.5200459957122803,0.0026886463165283203
31,11,38,265.0,2.388361930847168,2.393855094909668,0.0054931640625
31,11,39,199.0,3.1552681922912598,3.1592705249786377,0.00400233268737793
31,11,40,138.0,2.536069631576538,2.5379929542541504,0.0019233226776123047
31,11,41,98.0,3.269590377807617,3.2790894508361816,0.009499073028564453
31,11,42,167.0,2.519949436187744,2.5130984783172607,-0.0068509578704833984
31,11,43,288.0,3.7899160385131836,3.7918522357940674,0.001936197280883789
31,11,44,225.0,2.509033441543579,2.5073769092559814,-0.0016565322875976562
31,11,45,191.0,3.1287972927093506,3.1337456703186035,0.00494837760925293
31,11,46,92.0,4.466386795043945,4.464649200439453,-0.0017375946044921875
31,11,47,41.0,4.971887588500977,4.975461006164551,0.0035734176635742188
31,11,48,231.0,2.9811513423919678,2.981118679046631,-3.266334533691406e-05
31,11,49,101.0,2.116225004196167,2.1085360050201416,-0.007688999176025391
31,11,50,177.0,2.9830946922302246,2.981595039367676,-0.0014996528625488281
31,11,51,252.0,3.516876697540283,3.5162131786346436,-0.0006635189056396484
31,11,52,259.0,2.737027645111084,2.734941005706787,-0.002086639404296875
31,11,53,47.0,1.9067243337631226,1.8974497318267822,-0.009274601936340332
31,11,54,164.0,2.2345211505889893,2.236076831817627,0.0015556812286376953
31,11,55,94.0,3.3757195472717285,3.3731257915496826,-0.0025937557220458984
31,11,56,103.0,3.3878378868103027,3.385732889175415,-0.0021049976348876953
31,11,57,78.0,3.3106584548950195,3.2994611263275146,-0.011197328567504883
31,11,58,239.0,3.107602596282959,3.104945182800293,-0.0026574134826660156
31,11,59,271.0,4.418605804443359,4.419790267944336,0.0011844635009765625
31,11,60,162.0,2.9131579399108887,2.9095776081085205,-0.003580331802368164
31,11,61,179.0,3.214285135269165,3.210258960723877,-0.004026174545288086
31,11,62,218.0,2.5891129970550537,2.5864946842193604,-0.0026183128356933594
31,11,63,81.0,3.4107165336608887,3.407874584197998,-0.002841949462890625
31,11,64,93.0,3.5013821125030518,3.501619815826416,0.0002377033233642578
31,11,65,72.0,3.358228921890259,3.3520150184631348,-0.0062139034271240234
31,11,66,230.0,3.3264732360839844,3.3221020698547363,-0.004371166229248047
31,11,67,99.0,2.410640239715576,2.400876998901367,-0.009763240814208984
31,11,68,213.0,2.6581079959869385,2.658970594406128,0.0008625984191894531
31,11,69,119.0,2.5800669193267822,2.5768001079559326,-0.0032668113708496094
31,11,70,161.0,2.929652214050293,2.9317471981048584,0.0020949840545654297
31,11,71,90.0,3.9417757987976074,3.940016746520996,-0.0017590522766113281
31,11,72,181.0,2.8265914916992188,2.831834316253662,0.005242824554443359
31,11,73,95.0,3.8289499282836914,3.835885524749756,0.006935596466064453
31,11,74,245.0,2.2537572383880615,2.255488395690918,0.0017311573028564453
31,11,75,93.0,1.7269396781921387,1.7221125364303589,-0.004827141761779785
31,11,76,225.0,2.4448561668395996,2.447753429412842,0.0028972625732421875
31,11,77,61.0,3.08821439743042,3.110229253768921,0.022014856338500977
31,11,78,257.0,3.5650999546051025,3.5636377334594727,-0.0014622211456298828
31,11,79,165.0,2.7435922622680664,2.742215633392334,-0.0013766288757324219
31,11,80,117.0,4.079967498779297,4.072822093963623,-0.007145404815673828
31,11,81,89.0,3.1170668601989746,3.126300573348999,0.009233713150024414
31,11,82,291.0,3.542208671569824,3.545224666595459,0.0030159950256347656
31,11,83,93.0,3.1824769973754883,3.180356502532959,-0.002120494842529297
31,11,84,228.0,1.8533809185028076,1.8401721715927124,-0.013208746910095215
31,11,85,131.0,2.4851677417755127,2.4891810417175293,0.0040132999420166016
31,11,86,191.0,3.915872573852539,3.9061007499694824,-0.00977182388305664
31,11,87,238.0,4.8885579109191895,4.881913185119629,-0.006644725799560547
31,11,88,210.0,2.9943952560424805,2.9930472373962402,-0.0013480186462402344
31,11,89,107.0,4.1228203773498535,4.123169898986816,0.0003495216369628906
31,11,90,217.0,2.7718281745910645,2.7751595973968506,0.003331422805786133
31,11,91,199.0,3.112976312637329,3.118168354034424,0.0051920413970947266
31,11,92,84.0,2.381793260574341,2.3844215869903564,0.002628326416015625
31,11,93,271.0,3.5375630855560303,3.533419370651245,-0.004143714904785156
31,11,94,226.0,3.105239152908325,3.097824811935425,-0.007414340972900391
31,11,95,258.0,3.5427961349487305,3.5486862659454346,0.0058901309967041016
31,11,96,86.0,3.23514723777771,3.226396083831787,-0.008751153945922852
31,11,97,142.0,4.2480573654174805,4.238361835479736,-0.00969552993774414
31,11,98,42.0,1.9809751510620117,1.9841794967651367,0.003204345703125
31,11,99,224.0,2.4784393310546875,2.4849154949188232,0.006476163864135742
31,11,100,197.0,1.853989601135254,1.848459005355835,-0.005530595779418945
31,11,101,85.0,2.4941816329956055,2.481682300567627,-0.012499332427978516
31,11,102,195.0,3.122326612472534,3.12119197845459,-0.001134634017944336
31,11,103,102.0,3.1147775650024414,3.1203911304473877,0.005613565444946289
31,11,104,181.0,3.189467191696167,3.184563636779785,-0.004903554916381836
31,11,105,72.0,1.8649518489837646,1.8653441667556763,0.0003923177719116211
31,11,106,130.0,4.294760227203369,4.292234897613525,-0.00252532958984375
31,11,107,62.0,2.4163553714752197,2.4127719402313232,-0.0035834312438964844
31,11,108,263.0,3.546691656112671,3.5459890365600586,-0.0007026195526123047
31,11,109,194.0,2.697882890701294,2.6964521408081055,-0.0014307498931884766
31,11,110,174.0,2.602036237716675,2.5994510650634766,-0.002585172653198242
31,11,111,235.0,3.703277826309204,3.699655532836914,-0.003622293472290039
31,11,112,143.0,3.633587121963501,3.6407339572906494,0.0071468353271484375
31,11,113,117.0,4.060715675354004,4.064767360687256,0.004051685333251953
31,11,114,160.0,3.7659225463867188,3.769749879837036,0.003827333450317383
31,11,115,115.0,3.034438133239746,3.0351431369781494,0.0007050037384033203
31,11,116,120.0,3.3571696281433105,3.352705717086792,-0.004463911056518555
31,11,117,186.0,3.4980924129486084,3.501271963119507,0.0031795501708984375
31,11,118,138.0,3.0037918090820312,2.99177622795105,-0.012015581130981445
31,11,119,80.0,2.1522231101989746,2.164233684539795,0.012010574340820312
31,11,120,164.0,2.666628122329712,2.665138006210327,-0.0014901161193847656
31,11,121,215.0,3.3896234035491943,3.3867249488830566,-0.0028984546661376953
31,11,122,81.0,3.035551071166992,3.029557466506958,-0.00599360466003418
31,11,123,171.0,2.9384942054748535,2.9407706260681152,0.0022764205932617188
31,11,124,41.0,5.417657375335693,5.413453578948975,-0.00420379638671875
31,11,125,103.0,3.7517361640930176,3.7437081336975098,-0.008028030395507812
31,11,126,145.0,2.8366682529449463,2.8267955780029297,-0.009872674942016602
31,11,127,102.0,2.7819013595581055,2.783766269683838,0.0018649101257324219
31,12,0,196.0,3.129199504852295,3.1248629093170166,-0.00433659553527832
31,12,1,127.0,2.998192548751831,3.0000500679016113,0.0018575191497802734
31,12,2,162.0,2.099813938140869,2.1039352416992188,0.004121303558349609
31,12,3,92.0,3.952493190765381,3.9535956382751465,0.001102447509765625
31,12,4,194.0,2.782571315765381,2.7813730239868164,-0.0011982917785644531
31,12,5,115.0,2.7538414001464844,2.749176502227783,-0.004664897918701172
31,12,6,109.0,4.127994060516357,4.120945453643799,-0.007048606872558594
31,12,7,48.0,3.018592119216919,3.012911558151245,-0.005680561065673828
31,12,8,69.0,3.3226022720336914,3.316131114959717,-0.006471157073974609
31,12,9,85.0,3.0205674171447754,3.0220441818237305,0.0014767646789550781
31,12,10,238.0,2.6267495155334473,2.628244400024414,0.0014948844909667969
31,12,11,233.0,2.4413414001464844,2.4346935749053955,-0.006647825241088867
31,12,12,208.0,2.959929943084717,2.957437753677368,-0.002492189407348633
31,12,13,196.0,2.753826141357422,2.758366584777832,0.004540443420410156
31,12,14,131.0,2.9712021350860596,2.9683732986450195,-0.002828836441040039
31,12,15,125.0,2.7515416145324707,2.7533745765686035,0.0018329620361328125
31,12,16,61.0,4.166540145874023,4.160579681396484,-0.0059604644775390625
31,12,17,164.0,1.9632303714752197,1.9619896411895752,-0.0012407302856445312
31,12,18,107.0,3.135986328125,3.130943775177002,-0.005042552947998047
31,12,19,48.0,3.4995276927948,3.502485990524292,0.0029582977294921875
31,12,20,74.0,1.9705148935317993,1.9670017957687378,-0.0035130977630615234
31,12,21,103.0,2.235994577407837,2.231128215789795,-0.004866361618041992
31,12,22,114.0,3.2786149978637695,3.2786996364593506,8.463859558105469e-05
31,12,23,50.0,5.015505313873291,5.011141777038574,-0.004363536834716797
31,12,24,281.0,2.3039751052856445,2.3060338497161865,0.002058744430541992
31,12,25,247.0,1.9686022996902466,1.9692468643188477,0.0006445646286010742
31,12,26,173.0,3.4113833904266357,3.412202835083008,0.0008194446563720703
31,12,27,166.0,3.050419330596924,3.052720069885254,0.002300739288330078
31,12,28,98.0,2.611907482147217,2.617401361465454,0.005493879318237305
31,12,29,174.0,3.051379919052124,3.049380302429199,-0.0019996166229248047
31,12,30,173.0,2.750077724456787,2.752091407775879,0.002013683319091797
31,12,31,215.0,3.4014222621917725,3.4028825759887695,0.0014603137969970703
31,12,32,186.0,2.6455953121185303,2.6519558429718018,0.006360530853271484
31,12,33,153.0,2.4407522678375244,2.437685966491699,-0.0030663013458251953
31,12,34,147.0,2.7246551513671875,2.7273972034454346,0.0027420520782470703
31,12,35,50.0,4.024989604949951,4.019827842712402,-0.005161762237548828
31,12,36,86.0,2.0081088542938232,2.0112080574035645,0.003099203109741211
31,12,37,154.0,3.517357349395752,3.51223087310791,-0.005126476287841797
31,12,38,265.0,2.388361930847168,2.390362024307251,0.002000093460083008
31,12,39,199.0,3.1552681922912598,3.1593570709228516,0.004088878631591797
31,12,40,138.0,2.536069631576538,2.5331356525421143,-0.002933979034423828
31,12,41,98.0,3.269590377807617,3.276954174041748,0.007363796234130859
31,12,42,167.0,2.519949436187744,2.523455858230591,0.0035064220428466797
31,12,43,288.0,3.7899160385131836,3.790299415588379,0.0003833770751953125
31,12,44,225.0,2.509033441543579,2.503741979598999,-0.005291461944580078
31,12,45,191.0,3.1287972927093506,3.128917694091797,0.00012040138244628906
31,12,46,92.0,4.466386795043945,4.467991828918457,0.0016050338745117188
31,12,47,41.0,4.971887588500977,4.981953144073486,0.010065555572509766
31,12,48,231.0,2.9811513423919678,2.981924057006836,0.0007727146148681641
31,12,49,101.0,2.116225004196167,2.116856575012207,0.0006315708160400391
31,12,50,177.0,2.9830946922302246,2.9812257289886475,-0.0018689632415771484
31,12,51,252.0,3.516876697540283,3.520103931427002,0.00322723388671875
31,12,52,259.0,2.737027645111084,2.7346363067626953,-0.002391338348388672
31,12,53,47.0,1.9067243337631226,1.9023966789245605,-0.004327654838562012
31,12,54,164.0,2.2345211505889893,2.229971408843994,-0.004549741744995117
31,12,55,94.0,3.3757195472717285,3.3733792304992676,-0.0023403167724609375
31,12,56,103.0,3.3878378868103027,3.386878490447998,-0.0009593963623046875
31,12,57,78.0,3.3106584548950195,3.3101563453674316,-0.0005021095275878906
31,12,58,239.0,3.107602596282959,3.106414318084717,-0.0011882781982421875
31,12,59,271.0,4.418605804443359,4.4192423820495605,0.0006365776062011719
31,12,60,162.0,2.9131579399108887,2.9083197116851807,-0.004838228225708008
31,12,61,179.0,3.214285135269165,3.2106080055236816,-0.0036771297454833984
31,12,62,218.0,2.5891129970550537,2.5873303413391113,-0.0017826557159423828
31,12,63,81.0,3.4107165336608887,3.411309242248535,0.0005927085876464844
31,12,64,93.0,3.5013821125030518,3.4970905780792236,-0.004291534423828125
31,12,65,72.0,3.358228921890259,3.355773448944092,-0.002455472946166992
31,12,66,230.0,3.3264732360839844,3.3260693550109863,-0.0004038810729980469
31,12,67,99.0,2.410640239715576,2.413785457611084,0.0031452178955078125
31,12,68,213.0,2.6581079959869385,2.6607108116149902,0.002602815628051758
31,12,69,119.0,2.5800669193267822,2.577279806137085,-0.0027871131896972656
31,12,70,161.0,2.929652214050293,2.9341354370117188,0.004483222961425781
31,12,71,90.0,3.9417757987976074,3.9420955181121826,0.0003197193145751953
31,12,72,181.0,2.8265914916992188,2.828139066696167,0.0015475749969482422
31,12,73,95.0,3.8289499282836914,3.83339524269104,0.004445314407348633
31,12,74,245.0,2.2537572383880615,2.2518489360809326,-0.0019083023071289062
31,12,75,93.0,1.7269396781921387,1.7316697835922241,0.004730105400085449
31,12,76,225.0,2.4448561668395996,2.4445533752441406,-0.0003027915954589844
31,12,77,61.0,3.08821439743042,3.0960445404052734,0.007830142974853516
31,12,78,257.0,3.5650999546051025,3.5647149085998535,-0.00038504600524902344
31,12,79,165.0,2.7435922622680664,2.739156484603882,-0.00443577766418457
31,12,80,117.0,4.079967498779297,4.08152437210083,0.0015568733215332031
31,12,81,89.0,3.1170668601989746,3.1133780479431152,-0.003688812255859375
31,12,82,291.0,3.542208671569824,3.5447468757629395,0.0025382041931152344
31,12,83,93.0,3.1824769973754883,3.1831376552581787,0.0006606578826904297
31,12,84,228.0,1.8533809185028076,1.8547574281692505,0.001376509666442871
31,12,85,131.0,2.4851677417755127,2.4878087043762207,0.002640962600708008
31,12,86,191.0,3.915872573852539,3.9117777347564697,-0.004094839096069336
31,12,87,238.0,4.8885579109191895,4.8789286613464355,-0.009629249572753906
31,12,88,210.0,2.9943952560424805,2.989485025405884,-0.00491023063659668
31,12,89,107.0,4.1228203773498535,4.121623516082764,-0.0011968612670898438
31,12,90,217.0,2.7718281745910645,2.774203062057495,0.002374887466430664
31,12,91,199.0,3.112976312637329,3.1108527183532715,-0.002123594284057617
31,12,92,84.0,2.381793260574341,2.382200002670288,0.0004067420959472656
31,12,93,271.0,3.5375630855560303,3.5377118587493896,0.000148773193359375
31,12,94,226.0,3.105239152908325,3.1029372215270996,-0.002301931381225586
31,12,95,258.0,3.5427961349487305,3.543593168258667,0.0007970333099365234
31,12,96,86.0,3.23514723777771,3.2337253093719482,-0.0014219284057617188
31,12,97,142.0,4.2480573654174805,4.243797302246094,-0.004260063171386719
31,12,98,42.0,1.9809751510620117,1.9747350215911865,-0.006240129470825195
31,12,99,224.0,2.4784393310546875,2.476114273071289,-0.0023250579833984375
31,12,100,197.0,1.853989601135254,1.8531302213668823,-0.000859379768371582
31,12,101,85.0,2.4941816329956055,2.492865562438965,-0.001316070556640625
31,12,102,195.0,3.122326612472534,3.1250181198120117,0.002691507339477539
31,12,103,102.0,3.1147775650024414,3.112135410308838,-0.0026421546936035156
31,12,104,181.0,3.189467191696167,3.191748857498169,0.002281665802001953
31,12,105,72.0,1.8649518489837646,1.8600196838378906,-0.0049321651458740234
31,12,106,130.0,4.294760227203369,4.296990394592285,0.0022301673889160156
31,12,107,62.0,2.4163553714752197,2.4127180576324463,-0.0036373138427734375
31,12,108,263.0,3.546691656112671,3.5473577976226807,0.0006661415100097656
31,12,109,194.0,2.697882890701294,2.697751760482788,-0.00013113021850585938
31,12,110,174.0,2.602036237716675,2.6022865772247314,0.0002503395080566406
31,12,111,235.0,3.703277826309204,3.7040319442749023,0.0007541179656982422
31,12,112,143.0,3.633587121963501,3.6338469982147217,0.0002598762512207031
31,12,113,117.0,4.060715675354004,4.064645290374756,0.003929615020751953
31,12,114,160.0,3.7659225463867188,3.7637805938720703,-0.0021419525146484375
31,12,115,115.0,3.034438133239746,3.0379550457000732,0.0035169124603271484
31,12,116,120.0,3.3571696281433105,3.354405164718628,-0.002764463424682617
31,12,117,186.0,3.4980924129486084,3.5045006275177,0.006408214569091797
31,12,118,138.0,3.0037918090820312,3.00594425201416,0.0021524429321289062
31,12,119,80.0,2.1522231101989746,2.154226779937744,0.0020036697387695312
31,12,120,164.0,2.666628122329712,2.6631131172180176,-0.003515005111694336
31,12,121,215.0,3.3896234035491943,3.3888814449310303,-0.0007419586181640625
31,12,122,81.0,3.035551071166992,3.040148973464966,0.004597902297973633
31,12,123,171.0,2.9384942054748535,2.9439826011657715,0.005488395690917969
31,12,124,41.0,5.417657375335693,5.423303127288818,0.005645751953125
31,12,125,103.0,3.7517361640930176,3.7539241313934326,0.002187967300415039
31,12,126,145.0,2.8366682529449463,2.8357620239257812,-0.0009062290191650391
31,12,127,102.0,2.7819013595581055,2.785507917404175,0.003606557846069336
31,13,0,196.0,3.129199504852295,3.126723051071167,-0.0024764537811279297
31,13,1,127.0,2.998192548751831,2.9945764541625977,-0.0036160945892333984
31,13,2,162.0,2.099813938140869,2.102151393890381,0.0023374557495117188
31,13,3,92.0,3.952493190765381,3.952242612838745,-0.0002505779266357422
31,13,4,194.0,2.782571315765381,2.7828123569488525,0.0002410411834716797
31,13,5,115.0,2.7538414001464844,2.756131410598755,0.002290010452270508
31,13,6,109.0,4.127994060516357,4.124518394470215,-0.003475666046142578
31,13,7,48.0,3.018592119216919,3.017232894897461,-0.0013592243194580078
31,13,8,69.0,3.3226022720336914,3.312429428100586,-0.010172843933105469
31,13,9,85.0,3.0205674171447754,3.022202491760254,0.0016350746154785156
31,13,10,238.0,2.6267495155334473,2.6257271766662598,-0.0010223388671875
31,13,11,233.0,2.4413414001464844,2.4409420490264893,-0.0003993511199951172
31,13,12,208.0,2.959929943084717,2.9601385593414307,0.0002086162567138672
31,13,13,196.0,2.753826141357422,2.7521984577178955,-0.0016276836395263672
31,13,14,131.0,2.9712021350860596,2.972674608230591,0.00147247314453125
31,13,15,125.0,2.7515416145324707,2.753283739089966,0.0017421245574951172
31,13,16,61.0,4.166540145874023,4.162471771240234,-0.0040683746337890625
31,13,17,164.0,1.9632303714752197,1.9626803398132324,-0.0005500316619873047
31,13,18,107.0,3.135986328125,3.1354875564575195,-0.0004987716674804688
31,13,19,48.0,3.4995276927948,3.5088071823120117,0.009279489517211914
31,13,20,74.0,1.9705148935317993,1.974186658859253,0.0036717653274536133
31,13,21,103.0,2.235994577407837,2.228379249572754,-0.007615327835083008
31,13,22,114.0,3.2786149978637695,3.273538589477539,-0.005076408386230469
31,13,23,50.0,5.015505313873291,5.010150909423828,-0.005354404449462891
31,13,24,281.0,2.3039751052856445,2.305903911590576,0.0019288063049316406
31,13,25,247.0,1.9686022996902466,1.9702619314193726,0.0016596317291259766
31,13,26,173.0,3.4113833904266357,3.406712055206299,-0.004671335220336914
31,13,27,166.0,3.050419330596924,3.0517895221710205,0.0013701915740966797
31,13,28,98.0,2.611907482147217,2.613502264022827,0.0015947818756103516
31,13,29,174.0,3.051379919052124,3.0448713302612305,-0.006508588790893555
31,13,30,173.0,2.750077724456787,2.7470366954803467,-0.0030410289764404297
31,13,31,215.0,3.4014222621917725,3.4012093544006348,-0.0002129077911376953
31,13,32,186.0,2.6455953121185303,2.6483418941497803,0.00274658203125
31,13,33,153.0,2.4407522678375244,2.4344053268432617,-0.006346940994262695
31,13,34,147.0,2.7246551513671875,2.7294270992279053,0.0047719478607177734
31,13,35,50.0,4.024989604949951,4.015194892883301,-0.00979471206665039
31,13,36,86.0,2.0081088542938232,2.0015032291412354,-0.006605625152587891
31,13,37,154.0,3.517357349395752,3.5186612606048584,0.0013039112091064453
31,13,38,265.0,2.388361930847168,2.3894858360290527,0.0011239051818847656
31,13,39,199.0,3.1552681922912598,3.1553666591644287,9.846687316894531e-05
31,13,40,138.0,2.536069631576538,2.5307576656341553,-0.0053119659423828125
31,13,41,98.0,3.269590377807617,3.272702693939209,0.003112316131591797
31,13,42,167.0,2.519949436187744,2.5159947872161865,-0.003954648971557617
31,13,43,288.0,3.7899160385131836,3.791740894317627,0.0018248558044433594
31,13,44,225.0,2.509033441543579,2.5061533451080322,-0.002880096435546875
31,13,45,191.0,3.1287972927093506,3.1285064220428467,-0.00029087066650390625
31,13,46,92.0,4.466386795043945,4.466949939727783,0.0005631446838378906
31,13,47,41.0,4.971887588500977,4.9702467918396,-0.0016407966613769531
31,13,48,231.0,2.9811513423919678,2.9823215007781982,0.0011701583862304688
31,13,49,101.0,2.116225004196167,2.1134121417999268,-0.0028128623962402344
31,13,50,177.0,2.9830946922302246,2.9801290035247803,-0.002965688705444336
31,13,51,252.0,3.516876697540283,3.5213022232055664,0.004425525665283203
31,13,52,259.0,2.737027645111084,2.735708236694336,-0.0013194084167480469
31,13,53,47.0,1.9067243337631226,1.9124176502227783,0.005693316459655762
31,13,54,164.0,2.2345211505889893,2.233538866043091,-0.0009822845458984375
31,13,55,94.0,3.3757195472717285,3.3666465282440186,-0.009073019027709961
31,13,56,103.0,3.3878378868103027,3.3830714225769043,-0.0047664642333984375
31,13,57,78.0,3.3106584548950195,3.313288450241089,0.002629995346069336
31,13,58,239.0,3.107602596282959,3.1068365573883057,-0.0007660388946533203
31,13,59,271.0,4.418605804443359,4.414936065673828,-0.00366973876953125
31,13,60,162.0,2.9131579399108887,2.9104323387145996,-0.0027256011962890625
31,13,61,179.0,3.214285135269165,3.2099554538726807,-0.004329681396484375
31,13,62,218.0,2.5891129970550537,2.5894298553466797,0.00031685829162597656
31,13,63,81.0,3.4107165336608887,3.4061410427093506,-0.004575490951538086
31,13,64,93.0,3.5013821125030518,3.4983513355255127,-0.0030307769775390625
31,13,65,72.0,3.358228921890259,3.3572893142700195,-0.0009396076202392578
31,13,66,230.0,3.3264732360839844,3.327998399734497,0.0015251636505126953
31,13,67,99.0,2.410640239715576,2.4161436557769775,0.005503416061401367
31,13,68,213.0,2.6581079959869385,2.659022331237793,0.0009143352508544922
31,13,69,119.0,2.5800669193267822,2.5884134769439697,0.0083465576171875
31,13,70,161.0,2.929652214050293,2.92931866645813,-0.00033354759216308594
31,13,71,90.0,3.9417757987976074,3.9412038326263428,-0.0005719661712646484
31,13,72,181.0,2.8265914916992188,2.8301711082458496,0.0035796165466308594
31,13,73,95.0,3.8289499282836914,3.831326723098755,0.0023767948150634766
31,13,74,245.0,2.2537572383880615,2.25522780418396,0.0014705657958984375
31,13,75,93.0,1.7269396781921387,1.7238655090332031,-0.003074169158935547
31,13,76,225.0,2.4448561668395996,2.4416303634643555,-0.0032258033752441406
31,13,77,61.0,3.08821439743042,3.0936102867126465,0.0053958892822265625
31,13,78,257.0,3.5650999546051025,3.5637495517730713,-0.00135040283203125
31,13,79,165.0,2.7435922622680664,2.740671396255493,-0.002920866012573242
31,13,80,117.0,4.079967498779297,4.079396724700928,-0.0005707740783691406
31,13,81,89.0,3.1170668601989746,3.1191484928131104,0.002081632614135742
31,13,82,291.0,3.542208671569824,3.544844388961792,0.0026357173919677734
31,13,83,93.0,3.1824769973754883,3.1879069805145264,0.005429983139038086
31,13,84,228.0,1.8533809185028076,1.8556932210922241,0.002312302589416504
31,13,85,131.0,2.4851677417755127,2.484635591506958,-0.0005321502685546875
31,13,86,191.0,3.915872573852539,3.9108240604400635,-0.005048513412475586
31,13,87,238.0,4.8885579109191895,4.887738227844238,-0.0008196830749511719
31,13,88,210.0,2.9943952560424805,2.99267578125,-0.0017194747924804688
31,13,89,107.0,4.1228203773498535,4.120689392089844,-0.0021309852600097656
31,13,90,217.0,2.7718281745910645,2.77396297454834,0.0021347999572753906
31,13,91,199.0,3.112976312637329,3.1115498542785645,-0.0014264583587646484
31,13,92,84.0,2.381793260574341,2.382932662963867,0.0011394023895263672
31,13,93,271.0,3.5375630855560303,3.5373311042785645,-0.0002319812774658203
31,13,94,226.0,3.105239152908325,3.10207200050354,-0.0031671524047851562
31,13,95,258.0,3.5427961349487305,3.545736312866211,0.0029401779174804688
31,13,96,86.0,3.23514723777771,3.2271995544433594,-0.007947683334350586
31,13,97,142.0,4.2480573654174805,4.245776176452637,-0.00228118896484375
31,13,98,42.0,1.9809751510620117,1.970577597618103,-0.010397553443908691
31,13,99,224.0,2.4784393310546875,2.4776039123535156,-0.000835418701171875
31,13,100,197.0,1.853989601135254,1.84828782081604,-0.005701780319213867
31,13,101,85.0,2.4941816329956055,2.493889808654785,-0.0002918243408203125
31,13,102,195.0,3.122326612472534,3.1264986991882324,0.004172086715698242
31,13,103,102.0,3.1147775650024414,3.111854314804077,-0.002923250198364258
31,13,104,181.0,3.189467191696167,3.188521146774292,-0.000946044921875
31,13,105,72.0,1.8649518489837646,1.8591142892837524,-0.005837559700012207
31,13,106,130.0,4.294760227203369,4.293484687805176,-0.0012755393981933594
31,13,107,62.0,2.4163553714752197,2.4211695194244385,0.00481414794921875
31,13,108,263.0,3.546691656112671,3.547240972518921,0.00054931640625
31,13,109,194.0,2.697882890701294,2.6979405879974365,5.7697296142578125e-05
31,13,110,174.0,2.602036237716675,2.600092649459839,-0.0019435882568359375
31,13,111,235.0,3.703277826309204,3.696995258331299,-0.0062825679779052734
31,13,112,143.0,3.633587121963501,3.635528326034546,0.0019412040710449219
31,13,113,117.0,4.060715675354004,4.070428371429443,0.009712696075439453
31,13,114,160.0,3.7659225463867188,3.761594295501709,-0.004328250885009766
31,13,115,115.0,3.034438133239746,3.0358574390411377,0.0014193058013916016
31,13,116,120.0,3.3571696281433105,3.3608994483947754,0.0037298202514648438
31,13,117,186.0,3.4980924129486084,3.500605344772339,0.0025129318237304688
31,13,118,138.0,3.0037918090820312,3.0079195499420166,0.0041277408599853516
31,13,119,80.0,2.1522231101989746,2.163036346435547,0.010813236236572266
31,13,120,164.0,2.666628122329712,2.668491840362549,0.001863718032836914
31,13,121,215.0,3.3896234035491943,3.3861753940582275,-0.003448009490966797
31,13,122,81.0,3.035551071166992,3.034808397293091,-0.0007426738739013672
31,13,123,171.0,2.9384942054748535,2.939605474472046,0.0011112689971923828
31,13,124,41.0,5.417657375335693,5.426890850067139,0.009233474731445312
31,13,125,103.0,3.7517361640930176,3.7533633708953857,0.001627206802368164
31,13,126,145.0,2.8366682529449463,2.8351783752441406,-0.001489877700805664
31,13,127,102.0,2.7819013595581055,2.775771141052246,-0.006130218505859375
31,14,0,196.0,3.129199504852295,3.128563165664673,-0.0006363391876220703
31,14,1,127.0,2.998192548751831,2.9988298416137695,0.0006372928619384766
31,14,2,162.0,2.099813938140869,2.10174298286438,0.0019290447235107422
31,14,3,92.0,3.952493190765381,3.9547715187072754,0.0022783279418945312
31,14,4,194.0,2.782571315765381,2.7840073108673096,0.001435995101928711
31,14,5,115.0,2.7538414001464844,2.752194881439209,-0.0016465187072753906
31,14,6,109.0,4.127994060516357,4.125327110290527,-0.002666950225830078
31,14,7,48.0,3.018592119216919,3.025113344192505,0.0065212249755859375
31,14,8,69.0,3.3226022720336914,3.3206684589385986,-0.0019338130950927734
31,14,9,85.0,3.0205674171447754,3.021752119064331,0.001184701919555664
31,14,10,238.0,2.6267495155334473,2.631046772003174,0.0042972564697265625
31,14,11,233.0,2.4413414001464844,2.4389665126800537,-0.002374887466430664
31,14,12,208.0,2.959929943084717,2.9616851806640625,0.0017552375793457031
31,14,13,196.0,2.753826141357422,2.753364324569702,-0.00046181678771972656
31,14,14,131.0,2.9712021350860596,2.971736192703247,0.0005340576171875
31,14,15,125.0,2.7515416145324707,2.7495601177215576,-0.001981496810913086
31,14,16,61.0,4.166540145874023,4.1638898849487305,-0.0026502609252929688
31,14,17,164.0,1.9632303714752197,1.9629396200180054,-0.00029075145721435547
31,14,18,107.0,3.135986328125,3.1278188228607178,-0.008167505264282227
31,14,19,48.0,3.4995276927948,3.504589319229126,0.005061626434326172
31,14,20,74.0,1.9705148935317993,1.9673643112182617,-0.0031505823135375977
31,14,21,103.0,2.235994577407837,2.2262680530548096,-0.009726524353027344
31,14,22,114.0,3.2786149978637695,3.2732596397399902,-0.005355358123779297
31,14,23,50.0,5.015505313873291,5.005209445953369,-0.010295867919921875
31,14,24,281.0,2.3039751052856445,2.3059377670288086,0.0019626617431640625
31,14,25,247.0,1.9686022996902466,1.9711976051330566,0.0025953054428100586
31,14,26,173.0,3.4113833904266357,3.4138803482055664,0.002496957778930664
31,14,27,166.0,3.050419330596924,3.053013563156128,0.0025942325592041016
31,14,28,98.0,2.611907482147217,2.6185336112976074,0.006626129150390625
31,14,29,174.0,3.051379919052124,3.048956871032715,-0.0024230480194091797
31,14,30,173.0,2.750077724456787,2.7523486614227295,0.002270936965942383
31,14,31,215.0,3.4014222621917725,3.403754711151123,0.002332448959350586
31,14,32,186.0,2.6455953121185303,2.648449420928955,0.0028541088104248047
31,14,33,153.0,2.4407522678375244,2.4368927478790283,-0.0038595199584960938
31,14,34,147.0,2.7246551513671875,2.7296860218048096,0.00503087043762207
31,14,35,50.0,4.024989604949951,4.034979343414307,0.009989738464355469
31,14,36,86.0,2.0081088542938232,2.0076940059661865,-0.00041484832763671875
31,14,37,154.0,3.517357349395752,3.5142877101898193,-0.003069639205932617
31,14,38,265.0,2.388361930847168,2.3910040855407715,0.0026421546936035156
31,14,39,199.0,3.1552681922912598,3.1558566093444824,0.0005884170532226562
31,14,40,138.0,2.536069631576538,2.5349109172821045,-0.0011587142944335938
31,14,41,98.0,3.269590377807617,3.2697832584381104,0.00019288063049316406
31,14,42,167.0,2.519949436187744,2.5163304805755615,-0.003618955612182617
31,14,43,288.0,3.7899160385131836,3.789137125015259,-0.0007789134979248047
31,14,44,225.0,2.509033441543579,2.506072521209717,-0.0029609203338623047
31,14,45,191.0,3.1287972927093506,3.1308605670928955,0.002063274383544922
31,14,46,92.0,4.466386795043945,4.463156223297119,-0.003230571746826172
31,14,47,41.0,4.971887588500977,4.977221965789795,0.005334377288818359
31,14,48,231.0,2.9811513423919678,2.982785940170288,0.0016345977783203125
31,14,49,101.0,2.116225004196167,2.11527943611145,-0.0009455680847167969
31,14,50,177.0,2.9830946922302246,2.9812076091766357,-0.0018870830535888672
31,14,51,252.0,3.516876697540283,3.5173299312591553,0.0004532337188720703
31,14,52,259.0,2.737027645111084,2.7364017963409424,-0.0006258487701416016
31,14,53,47.0,1.9067243337631226,1.90048086643219,-0.006243467330932617
31,14,54,164.0,2.2345211505889893,2.231700897216797,-0.002820253372192383
31,14,55,94.0,3.3757195472717285,3.3626487255096436,-0.013070821762084961
31,14,56,103.0,3.3878378868103027,3.3881094455718994,0.0002715587615966797
31,14,57,78.0,3.3106584548950195,3.3139171600341797,0.0032587051391601562
31,14,58,239.0,3.107602596282959,3.1065664291381836,-0.0010361671447753906
31,14,59,271.0,4.418605804443359,4.416079044342041,-0.0025267601013183594
31,14,60,162.0,2.9131579399108887,2.9132912158966064,0.00013327598571777344
31,14,61,179.0,3.214285135269165,3.2111592292785645,-0.003125905990600586
31,14,62,218.0,2.5891129970550537,2.5878000259399414,-0.0013129711151123047
31,14,63,81.0,3.4107165336608887,3.4082343578338623,-0.002482175827026367
31,14,64,93.0,3.5013821125030518,3.502169609069824,0.0007874965667724609
31,14,65,72.0,3.358228921890259,3.35573148727417,-0.002497434616088867
31,14,66,230.0,3.3264732360839844,3.327141523361206,0.0006682872772216797
31,14,67,99.0,2.410640239715576,2.4225621223449707,0.011921882629394531
31,14,68,213.0,2.6581079959869385,2.659180164337158,0.0010721683502197266
31,14,69,119.0,2.5800669193267822,2.582768201828003,0.002701282501220703
31,14,70,161.0,2.929652214050293,2.9230611324310303,-0.006591081619262695
31,14,71,90.0,3.9417757987976074,3.941838264465332,6.246566772460938e-05
31,14,72,181.0,2.8265914916992188,2.8284811973571777,0.0018897056579589844
31,14,73,95.0,3.8289499282836914,3.8309693336486816,0.0020194053649902344
31,14,74,245.0,2.2537572383880615,2.25512433052063,0.0013670921325683594
31,14,75,93.0,1.7269396781921387,1.7276380062103271,0.0006983280181884766
31,14,76,225.0,2.4448561668395996,2.4412333965301514,-0.003622770309448242
31,14,77,61.0,3.08821439743042,3.0987708568573,0.010556459426879883
31,14,78,257.0,3.5650999546051025,3.569826602935791,0.0047266483306884766
31,14,79,165.0,2.7435922622680664,2.742347478866577,-0.0012447834014892578
31,14,80,117.0,4.079967498779297,4.080469131469727,0.0005016326904296875
31,14,81,89.0,3.1170668601989746,3.1204891204833984,0.003422260284423828
31,14,82,291.0,3.542208671569824,3.543894052505493,0.0016853809356689453
31,14,83,93.0,3.1824769973754883,3.1824593544006348,-1.7642974853515625e-05
31,14,84,228.0,1.8533809185028076,1.8570020198822021,0.0036211013793945312
31,14,85,131.0,2.4851677417755127,2.4883251190185547,0.003157377243041992
31,14,86,191.0,3.915872573852539,3.911073684692383,-0.00479888916015625
31,14,87,238.0,4.8885579109191895,4.888960361480713,0.0004024505615234375
31,14,88,210.0,2.9943952560424805,2.9960153102874756,0.0016200542449951172
31,14,89,107.0,4.1228203773498535,4.125884056091309,0.003063678741455078
31,14,90,217.0,2.7718281745910645,2.774555206298828,0.002727031707763672
31,14,91,199.0,3.112976312637329,3.1105146408081055,-0.002461671829223633
31,14,92,84.0,2.381793260574341,2.3823070526123047,0.0005137920379638672
31,14,93,271.0,3.5375630855560303,3.535707712173462,-0.0018553733825683594
31,14,94,226.0,3.105239152908325,3.1022167205810547,-0.003022432327270508
31,14,95,258.0,3.5427961349487305,3.545287847518921,0.0024917125701904297
31,14,96,86.0,3.23514723777771,3.232085943222046,-0.0030612945556640625
31,14,97,142.0,4.2480573654174805,4.251506328582764,0.003448963165283203
31,14,98,42.0,1.9809751510620117,1.9748815298080444,-0.006093621253967285
31,14,99,224.0,2.4784393310546875,2.4803531169891357,0.0019137859344482422
31,14,100,197.0,1.853989601135254,1.8510314226150513,-0.0029581785202026367
31,14,101,85.0,2.4941816329956055,2.495952844619751,0.0017712116241455078
31,14,102,195.0,3.122326612472534,3.1253199577331543,0.002993345260620117
31,14,103,102.0,3.1147775650024414,3.115722894668579,0.0009453296661376953
31,14,104,181.0,3.189467191696167,3.191274642944336,0.0018074512481689453
31,14,105,72.0,1.8649518489837646,1.859296202659607,-0.005655646324157715
31,14,106,130.0,4.294760227203369,4.292757987976074,-0.002002239227294922
31,14,107,62.0,2.4163553714752197,2.414736032485962,-0.0016193389892578125
31,14,108,263.0,3.546691656112671,3.5475902557373047,0.0008985996246337891
31,14,109,194.0,2.697882890701294,2.7020795345306396,0.004196643829345703
31,14,110,174.0,2.602036237716675,2.5982837677001953,-0.003752470016479492
31,14,111,235.0,3.703277826309204,3.7033233642578125,4.553794860839844e-05
31,14,112,143.0,3.633587121963501,3.6342108249664307,0.0006237030029296875
31,14,113,117.0,4.060715675354004,4.06369161605835,0.002975940704345703
31,14,114,160.0,3.7659225463867188,3.7646374702453613,-0.0012850761413574219
31,14,115,115.0,3.034438133239746,3.03515625,0.0007181167602539062
31,14,116,120.0,3.3571696281433105,3.3616037368774414,0.004434108734130859
31,14,117,186.0,3.4980924129486084,3.4987354278564453,0.0006430149078369141
31,14,118,138.0,3.0037918090820312,3.006924867630005,0.003133058547973633
31,14,119,80.0,2.1522231101989746,2.1539294719696045,0.0017063617706298828
31,14,120,164.0,2.666628122329712,2.6663942337036133,-0.0002338886260986328
31,14,121,215.0,3.3896234035491943,3.3920767307281494,0.002453327178955078
31,14,122,81.0,3.035551071166992,3.045214891433716,0.009663820266723633
31,14,123,171.0,2.9384942054748535,2.9452781677246094,0.006783962249755859
31,14,124,41.0,5.417657375335693,5.412229537963867,-0.005427837371826172
31,14,125,103.0,3.7517361640930176,3.753002166748047,0.0012660026550292969
31,14,126,145.0,2.8366682529449463,2.8396904468536377,0.0030221939086914062
31,14,127,102.0,2.7819013595581055,2.7762553691864014,-0.0056459903717041016
31,15,0,196.0,3.129199504852295,3.126236915588379,-0.0029625892639160156
31,15,1,127.0,2.998192548751831,2.995603084564209,-0.0025894641876220703
31,15,2,162.0,2.099813938140869,2.10410213470459,0.004288196563720703
31,15,3,92.0,3.952493190765381,3.9503047466278076,-0.002188444137573242
31,15,4,194.0,2.782571315765381,2.785184621810913,0.0026133060455322266
31,15,5,115.0,2.7538414001464844,2.74980092048645,-0.00404047966003418
31,15,6,109.0,4.127994060516357,4.123578071594238,-0.004415988922119141
31,15,7,48.0,3.018592119216919,3.020803451538086,0.002211332321166992
31,15,8,69.0,3.3226022720336914,3.3172059059143066,-0.005396366119384766
31,15,9,85.0,3.0205674171447754,3.019958972930908,-0.0006084442138671875
31,15,10,238.0,2.6267495155334473,2.630465030670166,0.00371551513671875
31,15,11,233.0,2.4413414001464844,2.4411122798919678,-0.00022912025451660156
31,15,12,208.0,2.959929943084717,2.9596128463745117,-0.0003170967102050781
31,15,13,196.0,2.753826141357422,2.7550086975097656,0.00118255615234375
31,15,14,131.0,2.9712021350860596,2.970446825027466,-0.00075531005859375
31,15,15,125.0,2.7515416145324707,2.747074604034424,-0.004467010498046875
31,15,16,61.0,4.166540145874023,4.166489124298096,-5.1021575927734375e-05
31,15,17,164.0,1.9632303714752197,1.962931513786316,-0.0002988576889038086
31,15,18,107.0,3.135986328125,3.137894630432129,0.0019083023071289062
31,15,19,48.0,3.4995276927948,3.500089645385742,0.0005619525909423828
31,15,20,74.0,1.9705148935317993,1.9748402833938599,0.004325389862060547
31,15,21,103.0,2.235994577407837,2.2403817176818848,0.0043871402740478516
31,15,22,114.0,3.2786149978637695,3.2813003063201904,0.0026853084564208984
31,15,23,50.0,5.015505313873291,5.011942386627197,-0.00356292724609375
31,15,24,281.0,2.3039751052856445,2.30472993850708,0.0007548332214355469
31,15,25,247.0,1.9686022996902466,1.9705955982208252,0.0019932985305786133
31,15,26,173.0,3.4113833904266357,3.4083950519561768,-0.0029883384704589844
31,15,27,166.0,3.050419330596924,3.0503828525543213,-3.647804260253906e-05
31,15,28,98.0,2.611907482147217,2.6184041500091553,0.0064966678619384766
31,15,29,174.0,3.051379919052124,3.052448034286499,0.001068115234375
31,15,30,173.0,2.750077724456787,2.750744342803955,0.0006666183471679688
31,15,31,215.0,3.4014222621917725,3.3997597694396973,-0.0016624927520751953
31,15,32,186.0,2.6455953121185303,2.647099256515503,0.0015039443969726562
31,15,33,153.0,2.4407522678375244,2.438368797302246,-0.0023834705352783203
31,15,34,147.0,2.7246551513671875,2.7259140014648438,0.00125885009765625
31,15,35,50.0,4.024989604949951,4.018146514892578,-0.006843090057373047
31,15,36,86.0,2.0081088542938232,2.0082345008850098,0.00012564659118652344
31,15,37,154.0,3.517357349395752,3.51754093170166,0.00018358230590820312
31,15,38,265.0,2.388361930847168,2.3900818824768066,0.0017199516296386719
31,15,39,199.0,3.1552681922912598,3.155935287475586,0.0006670951843261719
31,15,40,138.0,2.536069631576538,2.5345277786254883,-0.0015418529510498047
31,15,41,98.0,3.269590377807617,3.2712390422821045,0.0016486644744873047
31,15,42,167.0,2.519949436187744,2.517153024673462,-0.0027964115142822266
31,15,43,288.0,3.7899160385131836,3.792903423309326,0.002987384796142578
31,15,44,225.0,2.509033441543579,2.5084195137023926,-0.0006139278411865234
31,15,45,191.0,3.1287972927093506,3.1299805641174316,0.0011832714080810547
31,15,46,92.0,4.466386795043945,4.464405059814453,-0.0019817352294921875
31,15,47,41.0,4.971887588500977,4.967480182647705,-0.004407405853271484
31,15,48,231.0,2.9811513423919678,2.9830548763275146,0.001903533935546875
31,15,49,101.0,2.116225004196167,2.119286060333252,0.003061056137084961
31,15,50,177.0,2.9830946922302246,2.983893871307373,0.0007991790771484375
31,15,51,252.0,3.516876697540283,3.518958568572998,0.0020818710327148438
31,15,52,259.0,2.737027645111084,2.7372255325317383,0.00019788742065429688
31,15,53,47.0,1.9067243337631226,1.9045464992523193,-0.0021778345108032227
31,15,54,164.0,2.2345211505889893,2.23403263092041,-0.0004885196685791016
31,15,55,94.0,3.3757195472717285,3.3752083778381348,-0.00051116943359375
31,15,56,103.0,3.3878378868103027,3.3847463130950928,-0.003091573715209961
31,15,57,78.0,3.3106584548950195,3.3100385665893555,-0.0006198883056640625
31,15,58,239.0,3.107602596282959,3.104994773864746,-0.0026078224182128906
31,15,59,271.0,4.418605804443359,4.420392036437988,0.0017862319946289062
31,15,60,162.0,2.9131579399108887,2.9104206562042236,-0.002737283706665039
31,15,61,179.0,3.214285135269165,3.2119455337524414,-0.002339601516723633
31,15,62,218.0,2.5891129970550537,2.589571952819824,0.0004589557647705078
31,15,63,81.0,3.4107165336608887,3.403996706008911,-0.006719827651977539
31,15,64,93.0,3.5013821125030518,3.4982869625091553,-0.0030951499938964844
31,15,65,72.0,3.358228921890259,3.360079765319824,0.0018508434295654297
31,15,66,230.0,3.3264732360839844,3.325742483139038,-0.0007307529449462891
31,15,67,99.0,2.410640239715576,2.416409969329834,0.0057697296142578125
31,15,68,213.0,2.6581079959869385,2.658672571182251,0.0005645751953125
31,15,69,119.0,2.5800669193267822,2.578583002090454,-0.001483917236328125
31,15,70,161.0,2.929652214050293,2.931253671646118,0.0016014575958251953
31,15,71,90.0,3.9417757987976074,3.943269968032837,0.0014941692352294922
31,15,72,181.0,2.8265914916992188,2.8296165466308594,0.003025054931640625
31,15,73,95.0,3.8289499282836914,3.8372931480407715,0.008343219757080078
31,15,74,245.0,2.2537572383880615,2.255770683288574,0.0020134449005126953
31,15,75,93.0,1.7269396781921387,1.7210417985916138,-0.005897879600524902
31,15,76,225.0,2.4448561668395996,2.444246530532837,-0.0006096363067626953
31,15,77,61.0,3.08821439743042,3.0954439640045166,0.00722956657409668
31,15,78,257.0,3.5650999546051025,3.566709518432617,0.0016095638275146484
31,15,79,165.0,2.7435922622680664,2.736161947250366,-0.007430315017700195
31,15,80,117.0,4.079967498779297,4.078442096710205,-0.0015254020690917969
31,15,81,89.0,3.1170668601989746,3.1184871196746826,0.0014202594757080078
31,15,82,291.0,3.542208671569824,3.5456719398498535,0.003463268280029297
31,15,83,93.0,3.1824769973754883,3.1834356784820557,0.0009586811065673828
31,15,84,228.0,1.8533809185028076,1.856144666671753,0.0027637481689453125
31,15,85,131.0,2.4851677417755127,2.479332208633423,-0.005835533142089844
31,15,86,191.0,3.915872573852539,3.914123773574829,-0.001748800277709961
31,15,87,238.0,4.8885579109191895,4.886881351470947,-0.0016765594482421875
31,15,88,210.0,2.9943952560424805,2.9939987659454346,-0.00039649009704589844
31,15,89,107.0,4.1228203773498535,4.1249518394470215,0.0021314620971679688
31,15,90,217.0,2.7718281745910645,2.775367021560669,0.003538846969604492
31,15,91,199.0,3.112976312637329,3.112441062927246,-0.0005352497100830078
31,15,92,84.0,2.381793260574341,2.3818697929382324,7.653236389160156e-05
31,15,93,271.0,3.5375630855560303,3.535828113555908,-0.0017349720001220703
31,15,94,226.0,3.105239152908325,3.099416494369507,-0.005822658538818359
31,15,95,258.0,3.5427961349487305,3.547727584838867,0.004931449890136719
31,15,96,86.0,3.23514723777771,3.235440969467163,0.000293731689453125
31,15,97,142.0,4.2480573654174805,4.249016284942627,0.0009589195251464844
31,15,98,42.0,1.9809751510620117,1.9783613681793213,-0.0026137828826904297
31,15,99,224.0,2.4784393310546875,2.479685068130493,0.001245737075805664
31,15,100,197.0,1.853989601135254,1.851219892501831,-0.0027697086334228516
31,15,101,85.0,2.4941816329956055,2.4923088550567627,-0.0018727779388427734
31,15,102,195.0,3.122326612472534,3.123486280441284,0.00115966796875
31,15,103,102.0,3.1147775650024414,3.1172335147857666,0.0024559497833251953
31,15,104,181.0,3.189467191696167,3.1863484382629395,-0.003118753433227539
31,15,105,72.0,1.8649518489837646,1.859446406364441,-0.0055054426193237305
31,15,106,130.0,4.294760227203369,4.297641277313232,0.0028810501098632812
31,15,107,62.0,2.4163553714752197,2.418797016143799,0.0024416446685791016
31,15,108,263.0,3.546691656112671,3.547290802001953,0.0005991458892822266
31,15,109,194.0,2.697882890701294,2.698387861251831,0.0005049705505371094
31,15,110,174.0,2.602036237716675,2.601764440536499,-0.00027179718017578125
31,15,111,235.0,3.703277826309204,3.7041618824005127,0.0008840560913085938
31,15,112,143.0,3.633587121963501,3.6320877075195312,-0.0014994144439697266
31,15,113,117.0,4.060715675354004,4.0610833168029785,0.0003676414489746094
31,15,114,160.0,3.7659225463867188,3.765576124191284,-0.0003464221954345703
31,15,115,115.0,3.034438133239746,3.033172845840454,-0.0012652873992919922
31,15,116,120.0,3.3571696281433105,3.363509178161621,0.006339550018310547
31,15,117,186.0,3.4980924129486084,3.500671148300171,0.0025787353515625
31,15,118,138.0,3.0037918090820312,3.004633665084839,0.0008418560028076172
31,15,119,80.0,2.1522231101989746,2.158295154571533,0.006072044372558594
31,15,120,164.0,2.666628122329712,2.6690680980682373,0.0024399757385253906
31,15,121,215.0,3.3896234035491943,3.3900251388549805,0.0004017353057861328
31,15,122,81.0,3.035551071166992,3.0404443740844727,0.004893302917480469
31,15,123,171.0,2.9384942054748535,2.9454376697540283,0.006943464279174805
31,15,124,41.0,5.417657375335693,5.410130023956299,-0.007527351379394531
31,15,125,103.0,3.7517361640930176,3.754845142364502,0.003108978271484375
31,15,126,145.0,2.8366682529449463,2.832920789718628,-0.0037474632263183594
31,15,127,102.0,2.7819013595581055,2.7731971740722656,-0.008704185485839844
31,16,0,196.0,3.129199504852295,3.1197824478149414,-0.009417057037353516
31,16,1,127.0,2.998192548751831,3.001110553741455,0.0029180049896240234
31,16,2,162.0,2.099813938140869,2.10185170173645,0.0020377635955810547
31,16,3,92.0,3.952493190765381,3.9479825496673584,-0.004510641098022461
31,16,4,194.0,2.782571315765381,2.7831294536590576,0.0005581378936767578
31,16,5,115.0,2.7538414001464844,2.758531093597412,0.004689693450927734
31,16,6,109.0,4.127994060516357,4.122289180755615,-0.0057048797607421875
31,16,7,48.0,3.018592119216919,3.0174360275268555,-0.0011560916900634766
31,16,8,69.0,3.3226022720336914,3.307176351547241,-0.015425920486450195
31,16,9,85.0,3.0205674171447754,3.0186057090759277,-0.0019617080688476562
31,16,10,238.0,2.6267495155334473,2.626763343811035,1.3828277587890625e-05
31,16,11,233.0,2.4413414001464844,2.437027931213379,-0.004313468933105469
31,16,12,208.0,2.959929943084717,2.9633588790893555,0.003428936004638672
31,16,13,196.0,2.753826141357422,2.754589557647705,0.0007634162902832031
31,16,14,131.0,2.9712021350860596,2.966480255126953,-0.004721879959106445
31,16,15,125.0,2.7515416145324707,2.7485880851745605,-0.0029535293579101562
31,16,16,61.0,4.166540145874023,4.166189670562744,-0.0003504753112792969
31,16,17,164.0,1.9632303714752197,1.9603524208068848,-0.002877950668334961
31,16,18,107.0,3.135986328125,3.1458117961883545,0.009825468063354492
31,16,19,48.0,3.4995276927948,3.506124496459961,0.006596803665161133
31,16,20,74.0,1.9705148935317993,1.9790030717849731,0.008488178253173828
31,16,21,103.0,2.235994577407837,2.2235090732574463,-0.012485504150390625
31,16,22,114.0,3.2786149978637695,3.2684454917907715,-0.010169506072998047
31,16,23,50.0,5.015505313873291,5.008052349090576,-0.007452964782714844
31,16,24,281.0,2.3039751052856445,2.300544023513794,-0.003431081771850586
31,16,25,247.0,1.9686022996902466,1.9713947772979736,0.0027924776077270508
31,16,26,173.0,3.4113833904266357,3.4116220474243164,0.00023865699768066406
31,16,27,166.0,3.050419330596924,3.047700881958008,-0.0027184486389160156
31,16,28,98.0,2.611907482147217,2.6169650554656982,0.005057573318481445
31,16,29,174.0,3.051379919052124,3.0557899475097656,0.0044100284576416016
31,16,30,173.0,2.750077724456787,2.7437565326690674,-0.0063211917877197266
31,16,31,215.0,3.4014222621917725,3.402708053588867,0.0012857913970947266
31,16,32,186.0,2.6455953121185303,2.6443700790405273,-0.0012252330780029297
31,16,33,153.0,2.4407522678375244,2.4260220527648926,-0.014730215072631836
31,16,34,147.0,2.7246551513671875,2.728055953979492,0.0034008026123046875
31,16,35,50.0,4.024989604949951,4.028405666351318,0.0034160614013671875
31,16,36,86.0,2.0081088542938232,2.000231981277466,-0.007876873016357422
31,16,37,154.0,3.517357349395752,3.5194404125213623,0.0020830631256103516
31,16,38,265.0,2.388361930847168,2.390141248703003,0.001779317855834961
31,16,39,199.0,3.1552681922912598,3.1577091217041016,0.002440929412841797
31,16,40,138.0,2.536069631576538,2.5311543941497803,-0.0049152374267578125
31,16,41,98.0,3.269590377807617,3.2763447761535645,0.006754398345947266
31,16,42,167.0,2.519949436187744,2.5200982093811035,0.000148773193359375
31,16,43,288.0,3.7899160385131836,3.7916462421417236,0.001730203628540039
31,16,44,225.0,2.509033441543579,2.5091781616210938,0.00014472007751464844
31,16,45,191.0,3.1287972927093506,3.12267804145813,-0.006119251251220703
31,16,46,92.0,4.466386795043945,4.461709022521973,-0.004677772521972656
31,16,47,41.0,4.971887588500977,4.967109680175781,-0.0047779083251953125
31,16,48,231.0,2.9811513423919678,2.984706401824951,0.0035550594329833984
31,16,49,101.0,2.116225004196167,2.1137161254882812,-0.002508878707885742
31,16,50,177.0,2.9830946922302246,2.9864394664764404,0.0033447742462158203
31,16,51,252.0,3.516876697540283,3.515333890914917,-0.001542806625366211
31,16,52,259.0,2.737027645111084,2.739732027053833,0.0027043819427490234
31,16,53,47.0,1.9067243337631226,1.9036166667938232,-0.0031076669692993164
31,16,54,164.0,2.2345211505889893,2.236246347427368,0.0017251968383789062
31,16,55,94.0,3.3757195472717285,3.370816469192505,-0.004903078079223633
31,16,56,103.0,3.3878378868103027,3.3867135047912598,-0.0011243820190429688
31,16,57,78.0,3.3106584548950195,3.3098888397216797,-0.0007696151733398438
31,16,58,239.0,3.107602596282959,3.108398914337158,0.0007963180541992188
31,16,59,271.0,4.418605804443359,4.42123556137085,0.0026297569274902344
31,16,60,162.0,2.9131579399108887,2.907506227493286,-0.005651712417602539
31,16,61,179.0,3.214285135269165,3.2161080837249756,0.0018229484558105469
31,16,62,218.0,2.5891129970550537,2.5868289470672607,-0.0022840499877929688
31,16,63,81.0,3.4107165336608887,3.414828062057495,0.004111528396606445
31,16,64,93.0,3.5013821125030518,3.4919450283050537,-0.009437084197998047
31,16,65,72.0,3.358228921890259,3.3597586154937744,0.001529693603515625
31,16,66,230.0,3.3264732360839844,3.3248298168182373,-0.0016434192657470703
31,16,67,99.0,2.410640239715576,2.405998706817627,-0.004641532897949219
31,16,68,213.0,2.6581079959869385,2.6560699939727783,-0.0020380020141601562
31,16,69,119.0,2.5800669193267822,2.579521656036377,-0.0005452632904052734
31,16,70,161.0,2.929652214050293,2.933509588241577,0.0038573741912841797
31,16,71,90.0,3.9417757987976074,3.9425227642059326,0.0007469654083251953
31,16,72,181.0,2.8265914916992188,2.829235553741455,0.002644062042236328
31,16,73,95.0,3.8289499282836914,3.829887866973877,0.0009379386901855469
31,16,74,245.0,2.2537572383880615,2.2480783462524414,-0.005678892135620117
31,16,75,93.0,1.7269396781921387,1.7261884212493896,-0.0007512569427490234
31,16,76,225.0,2.4448561668395996,2.445425271987915,0.0005691051483154297
31,16,77,61.0,3.08821439743042,3.0850160121917725,-0.003198385238647461
31,16,78,257.0,3.5650999546051025,3.558290481567383,-0.0068094730377197266
31,16,79,165.0,2.7435922622680664,2.743579149246216,-1.3113021850585938e-05
31,16,80,117.0,4.079967498779297,4.08189582824707,0.0019283294677734375
31,16,81,89.0,3.1170668601989746,3.1173665523529053,0.00029969215393066406
31,16,82,291.0,3.542208671569824,3.544616460800171,0.0024077892303466797
31,16,83,93.0,3.1824769973754883,3.181375503540039,-0.0011014938354492188
31,16,84,228.0,1.8533809185028076,1.8301771879196167,-0.023203730583190918
31,16,85,131.0,2.4851677417755127,2.478841781616211,-0.006325960159301758
31,16,86,191.0,3.915872573852539,3.916590452194214,0.0007178783416748047
31,16,87,238.0,4.8885579109191895,4.883434295654297,-0.005123615264892578
31,16,88,210.0,2.9943952560424805,3.0061190128326416,0.011723756790161133
31,16,89,107.0,4.1228203773498535,4.127566337585449,0.004745960235595703
31,16,90,217.0,2.7718281745910645,2.779200792312622,0.007372617721557617
31,16,91,199.0,3.112976312637329,3.1145927906036377,0.0016164779663085938
31,16,92,84.0,2.381793260574341,2.3907628059387207,0.008969545364379883
31,16,93,271.0,3.5375630855560303,3.5329041481018066,-0.004658937454223633
31,16,94,226.0,3.105239152908325,3.1044998168945312,-0.0007393360137939453
31,16,95,258.0,3.5427961349487305,3.545377016067505,0.002580881118774414
31,16,96,86.0,3.23514723777771,3.2412173748016357,0.006070137023925781
31,16,97,142.0,4.2480573654174805,4.2415056228637695,-0.0065517425537109375
31,16,98,42.0,1.9809751510620117,1.9765970706939697,-0.004378080368041992
31,16,99,224.0,2.4784393310546875,2.4774234294891357,-0.0010159015655517578
31,16,100,197.0,1.853989601135254,1.8537379503250122,-0.0002516508102416992
31,16,101,85.0,2.4941816329956055,2.4860782623291016,-0.008103370666503906
31,16,102,195.0,3.122326612472534,3.122396230697632,6.961822509765625e-05
31,16,103,102.0,3.1147775650024414,3.1157000064849854,0.0009224414825439453
31,16,104,181.0,3.189467191696167,3.195247173309326,0.00577998161315918
31,16,105,72.0,1.8649518489837646,1.8539971113204956,-0.010954737663269043
31,16,106,130.0,4.294760227203369,4.290595531463623,-0.004164695739746094
31,16,107,62.0,2.4163553714752197,2.410689353942871,-0.005666017532348633
31,16,108,263.0,3.546691656112671,3.545628547668457,-0.0010631084442138672
31,16,109,194.0,2.697882890701294,2.6967062950134277,-0.001176595687866211
31,16,110,174.0,2.602036237716675,2.5982680320739746,-0.0037682056427001953
31,16,111,235.0,3.703277826309204,3.7067408561706543,0.0034630298614501953
31,16,112,143.0,3.633587121963501,3.628779888153076,-0.004807233810424805
31,16,113,117.0,4.060715675354004,4.067389965057373,0.006674289703369141
31,16,114,160.0,3.7659225463867188,3.768502712249756,0.0025801658630371094
31,16,115,115.0,3.034438133239746,3.0396862030029297,0.005248069763183594
31,16,116,120.0,3.3571696281433105,3.358405590057373,0.0012359619140625
31,16,117,186.0,3.4980924129486084,3.4987852573394775,0.0006928443908691406
31,16,118,138.0,3.0037918090820312,2.9969353675842285,-0.006856441497802734
31,16,119,80.0,2.1522231101989746,2.1537094116210938,0.0014863014221191406
31,16,120,164.0,2.666628122329712,2.668454170227051,0.0018260478973388672
31,16,121,215.0,3.3896234035491943,3.3890175819396973,-0.0006058216094970703
31,16,122,81.0,3.035551071166992,3.0361368656158447,0.0005857944488525391
31,16,123,171.0,2.9384942054748535,2.9363245964050293,-0.0021696090698242188
31,16,124,41.0,5.417657375335693,5.4260783195495605,0.008420944213867188
31,16,125,103.0,3.7517361640930176,3.7488350868225098,-0.0029010772705078125
31,16,126,145.0,2.8366682529449463,2.838144540786743,0.001476287841796875
31,16,127,102.0,2.7819013595581055,2.7731947898864746,-0.00870656967163086
31,17,0,196.0,3.129199504852295,3.12288236618042,-0.006317138671875
31,17,1,127.0,2.998192548751831,3.009161949157715,0.010969400405883789
31,17,2,162.0,2.099813938140869,2.106199264526367,0.006385326385498047
31,17,3,92.0,3.952493190765381,3.9582231044769287,0.0057299137115478516
31,17,4,194.0,2.782571315765381,2.7967569828033447,0.014185667037963867
31,17,5,115.0,2.7538414001464844,2.7519638538360596,-0.0018775463104248047
31,17,6,109.0,4.127994060516357,4.117030143737793,-0.010963916778564453
31,17,7,48.0,3.018592119216919,3.0113089084625244,-0.007283210754394531
31,17,8,69.0,3.3226022720336914,3.317133903503418,-0.0054683685302734375
31,17,9,85.0,3.0205674171447754,3.0167763233184814,-0.0037910938262939453
31,17,10,238.0,2.6267495155334473,2.630014181137085,0.0032646656036376953
31,17,11,233.0,2.4413414001464844,2.4346981048583984,-0.0066432952880859375
31,17,12,208.0,2.959929943084717,2.9601640701293945,0.00023412704467773438
31,17,13,196.0,2.753826141357422,2.750095844268799,-0.003730297088623047
31,17,14,131.0,2.9712021350860596,2.972377061843872,0.0011749267578125
31,17,15,125.0,2.7515416145324707,2.755143880844116,0.003602266311645508
31,17,16,61.0,4.166540145874023,4.167286396026611,0.0007462501525878906
31,17,17,164.0,1.9632303714752197,1.9590908288955688,-0.004139542579650879
31,17,18,107.0,3.135986328125,3.1361732482910156,0.000186920166015625
31,17,19,48.0,3.4995276927948,3.5086164474487305,0.009088754653930664
31,17,20,74.0,1.9705148935317993,1.9820616245269775,0.011546730995178223
31,17,21,103.0,2.235994577407837,2.2524256706237793,0.016431093215942383
31,17,22,114.0,3.2786149978637695,3.2762045860290527,-0.002410411834716797
31,17,23,50.0,5.015505313873291,5.004217624664307,-0.011287689208984375
31,17,24,281.0,2.3039751052856445,2.302292823791504,-0.001682281494140625
31,17,25,247.0,1.9686022996902466,1.9662978649139404,-0.0023044347763061523
31,17,26,173.0,3.4113833904266357,3.4107754230499268,-0.0006079673767089844
31,17,27,166.0,3.050419330596924,3.041614532470703,-0.008804798126220703
31,17,28,98.0,2.611907482147217,2.611591339111328,-0.0003161430358886719
31,17,29,174.0,3.051379919052124,3.051741600036621,0.0003616809844970703
31,17,30,173.0,2.750077724456787,2.748866558074951,-0.0012111663818359375
31,17,31,215.0,3.4014222621917725,3.4024438858032227,0.0010216236114501953
31,17,32,186.0,2.6455953121185303,2.640387773513794,-0.005207538604736328
31,17,33,153.0,2.4407522678375244,2.442574977874756,0.0018227100372314453
31,17,34,147.0,2.7246551513671875,2.7230372428894043,-0.0016179084777832031
31,17,35,50.0,4.024989604949951,3.9932947158813477,-0.031694889068603516
31,17,36,86.0,2.0081088542938232,2.0281898975372314,0.020081043243408203
31,17,37,154.0,3.517357349395752,3.523023843765259,0.005666494369506836
31,17,38,265.0,2.388361930847168,2.3869709968566895,-0.0013909339904785156
31,17,39,199.0,3.1552681922912598,3.1574878692626953,0.002219676971435547
31,17,40,138.0,2.536069631576538,2.5299198627471924,-0.006149768829345703
31,17,41,98.0,3.269590377807617,3.276644229888916,0.007053852081298828
31,17,42,167.0,2.519949436187744,2.519634246826172,-0.0003151893615722656
31,17,43,288.0,3.7899160385131836,3.7876133918762207,-0.0023026466369628906
31,17,44,225.0,2.509033441543579,2.4971556663513184,-0.011877775192260742
31,17,45,191.0,3.1287972927093506,3.1232423782348633,-0.005554914474487305
31,17,46,92.0,4.466386795043945,4.458754539489746,-0.007632255554199219
31,17,47,41.0,4.971887588500977,4.973512649536133,0.00162506103515625
31,17,48,231.0,2.9811513423919678,2.980790376663208,-0.0003609657287597656
31,17,49,101.0,2.116225004196167,2.115358352661133,-0.0008666515350341797
31,17,50,177.0,2.9830946922302246,2.9777307510375977,-0.005363941192626953
31,17,51,252.0,3.516876697540283,3.5151216983795166,-0.0017549991607666016
31,17,52,259.0,2.737027645111084,2.7355148792266846,-0.001512765884399414
31,17,53,47.0,1.9067243337631226,1.9026225805282593,-0.004101753234863281
31,17,54,164.0,2.2345211505889893,2.2347664833068848,0.0002453327178955078
31,17,55,94.0,3.3757195472717285,3.378230571746826,0.0025110244750976562
31,17,56,103.0,3.3878378868103027,3.3678014278411865,-0.02003645896911621
31,17,57,78.0,3.3106584548950195,3.315742015838623,0.005083560943603516
31,17,58,239.0,3.107602596282959,3.106025457382202,-0.001577138900756836
31,17,59,271.0,4.418605804443359,4.415493011474609,-0.00311279296875
31,17,60,162.0,2.9131579399108887,2.911193609237671,-0.0019643306732177734
31,17,61,179.0,3.214285135269165,3.209031105041504,-0.005254030227661133
31,17,62,218.0,2.5891129970550537,2.587967872619629,-0.0011451244354248047
31,17,63,81.0,3.4107165336608887,3.412618637084961,0.0019021034240722656
31,17,64,93.0,3.5013821125030518,3.4969797134399414,-0.0044023990631103516
31,17,65,72.0,3.358228921890259,3.345519542694092,-0.012709379196166992
31,17,66,230.0,3.3264732360839844,3.3219106197357178,-0.0045626163482666016
31,17,67,99.0,2.410640239715576,2.442824363708496,0.03218412399291992
31,17,68,213.0,2.6581079959869385,2.6566359996795654,-0.0014719963073730469
31,17,69,119.0,2.5800669193267822,2.5777931213378906,-0.0022737979888916016
31,17,70,161.0,2.929652214050293,2.9314284324645996,0.0017762184143066406
31,17,71,90.0,3.9417757987976074,3.940147638320923,-0.0016281604766845703
31,17,72,181.0,2.8265914916992188,2.8250114917755127,-0.0015799999237060547
31,17,73,95.0,3.8289499282836914,3.8420963287353516,0.013146400451660156
31,17,74,245.0,2.2537572383880615,2.2451326847076416,-0.008624553680419922
31,17,75,93.0,1.7269396781921387,1.7233529090881348,-0.0035867691040039062
31,17,76,225.0,2.4448561668395996,2.446690797805786,0.0018346309661865234
31,17,77,61.0,3.08821439743042,3.108346939086914,0.02013254165649414
31,17,78,257.0,3.5650999546051025,3.5626657009124756,-0.002434253692626953
31,17,79,165.0,2.7435922622680664,2.74385404586792,0.0002617835998535156
31,17,80,117.0,4.079967498779297,4.07611083984375,-0.003856658935546875
31,17,81,89.0,3.1170668601989746,3.1180615425109863,0.0009946823120117188
31,17,82,291.0,3.542208671569824,3.5376312732696533,-0.0045773983001708984
31,17,83,93.0,3.1824769973754883,3.178351402282715,-0.0041255950927734375
31,17,84,228.0,1.8533809185028076,1.8734104633331299,0.020029544830322266
31,17,85,131.0,2.4851677417755127,2.484994649887085,-0.00017309188842773438
31,17,86,191.0,3.915872573852539,3.9046170711517334,-0.011255502700805664
31,17,87,238.0,4.8885579109191895,4.890484809875488,0.0019268989562988281
31,17,88,210.0,2.9943952560424805,3.0135419368743896,0.01914668083190918
31,17,89,107.0,4.1228203773498535,4.1169891357421875,-0.005831241607666016
31,17,90,217.0,2.7718281745910645,2.768489122390747,-0.003339052200317383
31,17,91,199.0,3.112976312637329,3.113001585006714,2.5272369384765625e-05
31,17,92,84.0,2.381793260574341,2.37155818939209,-0.010235071182250977
31,17,93,271.0,3.5375630855560303,3.5329644680023193,-0.0045986175537109375
31,17,94,226.0,3.105239152908325,3.1002488136291504,-0.004990339279174805
31,17,95,258.0,3.5427961349487305,3.542340040206909,-0.00045609474182128906
31,17,96,86.0,3.23514723777771,3.2271103858947754,-0.00803685188293457
31,17,97,142.0,4.2480573654174805,4.242456912994385,-0.005600452423095703
31,17,98,42.0,1.9809751510620117,1.9445825815200806,-0.03639256954193115
31,17,99,224.0,2.4784393310546875,2.4737772941589355,-0.004662036895751953
31,17,100,197.0,1.853989601135254,1.8489410877227783,-0.005048513412475586
31,17,101,85.0,2.4941816329956055,2.4853708744049072,-0.008810758590698242
31,17,102,195.0,3.122326612472534,3.122670888900757,0.00034427642822265625
31,17,103,102.0,3.1147775650024414,3.105471134185791,-0.00930643081665039
31,17,104,181.0,3.189467191696167,3.1911849975585938,0.0017178058624267578
31,17,105,72.0,1.8649518489837646,1.8629106283187866,-0.0020412206649780273
31,17,106,130.0,4.294760227203369,4.299343585968018,0.0045833587646484375
31,17,107,62.0,2.4163553714752197,2.41020131111145,-0.006154060363769531
31,17,108,263.0,3.546691656112671,3.540407180786133,-0.006284475326538086
31,17,109,194.0,2.697882890701294,2.6980464458465576,0.00016355514526367188
31,17,110,174.0,2.602036237716675,2.595637559890747,-0.006398677825927734
31,17,111,235.0,3.703277826309204,3.70493745803833,0.0016596317291259766
31,17,112,143.0,3.633587121963501,3.6276540756225586,-0.005933046340942383
31,17,113,117.0,4.060715675354004,4.067907810211182,0.007192134857177734
31,17,114,160.0,3.7659225463867188,3.762921094894409,-0.0030014514923095703
31,17,115,115.0,3.034438133239746,3.033506155014038,-0.0009319782257080078
31,17,116,120.0,3.3571696281433105,3.3646674156188965,0.0074977874755859375
31,17,117,186.0,3.4980924129486084,3.5038504600524902,0.005758047103881836
31,17,118,138.0,3.0037918090820312,3.0050034523010254,0.0012116432189941406
31,17,119,80.0,2.1522231101989746,2.152946949005127,0.0007238388061523438
31,17,120,164.0,2.666628122329712,2.669890880584717,0.003262758255004883
31,17,121,215.0,3.3896234035491943,3.391319990158081,0.0016965866088867188
31,17,122,81.0,3.035551071166992,3.041072368621826,0.005521297454833984
31,17,123,171.0,2.9384942054748535,2.941716194152832,0.0032219886779785156
31,17,124,41.0,5.417657375335693,5.42159366607666,0.003936290740966797
31,17,125,103.0,3.7517361640930176,3.7534303665161133,0.0016942024230957031
31,17,126,145.0,2.8366682529449463,2.8262500762939453,-0.010418176651000977
31,17,127,102.0,2.7819013595581055,2.78290057182312,0.0009992122650146484
31,18,0,196.0,3.129199504852295,3.1339364051818848,0.004736900329589844
31,18,1,127.0,2.998192548751831,2.9913642406463623,-0.00682830810546875
31,18,2,162.0,2.099813938140869,2.1046478748321533,0.00483393669128418
31,18,3,92.0,3.952493190765381,3.9525585174560547,6.532669067382812e-05
31,18,4,194.0,2.782571315765381,2.776623249053955,-0.005948066711425781
31,18,5,115.0,2.7538414001464844,2.7558672428131104,0.0020258426666259766
31,18,6,109.0,4.127994060516357,4.123021602630615,-0.0049724578857421875
31,18,7,48.0,3.018592119216919,3.0166614055633545,-0.0019307136535644531
31,18,8,69.0,3.3226022720336914,3.313188314437866,-0.009413957595825195
31,18,9,85.0,3.0205674171447754,3.026794910430908,0.0062274932861328125
31,18,10,238.0,2.6267495155334473,2.6323070526123047,0.005557537078857422
31,18,11,233.0,2.4413414001464844,2.4409310817718506,-0.00041031837463378906
31,18,12,208.0,2.959929943084717,2.9587998390197754,-0.0011301040649414062
31,18,13,196.0,2.753826141357422,2.756666421890259,0.002840280532836914
31,18,14,131.0,2.9712021350860596,2.9658756256103516,-0.005326509475708008
31,18,15,125.0,2.7515416145324707,2.75048828125,-0.0010533332824707031
31,18,16,61.0,4.166540145874023,4.161417484283447,-0.005122661590576172
31,18,17,164.0,1.9632303714752197,1.96028470993042,-0.0029456615447998047
31,18,18,107.0,3.135986328125,3.140021324157715,0.004034996032714844
31,18,19,48.0,3.4995276927948,3.4997730255126953,0.0002453327178955078
31,18,20,74.0,1.9705148935317993,1.9642283916473389,-0.006286501884460449
31,18,21,103.0,2.235994577407837,2.2752468585968018,0.039252281188964844
31,18,22,114.0,3.2786149978637695,3.2802212238311768,0.0016062259674072266
31,18,23,50.0,5.015505313873291,5.014864444732666,-0.000640869140625
31,18,24,281.0,2.3039751052856445,2.307075023651123,0.0030999183654785156
31,18,25,247.0,1.9686022996902466,1.9661284685134888,-0.0024738311767578125
31,18,26,173.0,3.4113833904266357,3.4101202487945557,-0.0012631416320800781
31,18,27,166.0,3.050419330596924,3.058940887451172,0.008521556854248047
31,18,28,98.0,2.611907482147217,2.617112874984741,0.005205392837524414
31,18,29,174.0,3.051379919052124,3.057486057281494,0.006106138229370117
31,18,30,173.0,2.750077724456787,2.7507197856903076,0.0006420612335205078
31,18,31,215.0,3.4014222621917725,3.405412435531616,0.00399017333984375
31,18,32,186.0,2.6455953121185303,2.6446943283081055,-0.0009009838104248047
31,18,33,153.0,2.4407522678375244,2.4367105960845947,-0.0040416717529296875
31,18,34,147.0,2.7246551513671875,2.7277841567993164,0.0031290054321289062
31,18,35,50.0,4.024989604949951,4.0179853439331055,-0.007004261016845703
31,18,36,86.0,2.0081088542938232,2.003700017929077,-0.004408836364746094
31,18,37,154.0,3.517357349395752,3.5196714401245117,0.0023140907287597656
31,18,38,265.0,2.388361930847168,2.3878352642059326,-0.0005266666412353516
31,18,39,199.0,3.1552681922912598,3.159820795059204,0.004552602767944336
31,18,40,138.0,2.536069631576538,2.5327072143554688,-0.003362417221069336
31,18,41,98.0,3.269590377807617,3.2755064964294434,0.005916118621826172
31,18,42,167.0,2.519949436187744,2.5183839797973633,-0.0015654563903808594
31,18,43,288.0,3.7899160385131836,3.7925844192504883,0.0026683807373046875
31,18,44,225.0,2.509033441543579,2.5136280059814453,0.004594564437866211
31,18,45,191.0,3.1287972927093506,3.1350388526916504,0.006241559982299805
31,18,46,92.0,4.466386795043945,4.4610595703125,-0.0053272247314453125
31,18,47,41.0,4.971887588500977,4.966463565826416,-0.005424022674560547
31,18,48,231.0,2.9811513423919678,2.981137990951538,-1.33514404296875e-05
31,18,49,101.0,2.116225004196167,2.1133062839508057,-0.002918720245361328
31,18,50,177.0,2.9830946922302246,2.981156587600708,-0.0019381046295166016
31,18,51,252.0,3.516876697540283,3.524742364883423,0.007865667343139648
31,18,52,259.0,2.737027645111084,2.738024950027466,0.000997304916381836
31,18,53,47.0,1.9067243337631226,1.9035266637802124,-0.0031976699829101562
31,18,54,164.0,2.2345211505889893,2.2305705547332764,-0.003950595855712891
31,18,55,94.0,3.3757195472717285,3.371574878692627,-0.0041446685791015625
31,18,56,103.0,3.3878378868103027,3.388646364212036,0.0008084774017333984
31,18,57,78.0,3.3106584548950195,3.3042216300964355,-0.006436824798583984
31,18,58,239.0,3.107602596282959,3.1028647422790527,-0.00473785400390625
31,18,59,271.0,4.418605804443359,4.4165754318237305,-0.0020303726196289062
31,18,60,162.0,2.9131579399108887,2.9119515419006348,-0.0012063980102539062
31,18,61,179.0,3.214285135269165,3.2118239402770996,-0.0024611949920654297
31,18,62,218.0,2.5891129970550537,2.587449312210083,-0.0016636848449707031
31,18,63,81.0,3.4107165336608887,3.4050748348236084,-0.0056416988372802734
31,18,64,93.0,3.5013821125030518,3.506934642791748,0.005552530288696289
31,18,65,72.0,3.358228921890259,3.3650624752044678,0.006833553314208984
31,18,66,230.0,3.3264732360839844,3.326505422592163,3.218650817871094e-05
31,18,67,99.0,2.410640239715576,2.449521541595459,0.03888130187988281
31,18,68,213.0,2.6581079959869385,2.6593945026397705,0.0012865066528320312
31,18,69,119.0,2.5800669193267822,2.5844385623931885,0.00437164306640625
31,18,70,161.0,2.929652214050293,2.9357798099517822,0.006127595901489258
31,18,71,90.0,3.9417757987976074,3.9433345794677734,0.0015587806701660156
31,18,72,181.0,2.8265914916992188,2.8283302783966064,0.0017387866973876953
31,18,73,95.0,3.8289499282836914,3.82427978515625,-0.004670143127441406
31,18,74,245.0,2.2537572383880615,2.2633700370788574,0.009612798690795898
31,18,75,93.0,1.7269396781921387,1.7289687395095825,0.0020290613174438477
31,18,76,225.0,2.4448561668395996,2.4420692920684814,-0.002786874771118164
31,18,77,61.0,3.08821439743042,3.0920679569244385,0.0038535594940185547
31,18,78,257.0,3.5650999546051025,3.566337823867798,0.0012378692626953125
31,18,79,165.0,2.7435922622680664,2.7410635948181152,-0.002528667449951172
31,18,80,117.0,4.079967498779297,4.0854082107543945,0.005440711975097656
31,18,81,89.0,3.1170668601989746,3.1133620738983154,-0.0037047863006591797
31,18,82,291.0,3.542208671569824,3.548368453979492,0.006159782409667969
31,18,83,93.0,3.1824769973754883,3.183156728744507,0.0006797313690185547
31,18,84,228.0,1.8533809185028076,1.855527400970459,0.002146482467651367
31,18,85,131.0,2.4851677417755127,2.4903061389923096,0.005138397216796875
31,18,86,191.0,3.915872573852539,3.916166067123413,0.00029349327087402344
31,18,87,238.0,4.8885579109191895,4.886192321777344,-0.002365589141845703
31,18,88,210.0,2.9943952560424805,2.99075984954834,-0.003635406494140625
31,18,89,107.0,4.1228203773498535,4.1274309158325195,0.004610538482666016
31,18,90,217.0,2.7718281745910645,2.773336887359619,0.0015087127685546875
31,18,91,199.0,3.112976312637329,3.112531900405884,-0.0004444122314453125
31,18,92,84.0,2.381793260574341,2.3777201175689697,-0.004073143005371094
31,18,93,271.0,3.5375630855560303,3.538315773010254,0.0007526874542236328
31,18,94,226.0,3.105239152908325,3.098712682723999,-0.006526470184326172
31,18,95,258.0,3.5427961349487305,3.551758050918579,0.008961915969848633
31,18,96,86.0,3.23514723777771,3.2290258407592773,-0.006121397018432617
31,18,97,142.0,4.2480573654174805,4.247271537780762,-0.00078582763671875
31,18,98,42.0,1.9809751510620117,1.9667556285858154,-0.014219522476196289
31,18,99,224.0,2.4784393310546875,2.48095440864563,0.002515077590942383
31,18,100,197.0,1.853989601135254,1.85368013381958,-0.0003094673156738281
31,18,101,85.0,2.4941816329956055,2.4990015029907227,0.0048198699951171875
31,18,102,195.0,3.122326612472534,3.120208501815796,-0.0021181106567382812
31,18,103,102.0,3.1147775650024414,3.113771438598633,-0.0010061264038085938
31,18,104,181.0,3.189467191696167,3.1937201023101807,0.004252910614013672
31,18,105,72.0,1.8649518489837646,1.8611518144607544,-0.003800034523010254
31,18,106,130.0,4.294760227203369,4.29034423828125,-0.004415988922119141
31,18,107,62.0,2.4163553714752197,2.4188292026519775,0.0024738311767578125
31,18,108,263.0,3.546691656112671,3.5505521297454834,0.0038604736328125
31,18,109,194.0,2.697882890701294,2.6993484497070312,0.0014655590057373047
31,18,110,174.0,2.602036237716675,2.6004207134246826,-0.0016155242919921875
31,18,111,235.0,3.703277826309204,3.715728282928467,0.012450456619262695
31,18,112,143.0,3.633587121963501,3.6316165924072266,-0.001970529556274414
31,18,113,117.0,4.060715675354004,4.064385890960693,0.003670215606689453
31,18,114,160.0,3.7659225463867188,3.768280029296875,0.00235748291015625
31,18,115,115.0,3.034438133239746,3.0255610942840576,-0.008877038955688477
31,18,116,120.0,3.3571696281433105,3.3594350814819336,0.002265453338623047
31,18,117,186.0,3.4980924129486084,3.5095038414001465,0.011411428451538086
31,18,118,138.0,3.0037918090820312,3.0095767974853516,0.0057849884033203125
31,18,119,80.0,2.1522231101989746,2.1562912464141846,0.004068136215209961
31,18,120,164.0,2.666628122329712,2.666577100753784,-5.1021575927734375e-05
31,18,121,215.0,3.3896234035491943,3.3899075984954834,0.0002841949462890625
31,18,122,81.0,3.035551071166992,3.0400538444519043,0.004502773284912109
31,18,123,171.0,2.9384942054748535,2.945478916168213,0.006984710693359375
31,18,124,41.0,5.417657375335693,5.4289398193359375,0.01128244400024414
31,18,125,103.0,3.7517361640930176,3.752964735031128,0.0012285709381103516
31,18,126,145.0,2.8366682529449463,2.8329484462738037,-0.003719806671142578
31,18,127,102.0,2.7819013595581055,2.779128313064575,-0.0027730464935302734
31,19,0,196.0,3.129199504852295,3.129434108734131,0.0002346038818359375
31,19,1,127.0,2.998192548751831,3.013469934463501,0.015277385711669922
31,19,2,162.0,2.099813938140869,2.100911855697632,0.0010979175567626953
31,19,3,92.0,3.952493190765381,3.9512860774993896,-0.001207113265991211
31,19,4,194.0,2.782571315765381,2.788740396499634,0.00616908073425293
31,19,5,115.0,2.7538414001464844,2.7548694610595703,0.0010280609130859375
31,19,6,109.0,4.127994060516357,4.118719577789307,-0.009274482727050781
31,19,7,48.0,3.018592119216919,3.0151126384735107,-0.003479480743408203
31,19,8,69.0,3.3226022720336914,3.308257579803467,-0.01434469223022461
31,19,9,85.0,3.0205674171447754,3.0217325687408447,0.001165151596069336
31,19,10,238.0,2.6267495155334473,2.632817029953003,0.006067514419555664
31,19,11,233.0,2.4413414001464844,2.44392728805542,0.002585887908935547
31,19,12,208.0,2.959929943084717,2.960195779800415,0.0002658367156982422
31,19,13,196.0,2.753826141357422,2.751262664794922,-0.0025634765625
31,19,14,131.0,2.9712021350860596,2.9752204418182373,0.004018306732177734
31,19,15,125.0,2.7515416145324707,2.7494072914123535,-0.0021343231201171875
31,19,16,61.0,4.166540145874023,4.167037487030029,0.0004973411560058594
31,19,17,164.0,1.9632303714752197,1.9573328495025635,-0.00589752197265625
31,19,18,107.0,3.135986328125,3.133452892303467,-0.002533435821533203
31,19,19,48.0,3.4995276927948,3.5020792484283447,0.002551555633544922
31,19,20,74.0,1.9705148935317993,1.9688221216201782,-0.0016927719116210938
31,19,21,103.0,2.235994577407837,2.2490243911743164,0.013029813766479492
31,19,22,114.0,3.2786149978637695,3.272531509399414,-0.006083488464355469
31,19,23,50.0,5.015505313873291,5.011538505554199,-0.003966808319091797
31,19,24,281.0,2.3039751052856445,2.30818772315979,0.004212617874145508
31,19,25,247.0,1.9686022996902466,1.965675950050354,-0.002926349639892578
31,19,26,173.0,3.4113833904266357,3.406317710876465,-0.0050656795501708984
31,19,27,166.0,3.050419330596924,3.052837610244751,0.0024182796478271484
31,19,28,98.0,2.611907482147217,2.614004373550415,0.002096891403198242
31,19,29,174.0,3.051379919052124,3.0569121837615967,0.005532264709472656
31,19,30,173.0,2.750077724456787,2.759962558746338,0.009884834289550781
31,19,31,215.0,3.4014222621917725,3.4006125926971436,-0.0008096694946289062
31,19,32,186.0,2.6455953121185303,2.648642063140869,0.003046751022338867
31,19,33,153.0,2.4407522678375244,2.4422547817230225,0.0015025138854980469
31,19,34,147.0,2.7246551513671875,2.725172758102417,0.0005176067352294922
31,19,35,50.0,4.024989604949951,4.012006759643555,-0.012982845306396484
31,19,36,86.0,2.0081088542938232,2.006659746170044,-0.0014491081237792969
31,19,37,154.0,3.517357349395752,3.5183968544006348,0.0010395050048828125
31,19,38,265.0,2.388361930847168,2.388392686843872,3.075599670410156e-05
31,19,39,199.0,3.1552681922912598,3.1602280139923096,0.004959821701049805
31,19,40,138.0,2.536069631576538,2.5322303771972656,-0.003839254379272461
31,19,41,98.0,3.269590377807617,3.2769877910614014,0.00739741325378418
31,19,42,167.0,2.519949436187744,2.5211660861968994,0.0012166500091552734
31,19,43,288.0,3.7899160385131836,3.7916102409362793,0.0016942024230957031
31,19,44,225.0,2.509033441543579,2.5060184001922607,-0.0030150413513183594
31,19,45,191.0,3.1287972927093506,3.1339287757873535,0.00513148307800293
31,19,46,92.0,4.466386795043945,4.466131687164307,-0.0002551078796386719
31,19,47,41.0,4.971887588500977,4.981826305389404,0.009938716888427734
31,19,48,231.0,2.9811513423919678,2.9849936962127686,0.0038423538208007812
31,19,49,101.0,2.116225004196167,2.107774019241333,-0.008450984954833984
31,19,50,177.0,2.9830946922302246,2.9808666706085205,-0.0022280216217041016
31,19,51,252.0,3.516876697540283,3.520627737045288,0.003751039505004883
31,19,52,259.0,2.737027645111084,2.733067512512207,-0.003960132598876953
31,19,53,47.0,1.9067243337631226,1.90312659740448,-0.003597736358642578
31,19,54,164.0,2.2345211505889893,2.230958938598633,-0.0035622119903564453
31,19,55,94.0,3.3757195472717285,3.3725826740264893,-0.003136873245239258
31,19,56,103.0,3.3878378868103027,3.3879687786102295,0.0001308917999267578
31,19,57,78.0,3.3106584548950195,3.3078269958496094,-0.0028314590454101562
31,19,58,239.0,3.107602596282959,3.1056227684020996,-0.001979827880859375
31,19,59,271.0,4.418605804443359,4.418843746185303,0.00023794174194335938
31,19,60,162.0,2.9131579399108887,2.9170689582824707,0.003911018371582031
31,19,61,179.0,3.214285135269165,3.207915782928467,-0.006369352340698242
31,19,62,218.0,2.5891129970550537,2.58827543258667,-0.0008375644683837891
31,19,63,81.0,3.4107165336608887,3.406581163406372,-0.0041353702545166016
31,19,64,93.0,3.5013821125030518,3.490200996398926,-0.011181116104125977
31,19,65,72.0,3.358228921890259,3.346632719039917,-0.011596202850341797
31,19,66,230.0,3.3264732360839844,3.3237271308898926,-0.002746105194091797
31,19,67,99.0,2.410640239715576,2.4155633449554443,0.004923105239868164
31,19,68,213.0,2.6581079959869385,2.6649553775787354,0.006847381591796875
31,19,69,119.0,2.5800669193267822,2.582038164138794,0.0019712448120117188
31,19,70,161.0,2.929652214050293,2.9342641830444336,0.004611968994140625
31,19,71,90.0,3.9417757987976074,3.9491841793060303,0.0074083805084228516
31,19,72,181.0,2.8265914916992188,2.827669858932495,0.0010783672332763672
31,19,73,95.0,3.8289499282836914,3.834725856781006,0.005775928497314453
31,19,74,245.0,2.2537572383880615,2.2464206218719482,-0.007336616516113281
31,19,75,93.0,1.7269396781921387,1.7285412549972534,0.001601576805114746
31,19,76,225.0,2.4448561668395996,2.4437766075134277,-0.001079559326171875
31,19,77,61.0,3.08821439743042,3.103189468383789,0.01497507095336914
31,19,78,257.0,3.5650999546051025,3.561002016067505,-0.004097938537597656
31,19,79,165.0,2.7435922622680664,2.7427425384521484,-0.0008497238159179688
31,19,80,117.0,4.079967498779297,4.085418224334717,0.005450725555419922
31,19,81,89.0,3.1170668601989746,3.1106910705566406,-0.006375789642333984
31,19,82,291.0,3.542208671569824,3.540738821029663,-0.0014698505401611328
31,19,83,93.0,3.1824769973754883,3.1782729625701904,-0.0042040348052978516
31,19,84,228.0,1.8533809185028076,1.845518708229065,-0.007862210273742676
31,19,85,131.0,2.4851677417755127,2.482442855834961,-0.002724885940551758
31,19,86,191.0,3.915872573852539,3.908263921737671,-0.007608652114868164
31,19,87,238.0,4.8885579109191895,4.888739109039307,0.0001811981201171875
31,19,88,210.0,2.9943952560424805,2.994215726852417,-0.00017952919006347656
31,19,89,107.0,4.1228203773498535,4.122661113739014,-0.00015926361083984375
31,19,90,217.0,2.7718281745910645,2.7694284915924072,-0.0023996829986572266
31,19,91,199.0,3.112976312637329,3.1102919578552246,-0.002684354782104492
31,19,92,84.0,2.381793260574341,2.3804571628570557,-0.0013360977172851562
31,19,93,271.0,3.5375630855560303,3.5344085693359375,-0.0031545162200927734
31,19,94,226.0,3.105239152908325,3.101348638534546,-0.003890514373779297
31,19,95,258.0,3.5427961349487305,3.547344923019409,0.004548788070678711
31,19,96,86.0,3.23514723777771,3.2275185585021973,-0.007628679275512695
31,19,97,142.0,4.2480573654174805,4.246613025665283,-0.0014443397521972656
31,19,98,42.0,1.9809751510620117,1.986792802810669,0.0058176517486572266
31,19,99,224.0,2.4784393310546875,2.472853183746338,-0.005586147308349609
31,19,100,197.0,1.853989601135254,1.8449949026107788,-0.008994698524475098
31,19,101,85.0,2.4941816329956055,2.490023612976074,-0.00415802001953125
31,19,102,195.0,3.122326612472534,3.128244161605835,0.005917549133300781
31,19,103,102.0,3.1147775650024414,3.110647678375244,-0.004129886627197266
31,19,104,181.0,3.189467191696167,3.20173978805542,0.01227259635925293
31,19,105,72.0,1.8649518489837646,1.8582253456115723,-0.006726503372192383
31,19,106,130.0,4.294760227203369,4.290327548980713,-0.00443267822265625
31,19,107,62.0,2.4163553714752197,2.413331985473633,-0.003023386001586914
31,19,108,263.0,3.546691656112671,3.5476889610290527,0.000997304916381836
31,19,109,194.0,2.697882890701294,2.7039341926574707,0.006051301956176758
31,19,110,174.0,2.602036237716675,2.601076602935791,-0.0009596347808837891
31,19,111,235.0,3.703277826309204,3.711245059967041,0.007967233657836914
31,19,112,143.0,3.633587121963501,3.636014461517334,0.002427339553833008
31,19,113,117.0,4.060715675354004,4.063103675842285,0.00238800048828125
31,19,114,160.0,3.7659225463867188,3.76464581489563,-0.0012767314910888672
31,19,115,115.0,3.034438133239746,3.0351827144622803,0.0007445812225341797
31,19,116,120.0,3.3571696281433105,3.354748010635376,-0.0024216175079345703
31,19,117,186.0,3.4980924129486084,3.5004923343658447,0.002399921417236328
31,19,118,138.0,3.0037918090820312,3.002779722213745,-0.0010120868682861328
31,19,119,80.0,2.1522231101989746,2.1567630767822266,0.004539966583251953
31,19,120,164.0,2.666628122329712,2.6713452339172363,0.004717111587524414
31,19,121,215.0,3.3896234035491943,3.388777017593384,-0.0008463859558105469
31,19,122,81.0,3.035551071166992,3.0407190322875977,0.005167961120605469
31,19,123,171.0,2.9384942054748535,2.944298028945923,0.005803823471069336
31,19,124,41.0,5.417657375335693,5.434715747833252,0.017058372497558594
31,19,125,103.0,3.7517361640930176,3.7481274604797363,-0.00360870361328125
31,19,126,145.0,2.8366682529449463,2.8374595642089844,0.0007913112640380859
31,19,127,102.0,2.7819013595581055,2.7827303409576416,0.0008289813995361328
31,20,0,196.0,3.129199504852295,3.1298117637634277,0.0006122589111328125
31,20,1,127.0,2.998192548751831,2.9931087493896484,-0.005083799362182617
31,20,2,162.0,2.099813938140869,2.1010208129882812,0.0012068748474121094
31,20,3,92.0,3.952493190765381,3.950483560562134,-0.0020096302032470703
31,20,4,194.0,2.782571315765381,2.782815933227539,0.0002446174621582031
31,20,5,115.0,2.7538414001464844,2.749790668487549,-0.004050731658935547
31,20,6,109.0,4.127994060516357,4.1177215576171875,-0.010272502899169922
31,20,7,48.0,3.018592119216919,3.010183334350586,-0.008408784866333008
31,20,8,69.0,3.3226022720336914,3.3084652423858643,-0.014137029647827148
31,20,9,85.0,3.0205674171447754,3.023143768310547,0.0025763511657714844
31,20,10,238.0,2.6267495155334473,2.6308560371398926,0.0041065216064453125
31,20,11,233.0,2.4413414001464844,2.4408483505249023,-0.0004930496215820312
31,20,12,208.0,2.959929943084717,2.960325002670288,0.00039505958557128906
31,20,13,196.0,2.753826141357422,2.7542340755462646,0.00040793418884277344
31,20,14,131.0,2.9712021350860596,2.9756157398223877,0.004413604736328125
31,20,15,125.0,2.7515416145324707,2.7512872219085693,-0.0002543926239013672
31,20,16,61.0,4.166540145874023,4.169613361358643,0.0030732154846191406
31,20,17,164.0,1.9632303714752197,1.9660743474960327,0.0028439760208129883
31,20,18,107.0,3.135986328125,3.1428165435791016,0.0068302154541015625
31,20,19,48.0,3.4995276927948,3.5083160400390625,0.008788347244262695
31,20,20,74.0,1.9705148935317993,1.973423719406128,0.0029088258743286133
31,20,21,103.0,2.235994577407837,2.2361960411071777,0.0002014636993408203
31,20,22,114.0,3.2786149978637695,3.2811808586120605,0.0025658607482910156
31,20,23,50.0,5.015505313873291,5.008748531341553,-0.006756782531738281
31,20,24,281.0,2.3039751052856445,2.304224967956543,0.0002498626708984375
31,20,25,247.0,1.9686022996902466,1.9687514305114746,0.00014913082122802734
31,20,26,173.0,3.4113833904266357,3.4080662727355957,-0.003317117691040039
31,20,27,166.0,3.050419330596924,3.0536985397338867,0.0032792091369628906
31,20,28,98.0,2.611907482147217,2.618598222732544,0.0066907405853271484
31,20,29,174.0,3.051379919052124,3.0504238605499268,-0.0009560585021972656
31,20,30,173.0,2.750077724456787,2.7521376609802246,0.0020599365234375
31,20,31,215.0,3.4014222621917725,3.399230718612671,-0.0021915435791015625
31,20,32,186.0,2.6455953121185303,2.644554615020752,-0.0010406970977783203
31,20,33,153.0,2.4407522678375244,2.435640811920166,-0.0051114559173583984
31,20,34,147.0,2.7246551513671875,2.729264736175537,0.004609584808349609
31,20,35,50.0,4.024989604949951,4.018378257751465,-0.006611347198486328
31,20,36,86.0,2.0081088542938232,2.000533103942871,-0.0075757503509521484
31,20,37,154.0,3.517357349395752,3.5188052654266357,0.001447916030883789
31,20,38,265.0,2.388361930847168,2.3896570205688477,0.0012950897216796875
31,20,39,199.0,3.1552681922912598,3.15635085105896,0.0010826587677001953
31,20,40,138.0,2.536069631576538,2.532194137573242,-0.0038754940032958984
31,20,41,98.0,3.269590377807617,3.273270845413208,0.0036804676055908203
31,20,42,167.0,2.519949436187744,2.51790452003479,-0.0020449161529541016
31,20,43,288.0,3.7899160385131836,3.792158842086792,0.0022428035736083984
31,20,44,225.0,2.509033441543579,2.5087337493896484,-0.00029969215393066406
31,20,45,191.0,3.1287972927093506,3.1310253143310547,0.0022280216217041016
31,20,46,92.0,4.466386795043945,4.467984199523926,0.0015974044799804688
31,20,47,41.0,4.971887588500977,4.975175380706787,0.003287792205810547
31,20,48,231.0,2.9811513423919678,2.9835047721862793,0.0023534297943115234
31,20,49,101.0,2.116225004196167,2.1111764907836914,-0.005048513412475586
31,20,50,177.0,2.9830946922302246,2.9803414344787598,-0.0027532577514648438
31,20,51,252.0,3.516876697540283,3.521620035171509,0.004743337631225586
31,20,52,259.0,2.737027645111084,2.7361598014831543,-0.0008678436279296875
31,20,53,47.0,1.9067243337631226,1.8992596864700317,-0.00746464729309082
31,20,54,164.0,2.2345211505889893,2.2329518795013428,-0.0015692710876464844
31,20,55,94.0,3.3757195472717285,3.3751213550567627,-0.0005981922149658203
31,20,56,103.0,3.3878378868103027,3.3872151374816895,-0.0006227493286132812
31,20,57,78.0,3.3106584548950195,3.316884756088257,0.006226301193237305
31,20,58,239.0,3.107602596282959,3.1057417392730713,-0.0018608570098876953
31,20,59,271.0,4.418605804443359,4.419755935668945,0.0011501312255859375
31,20,60,162.0,2.9131579399108887,2.91046142578125,-0.002696514129638672
31,20,61,179.0,3.214285135269165,3.2124195098876953,-0.0018656253814697266
31,20,62,218.0,2.5891129970550537,2.586503028869629,-0.0026099681854248047
31,20,63,81.0,3.4107165336608887,3.409193277359009,-0.0015232563018798828
31,20,64,93.0,3.5013821125030518,3.4999468326568604,-0.0014352798461914062
31,20,65,72.0,3.358228921890259,3.3557422161102295,-0.002486705780029297
31,20,66,230.0,3.3264732360839844,3.329244613647461,0.0027713775634765625
31,20,67,99.0,2.410640239715576,2.413722038269043,0.003081798553466797
31,20,68,213.0,2.6581079959869385,2.6587753295898438,0.0006673336029052734
31,20,69,119.0,2.5800669193267822,2.579288959503174,-0.0007779598236083984
31,20,70,161.0,2.929652214050293,2.931100606918335,0.0014483928680419922
31,20,71,90.0,3.9417757987976074,3.9375600814819336,-0.004215717315673828
31,20,72,181.0,2.8265914916992188,2.830705404281616,0.004113912582397461
31,20,73,95.0,3.8289499282836914,3.8331005573272705,0.0041506290435791016
31,20,74,245.0,2.2537572383880615,2.251887559890747,-0.0018696784973144531
31,20,75,93.0,1.7269396781921387,1.7273306846618652,0.0003910064697265625
31,20,76,225.0,2.4448561668395996,2.445538282394409,0.0006821155548095703
31,20,77,61.0,3.08821439743042,3.100473642349243,0.012259244918823242
31,20,78,257.0,3.5650999546051025,3.567051410675049,0.001951456069946289
31,20,79,165.0,2.7435922622680664,2.739905595779419,-0.003686666488647461
31,20,80,117.0,4.079967498779297,4.07841157913208,-0.0015559196472167969
31,20,81,89.0,3.1170668601989746,3.114640712738037,-0.0024261474609375
31,20,82,291.0,3.542208671569824,3.5477001667022705,0.005491495132446289
31,20,83,93.0,3.1824769973754883,3.181072235107422,-0.0014047622680664062
31,20,84,228.0,1.8533809185028076,1.859525203704834,0.006144285202026367
31,20,85,131.0,2.4851677417755127,2.484441041946411,-0.0007266998291015625
31,20,86,191.0,3.915872573852539,3.9131321907043457,-0.0027403831481933594
31,20,87,238.0,4.8885579109191895,4.889992713928223,0.0014348030090332031
31,20,88,210.0,2.9943952560424805,2.995711326599121,0.001316070556640625
31,20,89,107.0,4.1228203773498535,4.118343830108643,-0.0044765472412109375
31,20,90,217.0,2.7718281745910645,2.7753946781158447,0.0035665035247802734
31,20,91,199.0,3.112976312637329,3.1102261543273926,-0.0027501583099365234
31,20,92,84.0,2.381793260574341,2.3870162963867188,0.00522303581237793
31,20,93,271.0,3.5375630855560303,3.5356459617614746,-0.001917123794555664
31,20,94,226.0,3.105239152908325,3.100764513015747,-0.004474639892578125
31,20,95,258.0,3.5427961349487305,3.5480871200561523,0.005290985107421875
31,20,96,86.0,3.23514723777771,3.2382564544677734,0.0031092166900634766
31,20,97,142.0,4.2480573654174805,4.2509260177612305,0.00286865234375
31,20,98,42.0,1.9809751510620117,1.9795116186141968,-0.0014635324478149414
31,20,99,224.0,2.4784393310546875,2.4808871746063232,0.002447843551635742
31,20,100,197.0,1.853989601135254,1.8515335321426392,-0.002456068992614746
31,20,101,85.0,2.4941816329956055,2.4961841106414795,0.0020024776458740234
31,20,102,195.0,3.122326612472534,3.1239006519317627,0.0015740394592285156
31,20,103,102.0,3.1147775650024414,3.1154823303222656,0.0007047653198242188
31,20,104,181.0,3.189467191696167,3.1872925758361816,-0.0021746158599853516
31,20,105,72.0,1.8649518489837646,1.8594300746917725,-0.0055217742919921875
31,20,106,130.0,4.294760227203369,4.289968013763428,-0.004792213439941406
31,20,107,62.0,2.4163553714752197,2.417431354522705,0.0010759830474853516
31,20,108,263.0,3.546691656112671,3.5428574085235596,-0.003834247589111328
31,20,109,194.0,2.697882890701294,2.6989586353302,0.00107574462890625
31,20,110,174.0,2.602036237716675,2.5999271869659424,-0.002109050750732422
31,20,111,235.0,3.703277826309204,3.7068047523498535,0.003526926040649414
31,20,112,143.0,3.633587121963501,3.6335248947143555,-6.222724914550781e-05
31,20,113,117.0,4.060715675354004,4.0685954093933105,0.00787973403930664
31,20,114,160.0,3.7659225463867188,3.767352342605591,0.0014297962188720703
31,20,115,115.0,3.034438133239746,3.0340933799743652,-0.0003447532653808594
31,20,116,120.0,3.3571696281433105,3.3598403930664062,0.002670764923095703
31,20,117,186.0,3.4980924129486084,3.5010480880737305,0.0029556751251220703
31,20,118,138.0,3.0037918090820312,3.0014877319335938,-0.0023040771484375
31,20,119,80.0,2.1522231101989746,2.155374526977539,0.003151416778564453
31,20,120,164.0,2.666628122329712,2.6662652492523193,-0.0003628730773925781
31,20,121,215.0,3.3896234035491943,3.3881428241729736,-0.0014805793762207031
31,20,122,81.0,3.035551071166992,3.0387558937072754,0.003204822540283203
31,20,123,171.0,2.9384942054748535,2.941563367843628,0.003069162368774414
31,20,124,41.0,5.417657375335693,5.427203178405762,0.00954580307006836
31,20,125,103.0,3.7517361640930176,3.7502481937408447,-0.0014879703521728516
31,20,126,145.0,2.8366682529449463,2.8351192474365234,-0.0015490055084228516
31,20,127,102.0,2.7819013595581055,2.775887966156006,-0.006013393402099609
31,21,0,196.0,3.129199504852295,3.127702474594116,-0.001497030258178711
31,21,1,127.0,2.998192548751831,2.9999470710754395,0.0017545223236083984
31,21,2,162.0,2.099813938140869,2.1030120849609375,0.0031981468200683594
31,21,3,92.0,3.952493190765381,3.957223892211914,0.004730701446533203
31,21,4,194.0,2.782571315765381,2.7887303829193115,0.006159067153930664
31,21,5,115.0,2.7538414001464844,2.757843255996704,0.0040018558502197266
31,21,6,109.0,4.127994060516357,4.122688293457031,-0.005305767059326172
31,21,7,48.0,3.018592119216919,3.0076961517333984,-0.010895967483520508
31,21,8,69.0,3.3226022720336914,3.3138997554779053,-0.008702516555786133
31,21,9,85.0,3.0205674171447754,3.020522117614746,-4.5299530029296875e-05
31,21,10,238.0,2.6267495155334473,2.629556655883789,0.002807140350341797
31,21,11,233.0,2.4413414001464844,2.440174102783203,-0.00116729736328125
31,21,12,208.0,2.959929943084717,2.9617562294006348,0.0018262863159179688
31,21,13,196.0,2.753826141357422,2.7543537616729736,0.0005276203155517578
31,21,14,131.0,2.9712021350860596,2.9699227809906006,-0.0012793540954589844
31,21,15,125.0,2.7515416145324707,2.7538628578186035,0.0023212432861328125
31,21,16,61.0,4.166540145874023,4.161487579345703,-0.0050525665283203125
31,21,17,164.0,1.9632303714752197,1.961190938949585,-0.0020394325256347656
31,21,18,107.0,3.135986328125,3.1331229209899902,-0.0028634071350097656
31,21,19,48.0,3.4995276927948,3.5053436756134033,0.005815982818603516
31,21,20,74.0,1.9705148935317993,1.9740046262741089,0.0034897327423095703
31,21,21,103.0,2.235994577407837,2.2392971515655518,0.0033025741577148438
31,21,22,114.0,3.2786149978637695,3.280686855316162,0.002071857452392578
31,21,23,50.0,5.015505313873291,5.0190110206604,0.003505706787109375
31,21,24,281.0,2.3039751052856445,2.308945894241333,0.0049707889556884766
31,21,25,247.0,1.9686022996902466,1.9688488245010376,0.0002465248107910156
31,21,26,173.0,3.4113833904266357,3.408236265182495,-0.003147125244140625
31,21,27,166.0,3.050419330596924,3.05421781539917,0.0037984848022460938
31,21,28,98.0,2.611907482147217,2.6164956092834473,0.004588127136230469
31,21,29,174.0,3.051379919052124,3.056060791015625,0.0046808719635009766
31,21,30,173.0,2.750077724456787,2.7526023387908936,0.0025246143341064453
31,21,31,215.0,3.4014222621917725,3.3996329307556152,-0.0017893314361572266
31,21,32,186.0,2.6455953121185303,2.646453619003296,0.000858306884765625
31,21,33,153.0,2.4407522678375244,2.436802387237549,-0.003949880599975586
31,21,34,147.0,2.7246551513671875,2.724980354309082,0.00032520294189453125
31,21,35,50.0,4.024989604949951,4.023714065551758,-0.0012755393981933594
31,21,36,86.0,2.0081088542938232,2.008270025253296,0.00016117095947265625
31,21,37,154.0,3.517357349395752,3.516127586364746,-0.0012297630310058594
31,21,38,265.0,2.388361930847168,2.3919758796691895,0.0036139488220214844
31,21,39,199.0,3.1552681922912598,3.154668092727661,-0.0006000995635986328
31,21,40,138.0,2.536069631576538,2.536287546157837,0.00021791458129882812
31,21,41,98.0,3.269590377807617,3.271841287612915,0.0022509098052978516
31,21,42,167.0,2.519949436187744,2.518373489379883,-0.0015759468078613281
31,21,43,288.0,3.7899160385131836,3.792675495147705,0.0027594566345214844
31,21,44,225.0,2.509033441543579,2.5064823627471924,-0.0025510787963867188
31,21,45,191.0,3.1287972927093506,3.129185438156128,0.00038814544677734375
31,21,46,92.0,4.466386795043945,4.465699672698975,-0.0006871223449707031
31,21,47,41.0,4.971887588500977,4.980775833129883,0.00888824462890625
31,21,48,231.0,2.9811513423919678,2.9840500354766846,0.002898693084716797
31,21,49,101.0,2.116225004196167,2.1196444034576416,0.0034193992614746094
31,21,50,177.0,2.9830946922302246,2.984783887863159,0.0016891956329345703
31,21,51,252.0,3.516876697540283,3.5159950256347656,-0.0008816719055175781
31,21,52,259.0,2.737027645111084,2.735173225402832,-0.0018544197082519531
31,21,53,47.0,1.9067243337631226,1.9026435613632202,-0.004080772399902344
31,21,54,164.0,2.2345211505889893,2.230116128921509,-0.004405021667480469
31,21,55,94.0,3.3757195472717285,3.373382806777954,-0.002336740493774414
31,21,56,103.0,3.3878378868103027,3.386474132537842,-0.0013637542724609375
31,21,57,78.0,3.3106584548950195,3.312159538269043,0.0015010833740234375
31,21,58,239.0,3.107602596282959,3.107903242111206,0.0003006458282470703
31,21,59,271.0,4.418605804443359,4.416861057281494,-0.0017447471618652344
31,21,60,162.0,2.9131579399108887,2.9116783142089844,-0.0014796257019042969
31,21,61,179.0,3.214285135269165,3.2160801887512207,0.001795053482055664
31,21,62,218.0,2.5891129970550537,2.5883562564849854,-0.0007567405700683594
31,21,63,81.0,3.4107165336608887,3.407062292098999,-0.0036542415618896484
31,21,64,93.0,3.5013821125030518,3.497443675994873,-0.003938436508178711
31,21,65,72.0,3.358228921890259,3.357572317123413,-0.0006566047668457031
31,21,66,230.0,3.3264732360839844,3.325253486633301,-0.0012197494506835938
31,21,67,99.0,2.410640239715576,2.409189462661743,-0.0014507770538330078
31,21,68,213.0,2.6581079959869385,2.661916732788086,0.003808736801147461
31,21,69,119.0,2.5800669193267822,2.5824501514434814,0.0023832321166992188
31,21,70,161.0,2.929652214050293,2.9295995235443115,-5.269050598144531e-05
31,21,71,90.0,3.9417757987976074,3.941556692123413,-0.00021910667419433594
31,21,72,181.0,2.8265914916992188,2.827695369720459,0.0011038780212402344
31,21,73,95.0,3.8289499282836914,3.8327553272247314,0.003805398941040039
31,21,74,245.0,2.2537572383880615,2.2553746700286865,0.001617431640625
31,21,75,93.0,1.7269396781921387,1.725480556488037,-0.0014591217041015625
31,21,76,225.0,2.4448561668395996,2.4443509578704834,-0.0005052089691162109
31,21,77,61.0,3.08821439743042,3.0927605628967285,0.004546165466308594
31,21,78,257.0,3.5650999546051025,3.566749095916748,0.0016491413116455078
31,21,79,165.0,2.7435922622680664,2.7415032386779785,-0.0020890235900878906
31,21,80,117.0,4.079967498779297,4.07807731628418,-0.0018901824951171875
31,21,81,89.0,3.1170668601989746,3.1206271648406982,0.003560304641723633
31,21,82,291.0,3.542208671569824,3.5406241416931152,-0.0015845298767089844
31,21,83,93.0,3.1824769973754883,3.1856417655944824,0.0031647682189941406
31,21,84,228.0,1.8533809185028076,1.8388166427612305,-0.014564275741577148
31,21,85,131.0,2.4851677417755127,2.4874205589294434,0.002252817153930664
31,21,86,191.0,3.915872573852539,3.9108357429504395,-0.005036830902099609
31,21,87,238.0,4.8885579109191895,4.888128757476807,-0.0004291534423828125
31,21,88,210.0,2.9943952560424805,2.993061065673828,-0.0013341903686523438
31,21,89,107.0,4.1228203773498535,4.118553638458252,-0.0042667388916015625
31,21,90,217.0,2.7718281745910645,2.7694766521453857,-0.002351522445678711
31,21,91,199.0,3.112976312637329,3.111987829208374,-0.0009884834289550781
31,21,92,84.0,2.381793260574341,2.377439260482788,-0.004354000091552734
31,21,93,271.0,3.5375630855560303,3.5385193824768066,0.0009562969207763672
31,21,94,226.0,3.105239152908325,3.0988926887512207,-0.006346464157104492
31,21,95,258.0,3.5427961349487305,3.5470287799835205,0.004232645034790039
31,21,96,86.0,3.23514723777771,3.233349561691284,-0.0017976760864257812
31,21,97,142.0,4.2480573654174805,4.245316028594971,-0.0027413368225097656
31,21,98,42.0,1.9809751510620117,1.9774311780929565,-0.0035439729690551758
31,21,99,224.0,2.4784393310546875,2.478623628616333,0.0001842975616455078
31,21,100,197.0,1.853989601135254,1.8521562814712524,-0.0018333196640014648
31,21,101,85.0,2.4941816329956055,2.4915266036987305,-0.002655029296875
31,21,102,195.0,3.122326612472534,3.1248340606689453,0.002507448196411133
31,21,103,102.0,3.1147775650024414,3.1164352893829346,0.001657724380493164
31,21,104,181.0,3.189467191696167,3.192208766937256,0.002741575241088867
31,21,105,72.0,1.8649518489837646,1.86106276512146,-0.0038890838623046875
31,21,106,130.0,4.294760227203369,4.297980308532715,0.003220081329345703
31,21,107,62.0,2.4163553714752197,2.4210357666015625,0.0046803951263427734
31,21,108,263.0,3.546691656112671,3.5454468727111816,-0.0012447834014892578
31,21,109,194.0,2.697882890701294,2.6984148025512695,0.0005319118499755859
31,21,110,174.0,2.602036237716675,2.601637125015259,-0.0003991127014160156
31,21,111,235.0,3.703277826309204,3.702779531478882,-0.0004982948303222656
31,21,112,143.0,3.633587121963501,3.635817289352417,0.0022301673889160156
31,21,113,117.0,4.060715675354004,4.062534809112549,0.0018191337585449219
31,21,114,160.0,3.7659225463867188,3.7630298137664795,-0.002892732620239258
31,21,115,115.0,3.034438133239746,3.0339150428771973,-0.0005230903625488281
31,21,116,120.0,3.3571696281433105,3.358564615249634,0.0013949871063232422
31,21,117,186.0,3.4980924129486084,3.503873348236084,0.005780935287475586
31,21,118,138.0,3.0037918090820312,3.0075225830078125,0.00373077392578125
31,21,119,80.0,2.1522231101989746,2.1533360481262207,0.0011129379272460938
31,21,120,164.0,2.666628122329712,2.66188645362854,-0.004741668701171875
31,21,121,215.0,3.3896234035491943,3.3851687908172607,-0.004454612731933594
31,21,122,81.0,3.035551071166992,3.037710428237915,0.0021593570709228516
31,21,123,171.0,2.9384942054748535,2.9386954307556152,0.00020122528076171875
31,21,124,41.0,5.417657375335693,5.427873611450195,0.010216236114501953
31,21,125,103.0,3.7517361640930176,3.756347179412842,0.004611015319824219
31,21,126,145.0,2.8366682529449463,2.8338022232055664,-0.002866029739379883
31,21,127,102.0,2.7819013595581055,2.782465934753418,0.0005645751953125
31,22,0,196.0,3.129199504852295,3.1273019313812256,-0.001897573471069336
31,22,1,127.0,2.998192548751831,2.9931886196136475,-0.005003929138183594
31,22,2,162.0,2.099813938140869,2.1060380935668945,0.006224155426025391
31,22,3,92.0,3.952493190765381,3.951446533203125,-0.0010466575622558594
31,22,4,194.0,2.782571315765381,2.782960891723633,0.0003895759582519531
31,22,5,115.0,2.7538414001464844,2.7520358562469482,-0.0018055438995361328
31,22,6,109.0,4.127994060516357,4.123616695404053,-0.0043773651123046875
31,22,7,48.0,3.018592119216919,3.019726514816284,0.0011343955993652344
31,22,8,69.0,3.3226022720336914,3.315354585647583,-0.0072476863861083984
31,22,9,85.0,3.0205674171447754,3.020834445953369,0.00026702880859375
31,22,10,238.0,2.6267495155334473,2.6271767616271973,0.00042724609375
31,22,11,233.0,2.4413414001464844,2.4408063888549805,-0.0005350112915039062
31,22,12,208.0,2.959929943084717,2.962045431137085,0.002115488052368164
31,22,13,196.0,2.753826141357422,2.7521989345550537,-0.001627206802368164
31,22,14,131.0,2.9712021350860596,2.9711861610412598,-1.5974044799804688e-05
31,22,15,125.0,2.7515416145324707,2.7509407997131348,-0.0006008148193359375
31,22,16,61.0,4.166540145874023,4.165804862976074,-0.0007352828979492188
31,22,17,164.0,1.9632303714752197,1.9614149332046509,-0.0018154382705688477
31,22,18,107.0,3.135986328125,3.129378080368042,-0.006608247756958008
31,22,19,48.0,3.4995276927948,3.5082504749298096,0.008722782135009766
31,22,20,74.0,1.9705148935317993,1.9724541902542114,0.0019392967224121094
31,22,21,103.0,2.235994577407837,2.236377239227295,0.0003826618194580078
31,22,22,114.0,3.2786149978637695,3.2752811908721924,-0.0033338069915771484
31,22,23,50.0,5.015505313873291,5.011557102203369,-0.003948211669921875
31,22,24,281.0,2.3039751052856445,2.305729627609253,0.0017545223236083984
31,22,25,247.0,1.9686022996902466,1.9737733602523804,0.005171060562133789
31,22,26,173.0,3.4113833904266357,3.4094929695129395,-0.001890420913696289
31,22,27,166.0,3.050419330596924,3.052875280380249,0.0024559497833251953
31,22,28,98.0,2.611907482147217,2.6130826473236084,0.0011751651763916016
31,22,29,174.0,3.051379919052124,3.0585038661956787,0.0071239471435546875
31,22,30,173.0,2.750077724456787,2.752281904220581,0.0022041797637939453
31,22,31,215.0,3.4014222621917725,3.4018912315368652,0.00046896934509277344
31,22,32,186.0,2.6455953121185303,2.647552728652954,0.001957416534423828
31,22,33,153.0,2.4407522678375244,2.4362993240356445,-0.004452943801879883
31,22,34,147.0,2.7246551513671875,2.7257158756256104,0.0010607242584228516
31,22,35,50.0,4.024989604949951,4.0204267501831055,-0.004562854766845703
31,22,36,86.0,2.0081088542938232,2.0077836513519287,-0.00032520294189453125
31,22,37,154.0,3.517357349395752,3.518878936767578,0.0015215873718261719
31,22,38,265.0,2.388361930847168,2.386929988861084,-0.0014319419860839844
31,22,39,199.0,3.1552681922912598,3.1594066619873047,0.004138469696044922
31,22,40,138.0,2.536069631576538,2.5378475189208984,0.0017778873443603516
31,22,41,98.0,3.269590377807617,3.2761871814727783,0.006596803665161133
31,22,42,167.0,2.519949436187744,2.52276611328125,0.0028166770935058594
31,22,43,288.0,3.7899160385131836,3.7932443618774414,0.0033283233642578125
31,22,44,225.0,2.509033441543579,2.501248836517334,-0.007784605026245117
31,22,45,191.0,3.1287972927093506,3.1306962966918945,0.0018990039825439453
31,22,46,92.0,4.466386795043945,4.468929290771484,0.0025424957275390625
31,22,47,41.0,4.971887588500977,4.974581718444824,0.0026941299438476562
31,22,48,231.0,2.9811513423919678,2.979727268218994,-0.0014240741729736328
31,22,49,101.0,2.116225004196167,2.1181066036224365,0.0018815994262695312
31,22,50,177.0,2.9830946922302246,2.9819281101226807,-0.0011665821075439453
31,22,51,252.0,3.516876697540283,3.515873432159424,-0.001003265380859375
31,22,52,259.0,2.737027645111084,2.7337470054626465,-0.0032806396484375
31,22,53,47.0,1.9067243337631226,1.9083011150360107,0.0015767812728881836
31,22,54,164.0,2.2345211505889893,2.231689691543579,-0.0028314590454101562
31,22,55,94.0,3.3757195472717285,3.3748557567596436,-0.0008637905120849609
31,22,56,103.0,3.3878378868103027,3.384320020675659,-0.0035178661346435547
31,22,57,78.0,3.3106584548950195,3.3156864643096924,0.0050280094146728516
31,22,58,239.0,3.107602596282959,3.1041183471679688,-0.0034842491149902344
31,22,59,271.0,4.418605804443359,4.415764331817627,-0.002841472625732422
31,22,60,162.0,2.9131579399108887,2.910468339920044,-0.0026895999908447266
31,22,61,179.0,3.214285135269165,3.2128305435180664,-0.0014545917510986328
31,22,62,218.0,2.5891129970550537,2.58984637260437,0.0007333755493164062
31,22,63,81.0,3.4107165336608887,3.409766674041748,-0.000949859619140625
31,22,64,93.0,3.5013821125030518,3.5055487155914307,0.004166603088378906
31,22,65,72.0,3.358228921890259,3.3553895950317383,-0.002839326858520508
31,22,66,230.0,3.3264732360839844,3.3249576091766357,-0.0015156269073486328
31,22,67,99.0,2.410640239715576,2.423081636428833,0.012441396713256836
31,22,68,213.0,2.6581079959869385,2.6614677906036377,0.0033597946166992188
31,22,69,119.0,2.5800669193267822,2.5816597938537598,0.001592874526977539
31,22,70,161.0,2.929652214050293,2.932830572128296,0.0031783580780029297
31,22,71,90.0,3.9417757987976074,3.946751117706299,0.004975318908691406
31,22,72,181.0,2.8265914916992188,2.83188533782959,0.005293846130371094
31,22,73,95.0,3.8289499282836914,3.823587417602539,-0.005362510681152344
31,22,74,245.0,2.2537572383880615,2.252021312713623,-0.0017359256744384766
31,22,75,93.0,1.7269396781921387,1.729311227798462,0.002371549606323242
31,22,76,225.0,2.4448561668395996,2.448124647140503,0.0032684803009033203
31,22,77,61.0,3.08821439743042,3.091447353363037,0.0032329559326171875
31,22,78,257.0,3.5650999546051025,3.565690755844116,0.0005908012390136719
31,22,79,165.0,2.7435922622680664,2.7424156665802,-0.001176595687866211
31,22,80,117.0,4.079967498779297,4.083370685577393,0.003403186798095703
31,22,81,89.0,3.1170668601989746,3.1153197288513184,-0.00174713134765625
31,22,82,291.0,3.542208671569824,3.548147201538086,0.005938529968261719
31,22,83,93.0,3.1824769973754883,3.1824631690979004,-1.3828277587890625e-05
31,22,84,228.0,1.8533809185028076,1.8542782068252563,0.0008972883224487305
31,22,85,131.0,2.4851677417755127,2.4871368408203125,0.0019690990447998047
31,22,86,191.0,3.915872573852539,3.909069061279297,-0.0068035125732421875
31,22,87,238.0,4.8885579109191895,4.888114929199219,-0.0004429817199707031
31,22,88,210.0,2.9943952560424805,3.0001256465911865,0.005730390548706055
31,22,89,107.0,4.1228203773498535,4.114319324493408,-0.008501052856445312
31,22,90,217.0,2.7718281745910645,2.7712976932525635,-0.0005304813385009766
31,22,91,199.0,3.112976312637329,3.110842704772949,-0.002133607864379883
31,22,92,84.0,2.381793260574341,2.381530284881592,-0.00026297569274902344
31,22,93,271.0,3.5375630855560303,3.5381672382354736,0.0006041526794433594
31,22,94,226.0,3.105239152908325,3.099684953689575,-0.00555419921875
31,22,95,258.0,3.5427961349487305,3.546271324157715,0.003475189208984375
31,22,96,86.0,3.23514723777771,3.233234405517578,-0.001912832260131836
31,22,97,142.0,4.2480573654174805,4.245967388153076,-0.002089977264404297
31,22,98,42.0,1.9809751510620117,1.973235845565796,-0.00773930549621582
31,22,99,224.0,2.4784393310546875,2.4770076274871826,-0.0014317035675048828
31,22,100,197.0,1.853989601135254,1.8548811674118042,0.000891566276550293
31,22,101,85.0,2.4941816329956055,2.4841339588165283,-0.010047674179077148
31,22,102,195.0,3.122326612472534,3.124795913696289,0.002469301223754883
31,22,103,102.0,3.1147775650024414,3.1150126457214355,0.00023508071899414062
31,22,104,181.0,3.189467191696167,3.1854231357574463,-0.004044055938720703
31,22,105,72.0,1.8649518489837646,1.85545015335083,-0.00950169563293457
31,22,106,130.0,4.294760227203369,4.291518211364746,-0.003242015838623047
31,22,107,62.0,2.4163553714752197,2.411421060562134,-0.0049343109130859375
31,22,108,263.0,3.546691656112671,3.5423824787139893,-0.004309177398681641
31,22,109,194.0,2.697882890701294,2.697597026824951,-0.00028586387634277344
31,22,110,174.0,2.602036237716675,2.59786057472229,-0.004175662994384766
31,22,111,235.0,3.703277826309204,3.703939199447632,0.0006613731384277344
31,22,112,143.0,3.633587121963501,3.630998134613037,-0.002588987350463867
31,22,113,117.0,4.060715675354004,4.062641143798828,0.0019254684448242188
31,22,114,160.0,3.7659225463867188,3.7634811401367188,-0.00244140625
31,22,115,115.0,3.034438133239746,3.0364348888397217,0.001996755599975586
31,22,116,120.0,3.3571696281433105,3.363056182861328,0.005886554718017578
31,22,117,186.0,3.4980924129486084,3.4978413581848145,-0.0002510547637939453
31,22,118,138.0,3.0037918090820312,3.0063493251800537,0.002557516098022461
31,22,119,80.0,2.1522231101989746,2.1573286056518555,0.005105495452880859
31,22,120,164.0,2.666628122329712,2.6665396690368652,-8.845329284667969e-05
31,22,121,215.0,3.3896234035491943,3.3881142139434814,-0.0015091896057128906
31,22,122,81.0,3.035551071166992,3.041914701461792,0.006363630294799805
31,22,123,171.0,2.9384942054748535,2.9437754154205322,0.005281209945678711
31,22,124,41.0,5.417657375335693,5.420766830444336,0.003109455108642578
31,22,125,103.0,3.7517361640930176,3.7541255950927734,0.0023894309997558594
31,22,126,145.0,2.8366682529449463,2.83384108543396,-0.002827167510986328
31,22,127,102.0,2.7819013595581055,2.776456356048584,-0.005445003509521484
31,23,0,196.0,3.129199504852295,3.1273441314697266,-0.0018553733825683594
31,23,1,127.0,2.998192548751831,2.997887372970581,-0.00030517578125
31,23,2,162.0,2.099813938140869,2.1019973754882812,0.0021834373474121094
31,23,3,92.0,3.952493190765381,3.9538559913635254,0.0013628005981445312
31,23,4,194.0,2.782571315765381,2.780125856399536,-0.0024454593658447266
31,23,5,115.0,2.7538414001464844,2.755338668823242,0.0014972686767578125
31,23,6,109.0,4.127994060516357,4.119154453277588,-0.008839607238769531
31,23,7,48.0,3.018592119216919,3.013535737991333,-0.0050563812255859375
31,23,8,69.0,3.3226022720336914,3.3150196075439453,-0.007582664489746094
31,23,9,85.0,3.0205674171447754,3.0326807498931885,0.012113332748413086
31,23,10,238.0,2.6267495155334473,2.6261239051818848,-0.0006256103515625
31,23,11,233.0,2.4413414001464844,2.4420037269592285,0.0006623268127441406
31,23,12,208.0,2.959929943084717,2.9608089923858643,0.0008790493011474609
31,23,13,196.0,2.753826141357422,2.7547881603240967,0.0009620189666748047
31,23,14,131.0,2.9712021350860596,2.9704251289367676,-0.0007770061492919922
31,23,15,125.0,2.7515416145324707,2.748903274536133,-0.0026383399963378906
31,23,16,61.0,4.166540145874023,4.163374900817871,-0.0031652450561523438
31,23,17,164.0,1.9632303714752197,1.9624720811843872,-0.0007582902908325195
31,23,18,107.0,3.135986328125,3.132568836212158,-0.003417491912841797
31,23,19,48.0,3.4995276927948,3.5093185901641846,0.009790897369384766
31,23,20,74.0,1.9705148935317993,1.9740979671478271,0.003583073616027832
31,23,21,103.0,2.235994577407837,2.2336697578430176,-0.002324819564819336
31,23,22,114.0,3.2786149978637695,3.279006242752075,0.00039124488830566406
31,23,23,50.0,5.015505313873291,5.014596462249756,-0.0009088516235351562
31,23,24,281.0,2.3039751052856445,2.3049516677856445,0.0009765625
31,23,25,247.0,1.9686022996902466,1.9662035703659058,-0.0023987293243408203
31,23,26,173.0,3.4113833904266357,3.4073691368103027,-0.004014253616333008
31,23,27,166.0,3.050419330596924,3.051410436630249,0.0009911060333251953
31,23,28,98.0,2.611907482147217,2.6096794605255127,-0.0022280216217041016
31,23,29,174.0,3.051379919052124,3.0496928691864014,-0.0016870498657226562
31,23,30,173.0,2.750077724456787,2.7495133876800537,-0.0005643367767333984
31,23,31,215.0,3.4014222621917725,3.4006216526031494,-0.0008006095886230469
31,23,32,186.0,2.6455953121185303,2.6460988521575928,0.0005035400390625
31,23,33,153.0,2.4407522678375244,2.4416520595550537,0.0008997917175292969
31,23,34,147.0,2.7246551513671875,2.729997396469116,0.005342245101928711
31,23,35,50.0,4.024989604949951,4.0169901847839355,-0.007999420166015625
31,23,36,86.0,2.0081088542938232,2.0051660537719727,-0.002942800521850586
31,23,37,154.0,3.517357349395752,3.520127773284912,0.0027704238891601562
31,23,38,265.0,2.388361930847168,2.3888309001922607,0.00046896934509277344
31,23,39,199.0,3.1552681922912598,3.1559462547302246,0.0006780624389648438
31,23,40,138.0,2.536069631576538,2.532012462615967,-0.004057168960571289
31,23,41,98.0,3.269590377807617,3.2704977989196777,0.0009074211120605469
31,23,42,167.0,2.519949436187744,2.520116090774536,0.0001666545867919922
31,23,43,288.0,3.7899160385131836,3.7908129692077637,0.0008969306945800781
31,23,44,225.0,2.509033441543579,2.5074753761291504,-0.001558065414428711
31,23,45,191.0,3.1287972927093506,3.1284055709838867,-0.0003917217254638672
31,23,46,92.0,4.466386795043945,4.4623212814331055,-0.004065513610839844
31,23,47,41.0,4.971887588500977,4.977999210357666,0.006111621856689453
31,23,48,231.0,2.9811513423919678,2.982836961746216,0.0016856193542480469
31,23,49,101.0,2.116225004196167,2.1165809631347656,0.0003559589385986328
31,23,50,177.0,2.9830946922302246,2.97952938079834,-0.0035653114318847656
31,23,51,252.0,3.516876697540283,3.518298387527466,0.0014216899871826172
31,23,52,259.0,2.737027645111084,2.7357285022735596,-0.001299142837524414
31,23,53,47.0,1.9067243337631226,1.9076358079910278,0.0009114742279052734
31,23,54,164.0,2.2345211505889893,2.2336935997009277,-0.0008275508880615234
31,23,55,94.0,3.3757195472717285,3.3707022666931152,-0.005017280578613281
31,23,56,103.0,3.3878378868103027,3.3856990337371826,-0.002138853073120117
31,23,57,78.0,3.3106584548950195,3.305628776550293,-0.0050296783447265625
31,23,58,239.0,3.107602596282959,3.1086525917053223,0.0010499954223632812
31,23,59,271.0,4.418605804443359,4.419020175933838,0.0004143714904785156
31,23,60,162.0,2.9131579399108887,2.914559841156006,0.0014019012451171875
31,23,61,179.0,3.214285135269165,3.2159464359283447,0.0016613006591796875
31,23,62,218.0,2.5891129970550537,2.5864834785461426,-0.002629518508911133
31,23,63,81.0,3.4107165336608887,3.407900094985962,-0.002816438674926758
31,23,64,93.0,3.5013821125030518,3.4935622215270996,-0.007819890975952148
31,23,65,72.0,3.358228921890259,3.3563783168792725,-0.0018506050109863281
31,23,66,230.0,3.3264732360839844,3.328007459640503,0.0015342235565185547
31,23,67,99.0,2.410640239715576,2.40571928024292,-0.00492095947265625
31,23,68,213.0,2.6581079959869385,2.6575875282287598,-0.0005204677581787109
31,23,69,119.0,2.5800669193267822,2.581820011138916,0.001753091812133789
31,23,70,161.0,2.929652214050293,2.935673952102661,0.006021738052368164
31,23,71,90.0,3.9417757987976074,3.9398515224456787,-0.001924276351928711
31,23,72,181.0,2.8265914916992188,2.8285293579101562,0.0019378662109375
31,23,73,95.0,3.8289499282836914,3.833275318145752,0.004325389862060547
31,23,74,245.0,2.2537572383880615,2.255842924118042,0.0020856857299804688
31,23,75,93.0,1.7269396781921387,1.7276536226272583,0.0007139444351196289
31,23,76,225.0,2.4448561668395996,2.444838285446167,-1.7881393432617188e-05
31,23,77,61.0,3.08821439743042,3.093022108078003,0.004807710647583008
31,23,78,257.0,3.5650999546051025,3.564052104949951,-0.0010478496551513672
31,23,79,165.0,2.7435922622680664,2.7408838272094727,-0.00270843505859375
31,23,80,117.0,4.079967498779297,4.083035469055176,0.0030679702758789062
31,23,81,89.0,3.1170668601989746,3.1111745834350586,-0.005892276763916016
31,23,82,291.0,3.542208671569824,3.5462071895599365,0.003998517990112305
31,23,83,93.0,3.1824769973754883,3.1836698055267334,0.0011928081512451172
31,23,84,228.0,1.8533809185028076,1.8533320426940918,-4.887580871582031e-05
31,23,85,131.0,2.4851677417755127,2.4865660667419434,0.001398324966430664
31,23,86,191.0,3.915872573852539,3.9142708778381348,-0.0016016960144042969
31,23,87,238.0,4.8885579109191895,4.886195659637451,-0.0023622512817382812
31,23,88,210.0,2.9943952560424805,2.9889211654663086,-0.005474090576171875
31,23,89,107.0,4.1228203773498535,4.121920585632324,-0.0008997917175292969
31,23,90,217.0,2.7718281745910645,2.7728934288024902,0.0010652542114257812
31,23,91,199.0,3.112976312637329,3.109042167663574,-0.003934144973754883
31,23,92,84.0,2.381793260574341,2.3808369636535645,-0.0009562969207763672
31,23,93,271.0,3.5375630855560303,3.5381457805633545,0.0005826950073242188
31,23,94,226.0,3.105239152908325,3.0999703407287598,-0.00526881217956543
31,23,95,258.0,3.5427961349487305,3.5483877658843994,0.005591630935668945
31,23,96,86.0,3.23514723777771,3.235456943511963,0.0003097057342529297
31,23,97,142.0,4.2480573654174805,4.248227596282959,0.00017023086547851562
31,23,98,42.0,1.9809751510620117,1.9693304300308228,-0.011644721031188965
31,23,99,224.0,2.4784393310546875,2.478355646133423,-8.368492126464844e-05
31,23,100,197.0,1.853989601135254,1.8531718254089355,-0.0008177757263183594
31,23,101,85.0,2.4941816329956055,2.496528148651123,0.002346515655517578
31,23,102,195.0,3.122326612472534,3.12259578704834,0.00026917457580566406
31,23,103,102.0,3.1147775650024414,3.1080400943756104,-0.006737470626831055
31,23,104,181.0,3.189467191696167,3.1892635822296143,-0.00020360946655273438
31,23,105,72.0,1.8649518489837646,1.864501953125,-0.00044989585876464844
31,23,106,130.0,4.294760227203369,4.293396472930908,-0.0013637542724609375
31,23,107,62.0,2.4163553714752197,2.417259693145752,0.0009043216705322266
31,23,108,263.0,3.546691656112671,3.5445635318756104,-0.002128124237060547
31,23,109,194.0,2.697882890701294,2.7009711265563965,0.003088235855102539
31,23,110,174.0,2.602036237716675,2.6011769771575928,-0.0008592605590820312
31,23,111,235.0,3.703277826309204,3.7035598754882812,0.00028204917907714844
31,23,112,143.0,3.633587121963501,3.6343541145324707,0.0007669925689697266
31,23,113,117.0,4.060715675354004,4.05825138092041,-0.00246429443359375
31,23,114,160.0,3.7659225463867188,3.7663040161132812,0.0003814697265625
31,23,115,115.0,3.034438133239746,3.0365185737609863,0.0020804405212402344
31,23,116,120.0,3.3571696281433105,3.3581931591033936,0.0010235309600830078
31,23,117,186.0,3.4980924129486084,3.5028982162475586,0.004805803298950195
31,23,118,138.0,3.0037918090820312,3.0059878826141357,0.002196073532104492
31,23,119,80.0,2.1522231101989746,2.1560540199279785,0.0038309097290039062
31,23,120,164.0,2.666628122329712,2.6664912700653076,-0.00013685226440429688
31,23,121,215.0,3.3896234035491943,3.391444683074951,0.001821279525756836
31,23,122,81.0,3.035551071166992,3.0409345626831055,0.005383491516113281
31,23,123,171.0,2.9384942054748535,2.9419617652893066,0.003467559814453125
31,23,124,41.0,5.417657375335693,5.427243709564209,0.009586334228515625
31,23,125,103.0,3.7517361640930176,3.7514708042144775,-0.00026535987854003906
31,23,126,145.0,2.8366682529449463,2.8336825370788574,-0.002985715866088867
31,23,127,102.0,2.7819013595581055,2.7830421924591064,0.0011408329010009766
31,24,0,196.0,3.129199504852295,3.1327872276306152,0.0035877227783203125
31,24,1,127.0,2.998192548751831,2.995978593826294,-0.0022139549255371094
31,24,2,162.0,2.099813938140869,2.1002726554870605,0.00045871734619140625
31,24,3,92.0,3.952493190765381,3.9563064575195312,0.0038132667541503906
31,24,4,194.0,2.782571315765381,2.785067558288574,0.0024962425231933594
31,24,5,115.0,2.7538414001464844,2.753723621368408,-0.00011777877807617188
31,24,6,109.0,4.127994060516357,4.124446868896484,-0.003547191619873047
31,24,7,48.0,3.018592119216919,3.0139358043670654,-0.004656314849853516
31,24,8,69.0,3.3226022720336914,3.317631721496582,-0.004970550537109375
31,24,9,85.0,3.0205674171447754,3.026301860809326,0.005734443664550781
31,24,10,238.0,2.6267495155334473,2.6323654651641846,0.005615949630737305
31,24,11,233.0,2.4413414001464844,2.442049980163574,0.0007085800170898438
31,24,12,208.0,2.959929943084717,2.958462715148926,-0.0014672279357910156
31,24,13,196.0,2.753826141357422,2.7560441493988037,0.002218008041381836
31,24,14,131.0,2.9712021350860596,2.977365732192993,0.006163597106933594
31,24,15,125.0,2.7515416145324707,2.7504231929779053,-0.0011184215545654297
31,24,16,61.0,4.166540145874023,4.165637493133545,-0.0009026527404785156
31,24,17,164.0,1.9632303714752197,1.9659006595611572,0.0026702880859375
31,24,18,107.0,3.135986328125,3.1370468139648438,0.00106048583984375
31,24,19,48.0,3.4995276927948,3.4994094371795654,-0.000118255615234375
31,24,20,74.0,1.9705148935317993,1.973366379737854,0.0028514862060546875
31,24,21,103.0,2.235994577407837,2.2319509983062744,-0.0040435791015625
31,24,22,114.0,3.2786149978637695,3.281052350997925,0.0024373531341552734
31,24,23,50.0,5.015505313873291,5.006129264831543,-0.009376049041748047
31,24,24,281.0,2.3039751052856445,2.3051793575286865,0.0012042522430419922
31,24,25,247.0,1.9686022996902466,1.9706156253814697,0.0020133256912231445
31,24,26,173.0,3.4113833904266357,3.4090890884399414,-0.002294301986694336
31,24,27,166.0,3.050419330596924,3.0547096729278564,0.004290342330932617
31,24,28,98.0,2.611907482147217,2.617385149002075,0.0054776668548583984
31,24,29,174.0,3.051379919052124,3.0544276237487793,0.0030477046966552734
31,24,30,173.0,2.750077724456787,2.751875162124634,0.0017974376678466797
31,24,31,215.0,3.4014222621917725,3.402775287628174,0.0013530254364013672
31,24,32,186.0,2.6455953121185303,2.6444151401519775,-0.0011801719665527344
31,24,33,153.0,2.4407522678375244,2.432966947555542,-0.007785320281982422
31,24,34,147.0,2.7246551513671875,2.728632926940918,0.003977775573730469
31,24,35,50.0,4.024989604949951,4.017624378204346,-0.007365226745605469
31,24,36,86.0,2.0081088542938232,2.0070276260375977,-0.001081228256225586
31,24,37,154.0,3.517357349395752,3.518052816390991,0.0006954669952392578
31,24,38,265.0,2.388361930847168,2.3867623805999756,-0.0015995502471923828
31,24,39,199.0,3.1552681922912598,3.157346725463867,0.002078533172607422
31,24,40,138.0,2.536069631576538,2.5316359996795654,-0.004433631896972656
31,24,41,98.0,3.269590377807617,3.2742035388946533,0.004613161087036133
31,24,42,167.0,2.519949436187744,2.5215277671813965,0.0015783309936523438
31,24,43,288.0,3.7899160385131836,3.7916276454925537,0.0017116069793701172
31,24,44,225.0,2.509033441543579,2.5068633556365967,-0.002170085906982422
31,24,45,191.0,3.1287972927093506,3.128814458847046,1.71661376953125e-05
31,24,46,92.0,4.466386795043945,4.469212532043457,0.0028257369995117188
31,24,47,41.0,4.971887588500977,4.968404769897461,-0.003482818603515625
31,24,48,231.0,2.9811513423919678,2.979738712310791,-0.0014126300811767578
31,24,49,101.0,2.116225004196167,2.113584041595459,-0.002640962600708008
31,24,50,177.0,2.9830946922302246,2.9822003841400146,-0.0008943080902099609
31,24,51,252.0,3.516876697540283,3.5218148231506348,0.0049381256103515625
31,24,52,259.0,2.737027645111084,2.7376608848571777,0.00063323974609375
31,24,53,47.0,1.9067243337631226,1.8962079286575317,-0.01051640510559082
31,24,54,164.0,2.2345211505889893,2.232523202896118,-0.0019979476928710938
31,24,55,94.0,3.3757195472717285,3.367865800857544,-0.00785374641418457
31,24,56,103.0,3.3878378868103027,3.3881962299346924,0.00035834312438964844
31,24,57,78.0,3.3106584548950195,3.312070369720459,0.0014119148254394531
31,24,58,239.0,3.107602596282959,3.109989643096924,0.0023870468139648438
31,24,59,271.0,4.418605804443359,4.4193806648254395,0.0007748603820800781
31,24,60,162.0,2.9131579399108887,2.908538341522217,-0.004619598388671875
31,24,61,179.0,3.214285135269165,3.211928367614746,-0.0023567676544189453
31,24,62,218.0,2.5891129970550537,2.587550401687622,-0.0015625953674316406
31,24,63,81.0,3.4107165336608887,3.411756992340088,0.0010404586791992188
31,24,64,93.0,3.5013821125030518,3.499464750289917,-0.0019173622131347656
31,24,65,72.0,3.358228921890259,3.3592374324798584,0.0010085105895996094
31,24,66,230.0,3.3264732360839844,3.3277499675750732,0.0012767314910888672
31,24,67,99.0,2.410640239715576,2.4214296340942383,0.01078939437866211
31,24,68,213.0,2.6581079959869385,2.659271478652954,0.001163482666015625
31,24,69,119.0,2.5800669193267822,2.5746777057647705,-0.005389213562011719
31,24,70,161.0,2.929652214050293,2.9298038482666016,0.00015163421630859375
31,24,71,90.0,3.9417757987976074,3.9416441917419434,-0.0001316070556640625
31,24,72,181.0,2.8265914916992188,2.8279757499694824,0.0013842582702636719
31,24,73,95.0,3.8289499282836914,3.8318405151367188,0.0028905868530273438
31,24,74,245.0,2.2537572383880615,2.256035804748535,0.002278566360473633
31,24,75,93.0,1.7269396781921387,1.7234562635421753,-0.003483414649963379
31,24,76,225.0,2.4448561668395996,2.4458556175231934,0.00099945068359375
31,24,77,61.0,3.08821439743042,3.0933420658111572,0.005127668380737305
31,24,78,257.0,3.5650999546051025,3.5665600299835205,0.0014600753784179688
31,24,79,165.0,2.7435922622680664,2.7438552379608154,0.00026297569274902344
31,24,80,117.0,4.079967498779297,4.078830242156982,-0.0011372566223144531
31,24,81,89.0,3.1170668601989746,3.11600923538208,-0.0010576248168945312
31,24,82,291.0,3.542208671569824,3.54575252532959,0.003543853759765625
31,24,83,93.0,3.1824769973754883,3.1828179359436035,0.0003409385681152344
31,24,84,228.0,1.8533809185028076,1.8528228998184204,-0.000558018684387207
31,24,85,131.0,2.4851677417755127,2.49263858795166,0.007470846176147461
31,24,86,191.0,3.915872573852539,3.915100336074829,-0.0007722377777099609
31,24,87,238.0,4.8885579109191895,4.887126445770264,-0.0014314651489257812
31,24,88,210.0,2.9943952560424805,2.993936538696289,-0.00045871734619140625
31,24,89,107.0,4.1228203773498535,4.122916221618652,9.584426879882812e-05
31,24,90,217.0,2.7718281745910645,2.7755320072174072,0.0037038326263427734
31,24,91,199.0,3.112976312637329,3.1109070777893066,-0.002069234848022461
31,24,92,84.0,2.381793260574341,2.3821094036102295,0.0003161430358886719
31,24,93,271.0,3.5375630855560303,3.534895420074463,-0.002667665481567383
31,24,94,226.0,3.105239152908325,3.103006362915039,-0.002232789993286133
31,24,95,258.0,3.5427961349487305,3.542278528213501,-0.0005176067352294922
31,24,96,86.0,3.23514723777771,3.229782819747925,-0.005364418029785156
31,24,97,142.0,4.2480573654174805,4.250000476837158,0.0019431114196777344
31,24,98,42.0,1.9809751510620117,1.979187250137329,-0.0017879009246826172
31,24,99,224.0,2.4784393310546875,2.479552745819092,0.0011134147644042969
31,24,100,197.0,1.853989601135254,1.851123332977295,-0.0028662681579589844
31,24,101,85.0,2.4941816329956055,2.4888007640838623,-0.005380868911743164
31,24,102,195.0,3.122326612472534,3.123990774154663,0.0016641616821289062
31,24,103,102.0,3.1147775650024414,3.116076946258545,0.0012993812561035156
31,24,104,181.0,3.189467191696167,3.189854860305786,0.0003876686096191406
31,24,105,72.0,1.8649518489837646,1.8606408834457397,-0.004310965538024902
31,24,106,130.0,4.294760227203369,4.2974853515625,0.0027251243591308594
31,24,107,62.0,2.4163553714752197,2.4200479984283447,0.003692626953125
31,24,108,263.0,3.546691656112671,3.5456554889678955,-0.0010361671447753906
31,24,109,194.0,2.697882890701294,2.7005293369293213,0.0026464462280273438
31,24,110,174.0,2.602036237716675,2.6004011631011963,-0.0016350746154785156
31,24,111,235.0,3.703277826309204,3.703930377960205,0.0006525516510009766
31,24,112,143.0,3.633587121963501,3.6294565200805664,-0.00413060188293457
31,24,113,117.0,4.060715675354004,4.068227291107178,0.007511615753173828
31,24,114,160.0,3.7659225463867188,3.768315076828003,0.0023925304412841797
31,24,115,115.0,3.034438133239746,3.03523850440979,0.0008003711700439453
31,24,116,120.0,3.3571696281433105,3.3557064533233643,-0.001463174819946289
31,24,117,186.0,3.4980924129486084,3.50289249420166,0.004800081253051758
31,24,118,138.0,3.0037918090820312,3.002040386199951,-0.0017514228820800781
31,24,119,80.0,2.1522231101989746,2.1559860706329346,0.003762960433959961
31,24,120,164.0,2.666628122329712,2.664828062057495,-0.0018000602722167969
31,24,121,215.0,3.3896234035491943,3.3869364261627197,-0.0026869773864746094
31,24,122,81.0,3.035551071166992,3.043858528137207,0.008307456970214844
31,24,123,171.0,2.9384942054748535,2.9414122104644775,0.0029180049896240234
31,24,124,41.0,5.417657375335693,5.425411224365234,0.007753849029541016
31,24,125,103.0,3.7517361640930176,3.7497024536132812,-0.002033710479736328
31,24,126,145.0,2.8366682529449463,2.8350799083709717,-0.0015883445739746094
31,24,127,102.0,2.7819013595581055,2.7790277004241943,-0.002873659133911133
31,25,0,196.0,3.129199504852295,3.1254758834838867,-0.003723621368408203
31,25,1,127.0,2.998192548751831,2.995180130004883,-0.003012418746948242
31,25,2,162.0,2.099813938140869,2.102846145629883,0.003032207489013672
31,25,3,92.0,3.952493190765381,3.9523520469665527,-0.000141143798828125
31,25,4,194.0,2.782571315765381,2.784471273422241,0.0018999576568603516
31,25,5,115.0,2.7538414001464844,2.7500925064086914,-0.0037488937377929688
31,25,6,109.0,4.127994060516357,4.121498107910156,-0.006495952606201172
31,25,7,48.0,3.018592119216919,3.0102975368499756,-0.00829458236694336
31,25,8,69.0,3.3226022720336914,3.316169500350952,-0.006432771682739258
31,25,9,85.0,3.0205674171447754,3.024681806564331,0.004114389419555664
31,25,10,238.0,2.6267495155334473,2.6279728412628174,0.0012233257293701172
31,25,11,233.0,2.4413414001464844,2.438643217086792,-0.002698183059692383
31,25,12,208.0,2.959929943084717,2.959623098373413,-0.00030684471130371094
31,25,13,196.0,2.753826141357422,2.754467725753784,0.0006415843963623047
31,25,14,131.0,2.9712021350860596,2.971754312515259,0.0005521774291992188
31,25,15,125.0,2.7515416145324707,2.752357006072998,0.0008153915405273438
31,25,16,61.0,4.166540145874023,4.161202430725098,-0.005337715148925781
31,25,17,164.0,1.9632303714752197,1.9640389680862427,0.0008085966110229492
31,25,18,107.0,3.135986328125,3.1309096813201904,-0.00507664680480957
31,25,19,48.0,3.4995276927948,3.5100910663604736,0.010563373565673828
31,25,20,74.0,1.9705148935317993,1.9702575206756592,-0.0002573728561401367
31,25,21,103.0,2.235994577407837,2.2389512062072754,0.0029566287994384766
31,25,22,114.0,3.2786149978637695,3.2766854763031006,-0.0019295215606689453
31,25,23,50.0,5.015505313873291,5.011890411376953,-0.0036149024963378906
31,25,24,281.0,2.3039751052856445,2.3056716918945312,0.0016965866088867188
31,25,25,247.0,1.9686022996902466,1.9681050777435303,-0.0004972219467163086
31,25,26,173.0,3.4113833904266357,3.4051809310913086,-0.0062024593353271484
31,25,27,166.0,3.050419330596924,3.050610065460205,0.00019073486328125
31,25,28,98.0,2.611907482147217,2.6192939281463623,0.007386445999145508
31,25,29,174.0,3.051379919052124,3.0546531677246094,0.0032732486724853516
31,25,30,173.0,2.750077724456787,2.7521164417266846,0.002038717269897461
31,25,31,215.0,3.4014222621917725,3.401934862136841,0.0005125999450683594
31,25,32,186.0,2.6455953121185303,2.6523308753967285,0.006735563278198242
31,25,33,153.0,2.4407522678375244,2.4411444664001465,0.0003921985626220703
31,25,34,147.0,2.7246551513671875,2.7271158695220947,0.0024607181549072266
31,25,35,50.0,4.024989604949951,4.023022651672363,-0.0019669532775878906
31,25,36,86.0,2.0081088542938232,2.012310028076172,0.004201173782348633
31,25,37,154.0,3.517357349395752,3.5212314128875732,0.003874063491821289
31,25,38,265.0,2.388361930847168,2.3905210494995117,0.00215911865234375
31,25,39,199.0,3.1552681922912598,3.159252643585205,0.0039844512939453125
31,25,40,138.0,2.536069631576538,2.534684419631958,-0.0013852119445800781
31,25,41,98.0,3.269590377807617,3.269472599029541,-0.00011777877807617188
31,25,42,167.0,2.519949436187744,2.5220844745635986,0.002135038375854492
31,25,43,288.0,3.7899160385131836,3.7910614013671875,0.0011453628540039062
31,25,44,225.0,2.509033441543579,2.508728265762329,-0.00030517578125
31,25,45,191.0,3.1287972927093506,3.1293234825134277,0.0005261898040771484
31,25,46,92.0,4.466386795043945,4.463351249694824,-0.0030355453491210938
31,25,47,41.0,4.971887588500977,4.969389915466309,-0.0024976730346679688
31,25,48,231.0,2.9811513423919678,2.983835458755493,0.0026841163635253906
31,25,49,101.0,2.116225004196167,2.1128995418548584,-0.0033254623413085938
31,25,50,177.0,2.9830946922302246,2.9823150634765625,-0.0007796287536621094
31,25,51,252.0,3.516876697540283,3.5181081295013428,0.0012314319610595703
31,25,52,259.0,2.737027645111084,2.7350847721099854,-0.0019428730010986328
31,25,53,47.0,1.9067243337631226,1.9183765649795532,0.011652231216430664
31,25,54,164.0,2.2345211505889893,2.234656810760498,0.00013566017150878906
31,25,55,94.0,3.3757195472717285,3.375270128250122,-0.0004494190216064453
31,25,56,103.0,3.3878378868103027,3.390747547149658,0.0029096603393554688
31,25,57,78.0,3.3106584548950195,3.313037157058716,0.002378702163696289
31,25,58,239.0,3.107602596282959,3.106503486633301,-0.0010991096496582031
31,25,59,271.0,4.418605804443359,4.416125297546387,-0.0024805068969726562
31,25,60,162.0,2.9131579399108887,2.9101924896240234,-0.0029654502868652344
31,25,61,179.0,3.214285135269165,3.209864854812622,-0.004420280456542969
31,25,62,218.0,2.5891129970550537,2.587991237640381,-0.0011217594146728516
31,25,63,81.0,3.4107165336608887,3.414543628692627,0.0038270950317382812
31,25,64,93.0,3.5013821125030518,3.494661331176758,-0.006720781326293945
31,25,65,72.0,3.358228921890259,3.357682228088379,-0.0005466938018798828
31,25,66,230.0,3.3264732360839844,3.322455883026123,-0.004017353057861328
31,25,67,99.0,2.410640239715576,2.4249980449676514,0.014357805252075195
31,25,68,213.0,2.6581079959869385,2.6570301055908203,-0.001077890396118164
31,25,69,119.0,2.5800669193267822,2.5823006629943848,0.002233743667602539
31,25,70,161.0,2.929652214050293,2.9309659004211426,0.0013136863708496094
31,25,71,90.0,3.9417757987976074,3.941706418991089,-6.937980651855469e-05
31,25,72,181.0,2.8265914916992188,2.821704626083374,-0.0048868656158447266
31,25,73,95.0,3.8289499282836914,3.8351974487304688,0.006247520446777344
31,25,74,245.0,2.2537572383880615,2.2517127990722656,-0.0020444393157958984
31,25,75,93.0,1.7269396781921387,1.7442885637283325,0.017348885536193848
31,25,76,225.0,2.4448561668395996,2.4435384273529053,-0.001317739486694336
31,25,77,61.0,3.08821439743042,3.1010661125183105,0.012851715087890625
31,25,78,257.0,3.5650999546051025,3.5641345977783203,-0.0009653568267822266
31,25,79,165.0,2.7435922622680664,2.748769760131836,0.005177497863769531
31,25,80,117.0,4.079967498779297,4.083336353302002,0.003368854522705078
31,25,81,89.0,3.1170668601989746,3.1103439331054688,-0.006722927093505859
31,25,82,291.0,3.542208671569824,3.5470457077026367,0.0048370361328125
31,25,83,93.0,3.1824769973754883,3.187131881713867,0.004654884338378906
31,25,84,228.0,1.8533809185028076,1.8552955389022827,0.0019146203994750977
31,25,85,131.0,2.4851677417755127,2.4855360984802246,0.00036835670471191406
31,25,86,191.0,3.915872573852539,3.9200758934020996,0.004203319549560547
31,25,87,238.0,4.8885579109191895,4.885429382324219,-0.003128528594970703
31,25,88,210.0,2.9943952560424805,2.998021364212036,0.003626108169555664
31,25,89,107.0,4.1228203773498535,4.120235919952393,-0.0025844573974609375
31,25,90,217.0,2.7718281745910645,2.7755930423736572,0.0037648677825927734
31,25,91,199.0,3.112976312637329,3.111772298812866,-0.0012040138244628906
31,25,92,84.0,2.381793260574341,2.3728997707366943,-0.008893489837646484
31,25,93,271.0,3.5375630855560303,3.5414793491363525,0.003916263580322266
31,25,94,226.0,3.105239152908325,3.098182439804077,-0.007056713104248047
31,25,95,258.0,3.5427961349487305,3.5492537021636963,0.00645756721496582
31,25,96,86.0,3.23514723777771,3.2306127548217773,-0.004534482955932617
31,25,97,142.0,4.2480573654174805,4.252912521362305,0.004855155944824219
31,25,98,42.0,1.9809751510620117,2.000955581665039,0.019980430603027344
31,25,99,224.0,2.4784393310546875,2.4787063598632812,0.00026702880859375
31,25,100,197.0,1.853989601135254,1.8493677377700806,-0.00462186336517334
31,25,101,85.0,2.4941816329956055,2.4976084232330322,0.003426790237426758
31,25,102,195.0,3.122326612472534,3.1196959018707275,-0.0026307106018066406
31,25,103,102.0,3.1147775650024414,3.107617139816284,-0.0071604251861572266
31,25,104,181.0,3.189467191696167,3.195688247680664,0.00622105598449707
31,25,105,72.0,1.8649518489837646,1.8616299629211426,-0.0033218860626220703
31,25,106,130.0,4.294760227203369,4.291191577911377,-0.0035686492919921875
31,25,107,62.0,2.4163553714752197,2.419058322906494,0.002702951431274414
31,25,108,263.0,3.546691656112671,3.543233871459961,-0.003457784652709961
31,25,109,194.0,2.697882890701294,2.697610378265381,-0.00027251243591308594
31,25,110,174.0,2.602036237716675,2.5990164279937744,-0.0030198097229003906
31,25,111,235.0,3.703277826309204,3.7073850631713867,0.004107236862182617
31,25,112,143.0,3.633587121963501,3.631383180618286,-0.0022039413452148438
31,25,113,117.0,4.060715675354004,4.068533420562744,0.007817745208740234
31,25,114,160.0,3.7659225463867188,3.7621655464172363,-0.003756999969482422
31,25,115,115.0,3.034438133239746,3.031996965408325,-0.0024411678314208984
31,25,116,120.0,3.3571696281433105,3.355795383453369,-0.0013742446899414062
31,25,117,186.0,3.4980924129486084,3.504181146621704,0.006088733673095703
31,25,118,138.0,3.0037918090820312,3.0045273303985596,0.0007355213165283203
31,25,119,80.0,2.1522231101989746,2.161057710647583,0.008834600448608398
31,25,120,164.0,2.666628122329712,2.670844793319702,0.004216670989990234
31,25,121,215.0,3.3896234035491943,3.3870761394500732,-0.0025472640991210938
31,25,122,81.0,3.035551071166992,3.031323194503784,-0.004227876663208008
31,25,123,171.0,2.9384942054748535,2.9369559288024902,-0.0015382766723632812
31,25,124,41.0,5.417657375335693,5.429166316986084,0.011508941650390625
31,25,125,103.0,3.7517361640930176,3.7545764446258545,0.002840280532836914
31,25,126,145.0,2.8366682529449463,2.8328638076782227,-0.003804445266723633
31,25,127,102.0,2.7819013595581055,2.778212308883667,-0.0036890506744384766
31,26,0,196.0,3.129199504852295,3.1253936290740967,-0.003805875778198242
31,26,1,127.0,2.998192548751831,2.9933674335479736,-0.004825115203857422
31,26,2,162.0,2.099813938140869,2.108100175857544,0.008286237716674805
31,26,3,92.0,3.952493190765381,3.949291706085205,-0.0032014846801757812
31,26,4,194.0,2.782571315765381,2.7870562076568604,0.004484891891479492
31,26,5,115.0,2.7538414001464844,2.7600347995758057,0.006193399429321289
31,26,6,109.0,4.127994060516357,4.113175868988037,-0.014818191528320312
31,26,7,48.0,3.018592119216919,3.0033981800079346,-0.015193939208984375
31,26,8,69.0,3.3226022720336914,3.3201866149902344,-0.0024156570434570312
31,26,9,85.0,3.0205674171447754,3.020507335662842,-6.008148193359375e-05
31,26,10,238.0,2.6267495155334473,2.6281871795654297,0.0014376640319824219
31,26,11,233.0,2.4413414001464844,2.4364683628082275,-0.004873037338256836
31,26,12,208.0,2.959929943084717,2.9532217979431152,-0.0067081451416015625
31,26,13,196.0,2.753826141357422,2.7519044876098633,-0.0019216537475585938
31,26,14,131.0,2.9712021350860596,2.9646763801574707,-0.006525754928588867
31,26,15,125.0,2.7515416145324707,2.7507331371307373,-0.0008084774017333984
31,26,16,61.0,4.166540145874023,4.168728828430176,0.0021886825561523438
31,26,17,164.0,1.9632303714752197,1.9585857391357422,-0.004644632339477539
31,26,18,107.0,3.135986328125,3.135097026824951,-0.0008893013000488281
31,26,19,48.0,3.4995276927948,3.5036630630493164,0.0041353702545166016
31,26,20,74.0,1.9705148935317993,1.9786086082458496,0.008093714714050293
31,26,21,103.0,2.235994577407837,2.2279903888702393,-0.008004188537597656
31,26,22,114.0,3.2786149978637695,3.2826249599456787,0.00400996208190918
31,26,23,50.0,5.015505313873291,5.000616073608398,-0.014889240264892578
31,26,24,281.0,2.3039751052856445,2.294797420501709,-0.009177684783935547
31,26,25,247.0,1.9686022996902466,1.9697871208190918,0.0011848211288452148
31,26,26,173.0,3.4113833904266357,3.408716917037964,-0.002666473388671875
31,26,27,166.0,3.050419330596924,3.059612274169922,0.009192943572998047
31,26,28,98.0,2.611907482147217,2.6084089279174805,-0.003498554229736328
31,26,29,174.0,3.051379919052124,3.0552849769592285,0.003905057907104492
31,26,30,173.0,2.750077724456787,2.750511407852173,0.0004336833953857422
31,26,31,215.0,3.4014222621917725,3.402196168899536,0.0007739067077636719
31,26,32,186.0,2.6455953121185303,2.6433522701263428,-0.0022430419921875
31,26,33,153.0,2.4407522678375244,2.4395627975463867,-0.0011894702911376953
31,26,34,147.0,2.7246551513671875,2.7288248538970947,0.0041697025299072266
31,26,35,50.0,4.024989604949951,4.020272731781006,-0.0047168731689453125
31,26,36,86.0,2.0081088542938232,2.027621269226074,0.019512414932250977
31,26,37,154.0,3.517357349395752,3.5242111682891846,0.006853818893432617
31,26,38,265.0,2.388361930847168,2.3920912742614746,0.0037293434143066406
31,26,39,199.0,3.1552681922912598,3.162839651107788,0.00757145881652832
31,26,40,138.0,2.536069631576538,2.5367562770843506,0.0006866455078125
31,26,41,98.0,3.269590377807617,3.2787890434265137,0.009198665618896484
31,26,42,167.0,2.519949436187744,2.5114152431488037,-0.00853419303894043
31,26,43,288.0,3.7899160385131836,3.7924177646636963,0.0025017261505126953
31,26,44,225.0,2.509033441543579,2.5131325721740723,0.004099130630493164
31,26,45,191.0,3.1287972927093506,3.1245126724243164,-0.00428462028503418
31,26,46,92.0,4.466386795043945,4.470810413360596,0.004423618316650391
31,26,47,41.0,4.971887588500977,4.973326683044434,0.0014390945434570312
31,26,48,231.0,2.9811513423919678,2.986564874649048,0.005413532257080078
31,26,49,101.0,2.116225004196167,2.1318321228027344,0.015607118606567383
31,26,50,177.0,2.9830946922302246,2.974155902862549,-0.008938789367675781
31,26,51,252.0,3.516876697540283,3.522446870803833,0.005570173263549805
31,26,52,259.0,2.737027645111084,2.7357802391052246,-0.001247406005859375
31,26,53,47.0,1.9067243337631226,1.902345061302185,-0.0043792724609375
31,26,54,164.0,2.2345211505889893,2.2346315383911133,0.00011038780212402344
31,26,55,94.0,3.3757195472717285,3.3657097816467285,-0.010009765625
31,26,56,103.0,3.3878378868103027,3.3813529014587402,-0.0064849853515625
31,26,57,78.0,3.3106584548950195,3.310702085494995,4.363059997558594e-05
31,26,58,239.0,3.107602596282959,3.103411912918091,-0.004190683364868164
31,26,59,271.0,4.418605804443359,4.4219279289245605,0.003322124481201172
31,26,60,162.0,2.9131579399108887,2.9121546745300293,-0.001003265380859375
31,26,61,179.0,3.214285135269165,3.213481903076172,-0.0008032321929931641
31,26,62,218.0,2.5891129970550537,2.599269390106201,0.010156393051147461
31,26,63,81.0,3.4107165336608887,3.4137840270996094,0.003067493438720703
31,26,64,93.0,3.5013821125030518,3.4926981925964355,-0.008683919906616211
31,26,65,72.0,3.358228921890259,3.3576862812042236,-0.0005426406860351562
31,26,66,230.0,3.3264732360839844,3.333247184753418,0.006773948669433594
31,26,67,99.0,2.410640239715576,2.407034397125244,-0.0036058425903320312
31,26,68,213.0,2.6581079959869385,2.6691365242004395,0.011028528213500977
31,26,69,119.0,2.5800669193267822,2.5808773040771484,0.0008103847503662109
31,26,70,161.0,2.929652214050293,2.9273650646209717,-0.002287149429321289
31,26,71,90.0,3.9417757987976074,3.939253807067871,-0.002521991729736328
31,26,72,181.0,2.8265914916992188,2.817967176437378,-0.00862431526184082
31,26,73,95.0,3.8289499282836914,3.8358211517333984,0.006871223449707031
31,26,74,245.0,2.2537572383880615,2.254465341567993,0.0007081031799316406
31,26,75,93.0,1.7269396781921387,1.7388927936553955,0.011953115463256836
31,26,76,225.0,2.4448561668395996,2.4432878494262695,-0.0015683174133300781
31,26,77,61.0,3.08821439743042,3.089601516723633,0.0013871192932128906
31,26,78,257.0,3.5650999546051025,3.561208486557007,-0.003891468048095703
31,26,79,165.0,2.7435922622680664,2.745251417160034,0.0016591548919677734
31,26,80,117.0,4.079967498779297,4.075644016265869,-0.004323482513427734
31,26,81,89.0,3.1170668601989746,3.1094894409179688,-0.007577419281005859
31,26,82,291.0,3.542208671569824,3.5435359477996826,0.0013272762298583984
31,26,83,93.0,3.1824769973754883,3.1881234645843506,0.005646467208862305
31,26,84,228.0,1.8533809185028076,1.8520724773406982,-0.001308441162109375
31,26,85,131.0,2.4851677417755127,2.4912939071655273,0.0061261653900146484
31,26,86,191.0,3.915872573852539,3.9141693115234375,-0.0017032623291015625
31,26,87,238.0,4.8885579109191895,4.8838582038879395,-0.00469970703125
31,26,88,210.0,2.9943952560424805,2.9928417205810547,-0.0015535354614257812
31,26,89,107.0,4.1228203773498535,4.123106956481934,0.0002865791320800781
31,26,90,217.0,2.7718281745910645,2.7769577503204346,0.005129575729370117
31,26,91,199.0,3.112976312637329,3.1149933338165283,0.0020170211791992188
31,26,92,84.0,2.381793260574341,2.3806023597717285,-0.0011909008026123047
31,26,93,271.0,3.5375630855560303,3.5369186401367188,-0.0006444454193115234
31,26,94,226.0,3.105239152908325,3.1010890007019043,-0.0041501522064208984
31,26,95,258.0,3.5427961349487305,3.5448191165924072,0.002022981643676758
31,26,96,86.0,3.23514723777771,3.2397866249084473,0.004639387130737305
31,26,97,142.0,4.2480573654174805,4.2460856437683105,-0.001971721649169922
31,26,98,42.0,1.9809751510620117,1.978480577468872,-0.0024945735931396484
31,26,99,224.0,2.4784393310546875,2.4766736030578613,-0.0017657279968261719
31,26,100,197.0,1.853989601135254,1.856213927268982,0.0022243261337280273
31,26,101,85.0,2.4941816329956055,2.49233078956604,-0.0018508434295654297
31,26,102,195.0,3.122326612472534,3.1198179721832275,-0.0025086402893066406
31,26,103,102.0,3.1147775650024414,3.109001636505127,-0.005775928497314453
31,26,104,181.0,3.189467191696167,3.192553997039795,0.0030868053436279297
31,26,105,72.0,1.8649518489837646,1.8533556461334229,-0.011596202850341797
31,26,106,130.0,4.294760227203369,4.29349422454834,-0.0012660026550292969
31,26,107,62.0,2.4163553714752197,2.408010721206665,-0.008344650268554688
31,26,108,263.0,3.546691656112671,3.545621395111084,-0.001070261001586914
31,26,109,194.0,2.697882890701294,2.7000958919525146,0.002213001251220703
31,26,110,174.0,2.602036237716675,2.5992989540100098,-0.002737283706665039
31,26,111,235.0,3.703277826309204,3.7014472484588623,-0.0018305778503417969
31,26,112,143.0,3.633587121963501,3.625803232192993,-0.0077838897705078125
31,26,113,117.0,4.060715675354004,4.057587146759033,-0.003128528594970703
31,26,114,160.0,3.7659225463867188,3.759476900100708,-0.006445646286010742
31,26,115,115.0,3.034438133239746,3.0267324447631836,-0.0077056884765625
31,26,116,120.0,3.3571696281433105,3.358036518096924,0.0008668899536132812
31,26,117,186.0,3.4980924129486084,3.502584457397461,0.004492044448852539
31,26,118,138.0,3.0037918090820312,3.0028305053710938,-0.0009613037109375
31,26,119,80.0,2.1522231101989746,2.152339458465576,0.0001163482666015625
31,26,120,164.0,2.666628122329712,2.668107271194458,0.0014791488647460938
31,26,121,215.0,3.3896234035491943,3.389514684677124,-0.0001087188720703125
31,26,122,81.0,3.035551071166992,3.051452159881592,0.01590108871459961
31,26,123,171.0,2.9384942054748535,2.9372215270996094,-0.0012726783752441406
31,26,124,41.0,5.417657375335693,5.455772399902344,0.03811502456665039
31,26,125,103.0,3.7517361640930176,3.753115653991699,0.0013794898986816406
31,26,126,145.0,2.8366682529449463,2.8328921794891357,-0.003776073455810547
31,26,127,102.0,2.7819013595581055,2.7744879722595215,-0.007413387298583984
31,27,0,196.0,3.129199504852295,3.125913381576538,-0.003286123275756836
31,27,1,127.0,2.998192548751831,2.9912970066070557,-0.006895542144775391
31,27,2,162.0,2.099813938140869,2.1009140014648438,0.0011000633239746094
31,27,3,92.0,3.952493190765381,3.9624390602111816,0.009945869445800781
31,27,4,194.0,2.782571315765381,2.781578540802002,-0.0009927749633789062
31,27,5,115.0,2.7538414001464844,2.7557213306427,0.0018799304962158203
31,27,6,109.0,4.127994060516357,4.123156547546387,-0.004837512969970703
31,27,7,48.0,3.018592119216919,3.016508102416992,-0.002084016799926758
31,27,8,69.0,3.3226022720336914,3.3183372020721436,-0.0042650699615478516
31,27,9,85.0,3.0205674171447754,3.025007963180542,0.0044405460357666016
31,27,10,238.0,2.6267495155334473,2.6257596015930176,-0.0009899139404296875
31,27,11,233.0,2.4413414001464844,2.4414761066436768,0.0001347064971923828
31,27,12,208.0,2.959929943084717,2.9631690979003906,0.003239154815673828
31,27,13,196.0,2.753826141357422,2.75205397605896,-0.001772165298461914
31,27,14,131.0,2.9712021350860596,2.9702212810516357,-0.0009808540344238281
31,27,15,125.0,2.7515416145324707,2.7534613609313965,0.0019197463989257812
31,27,16,61.0,4.166540145874023,4.162055015563965,-0.004485130310058594
31,27,17,164.0,1.9632303714752197,1.963013768196106,-0.00021660327911376953
31,27,18,107.0,3.135986328125,3.135465145111084,-0.0005211830139160156
31,27,19,48.0,3.4995276927948,3.5114223957061768,0.011894702911376953
31,27,20,74.0,1.9705148935317993,1.9739221334457397,0.0034072399139404297
31,27,21,103.0,2.235994577407837,2.233813762664795,-0.002180814743041992
31,27,22,114.0,3.2786149978637695,3.279810667037964,0.001195669174194336
31,27,23,50.0,5.015505313873291,5.007321357727051,-0.008183956146240234
31,27,24,281.0,2.3039751052856445,2.3093373775482178,0.005362272262573242
31,27,25,247.0,1.9686022996902466,1.96648108959198,-0.0021212100982666016
31,27,26,173.0,3.4113833904266357,3.4105372428894043,-0.0008461475372314453
31,27,27,166.0,3.050419330596924,3.0453896522521973,-0.0050296783447265625
31,27,28,98.0,2.611907482147217,2.6161322593688965,0.0042247772216796875
31,27,29,174.0,3.051379919052124,3.055128812789917,0.0037488937377929688
31,27,30,173.0,2.750077724456787,2.7474045753479004,-0.0026731491088867188
31,27,31,215.0,3.4014222621917725,3.4043922424316406,0.002969980239868164
31,27,32,186.0,2.6455953121185303,2.6456377506256104,4.2438507080078125e-05
31,27,33,153.0,2.4407522678375244,2.4331612586975098,-0.0075910091400146484
31,27,34,147.0,2.7246551513671875,2.730010986328125,0.0053558349609375
31,27,35,50.0,4.024989604949951,4.016942024230957,-0.00804758071899414
31,27,36,86.0,2.0081088542938232,2.004269599914551,-0.003839254379272461
31,27,37,154.0,3.517357349395752,3.5117850303649902,-0.005572319030761719
31,27,38,265.0,2.388361930847168,2.387096881866455,-0.0012650489807128906
31,27,39,199.0,3.1552681922912598,3.1597726345062256,0.00450444221496582
31,27,40,138.0,2.536069631576538,2.5334181785583496,-0.0026514530181884766
31,27,41,98.0,3.269590377807617,3.2689127922058105,-0.0006775856018066406
31,27,42,167.0,2.519949436187744,2.521451950073242,0.0015025138854980469
31,27,43,288.0,3.7899160385131836,3.7893779277801514,-0.0005381107330322266
31,27,44,225.0,2.509033441543579,2.5075838565826416,-0.0014495849609375
31,27,45,191.0,3.1287972927093506,3.129706382751465,0.0009090900421142578
31,27,46,92.0,4.466386795043945,4.464171886444092,-0.0022149085998535156
31,27,47,41.0,4.971887588500977,4.9799089431762695,0.008021354675292969
31,27,48,231.0,2.9811513423919678,2.982147693634033,0.0009963512420654297
31,27,49,101.0,2.116225004196167,2.112406015396118,-0.003818988800048828
31,27,50,177.0,2.9830946922302246,2.974888801574707,-0.008205890655517578
31,27,51,252.0,3.516876697540283,3.519502639770508,0.0026259422302246094
31,27,52,259.0,2.737027645111084,2.738459348678589,0.0014317035675048828
31,27,53,47.0,1.9067243337631226,1.9065196514129639,-0.0002046823501586914
31,27,54,164.0,2.2345211505889893,2.2296180725097656,-0.004903078079223633
31,27,55,94.0,3.3757195472717285,3.3729138374328613,-0.0028057098388671875
31,27,56,103.0,3.3878378868103027,3.393198013305664,0.005360126495361328
31,27,57,78.0,3.3106584548950195,3.3129560947418213,0.002297639846801758
31,27,58,239.0,3.107602596282959,3.1073057651519775,-0.0002968311309814453
31,27,59,271.0,4.418605804443359,4.419911861419678,0.0013060569763183594
31,27,60,162.0,2.9131579399108887,2.912716865539551,-0.0004410743713378906
31,27,61,179.0,3.214285135269165,3.2067489624023438,-0.007536172866821289
31,27,62,218.0,2.5891129970550537,2.588174819946289,-0.0009381771087646484
31,27,63,81.0,3.4107165336608887,3.411572217941284,0.0008556842803955078
31,27,64,93.0,3.5013821125030518,3.4985692501068115,-0.0028128623962402344
31,27,65,72.0,3.358228921890259,3.3575732707977295,-0.0006556510925292969
31,27,66,230.0,3.3264732360839844,3.325915575027466,-0.0005576610565185547
31,27,67,99.0,2.410640239715576,2.4136197566986084,0.0029795169830322266
31,27,68,213.0,2.6581079959869385,2.65824294090271,0.00013494491577148438
31,27,69,119.0,2.5800669193267822,2.5801267623901367,5.984306335449219e-05
31,27,70,161.0,2.929652214050293,2.9308760166168213,0.0012238025665283203
31,27,71,90.0,3.9417757987976074,3.9422607421875,0.0004849433898925781
31,27,72,181.0,2.8265914916992188,2.8304402828216553,0.0038487911224365234
31,27,73,95.0,3.8289499282836914,3.835118293762207,0.006168365478515625
31,27,74,245.0,2.2537572383880615,2.254063606262207,0.0003063678741455078
31,27,75,93.0,1.7269396781921387,1.7276865243911743,0.0007468461990356445
31,27,76,225.0,2.4448561668395996,2.4395751953125,-0.005280971527099609
31,27,77,61.0,3.08821439743042,3.096003770828247,0.0077893733978271484
31,27,78,257.0,3.5650999546051025,3.5676498413085938,0.002549886703491211
31,27,79,165.0,2.7435922622680664,2.7395737171173096,-0.004018545150756836
31,27,80,117.0,4.079967498779297,4.08484411239624,0.004876613616943359
31,27,81,89.0,3.1170668601989746,3.116572618484497,-0.0004942417144775391
31,27,82,291.0,3.542208671569824,3.548550844192505,0.006342172622680664
31,27,83,93.0,3.1824769973754883,3.184138059616089,0.001661062240600586
31,27,84,228.0,1.8533809185028076,1.8582340478897095,0.0048531293869018555
31,27,85,131.0,2.4851677417755127,2.488250732421875,0.0030829906463623047
31,27,86,191.0,3.915872573852539,3.9111077785491943,-0.0047647953033447266
31,27,87,238.0,4.8885579109191895,4.89073371887207,0.0021758079528808594
31,27,88,210.0,2.9943952560424805,2.995335817337036,0.0009405612945556641
31,27,89,107.0,4.1228203773498535,4.123698711395264,0.0008783340454101562
31,27,90,217.0,2.7718281745910645,2.775846481323242,0.004018306732177734
31,27,91,199.0,3.112976312637329,3.1088364124298096,-0.004139900207519531
31,27,92,84.0,2.381793260574341,2.3845088481903076,0.002715587615966797
31,27,93,271.0,3.5375630855560303,3.532660961151123,-0.0049021244049072266
31,27,94,226.0,3.105239152908325,3.1041786670684814,-0.00106048583984375
31,27,95,258.0,3.5427961349487305,3.54799222946167,0.005196094512939453
31,27,96,86.0,3.23514723777771,3.2352006435394287,5.340576171875e-05
31,27,97,142.0,4.2480573654174805,4.247211933135986,-0.0008454322814941406
31,27,98,42.0,1.9809751510620117,1.979242205619812,-0.001732945442199707
31,27,99,224.0,2.4784393310546875,2.4767825603485107,-0.0016567707061767578
31,27,100,197.0,1.853989601135254,1.8517787456512451,-0.002210855484008789
31,27,101,85.0,2.4941816329956055,2.4936602115631104,-0.0005214214324951172
31,27,102,195.0,3.122326612472534,3.122833490371704,0.0005068778991699219
31,27,103,102.0,3.1147775650024414,3.1158995628356934,0.0011219978332519531
31,27,104,181.0,3.189467191696167,3.188464641571045,-0.0010025501251220703
31,27,105,72.0,1.8649518489837646,1.8565415143966675,-0.008410334587097168
31,27,106,130.0,4.294760227203369,4.291604995727539,-0.003155231475830078
31,27,107,62.0,2.4163553714752197,2.4143247604370117,-0.002030611038208008
31,27,108,263.0,3.546691656112671,3.5452449321746826,-0.0014467239379882812
31,27,109,194.0,2.697882890701294,2.70283842086792,0.0049555301666259766
31,27,110,174.0,2.602036237716675,2.6017813682556152,-0.0002548694610595703
31,27,111,235.0,3.703277826309204,3.7078585624694824,0.00458073616027832
31,27,112,143.0,3.633587121963501,3.6351799964904785,0.001592874526977539
31,27,113,117.0,4.060715675354004,4.068164348602295,0.007448673248291016
31,27,114,160.0,3.7659225463867188,3.7643165588378906,-0.001605987548828125
31,27,115,115.0,3.034438133239746,3.0335350036621094,-0.0009031295776367188
31,27,116,120.0,3.3571696281433105,3.3548834323883057,-0.002286195755004883
31,27,117,186.0,3.4980924129486084,3.5014760494232178,0.003383636474609375
31,27,118,138.0,3.0037918090820312,3.0075807571411133,0.0037889480590820312
31,27,119,80.0,2.1522231101989746,2.154231071472168,0.0020079612731933594
31,27,120,164.0,2.666628122329712,2.6688718795776367,0.0022437572479248047
31,27,121,215.0,3.3896234035491943,3.3852579593658447,-0.004365444183349609
31,27,122,81.0,3.035551071166992,3.0404133796691895,0.004862308502197266
31,27,123,171.0,2.9384942054748535,2.938105821609497,-0.0003883838653564453
31,27,124,41.0,5.417657375335693,5.429544448852539,0.011887073516845703
31,27,125,103.0,3.7517361640930176,3.7525439262390137,0.0008077621459960938
31,27,126,145.0,2.8366682529449463,2.838733434677124,0.0020651817321777344
31,27,127,102.0,2.7819013595581055,2.781637191772461,-0.00026416778564453125
31,28,0,196.0,3.129199504852295,3.1260921955108643,-0.003107309341430664
31,28,1,127.0,2.998192548751831,2.997741222381592,-0.0004513263702392578
31,28,2,162.0,2.099813938140869,2.104043483734131,0.004229545593261719
31,28,3,92.0,3.952493190765381,3.9528958797454834,0.00040268898010253906
31,28,4,194.0,2.782571315765381,2.7880799770355225,0.0055086612701416016
31,28,5,115.0,2.7538414001464844,2.7530055046081543,-0.0008358955383300781
31,28,6,109.0,4.127994060516357,4.123591899871826,-0.00440216064453125
31,28,7,48.0,3.018592119216919,3.011655569076538,-0.006936550140380859
31,28,8,69.0,3.3226022720336914,3.3207130432128906,-0.0018892288208007812
31,28,9,85.0,3.0205674171447754,3.024402618408203,0.0038352012634277344
31,28,10,238.0,2.6267495155334473,2.62796950340271,0.0012199878692626953
31,28,11,233.0,2.4413414001464844,2.4438586235046387,0.002517223358154297
31,28,12,208.0,2.959929943084717,2.9611244201660156,0.0011944770812988281
31,28,13,196.0,2.753826141357422,2.750897169113159,-0.0029289722442626953
31,28,14,131.0,2.9712021350860596,2.971109390258789,-9.274482727050781e-05
31,28,15,125.0,2.7515416145324707,2.7494966983795166,-0.0020449161529541016
31,28,16,61.0,4.166540145874023,4.163519859313965,-0.0030202865600585938
31,28,17,164.0,1.9632303714752197,1.956800103187561,-0.006430268287658691
31,28,18,107.0,3.135986328125,3.131183624267578,-0.004802703857421875
31,28,19,48.0,3.4995276927948,3.5052597522735596,0.005732059478759766
31,28,20,74.0,1.9705148935317993,1.9759284257888794,0.005413532257080078
31,28,21,103.0,2.235994577407837,2.23812198638916,0.002127408981323242
31,28,22,114.0,3.2786149978637695,3.28060245513916,0.001987457275390625
31,28,23,50.0,5.015505313873291,5.011631011962891,-0.0038743019104003906
31,28,24,281.0,2.3039751052856445,2.3023791313171387,-0.0015959739685058594
31,28,25,247.0,1.9686022996902466,1.9691994190216064,0.0005971193313598633
31,28,26,173.0,3.4113833904266357,3.4106950759887695,-0.0006883144378662109
31,28,27,166.0,3.050419330596924,3.050234794616699,-0.00018453598022460938
31,28,28,98.0,2.611907482147217,2.615701198577881,0.0037937164306640625
31,28,29,174.0,3.051379919052124,3.0492756366729736,-0.0021042823791503906
31,28,30,173.0,2.750077724456787,2.752664089202881,0.00258636474609375
31,28,31,215.0,3.4014222621917725,3.4038522243499756,0.002429962158203125
31,28,32,186.0,2.6455953121185303,2.645599365234375,4.0531158447265625e-06
31,28,33,153.0,2.4407522678375244,2.432492733001709,-0.00825953483581543
31,28,34,147.0,2.7246551513671875,2.7291369438171387,0.004481792449951172
31,28,35,50.0,4.024989604949951,4.0223069190979,-0.0026826858520507812
31,28,36,86.0,2.0081088542938232,2.0103037357330322,0.0021948814392089844
31,28,37,154.0,3.517357349395752,3.5172183513641357,-0.00013899803161621094
31,28,38,265.0,2.388361930847168,2.389180898666382,0.0008189678192138672
31,28,39,199.0,3.1552681922912598,3.1577470302581787,0.0024788379669189453
31,28,40,138.0,2.536069631576538,2.532712459564209,-0.0033571720123291016
31,28,41,98.0,3.269590377807617,3.2708771228790283,0.0012867450714111328
31,28,42,167.0,2.519949436187744,2.517508029937744,-0.00244140625
31,28,43,288.0,3.7899160385131836,3.7888755798339844,-0.0010404586791992188
31,28,44,225.0,2.509033441543579,2.509279489517212,0.0002460479736328125
31,28,45,191.0,3.1287972927093506,3.130039691925049,0.0012423992156982422
31,28,46,92.0,4.466386795043945,4.462380409240723,-0.004006385803222656
31,28,47,41.0,4.971887588500977,4.9711103439331055,-0.0007772445678710938
31,28,48,231.0,2.9811513423919678,2.9864814281463623,0.005330085754394531
31,28,49,101.0,2.116225004196167,2.115851640701294,-0.0003733634948730469
31,28,50,177.0,2.9830946922302246,2.9819109439849854,-0.0011837482452392578
31,28,51,252.0,3.516876697540283,3.5193276405334473,0.0024509429931640625
31,28,52,259.0,2.737027645111084,2.735179901123047,-0.0018477439880371094
31,28,53,47.0,1.9067243337631226,1.9062873125076294,-0.00043702125549316406
31,28,54,164.0,2.2345211505889893,2.234870433807373,0.00034928321838378906
31,28,55,94.0,3.3757195472717285,3.374898672103882,-0.0008208751678466797
31,28,56,103.0,3.3878378868103027,3.3849966526031494,-0.0028412342071533203
31,28,57,78.0,3.3106584548950195,3.3150908946990967,0.0044324398040771484
31,28,58,239.0,3.107602596282959,3.1036598682403564,-0.003942728042602539
31,28,59,271.0,4.418605804443359,4.420163154602051,0.0015573501586914062
31,28,60,162.0,2.9131579399108887,2.9110496044158936,-0.002108335494995117
31,28,61,179.0,3.214285135269165,3.2134058475494385,-0.0008792877197265625
31,28,62,218.0,2.5891129970550537,2.585926055908203,-0.003186941146850586
31,28,63,81.0,3.4107165336608887,3.4092679023742676,-0.0014486312866210938
31,28,64,93.0,3.5013821125030518,3.499685525894165,-0.0016965866088867188
31,28,65,72.0,3.358228921890259,3.351118326187134,-0.007110595703125
31,28,66,230.0,3.3264732360839844,3.3291046619415283,0.0026314258575439453
31,28,67,99.0,2.410640239715576,2.3988497257232666,-0.01179051399230957
31,28,68,213.0,2.6581079959869385,2.6583430767059326,0.00023508071899414062
31,28,69,119.0,2.5800669193267822,2.5770206451416016,-0.003046274185180664
31,28,70,161.0,2.929652214050293,2.9323689937591553,0.0027167797088623047
31,28,71,90.0,3.9417757987976074,3.943763256072998,0.001987457275390625
31,28,72,181.0,2.8265914916992188,2.8264102935791016,-0.0001811981201171875
31,28,73,95.0,3.8289499282836914,3.8337178230285645,0.004767894744873047
31,28,74,245.0,2.2537572383880615,2.255568504333496,0.0018112659454345703
31,28,75,93.0,1.7269396781921387,1.72104811668396,-0.005891561508178711
31,28,76,225.0,2.4448561668395996,2.4469189643859863,0.0020627975463867188
31,28,77,61.0,3.08821439743042,3.091426372528076,0.00321197509765625
31,28,78,257.0,3.5650999546051025,3.56613826751709,0.0010383129119873047
31,28,79,165.0,2.7435922622680664,2.74172306060791,-0.00186920166015625
31,28,80,117.0,4.079967498779297,4.078526496887207,-0.0014410018920898438
31,28,81,89.0,3.1170668601989746,3.1164700984954834,-0.0005967617034912109
31,28,82,291.0,3.542208671569824,3.54492449760437,0.0027158260345458984
31,28,83,93.0,3.1824769973754883,3.18475079536438,0.0022737979888916016
31,28,84,228.0,1.8533809185028076,1.851967215538025,-0.0014137029647827148
31,28,85,131.0,2.4851677417755127,2.4866247177124023,0.0014569759368896484
31,28,86,191.0,3.915872573852539,3.912630796432495,-0.0032417774200439453
31,28,87,238.0,4.8885579109191895,4.8894782066345215,0.0009202957153320312
31,28,88,210.0,2.9943952560424805,2.996696949005127,0.0023016929626464844
31,28,89,107.0,4.1228203773498535,4.122589588165283,-0.0002307891845703125
31,28,90,217.0,2.7718281745910645,2.7767343521118164,0.004906177520751953
31,28,91,199.0,3.112976312637329,3.113889694213867,0.0009133815765380859
31,28,92,84.0,2.381793260574341,2.379640579223633,-0.002152681350708008
31,28,93,271.0,3.5375630855560303,3.535789966583252,-0.0017731189727783203
31,28,94,226.0,3.105239152908325,3.097949504852295,-0.0072896480560302734
31,28,95,258.0,3.5427961349487305,3.5468156337738037,0.004019498825073242
31,28,96,86.0,3.23514723777771,3.229839324951172,-0.005307912826538086
31,28,97,142.0,4.2480573654174805,4.24531888961792,-0.002738475799560547
31,28,98,42.0,1.9809751510620117,1.9762288331985474,-0.0047463178634643555
31,28,99,224.0,2.4784393310546875,2.477818727493286,-0.0006206035614013672
31,28,100,197.0,1.853989601135254,1.8559942245483398,0.0020046234130859375
31,28,101,85.0,2.4941816329956055,2.494554042816162,0.0003724098205566406
31,28,102,195.0,3.122326612472534,3.1214218139648438,-0.0009047985076904297
31,28,103,102.0,3.1147775650024414,3.1120688915252686,-0.0027086734771728516
31,28,104,181.0,3.189467191696167,3.1886415481567383,-0.0008256435394287109
31,28,105,72.0,1.8649518489837646,1.8581085205078125,-0.0068433284759521484
31,28,106,130.0,4.294760227203369,4.291692733764648,-0.003067493438720703
31,28,107,62.0,2.4163553714752197,2.419360637664795,0.0030052661895751953
31,28,108,263.0,3.546691656112671,3.5438404083251953,-0.002851247787475586
31,28,109,194.0,2.697882890701294,2.7003815174102783,0.002498626708984375
31,28,110,174.0,2.602036237716675,2.6015548706054688,-0.0004813671112060547
31,28,111,235.0,3.703277826309204,3.7020864486694336,-0.0011913776397705078
31,28,112,143.0,3.633587121963501,3.63516902923584,0.0015819072723388672
31,28,113,117.0,4.060715675354004,4.0663371086120605,0.005621433258056641
31,28,114,160.0,3.7659225463867188,3.764075756072998,-0.0018467903137207031
31,28,115,115.0,3.034438133239746,3.0392067432403564,0.0047686100006103516
31,28,116,120.0,3.3571696281433105,3.360224485397339,0.0030548572540283203
31,28,117,186.0,3.4980924129486084,3.501741409301758,0.003648996353149414
31,28,118,138.0,3.0037918090820312,3.003662586212158,-0.00012922286987304688
31,28,119,80.0,2.1522231101989746,2.153750419616699,0.0015273094177246094
31,28,120,164.0,2.666628122329712,2.6679277420043945,0.0012996196746826172
31,28,121,215.0,3.3896234035491943,3.3923728466033936,0.0027494430541992188
31,28,122,81.0,3.035551071166992,3.0413880348205566,0.005836963653564453
31,28,123,171.0,2.9384942054748535,2.9395456314086914,0.0010514259338378906
31,28,124,41.0,5.417657375335693,5.418069839477539,0.0004124641418457031
31,28,125,103.0,3.7517361640930176,3.7560579776763916,0.0043218135833740234
31,28,126,145.0,2.8366682529449463,2.8309950828552246,-0.00567317008972168
31,28,127,102.0,2.7819013595581055,2.7797648906707764,-0.0021364688873291016
31,29,0,196.0,3.129199504852295,3.1233863830566406,-0.005813121795654297
31,29,1,127.0,2.998192548751831,2.994657278060913,-0.0035352706909179688
31,29,2,162.0,2.099813938140869,2.1007983684539795,0.0009844303131103516
31,29,3,92.0,3.952493190765381,3.95227313041687,-0.0002200603485107422
31,29,4,194.0,2.782571315765381,2.7826826572418213,0.00011134147644042969
31,29,5,115.0,2.7538414001464844,2.7553420066833496,0.0015006065368652344
31,29,6,109.0,4.127994060516357,4.122398376464844,-0.005595684051513672
31,29,7,48.0,3.018592119216919,3.0169522762298584,-0.0016398429870605469
31,29,8,69.0,3.3226022720336914,3.315648078918457,-0.006954193115234375
31,29,9,85.0,3.0205674171447754,3.0254476070404053,0.004880189895629883
31,29,10,238.0,2.6267495155334473,2.629692792892456,0.002943277359008789
31,29,11,233.0,2.4413414001464844,2.440108060836792,-0.0012333393096923828
31,29,12,208.0,2.959929943084717,2.96024489402771,0.00031495094299316406
31,29,13,196.0,2.753826141357422,2.754371404647827,0.0005452632904052734
31,29,14,131.0,2.9712021350860596,2.969531774520874,-0.0016703605651855469
31,29,15,125.0,2.7515416145324707,2.7518415451049805,0.0002999305725097656
31,29,16,61.0,4.166540145874023,4.162609577178955,-0.003930568695068359
31,29,17,164.0,1.9632303714752197,1.9627459049224854,-0.000484466552734375
31,29,18,107.0,3.135986328125,3.1357011795043945,-0.00028514862060546875
31,29,19,48.0,3.4995276927948,3.500598669052124,0.0010709762573242188
31,29,20,74.0,1.9705148935317993,1.9721759557724,0.001661062240600586
31,29,21,103.0,2.235994577407837,2.2343227863311768,-0.0016717910766601562
31,29,22,114.0,3.2786149978637695,3.2734878063201904,-0.0051271915435791016
31,29,23,50.0,5.015505313873291,5.005667209625244,-0.009838104248046875
31,29,24,281.0,2.3039751052856445,2.3052566051483154,0.0012814998626708984
31,29,25,247.0,1.9686022996902466,1.970465898513794,0.0018635988235473633
31,29,26,173.0,3.4113833904266357,3.4087140560150146,-0.0026693344116210938
31,29,27,166.0,3.050419330596924,3.0532126426696777,0.0027933120727539062
31,29,28,98.0,2.611907482147217,2.6163249015808105,0.00441741943359375
31,29,29,174.0,3.051379919052124,3.0462801456451416,-0.005099773406982422
31,29,30,173.0,2.750077724456787,2.753889560699463,0.0038118362426757812
31,29,31,215.0,3.4014222621917725,3.3993325233459473,-0.0020897388458251953
31,29,32,186.0,2.6455953121185303,2.6495137214660645,0.00391840934753418
31,29,33,153.0,2.4407522678375244,2.4324851036071777,-0.00826716423034668
31,29,34,147.0,2.7246551513671875,2.7289955615997314,0.004340410232543945
31,29,35,50.0,4.024989604949951,4.015862941741943,-0.009126663208007812
31,29,36,86.0,2.0081088542938232,2.0102694034576416,0.0021605491638183594
31,29,37,154.0,3.517357349395752,3.523158550262451,0.005801200866699219
31,29,38,265.0,2.388361930847168,2.3905584812164307,0.0021965503692626953
31,29,39,199.0,3.1552681922912598,3.159088373184204,0.003820180892944336
31,29,40,138.0,2.536069631576538,2.5348217487335205,-0.0012478828430175781
31,29,41,98.0,3.269590377807617,3.2739694118499756,0.0043790340423583984
31,29,42,167.0,2.519949436187744,2.5161995887756348,-0.003749847412109375
31,29,43,288.0,3.7899160385131836,3.792189359664917,0.0022733211517333984
31,29,44,225.0,2.509033441543579,2.509539842605591,0.0005064010620117188
31,29,45,191.0,3.1287972927093506,3.1290993690490723,0.0003020763397216797
31,29,46,92.0,4.466386795043945,4.4634928703308105,-0.0028939247131347656
31,29,47,41.0,4.971887588500977,4.969610691070557,-0.002276897430419922
31,29,48,231.0,2.9811513423919678,2.9823806285858154,0.0012292861938476562
31,29,49,101.0,2.116225004196167,2.1127188205718994,-0.003506183624267578
31,29,50,177.0,2.9830946922302246,2.9825005531311035,-0.0005941390991210938
31,29,51,252.0,3.516876697540283,3.5223751068115234,0.005498409271240234
31,29,52,259.0,2.737027645111084,2.7392029762268066,0.0021753311157226562
31,29,53,47.0,1.9067243337631226,1.9087071418762207,0.0019828081130981445
31,29,54,164.0,2.2345211505889893,2.2325809001922607,-0.0019402503967285156
31,29,55,94.0,3.3757195472717285,3.372627019882202,-0.003092527389526367
31,29,56,103.0,3.3878378868103027,3.390120506286621,0.0022826194763183594
31,29,57,78.0,3.3106584548950195,3.309612274169922,-0.0010461807250976562
31,29,58,239.0,3.107602596282959,3.1090304851531982,0.0014278888702392578
31,29,59,271.0,4.418605804443359,4.416899681091309,-0.0017061233520507812
31,29,60,162.0,2.9131579399108887,2.9084410667419434,-0.0047168731689453125
31,29,61,179.0,3.214285135269165,3.2140560150146484,-0.00022912025451660156
31,29,62,218.0,2.5891129970550537,2.584477663040161,-0.004635334014892578
31,29,63,81.0,3.4107165336608887,3.409013509750366,-0.001703023910522461
31,29,64,93.0,3.5013821125030518,3.4997565746307373,-0.0016255378723144531
31,29,65,72.0,3.358228921890259,3.359591007232666,0.0013620853424072266
31,29,66,230.0,3.3264732360839844,3.326057195663452,-0.00041604042053222656
31,29,67,99.0,2.410640239715576,2.4152588844299316,0.004618644714355469
31,29,68,213.0,2.6581079959869385,2.658449172973633,0.00034117698669433594
31,29,69,119.0,2.5800669193267822,2.5828042030334473,0.002737283706665039
31,29,70,161.0,2.929652214050293,2.9311933517456055,0.0015411376953125
31,29,71,90.0,3.9417757987976074,3.9427504539489746,0.0009746551513671875
31,29,72,181.0,2.8265914916992188,2.8298447132110596,0.0032532215118408203
31,29,73,95.0,3.8289499282836914,3.833573818206787,0.004623889923095703
31,29,74,245.0,2.2537572383880615,2.253769636154175,1.239776611328125e-05
31,29,75,93.0,1.7269396781921387,1.7259879112243652,-0.0009517669677734375
31,29,76,225.0,2.4448561668395996,2.4430391788482666,-0.0018169879913330078
31,29,77,61.0,3.08821439743042,3.098452568054199,0.010238170623779297
31,29,78,257.0,3.5650999546051025,3.563636541366577,-0.0014634132385253906
31,29,79,165.0,2.7435922622680664,2.744940757751465,0.0013484954833984375
31,29,80,117.0,4.079967498779297,4.086090087890625,0.006122589111328125
31,29,81,89.0,3.1170668601989746,3.1159286499023438,-0.0011382102966308594
31,29,82,291.0,3.542208671569824,3.544682025909424,0.0024733543395996094
31,29,83,93.0,3.1824769973754883,3.1841259002685547,0.0016489028930664062
31,29,84,228.0,1.8533809185028076,1.85171639919281,-0.0016645193099975586
31,29,85,131.0,2.4851677417755127,2.4845855236053467,-0.0005822181701660156
31,29,86,191.0,3.915872573852539,3.9137442111968994,-0.0021283626556396484
31,29,87,238.0,4.8885579109191895,4.888148784637451,-0.00040912628173828125
31,29,88,210.0,2.9943952560424805,2.9936485290527344,-0.0007467269897460938
31,29,89,107.0,4.1228203773498535,4.124521255493164,0.0017008781433105469
31,29,90,217.0,2.7718281745910645,2.774623394012451,0.0027952194213867188
31,29,91,199.0,3.112976312637329,3.1134033203125,0.00042700767517089844
31,29,92,84.0,2.381793260574341,2.381946325302124,0.00015306472778320312
31,29,93,271.0,3.5375630855560303,3.535684585571289,-0.001878499984741211
31,29,94,226.0,3.105239152908325,3.0998923778533936,-0.005346775054931641
31,29,95,258.0,3.5427961349487305,3.5451531410217285,0.002357006072998047
31,29,96,86.0,3.23514723777771,3.2365736961364746,0.0014264583587646484
31,29,97,142.0,4.2480573654174805,4.250341415405273,0.0022840499877929688
31,29,98,42.0,1.9809751510620117,1.9749269485473633,-0.0060482025146484375
31,29,99,224.0,2.4784393310546875,2.4777872562408447,-0.0006520748138427734
31,29,100,197.0,1.853989601135254,1.849836826324463,-0.004152774810791016
31,29,101,85.0,2.4941816329956055,2.4887287616729736,-0.005452871322631836
31,29,102,195.0,3.122326612472534,3.1227006912231445,0.00037407875061035156
31,29,103,102.0,3.1147775650024414,3.119762897491455,0.004985332489013672
31,29,104,181.0,3.189467191696167,3.188934564590454,-0.0005326271057128906
31,29,105,72.0,1.8649518489837646,1.8592733144760132,-0.005678534507751465
31,29,106,130.0,4.294760227203369,4.291902542114258,-0.002857685089111328
31,29,107,62.0,2.4163553714752197,2.412247896194458,-0.004107475280761719
31,29,108,263.0,3.546691656112671,3.5428223609924316,-0.003869295120239258
31,29,109,194.0,2.697882890701294,2.6982762813568115,0.0003933906555175781
31,29,110,174.0,2.602036237716675,2.6015782356262207,-0.00045800209045410156
31,29,111,235.0,3.703277826309204,3.702367067337036,-0.0009107589721679688
31,29,112,143.0,3.633587121963501,3.6328048706054688,-0.0007822513580322266
31,29,113,117.0,4.060715675354004,4.06903600692749,0.008320331573486328
31,29,114,160.0,3.7659225463867188,3.767857789993286,0.0019352436065673828
31,29,115,115.0,3.034438133239746,3.034367799758911,-7.033348083496094e-05
31,29,116,120.0,3.3571696281433105,3.358353614807129,0.0011839866638183594
31,29,117,186.0,3.4980924129486084,3.5003035068511963,0.0022110939025878906
31,29,118,138.0,3.0037918090820312,3.003957509994507,0.00016570091247558594
31,29,119,80.0,2.1522231101989746,2.1551942825317383,0.002971172332763672
31,29,120,164.0,2.666628122329712,2.6648268699645996,-0.0018012523651123047
31,29,121,215.0,3.3896234035491943,3.3857693672180176,-0.003854036331176758
31,29,122,81.0,3.035551071166992,3.039379358291626,0.003828287124633789
31,29,123,171.0,2.9384942054748535,2.9400126934051514,0.0015184879302978516
31,29,124,41.0,5.417657375335693,5.408100605010986,-0.009556770324707031
31,29,125,103.0,3.7517361640930176,3.751831293106079,9.512901306152344e-05
31,29,126,145.0,2.8366682529449463,2.8378031253814697,0.0011348724365234375
31,29,127,102.0,2.7819013595581055,2.77797269821167,-0.003928661346435547
31,30,0,196.0,3.129199504852295,3.1269893646240234,-0.0022101402282714844
31,30,1,127.0,2.998192548751831,2.996575355529785,-0.0016171932220458984
31,30,2,162.0,2.099813938140869,2.103360176086426,0.0035462379455566406
31,30,3,92.0,3.952493190765381,3.9572534561157227,0.004760265350341797
31,30,4,194.0,2.782571315765381,2.7827649116516113,0.00019359588623046875
31,30,5,115.0,2.7538414001464844,2.7564830780029297,0.0026416778564453125
31,30,6,109.0,4.127994060516357,4.121727466583252,-0.006266593933105469
31,30,7,48.0,3.018592119216919,3.0217626094818115,0.003170490264892578
31,30,8,69.0,3.3226022720336914,3.310873508453369,-0.011728763580322266
31,30,9,85.0,3.0205674171447754,3.0185492038726807,-0.0020182132720947266
31,30,10,238.0,2.6267495155334473,2.6273353099823,0.0005857944488525391
31,30,11,233.0,2.4413414001464844,2.443985939025879,0.0026445388793945312
31,30,12,208.0,2.959929943084717,2.9589695930480957,-0.0009603500366210938
31,30,13,196.0,2.753826141357422,2.746469020843506,-0.007357120513916016
31,30,14,131.0,2.9712021350860596,2.9681708812713623,-0.0030312538146972656
31,30,15,125.0,2.7515416145324707,2.7528955936431885,0.0013539791107177734
31,30,16,61.0,4.166540145874023,4.163479328155518,-0.0030608177185058594
31,30,17,164.0,1.9632303714752197,1.9635564088821411,0.0003260374069213867
31,30,18,107.0,3.135986328125,3.1363885402679443,0.00040221214294433594
31,30,19,48.0,3.4995276927948,3.503807783126831,0.00428009033203125
31,30,20,74.0,1.9705148935317993,1.9736226797103882,0.003107786178588867
31,30,21,103.0,2.235994577407837,2.241701602935791,0.0057070255279541016
31,30,22,114.0,3.2786149978637695,3.2773489952087402,-0.0012660026550292969
31,30,23,50.0,5.015505313873291,5.009710788726807,-0.005794525146484375
31,30,24,281.0,2.3039751052856445,2.301924705505371,-0.0020503997802734375
31,30,25,247.0,1.9686022996902466,1.971744418144226,0.003142118453979492
31,30,26,173.0,3.4113833904266357,3.4080121517181396,-0.0033712387084960938
31,30,27,166.0,3.050419330596924,3.0542163848876953,0.0037970542907714844
31,30,28,98.0,2.611907482147217,2.617081642150879,0.005174160003662109
31,30,29,174.0,3.051379919052124,3.049700975418091,-0.0016789436340332031
31,30,30,173.0,2.750077724456787,2.749706983566284,-0.0003707408905029297
31,30,31,215.0,3.4014222621917725,3.4011480808258057,-0.0002741813659667969
31,30,32,186.0,2.6455953121185303,2.6444270610809326,-0.0011682510375976562
31,30,33,153.0,2.4407522678375244,2.435999870300293,-0.004752397537231445
31,30,34,147.0,2.7246551513671875,2.721442937850952,-0.0032122135162353516
31,30,35,50.0,4.024989604949951,4.012902736663818,-0.012086868286132812
31,30,36,86.0,2.0081088542938232,2.0082380771636963,0.00012922286987304688
31,30,37,154.0,3.517357349395752,3.5207901000976562,0.003432750701904297
31,30,38,265.0,2.388361930847168,2.3887524604797363,0.0003905296325683594
31,30,39,199.0,3.1552681922912598,3.158315420150757,0.0030472278594970703
31,30,40,138.0,2.536069631576538,2.5386240482330322,0.0025544166564941406
31,30,41,98.0,3.269590377807617,3.273420572280884,0.0038301944732666016
31,30,42,167.0,2.519949436187744,2.519700527191162,-0.00024890899658203125
31,30,43,288.0,3.7899160385131836,3.7926788330078125,0.0027627944946289062
31,30,44,225.0,2.509033441543579,2.5092716217041016,0.00023818016052246094
31,30,45,191.0,3.1287972927093506,3.132638931274414,0.0038416385650634766
31,30,46,92.0,4.466386795043945,4.4671173095703125,0.0007305145263671875
31,30,47,41.0,4.971887588500977,4.979496479034424,0.007608890533447266
31,30,48,231.0,2.9811513423919678,2.9829914569854736,0.0018401145935058594
31,30,49,101.0,2.116225004196167,2.119260787963867,0.0030357837677001953
31,30,50,177.0,2.9830946922302246,2.980699062347412,-0.0023956298828125
31,30,51,252.0,3.516876697540283,3.518367052078247,0.0014903545379638672
31,30,52,259.0,2.737027645111084,2.735888719558716,-0.001138925552368164
31,30,53,47.0,1.9067243337631226,1.9046672582626343,-0.0020570755004882812
31,30,54,164.0,2.2345211505889893,2.2326223850250244,-0.0018987655639648438
31,30,55,94.0,3.3757195472717285,3.371554374694824,-0.004165172576904297
31,30,56,103.0,3.3878378868103027,3.3907833099365234,0.002945423126220703
31,30,57,78.0,3.3106584548950195,3.3058393001556396,-0.004819154739379883
31,30,58,239.0,3.107602596282959,3.1044130325317383,-0.003189563751220703
31,30,59,271.0,4.418605804443359,4.419155120849609,0.00054931640625
31,30,60,162.0,2.9131579399108887,2.9072012901306152,-0.0059566497802734375
31,30,61,179.0,3.214285135269165,3.21124529838562,-0.003039836883544922
31,30,62,218.0,2.5891129970550537,2.5871870517730713,-0.0019259452819824219
31,30,63,81.0,3.4107165336608887,3.410943031311035,0.00022649765014648438
31,30,64,93.0,3.5013821125030518,3.4985406398773193,-0.002841472625732422
31,30,65,72.0,3.358228921890259,3.368342161178589,0.010113239288330078
31,30,66,230.0,3.3264732360839844,3.323376417160034,-0.0030968189239501953
31,30,67,99.0,2.410640239715576,2.427015542984009,0.016375303268432617
31,30,68,213.0,2.6581079959869385,2.6583235263824463,0.0002155303955078125
31,30,69,119.0,2.5800669193267822,2.583523750305176,0.0034568309783935547
31,30,70,161.0,2.929652214050293,2.9343299865722656,0.004677772521972656
31,30,71,90.0,3.9417757987976074,3.9439923763275146,0.0022165775299072266
31,30,72,181.0,2.8265914916992188,2.8278987407684326,0.0013072490692138672
31,30,73,95.0,3.8289499282836914,3.8285155296325684,-0.0004343986511230469
31,30,74,245.0,2.2537572383880615,2.2510712146759033,-0.002686023712158203
31,30,75,93.0,1.7269396781921387,1.7272331714630127,0.00029349327087402344
31,30,76,225.0,2.4448561668395996,2.4452707767486572,0.0004146099090576172
31,30,77,61.0,3.08821439743042,3.0994226932525635,0.011208295822143555
31,30,78,257.0,3.5650999546051025,3.567747116088867,0.0026471614837646484
31,30,79,165.0,2.7435922622680664,2.7443292140960693,0.0007369518280029297
31,30,80,117.0,4.079967498779297,4.081089496612549,0.0011219978332519531
31,30,81,89.0,3.1170668601989746,3.111898422241211,-0.005168437957763672
31,30,82,291.0,3.542208671569824,3.5476250648498535,0.005416393280029297
31,30,83,93.0,3.1824769973754883,3.1884138584136963,0.005936861038208008
31,30,84,228.0,1.8533809185028076,1.8545355796813965,0.0011546611785888672
31,30,85,131.0,2.4851677417755127,2.4834671020507812,-0.0017006397247314453
31,30,86,191.0,3.915872573852539,3.9113471508026123,-0.004525423049926758
31,30,87,238.0,4.8885579109191895,4.888010025024414,-0.0005478858947753906
31,30,88,210.0,2.9943952560424805,2.9996519088745117,0.00525665283203125
31,30,89,107.0,4.1228203773498535,4.128220558166504,0.005400180816650391
31,30,90,217.0,2.7718281745910645,2.7739527225494385,0.0021245479583740234
31,30,91,199.0,3.112976312637329,3.1133787631988525,0.0004024505615234375
31,30,92,84.0,2.381793260574341,2.382274866104126,0.00048160552978515625
31,30,93,271.0,3.5375630855560303,3.5389983654022217,0.0014352798461914062
31,30,94,226.0,3.105239152908325,3.0999977588653564,-0.00524139404296875
31,30,95,258.0,3.5427961349487305,3.5425353050231934,-0.0002608299255371094
31,30,96,86.0,3.23514723777771,3.2337443828582764,-0.0014028549194335938
31,30,97,142.0,4.2480573654174805,4.250924110412598,0.0028667449951171875
31,30,98,42.0,1.9809751510620117,1.974374532699585,-0.006600618362426758
31,30,99,224.0,2.4784393310546875,2.4795870780944824,0.0011477470397949219
31,30,100,197.0,1.853989601135254,1.8548624515533447,0.0008728504180908203
31,30,101,85.0,2.4941816329956055,2.4877638816833496,-0.006417751312255859
31,30,102,195.0,3.122326612472534,3.1239025592803955,0.0015759468078613281
31,30,103,102.0,3.1147775650024414,3.121770143508911,0.0069925785064697266
31,30,104,181.0,3.189467191696167,3.1914966106414795,0.0020294189453125
31,30,105,72.0,1.8649518489837646,1.8638169765472412,-0.0011348724365234375
31,30,106,130.0,4.294760227203369,4.296505928039551,0.0017457008361816406
31,30,107,62.0,2.4163553714752197,2.4180655479431152,0.0017101764678955078
31,30,108,263.0,3.546691656112671,3.547739267349243,0.0010476112365722656
31,30,109,194.0,2.697882890701294,2.698578119277954,0.0006952285766601562
31,30,110,174.0,2.602036237716675,2.5966999530792236,-0.005336284637451172
31,30,111,235.0,3.703277826309204,3.7066092491149902,0.003331422805786133
31,30,112,143.0,3.633587121963501,3.6381332874298096,0.004546165466308594
31,30,113,117.0,4.060715675354004,4.0630598068237305,0.0023441314697265625
31,30,114,160.0,3.7659225463867188,3.7665092945098877,0.0005867481231689453
31,30,115,115.0,3.034438133239746,3.030707836151123,-0.003730297088623047
31,30,116,120.0,3.3571696281433105,3.358093738555908,0.0009241104125976562
31,30,117,186.0,3.4980924129486084,3.499617338180542,0.0015249252319335938
31,30,118,138.0,3.0037918090820312,3.0062224864959717,0.0024306774139404297
31,30,119,80.0,2.1522231101989746,2.162707805633545,0.010484695434570312
31,30,120,164.0,2.666628122329712,2.666067361831665,-0.000560760498046875
31,30,121,215.0,3.3896234035491943,3.3873565196990967,-0.0022668838500976562
31,30,122,81.0,3.035551071166992,3.0358471870422363,0.0002961158752441406
31,30,123,171.0,2.9384942054748535,2.941253423690796,0.002759218215942383
31,30,124,41.0,5.417657375335693,5.421191692352295,0.0035343170166015625
31,30,125,103.0,3.7517361640930176,3.755476236343384,0.003740072250366211
31,30,126,145.0,2.8366682529449463,2.8335537910461426,-0.003114461898803711
31,30,127,102.0,2.7819013595581055,2.7840964794158936,0.002195119857788086
31,31,0,196.0,3.129199504852295,3.12239146232605,-0.006808042526245117
31,31,1,127.0,2.998192548751831,2.9990949630737305,0.0009024143218994141
31,31,2,162.0,2.099813938140869,2.1030778884887695,0.0032639503479003906
31,31,3,92.0,3.952493190765381,3.9478600025177,-0.004633188247680664
31,31,4,194.0,2.782571315765381,2.7817060947418213,-0.0008652210235595703
31,31,5,115.0,2.7538414001464844,2.755891799926758,0.0020503997802734375
31,31,6,109.0,4.127994060516357,4.123603343963623,-0.004390716552734375
31,31,7,48.0,3.018592119216919,3.01025128364563,-0.008340835571289062
31,31,8,69.0,3.3226022720336914,3.3134913444519043,-0.00911092758178711
31,31,9,85.0,3.0205674171447754,3.025693655014038,0.005126237869262695
31,31,10,238.0,2.6267495155334473,2.6297738552093506,0.0030243396759033203
31,31,11,233.0,2.4413414001464844,2.4418184757232666,0.00047707557678222656
31,31,12,208.0,2.959929943084717,2.9616174697875977,0.0016875267028808594
31,31,13,196.0,2.753826141357422,2.753258466720581,-0.0005676746368408203
31,31,14,131.0,2.9712021350860596,2.9688234329223633,-0.002378702163696289
31,31,15,125.0,2.7515416145324707,2.752082586288452,0.0005409717559814453
31,31,16,61.0,4.166540145874023,4.168758869171143,0.0022187232971191406
31,31,17,164.0,1.9632303714752197,1.9640685319900513,0.000838160514831543
31,31,18,107.0,3.135986328125,3.133934259414673,-0.0020520687103271484
31,31,19,48.0,3.4995276927948,3.5092334747314453,0.009705781936645508
31,31,20,74.0,1.9705148935317993,1.9730288982391357,0.0025140047073364258
31,31,21,103.0,2.235994577407837,2.236755847930908,0.0007612705230712891
31,31,22,114.0,3.2786149978637695,3.276150703430176,-0.00246429443359375
31,31,23,50.0,5.015505313873291,5.00698184967041,-0.00852346420288086
31,31,24,281.0,2.3039751052856445,2.3105239868164062,0.006548881530761719
31,31,25,247.0,1.9686022996902466,1.9706639051437378,0.002061605453491211
31,31,26,173.0,3.4113833904266357,3.4077367782592773,-0.0036466121673583984
31,31,27,166.0,3.050419330596924,3.0501132011413574,-0.00030612945556640625
31,31,28,98.0,2.611907482147217,2.60604190826416,-0.005865573883056641
31,31,29,174.0,3.051379919052124,3.053779363632202,0.002399444580078125
31,31,30,173.0,2.750077724456787,2.747267246246338,-0.0028104782104492188
31,31,31,215.0,3.4014222621917725,3.400056838989258,-0.0013654232025146484
31,31,32,186.0,2.6455953121185303,2.6434953212738037,-0.0020999908447265625
31,31,33,153.0,2.4407522678375244,2.4327521324157715,-0.00800013542175293
31,31,34,147.0,2.7246551513671875,2.7269182205200195,0.0022630691528320312
31,31,35,50.0,4.024989604949951,4.025589466094971,0.0005998611450195312
31,31,36,86.0,2.0081088542938232,2.0140535831451416,0.005944728851318359
31,31,37,154.0,3.517357349395752,3.51857328414917,0.0012159347534179688
31,31,38,265.0,2.388361930847168,2.388981342315674,0.0006194114685058594
31,31,39,199.0,3.1552681922912598,3.1544196605682373,-0.0008485317230224609
31,31,40,138.0,2.536069631576538,2.534421443939209,-0.0016481876373291016
31,31,41,98.0,3.269590377807617,3.275861978530884,0.0062716007232666016
31,31,42,167.0,2.519949436187744,2.514613628387451,-0.005335807800292969
31,31,43,288.0,3.7899160385131836,3.7900402545928955,0.00012421607971191406
31,31,44,225.0,2.509033441543579,2.512223482131958,0.0031900405883789062
31,31,45,191.0,3.1287972927093506,3.1297450065612793,0.0009477138519287109
31,31,46,92.0,4.466386795043945,4.4610915184021,-0.005295276641845703
31,31,47,41.0,4.971887588500977,4.975543975830078,0.0036563873291015625
31,31,48,231.0,2.9811513423919678,2.9835574626922607,0.0024061203002929688
31,31,49,101.0,2.116225004196167,2.1117663383483887,-0.00445866584777832
31,31,50,177.0,2.9830946922302246,2.9822869300842285,-0.0008077621459960938
31,31,51,252.0,3.516876697540283,3.519707202911377,0.00283050537109375
31,31,52,259.0,2.737027645111084,2.7373554706573486,0.00032782554626464844
31,31,53,47.0,1.9067243337631226,1.905985951423645,-0.0007383823394775391
31,31,54,164.0,2.2345211505889893,2.2305116653442383,-0.0040094852447509766
31,31,55,94.0,3.3757195472717285,3.371389865875244,-0.004329681396484375
31,31,56,103.0,3.3878378868103027,3.390392303466797,0.0025544166564941406
31,31,57,78.0,3.3106584548950195,3.309392213821411,-0.0012662410736083984
31,31,58,239.0,3.107602596282959,3.1069576740264893,-0.0006449222564697266
31,31,59,271.0,4.418605804443359,4.423498630523682,0.004892826080322266
31,31,60,162.0,2.9131579399108887,2.908109426498413,-0.005048513412475586
31,31,61,179.0,3.214285135269165,3.2100086212158203,-0.0042765140533447266
31,31,62,218.0,2.5891129970550537,2.5856759548187256,-0.003437042236328125
31,31,63,81.0,3.4107165336608887,3.4095263481140137,-0.001190185546875
31,31,64,93.0,3.5013821125030518,3.4968836307525635,-0.004498481750488281
31,31,65,72.0,3.358228921890259,3.360377311706543,0.0021483898162841797
31,31,66,230.0,3.3264732360839844,3.3272204399108887,0.0007472038269042969
31,31,67,99.0,2.410640239715576,2.4137048721313477,0.0030646324157714844
31,31,68,213.0,2.6581079959869385,2.6595242023468018,0.0014162063598632812
31,31,69,119.0,2.5800669193267822,2.5814414024353027,0.0013744831085205078
31,31,70,161.0,2.929652214050293,2.9336395263671875,0.003987312316894531
31,31,71,90.0,3.9417757987976074,3.9444007873535156,0.002624988555908203
31,31,72,181.0,2.8265914916992188,2.8295204639434814,0.0029289722442626953
31,31,73,95.0,3.8289499282836914,3.8362133502960205,0.0072634220123291016
31,31,74,245.0,2.2537572383880615,2.2548060417175293,0.0010488033294677734
31,31,75,93.0,1.7269396781921387,1.7302297353744507,0.0032900571823120117
31,31,76,225.0,2.4448561668395996,2.443819761276245,-0.0010364055633544922
31,31,77,61.0,3.08821439743042,3.104766368865967,0.016551971435546875
31,31,78,257.0,3.5650999546051025,3.564833164215088,-0.00026679039001464844
31,31,79,165.0,2.7435922622680664,2.7421066761016846,-0.001485586166381836
31,31,80,117.0,4.079967498779297,4.08092737197876,0.0009598731994628906
31,31,81,89.0,3.1170668601989746,3.1170599460601807,-6.9141387939453125e-06
31,31,82,291.0,3.542208671569824,3.543715476989746,0.001506805419921875
31,31,83,93.0,3.1824769973754883,3.181894540786743,-0.0005824565887451172
31,31,84,228.0,1.8533809185028076,1.8540862798690796,0.0007053613662719727
31,31,85,131.0,2.4851677417755127,2.4902803897857666,0.005112648010253906
31,31,86,191.0,3.915872573852539,3.911052942276001,-0.004819631576538086
31,31,87,238.0,4.8885579109191895,4.886626243591309,-0.0019316673278808594
31,31,88,210.0,2.9943952560424805,2.996835470199585,0.002440214157104492
31,31,89,107.0,4.1228203773498535,4.121015548706055,-0.0018048286437988281
31,31,90,217.0,2.7718281745910645,2.7721877098083496,0.00035953521728515625
31,31,91,199.0,3.112976312637329,3.1151719093322754,0.002195596694946289
31,31,92,84.0,2.381793260574341,2.3826069831848145,0.0008137226104736328
31,31,93,271.0,3.5375630855560303,3.53581166267395,-0.0017514228820800781
31,31,94,226.0,3.105239152908325,3.1016597747802734,-0.003579378128051758
31,31,95,258.0,3.5427961349487305,3.5457139015197754,0.002917766571044922
31,31,96,86.0,3.23514723777771,3.2344462871551514,-0.0007009506225585938
31,31,97,142.0,4.2480573654174805,4.24423360824585,-0.0038237571716308594
31,31,98,42.0,1.9809751510620117,1.9790918827056885,-0.0018832683563232422
31,31,99,224.0,2.4784393310546875,2.4784393310546875,0.0
31,31,100,197.0,1.853989601135254,1.850693702697754,-0.0032958984375
31,31,101,85.0,2.4941816329956055,2.4906671047210693,-0.003514528274536133
31,31,102,195.0,3.122326612472534,3.122063159942627,-0.00026345252990722656
31,31,103,102.0,3.1147775650024414,3.110170364379883,-0.004607200622558594
31,31,104,181.0,3.189467191696167,3.1900627613067627,0.0005955696105957031
31,31,105,72.0,1.8649518489837646,1.861082911491394,-0.0038689374923706055
31,31,106,130.0,4.294760227203369,4.293935775756836,-0.0008244514465332031
31,31,107,62.0,2.4163553714752197,2.4163520336151123,-3.337860107421875e-06
31,31,108,263.0,3.546691656112671,3.545081377029419,-0.0016102790832519531
31,31,109,194.0,2.697882890701294,2.701148509979248,0.0032656192779541016
31,31,110,174.0,2.602036237716675,2.5989174842834473,-0.003118753433227539
31,31,111,235.0,3.703277826309204,3.706605911254883,0.003328084945678711
31,31,112,143.0,3.633587121963501,3.634950876235962,0.0013637542724609375
31,31,113,117.0,4.060715675354004,4.063336372375488,0.002620697021484375
31,31,114,160.0,3.7659225463867188,3.7618865966796875,-0.00403594970703125
31,31,115,115.0,3.034438133239746,3.037332057952881,0.0028939247131347656
31,31,116,120.0,3.3571696281433105,3.360588788986206,0.003419160842895508
31,31,117,186.0,3.4980924129486084,3.5034193992614746,0.005326986312866211
31,31,118,138.0,3.0037918090820312,3.011300802230835,0.007508993148803711
31,31,119,80.0,2.1522231101989746,2.15625,0.004026889801025391
31,31,120,164.0,2.666628122329712,2.6679892539978027,0.0013611316680908203
31,31,121,215.0,3.3896234035491943,3.3926491737365723,0.0030257701873779297
31,31,122,81.0,3.035551071166992,3.041553258895874,0.006002187728881836
31,31,123,171.0,2.9384942054748535,2.9401042461395264,0.0016100406646728516
31,31,124,41.0,5.417657375335693,5.4233479499816895,0.005690574645996094
31,31,125,103.0,3.7517361640930176,3.752920150756836,0.0011839866638183594
31,31,126,145.0,2.8366682529449463,2.8336234092712402,-0.0030448436737060547
31,31,127,102.0,2.7819013595581055,2.7754409313201904,-0.006460428237915039
